time_s	best_cost
0.000000000000000000e+00	2.793903137294651970e+04
1.000000000000000021e-02	2.487679064069192827e+04
2.000000000000000042e-02	2.274616148911982964e+04
2.999999999999999889e-02	1.954828513273854333e+04
4.000000000000000083e-02	1.647153326846010896e+04
5.000000000000000278e-02	1.504157523749044049e+04
6.000000000000000472e-02	1.365902797562498017e+04
7.000000000000000666e-02	1.233053838900590563e+04
8.000000000000000167e-02	1.113038571537754251e+04
8.999999999999999667e-02	9.866227456219947271e+03
9.999999999999999167e-02	8.858127915283650509e+03
1.099999999999999867e-01	8.102863550700437372e+03
1.199999999999999817e-01	7.328356089323156084e+03
1.299999999999999767e-01	6.568710250844296752e+03
1.399999999999999856e-01	6.042996238348036968e+03
1.499999999999999944e-01	5.592468445396085372e+03
1.600000000000000033e-01	5.230772086682125519e+03
1.700000000000000122e-01	4.914208182902457338e+03
1.800000000000000211e-01	4.614434832385502887e+03
1.900000000000000300e-01	4.257128706680261530e+03
2.000000000000000389e-01	4.052493244904060248e+03
2.100000000000000477e-01	3.921548371458411111e+03
2.200000000000000566e-01	3.812338677519166140e+03
2.300000000000000655e-01	3.677444094735450562e+03
2.400000000000000744e-01	3.616128452047679275e+03
2.500000000000000555e-01	3.536582091314746322e+03
2.600000000000000644e-01	3.527629530827679901e+03
2.700000000000000733e-01	3.377995587405754122e+03
2.800000000000000822e-01	3.413675257645663805e+03
2.900000000000000910e-01	3.339986450168874399e+03
3.000000000000000999e-01	3.395083530696795606e+03
3.100000000000001088e-01	3.349960146684688880e+03
3.200000000000001177e-01	3.343327244325630545e+03
3.300000000000001266e-01	3.241269874038503531e+03
3.400000000000001354e-01	3.244611948212397238e+03
3.500000000000001443e-01	3.265977371324658634e+03
3.600000000000001532e-01	2.975763920068327025e+03
3.700000000000001621e-01	3.150956521322751996e+03
3.800000000000001710e-01	3.159700424228159136e+03
3.900000000000001799e-01	3.096913008081246517e+03
4.000000000000001887e-01	2.799689117794523554e+03
4.100000000000001976e-01	2.775333744455428132e+03
4.200000000000002065e-01	2.801439234155279337e+03
4.300000000000002154e-01	2.789238558326173006e+03
4.400000000000002243e-01	2.643426682148729469e+03
4.500000000000002331e-01	2.535793365573751544e+03
4.600000000000002420e-01	2.238060980790618942e+03
4.700000000000002509e-01	2.300722857177352125e+03
4.800000000000002598e-01	2.357660417194831098e+03
4.900000000000002687e-01	2.155267834308234342e+03
5.000000000000002220e-01	1.994781098970539006e+03
5.100000000000002309e-01	1.950352782449075221e+03
5.200000000000002398e-01	2.047523328403057121e+03
5.300000000000002487e-01	2.144823000662003324e+03
5.400000000000002576e-01	2.173307923523465433e+03
5.500000000000002665e-01	2.377076747561322918e+03
5.600000000000002753e-01	2.496001377449725169e+03
5.700000000000002842e-01	2.423519697282501511e+03
5.800000000000002931e-01	2.675904663724815236e+03
5.900000000000003020e-01	2.828704769290438435e+03
6.000000000000003109e-01	2.687565748806418014e+03
6.100000000000003197e-01	2.674754693883302934e+03
6.200000000000003286e-01	2.737940000334345314e+03
6.300000000000003375e-01	2.745898464595825317e+03
6.400000000000003464e-01	2.665851118759604560e+03
6.500000000000003553e-01	2.452489183900489934e+03
6.600000000000003642e-01	2.531814187877958375e+03
6.700000000000003730e-01	2.339962328875470121e+03
6.800000000000003819e-01	2.348121623824585186e+03
6.900000000000003908e-01	2.347914835174755353e+03
7.000000000000003997e-01	2.365153891261539229e+03
7.100000000000004086e-01	2.443605485708015294e+03
7.200000000000004174e-01	2.318499200431409918e+03
7.300000000000004263e-01	2.219702897233578369e+03
7.400000000000004352e-01	2.361659433160555182e+03
7.500000000000004441e-01	3.761745525546011777e+04
7.600000000000004530e-01	3.206352878455885730e+04
7.700000000000004619e-01	2.679986497306161618e+04
7.800000000000004707e-01	2.343601714734654161e+04
7.900000000000004796e-01	2.143881089333485943e+04
8.000000000000004885e-01	1.902906608104208863e+04
8.100000000000004974e-01	1.705181617670647029e+04
8.200000000000005063e-01	1.575539580440248756e+04
8.300000000000005151e-01	1.421604733919672071e+04
8.400000000000005240e-01	1.281211176711127519e+04
8.500000000000005329e-01	1.147071694849454070e+04
8.600000000000005418e-01	1.061170280353699127e+04
8.700000000000005507e-01	9.593403410237795470e+03
8.800000000000005596e-01	8.907153299395189606e+03
8.900000000000005684e-01	8.097270140722352153e+03
9.000000000000005773e-01	7.544437026116444940e+03
9.100000000000005862e-01	7.197443482932097140e+03
9.200000000000005951e-01	6.630092108940934850e+03
9.300000000000006040e-01	6.096467655259742060e+03
9.400000000000006128e-01	5.745463650272940868e+03
9.500000000000006217e-01	5.817121737156159725e+03
9.600000000000006306e-01	5.728110854870044932e+03
9.700000000000006395e-01	5.776569144824661635e+03
9.800000000000006484e-01	5.318352382486287752e+03
9.900000000000006573e-01	5.184232351657218715e+03
1.000000000000000666e+00	5.425322854412326706e+03
1.010000000000000675e+00	5.595830324201127951e+03
1.020000000000000684e+00	5.271221937861025253e+03
1.030000000000000693e+00	5.077269929910053179e+03
1.040000000000000702e+00	4.901157330796311726e+03
1.050000000000000711e+00	4.967682795787440227e+03
1.060000000000000719e+00	4.966889095875192652e+03
1.070000000000000728e+00	5.026558100578238736e+03
1.080000000000000737e+00	4.940240305989881563e+03
1.090000000000000746e+00	5.257018848066588362e+03
1.100000000000000755e+00	5.801438395498967111e+03
1.110000000000000764e+00	5.939102623804636096e+03
1.120000000000000773e+00	6.197771499052143554e+03
1.130000000000000782e+00	5.570833979181599716e+03
1.140000000000000790e+00	5.545049469268702524e+03
1.150000000000000799e+00	5.810943303344825836e+03
1.160000000000000808e+00	5.659091176599729806e+03
1.170000000000000817e+00	5.557780636075916846e+03
1.180000000000000826e+00	5.680415468186258295e+03
1.190000000000000835e+00	5.876694913850152261e+03
1.200000000000000844e+00	5.382578981174913679e+03
1.210000000000000853e+00	5.327545895856434981e+03
1.220000000000000862e+00	4.535035615512528238e+03
1.230000000000000870e+00	4.209732605192650226e+03
1.240000000000000879e+00	4.020435733121451449e+03
1.250000000000000888e+00	3.871468598029690838e+03
1.260000000000000897e+00	3.950695717656525176e+03
1.270000000000000906e+00	3.987917324945849941e+03
1.280000000000000915e+00	4.280928583678744872e+03
1.290000000000000924e+00	3.825235673492408296e+03
1.300000000000000933e+00	3.801784152236898990e+03
1.310000000000000941e+00	3.748578510878362067e+03
1.320000000000000950e+00	3.730261392678935863e+03
1.330000000000000959e+00	3.828785475146826684e+03
1.340000000000000968e+00	3.788689758389628423e+03
1.350000000000000977e+00	3.767541658339394417e+03
1.360000000000000986e+00	4.205324389818526470e+03
1.370000000000000995e+00	4.250202744002751388e+03
1.380000000000001004e+00	4.329107588643656527e+03
1.390000000000001013e+00	4.042369973233152450e+03
1.400000000000001021e+00	4.254204677781860482e+03
1.410000000000001030e+00	3.951648699912241682e+03
1.420000000000001039e+00	4.020024844341258358e+03
1.430000000000001048e+00	4.260826127618372993e+03
1.440000000000001057e+00	4.108624981190057952e+03
1.450000000000001066e+00	4.183242761803665417e+03
1.460000000000001075e+00	4.622800747310094266e+03
1.470000000000001084e+00	4.024208669520224248e+03
1.480000000000001092e+00	3.932949681640332074e+03
1.490000000000001101e+00	4.121231185173708582e+03
1.500000000000001110e+00	3.911797666715781816e+03
1.510000000000001119e+00	3.847415228018977359e+03
1.520000000000001128e+00	3.783624483195929315e+03
1.530000000000001137e+00	3.742332263497941767e+03
1.540000000000001146e+00	3.754092963831062207e+03
1.550000000000001155e+00	3.758786712411376357e+03
1.560000000000001164e+00	3.669219951440545174e+03
1.570000000000001172e+00	3.278250412617036545e+03
1.580000000000001181e+00	3.206852041175145132e+03
1.590000000000001190e+00	3.194583829118743779e+03
1.600000000000001199e+00	3.428659937828139846e+03
1.610000000000001208e+00	3.532902473414789256e+03
1.620000000000001217e+00	3.573632943208874622e+03
1.630000000000001226e+00	3.927384213487772740e+03
1.640000000000001235e+00	4.073781084466921584e+03
1.650000000000001243e+00	4.062312699799432266e+03
1.660000000000001252e+00	3.891860073682894836e+03
1.670000000000001261e+00	4.064761022090531696e+03
1.680000000000001270e+00	3.810999421107596390e+03
1.690000000000001279e+00	3.980445087674392198e+03
1.700000000000001288e+00	4.285312333279414815e+03
1.710000000000001297e+00	4.549213185127032375e+03
1.720000000000001306e+00	4.569185610028260271e+03
1.730000000000001315e+00	4.485718285689077675e+03
1.740000000000001323e+00	6.306041963520119680e+03
1.750000000000001332e+00	6.424003317644287563e+03
1.760000000000001341e+00	6.122966405278279126e+03
1.770000000000001350e+00	5.941637362263216346e+03
1.780000000000001359e+00	5.350327531057788292e+03
1.790000000000001368e+00	4.923340800413907346e+03
1.800000000000001377e+00	4.793572488154793064e+03
1.810000000000001386e+00	4.673922356253071484e+03
1.820000000000001394e+00	4.453637936379211169e+03
1.830000000000001403e+00	4.286928781154486387e+03
1.840000000000001412e+00	4.312133547826915674e+03
1.850000000000001421e+00	4.262266409366499829e+03
1.860000000000001430e+00	4.156544868814739857e+03
1.870000000000001439e+00	4.137682923324218791e+03
1.880000000000001448e+00	4.016144801312829259e+03
1.890000000000001457e+00	4.002095697777122041e+03
1.900000000000001465e+00	3.944718853739891074e+03
1.910000000000001474e+00	3.882216436379948391e+03
1.920000000000001483e+00	5.073666829790561678e+03
1.930000000000001492e+00	4.962609372123280082e+03
1.940000000000001501e+00	5.071444243305341843e+03
1.950000000000001510e+00	4.683249252489255014e+03
1.960000000000001519e+00	4.543162553549392214e+03
1.970000000000001528e+00	4.415842274926493701e+03
1.980000000000001537e+00	4.357584992627808788e+03
1.990000000000001545e+00	4.138007265630745678e+03
2.000000000000001332e+00	3.963629823304690035e+03
2.010000000000001119e+00	3.872517952730476281e+03
2.020000000000000906e+00	3.928598583518021769e+03
2.030000000000000693e+00	4.174808989220819058e+03
2.040000000000000480e+00	4.400279349844290664e+03
2.050000000000000266e+00	4.301686075531542883e+03
2.060000000000000053e+00	4.417194357961652713e+03
2.069999999999999840e+00	4.560132983163988683e+03
2.079999999999999627e+00	4.893744788547000098e+03
2.089999999999999414e+00	4.510401679078660891e+03
2.099999999999999201e+00	4.590663852247836985e+03
2.109999999999998987e+00	5.002405624229939349e+03
2.119999999999998774e+00	4.833771992520258209e+03
2.129999999999998561e+00	4.498617553852502169e+03
2.139999999999998348e+00	4.533415645177907209e+03
2.149999999999998135e+00	4.520293395835661613e+03
2.159999999999997922e+00	4.757525984210260503e+03
2.169999999999997708e+00	4.981137044081067870e+03
2.179999999999997495e+00	5.131711164224219829e+03
2.189999999999997282e+00	5.404058299744722717e+03
2.199999999999997069e+00	5.306643641956642568e+03
2.209999999999996856e+00	5.148037487568015422e+03
2.219999999999996643e+00	5.131600966883461297e+03
2.229999999999996430e+00	5.245413782014041317e+03
2.239999999999996216e+00	5.341475534357623474e+03
2.249999999999996003e+00	5.695046165972321432e+03
2.259999999999995790e+00	4.982076537701826965e+03
2.269999999999995577e+00	5.254920840645707358e+03
2.279999999999995364e+00	5.691000499439564919e+03
2.289999999999995151e+00	5.987057632183124952e+03
2.299999999999994937e+00	5.238778087216312997e+03
2.309999999999994724e+00	5.018761994922251688e+03
2.319999999999994511e+00	4.764060437430802267e+03
2.329999999999994298e+00	4.869366904441272709e+03
2.339999999999994085e+00	4.651682260150081675e+03
2.349999999999993872e+00	4.821423043408475678e+03
2.359999999999993658e+00	4.697379977133055945e+03
2.369999999999993445e+00	4.755668169226774808e+03
2.379999999999993232e+00	4.681353424737949354e+03
2.389999999999993019e+00	4.695707503877656563e+03
2.399999999999992806e+00	4.171930383396570505e+03
2.409999999999992593e+00	3.955702548303362619e+03
2.419999999999992379e+00	4.091756045583041669e+03
2.429999999999992166e+00	3.967535985695348245e+03
2.439999999999991953e+00	4.140648406994775542e+03
2.449999999999991740e+00	4.062584476905042720e+03
2.459999999999991527e+00	4.294587503178032421e+03
2.469999999999991314e+00	4.781575598005239954e+03
2.479999999999991100e+00	4.644469457853390850e+03
2.489999999999990887e+00	4.705913381598067645e+03
2.499999999999990674e+00	4.707941769570888937e+03
2.509999999999990461e+00	4.466314406614105792e+03
2.519999999999990248e+00	4.249003326098450998e+03
2.529999999999990035e+00	4.606121322960197176e+03
2.539999999999989821e+00	5.030268704160393099e+03
2.549999999999989608e+00	4.637808560000510624e+03
2.559999999999989395e+00	4.625575194763037871e+03
2.569999999999989182e+00	5.171438600043322367e+03
2.579999999999988969e+00	5.421947666774606660e+03
2.589999999999988756e+00	5.019291903791619916e+03
2.599999999999988542e+00	4.680309643886545018e+03
2.609999999999988329e+00	4.692342757371762673e+03
2.619999999999988116e+00	4.147711315124409339e+03
2.629999999999987903e+00	4.004152947327997936e+03
2.639999999999987690e+00	4.162001702608839878e+03
2.649999999999987477e+00	4.087549807130517365e+03
2.659999999999987264e+00	4.216377665931089723e+03
2.669999999999987050e+00	4.245727663225996366e+03
2.679999999999986837e+00	4.313061607157502294e+03
2.689999999999986624e+00	4.645634342543161438e+03
2.699999999999986411e+00	4.823918624664062918e+03
2.709999999999986198e+00	5.158828695358423829e+03
2.719999999999985985e+00	5.395862897701157635e+03
2.729999999999985771e+00	5.319868265606033674e+03
2.739999999999985558e+00	5.712088079684712284e+03
2.749999999999985345e+00	5.764522144483847114e+03
2.759999999999985132e+00	5.161995119034681920e+03
2.769999999999984919e+00	1.869367028666080296e+04
2.779999999999984706e+00	1.459227611744078058e+04
2.789999999999984492e+00	1.266942992331229470e+04
2.799999999999984279e+00	1.157819821442064494e+04
2.809999999999984066e+00	1.036136843998875338e+04
2.819999999999983853e+00	9.481987605447584428e+03
2.829999999999983640e+00	7.639864596452163823e+03
2.839999999999983427e+00	8.820928012181408121e+03
2.849999999999983213e+00	8.093092869051601156e+03
2.859999999999983000e+00	7.251072347813360466e+03
2.869999999999982787e+00	6.771400786054038690e+03
2.879999999999982574e+00	6.394987336144151413e+03
2.889999999999982361e+00	6.105134633670094445e+03
2.899999999999982148e+00	5.941543681148391443e+03
2.909999999999981934e+00	6.161721194464934342e+03
2.919999999999981721e+00	6.756099378751809127e+03
2.929999999999981508e+00	6.665602729274853118e+03
2.939999999999981295e+00	6.660003845988144349e+03
2.949999999999981082e+00	6.367848081810519034e+03
2.959999999999980869e+00	5.779367428699109951e+03
2.969999999999980655e+00	5.869958249214533680e+03
2.979999999999980442e+00	5.942315559737454350e+03
2.989999999999980229e+00	6.448056472391780517e+03
2.999999999999980016e+00	6.480327875363000203e+03
3.009999999999979803e+00	7.302501261279167920e+03
3.019999999999979590e+00	7.860913712428206964e+03
3.029999999999979376e+00	7.274855731564767666e+03
3.039999999999979163e+00	7.586976046219837372e+03
3.049999999999978950e+00	7.254121569310713312e+03
3.059999999999978737e+00	7.785542185083297227e+03
3.069999999999978524e+00	7.311571360203546647e+03
3.079999999999978311e+00	6.749872945010403782e+03
3.089999999999978098e+00	6.406713933076996909e+03
3.099999999999977884e+00	5.948598025061466615e+03
3.109999999999977671e+00	5.363555638045721935e+03
3.119999999999977458e+00	5.075017138936917036e+03
3.129999999999977245e+00	4.835366781543564684e+03
3.139999999999977032e+00	4.425171508133791576e+03
3.149999999999976819e+00	4.166679705949728486e+03
3.159999999999976605e+00	4.233081241733476418e+03
3.169999999999976392e+00	4.124090523584089169e+03
3.179999999999976179e+00	3.823338993180061152e+03
3.189999999999975966e+00	3.349901324294713049e+03
3.199999999999975753e+00	3.419120486963191979e+03
3.209999999999975540e+00	3.597067721779396379e+03
3.219999999999975326e+00	3.529944467355707275e+03
3.229999999999975113e+00	3.701757102809611752e+03
3.239999999999974900e+00	3.771033148602860820e+03
3.249999999999974687e+00	3.899868898400728540e+03
3.259999999999974474e+00	3.976563408323309432e+03
3.269999999999974261e+00	4.011835469785145506e+03
3.279999999999974047e+00	3.897086114256818291e+03
3.289999999999973834e+00	3.713047318706715487e+03
3.299999999999973621e+00	3.343499645073971351e+03
3.309999999999973408e+00	3.229086002634352553e+03
3.319999999999973195e+00	2.919937287646944242e+03
3.329999999999972982e+00	3.422098365468741576e+03
3.339999999999972768e+00	3.350909683476569171e+03
3.349999999999972555e+00	3.329819500369029811e+03
3.359999999999972342e+00	3.513389667768716208e+03
3.369999999999972129e+00	3.812536953297518721e+03
3.379999999999971916e+00	4.649423644622876964e+03
3.389999999999971703e+00	4.598337115650636406e+03
3.399999999999971489e+00	4.201545206237384264e+03
3.409999999999971276e+00	3.848648806513692762e+03
3.419999999999971063e+00	3.067623858380630281e+03
3.429999999999970850e+00	3.481929986270173686e+03
3.439999999999970637e+00	3.323670799065725078e+03
3.449999999999970424e+00	3.140762379833176510e+03
3.459999999999970210e+00	3.037983360615490710e+03
3.469999999999969997e+00	3.007478561122111387e+03
3.479999999999969784e+00	3.129157166712159778e+03
3.489999999999969571e+00	3.162405219474101159e+03
3.499999999999969358e+00	3.248074572476680714e+03
3.509999999999969145e+00	3.248665732740760177e+03
3.519999999999968932e+00	3.098083299599424663e+03
3.529999999999968718e+00	3.159605366739344390e+03
3.539999999999968505e+00	3.137929696737309314e+03
3.549999999999968292e+00	3.092779067395502807e+03
3.559999999999968079e+00	3.006972062757603908e+03
3.569999999999967866e+00	3.069057973906613825e+03
3.579999999999967653e+00	3.170187858738047453e+03
3.589999999999967439e+00	3.014849097978561986e+03
3.599999999999967226e+00	2.805393642883326265e+03
3.609999999999967013e+00	2.817797309464172031e+03
3.619999999999966800e+00	2.475480281906747223e+03
3.629999999999966587e+00	2.475786794100548832e+03
3.639999999999966374e+00	2.467332534315963585e+03
3.649999999999966160e+00	2.431986936479720498e+03
3.659999999999965947e+00	2.459331023756971263e+03
3.669999999999965734e+00	2.511470959906318967e+03
3.679999999999965521e+00	1.611107766521909798e+05
3.689999999999965308e+00	1.453917554555472452e+05
3.699999999999965095e+00	1.314774684226065874e+05
3.709999999999964881e+00	1.223957559968415881e+05
3.719999999999964668e+00	1.141739983395064774e+05
3.729999999999964455e+00	1.044263387805350067e+05
3.739999999999964242e+00	9.489699406423723849e+04
3.749999999999964029e+00	9.057691176813298080e+04
3.759999999999963816e+00	7.741888457245158497e+04
3.769999999999963602e+00	7.182439593306998722e+04
3.779999999999963389e+00	6.699406290845508920e+04
3.789999999999963176e+00	6.385575579775286315e+04
3.799999999999962963e+00	5.962966234161220200e+04
3.809999999999962750e+00	5.477195484078442678e+04
3.819999999999962537e+00	4.959985162123807822e+04
3.829999999999962323e+00	4.691366279609185585e+04
3.839999999999962110e+00	4.438594112224380660e+04
3.849999999999961897e+00	4.220292945130653970e+04
3.859999999999961684e+00	3.982428166374583088e+04
3.869999999999961471e+00	3.801907352660595643e+04
3.879999999999961258e+00	3.541698624117037980e+04
3.889999999999961044e+00	3.508422849079867592e+04
3.899999999999960831e+00	3.411937505180801236e+04
3.909999999999960618e+00	3.068561566142503580e+04
3.919999999999960405e+00	2.914354320222304159e+04
3.929999999999960192e+00	2.868200216178013216e+04
3.939999999999959979e+00	2.769919876817434852e+04
3.949999999999959766e+00	2.773353035985158203e+04
3.959999999999959552e+00	2.699944434403902414e+04
3.969999999999959339e+00	2.684919758255747729e+04
3.979999999999959126e+00	2.532369159564373695e+04
3.989999999999958913e+00	2.403583019441111901e+04
3.999999999999958700e+00	2.366230746850807918e+04
4.009999999999958931e+00	2.295162085866313282e+04
4.019999999999958717e+00	2.318796575854177718e+04
4.029999999999958504e+00	2.377708838507642940e+04
4.039999999999958291e+00	2.328365665786891623e+04
4.049999999999958078e+00	2.336998178691120847e+04
4.059999999999957865e+00	2.435070145221220810e+04
4.069999999999957652e+00	2.500550820648388617e+04
4.079999999999957438e+00	2.307312618384705274e+04
4.089999999999957225e+00	2.251963360591321543e+04
4.099999999999957012e+00	2.290387056628315986e+04
4.109999999999956799e+00	2.295995222264244512e+04
4.119999999999956586e+00	2.280513361365148739e+04
4.129999999999956373e+00	2.260290416400141476e+04
4.139999999999956160e+00	2.110812646983374725e+04
4.149999999999955946e+00	2.052664745401935943e+04
4.159999999999955733e+00	2.038803922421938114e+04
4.169999999999955520e+00	1.982475320962019759e+04
4.179999999999955307e+00	1.948568951052550256e+04
4.189999999999955094e+00	1.879379683137193933e+04
4.199999999999954881e+00	1.712687762496514188e+04
4.209999999999954667e+00	1.741633429626958969e+04
4.219999999999954454e+00	1.641028502455077250e+04
4.229999999999954241e+00	1.568299512176912322e+04
4.239999999999954028e+00	1.522253152231077547e+04
4.249999999999953815e+00	1.454015763792797225e+04
4.259999999999953602e+00	1.407430961762265906e+04
4.269999999999953388e+00	1.399024271650075752e+04
4.279999999999953175e+00	1.372859794372426222e+04
4.289999999999952962e+00	1.381255881098685313e+04
4.299999999999952749e+00	1.394949529030027406e+04
4.309999999999952536e+00	1.431992748406104147e+04
4.319999999999952323e+00	1.358477185225399808e+04
4.329999999999952109e+00	1.347100132034934722e+04
4.339999999999951896e+00	1.390498143550882378e+04
4.349999999999951683e+00	1.309056789987021330e+04
4.359999999999951470e+00	1.308097782527884010e+04
4.369999999999951257e+00	1.252785163594577716e+04
4.379999999999951044e+00	1.266012941250109361e+04
4.389999999999950830e+00	1.241135538030928365e+04
4.399999999999950617e+00	1.270558896047165399e+04
4.409999999999950404e+00	1.271808545748831966e+04
4.419999999999950191e+00	1.317413514978348758e+04
4.429999999999949978e+00	1.252366063945971655e+04
4.439999999999949765e+00	1.245063983976469717e+04
4.449999999999949551e+00	1.259816361442665584e+04
4.459999999999949338e+00	1.231932622979957523e+04
4.469999999999949125e+00	1.225083245206796710e+04
4.479999999999948912e+00	1.237007629343089866e+04
4.489999999999948699e+00	1.261041144344848726e+04
4.499999999999948486e+00	1.233156529773694820e+04
4.509999999999948272e+00	1.254219836409285381e+04
4.519999999999948059e+00	1.290650380700590904e+04
4.529999999999947846e+00	1.208449003807342888e+04
4.539999999999947633e+00	1.195746532146049867e+04
4.549999999999947420e+00	1.228662384232076874e+04
4.559999999999947207e+00	1.227930803782021030e+04
4.569999999999946994e+00	1.257534069142230146e+04
4.579999999999946780e+00	1.276799087528391465e+04
4.589999999999946567e+00	1.262014174802558409e+04
4.599999999999946354e+00	1.196856715816612632e+04
4.609999999999946141e+00	1.231556426733103945e+04
4.619999999999945928e+00	1.138433501418429660e+04
4.629999999999945715e+00	1.157335131827905207e+04
4.639999999999945501e+00	1.170677567987846487e+04
4.649999999999945288e+00	1.161759294338570726e+04
4.659999999999945075e+00	1.173167803647885376e+04
4.669999999999944862e+00	1.173060691043179395e+04
4.679999999999944649e+00	1.155432783125709102e+04
4.689999999999944436e+00	1.088386917398081459e+04
4.699999999999944222e+00	1.061475835352934155e+04
4.709999999999944009e+00	1.055452811887201096e+04
4.719999999999943796e+00	1.094567523658143728e+04
4.729999999999943583e+00	1.023278803639631587e+04
4.739999999999943370e+00	1.035515028022065235e+04
4.749999999999943157e+00	1.061666644950042246e+04
4.759999999999942943e+00	1.001118614951086420e+04
4.769999999999942730e+00	1.001605486155682229e+04
4.779999999999942517e+00	1.003067213236662246e+04
4.789999999999942304e+00	9.785857394077913341e+03
4.799999999999942091e+00	9.649261923347012271e+03
4.809999999999941878e+00	9.585119744846140748e+03
4.819999999999941664e+00	9.289998116883518378e+03
4.829999999999941451e+00	9.306927524554272168e+03
4.839999999999941238e+00	9.274064319251863708e+03
4.849999999999941025e+00	9.158952503077220172e+03
4.859999999999940812e+00	9.310877830756364347e+03
4.869999999999940599e+00	9.366069459742553590e+03
4.879999999999940385e+00	9.361861044494577072e+03
4.889999999999940172e+00	9.181848838405330753e+03
4.899999999999939959e+00	9.023484572453366127e+03
4.909999999999939746e+00	8.982533266988730247e+03
4.919999999999939533e+00	9.030459666960703544e+03
4.929999999999939320e+00	9.081484448436200182e+03
4.939999999999939106e+00	8.824276451130805071e+03
4.949999999999938893e+00	9.025173801111479406e+03
4.959999999999938680e+00	9.275380441529623567e+03
4.969999999999938467e+00	9.297138084792028167e+03
4.979999999999938254e+00	9.181797513514406091e+03
4.989999999999938041e+00	9.147483715851802117e+03
4.999999999999937828e+00	9.186266339048546797e+03
5.009999999999937614e+00	9.249699907354070092e+03
5.019999999999937401e+00	9.029575898548126133e+03
5.029999999999937188e+00	9.185394660776590172e+03
5.039999999999936975e+00	8.967535589797043940e+03
5.049999999999936762e+00	8.776805676070045592e+03
5.059999999999936549e+00	8.912850420244707493e+03
5.069999999999936335e+00	8.999382491793561712e+03
5.079999999999936122e+00	9.120925136480476795e+03
5.089999999999935909e+00	9.324629931722263791e+03
5.099999999999935696e+00	9.415702486443777161e+03
5.109999999999935483e+00	1.017092250894438621e+04
5.119999999999935270e+00	9.953247548444596760e+03
5.129999999999935056e+00	9.579831577394559645e+03
5.139999999999934843e+00	9.698704031066208699e+03
5.149999999999934630e+00	9.312297228281951902e+03
5.159999999999934417e+00	9.183265923494371236e+03
5.169999999999934204e+00	8.684258974638065411e+03
5.179999999999933991e+00	9.005988617591403454e+03
5.189999999999933777e+00	8.618633239441383921e+03
5.199999999999933564e+00	8.510106835869284623e+03
5.209999999999933351e+00	8.738403314068273176e+03
5.219999999999933138e+00	9.071267149787776361e+03
5.229999999999932925e+00	9.524400356162646858e+03
5.239999999999932712e+00	9.927061475817718019e+03
5.249999999999932498e+00	8.736656979689903892e+03
5.259999999999932285e+00	8.439001504880170614e+03
5.269999999999932072e+00	8.844289120276513131e+03
5.279999999999931859e+00	8.490078175670212659e+03
5.289999999999931646e+00	8.551043734417144151e+03
5.299999999999931433e+00	8.384824591011240045e+03
5.309999999999931219e+00	8.466347564494190010e+03
5.319999999999931006e+00	8.796133579678806200e+03
5.329999999999930793e+00	8.665028769799120710e+03
5.339999999999930580e+00	8.220301447366357024e+03
5.349999999999930367e+00	7.974571851181962302e+03
5.359999999999930154e+00	7.951438024021836100e+03
5.369999999999929940e+00	8.045561158956742474e+03
5.379999999999929727e+00	7.896765950134197737e+03
5.389999999999929514e+00	8.197205042655750731e+03
5.399999999999929301e+00	8.165714267344221298e+03
5.409999999999929088e+00	7.971435124291350803e+03
5.419999999999928875e+00	7.850684886181554248e+03
5.429999999999928662e+00	8.125094046567822261e+03
5.439999999999928448e+00	8.476380771347292466e+03
5.449999999999928235e+00	9.046640027178233140e+03
5.459999999999928022e+00	8.729349478695188736e+03
5.469999999999927809e+00	8.162862795859651669e+03
5.479999999999927596e+00	8.423061864968634836e+03
5.489999999999927383e+00	7.566464564282472566e+03
5.499999999999927169e+00	7.282591891325875622e+03
5.509999999999926956e+00	7.069573283544863443e+03
5.519999999999926743e+00	7.073088374607192236e+03
5.529999999999926530e+00	7.150108808739563756e+03
5.539999999999926317e+00	7.229135763471922473e+03
5.549999999999926104e+00	7.588779150536513953e+03
5.559999999999925890e+00	7.534502514451257412e+03
5.569999999999925677e+00	7.727443026180346351e+03
5.579999999999925464e+00	8.026882891448389273e+03
5.589999999999925251e+00	7.891207330689168884e+03
5.599999999999925038e+00	7.840954417121007282e+03
5.609999999999924825e+00	8.419551128380773662e+03
5.619999999999924611e+00	7.632248326669822745e+03
5.629999999999924398e+00	7.687434536779424889e+03
5.639999999999924185e+00	7.957732748457556227e+03
5.649999999999923972e+00	8.097069097118271202e+03
5.659999999999923759e+00	7.490916597308321798e+03
5.669999999999923546e+00	7.674039257637641640e+03
5.679999999999923332e+00	7.338521735851882113e+03
5.689999999999923119e+00	6.921338954444702722e+03
5.699999999999922906e+00	6.475418108865709655e+03
5.709999999999922693e+00	6.514192026299116151e+03
5.719999999999922480e+00	6.435739321827297317e+03
5.729999999999922267e+00	6.267034601023503456e+03
5.739999999999922053e+00	6.268278479812444857e+03
5.749999999999921840e+00	6.281189864430052694e+03
5.759999999999921627e+00	6.358509167191206870e+03
5.769999999999921414e+00	6.319047982510402107e+03
5.779999999999921201e+00	6.448921152817120856e+03
5.789999999999920988e+00	6.390640989880718735e+03
5.799999999999920774e+00	6.261340087589973336e+03
5.809999999999920561e+00	6.302143518690350902e+03
5.819999999999920348e+00	5.907244047524121015e+03
5.829999999999920135e+00	6.021190240453489423e+03
5.839999999999919922e+00	6.143238557033975667e+03
5.849999999999919709e+00	6.112921670893257215e+03
5.859999999999919496e+00	6.137903248296522179e+03
5.869999999999919282e+00	5.962351659439444120e+03
5.879999999999919069e+00	5.986070816006513269e+03
5.889999999999918856e+00	6.277360750745954647e+03
5.899999999999918643e+00	6.420624213416665953e+03
5.909999999999918430e+00	6.449432905343601306e+03
5.919999999999918217e+00	6.507315497238673743e+03
5.929999999999918003e+00	6.582886149213469253e+03
5.939999999999917790e+00	6.582050514918824774e+03
5.949999999999917577e+00	6.403878537783171851e+03
5.959999999999917364e+00	6.271157755478496256e+03
5.969999999999917151e+00	6.323508595383868851e+03
5.979999999999916938e+00	6.650947144089630456e+03
5.989999999999916724e+00	6.615551897537949117e+03
5.999999999999916511e+00	6.801512125851156270e+03
6.009999999999916298e+00	7.207889132768058516e+03
6.019999999999916085e+00	6.383124662325659301e+03
6.029999999999915872e+00	6.338078964950105728e+03
6.039999999999915659e+00	6.785183552898514790e+03
6.049999999999915445e+00	6.337276024716102256e+03
6.059999999999915232e+00	6.485824162365248412e+03
6.069999999999915019e+00	6.235647655422422758e+03
6.079999999999914806e+00	6.314487822774578490e+03
6.089999999999914593e+00	6.306945787959072732e+03
6.099999999999914380e+00	6.032274419174329523e+03
6.109999999999914166e+00	6.206843488217581580e+03
6.119999999999913953e+00	6.690964484971738784e+03
6.129999999999913740e+00	7.036379769061371917e+03
6.139999999999913527e+00	6.675098846710543512e+03
6.149999999999913314e+00	6.334261267374623458e+03
6.159999999999913101e+00	6.264515011400786534e+03
6.169999999999912887e+00	5.590496773307934745e+03
6.179999999999912674e+00	5.866679546915387618e+03
6.189999999999912461e+00	5.516079571547201340e+03
6.199999999999912248e+00	5.789879581971972584e+03
6.209999999999912035e+00	5.430660099943948808e+03
6.219999999999911822e+00	5.209565135162539264e+03
6.229999999999911608e+00	5.124082995799566561e+03
6.239999999999911395e+00	5.330944919272060361e+03
6.249999999999911182e+00	5.572842642570597491e+03
6.259999999999910969e+00	5.494437011417890972e+03
6.269999999999910756e+00	5.490552072007592869e+03
6.279999999999910543e+00	5.963397819673720733e+03
6.289999999999910330e+00	5.892650484632005828e+03
6.299999999999910116e+00	5.921418418881374237e+03
6.309999999999909903e+00	5.586930726272276843e+03
6.319999999999909690e+00	5.990494448366596771e+03
6.329999999999909477e+00	5.947391427166670837e+03
6.339999999999909264e+00	6.026304575399572968e+03
6.349999999999909051e+00	5.740368515881047642e+03
6.359999999999908837e+00	5.560369879093092095e+03
6.369999999999908624e+00	5.565512677521818659e+03
6.379999999999908411e+00	5.871447651777118153e+03
6.389999999999908198e+00	6.041713297351632718e+03
6.399999999999907985e+00	5.987019619726804194e+03
6.409999999999907772e+00	6.420608640600331455e+03
6.419999999999907558e+00	5.654477552162119537e+03
6.429999999999907345e+00	5.381984569870206542e+03
6.439999999999907132e+00	5.258040480239445060e+03
6.449999999999906919e+00	5.696176220776756963e+03
6.459999999999906706e+00	5.602723752949577829e+03
6.469999999999906493e+00	5.869752464237622917e+03
6.479999999999906279e+00	5.566756373032510965e+03
6.489999999999906066e+00	5.544758449279897832e+03
6.499999999999905853e+00	5.439284117135042834e+03
6.509999999999905640e+00	5.339202840973433922e+03
6.519999999999905427e+00	5.043344997545844308e+03
6.529999999999905214e+00	5.203519137239705742e+03
6.539999999999905000e+00	5.455829142054722979e+03
6.549999999999904787e+00	5.704285049380257988e+03
6.559999999999904574e+00	6.366539275869385165e+03
6.569999999999904361e+00	4.819604104332732386e+05
6.579999999999904148e+00	4.538437740924034733e+05
6.589999999999903935e+00	4.271493375591065851e+05
6.599999999999903721e+00	4.034031875051970128e+05
6.609999999999903508e+00	3.800910719269996043e+05
6.619999999999903295e+00	3.519319588373028673e+05
6.629999999999903082e+00	3.352899378854486276e+05
6.639999999999902869e+00	3.202815590346130193e+05
6.649999999999902656e+00	3.103703660769317066e+05
6.659999999999902442e+00	2.910165871803638875e+05
6.669999999999902229e+00	2.767744074114740361e+05
6.679999999999902016e+00	2.556793482789421396e+05
6.689999999999901803e+00	2.432913176015716454e+05
6.699999999999901590e+00	2.246841438368950621e+05
6.709999999999901377e+00	2.169205831875888689e+05
6.719999999999901164e+00	2.025375548122604669e+05
6.729999999999900950e+00	1.867663709152296651e+05
6.739999999999900737e+00	1.738873188675516867e+05
6.749999999999900524e+00	1.595281475059895311e+05
6.759999999999900311e+00	1.449676001825889107e+05
6.769999999999900098e+00	1.347563503151298210e+05
6.779999999999899885e+00	1.317902482990389108e+05
6.789999999999899671e+00	1.218455659251734905e+05
6.799999999999899458e+00	1.115669199839722132e+05
6.809999999999899245e+00	1.055522236252292932e+05
6.819999999999899032e+00	1.022564791089426144e+05
6.829999999999898819e+00	9.750504495696157392e+04
6.839999999999898606e+00	9.505104680129152257e+04
6.849999999999898392e+00	8.749097687162780494e+04
6.859999999999898179e+00	8.817213842932540865e+04
6.869999999999897966e+00	8.426456652958944323e+04
6.879999999999897753e+00	8.407907039772631833e+04
6.889999999999897540e+00	8.244399302892520791e+04
6.899999999999897327e+00	7.863004512736864854e+04
6.909999999999897113e+00	7.978413732430708478e+04
6.919999999999896900e+00	7.856489710363894119e+04
6.929999999999896687e+00	7.691796881785373262e+04
6.939999999999896474e+00	7.311738394481805153e+04
6.949999999999896261e+00	7.288369021747083752e+04
6.959999999999896048e+00	7.268735541074848152e+04
6.969999999999895834e+00	7.007628186028572964e+04
6.979999999999895621e+00	6.905081480589044804e+04
6.989999999999895408e+00	6.706334886549640214e+04
6.999999999999895195e+00	6.407654333626855805e+04
7.009999999999894982e+00	6.302029494328338478e+04
7.019999999999894769e+00	5.671031574914546218e+04
7.029999999999894555e+00	5.077713343578029890e+04
7.039999999999894342e+00	4.389319848462897062e+04
7.049999999999894129e+00	4.077457569297087321e+04
7.059999999999893916e+00	3.664216688614620944e+04
7.069999999999893703e+00	3.618447794606965181e+04
7.079999999999893490e+00	3.498766598342684301e+04
7.089999999999893276e+00	3.473939062833288335e+04
7.099999999999893063e+00	3.236752570220635607e+04
7.109999999999892850e+00	2.981038964798030793e+04
7.119999999999892637e+00	2.616169908160065097e+04
7.129999999999892424e+00	2.393079538835930362e+04
7.139999999999892211e+00	2.190630893546855805e+04
7.149999999999891998e+00	1.992780516513467956e+04
7.159999999999891784e+00	1.901186648920596053e+04
7.169999999999891571e+00	1.658983697688703978e+04
7.179999999999891358e+00	1.541481049498261928e+04
7.189999999999891145e+00	1.385583830157427474e+04
7.199999999999890932e+00	1.304868705511868575e+04
7.209999999999890719e+00	1.121499301613886564e+04
7.219999999999890505e+00	1.003516984970325757e+04
7.229999999999890292e+00	8.932202663744483289e+03
7.239999999999890079e+00	7.859398007050433080e+03
7.249999999999889866e+00	8.046812371199731388e+03
7.259999999999889653e+00	7.723009021444060636e+03
7.269999999999889440e+00	7.868808684766966508e+03
7.279999999999889226e+00	7.481296630090084363e+03
7.289999999999889013e+00	6.599637469117259570e+03
7.299999999999888800e+00	6.652258382148687815e+03
7.309999999999888587e+00	6.445281107553091715e+03
7.319999999999888374e+00	6.282652517313910721e+03
7.329999999999888161e+00	5.540486430901846688e+03
7.339999999999887947e+00	5.686753913126966836e+03
7.349999999999887734e+00	5.601762889747873487e+03
7.359999999999887521e+00	5.477132447658108504e+03
7.369999999999887308e+00	5.092445489471041583e+03
7.379999999999887095e+00	5.194474614090176146e+03
7.389999999999886882e+00	5.301519351561571966e+03
7.399999999999886668e+00	4.778315417278694440e+03
7.409999999999886455e+00	4.588637527428910289e+03
7.419999999999886242e+00	4.495251476694686971e+03
7.429999999999886029e+00	4.445586105917160239e+03
7.439999999999885816e+00	4.132177689290499984e+03
7.449999999999885603e+00	3.651716948795683493e+03
7.459999999999885389e+00	3.394988502471761876e+03
7.469999999999885176e+00	3.503513593889039385e+03
7.479999999999884963e+00	3.199079637134324003e+03
7.489999999999884750e+00	3.382528456240132527e+03
7.499999999999884537e+00	3.402911270026779675e+03
7.509999999999884324e+00	3.273514694191038870e+03
7.519999999999884110e+00	3.257078796494866310e+03
7.529999999999883897e+00	3.296878498793712424e+03
7.539999999999883684e+00	3.711859363760129781e+03
7.549999999999883471e+00	3.534930444165274821e+03
7.559999999999883258e+00	3.481773950463459187e+03
7.569999999999883045e+00	3.024756182545927004e+03
7.579999999999882832e+00	3.157729312281621787e+03
7.589999999999882618e+00	3.182148592496387209e+03
7.599999999999882405e+00	3.361348335764554577e+03
7.609999999999882192e+00	3.378506990522455453e+03
7.619999999999881979e+00	3.383227620346052390e+03
7.629999999999881766e+00	2.959236909472553634e+03
7.639999999999881553e+00	3.101752165354168937e+03
7.649999999999881339e+00	2.824552553972996520e+03
7.659999999999881126e+00	2.740906094711045625e+03
7.669999999999880913e+00	2.497423282860005202e+03
7.679999999999880700e+00	2.421783670244589302e+03
7.689999999999880487e+00	2.464808529563970296e+03
7.699999999999880274e+00	2.459896350458678171e+03
7.709999999999880060e+00	2.518501152347820607e+03
7.719999999999879847e+00	2.609197817316841338e+03
7.729999999999879634e+00	2.864043477206673288e+03
7.739999999999879421e+00	3.021331221144159827e+03
7.749999999999879208e+00	3.237822110648768103e+03
7.759999999999878995e+00	3.431374386331079222e+03
7.769999999999878781e+00	3.139018356639752710e+03
7.779999999999878568e+00	3.209090898492237557e+03
7.789999999999878355e+00	2.757921592905464422e+03
7.799999999999878142e+00	4.846756745602684532e+03
7.809999999999877929e+00	4.266400431160003791e+03
7.819999999999877716e+00	3.987545160722146193e+03
7.829999999999877502e+00	3.649894029590560422e+03
7.839999999999877289e+00	3.753840168534276927e+03
7.849999999999877076e+00	3.928430147763011519e+03
7.859999999999876863e+00	3.769601154998173115e+03
7.869999999999876650e+00	3.695024025820713632e+03
7.879999999999876437e+00	3.169968826077792528e+03
7.889999999999876223e+00	3.169106955273850417e+03
7.899999999999876010e+00	2.987834747894659813e+03
7.909999999999875797e+00	2.772661031044172432e+03
7.919999999999875584e+00	2.723196034802828763e+03
7.929999999999875371e+00	2.851350361909789171e+03
7.939999999999875158e+00	2.584518217948531856e+03
7.949999999999874944e+00	2.596276043705018310e+03
7.959999999999874731e+00	2.678190867844424702e+03
7.969999999999874518e+00	2.555541331345279104e+03
7.979999999999874305e+00	2.375446900554275999e+03
7.989999999999874092e+00	2.260991597429304420e+03
7.999999999999873879e+00	2.310840986491767580e+03
8.009999999999873666e+00	2.247501814198690226e+03
8.019999999999873452e+00	2.260130138986819020e+03
8.029999999999873239e+00	2.309695544718441397e+03
8.039999999999873026e+00	2.283299346300024808e+03
8.049999999999872813e+00	2.268300246311620867e+03
8.059999999999872600e+00	2.415087423924896029e+03
8.069999999999872387e+00	2.513871730986571492e+03
8.079999999999872173e+00	2.455911532348734909e+03
8.089999999999871960e+00	2.195435804151127286e+03
8.099999999999871747e+00	2.234335291538408910e+03
8.109999999999871534e+00	2.041300701258875506e+03
8.119999999999871321e+00	2.026519949505108798e+03
8.129999999999871108e+00	2.120946113337504357e+03
8.139999999999870894e+00	2.216591643728289910e+03
8.149999999999870681e+00	2.234779450039887706e+03
8.159999999999870468e+00	2.149210477629411344e+03
8.169999999999870255e+00	2.066803561903199807e+03
8.179999999999870042e+00	2.179889466901490323e+03
8.189999999999869829e+00	2.161378005990671682e+03
8.199999999999869615e+00	1.946864483367784942e+03
8.209999999999869402e+00	1.947210879090284607e+03
8.219999999999869189e+00	1.985409287189764655e+03
8.229999999999868976e+00	2.158836154005998196e+03
8.239999999999868763e+00	2.198177929003126337e+03
8.249999999999868550e+00	2.349895399736850777e+03
8.259999999999868336e+00	1.935989440123402574e+03
8.269999999999868123e+00	2.052499640802305748e+03
8.279999999999867910e+00	1.930992239135638329e+03
8.289999999999867697e+00	1.925763847789009105e+03
8.299999999999867484e+00	1.950449280138195036e+03
8.309999999999867271e+00	1.845638992884199070e+03
8.319999999999867057e+00	1.750396360357206277e+03
8.329999999999866844e+00	1.751181135633729355e+03
8.339999999999866631e+00	1.770491720698525342e+03
8.349999999999866418e+00	1.828288882502439264e+03
8.359999999999866205e+00	1.816427561765044175e+03
8.369999999999865992e+00	1.716924824880183223e+03
8.379999999999865778e+00	1.891024087938698358e+03
8.389999999999865565e+00	2.033676344847833889e+03
8.399999999999865352e+00	2.159191007455121962e+03
8.409999999999865139e+00	1.919317919019228611e+03
8.419999999999864926e+00	1.878558279115162350e+03
8.429999999999864713e+00	1.933929672681544389e+03
8.439999999999864500e+00	1.917157017868950334e+03
8.449999999999864286e+00	2.077156153954741058e+03
8.459999999999864073e+00	1.868631042382241958e+03
8.469999999999863860e+00	1.721143576054807454e+03
8.479999999999863647e+00	1.782312732811916021e+03
8.489999999999863434e+00	1.683919126093771865e+03
8.499999999999863221e+00	1.756464003274334573e+03
8.509999999999863007e+00	1.805650474436668901e+03
8.519999999999862794e+00	1.776523292771358456e+03
8.529999999999862581e+00	1.918957004727913500e+03
8.539999999999862368e+00	2.124506342311195112e+03
8.549999999999862155e+00	2.175746858521185914e+03
8.559999999999861942e+00	2.060215943343033359e+03
8.569999999999861728e+00	2.100386418696737110e+03
8.579999999999861515e+00	2.015747147252230434e+03
8.589999999999861302e+00	2.063918379150303736e+03
8.599999999999861089e+00	1.987622395641063576e+03
8.609999999999860876e+00	2.141362287884491707e+03
8.619999999999860663e+00	2.137873846815635261e+03
8.629999999999860449e+00	2.086477928938124933e+03
8.639999999999860236e+00	2.210074610791214127e+03
8.649999999999860023e+00	2.253837999679823952e+03
8.659999999999859810e+00	2.470948692067386219e+03
8.669999999999859597e+00	2.360287555256109044e+03
8.679999999999859384e+00	2.501504636793444661e+03
8.689999999999859170e+00	2.288329973040581081e+03
8.699999999999858957e+00	2.203896160028502891e+03
8.709999999999858744e+00	2.064938330355626931e+03
8.719999999999858531e+00	1.903887334271149484e+03
8.729999999999858318e+00	1.923509017634567954e+03
8.739999999999858105e+00	1.977839041229703525e+03
8.749999999999857891e+00	1.968706807826251861e+03
8.759999999999857678e+00	1.845441569640823445e+03
8.769999999999857465e+00	1.897403815065932122e+03
8.779999999999857252e+00	1.812273157482267834e+03
8.789999999999857039e+00	1.862121703051890563e+03
8.799999999999856826e+00	2.074634312238273196e+03
8.809999999999856612e+00	2.158961826660352472e+03
8.819999999999856399e+00	2.269932213976751427e+03
8.829999999999856186e+00	2.256216320982922298e+03
8.839999999999855973e+00	2.269381329444469884e+03
8.849999999999855760e+00	2.233713869574083674e+03
8.859999999999855547e+00	2.048286313026421340e+03
8.869999999999855333e+00	2.208348650542928226e+03
8.879999999999855120e+00	2.296489538913812339e+03
8.889999999999854907e+00	2.036458747876125472e+03
8.899999999999854694e+00	2.141463293427161261e+03
8.909999999999854481e+00	2.034447394914944425e+03
8.919999999999854268e+00	1.942326115836122881e+03
8.929999999999854055e+00	1.766002232662414826e+03
8.939999999999853841e+00	1.855080362985905595e+03
8.949999999999853628e+00	1.895787549003281129e+03
8.959999999999853415e+00	1.934320186074272215e+03
8.969999999999853202e+00	2.009606631007853593e+03
8.979999999999852989e+00	1.779729705362708501e+03
8.989999999999852776e+00	1.811944716896982072e+03
8.999999999999852562e+00	1.738809074331097690e+03
9.009999999999852349e+00	1.888686952370734843e+03
9.019999999999852136e+00	1.943966840384287480e+03
9.029999999999851923e+00	1.887965756336725462e+03
9.039999999999851710e+00	1.786932626546398978e+03
9.049999999999851497e+00	1.992958801364987039e+03
9.059999999999851283e+00	1.925447008429795005e+03
9.069999999999851070e+00	2.065475916602212692e+03
9.079999999999850857e+00	2.136560078261172293e+03
9.089999999999850644e+00	2.172690725073194244e+03
9.099999999999850431e+00	2.290148310189894346e+03
9.109999999999850218e+00	2.441722055545495095e+03
9.119999999999850004e+00	2.505651679482246436e+03
9.129999999999849791e+00	2.438429743930953009e+03
9.139999999999849578e+00	2.368206010084660193e+03
9.149999999999849365e+00	2.317498008598026900e+03
9.159999999999849152e+00	2.200676164975159736e+03
9.169999999999848939e+00	2.273257378230878658e+03
9.179999999999848725e+00	1.960905182059466824e+03
9.189999999999848512e+00	1.991300431656165983e+03
9.199999999999848299e+00	1.859383483246916967e+03
9.209999999999848086e+00	1.941874532042224473e+03
9.219999999999847873e+00	1.973635493443588075e+03
9.229999999999847660e+00	1.873885053474045890e+03
9.239999999999847446e+00	1.963027752618924751e+03
9.249999999999847233e+00	2.102240206476760250e+03
9.259999999999847020e+00	2.126603063295925040e+03
9.269999999999846807e+00	1.956160566597930256e+03
9.279999999999846594e+00	2.074954256101718784e+03
9.289999999999846381e+00	2.153976271415663632e+03
9.299999999999846167e+00	2.029221676509326699e+03
9.309999999999845954e+00	1.997808116663798955e+03
9.319999999999845741e+00	1.883801263345451389e+03
9.329999999999845528e+00	1.836204440631953730e+03
9.339999999999845315e+00	1.881864809839734335e+03
9.349999999999845102e+00	1.874351351536686479e+03
9.359999999999844889e+00	1.927161804761055919e+03
9.369999999999844675e+00	1.926556780368594218e+03
9.379999999999844462e+00	2.058075294572594430e+03
9.389999999999844249e+00	2.140724174157842754e+03
9.399999999999844036e+00	2.235898975530270945e+03
9.409999999999843823e+00	2.248072319913382671e+03
9.419999999999843610e+00	2.396363486286675652e+03
9.429999999999843396e+00	2.203721893543130591e+03
9.439999999999843183e+00	2.235249209488302768e+03
9.449999999999842970e+00	2.311079933978029658e+03
9.459999999999842757e+00	2.526603578634096266e+03
9.469999999999842544e+00	2.573342611621420474e+03
9.479999999999842331e+00	2.510937591749215244e+03
9.489999999999842117e+00	2.725544918954106834e+03
9.499999999999841904e+00	2.845984173884282427e+03
9.509999999999841691e+00	2.832556576389593374e+03
9.519999999999841478e+00	3.082873468725575094e+03
9.529999999999841265e+00	2.977965332146696710e+03
9.539999999999841052e+00	2.867970953200436270e+03
9.549999999999840838e+00	2.972384425600776467e+03
9.559999999999840625e+00	2.961502985565271956e+03
9.569999999999840412e+00	2.907993540501755888e+03
9.579999999999840199e+00	2.607128797185791882e+03
9.589999999999839986e+00	2.684452651294804127e+03
9.599999999999839773e+00	2.569899419409362963e+03
9.609999999999839559e+00	2.427672221758628893e+03
9.619999999999839346e+00	2.415306547551591393e+03
9.629999999999839133e+00	2.382166708007375746e+03
9.639999999999838920e+00	2.197218211679264641e+03
9.649999999999838707e+00	2.303567424894044052e+03
9.659999999999838494e+00	2.379723928265691029e+03
9.669999999999838280e+00	2.548903864756521671e+03
9.679999999999838067e+00	2.337343182457965213e+03
9.689999999999837854e+00	2.478770949904367171e+03
9.699999999999837641e+00	2.691186871783260813e+03
9.709999999999837428e+00	2.794439615374792083e+03
9.719999999999837215e+00	2.918422920982156029e+03
9.729999999999837001e+00	2.714693186109935141e+03
9.739999999999836788e+00	2.441596345173519694e+03
9.749999999999836575e+00	2.444699417141440790e+03
9.759999999999836362e+00	2.375157544241628784e+03
9.769999999999836149e+00	2.504214649685061886e+03
9.779999999999835936e+00	2.607849689236501945e+03
9.789999999999835723e+00	2.639218433166764044e+03
9.799999999999835509e+00	2.619757026100035546e+03
9.809999999999835296e+00	2.625982789834196410e+03
9.819999999999835083e+00	2.562460570593966622e+03
9.829999999999834870e+00	2.640754242195121151e+03
9.839999999999834657e+00	2.639206331168394172e+03
9.849999999999834444e+00	2.785614611932123353e+03
9.859999999999834230e+00	2.890328210089366166e+03
9.869999999999834017e+00	3.023225675454537850e+03
9.879999999999833804e+00	2.662966791075012225e+03
9.889999999999833591e+00	2.487504331358949457e+03
9.899999999999833378e+00	2.405947680340272200e+03
9.909999999999833165e+00	2.493192821963094502e+03
9.919999999999832951e+00	2.547324236559313249e+03
9.929999999999832738e+00	2.638036973574517106e+03
9.939999999999832525e+00	2.751155645011585420e+03
9.949999999999832312e+00	3.012240926301245054e+03
9.959999999999832099e+00	3.115221273746193219e+03
9.969999999999831886e+00	2.873273644147062896e+03
9.979999999999831672e+00	2.806491143881306925e+03
9.989999999999831459e+00	2.916542234817376084e+03
9.999999999999831246e+00	2.994426631925589390e+03
1.000999999999983103e+01	3.019253261058359840e+03
1.001999999999983082e+01	2.789309462684297614e+03
1.002999999999983061e+01	2.818878558357053862e+03
1.003999999999983039e+01	2.922281005260588245e+03
1.004999999999983018e+01	2.953951310137687869e+03
1.005999999999982997e+01	2.898997774752756413e+03
1.006999999999982975e+01	3.057411901329905049e+03
1.007999999999982954e+01	2.838851287509921349e+03
1.008999999999982933e+01	2.727931948875448143e+03
1.009999999999982911e+01	2.666265002574636128e+03
1.010999999999982890e+01	2.692144848795182952e+03
1.011999999999982869e+01	2.783285445896763576e+03
1.012999999999982847e+01	2.656494642079578625e+03
1.013999999999982826e+01	2.767846493522392848e+03
1.014999999999982805e+01	2.622693599006465774e+03
1.015999999999982784e+01	2.748586037516446595e+03
1.016999999999982762e+01	2.843042783109101947e+03
1.017999999999982741e+01	2.838043115629549902e+03
1.018999999999982720e+01	2.854917521332918113e+03
1.019999999999982698e+01	3.047048161415499635e+03
1.020999999999982677e+01	3.054643665949599381e+03
1.021999999999982656e+01	2.839546613322232588e+03
1.022999999999982634e+01	2.965829663780988994e+03
1.023999999999982613e+01	3.170776702609583936e+03
1.024999999999982592e+01	3.263327240492188139e+03
1.025999999999982570e+01	3.308861971022558464e+03
1.026999999999982549e+01	3.352771753614692898e+03
1.027999999999982528e+01	3.482742348403564392e+03
1.028999999999982506e+01	3.637157140611650448e+03
1.029999999999982485e+01	3.635697382834605378e+03
1.030999999999982464e+01	3.577256256752237277e+03
1.031999999999982442e+01	3.375343688779800686e+03
1.032999999999982421e+01	3.337255403533331901e+03
1.033999999999982400e+01	3.404485998379673219e+03
1.034999999999982379e+01	3.366618974237274415e+03
1.035999999999982357e+01	3.583573923462071889e+03
1.036999999999982336e+01	3.407962885350862052e+03
1.037999999999982315e+01	3.337034466175516172e+03
1.038999999999982293e+01	3.350467405675895861e+03
1.039999999999982272e+01	3.137493618483159480e+03
1.040999999999982251e+01	3.410281389075536026e+03
1.041999999999982229e+01	3.286713220076875587e+03
1.042999999999982208e+01	3.280502636591506416e+03
1.043999999999982187e+01	3.214321227818103125e+03
1.044999999999982165e+01	3.328308073633500499e+03
1.045999999999982144e+01	3.404044344008400003e+03
1.046999999999982123e+01	3.472192329581099784e+03
1.047999999999982101e+01	3.513187914447655203e+03
1.048999999999982080e+01	3.706662675796808799e+03
1.049999999999982059e+01	3.867089193075909407e+03
1.050999999999982037e+01	3.733498123129681062e+03
1.051999999999982016e+01	3.888069520700595604e+03
1.052999999999981995e+01	3.836349947144849921e+03
1.053999999999981974e+01	3.325532120925649451e+03
1.054999999999981952e+01	3.329476189215450177e+03
1.055999999999981931e+01	3.463507988852168182e+03
1.056999999999981910e+01	3.555183304897435391e+03
1.057999999999981888e+01	3.433663440396837359e+03
1.058999999999981867e+01	3.465132597505823014e+03
1.059999999999981846e+01	3.559429985455877159e+03
1.060999999999981824e+01	3.731812062672551292e+03
1.061999999999981803e+01	3.609426979910638238e+03
1.062999999999981782e+01	3.816983233475171801e+03
1.063999999999981760e+01	3.941770206713087646e+03
1.064999999999981739e+01	3.683762673191090471e+03
1.065999999999981718e+01	3.431308759308806657e+03
1.066999999999981696e+01	3.463956828882181981e+03
1.067999999999981675e+01	3.627220797203756320e+03
1.068999999999981654e+01	3.663642959899852940e+03
1.069999999999981632e+01	3.551536416509459741e+03
1.070999999999981611e+01	3.615961993161846749e+03
1.071999999999981590e+01	3.783680700561890717e+03
1.072999999999981569e+01	3.776485921843675442e+03
1.073999999999981547e+01	3.862513248833137823e+03
1.074999999999981526e+01	3.976029323294357710e+03
1.075999999999981505e+01	3.983636244526887367e+03
1.076999999999981483e+01	4.103692562010189249e+03
1.077999999999981462e+01	3.929298365084737270e+03
1.078999999999981441e+01	4.104454607607984144e+03
1.079999999999981419e+01	4.270844974164643645e+03
1.080999999999981398e+01	4.463567005308705120e+03
1.081999999999981377e+01	4.158693716160285476e+03
1.082999999999981355e+01	4.089614158654382663e+03
1.083999999999981334e+01	4.019327621838947380e+03
1.084999999999981313e+01	3.907216198364834781e+03
1.085999999999981291e+01	4.015248608849819448e+03
1.086999999999981270e+01	4.108582967143039241e+03
1.087999999999981249e+01	4.098792135463902923e+03
1.088999999999981227e+01	4.043247517948282621e+03
1.089999999999981206e+01	3.984037522803082538e+03
1.090999999999981185e+01	3.905309988740238623e+03
1.091999999999981164e+01	4.085526213689880024e+03
1.092999999999981142e+01	4.237921053530833888e+03
1.093999999999981121e+01	4.024710573647195815e+03
1.094999999999981100e+01	4.185735928403026264e+03
1.095999999999981078e+01	4.158459594350373663e+03
1.096999999999981057e+01	4.138577481512238592e+03
1.097999999999981036e+01	3.963275195329942107e+03
1.098999999999981014e+01	3.943253427669735174e+03
1.099999999999980993e+01	3.820893749769099486e+03
1.100999999999980972e+01	3.958177767647001474e+03
1.101999999999980950e+01	3.950834386647667998e+03
1.102999999999980929e+01	4.150507333574480072e+03
1.103999999999980908e+01	4.246023264820464647e+03
1.104999999999980886e+01	4.287960541942091368e+03
1.105999999999980865e+01	4.325058295755647123e+03
1.106999999999980844e+01	4.469346012514587528e+03
1.107999999999980822e+01	4.374580750651808557e+03
1.108999999999980801e+01	4.322011443689782027e+03
1.109999999999980780e+01	4.412068731892608412e+03
1.110999999999980759e+01	4.134667042056730679e+03
1.111999999999980737e+01	4.137495813308833021e+03
1.112999999999980716e+01	4.395574068860122679e+03
1.113999999999980695e+01	4.219411926600148945e+03
1.114999999999980673e+01	4.310250212310616917e+03
1.115999999999980652e+01	4.416289689598081168e+03
1.116999999999980631e+01	4.380961107561569406e+03
1.117999999999980609e+01	4.419831240508183328e+03
1.118999999999980588e+01	4.509960806071123443e+03
1.119999999999980567e+01	4.322393121545741451e+03
1.120999999999980545e+01	4.356661007106766192e+03
1.121999999999980524e+01	4.287814638596555596e+03
1.122999999999980503e+01	4.282957297126460617e+03
1.123999999999980481e+01	4.345841846967787205e+03
1.124999999999980460e+01	4.146327904920204674e+03
1.125999999999980439e+01	4.324759977061403333e+03
1.126999999999980417e+01	4.174408940405794056e+03
1.127999999999980396e+01	4.110012181407071694e+03
1.128999999999980375e+01	4.063405813027428849e+03
1.129999999999980353e+01	3.972659013006269561e+03
1.130999999999980332e+01	3.906748247268722025e+03
1.131999999999980311e+01	3.696283573538695236e+03
1.132999999999980290e+01	3.446956020132749927e+03
1.133999999999980268e+01	3.575463881237001260e+03
1.134999999999980247e+01	3.678356134950611704e+03
1.135999999999980226e+01	3.737763071390517780e+03
1.136999999999980204e+01	3.703178703928211689e+03
1.137999999999980183e+01	3.866984856540760120e+03
1.138999999999980162e+01	4.014520126889745370e+03
1.139999999999980140e+01	4.089358041307806161e+03
1.140999999999980119e+01	3.996437226499544977e+03
1.141999999999980098e+01	4.132473111816090750e+03
1.142999999999980076e+01	4.103504774012624694e+03
1.143999999999980055e+01	3.991504758842124829e+03
1.144999999999980034e+01	3.938540461319586029e+03
1.145999999999980012e+01	3.945420441539752574e+03
1.146999999999979991e+01	3.844575607681662859e+03
1.147999999999979970e+01	3.808043772200966941e+03
1.148999999999979948e+01	3.663386198981495454e+03
1.149999999999979927e+01	3.721005058570432084e+03
1.150999999999979906e+01	4.027516039849309436e+03
1.151999999999979885e+01	3.887714117376693139e+03
1.152999999999979863e+01	3.946341173831580363e+03
1.153999999999979842e+01	3.960492801978541138e+03
1.154999999999979821e+01	3.956002066929420835e+03
1.155999999999979799e+01	4.179375206916272873e+03
1.156999999999979778e+01	4.177729425688999072e+03
1.157999999999979757e+01	4.374352448298422132e+03
1.158999999999979735e+01	4.346230823850768502e+03
1.159999999999979714e+01	4.269062099593861603e+03
1.160999999999979693e+01	4.103706358538915083e+03
1.161999999999979671e+01	4.295452375232885970e+03
1.162999999999979650e+01	4.202928914429372526e+03
1.163999999999979629e+01	4.219135023482414908e+03
1.164999999999979607e+01	4.061793657665418323e+03
1.165999999999979586e+01	4.006808717951000290e+03
1.166999999999979565e+01	4.210205710399260170e+03
1.167999999999979543e+01	4.171803708391252258e+03
1.168999999999979522e+01	4.238856518313155902e+03
1.169999999999979501e+01	4.314536698957703265e+03
1.170999999999979480e+01	4.262008921503187594e+03
1.171999999999979458e+01	4.346624892180743700e+03
1.172999999999979437e+01	4.321073911818481065e+03
1.173999999999979416e+01	4.269788615505444795e+03
1.174999999999979394e+01	4.323069258962092135e+03
1.175999999999979373e+01	4.141567339617883590e+03
1.176999999999979352e+01	4.108962752758847273e+03
1.177999999999979330e+01	4.183435754157908377e+03
1.178999999999979309e+01	4.066341435003639162e+03
1.179999999999979288e+01	4.185109098336256466e+03
1.180999999999979266e+01	4.024092034491199229e+03
1.181999999999979245e+01	4.005433238838206307e+03
1.182999999999979224e+01	4.179379804193978089e+03
1.183999999999979202e+01	4.315991702798767619e+03
1.184999999999979181e+01	4.126724904532606161e+03
1.185999999999979160e+01	4.263769138653076880e+03
1.186999999999979138e+01	4.297934889089005082e+03
1.187999999999979117e+01	4.401101451980353886e+03
1.188999999999979096e+01	7.099668597349862466e+03
1.189999999999979075e+01	5.979331699733846108e+03
1.190999999999979053e+01	6.077028848015621406e+03
1.191999999999979032e+01	6.181925120063226132e+03
1.192999999999979011e+01	6.098508136425252815e+03
1.193999999999978989e+01	5.968608691542545785e+03
1.194999999999978968e+01	5.475480844173278456e+03
1.195999999999978947e+01	5.026417621844280802e+03
1.196999999999978925e+01	5.021513499917008630e+03
1.197999999999978904e+01	4.484769169313826751e+03
1.198999999999978883e+01	4.465969382078963463e+03
1.199999999999978861e+01	4.565710769568298929e+03
1.200999999999978840e+01	4.070657489255969267e+03
1.201999999999978819e+01	4.426506663198984825e+03
1.202999999999978797e+01	4.203725675560942364e+03
1.203999999999978776e+01	4.215752586278465969e+03
1.204999999999978755e+01	4.967658486257053482e+03
1.205999999999978733e+01	4.421735083854517143e+03
1.206999999999978712e+01	5.353409351345060713e+03
1.207999999999978691e+01	4.932550525815169749e+03
1.208999999999978670e+01	4.363820061584667201e+03
1.209999999999978648e+01	3.889399062009656518e+03
1.210999999999978627e+01	3.905802039475543552e+03
1.211999999999978606e+01	3.553003500909467220e+03
1.212999999999978584e+01	3.607190230960491135e+03
1.213999999999978563e+01	3.651581279954397814e+03
1.214999999999978542e+01	3.647775082306721742e+03
1.215999999999978520e+01	3.665814285152899174e+03
1.216999999999978499e+01	3.886810020709489436e+03
1.217999999999978478e+01	3.983702529091638553e+03
1.218999999999978456e+01	3.962085286017775616e+03
1.219999999999978435e+01	3.943154211201748694e+03
1.220999999999978414e+01	3.996747622090673758e+03
1.221999999999978392e+01	4.141371638316840290e+03
1.222999999999978371e+01	4.436778713052921375e+03
1.223999999999978350e+01	4.078269688655551363e+03
1.224999999999978328e+01	3.644502436375605157e+03
1.225999999999978307e+01	3.693353570486610352e+03
1.226999999999978286e+01	3.630116242374927424e+03
1.227999999999978264e+01	3.079154709824460042e+03
1.228999999999978243e+01	2.955306238453233163e+03
1.229999999999978222e+01	2.882515914341353891e+03
1.230999999999978201e+01	3.117531583811140081e+03
1.231999999999978179e+01	3.161645516714334008e+03
1.232999999999978158e+01	3.380030648321847821e+03
1.233999999999978137e+01	3.465277797522959190e+03
1.234999999999978115e+01	3.462086102886213666e+03
1.235999999999978094e+01	3.344259098046000872e+03
1.236999999999978073e+01	3.406005657000303017e+03
1.237999999999978051e+01	3.461770311423385920e+03
1.238999999999978030e+01	3.191048379801324700e+03
1.239999999999978009e+01	3.281267701186932300e+03
1.240999999999977987e+01	3.344253927689905140e+03
1.241999999999977966e+01	3.634610999874185381e+03
1.242999999999977945e+01	3.735871668825168854e+03
1.243999999999977923e+01	3.145121018606717371e+03
1.244999999999977902e+01	3.300670067501367157e+03
1.245999999999977881e+01	3.247378312432850635e+03
1.246999999999977859e+01	3.162966032533695852e+03
1.247999999999977838e+01	3.146910090695299914e+03
1.248999999999977817e+01	3.377228596207763985e+03
1.249999999999977796e+01	2.804642724668643496e+03
1.250999999999977774e+01	2.814730762549424981e+03
1.251999999999977753e+01	2.836874619715778863e+03
1.252999999999977732e+01	3.388026724637073130e+03
1.253999999999977710e+01	3.462904125236690106e+03
1.254999999999977689e+01	3.296924323846042171e+03
1.255999999999977668e+01	3.605898676428761064e+03
1.256999999999977646e+01	3.661621963988237439e+03
1.257999999999977625e+01	3.496411317900152881e+03
1.258999999999977604e+01	3.813998700048023693e+03
1.259999999999977582e+01	4.046751691032592134e+03
1.260999999999977561e+01	3.195595990610265289e+03
1.261999999999977540e+01	2.799806798229012202e+03
1.262999999999977518e+01	2.934025061384184482e+03
1.263999999999977497e+01	4.269773299563247747e+03
1.264999999999977476e+01	4.184563672932774352e+03
1.265999999999977454e+01	3.746585582841838459e+03
1.266999999999977433e+01	3.751895855430983829e+03
1.267999999999977412e+01	3.722885009920597440e+03
1.268999999999977391e+01	3.893855988795654412e+03
1.269999999999977369e+01	3.922849985250081772e+03
1.270999999999977348e+01	3.619555645662031566e+03
1.271999999999977327e+01	3.599762502958081313e+03
1.272999999999977305e+01	3.444799774145535594e+03
1.273999999999977284e+01	3.299404480481206974e+03
1.274999999999977263e+01	3.564747588955299307e+03
1.275999999999977241e+01	3.308882422350833622e+03
1.276999999999977220e+01	3.009688193508326094e+03
1.277999999999977199e+01	2.877564338997345658e+03
1.278999999999977177e+01	2.787392221770598553e+03
1.279999999999977156e+01	2.516263944010697742e+03
1.280999999999977135e+01	2.526475974271715586e+03
1.281999999999977113e+01	2.373309647541678260e+03
1.282999999999977092e+01	2.419447657176018311e+03
1.283999999999977071e+01	2.471976196512796832e+03
1.284999999999977049e+01	2.655062731919998441e+03
1.285999999999977028e+01	2.758776252422920606e+03
1.286999999999977007e+01	2.720580117704909753e+03
1.287999999999976986e+01	2.561058201158838528e+03
1.288999999999976964e+01	2.588841121440585084e+03
1.289999999999976943e+01	2.596369175671817629e+03
1.290999999999976922e+01	2.521638094611621909e+03
1.291999999999976900e+01	2.675675938195849994e+03
1.292999999999976879e+01	2.746238714533048551e+03
1.293999999999976858e+01	2.605851283891923231e+03
1.294999999999976836e+01	2.437256109856667535e+03
1.295999999999976815e+01	2.368286684076937036e+03
1.296999999999976794e+01	2.332263752512669271e+03
1.297999999999976772e+01	2.501599677563618570e+03
1.298999999999976751e+01	2.415863192341776539e+03
1.299999999999976730e+01	2.336042293834972497e+03
1.300999999999976708e+01	2.284683575439611104e+03
1.301999999999976687e+01	2.268194109659238165e+03
1.302999999999976666e+01	2.395678628261553968e+03
1.303999999999976644e+01	2.464070721670745570e+03
1.304999999999976623e+01	2.293966991830565803e+03
1.305999999999976602e+01	2.578828198991952831e+03
1.306999999999976581e+01	2.469682941783748902e+03
1.307999999999976559e+01	2.256133762104574544e+03
1.308999999999976538e+01	2.505453036479440925e+03
1.309999999999976517e+01	2.452509025961093357e+03
1.310999999999976495e+01	2.528095399929134601e+03
1.311999999999976474e+01	2.659232925821877416e+03
1.312999999999976453e+01	2.715503766830996938e+03
1.313999999999976431e+01	2.656927705605394749e+03
1.314999999999976410e+01	2.826654165177559207e+03
1.315999999999976389e+01	2.989460861713559098e+03
1.316999999999976367e+01	3.156167418744910719e+03
1.317999999999976346e+01	3.306943366187709216e+03
1.318999999999976325e+01	3.144471475952323544e+03
1.319999999999976303e+01	3.310589480132754034e+03
1.320999999999976282e+01	3.447011610341892265e+03
1.321999999999976261e+01	3.532327725338066557e+03
1.322999999999976239e+01	3.378487986983342125e+03
1.323999999999976218e+01	3.510701501525394633e+03
1.324999999999976197e+01	3.474064140710442189e+03
1.325999999999976176e+01	3.341045408714593577e+03
1.326999999999976154e+01	3.177521235939976577e+03
1.327999999999976133e+01	3.585712518082864790e+03
1.328999999999976112e+01	3.142755049406228864e+03
1.329999999999976090e+01	3.304939082343824339e+03
1.330999999999976069e+01	3.488711044576963104e+03
1.331999999999976048e+01	3.448373504534401036e+03
1.332999999999976026e+01	3.525882714836970536e+03
1.333999999999976005e+01	3.538142530187121338e+03
1.334999999999975984e+01	3.561218418514534278e+03
1.335999999999975962e+01	3.847510610668399750e+03
1.336999999999975941e+01	3.959364310938044582e+03
1.337999999999975920e+01	3.753184382146515873e+03
1.338999999999975898e+01	3.779235044299586207e+03
1.339999999999975877e+01	3.767488319941608097e+03
1.340999999999975856e+01	3.630186680371415605e+03
1.341999999999975834e+01	3.510329668452214719e+03
1.342999999999975813e+01	3.557170989799804374e+03
1.343999999999975792e+01	3.615616336585278987e+03
1.344999999999975770e+01	3.807425890772565253e+03
1.345999999999975749e+01	4.033629136922012549e+03
1.346999999999975728e+01	3.959243800345194813e+03
1.347999999999975707e+01	3.772471053364830368e+03
1.348999999999975685e+01	3.672086200564095179e+03
1.349999999999975664e+01	3.507675602354845068e+03
1.350999999999975643e+01	3.442876244397803021e+03
1.351999999999975621e+01	3.479519032434884593e+03
1.352999999999975600e+01	3.498345794373902208e+03
1.353999999999975579e+01	3.320687030390164182e+03
1.354999999999975557e+01	3.367588139175955803e+03
1.355999999999975536e+01	3.407677574579929569e+03
1.356999999999975515e+01	3.562016846552999596e+03
1.357999999999975493e+01	3.263225666966451172e+03
1.358999999999975472e+01	3.450383814116241410e+03
1.359999999999975451e+01	3.432888854245665243e+03
1.360999999999975429e+01	3.292410055958318480e+03
1.361999999999975408e+01	3.471064869760294187e+03
1.362999999999975387e+01	3.738245619699522649e+03
1.363999999999975365e+01	3.646796051805574280e+03
1.364999999999975344e+01	3.354277192435496545e+03
1.365999999999975323e+01	3.295131954464349747e+03
1.366999999999975302e+01	3.280037000641646955e+03
1.367999999999975280e+01	3.297119381394782977e+03
1.368999999999975259e+01	3.409418858793950676e+03
1.369999999999975238e+01	3.555168815723041007e+03
1.370999999999975216e+01	3.569576320587127157e+03
1.371999999999975195e+01	3.757854706698697555e+03
1.372999999999975174e+01	3.928204907776184882e+03
1.373999999999975152e+01	4.043353468078949390e+03
1.374999999999975131e+01	3.623338997478856072e+03
1.375999999999975110e+01	3.745126540605951050e+03
1.376999999999975088e+01	3.797408168216160902e+03
1.377999999999975067e+01	3.954397609594117057e+03
1.378999999999975046e+01	4.005055028602241691e+03
1.379999999999975024e+01	4.164435159001212014e+03
1.380999999999975003e+01	4.297181166614584072e+03
1.381999999999974982e+01	4.250032587052130111e+03
1.382999999999974960e+01	4.154432667833812957e+03
1.383999999999974939e+01	4.072695936360816177e+03
1.384999999999974918e+01	4.136071798452047005e+03
1.385999999999974897e+01	3.911593033310543433e+03
1.386999999999974875e+01	3.653072107147684619e+03
1.387999999999974854e+01	3.601995461763091043e+03
1.388999999999974833e+01	3.581628945966553147e+03
1.389999999999974811e+01	3.618454240470003242e+03
1.390999999999974790e+01	3.700417822684421026e+03
1.391999999999974769e+01	3.581162090805023581e+03
1.392999999999974747e+01	3.676900094016779803e+03
1.393999999999974726e+01	3.525245505260492337e+03
1.394999999999974705e+01	3.624152494380798089e+03
1.395999999999974683e+01	3.623284188048442957e+03
1.396999999999974662e+01	3.615846498521333160e+03
1.397999999999974641e+01	3.419530273820266302e+03
1.398999999999974619e+01	3.389727210348106382e+03
1.399999999999974598e+01	3.557731305292049910e+03
1.400999999999974577e+01	3.316060128177727165e+03
1.401999999999974555e+01	3.482968394174034074e+03
1.402999999999974534e+01	3.501396355737027534e+03
1.403999999999974513e+01	3.719017338427657705e+03
1.404999999999974492e+01	3.657481362621793778e+03
1.405999999999974470e+01	3.651733448229307214e+03
1.406999999999974449e+01	3.725846154507514257e+03
1.407999999999974428e+01	3.896941835119257121e+03
1.408999999999974406e+01	3.931915444666919939e+03
1.409999999999974385e+01	4.193078171631461373e+03
1.410999999999974364e+01	3.997462256151044585e+03
1.411999999999974342e+01	3.826256789491671498e+03
1.412999999999974321e+01	3.623517595291227281e+03
1.413999999999974300e+01	3.745580639331654766e+03
1.414999999999974278e+01	3.676600629789845698e+03
1.415999999999974257e+01	3.751703162325016820e+03
1.416999999999974236e+01	3.698589330096769118e+03
1.417999999999974214e+01	3.738442651438296707e+03
1.418999999999974193e+01	3.555544624775135162e+03
1.419999999999974172e+01	3.526257193703706434e+03
1.420999999999974150e+01	3.510574833243845660e+03
1.421999999999974129e+01	3.660421568630726142e+03
1.422999999999974108e+01	3.711198678102518898e+03
1.423999999999974087e+01	3.735561415199941166e+03
1.424999999999974065e+01	3.673291664537578072e+03
1.425999999999974044e+01	4.005977892799475740e+03
1.426999999999974023e+01	3.772506303773177024e+03
1.427999999999974001e+01	3.740911679795770397e+03
1.428999999999973980e+01	3.704950478631464648e+03
1.429999999999973959e+01	3.712744601537061953e+03
1.430999999999973937e+01	3.756048871008046262e+03
1.431999999999973916e+01	3.913370212256228115e+03
1.432999999999973895e+01	3.807451087281925538e+03
1.433999999999973873e+01	3.809214087679735712e+03
1.434999999999973852e+01	3.871471201360246141e+03
1.435999999999973831e+01	3.715288434065843830e+03
1.436999999999973809e+01	3.918834211562539622e+03
1.437999999999973788e+01	4.128353255045813967e+03
1.438999999999973767e+01	3.975993916806829475e+03
1.439999999999973745e+01	3.972353730076011743e+03
1.440999999999973724e+01	4.063724703147148830e+03
1.441999999999973703e+01	4.477773260363638656e+03
1.442999999999973681e+01	4.241780137933169499e+03
1.443999999999973660e+01	4.204833660979152228e+03
1.444999999999973639e+01	4.463695279004375152e+03
1.445999999999973618e+01	4.566075205026312688e+03
1.446999999999973596e+01	3.818933369369106913e+03
1.447999999999973575e+01	3.988365514469058780e+03
1.448999999999973554e+01	4.325478962073791081e+03
1.449999999999973532e+01	4.346639270313366978e+03
1.450999999999973511e+01	4.489950014861231466e+03
1.451999999999973490e+01	4.557362227320298189e+03
1.452999999999973468e+01	4.730239947712369030e+03
1.453999999999973447e+01	4.668075557990883681e+03
1.454999999999973426e+01	4.913434036621680207e+03
1.455999999999973404e+01	4.728961981903992637e+03
1.456999999999973383e+01	4.998177732861313416e+03
1.457999999999973362e+01	4.867423951847289572e+03
1.458999999999973340e+01	4.861671180502073184e+03
1.459999999999973319e+01	5.353520719007358821e+03
1.460999999999973298e+01	5.317072644800764465e+03
1.461999999999973276e+01	5.009573892934506148e+03
1.462999999999973255e+01	4.891327692617730463e+03
1.463999999999973234e+01	4.799190113825166918e+03
1.464999999999973213e+01	4.715849560866556203e+03
1.465999999999973191e+01	4.779117074238957684e+03
1.466999999999973170e+01	4.948171840890720887e+03
1.467999999999973149e+01	5.056958783466398927e+03
1.468999999999973127e+01	4.593339063714378426e+03
1.469999999999973106e+01	4.832087846444315801e+03
1.470999999999973085e+01	4.820979399001926140e+03
1.471999999999973063e+01	4.582981897416078937e+03
1.472999999999973042e+01	4.510745830525426754e+03
1.473999999999973021e+01	4.425222468084081811e+03
1.474999999999972999e+01	4.187508255210615971e+03
1.475999999999972978e+01	4.366503972692045863e+03
1.476999999999972957e+01	4.374228716628075745e+03
1.477999999999972935e+01	4.278969472221911929e+03
1.478999999999972914e+01	4.413009382793592522e+03
1.479999999999972893e+01	4.375003934762913559e+03
1.480999999999972871e+01	4.445727184590197794e+03
1.481999999999972850e+01	4.627096400566849297e+03
1.482999999999972829e+01	4.923328203739326455e+03
1.483999999999972808e+01	4.711081198155018683e+03
1.484999999999972786e+01	4.788049370130225725e+03
1.485999999999972765e+01	4.798802857556232084e+03
1.486999999999972744e+01	4.726675716586057206e+03
1.487999999999972722e+01	4.816126351696941128e+03
1.488999999999972701e+01	4.810586662720293134e+03
1.489999999999972680e+01	4.633717628480451822e+03
1.490999999999972658e+01	4.586897508507475322e+03
1.491999999999972637e+01	4.514070774548623376e+03
1.492999999999972616e+01	4.345248177537575430e+03
1.493999999999972594e+01	4.207244041321559052e+03
1.494999999999972573e+01	4.135580981252512174e+03
1.495999999999972552e+01	4.192727747974405247e+03
1.496999999999972530e+01	4.193332050097828869e+03
1.497999999999972509e+01	4.342764414132506317e+03
1.498999999999972488e+01	4.545447993406238311e+03
1.499999999999972466e+01	4.460422823531007452e+03
1.500999999999972445e+01	4.313040435815818455e+03
1.501999999999972424e+01	4.082197401603430535e+03
1.502999999999972403e+01	4.201538895852864698e+03
1.503999999999972381e+01	4.078141266481548428e+03
1.504999999999972360e+01	4.167328566975024842e+03
1.505999999999972339e+01	4.324342128918771778e+03
1.506999999999972317e+01	4.096421837652977956e+03
1.507999999999972296e+01	4.072010305931409221e+03
1.508999999999972275e+01	3.970931992546388301e+03
1.509999999999972253e+01	3.950945473636395946e+03
1.510999999999972232e+01	3.904754021904544970e+03
1.511999999999972211e+01	3.811356225938652642e+03
1.512999999999972189e+01	3.904619433066598049e+03
1.513999999999972168e+01	3.955536383730522630e+03
1.514999999999972147e+01	4.050365585109108906e+03
1.515999999999972125e+01	4.151212297535916150e+03
1.516999999999972104e+01	4.331078196823912549e+03
1.517999999999972083e+01	4.314598926308777664e+03
1.518999999999972061e+01	4.266510329237375117e+03
1.519999999999972040e+01	4.294613444000380696e+03
1.520999999999972019e+01	4.326542381220029711e+03
1.521999999999971998e+01	4.442947584369621836e+03
1.522999999999971976e+01	4.370319273906536182e+03
1.523999999999971955e+01	4.336567751850294371e+03
1.524999999999971934e+01	4.347533610154639973e+03
1.525999999999971912e+01	4.330044958974567635e+03
1.526999999999971891e+01	4.378610278315245523e+03
1.527999999999971870e+01	4.297125925475478653e+03
1.528999999999971848e+01	4.288967432085042674e+03
1.529999999999971827e+01	4.204291493844761135e+03
1.530999999999971806e+01	4.162040994075823619e+03
1.531999999999971784e+01	4.233333035296809612e+03
1.532999999999971763e+01	4.327300285919234739e+03
1.533999999999971742e+01	4.260270892338698104e+03
1.534999999999971720e+01	4.381294365977413690e+03
1.535999999999971699e+01	4.326427813678408711e+03
1.536999999999971678e+01	4.438165335074091672e+03
1.537999999999971656e+01	4.610358598151541628e+03
1.538999999999971635e+01	4.586618931962784700e+03
1.539999999999971614e+01	4.582643787878871080e+03
1.540999999999971593e+01	4.804520113869940360e+03
1.541999999999971571e+01	4.873378210381345525e+03
1.542999999999971550e+01	4.991542864883552284e+03
1.543999999999971529e+01	4.829947888849696028e+03
1.544999999999971507e+01	4.880543863204288755e+03
1.545999999999971486e+01	4.890547439891724025e+03
1.546999999999971465e+01	4.872278544414773933e+03
1.547999999999971443e+01	5.041363769746219987e+03
1.548999999999971422e+01	4.811145448980990295e+03
1.549999999999971401e+01	4.964450421797618219e+03
1.550999999999971379e+01	4.754031643667982280e+03
1.551999999999971358e+01	4.777294082426491514e+03
1.552999999999971337e+01	4.913907725398134971e+03
1.553999999999971315e+01	4.799058613699146008e+03
1.554999999999971294e+01	4.747032070196489258e+03
1.555999999999971273e+01	4.496035563488040680e+03
1.556999999999971251e+01	4.420119295073403919e+03
1.557999999999971230e+01	4.616430378074023793e+03
1.558999999999971209e+01	4.660937292309348777e+03
1.559999999999971187e+01	4.746604344865407256e+03
1.560999999999971166e+01	4.793700074079399201e+03
1.561999999999971145e+01	4.752692233937721539e+03
1.562999999999971124e+01	4.872806584905640193e+03
1.563999999999971102e+01	4.823588928909071910e+03
1.564999999999971081e+01	4.827908719322315847e+03
1.565999999999971060e+01	4.779080970234243978e+03
1.566999999999971038e+01	5.039733573904537479e+03
1.567999999999971017e+01	5.265509624303928831e+03
1.568999999999970996e+01	5.084890078523470947e+03
1.569999999999970974e+01	5.086738073432603414e+03
1.570999999999970953e+01	4.951172389312248924e+03
1.571999999999970932e+01	4.928106531697825631e+03
1.572999999999970910e+01	5.190775181397118104e+03
1.573999999999970889e+01	5.167300263743867617e+03
1.574999999999970868e+01	5.000059164880784010e+03
1.575999999999970846e+01	5.024659506362516368e+03
1.576999999999970825e+01	4.935892476487475506e+03
1.577999999999970804e+01	4.923907566808566116e+03
1.578999999999970782e+01	4.879478242882592895e+03
1.579999999999970761e+01	4.787232651601880207e+03
1.580999999999970740e+01	4.905526078763748046e+03
1.581999999999970719e+01	5.093687413994513008e+03
1.582999999999970697e+01	4.985268771946772176e+03
1.583999999999970676e+01	5.207330794437730219e+03
1.584999999999970655e+01	5.235476300221736892e+03
1.585999999999970633e+01	5.297012836341066759e+03
1.586999999999970612e+01	5.374575208434192973e+03
1.587999999999970591e+01	5.108365172587145935e+03
1.588999999999970569e+01	5.047694612562057955e+03
1.589999999999970548e+01	4.743479514412177195e+03
1.590999999999970527e+01	4.823934081694390443e+03
1.591999999999970505e+01	4.776567118532783752e+03
1.592999999999970484e+01	6.436411023902968736e+03
1.593999999999970463e+01	6.276702470888673815e+03
1.594999999999970441e+01	5.871913396592587560e+03
1.595999999999970420e+01	5.579619606632380965e+03
1.596999999999970399e+01	5.434561171228172498e+03
1.597999999999970377e+01	5.583453400814805718e+03
1.598999999999970356e+01	5.480097054842221041e+03
1.599999999999970335e+01	5.756663963670507655e+03
1.600999999999970314e+01	5.177304795230267700e+03
1.601999999999970470e+01	5.080372290895676997e+03
1.602999999999970626e+01	5.208950572455698421e+03
1.603999999999970782e+01	5.614883226066015595e+03
1.604999999999970939e+01	5.526085024195377628e+03
1.605999999999971095e+01	5.406616653854634933e+03
1.606999999999971251e+01	5.167620830390445917e+03
1.607999999999971408e+01	4.896573852924361745e+03
1.608999999999971564e+01	5.031705825615987123e+03
1.609999999999971720e+01	4.954084270494198790e+03
1.610999999999971877e+01	4.746436089656963304e+03
1.611999999999972033e+01	4.791836376976610154e+03
1.612999999999972189e+01	4.552990401113099324e+03
1.613999999999972346e+01	4.121487746503119524e+03
1.614999999999972502e+01	4.215337602391628025e+03
1.615999999999972658e+01	4.308033381023810762e+03
1.616999999999972815e+01	4.397103811816410598e+03
1.617999999999972971e+01	4.608178412814543663e+03
1.618999999999973127e+01	4.612345403085249927e+03
1.619999999999973284e+01	4.683796215168752497e+03
1.620999999999973440e+01	4.553166000111669746e+03
1.621999999999973596e+01	4.255259653361326855e+03
1.622999999999973753e+01	4.172558712670742352e+03
1.623999999999973909e+01	4.644213169334811937e+03
1.624999999999974065e+01	4.403210037954369000e+03
1.625999999999974222e+01	4.312036291110551247e+03
1.626999999999974378e+01	4.416553188849051367e+03
1.627999999999974534e+01	4.372125693160063747e+03
1.628999999999974690e+01	4.330036379666231369e+03
1.629999999999974847e+01	4.397505648150969137e+03
1.630999999999975003e+01	4.586029103533979651e+03
1.631999999999975159e+01	4.711677397532013856e+03
1.632999999999975316e+01	4.979894657739574541e+03
1.633999999999975472e+01	5.047473775224955716e+03
1.634999999999975628e+01	4.920989043942336139e+03
1.635999999999975785e+01	4.875913854680699842e+03
1.636999999999975941e+01	4.772502908157552156e+03
1.637999999999976097e+01	4.932709858284287293e+03
1.638999999999976254e+01	4.848982732222024424e+03
1.639999999999976410e+01	5.069954176528791322e+03
1.640999999999976566e+01	4.742159901622904727e+03
1.641999999999976723e+01	4.278670819196632692e+03
1.642999999999976879e+01	4.011501779980136234e+03
1.643999999999977035e+01	4.034252275467876643e+03
1.644999999999977192e+01	3.920826338852379195e+03
1.645999999999977348e+01	3.803678048253740599e+03
1.646999999999977504e+01	3.873462664895127091e+03
1.647999999999977661e+01	3.759899446174056720e+03
1.648999999999977817e+01	3.796928212146630358e+03
1.649999999999977973e+01	3.978295735454689293e+03
1.650999999999978129e+01	3.797994155088667412e+03
1.651999999999978286e+01	3.793978840164478243e+03
1.652999999999978442e+01	3.685739275161480691e+03
1.653999999999978598e+01	3.357804114851342547e+03
1.654999999999978755e+01	3.564307176496187367e+03
1.655999999999978911e+01	3.152147050780632526e+03
1.656999999999979067e+01	3.041394469094769192e+03
1.657999999999979224e+01	3.212388500461745934e+03
1.658999999999979380e+01	3.256825534721517215e+03
1.659999999999979536e+01	3.398305385272832609e+03
1.660999999999979693e+01	3.286559472344223650e+03
1.661999999999979849e+01	3.264735152329514676e+03
1.662999999999980005e+01	3.350552422995868255e+03
1.663999999999980162e+01	3.338314335658212258e+03
1.664999999999980318e+01	3.239224913517174627e+03
1.665999999999980474e+01	3.385570442103137793e+03
1.666999999999980631e+01	3.383385661380038982e+03
1.667999999999980787e+01	3.250986087213798328e+03
1.668999999999980943e+01	3.186604739744427206e+03
1.669999999999981100e+01	3.414207257720356665e+03
1.670999999999981256e+01	3.609548360337106260e+03
1.671999999999981412e+01	3.688711508822048017e+03
1.672999999999981569e+01	3.760589721128764268e+03
1.673999999999981725e+01	3.836009075489761926e+03
1.674999999999981881e+01	3.816356781609017617e+03
1.675999999999982037e+01	3.784248325586154351e+03
1.676999999999982194e+01	3.697609467856388619e+03
1.677999999999982350e+01	4.299458090648708094e+03
1.678999999999982506e+01	4.459843371671569003e+03
1.679999999999982663e+01	4.075210854137143997e+03
1.680999999999982819e+01	4.047588611948844118e+03
1.681999999999982975e+01	4.014233487389608854e+03
1.682999999999983132e+01	4.475933055898643943e+03
1.683999999999983288e+01	3.947244503396318578e+03
1.684999999999983444e+01	3.997880433202365566e+03
1.685999999999983601e+01	3.819261896465355221e+03
1.686999999999983757e+01	3.896652043034757298e+03
1.687999999999983913e+01	4.112359510651071105e+03
1.688999999999984070e+01	3.763516957706053745e+03
1.689999999999984226e+01	3.496494716317914936e+03
1.690999999999984382e+01	3.472864226742080973e+03
1.691999999999984539e+01	3.561568791643981058e+03
1.692999999999984695e+01	3.036515718472046501e+03
1.693999999999984851e+01	2.987351961506366024e+03
1.694999999999985008e+01	3.024197049055427669e+03
1.695999999999985164e+01	2.816872781081026460e+03
1.696999999999985320e+01	2.938148627373027011e+03
1.697999999999985477e+01	2.942856812895799521e+03
1.698999999999985633e+01	3.250968615880721245e+03
1.699999999999985789e+01	3.440100168767604373e+03
1.700999999999985945e+01	3.545732560428285069e+03
1.701999999999986102e+01	4.150760026673720859e+03
1.702999999999986258e+01	4.315749995065706571e+03
1.703999999999986414e+01	3.897312707218854484e+03
1.704999999999986571e+01	3.873559903478620072e+03
1.705999999999986727e+01	3.504552606149526582e+03
1.706999999999986883e+01	3.852100412522829174e+03
1.707999999999987040e+01	3.534953920034991825e+03
1.708999999999987196e+01	3.795963543983165437e+03
1.709999999999987352e+01	3.858031676036779572e+03
1.710999999999987509e+01	3.702364417862162554e+03
1.711999999999987665e+01	3.793996950762351389e+03
1.712999999999987821e+01	3.895347193853682256e+03
1.713999999999987978e+01	3.898497115752381887e+03
1.714999999999988134e+01	4.056909821968778488e+03
1.715999999999988290e+01	4.256522214910663024e+03
1.716999999999988447e+01	4.013821933352385713e+03
1.717999999999988603e+01	4.056577354041209674e+03
1.718999999999988759e+01	4.246544052355624444e+03
1.719999999999988916e+01	3.804862105443015025e+03
1.720999999999989072e+01	3.542203021201820775e+03
1.721999999999989228e+01	3.427433603900976777e+03
1.722999999999989384e+01	3.241218987572010974e+03
1.723999999999989541e+01	3.153574813758056735e+03
1.724999999999989697e+01	3.063675436836801964e+03
1.725999999999989853e+01	3.159214456691421219e+03
1.726999999999990010e+01	3.077602703842741903e+03
1.727999999999990166e+01	2.931102334797891217e+03
1.728999999999990322e+01	2.697739378814995689e+03
1.729999999999990479e+01	2.720569974680347514e+03
1.730999999999990635e+01	2.794207018792254530e+03
1.731999999999990791e+01	2.865392175740647872e+03
1.732999999999990948e+01	3.259909382593713872e+03
1.733999999999991104e+01	3.574375631374121440e+03
1.734999999999991260e+01	3.905535259345974737e+03
1.735999999999991417e+01	4.107305069139464649e+03
1.736999999999991573e+01	4.376770397063303790e+03
1.737999999999991729e+01	4.202527738882599806e+03
1.738999999999991886e+01	4.227215505979992486e+03
1.739999999999992042e+01	3.619256937365160411e+03
1.740999999999992198e+01	3.499521497819318938e+03
1.741999999999992355e+01	3.597821697629100527e+03
1.742999999999992511e+01	3.413502468021793902e+03
1.743999999999992667e+01	3.159349683163568898e+03
1.744999999999992824e+01	2.965245300901380688e+03
1.745999999999992980e+01	3.132493425566117367e+03
1.746999999999993136e+01	3.294122743532210734e+03
1.747999999999993292e+01	3.348477693626946348e+03
1.748999999999993449e+01	3.072698799640731067e+03
1.749999999999993605e+01	3.133725287781835959e+03
1.750999999999993761e+01	3.225583213337436064e+03
1.751999999999993918e+01	3.090412270889135925e+03
1.752999999999994074e+01	4.698467881710191250e+03
1.753999999999994230e+01	4.087028229850850039e+03
1.754999999999994387e+01	3.602067374611761352e+03
1.755999999999994543e+01	3.582186013246315269e+03
1.756999999999994699e+01	3.313597968781393320e+03
1.757999999999994856e+01	3.411014625565954702e+03
1.758999999999995012e+01	3.335515525422343671e+03
1.759999999999995168e+01	3.090614713686804862e+03
1.760999999999995325e+01	3.198806526370520714e+03
1.761999999999995481e+01	3.263507854051551021e+03
1.762999999999995637e+01	3.275627151414777472e+03
1.763999999999995794e+01	3.438862864076764708e+03
1.764999999999995950e+01	3.482491622535143961e+03
1.765999999999996106e+01	3.629247079537898571e+03
1.766999999999996263e+01	3.767435955283143812e+03
1.767999999999996419e+01	3.812823604057060948e+03
1.768999999999996575e+01	3.665908698070804803e+03
1.769999999999996732e+01	3.692976705339021464e+03
1.770999999999996888e+01	3.571927302694352875e+03
1.771999999999997044e+01	3.644640720723821687e+03
1.772999999999997200e+01	3.683670033659694582e+03
1.773999999999997357e+01	3.715129953304978699e+03
1.774999999999997513e+01	3.718830053794656578e+03
1.775999999999997669e+01	3.628174292015426545e+03
1.776999999999997826e+01	3.631079007244341028e+03
1.777999999999997982e+01	3.404911967244118387e+03
1.778999999999998138e+01	3.580548815454003034e+03
1.779999999999998295e+01	3.277294171283714604e+03
1.780999999999998451e+01	3.086145653690551626e+03
1.781999999999998607e+01	3.052192379586876086e+03
1.782999999999998764e+01	3.193778884321347959e+03
1.783999999999998920e+01	3.368371764911417358e+03
1.784999999999999076e+01	3.270539286581601573e+03
1.785999999999999233e+01	3.163877244009322567e+03
1.786999999999999389e+01	3.017775171511937515e+03
1.787999999999999545e+01	2.864749619367732521e+03
1.788999999999999702e+01	2.848049233861611356e+03
1.789999999999999858e+01	2.805167793002592589e+03
1.791000000000000014e+01	3.070475232147881343e+03
1.792000000000000171e+01	3.177003686328704134e+03
1.793000000000000327e+01	2.825617258424858392e+03
1.794000000000000483e+01	2.897693732029834791e+03
1.795000000000000639e+01	3.113421754470988162e+03
1.796000000000000796e+01	2.760295052739046241e+03
1.797000000000000952e+01	2.890663600742140261e+03
1.798000000000001108e+01	2.846322859331106883e+03
1.799000000000001265e+01	2.959966076269091445e+03
1.800000000000001421e+01	2.911255460630309699e+03
1.801000000000001577e+01	3.103604915241647632e+03
1.802000000000001734e+01	3.273663464315048259e+03
1.803000000000001890e+01	3.279349712678375909e+03
1.804000000000002046e+01	3.469420517076331180e+03
1.805000000000002203e+01	3.238664831907263761e+03
1.806000000000002359e+01	3.387633519804569460e+03
1.807000000000002515e+01	3.445050390061025610e+03
1.808000000000002672e+01	3.326135259164955187e+03
1.809000000000002828e+01	3.135529058632194392e+03
1.810000000000002984e+01	3.156475947777265901e+03
1.811000000000003141e+01	3.039742478111139008e+03
1.812000000000003297e+01	2.950211990553056239e+03
1.813000000000003453e+01	3.113840645724030765e+03
1.814000000000003610e+01	3.139492879510759849e+03
1.815000000000003766e+01	3.083835880766099763e+03
1.816000000000003922e+01	3.201644880855947122e+03
1.817000000000004079e+01	3.184510092896161950e+03
1.818000000000004235e+01	3.148145500175127381e+03
1.819000000000004391e+01	3.072985936152645536e+03
1.820000000000004547e+01	3.158291853423864268e+03
1.821000000000004704e+01	3.290617345636499067e+03
1.822000000000004860e+01	3.142866957885182273e+03
1.823000000000005016e+01	3.316776671137923586e+03
1.824000000000005173e+01	3.117403775772286281e+03
1.825000000000005329e+01	3.246146319409300304e+03
1.826000000000005485e+01	3.265629427548371496e+03
1.827000000000005642e+01	3.237143354670798544e+03
1.828000000000005798e+01	3.265655866973924276e+03
1.829000000000005954e+01	3.466667998978160540e+03
1.830000000000006111e+01	3.384089806103897899e+03
1.831000000000006267e+01	2.892913773715243224e+03
1.832000000000006423e+01	2.842389938448324756e+03
1.833000000000006580e+01	2.941910167942875887e+03
1.834000000000006736e+01	2.974868205171576847e+03
1.835000000000006892e+01	2.827946643581150965e+03
1.836000000000007049e+01	2.850983245816876206e+03
1.837000000000007205e+01	2.932070017108389948e+03
1.838000000000007361e+01	3.001076477613229599e+03
1.839000000000007518e+01	3.004821437627992054e+03
1.840000000000007674e+01	3.086155804634135166e+03
1.841000000000007830e+01	3.152866653179732566e+03
1.842000000000007987e+01	3.147737373046345965e+03
1.843000000000008143e+01	3.190817792486725011e+03
1.844000000000008299e+01	3.234625194890238163e+03
1.845000000000008455e+01	3.216905149631623317e+03
1.846000000000008612e+01	3.236909415328103023e+03
1.847000000000008768e+01	3.416057270567159321e+03
1.848000000000008924e+01	3.424152870296366018e+03
1.849000000000009081e+01	3.412286035194204032e+03
1.850000000000009237e+01	3.378358014329730395e+03
1.851000000000009393e+01	3.333620180453747707e+03
1.852000000000009550e+01	3.301433595975899152e+03
1.853000000000009706e+01	3.274567040903772067e+03
1.854000000000009862e+01	3.340004551935174732e+03
1.855000000000010019e+01	3.348033819343441337e+03
1.856000000000010175e+01	3.484242156490782236e+03
1.857000000000010331e+01	3.371009064108786788e+03
1.858000000000010488e+01	3.200254978163466149e+03
1.859000000000010644e+01	3.293175331492173427e+03
1.860000000000010800e+01	3.393853165821756193e+03
1.861000000000010957e+01	3.455812598238443570e+03
1.862000000000011113e+01	3.526836163817602937e+03
1.863000000000011269e+01	3.626705728432948945e+03
1.864000000000011426e+01	3.680356314507362185e+03
1.865000000000011582e+01	3.771974544644063826e+03
1.866000000000011738e+01	3.835371717015032118e+03
1.867000000000011894e+01	3.470927712164943841e+03
1.868000000000012051e+01	3.468859519987776821e+03
1.869000000000012207e+01	3.549030513914975927e+03
1.870000000000012363e+01	3.569903730596563946e+03
1.871000000000012520e+01	3.747408258764683978e+03
1.872000000000012676e+01	3.722426610094888019e+03
1.873000000000012832e+01	3.635189816557209724e+03
1.874000000000012989e+01	3.822713084459271158e+03
1.875000000000013145e+01	3.726537641460193754e+03
1.876000000000013301e+01	3.738659222675550609e+03
1.877000000000013458e+01	4.057541906084466063e+03
1.878000000000013614e+01	4.137483798319506604e+03
1.879000000000013770e+01	4.038094504650120143e+03
1.880000000000013927e+01	4.073195332062910438e+03
1.881000000000014083e+01	4.129495887332377606e+03
1.882000000000014239e+01	3.888452864294060419e+03
1.883000000000014396e+01	3.907919968574669838e+03
1.884000000000014552e+01	3.924497147970860169e+03
1.885000000000014708e+01	3.746834014500178910e+03
1.886000000000014865e+01	3.813182753874502851e+03
1.887000000000015021e+01	3.846894202433644750e+03
1.888000000000015177e+01	3.927824040073671313e+03
1.889000000000015334e+01	3.619169771956714612e+03
1.890000000000015490e+01	3.965675696908061582e+03
1.891000000000015646e+01	3.821364367096050046e+03
1.892000000000015802e+01	3.735847189103084929e+03
1.893000000000015959e+01	3.844881748397328010e+03
1.894000000000016115e+01	3.618001255221973224e+03
1.895000000000016271e+01	3.568598371973527719e+03
1.896000000000016428e+01	3.699717033909209931e+03
1.897000000000016584e+01	3.691465504844287352e+03
1.898000000000016740e+01	3.658848966096375989e+03
1.899000000000016897e+01	3.720589571633611740e+03
1.900000000000017053e+01	3.651391740811958698e+03
1.901000000000017209e+01	3.477852653137184461e+03
1.902000000000017366e+01	3.490876918924206620e+03
1.903000000000017522e+01	3.513175361975568194e+03
1.904000000000017678e+01	3.417054388561394262e+03
1.905000000000017835e+01	3.401502440790414312e+03
1.906000000000017991e+01	5.687725387431842137e+03
1.907000000000018147e+01	4.901374162736259677e+03
1.908000000000018304e+01	4.299190258313538834e+03
1.909000000000018460e+01	4.342608900218829149e+03
1.910000000000018616e+01	4.396777736697124055e+03
1.911000000000018773e+01	4.502567553492667685e+03
1.912000000000018929e+01	4.696566457787649597e+03
1.913000000000019085e+01	4.910352600687142512e+03
1.914000000000019241e+01	5.022329353900973729e+03
1.915000000000019398e+01	4.738566625882056542e+03
1.916000000000019554e+01	5.108129215214783471e+03
1.917000000000019710e+01	4.716162724074561993e+03
1.918000000000019867e+01	4.719623748721809534e+03
1.919000000000020023e+01	5.028902742698248403e+03
1.920000000000020179e+01	5.149126858159603216e+03
1.921000000000020336e+01	4.723194988549709706e+03
1.922000000000020492e+01	4.746013121878647326e+03
1.923000000000020648e+01	5.254951174196179636e+03
1.924000000000020805e+01	5.154487032964541868e+03
1.925000000000020961e+01	5.008686050366242853e+03
1.926000000000021117e+01	4.828843358295942380e+03
1.927000000000021274e+01	4.897408148377227008e+03
1.928000000000021430e+01	5.087043594046017461e+03
1.929000000000021586e+01	5.430586239719708828e+03
1.930000000000021743e+01	5.009381817078152380e+03
1.931000000000021899e+01	5.167189246668620399e+03
1.932000000000022055e+01	5.279465580742225939e+03
1.933000000000022212e+01	5.816008514182700310e+03
1.934000000000022368e+01	6.288940593056863690e+03
1.935000000000022524e+01	5.935520941735290762e+03
1.936000000000022681e+01	6.234766653657132338e+03
1.937000000000022837e+01	6.181796932242133153e+03
1.938000000000022993e+01	5.420527009876328520e+03
1.939000000000023149e+01	5.548673568967678875e+03
1.940000000000023306e+01	4.669445249338627036e+03
1.941000000000023462e+01	4.849702759665008671e+03
1.942000000000023618e+01	4.838409481321322346e+03
1.943000000000023775e+01	5.164518785530789501e+03
1.944000000000023931e+01	5.358579853078093038e+03
1.945000000000024087e+01	5.054086441716897752e+03
1.946000000000024244e+01	4.901340627865123679e+03
1.947000000000024400e+01	5.125076961657175161e+03
1.948000000000024556e+01	5.316696805999830758e+03
1.949000000000024713e+01	5.440296600844512795e+03
1.950000000000024869e+01	5.400669181941263560e+03
1.951000000000025025e+01	5.496716351466156993e+03
1.952000000000025182e+01	5.565151583404647681e+03
1.953000000000025338e+01	5.607273229501433889e+03
1.954000000000025494e+01	5.559001696720561085e+03
1.955000000000025651e+01	5.354567087758419802e+03
1.956000000000025807e+01	4.868883363805491172e+03
1.957000000000025963e+01	4.447735346269080765e+03
1.958000000000026120e+01	4.578974661248317716e+03
1.959000000000026276e+01	4.414209728563217141e+03
1.960000000000026432e+01	4.803761840522836792e+03
1.961000000000026589e+01	4.457931107891928150e+03
1.962000000000026745e+01	4.450762733828933051e+03
1.963000000000026901e+01	4.671546423878939095e+03
1.964000000000027057e+01	4.385844074891291712e+03
1.965000000000027214e+01	4.561097632041568431e+03
1.966000000000027370e+01	4.561134510919569948e+03
1.967000000000027526e+01	4.664380129744118676e+03
1.968000000000027683e+01	4.298212866729043526e+03
1.969000000000027839e+01	4.429637912607046019e+03
1.970000000000027995e+01	4.373946004026771334e+03
1.971000000000028152e+01	4.620227560559203994e+03
1.972000000000028308e+01	4.503959748400962781e+03
1.973000000000028464e+01	4.557225872580314899e+03
1.974000000000028621e+01	4.055997559680547056e+03
1.975000000000028777e+01	4.022744771899647731e+03
1.976000000000028933e+01	3.777629498243465605e+03
1.977000000000029090e+01	3.700613984631539097e+03
1.978000000000029246e+01	3.705433745617366185e+03
1.979000000000029402e+01	3.407501659748254497e+03
1.980000000000029559e+01	3.457746685631781475e+03
1.981000000000029715e+01	3.502070402012656814e+03
1.982000000000029871e+01	3.428308521801532152e+03
1.983000000000030028e+01	3.519540836163978838e+03
1.984000000000030184e+01	3.796169011657292685e+03
1.985000000000030340e+01	3.824913282408429950e+03
1.986000000000030496e+01	3.838775614508017952e+03
1.987000000000030653e+01	4.072267311144300038e+03
1.988000000000030809e+01	4.164861426102359474e+03
1.989000000000030965e+01	4.316805504282422589e+03
1.990000000000031122e+01	4.513841849976779486e+03
1.991000000000031278e+01	4.360412555122645244e+03
1.992000000000031434e+01	4.634072073250333233e+03
1.993000000000031591e+01	4.728104097831753279e+03
1.994000000000031747e+01	4.840861143097809872e+03
1.995000000000031903e+01	4.407134141429465672e+03
1.996000000000032060e+01	4.084783574820351532e+03
1.997000000000032216e+01	4.034947749449132971e+03
1.998000000000032372e+01	3.900135212412235887e+03
1.999000000000032529e+01	3.900135212412235887e+03
