time_s	ee_error_m	orientation_error	base_x_m	base_y_m	base_z_m	roll_deg	pitch_deg	clearance_m	leg_action_delta_l2	arm_action_delta_l2	update_ms
0.01	0.299805293	0.0193635191	4.5279086e-05	2.9375196e-06	0.542683197	-0.00313095631	-0.0145870592	0.306062718	0	0	22.804776
0.02	0.297444171	0.0192975732	0.00014024163	2.32451941e-06	0.541134571	-0.0140611288	-0.0531533462	0.304399525	0.0525514153	0.0397320726	25.974874
0.03	0.293123935	0.0195234053	0.000237733954	1.31270597e-05	0.539071356	-0.0396092465	-0.0823656501	0.301322861	0.0502365587	0.0288256739	26.533644
0.04	0.28675739	0.0208858518	0.000367145355	5.14524517e-05	0.53658403	-0.0907250941	-0.0872148146	0.297237263	0.0726120851	0.0239659893	20.990261
0.05	0.278962754	0.0228405423	0.000420458279	0.000134790205	0.533881204	-0.153354435	-0.0488983419	0.29337658	0.076045501	0.0432573074	25.856065
0.06	0.269074558	0.0257729031	0.000261347181	0.000253447537	0.531033259	-0.223445902	0.0696820491	0.28984726	0.0982024985	0.0538184748	32.992429
0.07	0.257208191	0.02973558	-9.75125672e-05	0.000408589684	0.528188003	-0.299026164	0.267896167	0.28611841	0.0569018076	0.0322180797	25.213373
0.08	0.24386561	0.0342978055	-0.000662160559	0.000625850195	0.525638492	-0.395361367	0.539431308	0.282052827	0.0786379167	0.0245762171	25.493689
0.09	0.229698728	0.0391840401	-0.00129908015	0.000865306569	0.5227065	-0.474850061	0.675606369	0.277770514	0.0557594984	0.0370631886	21.770399
0.1	0.215253868	0.0447635525	-0.00205136121	0.00113698796	0.520245089	-0.532336203	0.911077633	0.273610066	0.0610373484	0.0243833057	24.661479
0.11	0.200767781	0.0508281254	-0.00277844974	0.00142017056	0.518065078	-0.555771209	1.11190617	0.269356457	0.098315782	0.048995819	27.746385
0.12	0.186567947	0.0566610235	-0.00348693591	0.00173261127	0.5162484	-0.566306613	1.31657131	0.265765597	0.0684955466	0.0602845383	23.016116
0.13	0.172385031	0.0616981072	-0.00410652847	0.00206294629	0.514152754	-0.560227427	1.62285306	0.263758753	0.0382783427	0.036535454	22.096115
0.14	0.159184021	0.0669698982	-0.00459270046	0.00238846225	0.512375724	-0.515915659	1.87492846	0.26195328	0.051715373	0.0219702742	20.466614
0.15	0.146693246	0.0714762621	-0.00497246214	0.00273609422	0.51083916	-0.463794554	2.11990265	0.261301783	0.0554617004	0.0497656603	24.480748
0.16	0.135165572	0.0751938534	-0.00519715637	0.0030822045	0.509389991	-0.390708587	2.37044211	0.262243302	0.0542045495	0.0310273614	19.05186
0.17	0.124513951	0.0768945848	-0.00524338502	0.00340117174	0.508073062	-0.280928391	2.62521766	0.264816385	0.0517982113	0.0372866722	19.052996
0.18	0.114998284	0.0768634474	-0.00513815909	0.00365616383	0.50697451	-0.129726221	2.86941558	0.268936999	0.0782661299	0.0283763083	21.982534
0.19	0.10690872	0.0758003035	-0.00487020817	0.00384094315	0.506115386	0.0541210619	3.09300466	0.273776215	0.0490013775	0.0223813799	19.994887
0.2	0.100252022	0.0738484491	-0.00445601965	0.00404239834	0.505164124	0.158744827	3.21959583	0.279211562	0.0554101336	0.0303427523	19.223464
0.21	0.0950192488	0.0711215453	-0.00396527841	0.00419759682	0.504642953	0.258351008	3.32910499	0.284523483	0.0675636374	0.0407432761	19.603295
0.22	0.0912862627	0.0687301036	-0.00344234197	0.00429118708	0.504624266	0.353738598	3.43278881	0.289428612	0.0635306158	0.0202624852	22.018409
0.23	0.0882726377	0.0666441784	-0.00278568603	0.00437337181	0.504422719	0.437993867	3.65632774	0.2948353	0.060713974	0.0219934377	20.72665
0.24	0.0863001513	0.0652147546	-0.00208881515	0.00430753765	0.504553492	0.580746337	3.72467598	0.2989523	0.0471146464	0.0132747947	21.247485
0.25	0.0851510625	0.065195023	-0.00126933129	0.00422769274	0.505461169	0.632271688	3.75179068	0.301190522	0.0717470646	0.0213092407	19.050168
0.26	0.0842933011	0.0661995997	-0.00035798829	0.00413621364	0.507047216	0.628738132	3.74159371	0.301748274	0.0282637163	0.022591907	19.341155
0.27	0.0837265993	0.0682206285	0.000660739065	0.00402470678	0.509074453	0.583847754	3.68985431	0.300549431	0.0509171812	0.0185638976	18.778735
0.28	0.08324686	0.0709151271	0.00173745872	0.00389569618	0.51160836	0.506095268	3.61428975	0.298145177	0.0515077652	0.0243558323	23.561061
0.29	0.0830148617	0.073751293	0.00286822606	0.00376175667	0.514543586	0.406497662	3.52849338	0.295244059	0.0462524218	0.0165197065	25.581676
0.3	0.0830897211	0.0773236081	0.00409798039	0.00362439877	0.517754057	0.294308114	3.41106015	0.292011359	0.0499314608	0.0203165553	18.906719
0.31	0.0829112202	0.0811921	0.00536367636	0.00347486271	0.521240713	0.178229369	3.26765448	0.288546103	0.0463314819	0.0379374087	19.215531
0.32	0.0817329991	0.0861281242	0.00659922453	0.00331956304	0.524625493	0.0567501466	3.0922191	0.285265279	0.045389449	0.0489545718	16.438658
0.33	0.0795204888	0.0920976488	0.00790210456	0.00322952515	0.527878363	-0.126784385	2.92620329	0.281589846	0.0754400812	0.0328185917	18.700546
0.34	0.0764100282	0.0990483244	0.0091602993	0.0031015512	0.531246236	-0.269455825	2.69664581	0.277584985	0.0569333857	0.0408522989	18.911105
0.35	0.0722758006	0.105970007	0.0103684676	0.00293097192	0.534572775	-0.389659694	2.4216239	0.273684489	0.0299131107	0.0441008467	17.981308
0.36	0.067677925	0.11282683	0.0115688673	0.00271158556	0.537574904	-0.476316743	2.10903364	0.269901418	0.0677406108	0.0285340552	20.242019
0.37	0.062444115	0.118348555	0.0127513712	0.00248564173	0.540145724	-0.583111375	1.77506773	0.26709814	0.0680238875	0.0436598492	17.913657
0.38	0.056716755	0.123667023	0.0138474295	0.00225972509	0.542310582	-0.712382165	1.45527447	0.26552452	0.0520413518	0.0407280016	16.725445
0.39	0.0509817423	0.128672068	0.0149472478	0.00204885998	0.543935366	-0.868330889	1.15766823	0.264202705	0.10881552	0.0345545148	18.796602
0.4	0.0454348196	0.133430815	0.0160666508	0.00185817321	0.545043464	-1.03496486	0.87513471	0.263074187	0.0845093341	0.0330470414	21.563914
0.41	0.0403484722	0.13770921	0.0171833963	0.00165683349	0.545652795	-1.17841845	0.615326821	0.262281995	0.075493682	0.0348197349	19.836842
0.42	0.0355900905	0.140127265	0.0183128049	0.00145101842	0.545804977	-1.29835695	0.382577867	0.261993697	0.0502038432	0.0213103505	18.177966
0.43	0.0310146063	0.140429529	0.0194365923	0.0012216951	0.545558446	-1.37870005	0.173688451	0.261583718	0.0811481886	0.0344526429	17.026875
0.44	0.0266994143	0.140537407	0.020567367	0.00098048477	0.544927826	-1.42353455	-0.0351144814	0.261401612	0.0936357775	0.0400946306	16.806836
0.45	0.0226632966	0.140721886	0.0216827381	0.000729148382	0.543939822	-1.44285647	-0.233425341	0.2618824	0.0771988118	0.0229656504	18.653528
0.46	0.0185256708	0.140256434	0.0227218746	0.000465087621	0.542610321	-1.44871512	-0.377610897	0.263405653	0.106411829	0.0256814036	18.604192
0.47	0.0138748193	0.138236132	0.0236502935	0.000165950001	0.541071151	-1.42789654	-0.477795659	0.265838372	0.116952261	0.0282600357	18.840386
0.48	0.0109156438	0.135938769	0.024404739	-0.000268002493	0.539872289	-1.2373035	-0.385647485	0.268519709	0.0914304361	0.0153932115	17.970707
0.49	0.0107451302	0.132600373	0.0250700303	-0.000839631714	0.538884893	-0.936493848	-0.151822138	0.271278133	0.0694768957	0.0282261233	20.909103
0.5	0.0131087291	0.129735344	0.0255460619	-0.00147612964	0.5383309	-0.653623968	0.0735168156	0.273509698	0.0586658879	0.00928401135	20.602745
0.51	0.0153425113	0.126938139	0.0258637955	-0.00210887875	0.538264188	-0.469101199	0.345129537	0.275453941	0.0889919009	0.0321593141	19.684523
0.52	0.0163952871	0.125234886	0.0260779485	-0.00272780526	0.538570277	-0.349484777	0.632680867	0.276918436	0.0456856728	0.0140163256	19.121143
0.53	0.0169563814	0.123081267	0.0261855277	-0.00335055735	0.539202855	-0.260862555	0.895372152	0.277763835	0.0425776779	0.0274052907	18.915529
0.54	0.0166247641	0.121349298	0.0262143142	-0.00392955976	0.539821716	-0.256137202	1.16960431	0.278088968	0.0232895973	0.0169455342	17.043706
0.55	0.0151535638	0.120623206	0.0261782186	-0.00451858713	0.540692705	-0.21017882	1.38376323	0.277619646	0.0249563758	0.0195290125	16.860939
0.56	0.012726116	0.120939816	0.0260661545	-0.00510861705	0.541663769	-0.16137988	1.53644856	0.276675424	0.0576591143	0.0059323856	16.219919
0.57	0.00971358302	0.121323819	0.0258908946	-0.00568344414	0.542689609	-0.130190032	1.61214452	0.275328974	0.0341645874	0.0132659027	19.578439
0.58	0.00675436022	0.121493816	0.0256731389	-0.00622211139	0.543698629	-0.115564965	1.6095056	0.273883191	0.0427289855	0.0188640439	18.707235
0.59	0.00457897843	0.1218309	0.0254389137	-0.00672773036	0.544707227	-0.110940862	1.52839659	0.271955517	0.0371056152	0.0220307267	17.500287
0.6	0.00498280501	0.122176452	0.0253133298	-0.00728103644	0.545102105	-0.0255255283	1.448043	0.26956036	0.106308104	0.0267708085	17.316482
0.61	0.00777072107	0.122739139	0.0252078307	-0.00779729761	0.545347526	0.000737784364	1.29624203	0.266756318	0.0826493067	0.00765937571	19.071633
0.62	0.0114997431	0.123480771	0.0251271256	-0.00830560773	0.545429671	0.0113976641	1.1209419	0.263499148	0.0802629198	0.0205008827	17.772493
0.63	0.016031091	0.124886906	0.0250624896	-0.00880562459	0.545288267	0.00775365044	0.928649938	0.25964313	0.054353956	0.0135667979	19.048684
0.64	0.0203513814	0.127058154	0.0249113417	-0.00931614917	0.545044434	0.00839415273	0.74197247	0.256017923	0.133646451	0.0305649623	19.18701
0.65	0.0241269453	0.128351975	0.0247116407	-0.00986158518	0.544689937	0.0478267706	0.584490709	0.252490472	0.122494838	0.025475844	19.651064
0.66	0.0272851437	0.129411465	0.0244635837	-0.0104350394	0.544172869	0.0951034249	0.437893212	0.249472192	0.0802818631	0.0193756655	17.967549
0.67	0.0293932518	0.129817752	0.0241791565	-0.0110410618	0.543502184	0.14972744	0.295439068	0.247158909	0.0435267919	0.0186237472	16.786143
0.68	0.0311017403	0.130034994	0.0238984912	-0.011688038	0.542616989	0.218156513	0.155168119	0.245198499	0.106025293	0.0185440951	21.11186
0.69	0.0330296652	0.130685517	0.0236594349	-0.0123783915	0.541469093	0.306163281	0.0176901763	0.243433699	0.150523391	0.0124583241	18.531409
0.7	0.0346089417	0.131262152	0.0234618023	-0.0130941206	0.540100217	0.400961245	-0.138160954	0.242230379	0.0927106458	0.0250920777	21.299631
0.71	0.0364236996	0.132706812	0.0232611579	-0.0138436502	0.538575062	0.525446087	-0.279940563	0.241673509	0.0977060357	0.0219528723	18.570207
0.72	0.0376905971	0.133886259	0.0230611343	-0.0146167499	0.536776074	0.657284055	-0.398976469	0.242110474	0.121057021	0.0311149735	19.696584
0.73	0.0383207439	0.134567197	0.0228729008	-0.0154097817	0.534618789	0.789256696	-0.497426752	0.24361848	0.110914425	0.0161026752	18.4589
0.74	0.0382909826	0.134198108	0.0226979761	-0.0162375575	0.532084401	0.928624854	-0.572938058	0.245771986	0.0751124493	0.0117131693	18.381819
0.75	0.0380356038	0.133315751	0.022382871	-0.0169401447	0.530007516	0.889671016	-0.393228676	0.248526994	0.0388496683	0.00888585883	18.415914
0.76	0.0376176627	0.132316448	0.0219273094	-0.0175749947	0.528520414	0.794777325	-0.183166761	0.251762201	0.0476777234	0.0185498148	18.563712
0.77	0.0362051246	0.130183146	0.0213748046	-0.0181717671	0.527799988	0.708712872	0.12293601	0.255260034	0.0810483379	0.0340581373	18.325058
0.78	0.0343216813	0.127662634	0.0208423165	-0.0187042132	0.527614628	0.601874224	0.461711139	0.258542936	0.0534357973	0.014788845	18.135692
0.79	0.032163479	0.126038587	0.0203904901	-0.0191991112	0.527591919	0.525898185	0.836405784	0.262031203	0.0846176266	0.0328323581	17.24901
0.8	0.0293298851	0.124896587	0.0200138096	-0.0195971408	0.528203106	0.403400119	1.15394344	0.264986038	0.0548194835	0.0206584632	19.675789
0.81	0.0254025107	0.123156729	0.0197208919	-0.0198635856	0.529220736	0.226676016	1.41674305	0.26732286	0.0756737208	0.0170787817	20.287779
0.82	0.0206507667	0.121180415	0.0195073208	-0.0200100049	0.530565872	0.031175017	1.62455509	0.269053124	0.0544604273	0.0177436498	17.40532
0.83	0.0152536991	0.119109504	0.019377962	-0.0200140875	0.53215217	-0.173494776	1.7703495	0.270228131	0.0549253754	0.0194207271	18.018607
0.84	0.00928868816	0.116261735	0.0192987701	-0.019876113	0.533838029	-0.394408493	1.84587759	0.271055729	0.0398966642	0.0143327368	16.702797
0.85	0.00317329841	0.113436894	0.019253636	-0.0196070313	0.535463351	-0.621945926	1.88226443	0.271866259	0.126924851	0.0199079164	16.88073
0.86	0.00370154462	0.1101201	0.0192914426	-0.0191852469	0.536518551	-0.885246009	1.95596151	0.273118757	0.101136774	0.0181919415	16.633542
0.87	0.00954043289	0.106786624	0.0193837277	-0.0187095493	0.537350448	-1.05930112	1.96826676	0.274246658	0.0999702832	0.018514847	18.961723
0.88	0.0145174695	0.103974083	0.0195356522	-0.0182101584	0.537955024	-1.14176055	1.90497699	0.275426596	0.103380803	0.0149644623	19.733643
0.89	0.0183158206	0.101794539	0.019758775	-0.0176955862	0.538334991	-1.145907	1.76672284	0.276403535	0.0644089573	0.0103347447	17.857189
0.9	0.0205005048	0.100726334	0.0200295209	-0.0171956802	0.538547454	-1.06702329	1.57224044	0.277382016	0.0689337811	0.0387659197	18.257496
0.91	0.0211227908	0.100291766	0.0203396201	-0.0167234851	0.538636602	-0.906527529	1.33528425	0.277598594	0.0886165209	0.0259880462	20.658285
0.92	0.0213865982	0.0994956898	0.0206911173	-0.0162724447	0.538647198	-0.69008308	1.07566249	0.276940866	0.0496137042	0.0259226805	19.518698
0.93	0.0206283758	0.100511611	0.0210519095	-0.0158428886	0.538617166	-0.429179188	0.811986792	0.27555347	0.0997671782	0.0236839057	18.89089
0.94	0.0200879255	0.102463922	0.0213602771	-0.0154098195	0.538560434	-0.184112657	0.584558913	0.273880804	0.0816054246	0.0154118931	19.222442
0.95	0.0203080067	0.105569646	0.0216298982	-0.0149752616	0.538519596	0.0312150481	0.394269334	0.272098159	0.10634245	0.0259350232	17.496932
0.96	0.0214360456	0.109353229	0.0218348188	-0.0145386705	0.53847035	0.221027656	0.229645301	0.270246383	0.0859401169	0.016916035	16.549481
0.97	0.0229450322	0.112659639	0.0219960609	-0.0140843967	0.538307578	0.375515554	0.0761005544	0.26843204	0.106121943	0.0089314691	17.914344
0.98	0.0240787767	0.115828158	0.022106959	-0.0136037787	0.53798206	0.490920899	-0.05613314	0.267000027	0.08920596	0.016045219	17.687978
0.99	0.0248697568	0.117372437	0.0222000115	-0.0131093474	0.537429699	0.598402792	-0.186006084	0.265750035	0.0606291924	0.0186041215	18.385405
1	0.02451976	0.118035043	0.0222798775	-0.0125906343	0.536596444	0.687180198	-0.314127572	0.264952784	0.0583819083	0.0103781789	20.484511
1.01	0.0224182184	0.119351057	0.0222353005	-0.0121203841	0.536204239	0.750419073	-0.351931839	0.265249412	0.0685925929	0.037448373	20.314978
1.02	0.0196234934	0.119830248	0.0221165244	-0.0117448603	0.535828723	0.871864897	-0.391642816	0.26608676	0.0610514945	0.019327728	17.507728
1.03	0.0158587225	0.119896916	0.0219427	-0.0114166528	0.535723015	0.927680753	-0.366154186	0.267281588	0.0408696679	0.0118663032	18.186314
1.04	0.0116919221	0.119064483	0.0217509726	-0.0111417333	0.53573464	0.951405971	-0.290772231	0.26863109	0.0478178258	0.00909623558	19.662994
1.05	0.0078465301	0.118125599	0.0215147757	-0.0109399776	0.535947081	0.967355291	-0.173637864	0.270013126	0.0661529941	0.00822885431	18.836112
1.06	0.00566396801	0.117602139	0.0212537775	-0.0108278925	0.536411174	0.980943671	-0.0394153931	0.27157162	0.0466941015	0.0175853733	18.077512
1.07	0.00696898729	0.116088572	0.0209965876	-0.0108060316	0.537105775	0.987450558	0.107594275	0.272672025	0.0757128928	0.0213682954	17.535224
1.08	0.0104960479	0.114439333	0.0207804856	-0.0108322954	0.537701622	0.923129941	0.303887228	0.27378199	0.0316761274	0.0138481839	17.477631
1.09	0.0143684841	0.112996129	0.0205583374	-0.0109725963	0.538559458	0.906137273	0.468363759	0.274563317	0.0441992769	0.00714818306	17.750196
1.1	0.0186718203	0.111269695	0.0204045304	-0.0112239112	0.539415892	0.905649634	0.586016259	0.275187139	0.106925795	0.0254196703	19.284913
1.11	0.0223589374	0.110629116	0.0203416548	-0.0115629821	0.540166367	0.904111188	0.67630656	0.27578904	0.114517136	0.0206973225	19.014369
1.12	0.0254266157	0.109751913	0.0203865392	-0.0119873811	0.540753987	0.897781861	0.748619894	0.276083113	0.103119188	0.011541554	19.55738
1.13	0.0272531233	0.108921912	0.0205506418	-0.012540158	0.540813354	0.980090651	0.880220985	0.276516921	0.105003173	0.00713339003	16.711813
1.14	0.0278015239	0.108769828	0.0207873486	-0.013167875	0.540806924	1.02872145	0.976418569	0.27667949	0.059164628	0.0134028215	17.746996
1.15	0.0279767423	0.108100463	0.0210674619	-0.0138437904	0.540725213	1.04099615	1.03434213	0.277117784	0.103343096	0.0324299583	17.805148
1.16	0.027494275	0.107394168	0.0213508406	-0.0145792485	0.540564041	1.0463444	1.06757271	0.278154699	0.0809988675	0.0239080972	17.755704
1.17	0.0268526436	0.106916752	0.0216263829	-0.0153532782	0.540367208	1.03894819	1.0899505	0.279599548	0.0596029171	0.0180559302	18.178488
1.18	0.0265805851	0.106432586	0.0218984093	-0.0161485724	0.540180957	1.01990122	1.10861418	0.280980291	0.0715301652	0.0120247837	18.150011
1.19	0.0259220009	0.107462173	0.0221188096	-0.0169612479	0.540113605	1.01073924	1.1487504	0.282358777	0.102273586	0.0273413604	18.619019
1.2	0.0256029354	0.108541315	0.0223399175	-0.0177647144	0.539996858	0.985395428	1.1842324	0.283477022	0.0894245306	0.0163642023	19.48533
1.21	0.0267412483	0.108099487	0.022577106	-0.0185398141	0.539864973	0.952314461	1.22296351	0.284463121	0.113996675	0.0322970667	16.882661
1.22	0.0285503679	0.107226338	0.0228439659	-0.0192803435	0.539666781	0.902639121	1.28923012	0.285374598	0.140817517	0.0434983771	16.283604
1.23	0.0303989794	0.106338737	0.0231274223	-0.0199932115	0.539387963	0.84155649	1.35872826	0.286293836	0.107634402	0.0113801839	17.809753
1.24	0.0311279676	0.105434562	0.0234700903	-0.0206893852	0.538974168	0.76972953	1.36882043	0.286777501	0.105271349	0.0425490735	19.75781
1.25	0.031391548	0.10447086	0.0238461728	-0.0213612771	0.538410783	0.688963476	1.30730531	0.287241191	0.0622456022	0.0191333801	18.281804
1.26	0.0307130965	0.104773042	0.0241004195	-0.0219453789	0.538605034	0.57087495	1.28894426	0.287379809	0.0639896703	0.0281039755	18.307702
1.27	0.0300165254	0.10514444	0.024291976	-0.0225134811	0.538836961	0.503652965	1.36444657	0.287830602	0.0664943137	0.0153608702	18.477141
1.28	0.0291980869	0.106203686	0.0243751116	-0.0229585472	0.539357531	0.35645397	1.38529241	0.28833116	0.062492522	0.0263424735	18.10179
1.29	0.0279550738	0.10776271	0.0243702965	-0.0233057841	0.540100525	0.228209369	1.39319444	0.288545625	0.0802920178	0.0127106402	17.773525
1.3	0.0262710861	0.109561274	0.0242941209	-0.0235426436	0.540981755	0.103079983	1.37244102	0.288177433	0.0401789105	0.0145922608	17.669035
1.31	0.0239699222	0.111724794	0.0241450034	-0.0236504344	0.541960357	-0.0291783055	1.32407153	0.287232551	0.0323387456	0.0116422802	19.166953
1.32	0.0217064152	0.11303172	0.0239173673	-0.0236511407	0.543093441	-0.138135724	1.24186357	0.285463156	0.0521036305	0.0285495156	17.373427
1.33	0.0190143578	0.1145885	0.0236211601	-0.0235314853	0.544459546	-0.232815651	1.17132819	0.283142368	0.0956963585	0.00992633193	18.641704
1.34	0.0159345118	0.116606482	0.0232628801	-0.0232921228	0.545968706	-0.318744478	1.09928503	0.280438652	0.0437908458	0.0102273552	20.293299
1.35	0.0131107553	0.118705914	0.0228779309	-0.0229486286	0.547484673	-0.409585026	1.0276712	0.277558337	0.129644073	0.0087343344	16.752751
1.36	0.011920791	0.120169573	0.0224960821	-0.0225355451	0.54876257	-0.464601412	0.964915707	0.274827527	0.100516658	0.0147810547	19.366367
1.37	0.0125450226	0.12155779	0.0221335457	-0.0220835917	0.549651733	-0.502577234	0.92934726	0.272550374	0.113362862	0.0100898681	19.545139
1.38	0.0138753335	0.122843202	0.021795883	-0.0215905742	0.550160186	-0.544460162	0.906824891	0.270794257	0.0954594352	0.0233281138	19.009056
1.39	0.0147097937	0.12346303	0.0214548205	-0.0210552749	0.550258388	-0.586513153	0.878501672	0.269775755	0.111462236	0.0314452577	18.962653
1.4	0.0143284982	0.123658013	0.0211493335	-0.0204842251	0.550004597	-0.645806236	0.827588371	0.269226396	0.085606821	0.015401669	20.579721
1.41	0.0138900929	0.126433539	0.0209277389	-0.0199048711	0.549377316	-0.701105958	0.750444615	0.269023829	0.101312447	0.0508062141	19.962601
1.42	0.0137203913	0.129292294	0.0208141524	-0.0193212565	0.548446452	-0.73802956	0.644694769	0.268457941	0.0672177332	0.0171437722	20.996243
1.43	0.0131746302	0.131422004	0.0207184495	-0.0187189623	0.547379519	-0.786668761	0.551098614	0.267704256	0.103051179	0.0291344978	20.01889
1.44	0.01255335	0.133142778	0.0206147016	-0.0181058064	0.546262145	-0.832470852	0.466078615	0.267103383	0.094040847	0.0185922969	19.440289
1.45	0.0120461866	0.133488516	0.0204977226	-0.0174970966	0.545171292	-0.865574396	0.38334825	0.266639234	0.0669141928	0.014415974	16.392593
1.46	0.0124335145	0.133414203	0.0203610751	-0.0169100525	0.544094885	-0.889058154	0.29879282	0.266556653	0.100637355	0.0129527804	18.536378
1.47	0.0134288192	0.133179292	0.020190319	-0.0163550609	0.543028331	-0.89946838	0.243158581	0.266912868	0.123444109	0.0189050754	17.470262
1.48	0.0143130949	0.132572646	0.019996101	-0.0158351064	0.541950013	-0.903654196	0.207508826	0.267665808	0.0923353434	0.00892896197	20.062715
1.49	0.0146109024	0.131496579	0.0198080994	-0.0153650047	0.540822432	-0.882390444	0.162294163	0.268559863	0.0571614257	0.0136860974	17.85676
1.5	0.0132284171	0.12982486	0.0195165606	-0.0150121277	0.540030921	-0.713069424	0.260695301	0.270137575	0.0645464951	0.0225394607	17.506819
1.51	0.00993334814	0.127460993	0.0191825182	-0.0148525492	0.539070614	-0.345558328	0.381823088	0.272344844	0.062973341	0.0139807865	18.209776
1.52	0.00510439408	0.124307798	0.0188338706	-0.0148330889	0.538340819	0.0567244826	0.58532427	0.275061103	0.0342927676	0.0245589123	17.927392
1.53	0.00153998274	0.122546785	0.0184171787	-0.0148893513	0.53815936	0.353250488	0.808151515	0.277818541	0.0442421456	0.0243840406	18.015444
1.54	0.00551528414	0.120046257	0.0179479628	-0.0150012327	0.538410134	0.5872716	1.01188055	0.280786364	0.0524434348	0.029791509	20.54917
1.55	0.0111097693	0.116515294	0.0175152562	-0.0150799452	0.538550744	0.705650881	1.22786948	0.283805701	0.0554000215	0.0263473062	17.391669
1.56	0.0162026431	0.113629393	0.0170648133	-0.0152280741	0.5390969	0.837459765	1.36547577	0.286524736	0.0413960708	0.00799903946	17.172267
1.57	0.0199419971	0.112007713	0.0166460028	-0.0154304494	0.539906417	0.951069334	1.41616457	0.288691926	0.0779840363	0.00903384552	16.895614
1.58	0.0223780892	0.110576149	0.0162963231	-0.0156816318	0.540908268	1.04428844	1.38186672	0.289643462	0.0284212206	0.0199885699	16.561486
1.59	0.023285051	0.109864668	0.0160001921	-0.0159747935	0.542067782	1.11550257	1.28470651	0.289539231	0.0409007559	0.00756978453	19.494645
1.6	0.0233218227	0.109216904	0.0157508951	-0.0163159149	0.543164369	1.17692334	1.14163511	0.288560091	0.111538249	0.0201134165	18.424144
1.61	0.0226491759	0.109133642	0.0155574627	-0.0167221777	0.544096557	1.24386787	0.986194811	0.286795636	0.0706703417	0.026851887	17.951208
1.62	0.0217146421	0.109283666	0.0154515509	-0.0171737163	0.544763466	1.29627382	0.829432706	0.284432793	0.105480576	0.0122195102	17.487755
1.63	0.020448532	0.109621586	0.0154020019	-0.017648529	0.545144252	1.30885455	0.685306574	0.282024065	0.117087075	0.0299175124	18.127026
1.64	0.0190252617	0.109701739	0.0153989545	-0.0181442331	0.545232934	1.27876253	0.545710676	0.279647497	0.0971053254	0.0158631458	17.968953
1.65	0.0171326516	0.110148978	0.0154325768	-0.0186655049	0.545066011	1.22208332	0.398491426	0.277613268	0.0677781919	0.0239351601	18.80361
1.66	0.0142449611	0.111515514	0.0154775316	-0.0192101534	0.544668114	1.13965762	0.247374155	0.276151233	0.1108033	0.0242304295	19.572755
1.67	0.0107801683	0.112560138	0.0155405532	-0.0197815892	0.544050408	1.04021927	0.102522803	0.27509039	0.0557786174	0.0176651453	18.115639
1.68	0.00734802828	0.112641592	0.0156356189	-0.0203852599	0.543258688	0.927145655	-0.04442267	0.273904827	0.102936844	0.0262279061	17.412221
1.69	0.00447564597	0.113144885	0.015717396	-0.0210145517	0.542286207	0.793674951	-0.166097027	0.273514105	0.130378914	0.03559873	18.712592
1.7	0.00589849916	0.113197262	0.0157855068	-0.0216669624	0.541184409	0.651301176	-0.242632223	0.273821806	0.0656522808	0.0246277987	17.258232
1.71	0.0103091624	0.113781528	0.0157989168	-0.022344191	0.539987916	0.512838092	-0.242793661	0.274735884	0.0969911282	0.022785959	18.722269
1.72	0.0156194422	0.113239789	0.0157540128	-0.0230420022	0.538705321	0.381459376	-0.161618831	0.276314363	0.0977668145	0.0237052689	18.059045
1.73	0.0206448885	0.111753927	0.0157221608	-0.023681406	0.536796642	0.147568457	-0.103033981	0.277948221	0.133870333	0.0420030745	19.811237
1.74	0.0238179707	0.11062383	0.0156503183	-0.0243617687	0.534809342	-0.0124315933	0.100027506	0.278915261	0.100646142	0.0441256593	19.156929
1.75	0.0255519009	0.110610647	0.0154376293	-0.0250498371	0.533670976	-0.148228637	0.456076042	0.27904305	0.0415465644	0.0231051565	19.721885
1.76	0.0265353564	0.110595873	0.0151635881	-0.0257393517	0.533133983	-0.270230033	0.873618213	0.278326085	0.052076443	0.0298747873	17.98894
1.77	0.0269200405	0.111100408	0.0148762198	-0.0264252016	0.533089123	-0.409225261	1.28562527	0.277025331	0.0696287952	0.0107328263	18.073432
1.78	0.0267630395	0.113355111	0.0145531475	-0.0271328816	0.533515302	-0.543708605	1.64934446	0.275375634	0.0437610579	0.026253899	20.662629
1.79	0.0263534188	0.115982248	0.0142109114	-0.0279218352	0.53398365	-0.593205797	2.02405253	0.273389337	0.0732683719	0.012364205	16.900681
1.8	0.0262905632	0.120023417	0.0138574666	-0.0287288597	0.534860184	-0.66900206	2.2674821	0.270902723	0.0621274743	0.0258198283	17.321506
1.81	0.0268884332	0.124315083	0.0134637065	-0.0295200323	0.536043298	-0.765635633	2.38843338	0.268605575	0.0465495892	0.0240405139	17.81986
1.82	0.027926269	0.127768362	0.0130340345	-0.0302686293	0.537497957	-0.907385572	2.38731368	0.266425341	0.0711452233	0.0123790661	18.341598
1.83	0.0289047175	0.12985565	0.0125954815	-0.0308623436	0.538741854	-1.18170826	2.37724211	0.264797199	0.0394538393	0.0166419179	17.192881
1.84	0.0294160043	0.131522178	0.0120624039	-0.0313918958	0.540253466	-1.43508103	2.27273961	0.263620584	0.0312265661	0.00970478939	18.416394
1.85	0.028948467	0.132168364	0.0114513248	-0.0318751525	0.541824399	-1.67771048	2.12677408	0.263172418	0.128034397	0.0148929304	19.531361
1.86	0.0274481667	0.131348945	0.0107668272	-0.032341634	0.543249254	-1.87144696	1.98435212	0.2631484	0.105792792	0.0158998979	17.578071
1.87	0.0252222913	0.129457249	0.00999257393	-0.0328023443	0.544505858	-2.02487624	1.85403695	0.263622492	0.112433605	0.0170940486	17.737855
1.88	0.0228002499	0.127427764	0.00916153205	-0.0332746221	0.545511064	-2.12008089	1.72788657	0.264574216	0.0741079333	0.0092959816	17.938913
1.89	0.0209207285	0.12542097	0.00829748758	-0.0337392912	0.546236402	-2.17061908	1.60542298	0.265605354	0.0871763124	0.0226764625	18.990809
1.9	0.0196478377	0.12309631	0.00739885986	-0.0342070177	0.546761546	-2.16649119	1.49724148	0.266456623	0.0929608419	0.0128307971	21.242262
1.91	0.0191169065	0.120410335	0.00645955224	-0.034673958	0.547128913	-2.12443453	1.41212713	0.267162412	0.0925507916	0.0225390996	27.204188
1.92	0.0195472678	0.117907163	0.00549113469	-0.035131426	0.547320399	-2.04150906	1.34495809	0.267641468	0.049975395	0.0210426547	23.563757
1.93	0.0202757302	0.115409735	0.00449471824	-0.0355904855	0.547341611	-1.91269396	1.28157375	0.268149352	0.0951508906	0.0224025725	17.720277
1.94	0.0206422419	0.112881218	0.00349343571	-0.0360628078	0.5471962	-1.7396534	1.22226609	0.268437303	0.0900849053	0.0287158801	16.875693
1.95	0.0207786312	0.111906899	0.00249279459	-0.0365714358	0.546868585	-1.51882126	1.16006025	0.268396399	0.0962126873	0.017034075	18.362201
1.96	0.0214077152	0.11130068	0.00153797951	-0.037086961	0.546346076	-1.2813473	1.09953857	0.26798457	0.0826128874	0.031347394	19.70468
1.97	0.0216818898	0.109986992	0.000633053604	-0.0376097776	0.545499105	-1.03190213	1.0564034	0.26744819	0.12768983	0.031357576	18.98861
1.98	0.0213229159	0.10906923	-0.000234036662	-0.0381697787	0.544390798	-0.757668814	1.00695837	0.267438289	0.11918244	0.0270546398	17.350951
1.99	0.0205866453	0.108112499	-0.00101857186	-0.0387414002	0.542939365	-0.490738472	0.941799418	0.267946633	0.0914417922	0.0132478718	19.35976
2	0.0198170767	0.107118311	-0.0016819525	-0.0393114964	0.541146905	-0.250213919	0.863844223	0.268816166	0.069894069	0.00552586481	18.515665
2.01	0.0189612858	0.105476866	-0.00233971356	-0.0398182367	0.539387241	-0.151588115	0.715696613	0.269969386	0.0485138567	0.0248395951	18.866916
2.02	0.0178811713	0.103475974	-0.00305455277	-0.0403704093	0.538155224	-0.00404917724	0.646157226	0.271556493	0.0323818905	0.0185652114	18.985009
2.03	0.016904648	0.101150329	-0.00376796498	-0.0409584935	0.537388082	0.15325123	0.605112973	0.273235321	0.0442536837	0.015493851	19.279633
2.04	0.016024268	0.0990479772	-0.00447003922	-0.0416412432	0.536756272	0.397889838	0.511052598	0.274865028	0.0691057785	0.0200846076	18.72877
2.05	0.0158606182	0.0965480912	-0.00515188985	-0.042283057	0.536311601	0.509090315	0.52148259	0.276352857	0.0565012244	0.0172160686	18.535013
2.06	0.0161473059	0.0937630033	-0.00580742833	-0.0429418106	0.536338492	0.598882864	0.531658007	0.277761935	0.0430705947	0.019623438	18.439231
2.07	0.016893803	0.0918376302	-0.00643849691	-0.043587567	0.536715923	0.648512938	0.550685785	0.279413952	0.0313707801	0.0211081374	18.411331
2.08	0.0178649033	0.090255863	-0.00706545328	-0.0442327078	0.537501239	0.685366604	0.620087078	0.280878313	0.0736008203	0.0118849263	18.07795
2.09	0.0189599791	0.0887924712	-0.00766732049	-0.0448576935	0.538627141	0.680451091	0.714303831	0.281972652	0.0312006059	0.00745170966	20.709137
2.1	0.019956264	0.0877260925	-0.00822807223	-0.0454571833	0.539806856	0.651020873	0.8184111	0.282822737	0.105010551	0.0166554602	16.488548
2.11	0.0206256691	0.0870435567	-0.0087238878	-0.0460460654	0.540739022	0.621297752	0.871941075	0.283282256	0.122553598	0.0136510116	20.604082
2.12	0.0204262489	0.0873958197	-0.00911672949	-0.0466596934	0.540943351	0.652344263	0.94611536	0.283912374	0.0799638856	0.0194150904	21.100055
2.13	0.0194019413	0.0882591547	-0.00940403542	-0.0472542436	0.540771661	0.64346012	0.95368451	0.284187544	0.110341935	0.0262380421	17.99737
2.14	0.0177707851	0.0896420306	-0.00966836361	-0.0478443855	0.540271072	0.614232817	0.935572525	0.284395433	0.118727353	0.01369395	19.439557
2.15	0.0165828531	0.0912488938	-0.00989829952	-0.0484212531	0.539425162	0.560945404	0.877319744	0.285167609	0.134380415	0.0401534207	18.281393
2.16	0.0159142429	0.0925569331	-0.0100727791	-0.0490021671	0.538325414	0.511853278	0.794231973	0.28627285	0.0993399854	0.0200785035	17.953935
2.17	0.0156091331	0.0937570173	-0.0102273637	-0.0495846867	0.537054176	0.457257277	0.700468794	0.287838391	0.0582495638	0.0236353901	20.028101
2.18	0.0152379085	0.0948754907	-0.0103536111	-0.0501653571	0.535763556	0.399320705	0.598845699	0.289537607	0.100508243	0.0209027046	21.758582
2.19	0.0151380103	0.0953377276	-0.0104435456	-0.0507473571	0.534558589	0.35796432	0.478256676	0.291103425	0.113962229	0.0108842115	22.968611
2.2	0.0146664115	0.0959509396	-0.0105219415	-0.0513274014	0.533460386	0.335297209	0.359507805	0.292462045	0.11764303	0.0295538876	23.836512
2.21	0.0145621421	0.0956979106	-0.0105529251	-0.0519078079	0.532440225	0.33348722	0.228503715	0.293196101	0.103814269	0.0118648017	19.779028
2.22	0.0146827745	0.0954803101	-0.0106040156	-0.0524845282	0.531512855	0.352230552	0.102078293	0.294079579	0.146763056	0.0206698088	19.82166
2.23	0.014815647	0.0956476675	-0.0106583644	-0.0530580518	0.530607045	0.38964662	-0.0211328599	0.295205667	0.0826061998	0.0201323851	25.370931
2.24	0.015063753	0.09657847	-0.0108425098	-0.0534804912	0.530320027	0.279891061	0.0529958517	0.296613809	0.0880263374	0.0310236036	23.902043
2.25	0.016260042	0.0970388496	-0.0110950492	-0.0536852333	0.53015513	-0.0200484123	0.185609719	0.297715138	0.0574657187	0.0187433957	18.08283
2.26	0.0177539529	0.0974330597	-0.0114256734	-0.0538162473	0.530724457	-0.220756198	0.343037857	0.298172425	0.0505569659	0.0257912845	19.56176
2.27	0.0193544267	0.0978800711	-0.0117793802	-0.0539593739	0.531516131	-0.314484693	0.601768068	0.298276369	0.0630202207	0.0169718855	18.379495
2.28	0.0211805157	0.0982858321	-0.0121822927	-0.0539936376	0.532980058	-0.474809293	0.810501264	0.297650497	0.0590373884	0.0101452851	22.608841
2.29	0.0225508203	0.0990006473	-0.012622546	-0.0539406869	0.534896172	-0.637941921	1.00407414	0.296886069	0.0557827323	0.00931441139	18.953444
2.3	0.0229543449	0.0999956041	-0.013114156	-0.0538201725	0.537128938	-0.784416327	1.16617256	0.296179823	0.0601781044	0.0262302615	18.597491
2.31	0.0224463902	0.101443813	-0.013630525	-0.0536214811	0.539561125	-0.923023349	1.31454327	0.295569281	0.049916023	0.0107288398	20.386155
2.32	0.0203758429	0.103258571	-0.0140875538	-0.0533549693	0.541961872	-1.01567975	1.42742029	0.294654413	0.0578474462	0.0305402332	19.636146
2.33	0.0176325679	0.105277187	-0.0144648805	-0.0530084025	0.544234358	-1.07674171	1.51077386	0.293406999	0.0588191373	0.015662446	18.047861
2.34	0.0160206872	0.10591446	-0.0147423777	-0.0525593623	0.546251727	-1.12195385	1.57148106	0.291295053	0.0788925251	0.0544202736	20.9257
2.35	0.0154687774	0.105811016	-0.0149009829	-0.0520255719	0.547837675	-1.16600869	1.62673455	0.288966155	0.123102454	0.017994093	20.557191
2.36	0.0159254478	0.105300746	-0.0149187795	-0.0514146991	0.548969923	-1.21335137	1.65012604	0.286366421	0.113788231	0.0319602451	25.358091
2.37	0.0172184956	0.105426266	-0.0148228052	-0.0507531124	0.549699229	-1.25794582	1.64205664	0.283980042	0.0826362676	0.0106124459	19.079943
2.38	0.019158395	0.106666258	-0.0146252049	-0.0500718713	0.550035123	-1.29464833	1.61500416	0.281487614	0.125711631	0.02649052	17.880244
2.39	0.0216279884	0.107958898	-0.0143155521	-0.049388597	0.549989015	-1.31499524	1.55119193	0.278966441	0.115350575	0.0149216872	19.100586
2.4	0.0232823901	0.107999945	-0.0139470228	-0.0487477736	0.549657829	-1.30486758	1.47479585	0.276338663	0.0927691848	0.0417439832	18.019652
2.41	0.0244652444	0.107871414	-0.013571174	-0.0481521861	0.548994537	-1.2932426	1.38594638	0.27459106	0.0938300641	0.0279552302	21.495559
2.42	0.0251816116	0.107489948	-0.0131753539	-0.0476133058	0.548026425	-1.26027804	1.28590601	0.273190729	0.0384074488	0.0209111214	21.573763
2.43	0.0248680018	0.105672709	-0.0128228074	-0.047157903	0.546816156	-1.19337185	1.17677135	0.27208678	0.108268317	0.0347370713	22.35918
2.44	0.0241200609	0.103433202	-0.0125161922	-0.0467824029	0.54540716	-1.11327204	1.06943153	0.271321794	0.0811033686	0.0183332415	26.633772
2.45	0.0229307811	0.101212695	-0.012246227	-0.0464859496	0.543865165	-1.02232058	0.968278225	0.270617947	0.0857813544	0.0214722626	20.62885
2.46	0.0210502569	0.0979802347	-0.0120120849	-0.0462643288	0.542128316	-0.927110481	0.874287668	0.269819876	0.0918398498	0.0372612232	21.055469
2.47	0.0193200344	0.0949114402	-0.0117889286	-0.0461078387	0.540140672	-0.832210831	0.780242771	0.269020337	0.0999166151	0.0256387344	18.504588
2.48	0.0178854389	0.0920689168	-0.0115751351	-0.0459945633	0.5379472	-0.749910238	0.686334909	0.268724593	0.124754088	0.025241653	17.168279
2.49	0.0168042401	0.0895209193	-0.0113452543	-0.0459195754	0.535517631	-0.685421434	0.59387261	0.268560006	0.0771394849	0.0211579954	18.642724
2.5	0.0160566879	0.086741642	-0.011082489	-0.0458866732	0.532865057	-0.628221542	0.492437044	0.267974746	0.0650928173	0.0284014388	18.637091
2.51	0.0154975363	0.0846263026	-0.0110214458	-0.0459173833	0.531219639	-0.571368425	0.504147104	0.266772423	0.0405869733	0.0264106939	18.707025
2.52	0.0149924765	0.0838184879	-0.0111112258	-0.0460466554	0.530113636	-0.450394281	0.513086172	0.265184134	0.0585336567	0.0239672471	20.357355
2.53	0.0153844156	0.0844422635	-0.0112744019	-0.0461191558	0.529414839	-0.451479359	0.644386252	0.263793429	0.0530156104	0.00798017578	19.969982
2.54	0.0171582637	0.0862117831	-0.0115140114	-0.0462472402	0.529383659	-0.438793863	0.768814272	0.262239398	0.0468794499	0.0213761206	18.584423
2.55	0.0192764026	0.0874275424	-0.0118484471	-0.0464670876	0.529924361	-0.391292708	0.915345029	0.260702943	0.0774312706	0.040305539	20.552611
2.56	0.0211549846	0.0885531621	-0.0122574753	-0.0467529913	0.530943985	-0.322178951	1.07676971	0.259618099	0.0290870584	0.0241666861	22.010909
2.57	0.0222223396	0.0890549468	-0.0127211731	-0.0470895149	0.532374778	-0.246017784	1.23124772	0.258652547	0.0251077269	0.0145751109	22.895356
2.58	0.0231880831	0.0893628637	-0.0132243668	-0.0474902269	0.53420213	-0.14683421	1.38227483	0.257928452	0.0357871821	0.0359775992	24.318247
2.59	0.0237252059	0.0893415734	-0.0137691491	-0.0479545124	0.536278414	-0.0357908631	1.49393186	0.257866022	0.0540043824	0.016576967	20.939129
2.6	0.0236912439	0.0886869013	-0.014297458	-0.0484662548	0.538347124	0.0915556367	1.52885821	0.258203904	0.119938308	0.0106110888	20.853117
2.61	0.0239458849	0.0877693222	-0.0147589361	-0.0490651248	0.539900287	0.312885558	1.57949457	0.25938364	0.0951949945	0.015735591	19.775311
2.62	0.0242067719	0.0874029414	-0.0151754856	-0.0496499985	0.541153382	0.489748624	1.60125285	0.261681514	0.122767246	0.0295248978	19.301445
2.63	0.0238881052	0.0861451121	-0.0155347985	-0.0502044627	0.542056567	0.625297886	1.6219776	0.263707831	0.07900089	0.0256650312	22.184355
2.64	0.0235137406	0.0842037911	-0.0158715869	-0.0507202974	0.542733472	0.736239983	1.6451267	0.265174179	0.115077872	0.0119240592	20.691871
2.65	0.0228220079	0.0819263165	-0.01622933	-0.0512048397	0.543121131	0.811319966	1.67020988	0.266878466	0.115362531	0.0296775022	21.563444
2.66	0.0217793042	0.0797098184	-0.0166179444	-0.0516568913	0.543215045	0.830076624	1.67769784	0.269543833	0.0846996553	0.039112147	18.560684
2.67	0.0211817896	0.0777188112	-0.0170788531	-0.0520799505	0.543043394	0.790702738	1.70241993	0.273398882	0.0575067026	0.0309557489	20.196507
2.68	0.0218016705	0.0762845599	-0.0175768899	-0.0524716216	0.542657523	0.694241945	1.72792279	0.27794377	0.104821639	0.0265675273	21.713321
2.69	0.0240363292	0.0750921185	-0.0180692189	-0.0528307875	0.54199515	0.538759	1.75598712	0.282635622	0.10091576	0.0265379041	20.11118
2.7	0.0268473641	0.0740292696	-0.0184924431	-0.0531489728	0.541103979	0.335449177	1.75829223	0.286463281	0.0648801224	0.0186324685	19.541084
2.71	0.0291443869	0.0737530827	-0.0188456435	-0.0534307405	0.53998174	0.099601833	1.72659208	0.289673025	0.104001247	0.0274070344	18.860913
2.72	0.0305474838	0.073904781	-0.0190939657	-0.0536793435	0.538571906	-0.145478998	1.64904461	0.29220041	0.119130896	0.0146768053	23.82396
2.73	0.0296787002	0.0752826333	-0.0192012944	-0.0539112489	0.536913594	-0.357732228	1.53247916	0.294149259	0.135574424	0.0320082911	22.852238
2.74	0.0268050753	0.0774891061	-0.0192660867	-0.0542075304	0.535420626	-0.422596152	1.31257487	0.294619008	0.0556442013	0.0289794761	21.219629
2.75	0.0220273192	0.0804432036	-0.0192722478	-0.0545938804	0.534081235	-0.364683082	1.01424889	0.293839029	0.037478814	0.017701172	20.434683
2.76	0.01576837	0.08491166	-0.019439367	-0.0549853832	0.533252877	-0.317123391	0.942590973	0.293543333	0.140890722	0.0451028829	19.96386
2.77	0.00988073587	0.0885880164	-0.0197033917	-0.0552649533	0.53287462	-0.414040985	0.884572721	0.292127373	0.0398819354	0.0129463815	19.929331
2.78	0.00436401877	0.0923926898	-0.0200085763	-0.0554103608	0.533082205	-0.556931556	0.874352999	0.290021849	0.0570270201	0.0374089219	18.674809
2.79	0.00474510672	0.0959851713	-0.0203553822	-0.0554444874	0.533749525	-0.733085385	0.904958326	0.28764462	0.0219951158	0.0264928234	18.283017
2.8	0.00950979393	0.0996394201	-0.0207587372	-0.0554042234	0.53485006	-0.893549586	0.971856449	0.285195042	0.0759413031	0.0155793191	19.07643
2.81	0.0137229717	0.102465183	-0.0212440604	-0.0552994241	0.53634655	-1.04333567	1.05760763	0.283041577	0.0674295602	0.00645936813	19.178771
2.82	0.0158775914	0.103421838	-0.0217956517	-0.0551229472	0.538190752	-1.19190227	1.15338119	0.281331285	0.0415707675	0.0256419	19.290587
2.83	0.0170301676	0.104097995	-0.0223967899	-0.0548754333	0.540324794	-1.33427066	1.25490884	0.280338698	0.0370116672	0.0212090243	22.45201
2.84	0.0175149253	0.104226515	-0.0229790702	-0.0544732781	0.542281659	-1.54079533	1.41306501	0.279797107	0.0257794883	0.0182601471	19.380948
2.85	0.0180837061	0.10463167	-0.0235131541	-0.0540280525	0.544181845	-1.67868778	1.53653768	0.279713462	0.13777791	0.0263370219	16.625647
2.86	0.0187970635	0.104685648	-0.0239631719	-0.0535391931	0.545906558	-1.76846277	1.63988507	0.279532316	0.10444204	0.0202225766	21.552353
2.87	0.0196348595	0.104646665	-0.0243242548	-0.0529976137	0.547384367	-1.82560747	1.71334676	0.279497349	0.0859256408	0.0202526163	19.24869
2.88	0.0202695654	0.103818468	-0.0245792501	-0.052424294	0.548601539	-1.83332254	1.73292499	0.279108012	0.0821841038	0.025048373	20.184355
2.89	0.0211724884	0.10304709	-0.0247252288	-0.0517988785	0.549515592	-1.8249937	1.71127469	0.278823947	0.105591299	0.0190759254	21.904369
2.9	0.0218426855	0.102483097	-0.0247859838	-0.0511452537	0.550110234	-1.7843054	1.65257715	0.278942564	0.115065284	0.018273993	20.416978
2.91	0.0220256588	0.102418167	-0.0248060877	-0.0504785926	0.550470222	-1.71932096	1.57380876	0.279873986	0.0555490107	0.0216441928	23.199972
2.92	0.0213125778	0.102018056	-0.0248057548	-0.0498238712	0.550624793	-1.6147748	1.46068293	0.281309552	0.0567299404	0.0138864272	24.508262
2.93	0.0200442033	0.10143947	-0.0247862078	-0.0491766217	0.550659401	-1.47400489	1.33159855	0.283181076	0.13270904	0.0104950801	22.865318
2.94	0.0191841111	0.0992209809	-0.0247304862	-0.0485443876	0.550555482	-1.32473114	1.19244853	0.285091399	0.117881076	0.0332058371	22.679994
2.95	0.0195716159	0.0975534745	-0.0246391385	-0.0479164269	0.550334662	-1.18963905	1.04821623	0.287218703	0.0902658385	0.0244041495	21.817095
2.96	0.0202844222	0.0964610679	-0.0245165189	-0.0472929041	0.550017414	-1.07064234	0.87366992	0.2890716	0.103986283	0.0400767325	25.477315
2.97	0.021751695	0.0953627286	-0.0243648138	-0.0466428299	0.549466821	-0.980566007	0.67876343	0.29133883	0.123253878	0.0450098973	21.413101
2.98	0.0240829004	0.0942587867	-0.0241903942	-0.0459592856	0.548713539	-0.918976485	0.472940525	0.29315168	0.112096866	0.0275725011	21.528702
2.99	0.0261716281	0.0942261955	-0.0240290827	-0.045262118	0.547765276	-0.872461779	0.285491935	0.294936954	0.0977068518	0.0258380039	19.029073
3	0.0278117681	0.0946120519	-0.023834669	-0.0445520926	0.546564233	-0.83642026	0.1010697	0.296349201	0.0575763568	0.0149814563	21.232748
3.01	0.0288337263	0.0951784309	-0.0235950661	-0.0439165784	0.545499876	-0.705554457	0.0316303534	0.2967566	0.0603915529	0.0205922831	18.998703
3.02	0.0294574039	0.0967068933	-0.0233565583	-0.0433035135	0.544840668	-0.624717619	-0.0191642726	0.295813056	0.0557919741	0.0195368054	21.664268
3.03	0.029819455	0.0987633133	-0.0231181134	-0.0427965949	0.544294576	-0.459902692	-0.100848146	0.294275211	0.0586907697	0.0214493438	22.536035
3.04	0.0304713317	0.101387954	-0.0228529885	-0.0423524923	0.544048606	-0.308571097	-0.155887507	0.292623868	0.0394561192	0.0139712462	20.293426
3.05	0.03153551	0.103690528	-0.0225878552	-0.0419150254	0.543807509	-0.221208235	-0.129603313	0.290751588	0.0334378159	0.00989598461	21.1673
3.06	0.0317584517	0.107204247	-0.0223329717	-0.0415772601	0.543899577	-0.0901958903	-0.0996553708	0.289384815	0.0457130533	0.0350078562	23.450785
3.07	0.0313459607	0.110780007	-0.0221006954	-0.0413439172	0.544263533	0.0541131762	-0.0695125942	0.288149157	0.040228212	0.00991270704	22.823998
3.08	0.0294540077	0.113141238	-0.0219282772	-0.0412372868	0.544795494	0.21520512	-0.0234251842	0.287221788	0.0413816218	0.0331868426	23.60203
3.09	0.0269617086	0.115811739	-0.0218266781	-0.0412568573	0.54542788	0.380897477	0.0198130729	0.287320154	0.0753643418	0.0392985686	18.89842
3.1	0.0251571443	0.11834209	-0.0217328201	-0.0413657836	0.545878882	0.515948817	0.0232891192	0.288089411	0.111043073	0.0266440453	21.649314
3.11	0.0241440613	0.120996911	-0.0215825223	-0.0415331482	0.54602016	0.615126865	0.0101730026	0.290090795	0.110503279	0.0437346395	21.113772
3.12	0.0238546025	0.121912868	-0.0213187571	-0.0417350855	0.545744429	0.679331017	-0.0168594958	0.292467071	0.100292978	0.0284731211	24.387252
3.13	0.0242739838	0.122008767	-0.0209259266	-0.0419550462	0.545084481	0.739136628	-0.0574950084	0.294986184	0.118166369	0.0178693114	19.368995
3.14	0.0253480353	0.123132678	-0.020386643	-0.0421761445	0.54401506	0.795539249	-0.0899526207	0.297728008	0.109561717	0.0397260702	21.500097
3.15	0.0263320062	0.123974997	-0.0197273444	-0.0423809531	0.542619171	0.84673098	-0.125608194	0.300184288	0.0986469663	0.0141287802	16.680247
3.16	0.0267281241	0.124387428	-0.0189402835	-0.0425553973	0.540930057	0.884256499	-0.160009173	0.302185588	0.0811908257	0.0220965047	18.690613
3.17	0.0265521569	0.124466183	-0.0180713076	-0.0426709794	0.539068648	0.877491462	-0.198514325	0.304029702	0.0587142442	0.0302825545	16.618743
3.18	0.0257773858	0.124205182	-0.0171326384	-0.0427394424	0.537100467	0.845580152	-0.208469651	0.305309847	0.108784478	0.0290869197	20.184551
3.19	0.0246402105	0.124006993	-0.0161703229	-0.042771673	0.535134731	0.784999905	-0.190377937	0.305810898	0.118951447	0.0238809171	25.183921
3.2	0.0237120614	0.122938713	-0.0152006502	-0.0427826274	0.533185166	0.713622436	-0.154600593	0.305729494	0.0902428163	0.0118874029	23.647034
3.21	0.0230026517	0.122120613	-0.0142605829	-0.0428009698	0.531220648	0.650800095	-0.104339039	0.305938692	0.109442107	0.0192774952	22.396635
3.22	0.022450893	0.120782211	-0.013341637	-0.0428239311	0.529245965	0.593264969	-0.0345194443	0.305517481	0.102837702	0.037249451	22.50736
3.23	0.0223762724	0.119175205	-0.0124637399	-0.0428460815	0.527305058	0.53810486	0.0575967396	0.304285301	0.111542047	0.0256547699	20.844427
3.24	0.0221925953	0.118577469	-0.0117388918	-0.0430294735	0.525888822	0.599277765	0.0745795563	0.302848714	0.0541033811	0.0184352387	21.98317
3.25	0.0224750547	0.117957553	-0.0112577608	-0.0432594455	0.524855628	0.575102094	0.222093591	0.301479073	0.0454943876	0.0192126411	21.88296
3.26	0.0225882672	0.117250226	-0.0110903947	-0.0435253218	0.524860732	0.519171557	0.442622739	0.300038508	0.0497805465	0.0193975378	20.65026
3.27	0.023379889	0.116313027	-0.0111266244	-0.0437709226	0.525543726	0.399342836	0.692883227	0.298418568	0.0952471024	0.0360288238	20.20597
3.28	0.0243783733	0.11575326	-0.0113320663	-0.0440060755	0.526753905	0.244583696	0.950115191	0.296806777	0.0391721734	0.00994218126	19.551685
3.29	0.0253477332	0.114590765	-0.0116489436	-0.0442153804	0.528362856	0.0562273442	1.18577462	0.294935755	0.0373180999	0.0321185429	22.977984
3.3	0.026200182	0.112499904	-0.0120117633	-0.0443809344	0.530265701	-0.150932137	1.36081334	0.292749018	0.0494200399	0.0446285687	20.265883
3.31	0.0268406723	0.110916533	-0.0124651991	-0.0445150764	0.532365853	-0.375468293	1.47881417	0.29126227	0.051940197	0.0188112641	23.849889
3.32	0.0261790523	0.109292881	-0.0130130542	-0.0446336027	0.534508258	-0.595640214	1.55496465	0.290650517	0.0890648875	0.0360842465	20.670772
3.33	0.025239056	0.106307332	-0.0136454893	-0.0447197637	0.536642144	-0.836762529	1.60434695	0.290187972	0.0578087739	0.0452996968	22.726862
3.34	0.024509776	0.102352176	-0.0143047652	-0.0446833378	0.538375418	-1.14689341	1.66437083	0.289509887	0.0546145074	0.0413557471	25.777246
3.35	0.0243544358	0.0977722703	-0.0150383851	-0.0446209062	0.540018921	-1.4156384	1.70233022	0.288237787	0.0955343593	0.044403443	30.269093
3.36	0.0246616761	0.0934212274	-0.0157958726	-0.0445509287	0.541423996	-1.63977821	1.72621215	0.28692235	0.0966533926	0.0345364962	27.93773
3.37	0.025291718	0.0885601238	-0.0165033297	-0.04447117	0.542546387	-1.8184815	1.71256159	0.284709017	0.116666996	0.0652877273	20.970699
3.38	0.0252053036	0.0847972881	-0.0171679261	-0.0443886246	0.543418307	-1.95902627	1.6694818	0.281963143	0.0793147256	0.0378084503	24.707921
3.39	0.0239279926	0.082471093	-0.0177880272	-0.0443093092	0.54402582	-2.06125833	1.59591825	0.278381671	0.0881242836	0.0330109746	28.810993
3.4	0.0214194254	0.0814314617	-0.0183276406	-0.0442346929	0.544232117	-2.11671469	1.49456139	0.274504187	0.0877422183	0.0329719198	25.36359
3.41	0.0184795776	0.0807868842	-0.0188295325	-0.0441671077	0.544009963	-2.11357846	1.3452652	0.270372964	0.0895125087	0.0373264832	23.826167
3.42	0.0158122513	0.0809068255	-0.0193208914	-0.0441047798	0.543390737	-2.05554612	1.17053631	0.266465185	0.0493276957	0.0161649911	21.216855
3.43	0.0144327982	0.081174667	-0.019809071	-0.0440352727	0.542487443	-1.97075012	1.01393099	0.262934282	0.128346641	0.025852081	22.072043
3.44	0.0143711175	0.0804895258	-0.0203249266	-0.0439540691	0.541373618	-1.87142476	0.8784279	0.259427294	0.0909533044	0.0383115373	22.795996
3.45	0.0148349147	0.0794884833	-0.0208678826	-0.0438646053	0.540127518	-1.75378818	0.754271037	0.256468615	0.104508395	0.0230576594	25.904392
3.46	0.0141479249	0.0776699849	-0.0214421889	-0.0437589042	0.538688218	-1.62087011	0.617216354	0.254484927	0.106443508	0.0437610362	21.510063
3.47	0.0114799225	0.0744497474	-0.0220188146	-0.0436540856	0.537057873	-1.45012108	0.464500429	0.253417267	0.101222602	0.0405482059	20.179139
3.48	0.00821150727	0.0712485183	-0.0225982854	-0.0435580127	0.535225046	-1.25605126	0.306521899	0.2532855	0.14833411	0.0163566966	21.55545
3.49	0.00533896946	0.069138599	-0.0231391006	-0.0434799257	0.533265447	-1.03777451	0.129840054	0.2539137	0.0649619315	0.0269381328	19.482786
3.5	0.00340280365	0.0681229311	-0.0235940639	-0.0434147267	0.531119512	-0.8108366	-0.065597719	0.255128641	0.0891939091	0.0284201474	20.254827
3.51	0.0021374701	0.0674696699	-0.024162228	-0.0434275234	0.529925475	-0.605327273	-0.168089446	0.255831879	0.0603315301	0.0325114467	18.55547
3.52	0.00127399284	0.0662889037	-0.0247308384	-0.0435755646	0.529159457	-0.302500144	-0.315293534	0.255705846	0.0669504863	0.0321666547	19.139129
3.53	0.00280484144	0.0651991871	-0.0253121306	-0.0437233083	0.528795018	-0.139052202	-0.302398308	0.255905627	0.0657529265	0.0222501727	18.06719
3.54	0.00522335727	0.0642538082	-0.0259294233	-0.0439613859	0.529158695	0.0480941954	-0.224442837	0.256447196	0.0529738225	0.0249693434	17.759273
3.55	0.00841869434	0.0628572554	-0.0265592418	-0.0442879185	0.530167331	0.24195273	-0.0999347432	0.256867109	0.0375799702	0.0252838852	21.789462
3.56	0.0125072821	0.0614066806	-0.0272553817	-0.0446803226	0.531791121	0.406013498	0.0726134504	0.257391128	0.10001877	0.0336577195	20.027451
3.57	0.0162423254	0.0607297687	-0.0279894357	-0.0451060554	0.533933702	0.535304637	0.274100488	0.258328391	0.062457611	0.00989777354	19.577168
3.58	0.0191289439	0.0597613779	-0.0287016399	-0.0455388694	0.536554893	0.624555335	0.502574986	0.25825035	0.0702107847	0.0319406641	19.02101
3.59	0.0207265723	0.0589340169	-0.029308472	-0.0459604944	0.539399477	0.690250399	0.723466799	0.257280265	0.0858345754	0.0350752876	18.508696
3.6	0.0217002554	0.0586868242	-0.0298029133	-0.0463197678	0.54176298	0.700450918	0.808115496	0.256441165	0.17185935	0.0338440979	18.816128
3.61	0.0226111566	0.0591519504	-0.030101867	-0.0467613539	0.54369201	0.831753651	0.941624759	0.256511716	0.106038806	0.0176833386	20.40765
3.62	0.0230537104	0.0599403101	-0.0302360713	-0.0471996635	0.545357293	0.93341329	1.04617478	0.256559125	0.111329323	0.0161037595	16.795679
3.63	0.0229264603	0.0617351676	-0.030214059	-0.0476291902	0.546676122	0.991449347	1.09369944	0.257140639	0.114373174	0.0299756272	15.861572
3.64	0.0227626813	0.0634972048	-0.0300447396	-0.0480666716	0.54759903	1.03773013	1.09311796	0.25734094	0.116483088	0.0173908668	18.692223
3.65	0.0222703313	0.0651285833	-0.0297667279	-0.0485110229	0.548154033	1.07562701	1.06343118	0.256927283	0.115495249	0.0174504463	20.072171
3.66	0.0218311923	0.0673903033	-0.0294455104	-0.0489594729	0.548314765	1.11079485	1.01856242	0.256830915	0.0888541219	0.0237251756	20.141766
3.67	0.0227296873	0.0704062703	-0.0291673734	-0.0494407368	0.548209055	1.16142716	0.980408928	0.257300572	0.0481456702	0.0418599367	16.666625
3.68	0.0245049332	0.0736482697	-0.0289678824	-0.0499292025	0.547883914	1.20812778	0.969940276	0.257843286	0.0758869732	0.0233872762	18.845079
3.69	0.0272480552	0.076297594	-0.028833017	-0.0504218639	0.547408398	1.25264239	0.973724649	0.258046251	0.0862944598	0.0219488182	18.449484
3.7	0.0292047449	0.078785607	-0.028757005	-0.0508702836	0.546813405	1.23426021	0.982340985	0.258214298	0.134866264	0.0464491237	17.256324
3.71	0.0305311381	0.0811278189	-0.0287577565	-0.0512789453	0.546099578	1.17014912	1.00520497	0.258469642	0.0800037826	0.0142340085	19.688611
3.72	0.0312824862	0.0837482281	-0.0288278362	-0.0516445471	0.545179455	1.07631341	1.05458281	0.259184715	0.0941352356	0.0361883404	22.826425
3.73	0.0313413317	0.086208196	-0.0289710459	-0.0519534106	0.544087878	0.945881916	1.13037664	0.26010798	0.0840672681	0.0263797554	20.141473
3.74	0.0315483644	0.0892554994	-0.029209041	-0.0522276418	0.542743506	0.796044266	1.22641444	0.262224589	0.105521664	0.0457517402	20.176296
3.75	0.0312491049	0.0911713268	-0.0295418247	-0.0524664556	0.541184695	0.62604933	1.31083176	0.264226853	0.0653037857	0.0166783553	17.682492
3.76	0.0301988026	0.092119779	-0.0300416365	-0.0527259601	0.539762679	0.574767185	1.33846468	0.266375281	0.0419473871	0.0269411889	17.862434
3.77	0.0283746042	0.0926412134	-0.0306464784	-0.0530092182	0.538424224	0.569612104	1.29546668	0.26903995	0.042115098	0.0289078689	19.128277
3.78	0.025483472	0.0921749661	-0.0313952017	-0.0532493461	0.537548908	0.53323596	1.24362534	0.271958191	0.0615463541	0.0210762362	19.942194
3.79	0.0218894106	0.0913161201	-0.0321805784	-0.0535184781	0.536573006	0.570598052	1.26827842	0.275774915	0.0585613339	0.0348580062	20.374665
3.8	0.0173311823	0.0889616231	-0.0330591054	-0.0536844479	0.535751775	0.494383558	1.20310438	0.278807251	0.0543213267	0.0178994421	17.536387
3.81	0.013194449	0.0876418383	-0.034020474	-0.0538053202	0.535396678	0.430299915	1.190688	0.282099634	0.0448455266	0.0474220858	18.229358
3.82	0.00985101259	0.0867685137	-0.0349833342	-0.053856006	0.535428531	0.355746928	1.21368673	0.284736663	0.0752806124	0.0232523406	17.300767
3.83	0.0089627423	0.085534153	-0.0359911978	-0.0538266917	0.535855731	0.245283399	1.26517037	0.286215863	0.0492311483	0.0263105663	18.7557
3.84	0.0113811287	0.0845639763	-0.0370127147	-0.0537338215	0.536602181	0.11893123	1.31112643	0.286845247	0.0302609765	0.00678268958	17.471096
3.85	0.0157222488	0.083888877	-0.0379540437	-0.0535725589	0.537345694	-0.0261521549	1.30893899	0.286995922	0.114198303	0.0253636268	18.201645
3.86	0.0205061324	0.0825906469	-0.0388034191	-0.0533139659	0.537526521	-0.206499311	1.29674377	0.287332966	0.115750065	0.0318188923	16.216485
3.87	0.0245550975	0.0818011952	-0.0395401618	-0.0530270675	0.537485145	-0.321021345	1.20523553	0.287939039	0.106001625	0.0115199346	16.803502
3.88	0.0279123027	0.0814998769	-0.0401898507	-0.0527188193	0.537250854	-0.400815075	1.05391187	0.288861226	0.0749341318	0.0244899921	16.804847
3.89	0.0305928983	0.081404162	-0.0407596237	-0.0523909119	0.536847035	-0.458108579	0.84899204	0.289498952	0.104943823	0.0235494966	19.137636
3.9	0.0322537951	0.0819046959	-0.0412188343	-0.0520475855	0.536309855	-0.499815893	0.612188307	0.289889026	0.101230551	0.0139007069	17.942742
3.91	0.0324859701	0.0822729663	-0.0416054923	-0.0517070246	0.535611837	-0.535869072	0.363781278	0.290186788	0.0929696662	0.0317265564	17.965984
3.92	0.031014016	0.0827349346	-0.0419574666	-0.0513830361	0.534728801	-0.561384129	0.114347678	0.290786005	0.063088033	0.0377999305	18.265857
3.93	0.0288600554	0.0833258043	-0.0422764555	-0.0510639547	0.533643784	-0.588581406	-0.127323524	0.291462024	0.0944430785	0.0178626616	18.171056
3.94	0.0265884601	0.0834737126	-0.0426005038	-0.0507445176	0.532474778	-0.643664848	-0.363672493	0.291917439	0.0998199083	0.0304392454	17.965409
3.95	0.0246743319	0.083023891	-0.0429072171	-0.0504288658	0.531187626	-0.703907913	-0.611513625	0.292287731	0.103667015	0.0205400679	19.119327
3.96	0.0234348325	0.0829377888	-0.0431774781	-0.0501061706	0.529792858	-0.775882323	-0.855140864	0.292844184	0.0600946368	0.0141244966	17.33509
3.97	0.0225467268	0.0829107699	-0.0434255216	-0.049770823	0.528253965	-0.844615814	-1.06869597	0.293292847	0.14151482	0.0331606717	18.638715
3.98	0.0223477157	0.0822844696	-0.0437646328	-0.0495670539	0.52722748	-0.76537253	-1.06227582	0.293491462	0.088530062	0.0247987786	19.215514
3.99	0.0230904617	0.0818173691	-0.0440953754	-0.0495498423	0.526309345	-0.509355674	-0.972957745	0.293707162	0.0652733569	0.018616954	19.713922
4	0.0243718952	0.080845886	-0.0444340154	-0.0496065771	0.526175245	-0.329983852	-0.806589121	0.293259068	0.0557337526	0.0278346729	18.409662
4.01	0.0256493634	0.080555237	-0.0447352834	-0.0497424868	0.526631431	-0.161088719	-0.597251313	0.292872694	0.0415548548	0.00969335618	17.314242
4.02	0.027037206	0.0811263624	-0.0449652803	-0.0499507643	0.527572348	-0.0145547842	-0.380989524	0.292925797	0.0516496788	0.0157161617	19.197959
4.03	0.0285848163	0.0815805416	-0.045103714	-0.0501698806	0.528601142	0.0681664087	-0.0752476845	0.293140154	0.0368743778	0.0155497928	17.101041
4.04	0.0296805395	0.0824586804	-0.0451140743	-0.0504757647	0.530129693	0.158467475	0.203219499	0.293109692	0.02884041	0.0209725451	16.734171
4.05	0.0301092393	0.0843258586	-0.0449691681	-0.0508276765	0.531965458	0.233104143	0.45598758	0.293072679	0.0384397808	0.0273103695	17.239838
4.06	0.0300020511	0.086204316	-0.0447119436	-0.0512291059	0.534021942	0.295639249	0.687886816	0.292676094	0.0426405893	0.00771650304	18.534763
4.07	0.0293812681	0.0879269021	-0.0443433942	-0.0516834774	0.536133268	0.358143761	0.872315824	0.292235962	0.046032737	0.0144854586	18.370777
4.08	0.0283638107	0.0899208639	-0.0438726155	-0.0522081529	0.53827511	0.437947716	1.01910513	0.291870288	0.0395547298	0.0194235965	18.461307
4.09	0.0266796402	0.0916005494	-0.0432733891	-0.0527930643	0.54046326	0.513820905	1.11983024	0.291450046	0.0461891937	0.0198947742	18.119142
4.1	0.0247076909	0.0927580729	-0.0425444292	-0.0534944228	0.54221105	0.663827154	1.22872255	0.291468356	0.114118073	0.00688982235	18.226598
4.11	0.0224042718	0.0931906183	-0.0416967609	-0.0542572238	0.543738859	0.789431321	1.26496453	0.291380157	0.0773214468	0.0169898664	17.998296
4.12	0.0197912534	0.094015228	-0.0407663755	-0.055064791	0.544894922	0.886147251	1.25804518	0.291863846	0.0986668945	0.028919745	18.436092
4.13	0.0165398275	0.0940501141	-0.0397742669	-0.0559196039	0.545624412	0.990859734	1.2359804	0.292172228	0.0789075656	0.0217915864	19.460976
4.14	0.0128764236	0.0934081887	-0.0387143018	-0.0568064676	0.545909368	1.10936646	1.19978059	0.292109534	0.0988630808	0.0184646377	20.960474
4.15	0.00988242625	0.092416853	-0.0376188081	-0.0577257297	0.545778506	1.2530979	1.15073892	0.291606267	0.0719679532	0.0261562506	16.900475
4.16	0.0100909396	0.0920507504	-0.0364922828	-0.0586653136	0.545307045	1.41254979	1.08586477	0.290968643	0.0962383477	0.0182018046	19.467441
4.17	0.0143364715	0.0925665009	-0.0353679433	-0.0596234162	0.544647015	1.57520758	1.0268513	0.290452249	0.0870009812	0.0491812997	19.033552
4.18	0.0200429728	0.0932544821	-0.0342818285	-0.0605458368	0.543811233	1.69707012	0.966531523	0.290008994	0.0917913877	0.0273866285	18.649708
4.19	0.0251338477	0.0931978561	-0.0332285726	-0.0614092579	0.542712067	1.76269086	0.893834712	0.289801245	0.0987867798	0.0223137824	18.219887
4.2	0.0287956155	0.093187734	-0.0322296711	-0.0621889112	0.541364207	1.75921177	0.810032922	0.290406482	0.084238279	0.0235112527	21.009901
4.21	0.0302861686	0.0928234702	-0.0312663613	-0.0628595868	0.539849263	1.68505538	0.706538447	0.291125195	0.0640961854	0.0318648946	19.271104
4.22	0.0299893496	0.092693417	-0.0303126142	-0.0634115886	0.538030223	1.55740744	0.553247468	0.292238281	0.121045353	0.0220352709	18.281268
4.23	0.0278749536	0.092298333	-0.029357348	-0.0638346322	0.535952279	1.38530234	0.350357881	0.293048378	0.0888313137	0.0259904822	18.800378
4.24	0.0248853703	0.0904016037	-0.0284591788	-0.0641617774	0.53369978	1.19624233	0.123610425	0.293229711	0.0713201176	0.0212318587	20.484675
4.25	0.021697798	0.0884386077	-0.0278132552	-0.0642965543	0.532008113	0.89179325	0.0519070254	0.293807462	0.0861385051	0.0150590536	19.644788
4.26	0.0192715367	0.0869548847	-0.0273896224	-0.0643349891	0.531063818	0.613391354	0.0413689565	0.29408458	0.0551668486	0.0233840117	20.180636
4.27	0.018183248	0.0858285131	-0.0270715884	-0.0643306022	0.52994506	0.366251775	0.111656531	0.294541785	0.0500896056	0.0203970231	17.82616
4.28	0.0181322709	0.0857985515	-0.0269333764	-0.0642395334	0.529669605	0.165594382	0.236987031	0.29475695	0.03526954	0.0160205848	20.104855
4.29	0.0187936259	0.0866430914	-0.0269241728	-0.0640377023	0.530128172	-0.0321448646	0.394486613	0.29421441	0.0317407631	0.0475284399	20.706127
4.3	0.0205054468	0.087564866	-0.0270067369	-0.0637351881	0.531069243	-0.213717849	0.562749826	0.292571077	0.0484742703	0.0150448647	18.474849
4.31	0.0231525762	0.0890838572	-0.0271955014	-0.0633527148	0.532324918	-0.355971734	0.724958981	0.290222493	0.05654816	0.0252720405	20.110613
4.32	0.0266276716	0.0910588948	-0.0275003946	-0.062934642	0.53386731	-0.444110094	0.885421669	0.287729839	0.0731365829	0.0130691384	17.921892
4.33	0.0302525825	0.0935716714	-0.0279090583	-0.0624918831	0.535625732	-0.468235604	1.04818782	0.285739015	0.0379344409	0.0242533624	18.564566
4.34	0.0335960433	0.0962980988	-0.0283991244	-0.0620599494	0.53724948	-0.389557259	1.16123029	0.284483473	0.0396888413	0.0222098676	18.192798
4.35	0.0361054173	0.09862424	-0.0289147295	-0.0615294046	0.538560046	-0.345240847	1.28869128	0.283938936	0.114761108	0.0204590954	18.004504
4.36	0.0368091245	0.0995672984	-0.0294338752	-0.0610096443	0.539633462	-0.251735117	1.37773518	0.284199659	0.0990267995	0.0263772471	16.70212
4.37	0.0361610667	0.0988673048	-0.0299376247	-0.0605062989	0.540286632	-0.148554355	1.42725055	0.284785435	0.107950975	0.0272242204	19.674905
4.38	0.0346224743	0.0977991125	-0.0304204537	-0.0600328302	0.540453705	-0.0437146229	1.46125968	0.285850286	0.0982686445	0.0233529947	19.639707
4.39	0.0325571038	0.0966396331	-0.0308951845	-0.0595876529	0.540231537	0.0389822231	1.48611644	0.287385959	0.0998974261	0.0208316722	18.724856
4.4	0.030364112	0.0964407224	-0.0313181245	-0.0591655701	0.539642118	0.0737146275	1.49996162	0.289743683	0.0705505537	0.0269698879	18.937358
4.41	0.0287241472	0.0957374744	-0.0316738098	-0.0587527787	0.538767424	0.056103735	1.51208627	0.29206941	0.118338342	0.0168936011	16.995082
4.42	0.0276120744	0.095024539	-0.0319929125	-0.0583718094	0.537658388	0.0145400004	1.52678974	0.294674055	0.0520284928	0.0195953567	17.786666
4.43	0.0266689545	0.093233212	-0.0322813568	-0.0580296023	0.536415768	-0.0587133918	1.57706887	0.296626418	0.104738238	0.0257315666	19.542458
4.44	0.0255668641	0.0919303475	-0.0325165967	-0.0577411327	0.535002533	-0.126820517	1.63607431	0.29844124	0.128902499	0.0148856097	19.970026
4.45	0.0241103743	0.0910153845	-0.0326882281	-0.057512092	0.533424955	-0.178034177	1.6917168	0.300356957	0.0911216831	0.0140274431	16.498699
4.46	0.0222078897	0.09054358	-0.0328025657	-0.0573521162	0.531740678	-0.210762207	1.73502226	0.302197787	0.0894307618	0.0108690695	17.906335
4.47	0.0200474428	0.0903147635	-0.0328680291	-0.0572636977	0.52991874	-0.223300089	1.7700417	0.30383046	0.0877251244	0.0207298037	18.83581
4.48	0.0175379406	0.0906778339	-0.0328857549	-0.0572459636	0.52799078	-0.223585412	1.78229606	0.305373793	0.0977832681	0.0173199788	19.461746
4.49	0.0147096747	0.0911220537	-0.0328521655	-0.0572953678	0.525981224	-0.202351448	1.77212794	0.306624742	0.060782257	0.0161713427	18.632321
4.5	0.0115248882	0.0921650587	-0.0329559268	-0.0573988692	0.525010528	-0.157318751	1.84500116	0.307189281	0.0648172754	0.0193213529	19.495236
4.51	0.0089246706	0.0937761616	-0.0331495	-0.0574784675	0.524159104	-0.131230373	1.93467673	0.307865695	0.0703778567	0.0291792259	19.781047
4.52	0.00721375241	0.0962828628	-0.0333757944	-0.0575976673	0.524223872	-0.109858138	2.00462434	0.307615238	0.0682858357	0.0304698192	18.762422
4.53	0.00816364047	0.0990174492	-0.0336275238	-0.0577794805	0.525000283	-0.0798736799	2.03635879	0.305974718	0.0671769743	0.0383550086	17.970138
4.54	0.0112440611	0.101410405	-0.0338958454	-0.0580110129	0.526369695	-0.058119324	2.01365511	0.303506433	0.0382372831	0.0154979913	19.615824
4.55	0.0149537252	0.104426886	-0.0341955874	-0.0583182365	0.528177506	-0.0134084856	1.9240914	0.301339308	0.0619110068	0.0299626254	18.399214
4.56	0.018436153	0.107941306	-0.0345502576	-0.0586912159	0.530391678	0.038197223	1.77767679	0.299893516	0.0374144906	0.0339333811	18.559484
4.57	0.020648794	0.110508576	-0.0349864221	-0.0591221235	0.532988545	0.0985145749	1.61670475	0.298729867	0.0533857345	0.0178855166	17.44481
4.58	0.0221025486	0.112705828	-0.0354637846	-0.0596101841	0.535790069	0.176018813	1.4480705	0.297725404	0.0972480448	0.0204464753	17.175697
4.59	0.0233063471	0.115003458	-0.0358829587	-0.0602164036	0.538335622	0.343262108	1.31353091	0.29719445	0.115190285	0.0226381882	18.028375
4.6	0.0232128411	0.115930147	-0.03628261	-0.0608428205	0.540815486	0.47719112	1.15329674	0.296726473	0.11476899	0.0198539916	17.074532
4.61	0.0225811573	0.116700194	-0.0366129933	-0.0614744842	0.543005308	0.617221587	0.988476509	0.296676182	0.138569484	0.0129550463	18.798207
4.62	0.0220364431	0.117383388	-0.0368353822	-0.0621170638	0.544803492	0.756521837	0.850306932	0.296484473	0.116851205	0.0220947436	17.849691
4.63	0.0217502515	0.118021719	-0.0369409096	-0.0627801654	0.546174812	0.885902397	0.750987846	0.296050442	0.0936255953	0.0177349774	15.901345
4.64	0.0224074883	0.119478881	-0.0369310179	-0.0634740123	0.547071838	0.998138191	0.688268727	0.295671682	0.128979775	0.0203080244	17.685587
4.65	0.0234215565	0.120649815	-0.0368518227	-0.0641991198	0.547604265	1.07485578	0.673246916	0.295093231	0.0871245441	0.0130977113	17.4637
4.66	0.024853322	0.120955933	-0.0367359748	-0.0649745502	0.54777341	1.13187911	0.700279226	0.293882897	0.120452891	0.0238593868	18.525138
4.67	0.0262453275	0.121278356	-0.0365979855	-0.0658008423	0.547623886	1.15796775	0.735016021	0.293038608	0.0540270221	0.0198554352	19.154668
4.68	0.0269240719	0.120233575	-0.0364109901	-0.0666660295	0.547151715	1.1353326	0.754170527	0.29196444	0.102474083	0.0295514685	17.011815
4.69	0.0271084612	0.119153868	-0.0362063352	-0.0675622238	0.546436099	1.05489286	0.747921466	0.291290221	0.0852903114	0.0220126149	19.388862
4.7	0.0265228002	0.117645626	-0.0359810753	-0.0684624873	0.545489277	0.897736674	0.714846268	0.290881127	0.143875491	0.0397924619	17.464012
4.71	0.0253113755	0.115579023	-0.0357534485	-0.0693635576	0.544340176	0.698877883	0.694550661	0.291012392	0.111622367	0.040185418	19.127813
4.72	0.0243895212	0.113428683	-0.0355055531	-0.07026347	0.543016592	0.45130235	0.681916582	0.29152065	0.124341821	0.00764200902	17.790899
4.73	0.0234962309	0.110309047	-0.0352482299	-0.0711683601	0.541511149	0.18207838	0.675379403	0.292277637	0.118897247	0.024692807	17.35911
4.74	0.0234525873	0.107152438	-0.034953823	-0.0720869686	0.539763206	-0.0989601623	0.670851816	0.293194403	0.0618671261	0.0122826922	20.312253
4.75	0.023514348	0.104165301	-0.0346013119	-0.073023708	0.537730224	-0.358980068	0.641448605	0.294747612	0.0724580309	0.023990158	17.290327
4.76	0.0237302733	0.102205319	-0.0344351534	-0.0739520037	0.536470562	-0.479161637	0.689991149	0.296354618	0.0616403989	0.0207194692	20.146594
4.77	0.0243536587	0.100213315	-0.0343884728	-0.0748092647	0.535512343	-0.629844744	0.682422371	0.297360269	0.0501047019	0.0239368201	17.959358
4.78	0.0247898436	0.0985364058	-0.0344447348	-0.0757294011	0.534949824	-0.627035407	0.773735122	0.298399949	0.119314936	0.0159434512	16.690038
4.79	0.025163159	0.0975840733	-0.0346752891	-0.0766147627	0.535234376	-0.651824777	0.859140456	0.299129932	0.0633375381	0.00577599089	18.394274
4.8	0.0250079463	0.0963562186	-0.035026175	-0.0774757092	0.536248147	-0.659304761	0.926786073	0.298824959	0.0516242243	0.023709852	20.973991
4.81	0.0243789049	0.0958266833	-0.0354322433	-0.0782978615	0.537846443	-0.66234827	0.968991251	0.298085318	0.0475607065	0.00633741939	20.246641
4.82	0.0231589531	0.0961088756	-0.0358248887	-0.0790759013	0.539832784	-0.657741508	0.9865225	0.296683372	0.0709054116	0.022573406	16.636412
4.83	0.0220187004	0.0972054048	-0.0362495999	-0.0798065233	0.542128608	-0.665501486	0.996248968	0.295074587	0.0451714661	0.0215182088	16.724814
4.84	0.0207670571	0.0976069331	-0.0367097597	-0.0804953234	0.5446766	-0.671040374	0.999603436	0.293086921	0.0518052562	0.0299532797	16.7887
4.85	0.0197799679	0.0979237372	-0.0371440677	-0.0811230184	0.547095158	-0.671389654	0.983395134	0.290860452	0.11773797	0.0218628768	17.150255
4.86	0.0193904589	0.0986999451	-0.037512739	-0.081709196	0.548553692	-0.650701025	0.927782457	0.289132106	0.0747510324	0.0176046015	16.992914
4.87	0.0194907649	0.0995076909	-0.0378443941	-0.0822203577	0.549934409	-0.627838096	0.854762447	0.287381252	0.102754212	0.0260978227	17.758471
4.88	0.0203370565	0.100898759	-0.0381116991	-0.0826488333	0.55108909	-0.612968846	0.771752448	0.28587384	0.109578691	0.014486936	18.594469
4.89	0.021045463	0.101644076	-0.0383046582	-0.0829961363	0.551921183	-0.597879506	0.692816208	0.284664852	0.0808561649	0.027194639	21.534767
4.9	0.0221552536	0.102493095	-0.0384208141	-0.0832608138	0.552394488	-0.583458657	0.597586006	0.284014425	0.096749049	0.0200149688	19.602294
4.91	0.0232771806	0.102447255	-0.0384649107	-0.08344379	0.552447419	-0.561750406	0.482961454	0.283821585	0.116295063	0.0277433337	20.264406
4.92	0.0245157051	0.100859736	-0.0384311364	-0.0835472457	0.552113094	-0.544394283	0.383097759	0.283310906	0.0373919983	0.0298878736	20.060186
4.93	0.0267200883	0.100126897	-0.0383633989	-0.0835854749	0.551441116	-0.542200216	0.306705238	0.283759093	0.104758275	0.0231833166	18.07986
4.94	0.0290393695	0.0990943332	-0.038246945	-0.0835666284	0.550445856	-0.562306248	0.272368851	0.284047233	0.0673171746	0.015419226	18.203257
4.95	0.0312286964	0.098148481	-0.0381213738	-0.0835209673	0.549201589	-0.573950505	0.270648199	0.284630648	0.104191194	0.00729961457	20.770504
4.96	0.0329895916	0.0976476968	-0.0379811755	-0.083473006	0.547722422	-0.562144707	0.293436994	0.28537105	0.100579081	0.017856441	18.038261
4.97	0.0338927946	0.0967554576	-0.0378565575	-0.0834268145	0.546053811	-0.541191917	0.363284032	0.286079163	0.111726129	0.0221657893	17.888325
4.98	0.0346907591	0.0953332718	-0.0377576324	-0.0833512264	0.544241296	-0.552350036	0.489257363	0.287058064	0.106462552	0.0329955705	17.541784
4.99	0.0354479896	0.0939580016	-0.0377375538	-0.0832761663	0.542320674	-0.573104128	0.65189771	0.288715931	0.105274208	0.0136135978	19.619365
5	0.0353783345	0.0921325538	-0.0377632644	-0.083225946	0.540282542	-0.569060495	0.84172463	0.290686626	0.0710361306	0.0358069081	18.137536
5.01	0.0348349737	0.0901169758	-0.0380243815	-0.083242232	0.539275517	-0.544414948	1.08890421	0.292634317	0.0473742485	0.0199799371	20.033745
5.02	0.0336660929	0.0887333564	-0.0383942457	-0.0833666365	0.53875774	-0.447143022	1.26987855	0.294670666	0.0611135405	0.0159688121	20.288994
5.03	0.0324518977	0.0883083956	-0.0388057577	-0.0834775601	0.538516109	-0.458444953	1.52385459	0.297022124	0.0481415697	0.0221035707	19.663753
5.04	0.0305566932	0.0880512334	-0.0392955926	-0.0836680749	0.538945038	-0.421788438	1.73286508	0.298741643	0.0394598512	0.0180805845	16.739158
5.05	0.0279840084	0.0882229036	-0.0398071186	-0.083955369	0.539761033	-0.34793707	1.89883487	0.300225863	0.0548976121	0.0243336328	18.184257
5.06	0.0252166438	0.0878422405	-0.0403300806	-0.084338258	0.540909803	-0.249195004	2.00893831	0.300919124	0.0618713165	0.0211754117	17.891284
5.07	0.0219967463	0.0883040395	-0.0408355787	-0.0848102933	0.542235307	-0.143517221	2.07430585	0.301056764	0.0439749917	0.035994129	18.729454
5.08	0.0187063213	0.0902494261	-0.0412617195	-0.0853483268	0.543681607	-0.0405547881	2.07421718	0.300590621	0.0602663882	0.0282971854	18.08258
5.09	0.0169600847	0.0924254282	-0.0416438115	-0.0859454836	0.545226394	0.0493764793	2.01717425	0.299275943	0.0207474372	0.0166066234	19.256582
5.1	0.0168668436	0.0949933649	-0.0419434064	-0.0865753795	0.546635814	0.127966945	1.91923343	0.297904441	0.099021417	0.0220598202	20.672674
5.11	0.0182115054	0.0968335989	-0.0421304109	-0.0872632452	0.547515706	0.255271643	1.84750652	0.296548381	0.078595964	0.0141188761	19.780389
5.12	0.0198196326	0.0985780974	-0.0422638155	-0.0879261758	0.548102806	0.323479741	1.72600652	0.295085552	0.115392664	0.0242474264	20.8671
5.13	0.0211736434	0.100080761	-0.0423565336	-0.0885570051	0.548313352	0.344001515	1.56743731	0.293785118	0.122461279	0.0158277276	23.993134
5.14	0.0227639691	0.101774351	-0.0424770909	-0.0891887459	0.548262825	0.353912964	1.39067482	0.293159923	0.0983347381	0.0382911194	21.244755
5.15	0.0244221731	0.103643489	-0.0425755218	-0.0898106282	0.548000238	0.359850917	1.20079154	0.292884667	0.108501781	0.0232161505	17.507742
5.16	0.0257567499	0.10495743	-0.0427005716	-0.09042554	0.547573087	0.359701515	1.01059438	0.29269365	0.0743422586	0.0166433712	18.859044
5.17	0.0267041361	0.10601197	-0.0428478884	-0.0910298454	0.547001542	0.353013612	0.828085638	0.292918119	0.0364985978	0.0146526114	17.211429
5.18	0.0271227979	0.106670939	-0.043004528	-0.0916228123	0.54636958	0.33948204	0.668811097	0.293429686	0.0783483001	0.0178515618	18.474278
5.19	0.0274190227	0.107265073	-0.0431853308	-0.0922185346	0.545657896	0.327998276	0.532140343	0.294299471	0.0739914041	0.0169448107	17.765306
5.2	0.0274029112	0.107744964	-0.0433473334	-0.0927938155	0.544873685	0.301386141	0.417813654	0.29494115	0.101783814	0.0291652009	18.233343
5.21	0.0272633803	0.108687968	-0.0435351145	-0.0933525586	0.544102047	0.270705383	0.339734137	0.295672522	0.101160372	0.0242782911	21.209934
5.22	0.0272566629	0.109946327	-0.0437115473	-0.0939019389	0.543324978	0.263237261	0.299368814	0.296346799	0.0870786469	0.0131526557	18.491817
5.23	0.02761711	0.111617963	-0.0438787326	-0.0944354183	0.542431626	0.271877512	0.279845673	0.29688492	0.110592597	0.0295527466	19.411901
5.24	0.0279765139	0.112716826	-0.0440408875	-0.0948755012	0.540954539	0.189991701	0.166726125	0.297068418	0.0599587124	0.00887760832	18.491415
5.25	0.0287723949	0.113492662	-0.0441803944	-0.0953166617	0.539478139	0.177532474	0.0979179633	0.296970025	0.0306639737	0.00920639913	18.61915
5.26	0.0294933961	0.113497684	-0.0444095028	-0.0956508116	0.538382935	0.0720767819	0.203950657	0.296565644	0.0510343579	0.04034233	17.661039
5.27	0.0311213139	0.114125731	-0.0447264824	-0.0959125617	0.537667247	-0.0585258956	0.340713933	0.29649865	0.0642313644	0.0340041083	21.605291
5.28	0.0328991422	0.113657661	-0.0451321503	-0.0961292269	0.537261851	-0.176654128	0.515422076	0.295965724	0.0783918055	0.0267273447	21.74161
5.29	0.0356048002	0.113382597	-0.0455959601	-0.0962819462	0.537156027	-0.305260759	0.708881337	0.295437904	0.0763443916	0.0228229328	19.760915
5.3	0.0389184936	0.113584948	-0.0461121157	-0.0964026043	0.53737725	-0.406157645	0.881872979	0.294885728	0.0659344462	0.00978097974	19.508513
5.31	0.0419186546	0.113757847	-0.0466312893	-0.0965711063	0.537520852	-0.384898546	1.09922631	0.294555063	0.0466872762	0.0141289454	19.89473
5.32	0.0438223715	0.113217594	-0.0471790947	-0.0967082178	0.538032857	-0.373701356	1.25285	0.294290131	0.0471984453	0.016697994	16.420947
5.33	0.0443770177	0.112079193	-0.0477623697	-0.0968122587	0.538831155	-0.361152446	1.34816509	0.294557179	0.0387262152	0.0180386489	18.14468
5.34	0.0434043299	0.11028917	-0.0483884504	-0.0968830454	0.539863585	-0.359322818	1.37898026	0.295358997	0.057454238	0.0121332123	18.775865
5.35	0.0411799419	0.108729369	-0.0490444117	-0.0969207211	0.540801381	-0.366885758	1.35879628	0.296985278	0.132965399	0.0172293978	19.017601
5.36	0.0379511742	0.106410981	-0.0497127174	-0.09687703	0.541252088	-0.427303137	1.37661855	0.299237253	0.115274369	0.0151006889	18.985912
5.37	0.0334490717	0.103327075	-0.0503684527	-0.0968522282	0.541511426	-0.429270501	1.35795481	0.301697014	0.0966026725	0.0149047431	19.761218
5.38	0.028221514	0.100139153	-0.0510088344	-0.096858981	0.541550086	-0.3683095	1.31589578	0.304304668	0.131472955	0.015494839	19.173939
5.39	0.0229498262	0.097626392	-0.0516137661	-0.0968884953	0.541371419	-0.28133617	1.26591843	0.306918989	0.107271554	0.0185284461	17.679309
5.4	0.0182303852	0.0950754077	-0.0522021097	-0.0969311687	0.541014442	-0.19386777	1.20358247	0.309207733	0.0678722628	0.0340754922	17.211211
5.41	0.0150939017	0.092685046	-0.0527754833	-0.0969792932	0.540534148	-0.124053658	1.13842918	0.310376454	0.0899432475	0.0202617202	17.343263
5.42	0.013724569	0.0904820567	-0.053277341	-0.0970403061	0.539916707	-0.0385690458	1.04262153	0.310461638	0.0872236244	0.0188816839	18.179404
5.43	0.0141414687	0.0894859557	-0.0537374717	-0.0970989108	0.539139633	0.0435061214	0.922114174	0.310262836	0.0889899556	0.0194680475	19.169132
5.44	0.0151363546	0.0893625936	-0.0541528044	-0.0971653692	0.538234028	0.136116744	0.787109278	0.309427169	0.0747135327	0.0225105687	19.570927
5.45	0.0166295349	0.0910541181	-0.0546096559	-0.09727405	0.537231033	0.246054755	0.675360867	0.309039928	0.10003648	0.0368083273	19.120493
5.46	0.0190909801	0.0934317346	-0.0550968145	-0.097424423	0.536147914	0.378951896	0.570534809	0.308654026	0.108657872	0.0146170596	20.54701
5.47	0.0222700797	0.0958174524	-0.0555947189	-0.0976178623	0.534955258	0.532712263	0.464270763	0.308307281	0.116048248	0.0249911099	19.729403
5.48	0.0253057275	0.0972488854	-0.0561218374	-0.0978402905	0.533471346	0.697735652	0.372202465	0.308156391	0.119084841	0.0255219217	17.509205
5.49	0.0276129094	0.0987250594	-0.056670088	-0.0980851864	0.531706501	0.855701986	0.309281463	0.309203501	0.046243395	0.0368520483	19.448072
5.5	0.0286131338	0.0987847375	-0.0573322821	-0.0982682547	0.530081771	0.912270294	0.249766045	0.310139817	0.0657594721	0.0142421126	19.490182
5.51	0.0290897754	0.0985619258	-0.058185197	-0.098516248	0.529019967	0.994512699	0.335516044	0.311687961	0.0398334424	0.0183539847	19.331297
5.52	0.0292240002	0.097718392	-0.0591255962	-0.0988718644	0.527984799	1.16050324	0.434296857	0.313456228	0.0362827217	0.0121099969	18.759152
5.53	0.0290811588	0.0971389999	-0.0601250876	-0.0992559776	0.527444272	1.27553463	0.606425395	0.315749169	0.0465170096	0.0159403975	18.334659
5.54	0.0285913235	0.0960647289	-0.0611633692	-0.0996609221	0.527385123	1.35645472	0.812338269	0.318117083	0.063903424	0.0133054167	18.11395
5.55	0.0276373196	0.0947699241	-0.0621807241	-0.100076581	0.527726754	1.41723396	1.03815223	0.320321903	0.02679139	0.0247043733	18.368613
5.56	0.0261666733	0.0936561775	-0.0631549532	-0.100412981	0.528104133	1.37667051	1.33885924	0.322689026	0.0596344556	0.0157887754	18.670036
5.57	0.0243266167	0.0929023869	-0.0640627049	-0.100740951	0.528891172	1.35463416	1.597742	0.324615238	0.0380965358	0.011696382	18.726588
5.58	0.0215952996	0.092918541	-0.0648824866	-0.10105118	0.53000753	1.32812997	1.79879346	0.326102402	0.0407098344	0.0232327938	19.161364
5.59	0.0188737069	0.0925162521	-0.065586246	-0.101446172	0.531048514	1.40262203	2.02077794	0.32678991	0.058015686	0.0171346307	18.525882
5.6	0.0159553354	0.0921621354	-0.0662015292	-0.101840996	0.532237256	1.4352614	2.15498963	0.327270339	0.106692588	0.0140288069	16.620806
5.61	0.0126076422	0.0923709964	-0.0666824526	-0.102214735	0.533368251	1.43376442	2.21443693	0.328276264	0.078659043	0.0290706212	17.91617
5.62	0.00956974621	0.0928116035	-0.0670569494	-0.102574463	0.534427331	1.41763858	2.22673612	0.329073435	0.163314133	0.030091871	17.357136
5.63	0.00783872641	0.0931619974	-0.0673132649	-0.102927031	0.535309604	1.38820465	2.19666934	0.329478943	0.0776491283	0.0151476885	20.089853
5.64	0.00799880597	0.0928160316	-0.0674879826	-0.103284963	0.536030781	1.35782288	2.15894896	0.329024996	0.107152349	0.0192857183	20.711013
5.65	0.0097694495	0.0921153515	-0.067616669	-0.103664025	0.536557332	1.33455499	2.12797554	0.328228935	0.0888663059	0.0151721032	17.270514
5.66	0.0118570399	0.09156622	-0.067724019	-0.104068492	0.536901662	1.31520066	2.0914756	0.327534514	0.0924890002	0.0043859035	19.876273
5.67	0.0135260688	0.0911902099	-0.0678111391	-0.10451475	0.537172287	1.30362546	2.03980356	0.326517705	0.048808709	0.0218120457	15.989692
5.68	0.014695698	0.0894263114	-0.0678893186	-0.104992546	0.537338909	1.26968893	1.95999163	0.324449438	0.097734	0.0454887251	16.6769
5.69	0.0153394925	0.0879161684	-0.0679596858	-0.105489914	0.537302632	1.21125431	1.86629593	0.32235766	0.112609275	0.0115159444	19.075273
5.7	0.0150376828	0.0878458941	-0.0680169356	-0.105996635	0.537053792	1.13737335	1.75801072	0.321074827	0.0845719695	0.0238557227	20.392611
5.71	0.0142769646	0.0888421251	-0.0680522901	-0.106511558	0.536600724	1.05921961	1.63689882	0.320141496	0.108530873	0.00959049524	19.221235
5.72	0.0138104041	0.0898598656	-0.0680675571	-0.107007098	0.535837138	0.963040026	1.49418474	0.31900613	0.111131981	0.00945698965	19.517434
5.73	0.0139737729	0.0901765048	-0.0680613049	-0.107496881	0.534719825	0.879973638	1.34523421	0.317739292	0.128650105	0.0232643184	17.825377
5.74	0.01474382	0.0905965508	-0.0679814379	-0.107971953	0.533189002	0.807997304	1.17221089	0.316948915	0.0787602153	0.00892506906	16.799291
5.75	0.0149976185	0.0902300835	-0.0680137563	-0.108277549	0.531941974	0.560186932	1.18616223	0.316860835	0.0700192047	0.0276321681	21.114306
5.76	0.0146991226	0.0899952195	-0.0681965861	-0.108462884	0.531160778	0.306356731	1.25601251	0.317751167	0.0486014347	0.0295370985	18.660657
5.77	0.0128607361	0.088625342	-0.0685156127	-0.108477767	0.530745919	-0.0376469173	1.31184388	0.318689701	0.0761951924	0.0263126603	18.204425
5.78	0.01026069	0.0869027338	-0.0689089062	-0.108336182	0.530894615	-0.351490516	1.36940088	0.31964472	0.0546240693	0.0171624354	16.634945
5.79	0.0081038259	0.0853164094	-0.0692976369	-0.108145697	0.531136275	-0.540907173	1.47521593	0.320872532	0.0582237755	0.00997909365	18.216903
5.8	0.00659417326	0.0843030364	-0.0696724427	-0.107827309	0.531810284	-0.701865316	1.52812555	0.321738023	0.0587505391	0.0176988434	17.862906
5.81	0.00610627967	0.0842773256	-0.0700236557	-0.107421755	0.532835663	-0.796187483	1.51213613	0.322649503	0.0908557008	0.0271455421	18.119731
5.82	0.00644472663	0.0845237133	-0.0703411488	-0.106925966	0.53410325	-0.847305701	1.47710541	0.323301315	0.0765760539	0.0201228019	19.477477
5.83	0.00745327997	0.0843589419	-0.0706120992	-0.106332744	0.535621874	-0.872448921	1.43508282	0.323093095	0.0406238722	0.0230993619	17.406618
5.84	0.00910147038	0.0844501691	-0.0708574441	-0.10564532	0.537337787	-0.877251025	1.36728928	0.322766986	0.0507501904	0.0112666149	15.970255
5.85	0.0109383159	0.0846954038	-0.0710210705	-0.104836148	0.538680965	-0.908428162	1.33940521	0.322554396	0.0907468251	0.0282398397	19.288112
5.86	0.0126426976	0.0844529406	-0.0711614272	-0.103987985	0.54001638	-0.897645833	1.26458025	0.321805495	0.0733676071	0.0253649108	17.777644
5.87	0.0140564344	0.0833548247	-0.0712909251	-0.103127874	0.54113122	-0.858738283	1.16386691	0.320293388	0.0968579994	0.0276226228	16.797279
5.88	0.0145924479	0.0820370076	-0.0714068363	-0.102274202	0.541967563	-0.786918352	1.05202287	0.318184986	0.105218946	0.024979129	17.835269
5.89	0.0142722998	0.0813101849	-0.0714945752	-0.101431079	0.542505519	-0.687732987	0.925908785	0.316245338	0.0926648313	0.00739758709	18.631761
5.9	0.0135970808	0.0800702562	-0.0715886012	-0.100611996	0.542893268	-0.561012471	0.792953542	0.313822448	0.0850124975	0.0331047467	18.097576
5.91	0.0117307722	0.0788939614	-0.0716870534	-0.099845046	0.543175294	-0.421021846	0.668858737	0.311244082	0.107690476	0.0461144045	18.915177
5.92	0.00922426959	0.0785626912	-0.0718113346	-0.0991220561	0.54334337	-0.264515833	0.560337845	0.309491964	0.0671148427	0.0107852442	18.804628
5.93	0.00743614168	0.0783776531	-0.0719440565	-0.0984384768	0.543391184	-0.0962412961	0.468101905	0.307968809	0.074474975	0.0155377797	18.487118
5.94	0.00815286724	0.0779295065	-0.0721096899	-0.0977908103	0.543302093	0.0813236261	0.397488727	0.306668549	0.112653207	0.0172504757	17.633651
5.95	0.0103526242	0.0786125153	-0.0722900701	-0.0971648139	0.543023641	0.249954098	0.342949942	0.306615191	0.0571430499	0.0255360865	18.548457
5.96	0.013851892	0.0788659046	-0.0724290423	-0.0965494858	0.542446238	0.389408673	0.312736414	0.306559657	0.112225025	0.0240628995	18.336509
5.97	0.0174580544	0.0788995646	-0.0725251742	-0.0959291489	0.541509475	0.486434979	0.298465642	0.306305186	0.163786063	0.019729871	18.818519
5.98	0.0205407524	0.07970043	-0.0725651575	-0.0952763257	0.540158719	0.509863073	0.318766171	0.306365448	0.128585821	0.0382442875	18.077076
5.99	0.0229981086	0.0801323563	-0.0726067345	-0.0945812795	0.538406793	0.462391601	0.364929953	0.306740669	0.080934512	0.0191401359	18.431842
6	0.0252355335	0.0799845386	-0.0727436234	-0.0940132802	0.536877775	0.533758327	0.600266695	0.307363178	0.0453875179	0.0114470505	19.083292
6.01	0.0266178482	0.0802511203	-0.0729538682	-0.0935066433	0.535790679	0.618020453	0.801998535	0.308231408	0.0533443823	0.0206447525	18.713133
6.02	0.0270364306	0.0808086545	-0.0731897023	-0.0930238893	0.535239982	0.65081691	1.00640681	0.309093748	0.0522414571	0.0211495305	18.905064
6.03	0.0270027361	0.0818571656	-0.0733917537	-0.0925635201	0.535063462	0.667665135	1.20416785	0.309415927	0.0377555361	0.0336013718	16.912026
6.04	0.0271372117	0.0825237589	-0.0735581428	-0.0920989715	0.535005978	0.640066358	1.42755178	0.309082764	0.0340978213	0.0306192791	17.951352
6.05	0.0274374336	0.0826081701	-0.0737010947	-0.0917034733	0.535388197	0.665257227	1.59144127	0.307694333	0.0340978478	0.0215317444	20.796209
6.06	0.0276342804	0.0833724167	-0.0738254529	-0.0913929207	0.536129698	0.726677472	1.69355964	0.306705828	0.033187597	0.0202975923	19.373973
6.07	0.0281119619	0.0847618522	-0.0739520964	-0.0911921927	0.537202776	0.824540909	1.74600927	0.306077132	0.032188265	0.0179842441	18.420784
6.08	0.0282883584	0.0859789189	-0.0740756216	-0.0910843901	0.538523039	0.938687094	1.75470513	0.305456601	0.0463576382	0.0189733819	15.719151
6.09	0.0280439037	0.0875341838	-0.0741811689	-0.0910500652	0.540011055	1.04273042	1.70602869	0.305486369	0.0593060465	0.019800089	16.28423
6.1	0.0277623103	0.0888886707	-0.074226971	-0.0910640551	0.54146214	1.14681305	1.61613206	0.305575673	0.110022949	0.0165425328	16.935391
6.11	0.0273952044	0.0901341961	-0.0741970071	-0.0911667629	0.542398113	1.32554504	1.59370269	0.30607687	0.108282964	0.0177443889	19.512423
6.12	0.0264698769	0.0914216409	-0.0741624522	-0.0912679144	0.543220091	1.42181629	1.55485396	0.307101561	0.114275945	0.0206366242	18.138984
6.13	0.0250571621	0.0924459777	-0.0741119275	-0.091349519	0.54382961	1.45641892	1.51594588	0.308263694	0.0804687541	0.0215890662	17.82891
6.14	0.0233041086	0.093407532	-0.0740440198	-0.0914081034	0.544210011	1.45436649	1.47123317	0.309340656	0.113031224	0.0255955402	19.871836
6.15	0.0212428144	0.0945107247	-0.0739641894	-0.0914482035	0.544324875	1.43001207	1.42651046	0.310583158	0.111459511	0.0240781377	16.094155
6.16	0.0198107343	0.0952371705	-0.0738262431	-0.0914792964	0.544151371	1.3958208	1.37796799	0.311068058	0.10987809	0.0256808751	17.881607
6.17	0.0191291039	0.0960970875	-0.0736783655	-0.0914931025	0.543757732	1.34869984	1.33856647	0.311216826	0.0314245944	0.0158969694	22.092074
6.18	0.0188375475	0.096812302	-0.0735581996	-0.0914578729	0.543198525	1.24756924	1.28743887	0.311112642	0.095290299	0.0382054917	19.426743
6.19	0.0193038713	0.0978428984	-0.0735290819	-0.0913816286	0.542542603	1.09845898	1.22813878	0.311308872	0.101866446	0.0217020584	17.087747
6.2	0.0195501357	0.0977146767	-0.0735975718	-0.0912598297	0.541813223	0.906788586	1.15679123	0.311334631	0.0716494837	0.0301189237	17.530883
6.21	0.019802367	0.0972400714	-0.0737497274	-0.0911039894	0.540966706	0.707344525	1.08126383	0.311859149	0.0798576181	0.0166122001	17.722735
6.22	0.0206331506	0.0966763592	-0.0739465266	-0.0909178132	0.539982585	0.521044193	1.02209314	0.312625151	0.0964334937	0.0161560376	18.719559
6.23	0.0214685578	0.0960658224	-0.0741381545	-0.0907088774	0.538827902	0.364657959	0.965250465	0.313799314	0.102406859	0.0177778438	19.012325
6.24	0.0224694322	0.0952310019	-0.0743119623	-0.0904402821	0.53743882	0.202537892	0.899189937	0.315040413	0.0671703818	0.0227980076	19.371865
6.25	0.0235337395	0.0936935108	-0.0744425288	-0.0901109237	0.535832529	0.0434182951	0.839966835	0.315790503	0.0576830295	0.0233363352	18.650684
6.26	0.0249943104	0.0922377514	-0.0745087641	-0.0897171995	0.533941672	-0.116936858	0.764938103	0.316451265	0.060917087	0.0199213957	17.567964
6.27	0.0265481159	0.0921164587	-0.0745795878	-0.0893809251	0.532233241	-0.173968923	0.615380049	0.317239275	0.0763238703	0.0195978079	19.362766
6.28	0.0281474253	0.0921125901	-0.0746600229	-0.0890849851	0.530676762	-0.172175102	0.404803894	0.317490277	0.0492985357	0.0277466231	17.988505
6.29	0.0300774345	0.0926316254	-0.0747676853	-0.088834112	0.529258098	-0.125659689	0.346559198	0.317797763	0.0602014495	0.027402586	20.004043
6.3	0.0324507597	0.0928854303	-0.0748866773	-0.0884666246	0.528055728	-0.226643939	0.202609471	0.317645523	0.0492373517	0.0174436667	17.645326
6.31	0.0346477005	0.0932379877	-0.0750400081	-0.0880631964	0.52743537	-0.300541056	0.0962261336	0.31719398	0.0394692809	0.0107558371	17.584101
6.32	0.0366462569	0.0932306716	-0.0752738596	-0.0876533378	0.527335938	-0.353904388	0.040957213	0.316493294	0.0598252083	0.0151095856	18.590521
6.33	0.0384982429	0.0930466083	-0.075609454	-0.0872272517	0.527778184	-0.404390756	0.0248815119	0.315521538	0.0432081236	0.0118947259	19.791377
6.34	0.040187595	0.0932302676	-0.0761198695	-0.086780116	0.528775424	-0.467736386	0.0770858497	0.315624971	0.0677241657	0.0341094075	19.91587
6.35	0.0415151463	0.0935352527	-0.0767216042	-0.0862868586	0.530040468	-0.560015395	0.166367437	0.315984697	0.10940599	0.0275787181	16.887675
6.36	0.0420588143	0.0938511683	-0.0773808144	-0.0857644647	0.531297127	-0.657457716	0.274493404	0.316475771	0.111205245	0.0138172209	18.684756
6.37	0.0413078467	0.0935271961	-0.0780576766	-0.0852733688	0.532355734	-0.725323556	0.387053537	0.31690046	0.131101116	0.00950708246	16.964353
6.38	0.039720617	0.0928353381	-0.0786936028	-0.0848722454	0.532803814	-0.693681276	0.395768841	0.317424284	0.0865714108	0.0213508592	21.138255
6.39	0.037501163	0.0918411654	-0.0793167861	-0.0844826961	0.533018018	-0.667653998	0.415615349	0.318256132	0.128691958	0.0114465106	17.260864
6.4	0.034667725	0.0901171502	-0.079928444	-0.0841151911	0.53299485	-0.628214943	0.427505008	0.318783468	0.118749339	0.0173399851	19.053479
6.41	0.0317391569	0.0874778738	-0.0805079278	-0.0837536898	0.532633245	-0.589040367	0.442969472	0.318723908	0.0931039306	0.0289087955	19.808427
6.42	0.0290381022	0.0851079181	-0.0810767231	-0.0833777863	0.531919718	-0.572282895	0.471605961	0.319318945	0.0974577043	0.0156089094	20.91241
6.43	0.0266680957	0.0824526732	-0.0816383088	-0.0829814317	0.530883545	-0.575312692	0.520977108	0.320093324	0.0872247632	0.0285351775	19.913225
6.44	0.0250416704	0.0791529955	-0.082202302	-0.0825606706	0.529606115	-0.610012697	0.576513844	0.320862236	0.08116563	0.0227126253	20.622743
6.45	0.0240052978	0.0760009588	-0.0828169835	-0.0821256873	0.528149234	-0.666390539	0.637898752	0.322146273	0.0873918437	0.0201097049	19.951993
6.46	0.0233728214	0.0729772844	-0.0834667031	-0.0816754691	0.526612514	-0.735408024	0.688465429	0.324007897	0.0999207647	0.0280985452	19.5654
6.47	0.0234364827	0.0702035632	-0.0841056226	-0.0812073143	0.525067662	-0.805840556	0.727191366	0.326121745	0.129925489	0.0158688816	20.660602
6.48	0.0253562884	0.0670687723	-0.0847062221	-0.0806852825	0.523457573	-0.904101328	0.739029065	0.327966213	0.139862203	0.0358419393	21.236874
6.49	0.0273951377	0.0646748536	-0.0851858777	-0.0800985364	0.521765837	-1.02017985	0.727864971	0.329474199	0.0695031973	0.0269534529	18.739548
6.5	0.0276436596	0.0641926094	-0.0858084051	-0.0795289079	0.521146396	-1.08945539	0.802344869	0.33054844	0.127555192	0.0278692212	21.210798
6.51	0.0261942654	0.0646577931	-0.0864472735	-0.0789403448	0.5207146	-1.14315058	0.935510122	0.330716407	0.0666516541	0.0200398037	18.333381
6.52	0.0230316519	0.066533463	-0.0870681166	-0.0784019281	0.521161343	-1.12198926	1.04647198	0.330312717	0.0415042533	0.024378549	19.930217
6.53	0.0187204348	0.0694456021	-0.0876671609	-0.0779060145	0.522301911	-1.059016	1.13076878	0.329319238	0.064369821	0.0181732829	19.254938
6.54	0.0136144551	0.0731928488	-0.0882379701	-0.0774916534	0.524027926	-0.931625511	1.18790625	0.327739001	0.0552935055	0.0326603712	19.195313
6.55	0.00993950419	0.0768040725	-0.0887884334	-0.0771913378	0.526277422	-0.727507667	1.20843676	0.325227965	0.0572486354	0.0201628965	17.384183
6.56	0.0104048347	0.0807875539	-0.0893699965	-0.0770289928	0.52899198	-0.457475899	1.19981311	0.323114761	0.061222664	0.0291345652	17.128658
6.57	0.0140416868	0.0835163005	-0.0899353423	-0.0769804269	0.53198552	-0.180375665	1.16777092	0.320676449	0.0595460044	0.0218255722	19.92569
6.58	0.0183389702	0.085784392	-0.0904717715	-0.0770581435	0.535196954	0.100755854	1.12464517	0.318548721	0.0428889611	0.0105697124	16.506967
6.59	0.022188406	0.0874770905	-0.0909533152	-0.0773052659	0.538345122	0.432009828	1.10073186	0.316962446	0.0386775437	0.0184013519	17.065659
6.6	0.0252359371	0.0890900012	-0.0913828022	-0.0776406252	0.541363929	0.685433898	1.07500876	0.316032982	0.119109289	0.0184110541	23.957596
6.61	0.0267085542	0.0893009222	-0.0918076716	-0.077968843	0.543657071	0.805781707	0.959107103	0.315216997	0.116834213	0.0390116096	22.913075
6.62	0.0270985778	0.089397584	-0.0922226033	-0.0783427406	0.54569028	0.921061364	0.876282915	0.315249745	0.12089597	0.0269367933	17.481322
6.63	0.0265920356	0.0895973351	-0.0925550923	-0.0787330624	0.547338001	1.01850154	0.834822458	0.316125113	0.0792697212	0.0269628014	18.923285
6.64	0.0253979667	0.0893195331	-0.0927827698	-0.0791344074	0.548595684	1.09618392	0.825440149	0.317022367	0.0937364323	0.0106151166	17.189356
6.65	0.0240687002	0.0881221595	-0.0928690604	-0.0795439201	0.549393927	1.14363466	0.839963255	0.317302157	0.101708452	0.0234679241	19.620238
6.66	0.022663231	0.0862595522	-0.0928318454	-0.0799675724	0.54975656	1.17239644	0.862326288	0.316911654	0.081053431	0.0317467207	18.877881
6.67	0.0213298725	0.0851135638	-0.0926870115	-0.080403645	0.549722913	1.18391743	0.889515582	0.316437522	0.0493293902	0.0146662152	18.177227
6.68	0.020091571	0.0849356926	-0.0924625225	-0.0808449461	0.549365057	1.15872337	0.922444023	0.315862314	0.0649647934	0.013169385	16.674879
6.69	0.0188211278	0.0846789915	-0.0921800754	-0.081294155	0.548720536	1.10758214	0.975480098	0.314775638	0.0772693849	0.0182644316	18.479246
6.7	0.0174607708	0.0847143709	-0.0918482907	-0.081764533	0.547874091	1.05489159	1.05798131	0.313870597	0.120747287	0.0159789662	19.459508
6.71	0.01600047	0.0845172154	-0.0914571043	-0.0822299951	0.546818824	0.962807918	1.14308023	0.312490014	0.132316775	0.0255177173	19.629545
6.72	0.0153002509	0.0841466927	-0.091037123	-0.0826970252	0.545576006	0.84561911	1.24215264	0.31064513	0.104685846	0.0218919429	22.436494
6.73	0.016739658	0.0849707422	-0.090598133	-0.0831690213	0.544118147	0.70334297	1.31834019	0.309324838	0.118021097	0.0312221185	23.657469
6.74	0.0206410632	0.0872637365	-0.0901259203	-0.0836540619	0.542382699	0.564901225	1.3808428	0.308916114	0.104444766	0.0230538731	21.013354
6.75	0.025735338	0.0895067135	-0.0897816814	-0.0842688827	0.540879779	0.571508118	1.3532931	0.30800396	0.0540947394	0.0149346342	20.171801
6.76	0.0309819632	0.0918502683	-0.0896269515	-0.0849374549	0.539991665	0.546272888	1.40569721	0.307765308	0.0388667153	0.0356417399	20.52369
6.77	0.0360814429	0.0938918183	-0.0896094812	-0.0856279953	0.539492577	0.507718655	1.48909408	0.307743461	0.0352707998	0.0153637506	19.787865
6.78	0.0404734186	0.0952021203	-0.089709749	-0.0863367551	0.538704705	0.46364073	1.61034737	0.308371009	0.0520220215	0.0281858951	28.040402
6.79	0.044411948	0.0960925885	-0.0899363073	-0.0870167384	0.538351283	0.389490091	1.69804226	0.309044695	0.0652217389	0.0139947395	22.511039
6.8	0.046797826	0.0952882703	-0.0902115602	-0.0877054586	0.538310989	0.358856111	1.76978771	0.308795574	0.0765765506	0.0395961561	20.455886
6.81	0.0480093957	0.093758001	-0.0905564864	-0.0883833202	0.538646228	0.342545743	1.82200835	0.308500201	0.069502327	0.0219779289	22.824881
6.82	0.0482184888	0.0929353845	-0.0909050409	-0.0890210904	0.539231627	0.308258611	1.85920947	0.308761056	0.0503877381	0.0292585366	21.972629
6.83	0.0472072938	0.0925272124	-0.0912450308	-0.0895827452	0.539992665	0.249411666	1.86653407	0.309150247	0.0401987873	0.0286413615	17.456005
6.84	0.0450415276	0.0923657614	-0.0915671479	-0.090075367	0.540870919	0.181544747	1.82714429	0.309196581	0.0506872061	0.0175992506	19.895145
6.85	0.0415282143	0.0909615357	-0.0918195612	-0.0904528739	0.541533036	0.0340049612	1.8173505	0.308711838	0.109160798	0.0298062104	17.550201
6.86	0.0372657674	0.0893042667	-0.0920770897	-0.0908229466	0.542225446	-0.0730284721	1.79568835	0.308065849	0.154511497	0.0169810642	21.826293
6.87	0.0328288464	0.0884469404	-0.0923359029	-0.091206406	0.542754005	-0.147543883	1.77932453	0.308382159	0.12633317	0.0219708508	19.169446
6.88	0.0285305651	0.0880166613	-0.0925884955	-0.0915839512	0.543225589	-0.205682312	1.78868553	0.309215715	0.112895373	0.0154159036	16.552639
6.89	0.0238363138	0.0869266346	-0.0928358814	-0.0919486778	0.543645504	-0.262859989	1.82887635	0.310187537	0.0922552344	0.0142778597	16.667203
6.9	0.0195214202	0.0856343033	-0.0930907233	-0.0922938987	0.543976091	-0.313485226	1.88394329	0.311623482	0.0947810906	0.0340052382	17.99576
6.91	0.0153502009	0.0832700045	-0.0932867433	-0.0926734085	0.543669917	-0.23456022	1.80820653	0.312501207	0.0931144055	0.0192463696	18.826854
6.92	0.0122441417	0.0812159896	-0.0934711313	-0.0930170802	0.54345442	-0.222047287	1.78951116	0.313747315	0.0451013789	0.0100585312	20.243728
6.93	0.0100278494	0.0788956293	-0.0936266593	-0.09332137	0.54320452	-0.239343196	1.80233943	0.314888395	0.11567986	0.0132974671	19.408841
6.94	0.00908704377	0.0764297345	-0.0937679299	-0.0935878325	0.542946389	-0.276599496	1.83819937	0.316139827	0.0640907112	0.0175533009	22.805968
6.95	0.0101739505	0.0744468767	-0.0939078476	-0.0938285672	0.542680022	-0.296318351	1.89185015	0.318067434	0.0948842434	0.0208590661	19.679569
6.96	0.0127550736	0.0729630986	-0.0940072243	-0.0940500008	0.542386345	-0.307804962	1.96024099	0.320423363	0.0783822389	0.0171363809	19.531298
6.97	0.0162065624	0.0720775406	-0.0940373402	-0.0942671348	0.541934674	-0.280197183	2.02134824	0.323264015	0.107264113	0.0325367327	25.315308
6.98	0.0195514012	0.0712999233	-0.0939720734	-0.094484039	0.541289352	-0.223699089	2.08366099	0.325612174	0.118114286	0.0180290656	21.850391
6.99	0.021942229	0.0708593244	-0.093804947	-0.0946939207	0.54046285	-0.142011596	2.13348947	0.327506925	0.0949677794	0.0176319491	21.858026
7	0.0236078743	0.0702154918	-0.0936416833	-0.094825596	0.540046993	-0.182418003	2.0557915	0.328328286	0.0573962946	0.0190187928	21.625034
7.01	0.0240942319	0.069915784	-0.0934845722	-0.0947979786	0.539552637	-0.411764325	1.95820939	0.329005245	0.0460327301	0.0106105466	26.839735
7.02	0.0236107887	0.0700554997	-0.0933983222	-0.0947628449	0.539785091	-0.515674446	1.87366414	0.328891035	0.0279623688	0.0103704691	25.6465
7.03	0.0218290099	0.0715680702	-0.0934123075	-0.0947378414	0.540506336	-0.571239279	1.76904715	0.328820583	0.0752990078	0.0344521343	24.653888
7.04	0.0187227341	0.0746369163	-0.0934717243	-0.0947494825	0.541363351	-0.540575751	1.59228619	0.328879388	0.0711468097	0.0328129124	21.454112
7.05	0.0152958714	0.078417926	-0.093603573	-0.0947898615	0.542449451	-0.494988016	1.39422038	0.328690724	0.0322468887	0.0226862017	21.700441
7.06	0.0125662058	0.0820510849	-0.0938430449	-0.0948490838	0.543672488	-0.435361443	1.21454181	0.327980999	0.0679654913	0.0103828534	24.278452
7.07	0.0112110099	0.0861253136	-0.0941976049	-0.0949292224	0.544966566	-0.362739089	1.05141695	0.327818698	0.0262776353	0.0333234207	23.655502
7.08	0.0113895898	0.0898570428	-0.0947100271	-0.0950447817	0.546329903	-0.272801288	0.902964204	0.328084783	0.0629501421	0.0317239008	25.219193
7.09	0.0121801868	0.0929521846	-0.0953489979	-0.0951997488	0.547704499	-0.171502948	0.770459718	0.328334932	0.03013685	0.0201539567	23.949505
7.1	0.0132997626	0.0959706371	-0.0960377077	-0.0953826605	0.54886337	-0.0503200504	0.656606358	0.328952791	0.1068197	0.0227146638	23.249772
7.11	0.0145068571	0.0986078793	-0.0967625168	-0.0955896778	0.549812996	0.0600241986	0.550793414	0.329787461	0.108626556	0.0254947668	23.138412
7.12	0.0151174922	0.100648696	-0.0975347952	-0.0958020929	0.550584785	0.14150501	0.452699749	0.330960812	0.114372365	0.0246970521	25.528739
7.13	0.0151743293	0.101631932	-0.0983203958	-0.0960232429	0.551156911	0.190930468	0.35035456	0.331949464	0.0703456345	0.018102645	24.104564
7.14	0.0149459965	0.10181129	-0.0990506899	-0.0962499684	0.551429458	0.221680987	0.263189752	0.332565589	0.075756638	0.0229325854	25.212923
7.15	0.0148543437	0.10194164	-0.0997189439	-0.0964961111	0.551390267	0.252747794	0.192170215	0.333387629	0.115745347	0.0191893793	25.812008
7.16	0.0146498031	0.101700062	-0.100332963	-0.0967840842	0.551116583	0.299535247	0.147053838	0.334306893	0.100717867	0.0316676534	25.120411
7.17	0.0143443429	0.101942587	-0.100896527	-0.0971081131	0.550634829	0.352503436	0.128411753	0.336228999	0.0522038483	0.0349781026	22.423866
7.18	0.013964839	0.102325007	-0.101414759	-0.0974534563	0.550039276	0.374340612	0.114436333	0.338480738	0.089736098	0.0152647139	21.154168
7.19	0.0129788623	0.101684317	-0.101905963	-0.097800961	0.549397606	0.347415079	0.101318537	0.340038429	0.105391508	0.0182518978	22.721326
7.2	0.0111988709	0.0995610294	-0.102382837	-0.0981430694	0.548706027	0.271503389	0.101016997	0.340746852	0.0860192204	0.0260841542	22.823818
7.21	0.00947482056	0.0977313491	-0.102834089	-0.0984723451	0.547964302	0.150984762	0.115543708	0.341228332	0.0788925612	0.0208161314	18.743198
7.22	0.00723663861	0.0952236196	-0.103256289	-0.0987643884	0.547116704	-0.0268720428	0.137311157	0.341348132	0.119304255	0.0429436867	20.551018
7.23	0.00627964737	0.0922517117	-0.103666473	-0.099024218	0.546150071	-0.22089374	0.155211105	0.341237948	0.120876066	0.0191914297	20.937543
7.24	0.00736449258	0.0901123738	-0.104038386	-0.0992626123	0.54507634	-0.409183206	0.14997643	0.341270436	0.0529803025	0.0213984697	25.896052
7.25	0.00921570142	0.0896362814	-0.10435334	-0.0994783285	0.543807639	-0.586120039	0.097817911	0.342348079	0.0717829192	0.0270484247	22.29889
7.26	0.01121183	0.0890774386	-0.104574504	-0.0996793625	0.542304606	-0.725540407	0.0176660982	0.343190263	0.062899637	0.0180023893	19.92477
7.27	0.012841751	0.0887622893	-0.10471265	-0.0998726888	0.540573137	-0.824266262	-0.097991393	0.344068249	0.0653120976	0.0152872619	22.090554
7.28	0.0143145042	0.0881788412	-0.104948037	-0.100018399	0.539356113	-0.905289611	-0.138585134	0.344523713	0.0542561861	0.01875031	19.848918
7.29	0.0158760289	0.0878879574	-0.105256656	-0.100132706	0.538597149	-0.961246395	-0.151614345	0.344761593	0.0559378649	0.0281485515	20.155423
7.3	0.0174030355	0.0875659022	-0.105596817	-0.100214728	0.537527158	-1.02126891	-0.163715301	0.345254723	0.0593427216	0.0132689591	21.254574
7.31	0.0191085989	0.0875252244	-0.106039531	-0.100271728	0.537275008	-1.05800368	-0.144632564	0.345622385	0.0461098362	0.0177810773	19.706539
7.32	0.0210284563	0.088432407	-0.106503796	-0.100315359	0.537673953	-1.06838262	-0.109231135	0.345821692	0.0496472848	0.0186417435	19.680983
7.33	0.0234144614	0.0897414861	-0.10695395	-0.100350718	0.538579515	-1.05233024	-0.0493427429	0.34540595	0.0322306822	0.016151774	18.191263
7.34	0.0258536988	0.0927493352	-0.10734425	-0.100388241	0.539812668	-1.02858444	0.0234463837	0.345230417	0.0613056868	0.0335345572	19.189331
7.35	0.0280922506	0.0954446671	-0.107639111	-0.100426068	0.541041072	-0.986919273	0.0923655976	0.344650388	0.101050905	0.0158573192	18.138199
7.36	0.0301676912	0.0978924047	-0.107811891	-0.100457047	0.542004808	-0.926030741	0.138453894	0.344055438	0.0927124368	0.016331716	18.335602
7.37	0.031391946	0.099411365	-0.107806666	-0.100481518	0.54253948	-0.845569167	0.144588116	0.343545839	0.0808900537	0.0168927559	17.68788
7.38	0.0316830386	0.100783024	-0.107659809	-0.100484123	0.542579802	-0.759271352	0.115125584	0.344015541	0.0961097349	0.0224000015	19.521808
7.39	0.0308325497	0.10168578	-0.107371812	-0.100473854	0.542109126	-0.658528064	0.0571238366	0.344950585	0.0753041362	0.0141866927	20.698792
7.4	0.027913606	0.100442512	-0.106962555	-0.100468907	0.541130052	-0.541997129	-0.0219974065	0.345465455	0.0680052166	0.0321234167	19.829894
7.41	0.0229718675	0.0976126783	-0.106527688	-0.100493144	0.539872336	-0.401411935	-0.101415347	0.346089575	0.114779624	0.0241539766	20.185056
7.42	0.0173534208	0.0944099621	-0.106158668	-0.100552423	0.538474908	-0.247534114	-0.165863663	0.347429385	0.0524219294	0.014262762	18.761721
7.43	0.0126415697	0.0908514568	-0.105882302	-0.100643325	0.537001391	-0.099654955	-0.199359775	0.348925192	0.0756323348	0.0141387425	17.426093
7.44	0.0116488168	0.0865879701	-0.105743989	-0.100766436	0.53551431	0.0473792758	-0.191472721	0.350226951	0.119275589	0.0276995758	21.308077
7.45	0.0145325194	0.0823003073	-0.105686839	-0.100916397	0.533869813	0.219926725	-0.164475934	0.351190742	0.0979616071	0.0239465503	25.265193
7.46	0.0184639544	0.0788961644	-0.105747724	-0.101079353	0.53211986	0.367149126	-0.106507043	0.352346288	0.0999834745	0.0153157424	26.97128
7.47	0.0215843948	0.0766867301	-0.105945479	-0.10127649	0.530291097	0.49395535	-0.0154838601	0.353907336	0.0935511623	0.0279624837	17.906101
7.48	0.0235075438	0.0755303833	-0.106368151	-0.101498409	0.52946759	0.554937998	0.138831042	0.355279784	0.112129761	0.0181069319	18.530803
7.49	0.0242784242	0.0752199948	-0.10693817	-0.101793483	0.52930055	0.65748389	0.270170697	0.356265545	0.0630336826	0.0186747405	16.366714
7.5	0.0228973541	0.0762713927	-0.107613316	-0.102042572	0.529556647	0.654639773	0.461607154	0.356994277	0.0777882487	0.0306996483	18.75953
7.51	0.0195073294	0.0783267038	-0.108389296	-0.102286401	0.530517857	0.655021489	0.620853033	0.356618807	0.0629864373	0.0159945139	18.865695
7.52	0.0142340917	0.0812359915	-0.10925413	-0.102523578	0.531967201	0.659633283	0.74910657	0.354897299	0.0413017186	0.0343569186	17.16783
7.53	0.0084330247	0.0855463273	-0.110197037	-0.102799006	0.533781965	0.710060217	0.837044175	0.352672271	0.0681454942	0.017286742	18.669469
7.54	0.00853701647	0.0897530472	-0.111246263	-0.103114505	0.535914007	0.776992799	0.892554301	0.349798786	0.0312366573	0.0243486117	19.71517
7.55	0.0149091016	0.0945473764	-0.112358862	-0.103479812	0.538236831	0.860801103	0.926282454	0.347128813	0.059011664	0.0196988186	18.444883
7.56	0.021774254	0.0983971987	-0.113498502	-0.103881252	0.54061993	0.932219563	0.927907591	0.344234216	0.0466111466	0.0230314197	19.011325
7.57	0.0278841316	0.101640747	-0.114620244	-0.10430003	0.54300979	0.960809659	0.901324758	0.341505234	0.0383037194	0.0124787358	18.582436
7.58	0.0328224817	0.103838734	-0.115697284	-0.104807634	0.544957974	1.0540557	0.914289307	0.339181053	0.0330816288	0.0138469093	18.19919
7.59	0.0351271806	0.104801616	-0.116855717	-0.105305709	0.546853027	1.05658409	0.893820945	0.337958404	0.0611397687	0.056041622	18.407156
7.6	0.0362442907	0.105270032	-0.117986228	-0.105792652	0.548504141	1.0286552	0.866762638	0.337723217	0.132400007	0.0218592137	19.949433
7.61	0.0360774411	0.10451111	-0.119040382	-0.106265432	0.549841097	0.982924777	0.83551684	0.337857932	0.0843024498	0.0163543258	17.707468
7.62	0.0350638125	0.102984473	-0.119985884	-0.106714389	0.550842583	0.92165242	0.805261409	0.338259269	0.0510502656	0.00961739936	18.500332
7.63	0.0334563438	0.100790719	-0.120776689	-0.107130998	0.551489794	0.847771277	0.773125143	0.338452178	0.069740496	0.0149342954	17.743536
7.64	0.0316619204	0.0983928046	-0.121395541	-0.107521317	0.551786701	0.773059367	0.729797176	0.338413972	0.0562241172	0.0184245484	17.049835
7.65	0.0295008918	0.0961212059	-0.121841506	-0.107907119	0.551817295	0.727907573	0.716797491	0.338450939	0.0982024242	0.0174264875	19.217921
7.66	0.0269201353	0.0939473965	-0.122121528	-0.108269759	0.551552858	0.690987901	0.712581544	0.338495529	0.0816195758	0.0214026561	16.223744
7.67	0.0244378554	0.0921370473	-0.122247517	-0.108640241	0.551081426	0.693651214	0.738510879	0.338282607	0.0555807804	0.0228685191	16.252864
7.68	0.0223476838	0.0913533246	-0.122298856	-0.109025386	0.550461926	0.718365603	0.802620519	0.338665665	0.100156405	0.0132475801	20.372971
7.69	0.0204280694	0.0908633578	-0.122292154	-0.109408003	0.549727305	0.745520913	0.88106931	0.339023823	0.0924454628	0.0149035487	19.869774
7.7	0.0179086468	0.0895317491	-0.122281654	-0.109783502	0.548901086	0.760510722	0.968157797	0.339154476	0.121396463	0.0221291974	20.484567
7.71	0.0155430941	0.0882359018	-0.122268646	-0.110138751	0.547995882	0.756584869	1.04796283	0.339315984	0.0928648711	0.0176505177	19.20826
7.72	0.0132936323	0.0865125198	-0.12225087	-0.110469931	0.546991272	0.749934503	1.11473028	0.339039754	0.0695998366	0.0197132777	18.00095
7.73	0.0115174348	0.0849076524	-0.12223246	-0.110787815	0.545838008	0.751435062	1.16348739	0.338833202	0.120796282	0.00737666206	21.65165
7.74	0.0099010742	0.0828025906	-0.122204249	-0.111076438	0.544510047	0.751659587	1.18749648	0.338084981	0.0435338156	0.0247463985	20.090072
7.75	0.00873408186	0.0808503111	-0.122231083	-0.111343368	0.543080844	0.761137733	1.21527375	0.33737542	0.0727602006	0.0162383211	21.547554
7.76	0.00786886241	0.0790234894	-0.122388338	-0.111467071	0.542043947	0.63923076	1.37272742	0.336858158	0.0652262924	0.0264626752	24.95858
7.77	0.00801952889	0.0778000894	-0.122632625	-0.111513793	0.541426316	0.555054083	1.57251044	0.336142702	0.0716283033	0.0320941535	23.218209
7.78	0.00906070695	0.077100391	-0.122996163	-0.111433765	0.540950784	0.402233725	1.73967805	0.335517076	0.0619039458	0.00868491425	24.225845
7.79	0.00950793386	0.0762867511	-0.123365995	-0.111370876	0.540399154	0.384519913	1.96818714	0.335424135	0.0649537402	0.037205123	19.477762
7.8	0.0100150745	0.0756064712	-0.123812615	-0.111230241	0.540245192	0.352416227	2.14645437	0.335479436	0.0557772301	0.012556768	19.603616
7.81	0.0101050321	0.074996777	-0.124308481	-0.111006768	0.540358859	0.315472641	2.2499175	0.335931172	0.0757037734	0.0169570134	22.294449
7.82	0.00985287707	0.0752108832	-0.124867202	-0.110703924	0.540695957	0.263579562	2.2614297	0.337356019	0.0563871642	0.0293427909	19.54748
7.83	0.00936529359	0.075525056	-0.125498471	-0.110314049	0.54129824	0.180100618	2.18740731	0.338959183	0.0561383403	0.012832722	21.28246
7.84	0.00882871793	0.075761268	-0.126192742	-0.109854763	0.542136779	0.0848010963	2.0364344	0.340414304	0.0519338623	0.0144617929	18.952478
7.85	0.00812730603	0.0752068073	-0.126927942	-0.109271428	0.542657813	-0.0831580295	1.90771143	0.341690911	0.102872087	0.0174403201	21.217269
7.86	0.00762274953	0.0751136078	-0.12773161	-0.108707798	0.543103368	-0.157732529	1.741474	0.343268439	0.135061296	0.0237210482	22.258632
7.87	0.00773633541	0.0748453933	-0.128588322	-0.108173091	0.54351431	-0.183221929	1.56061027	0.344475692	0.146551688	0.0186800157	18.988801
7.88	0.00874543341	0.0744893354	-0.12942104	-0.107653831	0.543765556	-0.185319028	1.3671363	0.34473525	0.165271726	0.0223785932	17.370018
7.89	0.00980232134	0.0738518328	-0.130274695	-0.107140927	0.543882597	-0.183666187	1.16015873	0.345256673	0.0901031454	0.0509640621	18.501609
7.9	0.0101711492	0.074034312	-0.131157582	-0.106634289	0.543873618	-0.175699665	0.953486462	0.346408749	0.105843609	0.0278653442	19.819859
7.91	0.0102535507	0.0738616755	-0.132061423	-0.106140994	0.543686578	-0.159195369	0.738186768	0.347449405	0.088619603	0.0163477369	19.360002
7.92	0.00981589848	0.0736906558	-0.132978738	-0.105661068	0.543370716	-0.147905394	0.542873837	0.348004092	0.0574427552	0.0193258846	17.98669
7.93	0.00843098009	0.0741779046	-0.133850246	-0.105171349	0.542952661	-0.141647816	0.351367765	0.348244713	0.138954029	0.0183300441	21.341984
7.94	0.00643954875	0.0749160176	-0.134697476	-0.104696517	0.542460452	-0.120201078	0.122244255	0.348113641	0.137457123	0.0435824958	20.203258
7.95	0.00478654216	0.0759567358	-0.135515434	-0.104227888	0.541806046	-0.113063556	-0.135519126	0.34794099	0.125466564	0.0259951926	22.22763
7.96	0.00576270091	0.0769305478	-0.136315136	-0.103767926	0.541031122	-0.111451671	-0.416338549	0.347469845	0.103356313	0.0136609894	20.777534
7.97	0.00926599065	0.0776443857	-0.137105108	-0.10331523	0.540102557	-0.128467265	-0.704227058	0.346761658	0.109501387	0.020411841	19.660513
7.98	0.0136366873	0.0786165795	-0.13786919	-0.102831541	0.539045196	-0.195172895	-0.990366324	0.346840187	0.132863535	0.0368400848	22.060302
7.99	0.0185980555	0.0794324595	-0.138625358	-0.102286842	0.537933439	-0.336143929	-1.25806381	0.347271468	0.0512139133	0.0404589797	21.454384
8	0.0237162946	0.0797075193	-0.139348832	-0.101814132	0.537233433	-0.358144308	-1.33623691	0.346936397	0.0636596341	0.0216279998	21.28439
8.01	0.0288161359	0.0797511965	-0.140003761	-0.101524923	0.536453292	-0.173103638	-1.32328301	0.346016604	0.0650790327	0.017335809	20.454895
8.02	0.0339178852	0.0803634469	-0.140516024	-0.10130674	0.535944319	-0.00730776891	-1.19489296	0.344746127	0.0626911309	0.0235616182	19.877739
8.03	0.0384615326	0.0806779912	-0.140945871	-0.101134806	0.535902959	0.0898158687	-1.01030612	0.342677527	0.0502936445	0.0286913828	20.391273
8.04	0.0427452107	0.0813243432	-0.141247203	-0.101004163	0.536216576	0.171760779	-0.790109179	0.340106685	0.0998016059	0.0210994152	18.235515
8.05	0.0464560601	0.0820870124	-0.141361943	-0.100942749	0.536791742	0.265254188	-0.576603226	0.337138166	0.0726320437	0.0294701172	20.984413
8.06	0.0500178558	0.0834361195	-0.141246117	-0.100913236	0.537453881	0.338708193	-0.403732816	0.334146757	0.0693895057	0.0195026757	19.426426
8.07	0.0536164319	0.0856081866	-0.140968337	-0.100828523	0.537899446	0.290491548	-0.183701847	0.332082122	0.0616565033	0.0135851009	18.814145
8.08	0.0560591943	0.0872206446	-0.140519297	-0.100812006	0.538536682	0.27650781	-0.0322626691	0.329707744	0.0710688181	0.0334610378	18.744411
8.09	0.0578587986	0.0886994589	-0.139938818	-0.100904857	0.539475513	0.302710631	0.048108498	0.326875922	0.128822055	0.0325432363	19.811556
8.1	0.0584436465	0.0894073577	-0.139233882	-0.101085854	0.540521472	0.316065202	0.0660986139	0.323825071	0.101517293	0.0250066779	20.362939
8.11	0.0583065867	0.0896374865	-0.138420919	-0.101331295	0.541450651	0.30514294	0.0399116037	0.32086678	0.125102427	0.0236052483	21.147624
8.12	0.0574584972	0.0891174775	-0.137504158	-0.101669088	0.541796599	0.35217595	0.0684176298	0.318387625	0.103359008	0.0216544664	19.404243
8.13	0.0561380209	0.0882864629	-0.136545268	-0.10201193	0.542002492	0.325300592	0.0513825709	0.316443804	0.104284298	0.0127560794	17.789637
8.14	0.0538603775	0.0866549236	-0.135581589	-0.102325453	0.542090361	0.235273866	-0.00502009464	0.314936225	0.0844230611	0.0270787439	19.253133
8.15	0.0505656379	0.0842966939	-0.134603349	-0.102614053	0.542040348	0.112008203	-0.0912079844	0.313957002	0.105042514	0.0182926473	19.901122
8.16	0.0458746672	0.0805240317	-0.133602768	-0.102845516	0.54179131	-0.0499188235	-0.196981035	0.312569751	0.131738508	0.0449844026	19.785572
8.17	0.0408471958	0.0769681207	-0.13260241	-0.103033426	0.541345732	-0.214128057	-0.29896394	0.311943894	0.0587364005	0.0114759209	23.663391
8.18	0.035449849	0.0733088322	-0.131654513	-0.103186677	0.540764102	-0.357221244	-0.374509927	0.311704572	0.0900149665	0.0214544652	19.57784
8.19	0.0302154512	0.0699958957	-0.130794575	-0.10330973	0.540112511	-0.476475513	-0.42093531	0.312045336	0.108610969	0.0104170919	21.123991
8.2	0.0247234436	0.0659007052	-0.130040466	-0.103407948	0.539359759	-0.565000521	-0.427587216	0.312023513	0.0967190176	0.0366977314	19.153254
8.21	0.0197177515	0.0619089906	-0.12936035	-0.103483374	0.538497633	-0.612305254	-0.391392512	0.312046332	0.115782975	0.0249509855	17.748811
8.22	0.015543262	0.0580808578	-0.128715498	-0.10352674	0.537431512	-0.639001802	-0.331707322	0.311982882	0.0973027465	0.024944327	19.692192
8.23	0.0124877445	0.0541797655	-0.128118068	-0.103541898	0.536152932	-0.646511168	-0.237163058	0.311276093	0.0934572933	0.0371340608	20.316541
8.24	0.0115842078	0.0512375791	-0.127586536	-0.103534242	0.534574372	-0.643802654	-0.136166314	0.310896463	0.101438018	0.0150081442	19.233403
8.25	0.0117200061	0.0495195698	-0.127290173	-0.103569386	0.533759024	-0.660535812	0.0372854	0.310536828	0.0443937781	0.0166828986	18.85639
8.26	0.0112544753	0.0484252057	-0.127119112	-0.103605328	0.53337855	-0.742972347	0.198272579	0.309339228	0.074932495	0.0339557617	21.312185
8.27	0.00980682371	0.0482416221	-0.127015634	-0.103640947	0.533317996	-0.787975781	0.390367106	0.307359137	0.0782667669	0.0348318451	17.385191
8.28	0.00852657565	0.0483077479	-0.126968773	-0.10370933	0.533277399	-0.76479632	0.622284736	0.305182152	0.0580896968	0.0267874419	18.43467
8.29	0.00785578688	0.047842479	-0.127019095	-0.103771953	0.53345613	-0.766413245	0.817166925	0.302717531	0.0450582715	0.0339922266	19.761017
8.3	0.00788335649	0.0474716014	-0.127158578	-0.103821021	0.53387568	-0.760725582	0.992320688	0.300182098	0.0460352285	0.0284519231	18.189405
8.31	0.00864828321	0.0476148635	-0.12739968	-0.103868893	0.534658803	-0.75042197	1.13549999	0.298544604	0.0719190406	0.014521547	18.832542
8.32	0.00908399427	0.0472845261	-0.127775492	-0.103917994	0.535782969	-0.74684067	1.26694944	0.296976786	0.0467002708	0.0231699387	20.86085
8.33	0.00937380152	0.0468613441	-0.128259191	-0.104006199	0.537143757	-0.695752229	1.36696523	0.295919576	0.0653300016	0.0145187886	20.054736
8.34	0.00967212138	0.0464267872	-0.12879616	-0.104130592	0.538734765	-0.610752723	1.42798287	0.295003302	0.0503661079	0.019093213	21.220454
8.35	0.0100823918	0.0460705843	-0.129258662	-0.104192368	0.539799712	-0.582422582	1.49784969	0.294673537	0.120617205	0.013325523	23.267819
8.36	0.0108181621	0.0459683937	-0.129690153	-0.104308856	0.540850104	-0.493711294	1.51088013	0.294482035	0.0992155879	0.0161871972	20.633529
8.37	0.0113590732	0.045553928	-0.130076415	-0.104462477	0.541775171	-0.376485711	1.49153433	0.294244375	0.11053622	0.0169276334	19.839196
8.38	0.0115484925	0.0450132488	-0.130438566	-0.10463448	0.542623779	-0.260547984	1.46962357	0.294404597	0.112977969	0.018272961	18.013999
8.39	0.0119743359	0.0445385096	-0.130781932	-0.104831102	0.543304373	-0.137235072	1.4503484	0.295487704	0.120800319	0.0261035545	19.682866
8.4	0.012380621	0.0436695356	-0.131078625	-0.105036366	0.543841526	-0.0285676397	1.42931788	0.296783223	0.0686275662	0.0168597045	21.396837
8.41	0.0135825761	0.0425070851	-0.131321224	-0.105257642	0.544262573	0.0756963896	1.41910659	0.297986405	0.063963625	0.0188479525	20.132742
8.42	0.0154788373	0.041476926	-0.131523047	-0.105487131	0.544608162	0.167523695	1.42096319	0.299549712	0.0553580599	0.0129724006	18.423971
8.43	0.0174872781	0.0411077347	-0.131678114	-0.105726351	0.544938641	0.270612359	1.42192724	0.301630578	0.131563591	0.0195575482	19.320575
8.44	0.0192965496	0.0411888036	-0.131795401	-0.105973113	0.545283443	0.383830504	1.41946853	0.303848373	0.0771156058	0.0242643804	20.102421
8.45	0.0208698461	0.0415457094	-0.131848333	-0.106206305	0.54561421	0.471194045	1.43004067	0.306168863	0.0883355985	0.0193134339	21.735803
8.46	0.0210361386	0.0429628693	-0.131792309	-0.106402146	0.545894742	0.53653229	1.45065595	0.308675524	0.0891610641	0.0408130399	21.037456
8.47	0.0202135165	0.0446037566	-0.131599897	-0.10655326	0.546029126	0.584468785	1.4787823	0.310628685	0.142725712	0.0211164974	21.314601
8.48	0.0191786233	0.0455207234	-0.131276836	-0.106656783	0.545996639	0.624153653	1.49801872	0.311510133	0.140438703	0.0164341693	21.157566
8.49	0.0178783099	0.0457839806	-0.13073523	-0.106696399	0.545589459	0.65357913	1.52915697	0.311013596	0.0941735984	0.0476629895	20.390981
8.5	0.0157977218	0.0468814627	-0.130011772	-0.10669508	0.544776183	0.701990448	1.55269496	0.310786113	0.0812310752	0.0275643021	20.979357
8.51	0.0130557277	0.0483371338	-0.129174011	-0.106593945	0.544144263	0.666649976	1.47569771	0.309735849	0.0797074096	0.0258900728	19.862822
8.52	0.0104688868	0.0505775219	-0.128282103	-0.106448634	0.543907308	0.637664503	1.41273445	0.308617219	0.0930382752	0.0197249931	21.801105
8.53	0.0095791302	0.0533690506	-0.127296204	-0.106247107	0.543897924	0.595896581	1.30630666	0.307337012	0.0703434933	0.0228262118	21.771232
8.54	0.0116613846	0.0565974701	-0.126286802	-0.105964861	0.543940611	0.492902442	1.26748525	0.306440827	0.078499058	0.0391730606	20.229656
8.55	0.0164350248	0.0604362903	-0.125251596	-0.105724411	0.543917291	0.506844069	1.14532776	0.305762473	0.0365804587	0.0300812123	18.538345
8.56	0.0225219844	0.0646411595	-0.124194288	-0.105430935	0.544290523	0.493393784	1.04154309	0.304734134	0.0519607171	0.030488999	18.333697
8.57	0.0292757893	0.069650804	-0.123174645	-0.10508942	0.544932108	0.469664068	0.979259279	0.304507572	0.0456120298	0.04206205	19.051107
8.58	0.0357650256	0.0747928789	-0.122217209	-0.104707422	0.545847068	0.463884314	0.954622956	0.304660997	0.0546452355	0.0311834057	20.810747
8.59	0.040780564	0.0791318551	-0.121357768	-0.104262108	0.546906299	0.463678018	0.942177406	0.305027991	0.0421285633	0.0305409976	19.827972
8.6	0.044189002	0.0826237118	-0.120529287	-0.103747557	0.547727565	0.486138684	0.914895913	0.305634751	0.149402191	0.0231651904	20.858337
8.61	0.0462429099	0.0852955592	-0.119740112	-0.103187619	0.548279736	0.5272282	0.887301296	0.306310114	0.111295596	0.0193133831	17.447048
8.62	0.0472449001	0.0875747201	-0.118989167	-0.102599081	0.548574957	0.582745255	0.851318857	0.307447975	0.114530894	0.0252806982	19.951324
8.63	0.0473568717	0.0897181541	-0.11834016	-0.101999374	0.548695326	0.642097996	0.831337581	0.309439786	0.124597789	0.0296998368	20.498024
8.64	0.0459357597	0.0904568991	-0.117781753	-0.101369765	0.548658694	0.67126112	0.81983719	0.311281852	0.0775503295	0.0157648853	18.242486
8.65	0.0440406359	0.0909272544	-0.117291122	-0.100712345	0.548488693	0.668233893	0.813384858	0.313276742	0.0804358305	0.0189177112	22.324999
8.66	0.0417114432	0.0910009149	-0.11680289	-0.10000343	0.548134949	0.613594482	0.800174127	0.314923439	0.089080555	0.0227909943	22.572002
8.67	0.0391677325	0.0907641064	-0.11633537	-0.0992525302	0.547649481	0.520121164	0.811858277	0.316197646	0.0697394601	0.0264066054	22.016112
8.68	0.036364482	0.0900236048	-0.115925383	-0.0984665762	0.547125731	0.395461984	0.840331509	0.317212834	0.0910674986	0.0127178647	19.963277
8.69	0.0337213596	0.0892412904	-0.115594868	-0.097644649	0.546577424	0.238697259	0.882524315	0.318217214	0.0969004857	0.0142999333	20.137045
8.7	0.0313728685	0.0882177437	-0.115321244	-0.0967936687	0.545931381	0.0816934587	0.943465817	0.318951744	0.118491985	0.012127487	17.320904
8.71	0.0296070249	0.0876276705	-0.115087838	-0.0959078109	0.545149112	-0.0715312425	1.00987504	0.32003514	0.101595229	0.02006328	17.629689
8.72	0.0267528474	0.0856766251	-0.11486001	-0.0950049837	0.544167999	-0.188221661	1.08762605	0.321007306	0.108537205	0.0367167932	18.39457
8.73	0.0237301784	0.0837617816	-0.114639455	-0.0940802574	0.543040587	-0.252026757	1.17506429	0.322806219	0.0853935233	0.0274116247	21.806536
8.74	0.0206994237	0.0813084637	-0.114395596	-0.0931362507	0.54173668	-0.26511394	1.25686134	0.324682263	0.0635173606	0.00943580209	20.145209
8.75	0.0175143091	0.0780143665	-0.114191581	-0.0922377057	0.540579644	-0.122299677	1.25911621	0.326115237	0.0666059093	0.0275752029	20.190943
8.76	0.0156163027	0.0750378847	-0.1139837	-0.091398369	0.539528681	0.125858519	1.19642363	0.327423888	0.0555916318	0.0213933138	19.922957
8.77	0.0156503592	0.0721362557	-0.113779479	-0.0905842901	0.53884448	0.330784808	1.16656456	0.328004387	0.0271321481	0.0262136619	20.807871
8.78	0.0177747516	0.0694288622	-0.113589029	-0.0897768411	0.537902689	0.483715144	1.15221671	0.32840092	0.0391111532	0.0132943737	21.469668
8.79	0.0207141708	0.0676988478	-0.11340299	-0.0889950579	0.537408156	0.633866892	1.15955975	0.328468739	0.0386235117	0.0167659636	23.077847
8.8	0.0239380258	0.0670252533	-0.113252822	-0.0882508854	0.537336731	0.765587026	1.19086182	0.328359929	0.0294406737	0.0143653058	19.753075
8.81	0.0275966922	0.0659888643	-0.113173952	-0.0875398184	0.537669764	0.860826484	1.21565364	0.327240099	0.05605825	0.0261555748	25.530145
8.82	0.0307771617	0.0666282493	-0.113194363	-0.0868729557	0.538430418	0.911314051	1.22534092	0.326528981	0.0467417937	0.030823327	23.014598
8.83	0.0338125504	0.0684579818	-0.113325972	-0.0862487239	0.539670202	0.90119475	1.24001368	0.325845997	0.0890024179	0.0176617373	29.056897
8.84	0.0365744796	0.0711907619	-0.113563334	-0.0856839797	0.5413482	0.851434516	1.25385375	0.324869564	0.0578086979	0.0165181082	18.495292
8.85	0.0393668347	0.0735538778	-0.113809044	-0.0851099911	0.542756576	0.712440786	1.31532468	0.323223788	0.111912214	0.0111173788	18.963702
8.86	0.0416201372	0.076075413	-0.114102082	-0.0846408871	0.543933788	0.629134824	1.24636875	0.321467755	0.0943162962	0.0134474553	19.13166
8.87	0.042987188	0.0782647376	-0.11449834	-0.0842518708	0.544965272	0.536562413	1.1647928	0.32006176	0.141466139	0.0262506915	21.111884
8.88	0.0437791029	0.0803038807	-0.114953543	-0.0839231337	0.545764284	0.44519316	1.06074619	0.31921175	0.112668944	0.0159168822	17.473805
8.89	0.0438439033	0.0820459569	-0.115476618	-0.0836532863	0.546310691	0.357907577	0.937489145	0.318826231	0.107553276	0.0191662068	19.356297
8.9	0.0431868046	0.0832579301	-0.116067114	-0.0834380217	0.546602276	0.276753795	0.797420713	0.318712761	0.0993158752	0.0148703197	19.871189
8.91	0.0421023299	0.0844801338	-0.116741471	-0.0832687981	0.546622559	0.191963072	0.657649057	0.319648533	0.071617919	0.029812633	19.717933
8.92	0.0408691437	0.0858088534	-0.117409031	-0.0831320139	0.546363488	0.110055516	0.521893777	0.320739192	0.0496646532	0.0314967216	18.356095
8.93	0.0393644411	0.0875897241	-0.118051247	-0.0830253575	0.545838034	0.0471063089	0.386530129	0.322445186	0.0829689407	0.0330449335	19.753135
8.94	0.0375419959	0.0894898167	-0.118635884	-0.082940567	0.545060644	-0.000830811197	0.24752003	0.32443911	0.0834735683	0.0243738427	21.763394
8.95	0.0366085658	0.0915705894	-0.119173361	-0.0828612941	0.544108358	-0.0517484641	0.125011411	0.325962591	0.0945417755	0.0338960614	22.28971
8.96	0.035954537	0.0929179563	-0.119706267	-0.0828060437	0.543020765	-0.0706563018	-0.0128275204	0.326923683	0.127957307	0.017594426	18.409595
8.97	0.0356886264	0.0936630282	-0.120228643	-0.082753558	0.54179532	-0.0692968594	-0.178603245	0.327602664	0.0958529883	0.00915474602	21.408144
8.98	0.0353893294	0.0945292773	-0.120778917	-0.0826925587	0.540528551	-0.0656760872	-0.354665091	0.329163597	0.11363394	0.0369150394	18.995185
8.99	0.0350572187	0.0954185329	-0.121367875	-0.0826185646	0.539205158	-0.0701505455	-0.513886879	0.331425313	0.0573244165	0.0275133025	24.765327
9	0.0340977945	0.0962762832	-0.122103479	-0.0826626947	0.538452663	0.0463847377	-0.479379595	0.334531349	0.0375649426	0.029311913	37.379756
9.01	0.0326977692	0.0972452096	-0.123012743	-0.0828376452	0.538064527	0.193494279	-0.456480861	0.338174662	0.067581308	0.0316006815	27.201592
9.02	0.0300567238	0.0970048363	-0.124035772	-0.0830492984	0.538290936	0.279019823	-0.396594395	0.341473361	0.041871189	0.0175997632	21.54509
9.03	0.0262567521	0.0958846411	-0.125096111	-0.0832335986	0.538614098	0.27126511	-0.248594695	0.345003331	0.0363498016	0.0222422305	24.174067
9.04	0.0215340136	0.0944799556	-0.126235449	-0.0834792631	0.539432026	0.281350163	-0.117888115	0.348660543	0.03329063	0.0267591201	23.471809
9.05	0.0166215739	0.0934905739	-0.127395595	-0.0837991179	0.540572945	0.311689692	-0.0053586141	0.352702866	0.0359316745	0.0275431719	28.928854
9.06	0.0116821632	0.0918947951	-0.128561332	-0.0841938439	0.542003456	0.345092999	0.092379295	0.356209303	0.0483782395	0.0176029523	22.140562
9.07	0.00867760751	0.0901781619	-0.129697886	-0.0846552811	0.543611106	0.380650452	0.165034532	0.359043152	0.0573155521	0.00836242378	22.191733
9.08	0.00941282604	0.0883916905	-0.130781478	-0.0851763401	0.545369309	0.415700535	0.212883352	0.361050351	0.0264093058	0.0159281817	19.326632
9.09	0.0123243327	0.0877418877	-0.131831568	-0.0857584551	0.547207272	0.460424799	0.246874918	0.362726437	0.044308739	0.0177186175	20.61262
9.1	0.0149805917	0.0883059387	-0.13279756	-0.0863779399	0.548811888	0.467043334	0.269298499	0.364148869	0.106424789	0.0160561009	20.791732
9.11	0.0180150894	0.0875952416	-0.133713562	-0.0870376532	0.550176056	0.457916949	0.27796504	0.364702203	0.078726075	0.0463651784	20.570034
9.12	0.0206024183	0.0867686885	-0.134593843	-0.0877036357	0.551212909	0.421431201	0.285243092	0.365339127	0.124412238	0.020927958	18.472381
9.13	0.0222556583	0.0867006176	-0.135440263	-0.0883657994	0.551930881	0.362674922	0.295360129	0.366523451	0.102632772	0.0345354596	18.665633
9.14	0.0224349755	0.0874711501	-0.136268621	-0.0890116364	0.552371257	0.283220519	0.342579003	0.367537366	0.0951040316	0.0276652887	19.889165
9.15	0.0212947524	0.0884460552	-0.137052627	-0.089627131	0.552445437	0.174485497	0.402082768	0.368450665	0.108554	0.0159224965	20.187836
9.16	0.0197140102	0.0893071789	-0.137788297	-0.0902221696	0.552169986	0.0490342786	0.447318771	0.369218707	0.0869921515	0.028148472	17.065415
9.17	0.0180006846	0.0899396025	-0.138479555	-0.090780719	0.551558463	-0.0955926956	0.472846809	0.369726237	0.0350637002	0.0181577951	20.474178
9.18	0.0155637419	0.0910445352	-0.139064944	-0.09130783	0.550649155	-0.214580054	0.525226404	0.370164325	0.112586007	0.0398301588	19.175834
9.19	0.0129486528	0.0920805281	-0.139557841	-0.0918013177	0.549408156	-0.303947648	0.596917523	0.37059421	0.107420604	0.021633812	19.179484
9.2	0.0106149225	0.093290744	-0.13995433	-0.0922621766	0.547841548	-0.350349873	0.682040597	0.371165542	0.0831479303	0.015891493	21.604224
9.21	0.00959721767	0.096153794	-0.140262681	-0.0927029671	0.545898922	-0.329111433	0.773078973	0.372332609	0.125413133	0.0466688556	20.827411
9.22	0.0104191579	0.0990853798	-0.140497594	-0.0931264801	0.54362846	-0.245234163	0.869470589	0.373501737	0.121352021	0.0227177141	18.781434
9.23	0.0122643019	0.101604867	-0.140672685	-0.0935415279	0.54100136	-0.107568853	0.96333851	0.374845943	0.0827636764	0.0333005741	18.192264
9.24	0.0138794323	0.102896229	-0.140779677	-0.0939529607	0.538030978	0.0937002905	1.05548446	0.376072755	0.0636823291	0.0110945683	18.687336
9.25	0.0149395815	0.103222224	-0.14086314	-0.0945222628	0.5354038	0.424612217	1.00943208	0.376586122	0.102116431	0.0101360495	18.284361
9.26	0.0157487312	0.103140762	-0.14109099	-0.0950715858	0.533653313	0.612337663	1.03751223	0.377131251	0.0806420288	0.0181786975	19.48242
9.27	0.0164357462	0.103053607	-0.141361087	-0.0956424	0.532174776	0.782110266	1.17301878	0.378123885	0.0555475285	0.0270057396	19.490675
9.28	0.0172548044	0.102523975	-0.141802478	-0.0961127487	0.531251362	0.767333657	1.26534918	0.37893902	0.0721480928	0.0168047815	18.749254
9.29	0.0185285149	0.1020581	-0.142355197	-0.09649356	0.531057868	0.679053779	1.37965583	0.37972992	0.0533220936	0.00924161088	18.87672
9.3	0.0203158558	0.101730809	-0.142939088	-0.0967841563	0.531452968	0.542161675	1.50312328	0.380382067	0.0585311907	0.0145508872	18.603665
9.31	0.02280831	0.100645995	-0.143598396	-0.0969782403	0.532315372	0.359733662	1.58851647	0.380594584	0.0910684835	0.0242486087	18.573455
9.32	0.0259523665	0.100442529	-0.144328067	-0.097087616	0.533545871	0.15823603	1.63036819	0.380730989	0.0544967859	0.0226934157	21.568354
9.33	0.0293098104	0.100287209	-0.145135019	-0.0971133836	0.535200385	-0.0632565796	1.65267462	0.380589415	0.056256304	0.0150861394	20.351988
9.34	0.0321459332	0.100517788	-0.146012725	-0.0970746663	0.537224633	-0.276020394	1.66385742	0.380231342	0.0249011397	0.0202907953	20.795915
9.35	0.0337278714	0.0998679636	-0.146907122	-0.0969313038	0.538938248	-0.519543402	1.69447552	0.379866856	0.159788436	0.0373914071	19.124502
9.36	0.0335036849	0.098580263	-0.147788894	-0.096797161	0.540648556	-0.664000711	1.67502126	0.379296467	0.094025441	0.0188442194	18.132687
9.37	0.0316549766	0.0974878008	-0.148625862	-0.0966883894	0.542094206	-0.731483972	1.64073637	0.37880771	0.0952288487	0.0115298846	20.446908
9.38	0.028776492	0.0965594512	-0.149408899	-0.096598526	0.543186533	-0.755036908	1.6205724	0.37846045	0.102477331	0.0186767504	19.823009
9.39	0.0245384352	0.0953484949	-0.150186282	-0.0965678516	0.543934739	-0.717974325	1.60205001	0.378190298	0.0829114554	0.0287919978	18.904024
9.4	0.0191940238	0.0945798013	-0.150955288	-0.0965992711	0.544305215	-0.639829463	1.573625	0.378248486	0.106041597	0.0203112912	18.786731
9.41	0.0133876851	0.0941139607	-0.151687288	-0.0966733706	0.544303286	-0.559947668	1.5404141	0.378435729	0.0754237597	0.00526493141	18.035905
9.42	0.00713823196	0.0938243906	-0.152363195	-0.0967786334	0.543898696	-0.483935806	1.49859771	0.378707726	0.0870847781	0.0193139057	19.322037
9.43	0.00117988748	0.0934471136	-0.153001156	-0.0969130269	0.543073605	-0.422306484	1.44147105	0.378930444	0.116022211	0.0077772525	19.466941
9.44	0.00446649021	0.0917335018	-0.153623621	-0.0970727478	0.541800095	-0.385951403	1.35560433	0.378963878	0.133307464	0.0329811999	17.975976
9.45	0.0096426987	0.0891563979	-0.154212816	-0.0972548499	0.540137491	-0.399073437	1.24380115	0.378874657	0.118758337	0.0192650239	20.044595
9.46	0.0145895021	0.0856160688	-0.154704609	-0.0974699365	0.538084286	-0.432604785	1.08192889	0.378464312	0.106279074	0.0304245929	18.582065
9.47	0.0185454583	0.0823740062	-0.1550787	-0.0977163885	0.535713994	-0.48899938	0.88609637	0.378089528	0.130527218	0.0245724528	18.350151
9.48	0.0210611081	0.0806158436	-0.15537841	-0.0979749868	0.533055686	-0.588568063	0.678920417	0.378088741	0.10016842	0.0239420327	20.649599
9.49	0.0232330661	0.0798696049	-0.155897107	-0.0982716196	0.531655965	-0.602328322	0.615792174	0.378366718	0.0548834882	0.0273515657	19.54412
9.5	0.0251074635	0.079152882	-0.156544977	-0.0986258403	0.53129948	-0.562802099	0.618663449	0.378543083	0.0736353596	0.0150086977	20.666257
9.51	0.0263268752	0.0785632302	-0.157290434	-0.0989762362	0.531208805	-0.494690626	0.704791522	0.378808807	0.049125957	0.023421035	21.734538
9.52	0.0264415352	0.0785368543	-0.15812928	-0.0994190686	0.5320592	-0.392134545	0.779304333	0.378678769	0.0590078427	0.026954676	20.241987
9.53	0.0257875544	0.0788939525	-0.15900944	-0.099962553	0.533674356	-0.252911781	0.84202078	0.378098473	0.0319911575	0.0206632925	18.42117
9.54	0.0238991704	0.0799498833	-0.15990456	-0.10054301	0.535833028	-0.150416177	0.84695651	0.377249918	0.108947635	0.0259260676	18.721231
9.55	0.0214132997	0.0805617539	-0.160785179	-0.101163974	0.538240337	-0.0888967179	0.811472538	0.376025391	0.080621662	0.0171658809	20.82237
9.56	0.0182541585	0.0817627022	-0.1616135	-0.101808501	0.540789226	-0.0708370196	0.759950035	0.374751763	0.0432108674	0.0134850557	19.016083
9.57	0.014873097	0.0837728368	-0.162403813	-0.102469964	0.543396059	-0.0970887346	0.689154201	0.373578279	0.043256105	0.0173227534	18.625303
9.58	0.0116793823	0.0869970787	-0.163080706	-0.103201385	0.545723652	-0.0924840472	0.668339861	0.372903926	0.0368045375	0.0346329313	19.513066
9.59	0.010116851	0.090145558	-0.163679937	-0.103945424	0.547999512	-0.127536705	0.61702943	0.372082568	0.0520936031	0.00920891725	20.318218
9.6	0.0127170028	0.0947755238	-0.16420906	-0.104673379	0.55000099	-0.191988566	0.550552837	0.371609693	0.164180903	0.0534184377	20.666025
9.61	0.017695106	0.0991863943	-0.164724383	-0.10539392	0.551670698	-0.277468819	0.486230107	0.371166978	0.125198008	0.0177637462	20.821903
9.62	0.022467355	0.102742915	-0.165219421	-0.106121404	0.55299314	-0.353944795	0.4331265	0.370816296	0.104175514	0.0287645033	16.208278
9.63	0.0259323323	0.105244651	-0.165726892	-0.10686548	0.553993625	-0.406176934	0.412925248	0.370681885	0.0962890508	0.0232059438	18.981669
9.64	0.0285853264	0.107902873	-0.16621816	-0.107625963	0.554629903	-0.441080941	0.414040175	0.370990555	0.0891887547	0.0337612573	20.620569
9.65	0.0295598422	0.1094039	-0.166690079	-0.10842021	0.554888802	-0.439900654	0.449355567	0.371551753	0.089665897	0.0187146094	19.778835
9.66	0.0292244659	0.11015352	-0.16709811	-0.109246186	0.554764902	-0.399506973	0.511653896	0.372057204	0.0677242496	0.0162824557	21.323159
9.67	0.028496542	0.111244858	-0.167451383	-0.110090695	0.554304801	-0.351458086	0.596878616	0.37281831	0.0483300626	0.0279288922	17.470802
9.68	0.0276843074	0.112521988	-0.167762208	-0.110948177	0.553638128	-0.311449679	0.692778782	0.373709597	0.105317385	0.019024977	19.000456
9.69	0.0268009481	0.114139947	-0.168054033	-0.111820002	0.552819719	-0.28107562	0.772534359	0.374625716	0.0942190968	0.0287177244	17.890202
9.7	0.0256597365	0.115443529	-0.168327894	-0.112680492	0.551827538	-0.28253458	0.825694403	0.375500112	0.0820627805	0.0305010175	19.898553
9.71	0.0239483054	0.115922969	-0.168575756	-0.113520021	0.550610981	-0.315292935	0.857168014	0.376351531	0.125477879	0.0190920015	19.053438
9.72	0.0220915118	0.116027817	-0.168787663	-0.114321623	0.549147197	-0.393905169	0.844575124	0.376941019	0.114563963	0.0190734058	20.521205
9.73	0.0200928908	0.115657485	-0.168934207	-0.115082922	0.547454337	-0.510209892	0.772945891	0.377304961	0.107219436	0.015979644	18.248403
9.74	0.0175165111	0.113975774	-0.169008295	-0.115796492	0.545486182	-0.665798783	0.635275815	0.377539357	0.0898775861	0.0161277616	18.145278
9.75	0.0155183192	0.112631124	-0.168975995	-0.116458617	0.543256176	-0.858411862	0.446277676	0.377834104	0.0604430851	0.0216745001	19.046521
9.76	0.0144133493	0.111879836	-0.169055078	-0.117129074	0.54143429	-0.949594749	0.43072537	0.378684652	0.0402475511	0.0217828606	20.46715
9.77	0.0138076072	0.1117195	-0.169217485	-0.117716972	0.540382597	-1.11052803	0.420169048	0.379452085	0.0382468548	0.0152372063	20.015301
9.78	0.0127854848	0.111695739	-0.1694519	-0.11815487	0.539642196	-1.38525171	0.36743036	0.380091514	0.0520165348	0.0316714121	19.280961
9.79	0.0122080863	0.112731363	-0.169719675	-0.118483238	0.539352533	-1.64283413	0.352915909	0.380904883	0.0454570248	0.0293183841	18.701686
9.8	0.0122324465	0.113709968	-0.170019606	-0.118720947	0.539424503	-1.86929862	0.343684213	0.381513615	0.0586104001	0.0417879295	19.015521
9.81	0.0124953116	0.114968317	-0.170338842	-0.118890831	0.539788506	-2.03009263	0.293517835	0.38168725	0.075639252	0.0310049654	21.207453
9.82	0.0128208222	0.116837288	-0.170686465	-0.118983996	0.540385185	-2.14247824	0.21232204	0.381409279	0.03685743	0.0367277074	18.784837
9.83	0.0123443981	0.117951531	-0.171107923	-0.119034884	0.541223623	-2.21003978	0.12513053	0.380658873	0.0993148881	0.01947333	17.322206
9.84	0.0114460946	0.118931364	-0.171584843	-0.119058343	0.542251305	-2.22572548	0.0294379315	0.379636294	0.0519440693	0.0205354773	17.554583
9.85	0.011069217	0.120416065	-0.172075473	-0.119067301	0.543291981	-2.20171659	-0.0772096455	0.378476641	0.106139765	0.0215771217	20.163079
9.86	0.0107762665	0.121832648	-0.172518927	-0.118988551	0.54383723	-2.23686664	-0.120050962	0.377397331	0.101867968	0.0350712551	18.431368
9.87	0.0107577146	0.122764062	-0.172963898	-0.118913726	0.544421214	-2.18874446	-0.191291378	0.376172077	0.0899501267	0.0200240795	21.250645
9.88	0.0118439569	0.124268893	-0.17339593	-0.118841647	0.544973865	-2.10172173	-0.266342902	0.374999759	0.0942725927	0.0213962896	17.728481
9.89	0.0133929355	0.126289061	-0.173816814	-0.118766656	0.545390805	-2.00638502	-0.322633206	0.37394132	0.12188111	0.0317292061	17.00661
9.9	0.0153437455	0.12893976	-0.174207509	-0.118689188	0.54575252	-1.90815893	-0.342882238	0.373227779	0.0931134002	0.0352561431	17.224059
9.91	0.0169651293	0.13090868	-0.174593325	-0.11860852	0.546091641	-1.81268953	-0.338396499	0.372718598	0.0807886839	0.0239384891	18.662008
9.92	0.0175809869	0.131202533	-0.175018353	-0.118597418	0.545946666	-1.58027647	-0.436105715	0.371878433	0.0792312708	0.0369657332	18.257097
9.93	0.0180963926	0.131267145	-0.175522825	-0.118588253	0.546072276	-1.41877439	-0.465182664	0.371003615	0.102736269	0.0273744855	20.3041
9.94	0.0180758823	0.130017985	-0.176077444	-0.118599542	0.546284708	-1.29298323	-0.442480192	0.370203242	0.0883460716	0.0214464542	18.873922
9.95	0.0182496022	0.127634564	-0.17662989	-0.118632274	0.546591246	-1.20620407	-0.371325565	0.369809295	0.0930662914	0.0282772561	19.790477
9.96	0.0181227987	0.125383305	-0.177140441	-0.118700757	0.546903485	-1.10476302	-0.26885682	0.369798998	0.0967753467	0.0288376908	20.014172
9.97	0.0177445868	0.124347121	-0.177607075	-0.118789618	0.547047239	-0.998007711	-0.146587519	0.369896478	0.12581709	0.0373841302	19.462733
9.98	0.0168516387	0.12357542	-0.177959723	-0.118900284	0.546981869	-0.877157132	-0.0212055831	0.370384418	0.089472362	0.0233079413	20.254237
9.99	0.0151312909	0.122031014	-0.178128744	-0.119025657	0.5465858	-0.727798333	0.0704212234	0.371202462	0.0609138597	0.0286996057	21.730122
10	0.0126448341	0.120939133	-0.178126595	-0.1191784	0.545892241	-0.552678888	0.127477903	0.37218289	0.0455526505	0.0125607391	20.071569
