time_s	ee_error_m	orientation_error	base_x_m	base_y_m	base_z_m	roll_deg	pitch_deg	clearance_m	leg_action_delta_l2	arm_action_delta_l2	update_ms
0.01	0.648924387	0.0194367244	-4.28694373e-05	7.06080905e-06	0.542730426	-0.0240483518	0.0332464543	0.306497412	0	0	23.624229
0.02	0.646439844	0.0197341588	-0.000238666934	3.63628009e-05	0.541099082	-0.105380588	0.119884491	0.308182677	0.126874846	0.0811547617	19.279609
0.03	0.642198603	0.0195031405	-0.000609497341	0.000102402411	0.53869252	-0.235987152	0.256275085	0.311945273	0.0368715177	0.0475139386	21.000444
0.04	0.635782924	0.0194813275	-0.00107311326	0.000208589142	0.535564877	-0.394773081	0.423053647	0.317802584	0.127552605	0.0617845319	19.665243
0.05	0.626754294	0.0194411828	-0.00166751015	0.000363762206	0.531810716	-0.573267512	0.629440779	0.3262247	0.0721078783	0.0756447268	17.98268
0.06	0.614579343	0.0201807989	-0.00244327478	0.000588739627	0.527517099	-0.801173694	0.893502274	0.33550319	0.111822743	0.0733630457	18.87736
0.07	0.599442629	0.0216231408	-0.0033211075	0.000888441553	0.522810943	-1.06741857	1.22616135	0.345081654	0.0656040257	0.0548805307	20.405321
0.08	0.5816226	0.023158334	-0.00427068084	0.00128954778	0.517893932	-1.38485627	1.65531282	0.353911443	0.0970953237	0.0422942627	19.881867
0.09	0.560933719	0.0242694657	-0.00523773084	0.00175485615	0.512807408	-1.69936285	2.17164599	0.3618817	0.108929345	0.0829027081	21.248682
0.1	0.538233815	0.0259952028	-0.00624342687	0.00216520505	0.507520726	-1.81652661	2.64578916	0.368492076	0.0770677478	0.058685265	19.728389
0.11	0.514006129	0.0282194838	-0.00720450964	0.00266491229	0.502382706	-1.95988104	2.98176956	0.37415364	0.0962544884	0.0748547162	18.198974
0.12	0.488296672	0.0304945256	-0.00812381979	0.00319522404	0.497946341	-2.05492716	3.31913645	0.378207167	0.0912608767	0.0988875276	20.769349
0.13	0.461578956	0.0322231438	-0.00889028971	0.00369490155	0.494085831	-2.05955217	3.61566699	0.381015776	0.0681530744	0.0823034107	17.842135
0.14	0.434347592	0.0348154244	-0.00938834604	0.0041473223	0.490695989	-1.98894535	3.87488838	0.382605499	0.0740210556	0.0629339427	18.98907
0.15	0.407047844	0.0373020625	-0.00959392757	0.00456169087	0.487843385	-1.87011713	4.11120082	0.383852434	0.0463855315	0.0815755788	18.839174
0.16	0.380064294	0.0394780978	-0.00946576707	0.00489205156	0.485398845	-1.69054898	4.32648349	0.384505939	0.0773028968	0.0762120283	18.576117
0.17	0.353538872	0.0399981366	-0.00899655502	0.00520152075	0.483161925	-1.5225948	4.60573768	0.384763617	0.0555211183	0.080547151	16.807109
0.18	0.327987711	0.0398725542	-0.00822886757	0.00539068039	0.481603766	-1.27663619	4.81465635	0.385293108	0.0657112943	0.065882647	18.700843
0.19	0.303636402	0.0392839085	-0.00718167067	0.00538936642	0.48042336	-0.905938516	5.04497908	0.386366542	0.0450433453	0.0596417882	18.966974
0.2	0.2804855	0.0384288991	-0.00586698762	0.00526931943	0.479994294	-0.603003619	5.17718381	0.38734992	0.0697182862	0.0792255663	17.667448
0.21	0.258846928	0.0368056495	-0.00443706897	0.00507603371	0.479538673	-0.377535658	5.05925262	0.387851153	0.0843347229	0.082696513	18.2163
0.22	0.238539873	0.0355708402	-0.00297767428	0.00477443999	0.48031436	-0.181414647	4.9913417	0.38940586	0.0774867872	0.0766695345	18.189239
0.23	0.219843016	0.0349140093	-0.00144895831	0.00438719806	0.48214671	-0.0215581937	4.94206322	0.388969007	0.0666023202	0.0590577221	18.081618
0.24	0.203336313	0.0346189193	0.000230646659	0.00393928857	0.48495397	0.0776601196	4.8834057	0.387446531	0.0739214515	0.043975263	18.845406
0.25	0.189282636	0.0352534981	0.00213054788	0.00343979102	0.488558178	0.120335109	4.78155899	0.385903543	0.050453472	0.0437093989	18.983449
0.26	0.176910905	0.0361399064	0.00429622553	0.00301552447	0.492392935	0.017695383	4.74557492	0.383980842	0.0573689909	0.0620222942	17.220047
0.27	0.166219446	0.0376086313	0.00658511276	0.00253198075	0.496850229	-0.0821653909	4.65741323	0.38199213	0.0538221735	0.0456151245	17.9045
0.28	0.156393912	0.0392022865	0.00900702589	0.00193235288	0.501528061	-0.118506378	4.59855861	0.379965909	0.0350809694	0.0607561833	18.712323
0.29	0.147581997	0.0408061107	0.0115631297	0.00132511133	0.506573616	-0.228502976	4.49860595	0.377452325	0.0605340648	0.0356476113	19.243244
0.3	0.139837346	0.0421626125	0.0142769931	0.000723803944	0.511738153	-0.372126226	4.34396887	0.374892998	0.0687576222	0.0301049909	17.98564
0.31	0.132748508	0.0431992745	0.0170464842	3.9282463e-05	0.516683621	-0.450081747	4.1048685	0.372187119	0.0467207949	0.0540597412	20.034131
0.32	0.125725336	0.0447512879	0.0198434219	-0.000649029808	0.521823575	-0.572561798	3.86922232	0.369367417	0.0503916973	0.0735090279	15.813381
0.33	0.118783762	0.0466285765	0.0226949105	-0.00134477977	0.526829706	-0.704127816	3.59729927	0.366043284	0.0747720445	0.0492391474	18.888355
0.34	0.111862279	0.0482932189	0.0255553918	-0.00207669455	0.531571462	-0.819815435	3.28487611	0.362510584	0.0579898193	0.0478643835	16.91417
0.35	0.104621556	0.0492459402	0.0283786124	-0.00285022266	0.536008828	-0.919112687	2.94220627	0.358588719	0.0335748412	0.0635033555	18.253892
0.36	0.0974436019	0.0493648118	0.0311762684	-0.00364009595	0.53990337	-1.0076242	2.59317642	0.354051407	0.0837970149	0.0324153363	16.377651
0.37	0.090127488	0.048756828	0.0338830491	-0.00442354474	0.543200314	-1.10266205	2.27224879	0.349672938	0.0852116844	0.0548221726	18.097488
0.38	0.0828169831	0.0481756627	0.0364564966	-0.00519403417	0.545898806	-1.20930841	1.98931624	0.345533069	0.0761618213	0.0396711535	15.706688
0.39	0.0765536802	0.0480143249	0.0389915267	-0.00595158445	0.547852083	-1.30774787	1.74751461	0.342070219	0.110299448	0.0169793756	16.244524
0.4	0.0712133238	0.0481782284	0.0415231765	-0.00669125526	0.549120314	-1.38287438	1.53571781	0.339156672	0.0968134028	0.0286941968	16.047196
0.41	0.0660442736	0.0482864213	0.044010455	-0.00743207351	0.549717726	-1.4138528	1.33947612	0.336404671	0.0622341363	0.0461680618	18.099196
0.42	0.0613196328	0.0477851252	0.0464560045	-0.00817482015	0.549710406	-1.39841668	1.16578719	0.333980246	0.0368243814	0.0198564867	16.48202
0.43	0.0572850199	0.0460739316	0.0488421313	-0.00893682397	0.549156093	-1.33311308	1.0215086	0.332032297	0.0990147309	0.0347822441	19.939745
0.44	0.0532764192	0.0444994579	0.0511468641	-0.00971717628	0.548143999	-1.21801708	0.885709005	0.330019117	0.105795478	0.0468056651	19.432513
0.45	0.0482564645	0.0423085075	0.0533088237	-0.0105189743	0.546774338	-1.08134896	0.788952012	0.327736509	0.108000437	0.0578106414	18.660907
0.46	0.0423232076	0.0396545718	0.0552575	-0.011352045	0.545024186	-0.926677473	0.767243055	0.325382474	0.121673424	0.0466878349	17.35062
0.47	0.0359199501	0.0360961864	0.0569943626	-0.0122563089	0.543001082	-0.730981427	0.803731569	0.322960578	0.129603093	0.0436001907	17.886061
0.48	0.0311328089	0.0329627546	0.0584112812	-0.0131060636	0.541372396	-0.676587043	0.830874984	0.320801769	0.125699742	0.0215065456	18.585211
0.49	0.0283372907	0.0297545575	0.0596290385	-0.0138611011	0.539972588	-0.738804082	0.808032083	0.318935693	0.1085547	0.043182055	16.689672
0.5	0.0263357168	0.0270848246	0.0605365826	-0.0146503162	0.53928713	-0.653483602	0.866892914	0.317252476	0.0792073074	0.0471922968	17.681549
0.51	0.0257493737	0.0247988749	0.0611067855	-0.015425791	0.539228297	-0.594984978	1.01992149	0.316093882	0.0963211156	0.0237448551	18.224503
0.52	0.0250118834	0.0241162418	0.0614762822	-0.0161311538	0.539518115	-0.625321744	1.22976954	0.315850221	0.0756381576	0.0343635284	16.368823
0.53	0.0236731478	0.0237668899	0.0616788005	-0.0167903093	0.540334736	-0.644707934	1.40174316	0.316034589	0.050771554	0.0335752535	18.745767
0.54	0.0209435213	0.0245441474	0.0617268552	-0.017421792	0.541613123	-0.648056746	1.53856121	0.316741859	0.0590848631	0.0256532872	18.938671
0.55	0.0171611843	0.0262249711	0.0616353708	-0.0180325469	0.54328396	-0.616040115	1.64797432	0.317837261	0.0310555281	0.0276181083	17.10892
0.56	0.0131046701	0.0284890838	0.061507299	-0.0187279454	0.544546169	-0.445228837	1.79166747	0.319148537	0.083145687	0.0194035779	19.712643
0.57	0.011176945	0.0305996892	0.0612343407	-0.0193578151	0.546039344	-0.345708964	1.84426335	0.319768785	0.040776616	0.0174654395	17.18194
0.58	0.0118069701	0.0320163262	0.060869543	-0.0199139614	0.547614355	-0.267792557	1.81813613	0.319723867	0.0474325743	0.0133165441	17.064669
0.59	0.0143214655	0.0333355024	0.060477962	-0.0204030035	0.549194257	-0.200481461	1.71687233	0.31926857	0.0489234229	0.0264482145	19.871862
0.6	0.0185612024	0.0347896128	0.0601467513	-0.020819493	0.550589726	-0.164482552	1.53496983	0.318662531	0.105421971	0.03622829	17.464532
0.61	0.0235515494	0.0361121359	0.0599011167	-0.0211784846	0.551712802	-0.156110299	1.27844329	0.317777125	0.0828680712	0.0118788094	18.6998
0.62	0.0293217529	0.0375610238	0.0597397963	-0.0214997052	0.552577646	-0.151700051	0.996738814	0.317043847	0.0776050085	0.0249899108	18.334473
0.63	0.03512277	0.0391337261	0.0596350025	-0.0217772446	0.553120875	-0.153476971	0.693721636	0.316344618	0.0467116618	0.0176448941	19.349827
0.64	0.0398356073	0.0403573486	0.0594931575	-0.0220253881	0.553446941	-0.145919881	0.396406442	0.315250711	0.110861591	0.0294019328	16.336237
0.65	0.0433960289	0.0407783557	0.059350152	-0.0222768741	0.553502177	-0.0862540985	0.127607849	0.314024182	0.12383937	0.0166912218	17.173081
0.66	0.0457561341	0.0406936631	0.0592127612	-0.0225360609	0.553221887	0.00406448795	-0.119196553	0.312624383	0.0792471166	0.0188044653	19.593199
0.67	0.0465204625	0.0396304929	0.0590924172	-0.0228103707	0.55261312	0.116701685	-0.351273666	0.310973023	0.0805143771	0.0276739228	18.614079
0.68	0.0472331979	0.0386911183	0.0590104656	-0.0231197231	0.5516462	0.265341098	-0.545370181	0.309598796	0.0951315643	0.0157448657	18.530334
0.69	0.0480542796	0.0379770463	0.0589708647	-0.0234660517	0.550267876	0.442107727	-0.705062839	0.308519059	0.140171456	0.00820910527	17.78168
0.7	0.0480011476	0.0366592651	0.0589618066	-0.0238380916	0.54854961	0.633910778	-0.850078525	0.307390584	0.0879517115	0.0300830531	18.324286
0.71	0.0476891385	0.0354769492	0.0589490291	-0.0242479346	0.546563368	0.854848	-0.954844454	0.30631286	0.0988139027	0.0158371491	19.638173
0.72	0.0464739689	0.0343054667	0.0589217802	-0.0246878079	0.544225298	1.09488012	-1.01317403	0.305251969	0.110222227	0.0504568735	17.802634
0.73	0.0446616734	0.0334149319	0.0589063279	-0.0251523084	0.541406816	1.33950527	-1.00088355	0.305075368	0.104814545	0.0151382374	18.730784
0.74	0.0415754661	0.0320807599	0.0587431981	-0.0254855331	0.53892565	1.36825846	-0.74834085	0.305416672	0.0676541124	0.0121856024	17.667399
0.75	0.0374623079	0.0300830494	0.0584953073	-0.0256291754	0.536463482	1.16802723	-0.362001085	0.305819153	0.0416885773	0.0199776055	17.917902
0.76	0.033445615	0.0281354472	0.0581192081	-0.0257474705	0.534761501	1.02622802	0.0864840588	0.306032941	0.0379530992	0.0270856856	18.003216
0.77	0.0294465976	0.025713133	0.0576368038	-0.0258083264	0.533804489	0.857720477	0.600018746	0.306136056	0.0876780502	0.0334016798	20.882666
0.78	0.0270853746	0.0236875762	0.0571850246	-0.0257884217	0.533314767	0.657305072	1.10549312	0.30640327	0.0589960131	0.0138246933	19.816575
0.79	0.0266701319	0.0225986348	0.0568109702	-0.0257342286	0.53289647	0.524675648	1.61807106	0.307210418	0.0832648076	0.0370691831	19.21234
0.8	0.027433758	0.0221445068	0.056523276	-0.02556448	0.533078484	0.332524997	2.03222404	0.308109075	0.0601680905	0.0166819122	18.405081
0.81	0.0284722961	0.0219248533	0.0563055963	-0.0252528276	0.533619913	0.0712232604	2.36335077	0.309051774	0.107990672	0.0157513116	18.330952
0.82	0.0289882266	0.0217170744	0.0561509021	-0.0248092718	0.534486561	-0.227898788	2.61976102	0.310185981	0.079118444	0.0360420968	18.837513
0.83	0.029097286	0.0214920185	0.056037982	-0.0242143544	0.535586367	-0.547484129	2.79846867	0.3113309	0.0665409109	0.0255472232	18.841945
0.84	0.0282524798	0.0206905774	0.0559651551	-0.0234880234	0.536818913	-0.853801574	2.89114274	0.312314905	0.0402530063	0.0393935893	18.682485
0.85	0.027595842	0.0198344507	0.0559336944	-0.0225847583	0.537699775	-1.2243313	2.99607804	0.31347381	0.122846202	0.0274265196	18.614963
0.86	0.0271403953	0.0186996236	0.0559206391	-0.0216035157	0.538503737	-1.48098342	3.05185358	0.314285082	0.0955057293	0.030016411	17.396651
0.87	0.0271190672	0.0172896285	0.055944716	-0.0205888774	0.539103086	-1.6325989	3.065674	0.314825178	0.0997800027	0.0316906274	15.728572
0.88	0.0274388932	0.0156838189	0.0560478866	-0.0195722175	0.539479434	-1.66477219	3.00869997	0.31481653	0.102308199	0.0276992031	17.338414
0.89	0.0282618592	0.0141616218	0.0562712607	-0.0185640131	0.539658168	-1.59071454	2.86505867	0.314388372	0.066540613	0.0245203068	18.871787
0.9	0.0285413749	0.0129619093	0.0566040981	-0.017579248	0.539703343	-1.43042273	2.65163886	0.313663238	0.0720490232	0.0392389885	17.297153
0.91	0.0279219196	0.0119356876	0.0570170023	-0.0166445007	0.53966404	-1.17244124	2.38359301	0.31285429	0.103376832	0.0311709181	17.265915
0.92	0.026777161	0.0107034767	0.0574806155	-0.0157557308	0.539612899	-0.848144531	2.08809569	0.311906916	0.0521023183	0.0372739889	18.061562
0.93	0.0247545357	0.00988570771	0.057938069	-0.0149086851	0.539597849	-0.476138424	1.78286199	0.310883325	0.102416752	0.0118296389	17.911604
0.94	0.022080643	0.00944513202	0.0582891285	-0.0140876705	0.53966697	-0.125054402	1.52666011	0.30982943	0.101030653	0.0163593414	18.805694
0.95	0.0188563501	0.00926527237	0.0585488448	-0.013289947	0.539812304	0.191648972	1.31163806	0.308675444	0.107425587	0.0198796397	17.054674
0.96	0.0156042497	0.00931228331	0.0587032697	-0.0125236905	0.540040763	0.494341691	1.1248243	0.307456475	0.0852980551	0.0120338139	18.978885
0.97	0.0140228067	0.00918718585	0.0587901593	-0.0117913615	0.540235546	0.784188652	0.948632855	0.306106076	0.124506094	0.0184784662	18.777656
0.98	0.0145722438	0.00962849017	0.0588444934	-0.0111513645	0.539921372	1.16301872	0.733875961	0.305457935	0.0890183224	0.0220070007	19.411667
0.99	0.0178346655	0.00988736462	0.0588517345	-0.0105375093	0.53952376	1.4710154	0.575620694	0.3053225	0.0737139448	0.0126132588	19.344805
1	0.0220987985	0.0100015728	0.0588003484	-0.00994263853	0.538912679	1.73094698	0.455424198	0.305402952	0.0603734178	0.0102698985	18.567086
1.01	0.025722804	0.0103223231	0.0585730435	-0.00947091487	0.538844341	1.94777783	0.432033126	0.305546494	0.0800049429	0.0308362668	19.263039
1.02	0.0293625277	0.0104784266	0.0582337718	-0.00910759811	0.539116261	2.14210612	0.444938389	0.305650417	0.0659699256	0.0241580762	18.897837
1.03	0.0326515401	0.010593518	0.0578226925	-0.00884229988	0.539611256	2.30166111	0.498224501	0.30570698	0.0559807281	0.019294499	20.406618
1.04	0.0357623409	0.0104472273	0.057412489	-0.00866846705	0.540059776	2.41360863	0.56360387	0.305717623	0.0621114681	0.00778414921	18.810703
1.05	0.0382284159	0.0102926694	0.0569917947	-0.00859023604	0.540597585	2.48653315	0.645640999	0.305831958	0.0791330008	0.012403443	17.291741
1.06	0.0396396447	0.0104827233	0.056596593	-0.00861157297	0.541227666	2.52166964	0.725069586	0.306131067	0.0511376967	0.026157531	17.104219
1.07	0.0405346735	0.0105023667	0.0562673921	-0.00871591927	0.5419384	2.51459539	0.804835736	0.30663207	0.0727855932	0.0212419798	17.975287
1.08	0.0407665025	0.0103979548	0.0560095588	-0.00889314373	0.542679889	2.45266852	0.879407651	0.307211966	0.0535487496	0.017135423	17.931569
1.09	0.0406450068	0.010257006	0.0558056137	-0.00917142585	0.543436328	2.40410615	0.917794317	0.307690859	0.0612727767	0.018264088	19.152964
1.1	0.0402897027	0.0100165041	0.0557059681	-0.00951619218	0.543949097	2.28511267	0.952880063	0.308302879	0.111730816	0.025362794	17.334892
1.11	0.0393747302	0.0100775838	0.0557093468	-0.00992270011	0.544351323	2.13624647	0.976244937	0.308955616	0.118164923	0.0264336244	19.730861
1.12	0.0385148834	0.0100486942	0.0558490236	-0.0103996807	0.54460959	1.96816245	0.988265631	0.30952938	0.111721924	0.0239081426	17.377824
1.13	0.0369105001	0.0101101196	0.0561264545	-0.0109398114	0.54476511	1.80558107	0.98429149	0.309829408	0.0949527796	0.0322186309	17.093685
1.14	0.0345482031	0.0103998729	0.0565039952	-0.011542474	0.544849508	1.65756803	0.976787133	0.309915829	0.0636739534	0.0183020414	18.428802
1.15	0.0328880744	0.0102090047	0.0569595609	-0.0121896901	0.54489411	1.51744332	0.957161533	0.309355127	0.0996264816	0.0391096014	17.600769
1.16	0.0318108998	0.00974360202	0.0574601586	-0.0128917775	0.544891462	1.4070202	0.937810239	0.308244058	0.0843208912	0.024508034	17.725972
1.17	0.030859028	0.00923652935	0.0579977015	-0.0136341627	0.544867024	1.33369133	0.9387674	0.306945336	0.0709516827	0.0207022243	15.818276
1.18	0.0298189742	0.00876243803	0.0585778209	-0.014406475	0.544865385	1.30496488	0.964410977	0.305860631	0.06235408	0.0173954621	20.301414
1.19	0.0273913095	0.00903616023	0.0591845364	-0.0151149816	0.544402135	1.18209535	0.909720173	0.305303338	0.0864471205	0.0257062283	17.711812
1.2	0.0254345277	0.00932517393	0.0597751083	-0.0158605232	0.544038046	1.15838037	0.921558737	0.305231885	0.101342401	0.0218702684	19.333903
1.21	0.0250894066	0.00933411017	0.0603380658	-0.0166193799	0.543729292	1.19275844	0.982888665	0.305422552	0.111217237	0.03551096	17.131273
1.22	0.0254212133	0.00948440331	0.0608540687	-0.0173740187	0.543363859	1.24584939	1.07063016	0.305884378	0.12859384	0.0461469312	18.643366
1.23	0.0264716956	0.00959775315	0.0613317348	-0.0181222499	0.542914258	1.2825296	1.15219478	0.306381661	0.13067441	0.0132595115	19.253409
1.24	0.0277106565	0.0094949094	0.0618289581	-0.018852197	0.542312464	1.26278106	1.1698195	0.306813881	0.101243524	0.0432916339	19.652944
1.25	0.0288752794	0.00926998228	0.0623065298	-0.0195568059	0.541578836	1.19941678	1.12528785	0.306953249	0.0591070153	0.0184803726	18.234333
1.26	0.0290484829	0.0093471404	0.0626805592	-0.0200864473	0.54126734	0.963984054	1.20479193	0.307401513	0.0707456746	0.0283767579	18.887693
1.27	0.0290444952	0.00933765128	0.0630144442	-0.0205121183	0.54060581	0.713426143	1.4474231	0.308270049	0.0565961647	0.0135254583	20.753657
1.28	0.0288291206	0.0092345443	0.063242388	-0.0208280356	0.540491984	0.487809956	1.63668466	0.308379422	0.0730957357	0.0173324346	17.822573
1.29	0.027329785	0.00936568945	0.0633908802	-0.021047906	0.54067859	0.28594693	1.79435978	0.308535343	0.0928437987	0.0260122483	19.598475
1.3	0.0242322386	0.00984333937	0.0634733718	-0.021149917	0.54107233	0.0985075454	1.90729875	0.308903881	0.0448371102	0.0293129314	17.470716
1.31	0.0196648451	0.0106663153	0.0634840876	-0.0211194781	0.541628716	-0.100002995	1.98002356	0.309492656	0.0516868591	0.0230536753	19.786672
1.32	0.0148772843	0.0112524102	0.0634149092	-0.0209790431	0.542438065	-0.298119242	1.98782827	0.309990264	0.0615197079	0.0443653237	19.103378
1.33	0.0103050735	0.0118845055	0.0632485675	-0.0207082564	0.543592325	-0.5089725	1.97638938	0.310510124	0.114687687	0.0269029841	18.264624
1.34	0.00803931504	0.012384033	0.0628884377	-0.0203129079	0.545138953	-0.672561071	1.96093248	0.310773628	0.0624962122	0.0217614883	19.24664
1.35	0.00923155768	0.0127496989	0.0623916632	-0.0198140926	0.546904234	-0.832937646	1.92841919	0.31070724	0.136432277	0.0143587438	17.17879
1.36	0.0123887426	0.0129773859	0.0618122627	-0.0192390482	0.548616649	-0.946932674	1.88729949	0.310481573	0.104685804	0.0151984137	18.629782
1.37	0.0155698336	0.0130904567	0.0611602672	-0.0186230745	0.550105887	-0.998391026	1.85823789	0.310026318	0.114900931	0.0201691948	19.492634
1.38	0.0179056761	0.0128326495	0.060485983	-0.0179795913	0.551337167	-1.02939808	1.84921443	0.309269603	0.102809807	0.0326818506	17.141494
1.39	0.0194909006	0.0121424502	0.0598329614	-0.0173058949	0.552163191	-1.03472126	1.84513165	0.30821226	0.154574567	0.0357120526	17.431258
1.4	0.0203968109	0.0115227155	0.0592817289	-0.0166176416	0.552588503	-1.02106713	1.82259545	0.307163069	0.108463319	0.00871892104	19.399449
1.41	0.0206710549	0.0121622801	0.0588577701	-0.0159298801	0.552559434	-1.00097842	1.77258791	0.306531423	0.0979298701	0.0566320927	19.48672
1.42	0.021273199	0.0132816559	0.0586078927	-0.0152550783	0.55215043	-0.956050922	1.69287342	0.306425386	0.0725091672	0.0203860027	19.356631
1.43	0.0217251137	0.0144234098	0.0584498058	-0.0145785499	0.551522915	-0.914070886	1.61725082	0.306718953	0.0987194528	0.0295524945	17.295003
1.44	0.0212506635	0.0150997486	0.0583584099	-0.0138998122	0.550744862	-0.857885338	1.53334573	0.306862887	0.0892496798	0.0203821856	21.106925
1.45	0.0197386718	0.0151396397	0.058313337	-0.013236334	0.549881566	-0.78360056	1.43257335	0.306746886	0.0690446556	0.0131148173	16.008382
1.46	0.0176486955	0.0147955893	0.0582949594	-0.012593122	0.548892089	-0.725168261	1.32663603	0.306443798	0.107202849	0.0185523154	17.734938
1.47	0.0156551501	0.0144493502	0.0582598179	-0.0119718898	0.547786061	-0.694759952	1.24847269	0.30626799	0.131350131	0.0197866667	19.568194
1.48	0.013868281	0.0140469823	0.0582096226	-0.0113810646	0.546561355	-0.681529099	1.18598421	0.306161943	0.0913769403	0.00431055183	17.974142
1.49	0.0129805738	0.0135305057	0.0581863545	-0.0108370806	0.5451885	-0.667111212	1.11186635	0.306207379	0.0856696683	0.0211615942	17.921191
1.5	0.0123175606	0.0128904237	0.0581616462	-0.0103374472	0.543611333	-0.670142786	1.04697341	0.30633817	0.0639685994	0.0202488719	18.038413
1.51	0.0121377118	0.0122118333	0.0581749984	-0.00988325844	0.541759852	-0.689573123	0.992108533	0.306777679	0.0791196752	0.0186676221	18.564343
1.52	0.0116061934	0.0112859347	0.0581114629	-0.00957035302	0.540199593	-0.539782228	1.07383442	0.307543348	0.0459861604	0.0211824339	19.257446
1.53	0.0107215873	0.0110375552	0.0580063002	-0.00939273706	0.538896582	-0.300043577	1.25329344	0.308685846	0.0483087195	0.0370932426	19.604906
1.54	0.0107959147	0.0104271347	0.0578417993	-0.00934030956	0.537774247	-0.0308580076	1.3650468	0.309240379	0.0509040967	0.0237617577	18.607446
1.55	0.0129171682	0.00925162264	0.0576820045	-0.0093579356	0.53713902	0.190857025	1.44368742	0.309245426	0.0760447369	0.0358478769	17.428963
1.56	0.015780737	0.00811779255	0.0575631387	-0.00933604994	0.536430781	0.308241401	1.57801301	0.309403855	0.0432498456	0.0109092956	17.843122
1.57	0.0184384563	0.00731781465	0.0574634066	-0.00942277772	0.536126563	0.478497763	1.62341916	0.309173735	0.0834625319	0.0109851246	18.19775
1.58	0.0210665522	0.00664871655	0.0574279373	-0.00961264306	0.536153545	0.669110216	1.58267891	0.308896153	0.0454705105	0.0285193219	18.128126
1.59	0.0234150199	0.00616532691	0.057400681	-0.00989211092	0.536579257	0.844679997	1.47400957	0.308476414	0.0646049274	0.0121871903	16.733417
1.6	0.0257555534	0.005735665	0.0573553089	-0.0102903119	0.537163143	1.03893797	1.32810738	0.307937574	0.117165363	0.018048507	17.763693
1.61	0.0279161125	0.00550763469	0.0572946521	-0.0108235373	0.537783392	1.24571474	1.1684831	0.307639604	0.05839009	0.0256474047	19.143291
1.62	0.0299991823	0.00543951844	0.0572617471	-0.0114795219	0.538335996	1.45465825	1.00434646	0.307565163	0.106554751	0.0105362188	17.616723
1.63	0.0317370342	0.00545345095	0.0572380888	-0.0122181623	0.538731285	1.6251132	0.860258068	0.307547612	0.103983444	0.0248763742	19.51769
1.64	0.0337146327	0.0052821014	0.0572244436	-0.0129924294	0.538837674	1.71780722	0.748650142	0.307562396	0.109444947	0.0174244883	18.433887
1.65	0.0349938476	0.00520680643	0.0572471569	-0.0137966276	0.538649823	1.75038511	0.655683368	0.307520724	0.0671310204	0.0177968351	17.705045
1.66	0.0351652191	0.00529032152	0.0572793998	-0.0146207754	0.53817427	1.728821	0.586429155	0.307326869	0.120134864	0.0275935621	16.185129
1.67	0.0352057062	0.00522727177	0.0573623764	-0.015459439	0.537381825	1.65882135	0.537956124	0.307005072	0.0832828667	0.00794173224	18.832883
1.68	0.035635687	0.00493970055	0.0575084203	-0.0162983838	0.536336888	1.53126437	0.494665115	0.306722672	0.103251655	0.0166656057	19.553434
1.69	0.0354495781	0.00474375525	0.0576850744	-0.0171360435	0.535004074	1.35341433	0.46427364	0.306393883	0.14273522	0.0385104896	18.333705
1.7	0.03553032	0.00436113019	0.0579147334	-0.0179675072	0.533425467	1.13784901	0.449287201	0.305921848	0.0865287592	0.0192623491	19.615916
1.71	0.0348795216	0.00417791134	0.0581385056	-0.0187879999	0.531661158	0.903126431	0.480173588	0.30573223	0.0911633364	0.0268538818	22.463622
1.72	0.0343153626	0.00404993908	0.0583261531	-0.019582738	0.529754943	0.657074087	0.564804393	0.305771969	0.0947390503	0.0268921106	17.643427
1.73	0.0337310481	0.00402927707	0.0584686118	-0.0203404286	0.527627629	0.409241715	0.721004083	0.306649441	0.120615601	0.0460530247	20.523745
1.74	0.0318628743	0.00440477627	0.0584424378	-0.0210608321	0.526476653	0.181630106	1.04525778	0.308539834	0.101957412	0.0455249254	21.769109
1.75	0.0297022117	0.00493593752	0.0583355618	-0.0217125455	0.525785517	-0.110403578	1.3860025	0.310278401	0.0359667481	0.024172206	18.724394
1.76	0.0281682879	0.00546267428	0.0581350867	-0.0223201819	0.525678769	-0.355386804	1.7577162	0.31170427	0.0388238213	0.0199905942	18.655709
1.77	0.0275252061	0.00596467965	0.0578899445	-0.0229601544	0.525792042	-0.51036511	2.17241684	0.312812921	0.058947079	0.00654740033	18.256603
1.78	0.0271740336	0.00675454732	0.0575814193	-0.0235790341	0.526507207	-0.723062837	2.50467575	0.312878317	0.0528790825	0.0379734336	18.084495
1.79	0.0277171731	0.00763380278	0.0572485222	-0.0241566664	0.527674815	-0.95720163	2.7465294	0.31221509	0.0576462668	0.00910176603	19.606476
1.8	0.0288707012	0.00907457753	0.0569024017	-0.0247103218	0.529197322	-1.16588162	2.88136021	0.311241082	0.0471025859	0.0324394627	20.07576
1.81	0.0313376682	0.0105220297	0.0565155773	-0.025231331	0.53104012	-1.36586372	2.92527272	0.30980151	0.0494131158	0.0228619361	18.547422
1.82	0.0349788889	0.0117013255	0.0561639689	-0.0255915938	0.532745092	-1.72689601	2.94566866	0.308144617	0.118297913	0.0193188231	18.36715
1.83	0.038872622	0.0125506058	0.0557737339	-0.025872803	0.534853415	-2.04361176	2.86747738	0.30604043	0.0429313014	0.0217560363	18.906276
1.84	0.0430828687	0.0135016929	0.0553341676	-0.0260822764	0.537232678	-2.34271608	2.71641521	0.303789015	0.0324077161	0.0104697268	17.781166
1.85	0.0470358263	0.0143417668	0.054822492	-0.0262489673	0.539711309	-2.6067297	2.54502264	0.301329015	0.137994717	0.0320954802	16.621113
1.86	0.0503526433	0.0155415545	0.0542903359	-0.0264294617	0.541928946	-2.74054603	2.45113137	0.30067859	0.090482012	0.0178962962	17.072605
1.87	0.0522351243	0.0165608876	0.0536642114	-0.0266373779	0.543917578	-2.81754689	2.43016456	0.300932025	0.107346786	0.0175324291	19.066957
1.88	0.0523169745	0.0173476765	0.0529402649	-0.0268813037	0.54564118	-2.80623819	2.45307516	0.301545874	0.0753256784	0.0203039507	18.029769
1.89	0.0505939883	0.0176331111	0.0521815512	-0.0271479556	0.547017501	-2.70977713	2.49668944	0.302216323	0.0784378877	0.0146821294	16.487839
1.9	0.0475650444	0.0173508699	0.0513965141	-0.0274511932	0.548184558	-2.53853186	2.56161306	0.302823012	0.100699807	0.0156828202	20.435273
1.91	0.0434645473	0.0163090104	0.0506000136	-0.0277874527	0.549195568	-2.31188226	2.65821274	0.303324921	0.0945576677	0.0125621252	16.66946
1.92	0.0394558956	0.0149359647	0.0498192033	-0.0281448764	0.549996874	-2.02494776	2.7630066	0.303662235	0.0428785549	0.0081441847	18.561084
1.93	0.0358910222	0.0134607008	0.0490669158	-0.0285274106	0.55056415	-1.68491315	2.86200298	0.303877386	0.0970359283	0.0166615004	19.651306
1.94	0.0330377714	0.011967419	0.048374395	-0.0289387128	0.550880417	-1.31337278	2.9437332	0.304018784	0.0872106371	0.0223916257	18.999665
1.95	0.0309867466	0.0110858952	0.0477551058	-0.0293900821	0.550897286	-0.910787335	3.00053799	0.304351551	0.101143216	0.0215162634	16.11807
1.96	0.0296045429	0.0105652512	0.0472374725	-0.0298708971	0.550544329	-0.483335399	3.03280954	0.304942584	0.0893129876	0.0223310388	17.964624
1.97	0.0282731432	0.00984934203	0.0467954234	-0.0303689402	0.549688653	-0.0614997854	3.06902084	0.30558438	0.140895391	0.0326854082	18.865982
1.98	0.0266171159	0.0091378231	0.0464017672	-0.0309087034	0.5484375	0.362495552	3.09614947	0.305953558	0.122840528	0.0332265498	21.212618
1.99	0.0249324425	0.00838223342	0.046090053	-0.0314716084	0.546757485	0.754761398	3.13151557	0.306144268	0.0854344505	0.0179817705	17.889656
2	0.0235990115	0.00774655225	0.0458370045	-0.0319992805	0.545090241	0.930848743	3.08937413	0.305869905	0.0766719818	0.0130224088	18.187253
2.01	0.0225673843	0.00715226054	0.0456302694	-0.0324718795	0.543403048	0.996803698	2.97892232	0.305225513	0.0552629641	0.0201477106	19.301444
2.02	0.0215862876	0.00674481476	0.0454936522	-0.0328781929	0.541645323	0.98908329	2.79466665	0.30441776	0.0333388889	0.0159330092	18.260492
2.03	0.0204026101	0.00665900555	0.0454439116	-0.033218556	0.539935054	0.911044546	2.55548296	0.304144583	0.0532493202	0.0128286554	19.402869
2.04	0.0186532506	0.00695867186	0.0453936368	-0.0336068322	0.538789776	0.908920496	2.37236733	0.304309468	0.0761231263	0.0271627266	20.894196
2.05	0.0172465899	0.00726820079	0.0453276704	-0.0339391437	0.537822064	0.82080301	2.27251367	0.304703006	0.0554807681	0.00842749654	19.587367
2.06	0.0164446569	0.0076324423	0.045243892	-0.0343374141	0.536967024	0.846082797	2.08379114	0.304977906	0.0617610875	0.0186733639	17.337627
2.07	0.0157166146	0.00831964465	0.0450793132	-0.0347262376	0.536687999	0.828090198	1.9556429	0.305376963	0.0294654564	0.0275654358	18.032969
2.08	0.0152929251	0.00916119774	0.0448222715	-0.0351346992	0.537018234	0.831402547	1.9114725	0.30583316	0.0838514819	0.0194389965	17.778668
2.09	0.0156319841	0.00984898778	0.0445303301	-0.0355380764	0.537866528	0.810617449	1.91574238	0.306175973	0.0526062039	0.003373741	18.728581
2.1	0.0160517825	0.0105485217	0.0441824041	-0.0359193433	0.538982616	0.765833454	1.96334454	0.30640341	0.099333476	0.0213524474	18.574679
2.11	0.0163252131	0.011276229	0.0437787634	-0.0363412089	0.539767459	0.791600869	2.09083302	0.306831046	0.0954425191	0.0172876027	19.570696
2.12	0.0156423349	0.0121856528	0.043401578	-0.0367152335	0.540450844	0.777629392	2.16996681	0.30695182	0.0770865251	0.033205135	16.561539
2.13	0.0142692651	0.0133142572	0.0430838523	-0.0370285058	0.54068984	0.722984822	2.20952896	0.307147558	0.119290368	0.0299692262	16.461476
2.14	0.0125080563	0.0146667578	0.0427596192	-0.0372943223	0.540534014	0.644544325	2.23931263	0.307414605	0.119508144	0.0295990408	17.183796
2.15	0.0104751146	0.0154852626	0.0424784517	-0.0375087733	0.539921559	0.545734122	2.2172398	0.307079394	0.139447846	0.0521805256	17.510221
2.16	0.00852846425	0.0159188976	0.0423012055	-0.0376978388	0.538952634	0.458433129	2.15624507	0.306538975	0.116880017	0.0306830875	18.71089
2.17	0.00636977479	0.0162857112	0.0421970246	-0.0378580604	0.537703357	0.369167215	2.06892341	0.305846968	0.0839410154	0.0399972848	19.34062
2.18	0.00437347405	0.0169377274	0.0422198527	-0.0379905662	0.536293158	0.274541355	1.95513849	0.305518828	0.102852217	0.0291519802	18.376247
2.19	0.00403544034	0.0172727982	0.0423935413	-0.038101125	0.534855461	0.191245345	1.79595661	0.305329132	0.129391954	0.0116692385	17.52556
2.2	0.00483858411	0.0177956818	0.0426601081	-0.0382057594	0.533482325	0.139737623	1.61506476	0.305246493	0.126355482	0.033369044	19.807139
2.21	0.00676411771	0.0180494866	0.0430386393	-0.0383084448	0.532167942	0.126531338	1.40903306	0.305145458	0.106692833	0.0110957378	18.020308
2.22	0.00895797528	0.0184563544	0.0434678525	-0.0384174116	0.530959744	0.163522903	1.20140754	0.30508701	0.136674705	0.0180012658	18.023975
2.23	0.0114016976	0.019189358	0.043809084	-0.0383987607	0.530561833	0.0627540525	1.19718258	0.305442665	0.0905587016	0.0195619943	18.743463
2.24	0.0143074088	0.0204877705	0.0441597512	-0.0381560128	0.530349946	-0.237260707	1.24781709	0.305792447	0.0843262583	0.0349299361	21.028063
2.25	0.0174577272	0.0215804567	0.0444807303	-0.0378596908	0.530110058	-0.432329841	1.53991634	0.30690903	0.0712785693	0.0159134662	16.566943
2.26	0.020652579	0.0228059984	0.0448256871	-0.0374851112	0.530755663	-0.55304629	1.78103132	0.307755396	0.0441907329	0.0335929021	21.301935
2.27	0.0241502711	0.0240584257	0.0451842166	-0.0370154745	0.532117458	-0.680300346	1.98384367	0.308349161	0.0612365587	0.0176598511	16.498711
2.28	0.0276741704	0.0252405018	0.0455557558	-0.0364350907	0.533991086	-0.842537887	2.14147944	0.308599792	0.0584478143	0.0103720001	20.111774
2.29	0.0309433087	0.0262535811	0.04594479	-0.0357342464	0.536113347	-1.01778456	2.26947775	0.30848792	0.0582907867	0.00488781319	18.388295
2.3	0.0335752887	0.0273569672	0.0463062753	-0.0349340357	0.538377117	-1.18708624	2.34585885	0.307648833	0.111659795	0.0453457217	18.601222
2.31	0.0357920758	0.0284879907	0.04665022	-0.0340278401	0.540726518	-1.35662225	2.39396924	0.306552486	0.0870352716	0.010559863	17.273011
2.32	0.0377653087	0.0299700431	0.0470583624	-0.0330337644	0.542961271	-1.48145369	2.41140705	0.305794041	0.0647053508	0.025667091	17.299419
2.33	0.039874613	0.0314630915	0.0474846352	-0.031953523	0.545058837	-1.57214566	2.41358772	0.305159448	0.0843113666	0.0199129834	18.867553
2.34	0.0420758168	0.0320696572	0.0479173151	-0.0307944956	0.546947758	-1.61679691	2.39624593	0.304668943	0.0957401043	0.0594359817	17.759787
2.35	0.0439715332	0.0318594596	0.0483490819	-0.0295921589	0.548532556	-1.63551566	2.38588859	0.304294414	0.119533305	0.0326871522	18.27841
2.36	0.0454007328	0.030684921	0.048837118	-0.0283610779	0.549736724	-1.62989046	2.35035376	0.303658683	0.102868706	0.0450448223	17.977519
2.37	0.0469019749	0.029503543	0.0493892774	-0.0271241882	0.550607895	-1.60020931	2.28337047	0.302749771	0.0716955129	0.018090869	18.799616
2.38	0.0488992218	0.0289631707	0.0500507877	-0.0258943678	0.551095299	-1.56272571	2.21453846	0.302377851	0.127746775	0.0257532972	18.257772
2.39	0.0509471898	0.0286855215	0.0508211845	-0.0246818535	0.551232712	-1.52214438	2.13558229	0.302277869	0.1100367	0.0156335989	18.967931
2.4	0.0519012487	0.0277668402	0.0516392888	-0.0235237961	0.551092559	-1.48611795	2.0551582	0.302336566	0.103919816	0.0551103838	16.633924
2.41	0.0516486874	0.0265610368	0.052483372	-0.0224264588	0.550617312	-1.45700315	1.97858071	0.302509098	0.0843514416	0.0370825821	18.44448
2.42	0.0509910886	0.0252951617	0.0533456152	-0.0214033586	0.54984954	-1.4187465	1.88830303	0.302669515	0.0384563177	0.0299622642	17.419893
2.43	0.0493443903	0.0232366937	0.0541635483	-0.0204920501	0.548885843	-1.34835983	1.78999835	0.302786847	0.108473475	0.0423330043	18.807548
2.44	0.0476339875	0.0211678347	0.0548833406	-0.0197004301	0.547809573	-1.26661498	1.69438901	0.302888935	0.0817597401	0.0183493875	18.131779
2.45	0.045709258	0.0192229826	0.0555155621	-0.0190246369	0.546639801	-1.18049272	1.60559304	0.303011114	0.0794920456	0.0245951293	19.273803
2.46	0.0434604541	0.0169264115	0.0560806766	-0.0184699547	0.545296842	-1.09066337	1.51016312	0.303176744	0.111412166	0.0386647249	16.4537
2.47	0.0413814176	0.0148797912	0.0566053483	-0.0180180503	0.543678499	-1.01824786	1.39655576	0.303379872	0.103013656	0.0317775528	18.875593
2.48	0.0394104825	0.0132590417	0.0570959406	-0.0176542571	0.541830148	-0.953789093	1.26493962	0.303641939	0.126042142	0.0246183347	19.170408
2.49	0.03703881	0.0122539892	0.0575397266	-0.017385437	0.539731596	-0.913517701	1.13384392	0.304245219	0.109629933	0.0302884102	16.613766
2.5	0.0341457095	0.0113667052	0.0579441926	-0.0172176951	0.537374531	-0.888528422	1.00103583	0.305011216	0.0553110504	0.0284235817	18.869916
2.51	0.0311455786	0.0106871484	0.0581863512	-0.0170453998	0.535316719	-1.01011998	0.797300735	0.305555641	0.0723996952	0.0285146103	18.869337
2.52	0.0273087431	0.010648179	0.0581454337	-0.0169504532	0.534284972	-1.06801216	0.728283892	0.306629962	0.0757974057	0.02579335	19.694854
2.53	0.022842668	0.0111219407	0.0579200941	-0.0168774995	0.533395295	-1.10027506	0.750965871	0.307824912	0.0624465423	0.00986759682	18.930977
2.54	0.0178004328	0.0121016618	0.0575096774	-0.016894924	0.533299747	-1.1423652	0.787197895	0.308579596	0.0612131366	0.0300423253	19.271189
2.55	0.0127755023	0.0126414136	0.0569350495	-0.0170256089	0.533880312	-1.14440178	0.86624129	0.308712986	0.0963679812	0.042686773	17.720237
2.56	0.00903553274	0.0129683805	0.0562396762	-0.0172429802	0.535064199	-1.11441221	0.980994921	0.308628356	0.0397325505	0.0222882473	18.739361
2.57	0.00917390132	0.0131718973	0.0554769108	-0.017550932	0.536754579	-1.04369426	1.1119446	0.308573071	0.0331536565	0.0157999863	20.091582
2.58	0.0132847764	0.0135581121	0.054661103	-0.0179640884	0.538907754	-0.929545242	1.26467702	0.30870237	0.043850191	0.0369084059	19.09889
2.59	0.0188695193	0.0138957949	0.0538014975	-0.018492073	0.541355602	-0.780294701	1.390641	0.308598139	0.0598696782	0.0287384977	18.535589
2.6	0.0247920584	0.0144270294	0.0529517675	-0.0191301524	0.543879055	-0.565382854	1.464185	0.308343424	0.132027579	0.0233340209	17.472637
2.61	0.0306372988	0.0151482606	0.0521380939	-0.0199047363	0.546008237	-0.240865906	1.56696293	0.308347278	0.0934211507	0.0219392044	18.643816
2.62	0.0357280323	0.016500052	0.0514034459	-0.0207309542	0.547776706	0.0640404692	1.67752313	0.308550722	0.146466197	0.04807087	17.275022
2.63	0.0396903641	0.0173004391	0.0507855286	-0.0215720822	0.549068127	0.352389799	1.81737104	0.309025004	0.0829385536	0.0198916518	18.301506
2.64	0.0426286949	0.017732431	0.0502558265	-0.0224006231	0.549974102	0.609935421	1.97229371	0.309748871	0.119855341	0.0113570629	17.769714
2.65	0.0442268918	0.0176267094	0.049771329	-0.0232056987	0.550455659	0.808558107	2.12688128	0.310114467	0.102573293	0.0366032216	18.173534
2.66	0.0444383974	0.016985831	0.0493293856	-0.0239648953	0.550520734	0.911279987	2.25816184	0.30988068	0.098681724	0.0413966267	19.722539
2.67	0.0434870849	0.0159638305	0.0488900969	-0.0246605961	0.550181084	0.917816523	2.39620619	0.309495698	0.064813126	0.0293302458	19.767732
2.68	0.0417080466	0.015061342	0.0484854868	-0.0252811725	0.549482167	0.817603548	2.51770402	0.309113679	0.127395079	0.0300356683	16.199729
2.69	0.0391449961	0.0144070815	0.048148574	-0.025815568	0.548373529	0.613488571	2.61805654	0.309153161	0.0908416506	0.023584552	18.469312
2.7	0.0359083949	0.0139317801	0.0478946057	-0.0262589856	0.546914061	0.321624586	2.67719869	0.309560513	0.0626259584	0.0157709761	19.708209
2.71	0.0321814742	0.0138206327	0.0477218462	-0.0266045032	0.545100096	-0.0499414993	2.67208329	0.310013459	0.103946739	0.0229925373	20.295592
2.72	0.0284859479	0.0139106991	0.047672801	-0.0268547994	0.542872251	-0.474336855	2.58886371	0.310472346	0.123800213	0.0118630047	19.691059
2.73	0.0242296413	0.0148181989	0.0477784555	-0.0270449849	0.540266872	-0.892501967	2.43182677	0.311098943	0.126328079	0.045653851	18.734366
2.74	0.0199155482	0.016109601	0.047928187	-0.0272972546	0.537823937	-1.12333672	2.1344838	0.311116351	0.0570239305	0.0263179253	17.611588
2.75	0.0156812951	0.0176763155	0.048083762	-0.027726321	0.535248019	-1.09365405	1.81066354	0.311110741	0.0437490377	0.0209250773	20.015045
2.76	0.0115770384	0.0197939118	0.0480370309	-0.0280660841	0.53367298	-1.20292183	1.61141316	0.310916639	0.106715169	0.044352434	16.799118
2.77	0.00975954046	0.0214707572	0.0478778732	-0.0283168869	0.532860664	-1.35861985	1.46405964	0.310402989	0.0513429395	0.0127667318	18.061595
2.78	0.0113520914	0.0233170583	0.0476451048	-0.0284193554	0.532558074	-1.62433115	1.3194025	0.309805105	0.0592147206	0.0401995688	18.414877
2.79	0.0155808676	0.0253205398	0.0473085722	-0.0284098594	0.532964109	-1.86665119	1.22383916	0.309187221	0.0321227047	0.0374764919	16.239884
2.8	0.0202770294	0.0275732647	0.046850038	-0.0283667695	0.534004352	-2.03315531	1.18253831	0.308253709	0.109877367	0.0402717281	19.379493
2.81	0.0242054949	0.0291692894	0.0462631378	-0.0282981345	0.535641765	-2.15630692	1.17107824	0.30712877	0.108776846	0.0087552274	17.40801
2.82	0.0264292696	0.0295067342	0.0455661129	-0.0281963227	0.537818808	-2.25682193	1.1821203	0.305910048	0.0399021758	0.0314338197	18.244471
2.83	0.0281000482	0.0298558528	0.0447864678	-0.0280740684	0.540444291	-2.3238127	1.19980113	0.304582202	0.0432879954	0.0302321751	18.022764
2.84	0.0297292738	0.0306866866	0.0440190991	-0.027812006	0.542920906	-2.45790942	1.29204613	0.304108609	0.0421378822	0.0170900851	18.65853
2.85	0.0309425424	0.0320505171	0.0432290643	-0.0276540017	0.545072693	-2.38615832	1.29083226	0.304032317	0.13975986	0.0299788797	19.229643
2.86	0.0319524079	0.033210597	0.0424859598	-0.0274950838	0.547271126	-2.31219496	1.30466901	0.30415504	0.103987361	0.0280828226	17.166855
2.87	0.0330796052	0.0344535412	0.0417924156	-0.0273217575	0.549275288	-2.21419773	1.33447043	0.304363605	0.0919898885	0.0343546887	17.554969
2.88	0.033677374	0.0349654494	0.0412050429	-0.0271386778	0.550984729	-2.09273739	1.35131238	0.304529396	0.100810009	0.0185062476	16.657475
2.89	0.0335419126	0.0348685278	0.040723454	-0.0269224238	0.552358057	-1.96885837	1.36445254	0.304623333	0.133076554	0.0303595783	16.223202
2.9	0.032909139	0.0347860559	0.0403293505	-0.0266849906	0.553331834	-1.83753301	1.37922929	0.304737605	0.12033755	0.0233237009	16.957378
2.91	0.0314536283	0.0345706536	0.0399677129	-0.0264316275	0.553990869	-1.70853002	1.39886621	0.304501627	0.0648651478	0.0317248425	16.276706
2.92	0.029312253	0.0337666304	0.0396441848	-0.026189679	0.554355929	-1.56138596	1.42694489	0.304371228	0.0649012992	0.0146322563	16.922871
2.93	0.0270450531	0.0326693126	0.0393385948	-0.0259563795	0.554516452	-1.39788806	1.4760543	0.304355969	0.129621424	0.0219456049	19.094289
2.94	0.0254836525	0.0307410386	0.0390638405	-0.0257438107	0.554491303	-1.25045904	1.54161357	0.30443142	0.115273513	0.0244053904	18.999072
2.95	0.0260153451	0.0289818374	0.0388261881	-0.025538903	0.554294939	-1.13928785	1.63447299	0.304786894	0.0978278024	0.0145028043	18.227272
2.96	0.0283888128	0.0270994702	0.0386341716	-0.0253446911	0.553908815	-1.06361779	1.72478417	0.305015669	0.101735056	0.0300901406	19.322031
2.97	0.0329345943	0.024842262	0.0384940222	-0.0251386201	0.553223528	-1.00984546	1.81114665	0.304803719	0.114669933	0.0561557841	18.408086
2.98	0.039160678	0.0227074804	0.0384338609	-0.0249226681	0.552235572	-0.968012032	1.897414	0.304738763	0.119923198	0.028402704	17.044307
2.99	0.0448193312	0.0214796599	0.0384159413	-0.0247184617	0.550997641	-0.925296927	2.00228435	0.305257878	0.0993789151	0.0300191957	18.118071
3	0.049717493	0.0206693686	0.0384867468	-0.0245273407	0.549448446	-0.876010706	2.0911331	0.305930757	0.0567813734	0.0211743752	17.133391
3.01	0.0532606605	0.0205042985	0.0386390128	-0.0242464092	0.547975639	-0.966916748	2.0905933	0.306992477	0.0463695119	0.0426597828	18.482491
3.02	0.0552450514	0.0210691401	0.0388849148	-0.0238841474	0.546435511	-1.1160052	1.99455163	0.30821533	0.0676577864	0.0268013555	19.275791
3.03	0.0565318918	0.0217024823	0.0391305937	-0.0235541103	0.545214357	-1.17069263	1.89408739	0.309151042	0.05938981	0.0152674191	19.718474
3.04	0.057154592	0.0225963691	0.0393892908	-0.0231862414	0.544004923	-1.25434251	1.84902761	0.309885255	0.0519631707	0.0162433318	17.772033
3.05	0.0572486554	0.0232728224	0.0396477379	-0.0228601455	0.543194952	-1.25391128	1.78371219	0.310161999	0.0454014068	0.0104772161	18.508118
3.06	0.0558607555	0.0246069429	0.0399001795	-0.0226028689	0.542726639	-1.18133578	1.70789935	0.310109108	0.0539908945	0.040551854	18.949217
3.07	0.0535130577	0.0259966763	0.040128496	-0.022450423	0.542443223	-1.01479092	1.58381048	0.309726907	0.0476252775	0.00866095447	18.078301
3.08	0.0506338698	0.0265846608	0.0402741776	-0.022385322	0.542434099	-0.853458211	1.48201542	0.309275853	0.0594148181	0.039750655	19.806315
3.09	0.0466202062	0.0270983068	0.0403376442	-0.0224180619	0.542651547	-0.665719466	1.38240604	0.308256876	0.0654750482	0.0395372889	18.037091
3.1	0.042274989	0.0272799376	0.0403780314	-0.0225199049	0.542817366	-0.475429077	1.24738046	0.306622662	0.121442353	0.0347534465	17.418334
3.11	0.0375384738	0.0279437249	0.0404392818	-0.0226929368	0.542796795	-0.27362265	1.11219239	0.304768485	0.102129642	0.0486922737	19.092801
3.12	0.033429506	0.0279742601	0.0406139902	-0.0229296445	0.542399307	-0.0624750558	0.980226827	0.302955678	0.103627515	0.022783008	19.643677
3.13	0.0291883421	0.0288394641	0.0409212327	-0.0232013228	0.541554747	0.169528413	0.885204715	0.302287203	0.0961104667	0.0249487322	17.871332
3.14	0.0247407634	0.0306334646	0.0413511833	-0.0234979308	0.540295323	0.400320373	0.816891838	0.302294842	0.0828015116	0.0356711578	18.832388
3.15	0.0211516678	0.0325736763	0.0418719552	-0.0237918176	0.538664164	0.606328887	0.747487189	0.302517982	0.112885112	0.0222221671	19.422917
3.16	0.0189121513	0.034042068	0.0424750192	-0.024068995	0.53669025	0.775190191	0.675687112	0.302725523	0.073750442	0.0173354173	17.980329
3.17	0.0181174861	0.0349989391	0.0431336522	-0.024303493	0.534484865	0.875624779	0.597968167	0.3028418	0.0660520138	0.0184642327	18.18983
3.18	0.0184763643	0.0358099148	0.0438180324	-0.0245108549	0.532101771	0.929747147	0.541899358	0.303035275	0.116840875	0.0254638355	18.349387
3.19	0.019721911	0.0366528119	0.0444915168	-0.0246901879	0.529678678	0.926967956	0.513015163	0.30339413	0.126801004	0.0184331895	18.856778
3.2	0.0220683022	0.0367761946	0.0451319873	-0.0248423495	0.527204614	0.88387124	0.515488959	0.303755393	0.0916113096	0.0254806381	17.780555
3.21	0.0249188339	0.0369570763	0.0457130068	-0.0249872082	0.524653242	0.811004507	0.554170507	0.303845595	0.121362101	0.0214755272	19.10114
3.22	0.0280211882	0.0373724023	0.0461926342	-0.0252920035	0.522572219	0.82663821	0.561273251	0.304162625	0.0968821661	0.0453533443	19.863307
3.23	0.031635146	0.0375039089	0.0465856036	-0.0256767486	0.520519282	0.835807537	0.422929601	0.304028862	0.101914894	0.0218642854	18.405923
3.24	0.0355176476	0.0379448725	0.0466494947	-0.0261820051	0.519520616	0.87438568	0.569079025	0.304420385	0.0527308977	0.0115898962	19.630697
3.25	0.0395327034	0.0381216574	0.0464521943	-0.0267029427	0.519570601	0.790133569	0.817722589	0.304637863	0.0623703877	0.0181126074	16.855317
3.26	0.0431367991	0.03808341	0.0460311375	-0.0272113228	0.52048827	0.634298213	1.09891881	0.304647106	0.0557366166	0.0161620934	18.511645
3.27	0.046607304	0.0380380832	0.0455400501	-0.0276703534	0.522059315	0.413378727	1.37730498	0.304712245	0.0914136438	0.0379722659	17.51494
3.28	0.0497668496	0.0382166401	0.0449994268	-0.0280848086	0.524127165	0.151397996	1.64975239	0.304729071	0.0485347372	0.0153354857	18.367302
3.29	0.0521771735	0.037895543	0.044453875	-0.0284813765	0.526503071	-0.112601168	1.86947327	0.304681413	0.0689218898	0.0432777483	19.412467
3.3	0.0540066254	0.0368934982	0.0439574067	-0.028724741	0.528644014	-0.477045766	2.09555844	0.304870778	0.0432519169	0.0563978098	16.371369
3.31	0.0548428491	0.036033515	0.043409591	-0.0289446336	0.53103666	-0.806161017	2.22840814	0.304256351	0.062656185	0.0296064779	17.56899
3.32	0.0540677912	0.0348212054	0.0428207785	-0.0291469446	0.53352499	-1.11270855	2.29459974	0.303291075	0.0840256145	0.0426263583	18.047867
3.33	0.0521918059	0.033008881	0.0422083759	-0.0293305714	0.536004665	-1.40744105	2.32490423	0.302564595	0.061335443	0.0504637709	17.068132
3.34	0.0492752281	0.0305662658	0.0416098234	-0.0295354632	0.538152008	-1.62101128	2.33081445	0.301995063	0.0617616095	0.0473815266	18.910666
3.35	0.0457947755	0.0279297738	0.0410049026	-0.0297062217	0.54010199	-1.82204828	2.30037426	0.301503473	0.0901204776	0.0415313517	17.76887
3.36	0.0419692107	0.0253719362	0.0404215006	-0.0298845708	0.54169501	-1.96414942	2.25703477	0.301269849	0.113640053	0.0392256448	18.298501
3.37	0.0382755612	0.0226010638	0.0399189227	-0.030069328	0.542895355	-2.05280249	2.17708035	0.301247482	0.132916002	0.0638827049	18.074771
3.38	0.035004863	0.0204160055	0.0394923796	-0.0302579919	0.543758589	-2.11035101	2.06993979	0.301280359	0.0930545595	0.037251204	19.068181
3.39	0.0320305583	0.0188847452	0.0391400678	-0.0304475111	0.544273447	-2.14756021	1.93821954	0.301216704	0.0995077198	0.0237398556	18.171416
3.4	0.0291759842	0.0180586304	0.0388759599	-0.030634863	0.544291601	-2.16739929	1.79273152	0.301376515	0.0888720646	0.027441207	17.060622
3.41	0.026499839	0.0175025354	0.0386524175	-0.0308299036	0.54386484	-2.15325856	1.62389973	0.301511047	0.118783265	0.0193968729	18.076614
3.42	0.0238548656	0.0170307057	0.038422592	-0.0310340431	0.543016326	-2.10174545	1.45447149	0.301504279	0.0564012388	0.0185997964	17.502164
3.43	0.0213621406	0.0168316921	0.0382196283	-0.0312520806	0.541829868	-2.02164287	1.30782175	0.301830858	0.107934517	0.0258110228	17.845409
3.44	0.0194394741	0.016402273	0.0379992067	-0.0314760458	0.540419589	-1.91670152	1.20333986	0.302314529	0.104962579	0.0182915999	18.792946
3.45	0.0180157216	0.0159316208	0.037758445	-0.0316977292	0.538892608	-1.78372009	1.14045669	0.302867809	0.109101101	0.0118451819	17.032822
3.46	0.0171730363	0.0152906025	0.0375124608	-0.031909272	0.537128633	-1.61603583	1.10561031	0.303424055	0.107529836	0.0277693235	17.953421
3.47	0.017547678	0.0139216507	0.0372797764	-0.0321236859	0.535244124	-1.41385659	1.08786469	0.303638564	0.0968010079	0.0255050187	18.678704
3.48	0.0196233539	0.0124848445	0.0370404817	-0.0323154984	0.533265819	-1.21757728	1.11917552	0.304034111	0.159381887	0.0236265707	18.213253
3.49	0.0212322168	0.0119592715	0.0368144293	-0.0324953625	0.531281716	-1.02375341	1.17931644	0.304663856	0.0808996427	0.0458613168	18.201619
3.5	0.0215640319	0.012295247	0.0366233747	-0.0326644673	0.529198439	-0.838794894	1.25920387	0.305633274	0.0854952898	0.0433393034	17.777843
3.51	0.0216045462	0.0125866467	0.0364347721	-0.0326801317	0.527509082	-0.839216923	1.25676942	0.305853254	0.0729887353	0.0314734491	18.915374
3.52	0.0224486485	0.0123370922	0.036242927	-0.0327712447	0.526252039	-0.667311758	1.22159176	0.305620315	0.0602852675	0.0276457482	16.036051
3.53	0.0236229498	0.011905839	0.0360238997	-0.0327760905	0.52544643	-0.662867125	1.35838798	0.30590579	0.0612051749	0.0331993167	20.003298
3.54	0.02461438	0.0117274738	0.0357796098	-0.0328045009	0.525381902	-0.606203894	1.54531722	0.306152081	0.0506486928	0.0352983259	17.409051
3.55	0.0265421372	0.0112303747	0.035523773	-0.0328431293	0.525941847	-0.545419509	1.75900818	0.306353302	0.0545100221	0.0261033058	16.817401
3.56	0.0285484287	0.0106345868	0.0352129792	-0.0328769004	0.527137316	-0.50791269	1.99866435	0.306273721	0.0918073673	0.0328810542	16.791604
3.57	0.0291747725	0.010558762	0.0348654151	-0.0328922751	0.528945758	-0.475585148	2.24857275	0.306390457	0.0797278924	0.0246577192	17.233981
3.58	0.0287139976	0.0105386171	0.0345407849	-0.0328725752	0.531249453	-0.451257525	2.49502143	0.306911206	0.0661666271	0.0425604451	17.36155
3.59	0.0266912545	0.0108574777	0.0343024517	-0.0328284184	0.533800958	-0.413336173	2.68256809	0.307741896	0.0853961118	0.0389981805	18.145005
3.6	0.0244180937	0.0111577991	0.0341692076	-0.0328167884	0.536313696	-0.305373091	2.76154919	0.307836542	0.156724809	0.0355685151	18.081749
3.61	0.0222705195	0.0114576815	0.0341769213	-0.0328868516	0.53829845	-0.0562399633	2.8248394	0.307432598	0.117097966	0.0280008617	16.734716
3.62	0.0199426427	0.011852365	0.034349947	-0.0329579743	0.540003755	0.206556409	2.80998532	0.306717377	0.100392359	0.0121090713	17.287269
3.63	0.0167097404	0.012912871	0.0346565258	-0.0330225699	0.54133048	0.416662313	2.74262409	0.305923924	0.13615804	0.0431185456	16.388117
3.64	0.014044577	0.0142022052	0.0351292421	-0.0330978088	0.542177736	0.595158332	2.64196481	0.305590008	0.114669565	0.0286856227	17.578123
3.65	0.0127927407	0.0153143335	0.0357258664	-0.0331931059	0.54257411	0.741201564	2.51248153	0.305494135	0.124859209	0.0148508545	18.471159
3.66	0.0125566307	0.0168379034	0.0363607829	-0.0333077005	0.54248775	0.860918112	2.38347524	0.30563321	0.0962766788	0.0339794964	17.0146
3.67	0.0141578263	0.0187290699	0.0369550489	-0.0334706028	0.542066662	0.971224151	2.29168819	0.305897184	0.0623112217	0.0499280286	17.456481
3.68	0.0170235727	0.0207554545	0.0374641205	-0.0336644483	0.541451775	1.05767368	2.24318109	0.306115512	0.0844810806	0.037952093	18.640456
3.69	0.0210857964	0.0220572655	0.0379271701	-0.0338774348	0.540727896	1.10877613	2.21336622	0.306145023	0.0900791309	0.0232384321	17.737211
3.7	0.0252373182	0.0229774773	0.0383287055	-0.0340710987	0.539904921	1.07356937	2.18043475	0.306178393	0.124694739	0.0338137993	18.576507
3.71	0.0295344334	0.0235450753	0.0386449492	-0.0342510336	0.53901847	0.976408053	2.15823814	0.306201604	0.0819783597	0.0136622133	17.859909
3.72	0.0338206613	0.0244899228	0.0388524843	-0.0344042616	0.538012339	0.825873461	2.16569031	0.306578643	0.0961375273	0.0262157701	19.887657
3.73	0.0376666933	0.0261601632	0.038956569	-0.0345096874	0.536984875	0.628432189	2.21165169	0.307199921	0.108040715	0.0403482522	18.470445
3.74	0.0414702781	0.0283269866	0.0388737976	-0.0346345244	0.536274521	0.583130942	2.25886719	0.307710241	0.10701454	0.03516977	18.703188
3.75	0.0444708591	0.0299732319	0.0386601879	-0.0347092818	0.535404158	0.519080674	2.17851972	0.307592512	0.0635354231	0.0208843872	19.257117
3.76	0.0466304016	0.0312590436	0.038335481	-0.0348393913	0.534883599	0.578727126	2.13053967	0.307400835	0.0719307804	0.0284542838	16.323627
3.77	0.0480836387	0.0327691542	0.0379895867	-0.0350846808	0.534169357	0.805299511	2.15468091	0.307661932	0.0572585521	0.0333150104	17.615648
3.78	0.0481682994	0.0336137655	0.0375586551	-0.0353575487	0.53376563	0.985180004	2.09528431	0.307442173	0.0756477203	0.0177163491	19.103067
3.79	0.0472475745	0.0346817254	0.0370619921	-0.0356558678	0.533580343	1.15683904	1.99265624	0.307262208	0.0572978685	0.0348811207	18.876435
3.8	0.0452242082	0.0354205449	0.0364683599	-0.0359484678	0.533889948	1.27563475	1.92359482	0.307288099	0.0583075744	0.0208800482	18.701888
3.81	0.0419383518	0.0369625341	0.035799772	-0.0361916601	0.534519408	1.32420959	1.89430631	0.307557552	0.0693173007	0.0596991265	18.844086
3.82	0.0377406967	0.0388104067	0.035127108	-0.036354592	0.53538027	1.30034704	1.89228394	0.308185689	0.0844137913	0.0232753088	18.578597
3.83	0.0321454272	0.039533924	0.0343955324	-0.0364134139	0.536499175	1.18759407	1.90476937	0.308553084	0.0560011292	0.0249078337	20.171649
3.84	0.0255103102	0.0393496523	0.0336118144	-0.036341694	0.537663158	0.963325774	1.95820419	0.308644436	0.022850269	0.0107237835	24.696925
3.85	0.0184344877	0.0384946114	0.0328870113	-0.0361647013	0.538754796	0.707891962	1.96917871	0.308096155	0.111012981	0.0239249831	25.030997
3.86	0.0117091489	0.0364407852	0.0322649827	-0.0358901908	0.539484115	0.448737197	1.92817061	0.306927059	0.113954361	0.0340544408	18.598658
3.87	0.0112172569	0.0343807063	0.0317695897	-0.0355508424	0.539828745	0.202951406	1.86171063	0.305681963	0.106288903	0.00670808697	18.126202
3.88	0.017477922	0.0329525424	0.0313747716	-0.0351705972	0.539833561	-0.0457029155	1.78762235	0.304324672	0.0681648586	0.0336475453	19.086353
3.89	0.0254665744	0.0322564765	0.0311030134	-0.0347700103	0.539509968	-0.247583479	1.70621274	0.303554477	0.111886335	0.0250070288	19.251648
3.9	0.0329824287	0.0323324229	0.0309848664	-0.0343595185	0.538918295	-0.396598571	1.6006911	0.303135297	0.10770821	0.0218197109	18.562161
3.91	0.0393181531	0.0323151642	0.0309657059	-0.0339572208	0.538098635	-0.51148491	1.494312	0.302939327	0.095306954	0.0390045065	16.887066
3.92	0.0444855936	0.0319163469	0.031013898	-0.0335635125	0.537010789	-0.602031461	1.41038824	0.302918462	0.0629840885	0.0243980263	18.339672
3.93	0.0489622124	0.0309461404	0.031113504	-0.0331756218	0.535643042	-0.660526692	1.34382738	0.30292945	0.106317675	0.0225212288	16.685204
3.94	0.0528136255	0.0295809169	0.0312372886	-0.0327887899	0.534099848	-0.704431081	1.29731673	0.302977277	0.101037263	0.0148430869	18.168576
3.95	0.0558839701	0.0282246179	0.0313861879	-0.0324250394	0.532367047	-0.709306236	1.26015157	0.303186146	0.118153931	0.0249218431	18.972642
3.96	0.0576824986	0.0272732831	0.0315699664	-0.0320830448	0.530506054	-0.691323637	1.23443343	0.3035272	0.0630822752	0.0206757683	18.991539
3.97	0.058509228	0.0266071221	0.0317605422	-0.0317707296	0.528494714	-0.622653113	1.2213508	0.304372969	0.117998634	0.0282963998	17.337471
3.98	0.0587338827	0.0258327637	0.0318412618	-0.0316073443	0.526963633	-0.366277614	1.38838715	0.305757405	0.0987868411	0.0121619718	17.886844
3.99	0.0580764203	0.025290677	0.0318618973	-0.0316086375	0.525970331	-0.0822742233	1.50383119	0.306568254	0.0744128081	0.0264528244	20.150381
4	0.057233204	0.0245634882	0.0318809669	-0.0317005545	0.525783239	0.171102597	1.65364453	0.3072442	0.0589051394	0.0221990228	16.960367
4.01	0.0555342927	0.0243128039	0.0319717257	-0.0317986292	0.525767441	0.351961864	1.87818914	0.308087733	0.0492985674	0.0134917148	17.421206
4.02	0.0522426117	0.0248660482	0.0321802934	-0.031991815	0.526369881	0.533518933	2.03546639	0.308484807	0.0570714135	0.0170788347	18.450403
4.03	0.0474170964	0.0260390456	0.0325226574	-0.0322751941	0.527543013	0.698834595	2.16149722	0.30858485	0.0608385425	0.0180598222	19.826865
4.04	0.0408911742	0.0277932489	0.0330067772	-0.0326522656	0.529258306	0.851528719	2.25210165	0.308716339	0.0437742283	0.0301549306	22.415906
4.05	0.032577073	0.0306105955	0.0336498332	-0.0331008496	0.531356094	0.971304435	2.29183991	0.308765894	0.0403041873	0.0255637687	17.677081
4.06	0.0237215026	0.0338577573	0.0343874378	-0.033627582	0.533725728	1.06837948	2.29734919	0.308605191	0.049693785	0.0113302641	18.518581
4.07	0.0154792626	0.0368486993	0.0351757221	-0.0342467345	0.53617206	1.16305253	2.25635562	0.308033697	0.0680618575	0.00955990733	19.458365
4.08	0.00801153068	0.0397730049	0.0359948666	-0.035002361	0.538440102	1.32483641	2.23515689	0.307454365	0.029717004	0.0159191123	17.089437
4.09	0.00502682646	0.0420523707	0.0368969122	-0.0358458477	0.54082449	1.43605096	2.15754052	0.306397048	0.0628724522	0.017408629	17.24089
4.1	0.00822527696	0.0436497451	0.0378553006	-0.0367799746	0.543084587	1.54241778	2.04504558	0.304955275	0.114262213	0.0141882908	18.711177
4.11	0.0123358323	0.0452497989	0.038928231	-0.0377880241	0.545035854	1.61428434	1.93105782	0.304350349	0.0847503675	0.02282552	17.993709
4.12	0.0164531678	0.0477195436	0.0400740138	-0.0388359176	0.546529425	1.63301249	1.83901285	0.304540662	0.117725571	0.0298932561	18.414316
4.13	0.0192882341	0.0493813957	0.0412644226	-0.0399186312	0.547546383	1.61850027	1.76372285	0.304854325	0.0881929758	0.0293781401	17.345786
4.14	0.0210081223	0.0499019157	0.0424914843	-0.0410211794	0.548141849	1.5801192	1.69246955	0.305097671	0.0922580187	0.0262614146	18.394906
4.15	0.0224657065	0.0497757748	0.043746693	-0.0421328956	0.548328635	1.52554189	1.62209213	0.305375286	0.0819359763	0.02428973	17.433161
4.16	0.0246007944	0.0499306318	0.0450205022	-0.0432442652	0.548189406	1.46191279	1.55605217	0.305733699	0.0987484346	0.0150487091	19.500853
4.17	0.027298901	0.0502793552	0.0462810009	-0.0443475278	0.547852695	1.37679195	1.49380546	0.306185831	0.0586976837	0.0287735497	20.143441
4.18	0.0298238991	0.0505492153	0.0474872883	-0.0454064919	0.547299912	1.25930167	1.43131444	0.306681488	0.0927823116	0.0274430246	17.351311
4.19	0.0314819248	0.0501304551	0.0486675379	-0.0464173128	0.546385049	1.13132715	1.36769246	0.30710071	0.111746981	0.0203567352	19.693985
4.2	0.0329170285	0.0500509887	0.0498114328	-0.0473612858	0.54513774	0.985102826	1.3137809	0.307710098	0.0778763911	0.022154803	17.919758
4.21	0.0337034576	0.0499588713	0.0509344286	-0.0482222962	0.543659197	0.826518183	1.26086665	0.308583526	0.0757000796	0.0299911219	18.000624
4.22	0.0340211036	0.0504332039	0.0520887478	-0.0489809401	0.541822441	0.645792168	1.17562334	0.309578185	0.117866269	0.0222872842	19.722883
4.23	0.0334928898	0.0513944057	0.0532950935	-0.0496166096	0.539683948	0.44781064	1.062544	0.311081122	0.101980469	0.0430453408	19.150163
4.24	0.0317531159	0.0513598759	0.0544726183	-0.0501496805	0.537357142	0.242765267	0.944033382	0.312680157	0.089992602	0.0229074392	16.731126
4.25	0.0292890824	0.0507990553	0.0555842067	-0.0505851969	0.534930558	0.0277944204	0.805869479	0.313945243	0.0872874963	0.0117749982	19.694453
4.26	0.026977536	0.0503937621	0.0565934249	-0.051035762	0.532910795	-0.0527536455	0.610574924	0.314962381	0.0689228594	0.0332477094	19.09388
4.27	0.024747012	0.0505840251	0.0573844835	-0.0514005446	0.531815168	-0.166162118	0.511335842	0.31618364	0.0760902584	0.0231751155	18.423391
4.28	0.0226790819	0.0511767889	0.0580405118	-0.0517230982	0.530541153	-0.275114568	0.498767275	0.31773688	0.0316711505	0.0155948621	18.235788
4.29	0.0204864227	0.0522626988	0.0584850092	-0.051928755	0.530326313	-0.398051824	0.518410525	0.319059075	0.0391059811	0.0564778547	20.327711
4.3	0.0187954733	0.0529424197	0.0587520192	-0.052034449	0.530827489	-0.537947485	0.545864322	0.31997652	0.0504831542	0.0160225343	16.881238
4.31	0.0184406878	0.0536611416	0.0588238693	-0.0520581911	0.53186823	-0.658354391	0.577814813	0.320355378	0.0459597678	0.0269244091	18.175946
4.32	0.0201343873	0.054225404	0.0586766145	-0.0520336868	0.533314751	-0.743422367	0.610382264	0.320073351	0.0858532377	0.0198068658	18.042207
4.33	0.0240455033	0.0549075451	0.0583169954	-0.0519644547	0.535125185	-0.79469983	0.676340649	0.319454666	0.060866955	0.0269191862	17.223406
4.34	0.029525558	0.0557172476	0.0577821918	-0.0518403039	0.537134276	-0.816283919	0.765172169	0.31860153	0.0372604838	0.0231511971	19.619768
4.35	0.0353338568	0.0565309765	0.0571416956	-0.0516735192	0.539154295	-0.809379556	0.827003009	0.317290334	0.124497237	0.0353524727	17.724605
4.36	0.0404159674	0.0561190444	0.0564487996	-0.051425401	0.540741534	-0.824498641	0.922486005	0.316071664	0.0889311897	0.0325218422	19.299044
4.37	0.04479253	0.054676826	0.0557425963	-0.0511922962	0.541955508	-0.816637007	0.970110765	0.314766418	0.132058292	0.03546028	17.15748
4.38	0.0483771017	0.0533787511	0.0550298374	-0.0509848081	0.542647233	-0.786406545	1.0087475	0.313437499	0.108316028	0.0198616923	20.22476
4.39	0.0511305026	0.0520242438	0.0542984973	-0.0508088337	0.542856073	-0.754803486	1.05359295	0.311985556	0.115084142	0.0262225362	17.122605
4.4	0.0531392614	0.0514947173	0.053611113	-0.0506732568	0.542579126	-0.748380584	1.09181143	0.310451164	0.0692131567	0.031094124	16.297142
4.41	0.0546161055	0.0505274727	0.0529841917	-0.0505737252	0.541898418	-0.769022126	1.13071089	0.309113163	0.12050101	0.0219560641	16.217364
4.42	0.0553888592	0.0494943383	0.0523765923	-0.0505321062	0.540896309	-0.795733192	1.16763277	0.30776092	0.0620663171	0.0293498682	16.413693
4.43	0.0553684969	0.0477970693	0.0518092145	-0.0505417906	0.539629415	-0.853136435	1.2331531	0.3068642	0.104670597	0.0244328123	19.050355
4.44	0.0543811903	0.0466649036	0.0512923344	-0.0506203374	0.53806924	-0.898214485	1.29659146	0.306128527	0.0925237143	0.0239104549	18.824132
4.45	0.0525348844	0.0460569837	0.0508298045	-0.0507727704	0.53625109	-0.917221239	1.34931778	0.305628552	0.0843935678	0.019110539	18.213494
4.46	0.0499191636	0.045746376	0.0503952061	-0.0510087227	0.534262893	-0.914555357	1.39041908	0.305377081	0.0960285377	0.0135711846	18.975972
4.47	0.0467418846	0.0453879275	0.0499918517	-0.0513272825	0.532065952	-0.881818531	1.4142407	0.305473194	0.0802774303	0.0110512619	17.824485
4.48	0.043156447	0.0460173765	0.0496296135	-0.0517278948	0.529680927	-0.834219543	1.40486241	0.30559187	0.0942120362	0.0404100548	18.662514
4.49	0.0390302937	0.0467229256	0.0493188795	-0.0521958711	0.527176207	-0.781151506	1.37214791	0.305707514	0.0755674204	0.0269557077	19.976546
4.5	0.0348139066	0.0476530742	0.0490983919	-0.0526980279	0.524564155	-0.744205528	1.32941431	0.306230113	0.0774895944	0.0196702147	17.852949
4.51	0.0307872056	0.0487480069	0.048732696	-0.0532174226	0.522972939	-0.678012338	1.35298689	0.306466827	0.0558749661	0.0349183369	19.660192
4.52	0.0280790996	0.0503604205	0.0483907717	-0.0536531456	0.521752229	-0.710830529	1.48168561	0.307337908	0.0751807389	0.0336851253	19.011131
4.53	0.0262808648	0.0521181957	0.0480706703	-0.0542119041	0.520911552	-0.584943105	1.52362746	0.307756814	0.0731031241	0.0313734267	16.381898
4.54	0.0254636593	0.0529828249	0.0477717019	-0.0548154611	0.520783002	-0.501558527	1.54413062	0.307705389	0.0513293638	0.0188621964	17.890064
4.55	0.025631379	0.0539283223	0.0475018242	-0.0554787314	0.521173175	-0.409331031	1.52012863	0.307134047	0.0576565909	0.0339213745	18.316263
4.56	0.027006105	0.0552604592	0.0472034504	-0.0562091326	0.522189745	-0.297456271	1.48415518	0.30575011	0.0813780353	0.0547699147	18.259855
4.57	0.0286678718	0.0559667049	0.0468684652	-0.0569963614	0.523814258	-0.167865298	1.46986203	0.304242121	0.0567365024	0.00905720008	18.262492
4.58	0.0311679059	0.0574727841	0.0465115614	-0.0578447531	0.525929449	-0.0186082107	1.48584807	0.303539277	0.115534819	0.0340871735	17.944575
4.59	0.0346138848	0.0604995287	0.0461824501	-0.0587274687	0.528407144	0.125907089	1.51245866	0.303557473	0.130164113	0.0289810162	18.371888
4.6	0.0365667154	0.0621724952	0.0459315238	-0.0597464462	0.53054387	0.370551921	1.56181077	0.303752826	0.12331118	0.0360418228	19.33049
4.61	0.0374433118	0.0634487281	0.0457585034	-0.0607223751	0.532081754	0.547558724	1.49262063	0.304028033	0.128471991	0.0100807365	17.637069
4.62	0.0380181099	0.0644229747	0.0456965872	-0.0617261684	0.5334519	0.741060496	1.43551872	0.30440787	0.10694246	0.0261116342	18.679918
4.63	0.038286352	0.0652593917	0.0457128946	-0.0627479077	0.534517285	0.907813366	1.40667606	0.305070268	0.0969226174	0.0275709884	18.417289
4.64	0.0380371722	0.0657091306	0.0458414212	-0.0637815114	0.535169321	1.0360129	1.39188611	0.305916611	0.132495841	0.0144680765	18.721681
4.65	0.0374276267	0.0661227686	0.0460577671	-0.0648239597	0.535456732	1.11554583	1.4008543	0.307027897	0.0825453146	0.0200325407	19.059586
4.66	0.0364880892	0.0660999231	0.046337777	-0.0658894092	0.53533973	1.16100977	1.43371294	0.308477431	0.11937801	0.0313687199	19.89295
4.67	0.0348356013	0.0656431032	0.0466729557	-0.0669806435	0.534873607	1.16451322	1.47148716	0.309648605	0.0409941888	0.00970830163	17.025645
4.68	0.032501705	0.0644466532	0.0470975013	-0.0680776448	0.534044914	1.0949391	1.48686555	0.310790771	0.109366207	0.030315742	20.092824
4.69	0.0297857996	0.0629691547	0.0475938882	-0.0691852894	0.532985764	0.958405542	1.47526	0.3114324	0.089574135	0.0229648958	17.984548
4.7	0.0265824657	0.0612535376	0.0481772623	-0.070286041	0.531734733	0.753566194	1.43611958	0.311637248	0.154266738	0.033623318	17.611209
4.71	0.0226531421	0.0593120197	0.0488160409	-0.0713841873	0.530332869	0.530807522	1.41490707	0.311930959	0.13118966	0.0489843059	19.214274
4.72	0.018369636	0.0575234106	0.0495177899	-0.0724732102	0.528816487	0.265575438	1.39449836	0.312043057	0.103722947	0.0158442262	19.138043
4.73	0.0122956738	0.0541430356	0.0502536867	-0.0735695962	0.527170224	-0.00862499818	1.39056624	0.311969909	0.123962524	0.0428734558	19.878543
4.74	0.00620160924	0.0505034795	0.0508935966	-0.0747712951	0.525809905	-0.075026292	1.33996706	0.311481199	0.0720055151	0.0110872827	18.624417
4.75	0.00235298078	0.0475051515	0.0514275359	-0.0759114726	0.52533625	-0.149660881	1.39846011	0.31119018	0.0595841489	0.0121165259	19.293808
4.76	0.00539719393	0.0457731232	0.0518664276	-0.076952599	0.525204505	-0.295414609	1.46105484	0.311126432	0.0672154672	0.0203505564	17.480025
4.77	0.00923298134	0.0442002936	0.0522490628	-0.0780310498	0.525456058	-0.286375592	1.61981055	0.311475094	0.0536140398	0.0373431483	18.376057
4.78	0.0124529977	0.0433455276	0.0525147169	-0.0790565887	0.526457838	-0.326774459	1.75463854	0.311630719	0.115655166	0.0153247425	20.552156
4.79	0.0148584002	0.0433698264	0.0526734332	-0.0799967377	0.528124034	-0.396467148	1.86166258	0.311606072	0.0651047504	0.0066276022	21.45675
4.8	0.0169969125	0.0435082206	0.0527843413	-0.0808579047	0.530281451	-0.476115097	1.91853815	0.311534046	0.0459039367	0.0250789634	19.324212
4.81	0.0189292558	0.0442244031	0.05289495	-0.081626077	0.532823695	-0.568334347	1.91481043	0.311327874	0.0663841029	0.0122260444	16.427646
4.82	0.0205940153	0.0457236684	0.0530925443	-0.0822901651	0.535501082	-0.666832147	1.84926582	0.311241997	0.0829214671	0.0346744231	18.119143
4.83	0.0227917842	0.047640208	0.0533435929	-0.0827878064	0.538007777	-0.855861509	1.79573656	0.310811857	0.0508369462	0.0289430902	18.936099
4.84	0.0248965474	0.0483280482	0.0535710213	-0.0831960524	0.540756598	-0.99919724	1.68732422	0.309445286	0.0568275484	0.0347575975	17.556811
4.85	0.0266385666	0.0486250059	0.0538413908	-0.0835208982	0.543399121	-1.09669434	1.54482312	0.307824487	0.10138127	0.0220771613	19.948986
4.86	0.0281478361	0.0490018184	0.0541575174	-0.0837829409	0.545817579	-1.14623576	1.38934706	0.305938679	0.0840839262	0.0207636337	17.769256
4.87	0.0296041688	0.0489833403	0.0545524077	-0.0839630654	0.547985405	-1.16318933	1.24238025	0.304055196	0.10215195	0.0192614965	17.296156
4.88	0.0309761508	0.0490276713	0.0550409248	-0.0840530988	0.549810341	-1.16163865	1.11571836	0.302209629	0.111809538	0.0129636427	18.698636
4.89	0.0320007745	0.0486879261	0.0556105198	-0.0840574063	0.55122767	-1.13735185	1.02432102	0.300551181	0.0832181567	0.0240264986	17.430273
4.9	0.0330591493	0.0494632151	0.0562897488	-0.0839876526	0.552152354	-1.05944771	0.988507501	0.300143825	0.0952107178	0.0275351552	17.57782
4.91	0.033320929	0.0493475963	0.0570486786	-0.0838552271	0.552517153	-0.925440617	0.983156304	0.300203565	0.108026129	0.031181488	19.526943
4.92	0.0331263517	0.0474510522	0.0578602365	-0.0836747985	0.552408076	-0.76895458	0.995292658	0.300267183	0.0418453333	0.0316943812	17.922027
4.93	0.0334318393	0.0457962431	0.0587070666	-0.0834619534	0.551802164	-0.595480555	1.04640832	0.300716347	0.115390909	0.0192947195	18.151342
4.94	0.0344690766	0.0437023972	0.0595786586	-0.0832221694	0.550762026	-0.437611097	1.12173367	0.301122305	0.0782784744	0.0190015499	18.347705
4.95	0.0362745743	0.0413792868	0.06045663	-0.0829749254	0.549352288	-0.271080297	1.2051983	0.301439454	0.108234549	0.00842609953	18.039366
4.96	0.0379167149	0.0403452916	0.0613614955	-0.0827395755	0.547604134	-0.0877255376	1.28924133	0.302110724	0.107663879	0.0326238335	18.871409
4.97	0.0390728902	0.0398993478	0.0622567836	-0.0825266442	0.545558097	0.102353124	1.39107212	0.303210217	0.110658954	0.0241207773	18.806028
4.98	0.0399755208	0.0401566264	0.0631325224	-0.0823215616	0.543241699	0.274269736	1.52909136	0.304695077	0.130798215	0.0255800225	18.027126
4.99	0.0406031451	0.0408147451	0.0639321826	-0.0821484225	0.540714943	0.431693595	1.70241473	0.306403333	0.104354189	0.0205785338	17.586687
5	0.0405459508	0.0418021337	0.0645417698	-0.0819394389	0.538682714	0.381051593	1.80098565	0.307850004	0.0708122229	0.0444219103	19.073056
5.01	0.0395773446	0.04308992	0.0649170247	-0.0818102233	0.537724272	0.364574917	1.95900383	0.309214029	0.0641504309	0.0168664224	17.595641
5.02	0.0377000388	0.0450863759	0.0651775378	-0.0817032091	0.537058614	0.301617846	2.13451432	0.310614305	0.0606000618	0.0269405903	18.616115
5.03	0.0347789751	0.048093568	0.0652884943	-0.0816750281	0.537220414	0.2666084	2.27840908	0.311656532	0.0600812319	0.0345712448	19.078389
5.04	0.0314351762	0.0509723308	0.0652663602	-0.0817283915	0.538042411	0.248510432	2.38618255	0.312401387	0.0391669294	0.017081591	19.664389
5.05	0.0277204644	0.0536328302	0.0651479535	-0.0818726304	0.539225599	0.255137186	2.45468753	0.312830459	0.0621384827	0.0275743123	18.497044
5.06	0.0237064725	0.0553269881	0.0649230059	-0.0821078711	0.540792669	0.28555668	2.47945968	0.312863891	0.0685254038	0.0171955233	19.718752
5.07	0.019751458	0.0576170207	0.0646274404	-0.0824197134	0.542609701	0.330161799	2.47871401	0.313041159	0.0405719152	0.0360726672	19.557527
5.08	0.0179215327	0.0608402195	0.0643380461	-0.0827860126	0.544559696	0.401324694	2.42157719	0.313235993	0.0586140021	0.029749085	19.291061
5.09	0.0190305088	0.0633556594	0.0640238825	-0.0831962357	0.546595633	0.49345197	2.31388402	0.312951413	0.0302912857	0.0238584996	19.104242
5.1	0.022488514	0.0659002816	0.0637622831	-0.0836910022	0.54815984	0.692782391	2.24814734	0.312700134	0.0789702392	0.0260743834	16.994346
5.11	0.0262782351	0.0674532571	0.0635330792	-0.0841908031	0.549602696	0.867480587	2.148178	0.312141939	0.0808134351	0.0134190723	17.420557
5.12	0.0305021367	0.06881001	0.063362594	-0.0846805242	0.550805055	1.02872398	2.0228395	0.311432718	0.113136199	0.0275343334	19.185866
5.13	0.0346874339	0.0697678508	0.0632498535	-0.0851454707	0.551673885	1.1632826	1.87459601	0.310660465	0.119921688	0.0203226559	19.105344
5.14	0.0385585472	0.0703863125	0.063125046	-0.0856073787	0.552314669	1.28637689	1.72868642	0.309492403	0.0949890149	0.0354166528	16.631443
5.15	0.042754421	0.0715083247	0.0630618473	-0.0860528072	0.552774903	1.39229264	1.58101933	0.308550651	0.116930641	0.0245070898	19.939949
5.16	0.0465430053	0.0724506261	0.0630133138	-0.0864757531	0.553038212	1.45648166	1.42748877	0.307614378	0.0818047167	0.0152535694	19.196678
5.17	0.0491304917	0.0724581293	0.0629814406	-0.0868724416	0.553118915	1.48817807	1.27698544	0.306425435	0.0740143618	0.0265586866	17.113862
5.18	0.0507959699	0.0721215886	0.0629736996	-0.0872379462	0.55306469	1.48288944	1.13931492	0.305340832	0.0781204392	0.0112445838	17.82572
5.19	0.0520908508	0.0727890478	0.0630080684	-0.0875853707	0.55275811	1.45816541	1.03933835	0.305123971	0.0872054362	0.028519988	18.16445
5.2	0.0527246498	0.0736866753	0.063062189	-0.0879037485	0.552279897	1.39204305	0.945670096	0.305230606	0.0996426516	0.022397199	18.549627
5.21	0.0526615901	0.0746813708	0.0630833144	-0.0882025784	0.551718267	1.29609941	0.879300466	0.30551457	0.112583117	0.015437757	16.933055
5.22	0.0517646164	0.0753260269	0.0631096524	-0.0884853954	0.551095975	1.21127944	0.837350211	0.305789153	0.0966721137	0.00944208638	18.618339
5.23	0.0501767238	0.0754610406	0.0631457146	-0.0887338893	0.550333001	1.12118283	0.794505038	0.305880858	0.119200524	0.0343821671	19.70101
5.24	0.0480428739	0.0750696205	0.0632064154	-0.088949694	0.549479558	1.04233205	0.761660272	0.305918605	0.0641313274	0.00984959158	18.211391
5.25	0.0456095114	0.0743790523	0.0632902937	-0.0891284208	0.548481074	0.962309975	0.724852663	0.305850829	0.0380808356	0.00578834127	18.134495
5.26	0.0432837443	0.073766313	0.0634404691	-0.0892438325	0.547229423	0.876560143	0.660484187	0.305880386	0.060934109	0.0310772075	19.75237
5.27	0.0413235585	0.0741929631	0.0635030895	-0.0892309492	0.546109034	0.690065616	0.713601885	0.306195171	0.0759538318	0.0380287058	19.888821
5.28	0.0392985446	0.0734989133	0.0634549634	-0.0891526381	0.545300421	0.515730907	0.80783227	0.306315341	0.106152999	0.0290136468	19.019621
5.29	0.0389025915	0.0732092639	0.0633229748	-0.0889584639	0.544579159	0.270357599	0.895397814	0.306249346	0.0905890059	0.0281862001	20.207854
5.3	0.0406812763	0.0733551767	0.0631030082	-0.0887230491	0.544282273	0.0715666705	0.995020354	0.30609598	0.0854954646	0.011915247	17.775617
5.31	0.0435995962	0.0733831252	0.0628190497	-0.0885326879	0.543991787	0.00153694796	1.17213705	0.306102392	0.0494592183	0.0161281962	19.768068
5.32	0.0463864781	0.0722711965	0.0624689903	-0.0882856192	0.544168494	-0.108731449	1.29804581	0.305512984	0.0582528386	0.0289275422	21.047281
5.33	0.0487497963	0.0699328005	0.0620624105	-0.0879823277	0.544692178	-0.236987281	1.38896967	0.304535852	0.046977843	0.0274717401	17.986334
5.34	0.0510447058	0.0674997344	0.0615980588	-0.0876200759	0.545502446	-0.389359312	1.44150343	0.303286006	0.0635476388	0.0121541941	18.254172
5.35	0.0533895137	0.0664608316	0.0611026152	-0.0871922247	0.546187751	-0.557299353	1.49768906	0.302747337	0.148533098	0.011247125	18.596661
5.36	0.0550452204	0.0654739564	0.0605450329	-0.0867251596	0.546656062	-0.710707767	1.56700992	0.302507126	0.132605043	0.0235725551	19.230019
5.37	0.0553723098	0.0638111817	0.0599773941	-0.0862546246	0.546825677	-0.804291266	1.6352499	0.302385583	0.109007956	0.0190823383	17.454187
5.38	0.0545604017	0.0617399541	0.0594150767	-0.0858083725	0.546674982	-0.814697074	1.69717928	0.302374837	0.136948367	0.0145454833	16.61394
5.39	0.0531718802	0.0601550788	0.0588825316	-0.0853884934	0.546189067	-0.772074106	1.7627529	0.302580941	0.0999973973	0.0131848026	17.104893
5.4	0.0506298299	0.0578270351	0.058371488	-0.0849987958	0.545423696	-0.697050245	1.82801545	0.302713748	0.0732063291	0.0295851105	16.695814
5.41	0.0473316999	0.0547253778	0.0578916637	-0.0846474665	0.544435879	-0.601566863	1.88291942	0.30274856	0.0950639203	0.0216325323	18.666115
5.42	0.043707437	0.0517335023	0.0574873276	-0.08434874	0.543204989	-0.462906536	1.90170667	0.302851176	0.0683246159	0.0181648435	18.020965
5.43	0.0402327622	0.0502006562	0.0571523553	-0.0841064041	0.54170134	-0.287471521	1.89228407	0.303263252	0.0894583068	0.013350862	18.750452
5.44	0.0367405095	0.0493426725	0.0568703433	-0.0839329084	0.540030812	-0.0737338335	1.83632498	0.303720907	0.0778155627	0.0223420933	20.01737
5.45	0.0332447343	0.0495933137	0.0565530112	-0.0838532359	0.538251804	0.171540347	1.77295894	0.304294169	0.0923890177	0.0302697196	17.816653
5.46	0.0299461099	0.0501849435	0.0562074556	-0.0838682435	0.536386225	0.455021491	1.68447187	0.304746933	0.102629507	0.0191628696	18.994559
5.47	0.0271356041	0.050648976	0.0558424101	-0.0839724939	0.534479377	0.759102621	1.56514356	0.304811359	0.1271107	0.0201616582	18.451853
5.48	0.0245716141	0.0503106411	0.0554863634	-0.0840592944	0.531958355	0.992354394	1.51416773	0.305073553	0.111039039	0.0286322959	18.847231
5.49	0.0231001326	0.0506324592	0.0551189932	-0.0842132823	0.529334151	1.24130789	1.46889162	0.305526807	0.068932096	0.0351872741	18.69852
5.5	0.0223351691	0.050353546	0.0546541417	-0.0843510488	0.526901532	1.37975991	1.41288146	0.305735674	0.0664853151	0.00912865299	18.026187
5.51	0.0228911487	0.0501804431	0.0540281917	-0.0845834703	0.525041643	1.5259951	1.47618565	0.306121242	0.0556126336	0.0203243551	18.858015
5.52	0.0242643751	0.0494109928	0.0533269181	-0.0849550669	0.523211375	1.76032867	1.54187306	0.306497048	0.0638715335	0.0162565207	17.533225
5.53	0.0266100542	0.0492209585	0.0525850168	-0.0853804379	0.521931261	1.92172396	1.67504182	0.307006417	0.0539594485	0.0195734072	20.389118
5.54	0.0292901523	0.0495830772	0.0518287784	-0.085832918	0.521195402	2.0269897	1.84853908	0.307702124	0.0443676122	0.0239439062	16.102837
5.55	0.0318594582	0.0503202434	0.0510927095	-0.0863028639	0.520946399	2.09764576	2.03914981	0.308660056	0.0266647634	0.0179944388	17.959375
5.56	0.0341135437	0.0516923894	0.0503687239	-0.0867645857	0.52117863	2.11985775	2.23876133	0.309719574	0.0678564253	0.0229633448	15.797748
5.57	0.0358195749	0.0532619108	0.0496742223	-0.0872152181	0.521932744	2.11766551	2.42369032	0.310731286	0.0444953789	0.00986400997	18.182693
5.58	0.036981341	0.0553230613	0.0490317017	-0.0876425121	0.523144717	2.09340631	2.56564706	0.311732972	0.033750784	0.0223894555	17.779131
5.59	0.0374062691	0.0566172269	0.0484478115	-0.088056303	0.524049346	2.05958324	2.82337639	0.313238518	0.0555928229	0.0224137008	20.37989
5.6	0.0367703534	0.0571074471	0.0479679618	-0.0883916151	0.525068298	1.97338302	2.88609869	0.31381345	0.103886734	0.0120572273	17.673191
5.61	0.0350365138	0.057330916	0.0475930016	-0.0887245972	0.526318672	1.91386351	2.8896849	0.313986543	0.0836479102	0.0238667322	16.846984
5.62	0.032563299	0.0574232744	0.0473445195	-0.0890325053	0.527552195	1.85932118	2.85084037	0.313921164	0.15849407	0.0224317173	18.498003
5.63	0.0296735666	0.056977604	0.04724438	-0.0893189346	0.528668186	1.80288993	2.75126778	0.313686344	0.0953880817	0.0235376351	17.630724
5.64	0.0262087587	0.0555907563	0.047226071	-0.0895908426	0.529688851	1.74966015	2.65305728	0.313731216	0.111524052	0.034191683	19.317135
5.65	0.0226682136	0.0539502351	0.0472403545	-0.0898562038	0.530577037	1.69116254	2.5781797	0.314091316	0.0904500197	0.0225003058	19.056741
5.66	0.0195747098	0.0523896864	0.0472530665	-0.0901225919	0.531378422	1.62706449	2.52186739	0.314516239	0.104016601	0.0135650097	18.638345
5.67	0.0175880292	0.0510489844	0.0472653103	-0.0904098123	0.532195611	1.55506385	2.47200054	0.314863032	0.0535370737	0.0303874581	18.542574
5.68	0.0165265216	0.0484508413	0.0472606419	-0.0907130211	0.533027814	1.44940081	2.41700313	0.314948796	0.10006637	0.0504245537	18.644758
5.69	0.0169138772	0.0457772704	0.0472429975	-0.0910214764	0.533772118	1.30424915	2.36445895	0.314943166	0.106522478	0.022326495	20.486233
5.7	0.01770426	0.0441441264	0.0472466052	-0.0913355992	0.534368412	1.1483252	2.30939703	0.314818147	0.0882563906	0.025246289	19.273115
5.71	0.0180100855	0.04370528	0.0472792491	-0.0916541663	0.534818124	0.984608615	2.24560956	0.314715818	0.123167895	0.0213365706	19.455247
5.72	0.0179708245	0.0437413165	0.0473117329	-0.0919510148	0.535030004	0.802185049	2.16328886	0.314587478	0.106745718	0.0149290168	21.463319
5.73	0.0186449708	0.0430671013	0.0473652199	-0.0922384932	0.534915133	0.633403275	2.06601977	0.314350522	0.127255595	0.0377497761	19.392401
5.74	0.0194955881	0.0423661242	0.0474900224	-0.0925032308	0.534429292	0.476484723	1.93300286	0.313931396	0.0613100218	0.0164382802	17.148649
5.75	0.0202844244	0.041252007	0.0475398352	-0.0925759802	0.534202008	0.164961458	1.95497777	0.313772325	0.0767045436	0.0273969225	17.873076
5.76	0.0208438205	0.0407198805	0.0474756498	-0.0925180081	0.534356323	-0.103845603	2.02047644	0.313533873	0.0510587884	0.023568905	21.05311
5.77	0.0210437994	0.0399067373	0.0473473561	-0.0922939374	0.534749872	-0.421164037	2.05824424	0.313056043	0.06829065	0.0255837829	17.674775
5.78	0.0207054682	0.0392096653	0.0472296423	-0.0919256583	0.535545576	-0.671408923	2.086688	0.31250762	0.0593799609	0.0165773148	18.076001
5.79	0.0199391552	0.0389067544	0.0471541932	-0.0915163308	0.53627102	-0.766091901	2.14166405	0.312167893	0.0580188913	0.0129672344	18.171977
5.8	0.0183651043	0.0390855596	0.0471386248	-0.090989297	0.537242705	-0.82942666	2.12558795	0.311518397	0.0670592575	0.0202400762	18.417077
5.81	0.0165530851	0.0394869281	0.0471702338	-0.0903825857	0.538387421	-0.832230445	2.02396188	0.310143179	0.102327487	0.029952088	16.128226
5.82	0.0144195197	0.0398992086	0.0472344988	-0.0896979503	0.53963227	-0.797006211	1.89500714	0.308692335	0.0758191145	0.0268645773	19.484552
5.83	0.0118010909	0.0400982246	0.0473264767	-0.0889271242	0.541006099	-0.750919184	1.75633941	0.30745745	0.0436397386	0.0226078515	18.650388
5.84	0.00892962842	0.0401676038	0.0474187617	-0.0880689643	0.542481966	-0.709942654	1.59398959	0.306151774	0.0471685326	0.0132302844	18.709471
5.85	0.00678709062	0.0405477879	0.0475299993	-0.0871556104	0.543790779	-0.666031723	1.44705999	0.305479884	0.0905777087	0.0273048473	17.977377
5.86	0.00552575673	0.0405787451	0.0476378597	-0.0861844663	0.544949918	-0.654365031	1.31258559	0.305192526	0.0833405692	0.0234240087	17.697878
5.87	0.00510529364	0.0396365581	0.0477156038	-0.0851936052	0.545814012	-0.645115903	1.19299629	0.305051543	0.0983247465	0.0313143822	18.52389
5.88	0.00681399967	0.0382905131	0.0477560418	-0.0842094525	0.546373086	-0.623923345	1.08181203	0.305056104	0.0960202388	0.0263949124	19.506804
5.89	0.00993537179	0.0370330331	0.0477991323	-0.0832421015	0.546580342	-0.579409054	0.972789435	0.305224764	0.0979943218	0.0127969442	18.583721
5.9	0.013680515	0.0350214512	0.0478186	-0.0823050204	0.546620356	-0.508397686	0.86879831	0.305330921	0.0924610163	0.0337416851	16.233556
5.91	0.0173162888	0.0330936913	0.0478145738	-0.0814238465	0.546572033	-0.440851997	0.781792507	0.305529935	0.11574316	0.0440670629	16.527406
5.92	0.0206982995	0.0316393213	0.0477727348	-0.0805933899	0.546421407	-0.359150182	0.720871274	0.3058534	0.0761327865	0.00838409107	20.308067
5.93	0.0237686771	0.030244683	0.0477073211	-0.0798224359	0.546205651	-0.258760151	0.667314881	0.306170794	0.0749751539	0.0190613482	21.615193
5.94	0.0269280243	0.0285379869	0.0476143785	-0.0791065917	0.545901018	-0.140505827	0.630741137	0.306469634	0.108005653	0.0223690452	20.014931
5.95	0.0290291124	0.0278093046	0.0475071131	-0.0784427263	0.545457346	-0.014217073	0.604975656	0.306756857	0.0637888031	0.0257122873	21.492714
5.96	0.0310195568	0.0271955566	0.0474174167	-0.0778385157	0.544741461	0.108194532	0.598344886	0.307340416	0.106442823	0.0262408605	19.815371
5.97	0.0327031016	0.0268398174	0.0473524065	-0.0772865231	0.543722859	0.216895952	0.601940163	0.308475375	0.154852636	0.0318096567	20.683292
5.98	0.0330251052	0.0278148245	0.0472957999	-0.0767693421	0.542365097	0.287211375	0.629280306	0.310296945	0.141828585	0.0412370272	18.300404
5.99	0.0340232132	0.0285608714	0.0471875542	-0.0762717793	0.540677993	0.311415846	0.679413063	0.311927843	0.0854203014	0.0213621176	20.773799
6	0.0362139012	0.0284820402	0.0469536159	-0.0759553303	0.539266	0.480727573	0.902302653	0.313603168	0.0583203317	0.0181304752	18.779676
6.01	0.038523276	0.0283256497	0.0466434716	-0.0757481292	0.538385405	0.665741586	1.08718776	0.314682783	0.0737260026	0.0199798103	21.522069
6.02	0.0397465389	0.028868992	0.0463169838	-0.0756220044	0.538172514	0.810894961	1.25237963	0.31545172	0.110158862	0.0231603286	18.687056
6.03	0.0395838421	0.0303751167	0.0460224778	-0.0755666563	0.538447428	0.938841255	1.39394193	0.31633553	0.0517932021	0.0416761809	18.963814
6.04	0.0393120654	0.0317718894	0.0457431526	-0.075534245	0.538860004	0.998638861	1.55744386	0.317020753	0.0378692038	0.0333802893	19.254248
6.05	0.0395092292	0.0327238933	0.0454689152	-0.0756091551	0.539769682	1.10554606	1.65220313	0.31705716	0.0294556111	0.0204423808	17.948308
6.06	0.0398582974	0.0338159311	0.0452084802	-0.0757882534	0.54102145	1.24525908	1.68092726	0.316497516	0.0469790061	0.0165194814	20.640759
6.07	0.040245407	0.0351300584	0.0449189999	-0.0760764492	0.542564182	1.4007238	1.66704473	0.31540696	0.0452782152	0.0146149785	18.548708
6.08	0.0404233151	0.0360647201	0.0446035849	-0.0764458721	0.544278446	1.5529137	1.62469467	0.314068904	0.0636282493	0.0274555317	18.385417
6.09	0.0401906461	0.0372869292	0.0442542685	-0.0768710608	0.546047742	1.67614934	1.55463175	0.312468383	0.0673254077	0.0308265131	15.580901
6.1	0.0399843496	0.0382458534	0.0439334959	-0.0773143764	0.54767254	1.74860721	1.47149269	0.310839368	0.115439521	0.0253080372	20.329073
6.11	0.0397431043	0.0389990078	0.0436378949	-0.0778259984	0.548682985	1.87986198	1.48102332	0.309571058	0.114024052	0.0192298367	17.758277
6.12	0.0389560356	0.0396741384	0.043319305	-0.0783042673	0.549534675	1.89360883	1.4744204	0.308117025	0.125670858	0.0314007126	17.907389
6.13	0.0374325499	0.0401258253	0.0430213969	-0.0787193089	0.550044085	1.82757213	1.46650549	0.307230028	0.0867524202	0.0366588066	18.782187
6.14	0.0353687039	0.0405574717	0.0427449529	-0.0790769561	0.550201207	1.72344458	1.45294074	0.306660733	0.121081635	0.0242718905	19.747008
6.15	0.0329185843	0.0410267336	0.0425003152	-0.0793887659	0.549954698	1.60548095	1.43047937	0.306212301	0.113341276	0.0146446343	17.67181
6.16	0.0310111265	0.0414619897	0.0423267736	-0.0796538833	0.549299626	1.4725423	1.39277286	0.306022751	0.11982969	0.0294463279	18.554071
6.17	0.0297132114	0.0420658019	0.042179545	-0.0798675916	0.548319608	1.3290864	1.35126821	0.305991191	0.0202573975	0.0158496726	18.762117
6.18	0.0288171253	0.0425706026	0.0420083362	-0.0800249025	0.547109376	1.1675236	1.30819558	0.305880516	0.0806052157	0.02070134	18.326035
6.19	0.0283152828	0.0430829271	0.0417724233	-0.0801271406	0.545730569	0.988187202	1.2826898	0.305935373	0.0986286364	0.017041371	18.246279
6.2	0.0262942331	0.0421247002	0.0414539334	-0.0801546085	0.544207293	0.769895964	1.26252502	0.30590332	0.0703835291	0.0407567615	18.879398
6.21	0.023257365	0.0406427148	0.041072909	-0.0801232307	0.54249753	0.549933573	1.26195068	0.305991243	0.085175321	0.0132624656	18.0595
6.22	0.0198832375	0.0391242579	0.0406622347	-0.0800459781	0.540631022	0.35534854	1.28259278	0.306153722	0.101658902	0.0152718158	19.502681
6.23	0.0158379048	0.0375120553	0.0402509957	-0.0799193818	0.538611936	0.187626924	1.30874153	0.306330892	0.110229987	0.0245630256	18.904781
6.24	0.0118706135	0.0356662774	0.0398391032	-0.0797178796	0.536405288	0.0264735663	1.30862304	0.30610933	0.0745524619	0.0337478959	19.205399
6.25	0.00983206051	0.0337983292	0.0394634069	-0.0794385242	0.534026315	-0.11585249	1.29535379	0.305924336	0.0598936642	0.0245721771	18.436198
6.26	0.0110689325	0.0321856882	0.0391786818	-0.0790677744	0.531372007	-0.261355932	1.24079467	0.305692998	0.080206713	0.0190669841	19.091685
6.27	0.0143031486	0.031850435	0.0389250098	-0.0787320088	0.528949465	-0.313849357	1.0884205	0.305401288	0.0697116368	0.028263294	20.420437
6.28	0.0183794338	0.0318481003	0.0385930492	-0.0783083925	0.52713737	-0.420866846	0.963998844	0.305099968	0.0505018221	0.0413442066	18.939015
6.29	0.0228545868	0.0328080377	0.0382685713	-0.0779063425	0.525385224	-0.433007605	0.948857703	0.30537365	0.0657046598	0.0378017273	19.779486
6.3	0.0278336474	0.0334464136	0.0379640629	-0.0773446178	0.524040643	-0.615435596	0.813030234	0.304864554	0.0659696222	0.0145478003	19.75809
6.31	0.0327022251	0.0340703568	0.0376571117	-0.0767008456	0.523375392	-0.767341546	0.661722005	0.30419941	0.0398442235	0.00873423288	19.587187
6.32	0.0375081707	0.0345796403	0.0372911645	-0.0760127448	0.523325601	-0.891943684	0.541556754	0.303530679	0.0753327201	0.0211945923	19.110178
6.33	0.0420247979	0.0353091396	0.0368543805	-0.0752876941	0.523924739	-0.989179495	0.447808923	0.302942429	0.0517054945	0.00825113813	18.426025
6.34	0.0460909532	0.0362244741	0.0363148327	-0.0745162436	0.525116693	-1.06747386	0.420734449	0.302572018	0.0612995413	0.0327375476	17.796176
6.35	0.0494988424	0.0371166638	0.0357003897	-0.073688648	0.52664334	-1.14934491	0.421880329	0.302204	0.113467913	0.0331687987	19.798374
6.36	0.0519384686	0.0376400777	0.0350814151	-0.0728254656	0.527420358	-1.20875616	0.406062679	0.301908733	0.115643813	0.00279630628	16.685591
6.37	0.053120831	0.0376763884	0.0344059417	-0.0719726043	0.528332483	-1.26338433	0.434982492	0.301670962	0.124918238	0.0102177986	20.181945
6.38	0.0535495247	0.0372188743	0.0337099453	-0.0711335194	0.529267668	-1.31313719	0.481924194	0.301483101	0.0927997927	0.0271304752	19.759845
6.39	0.0531836296	0.0365338244	0.0329993248	-0.0703184098	0.530042702	-1.32930362	0.549059719	0.301459484	0.128789706	0.0110931456	18.787265
6.4	0.0521202784	0.0352309837	0.0322842909	-0.0695338255	0.530628353	-1.31540941	0.617285012	0.301428602	0.121087619	0.0197530742	18.702411
6.41	0.0508923572	0.0333585231	0.0315957906	-0.0687608936	0.530912824	-1.2831302	0.695701128	0.301681159	0.104281422	0.0327220849	18.95316
6.42	0.049608346	0.0316875307	0.0309072764	-0.0679836024	0.530891218	-1.2551122	0.79900267	0.301935529	0.091237403	0.0202064535	18.415387
6.43	0.0484464332	0.0301086215	0.030214628	-0.0671950482	0.530573451	-1.23664755	0.945058653	0.302666561	0.0801248634	0.0319977489	19.631298
6.44	0.0477074377	0.0281400068	0.0295096358	-0.0663947352	0.530058631	-1.23179608	1.11760559	0.303370038	0.0864986883	0.024684908	18.209768
6.45	0.047395173	0.0259454022	0.0287467591	-0.0656006287	0.529396481	-1.23058477	1.31662133	0.303926193	0.0858661576	0.0208596466	18.885179
6.46	0.0474971344	0.0236887133	0.027937539	-0.0648090937	0.528698521	-1.23920173	1.52778544	0.3040337	0.0921785301	0.0334424475	18.147886
6.47	0.0480813649	0.0215347056	0.0271627213	-0.0640143192	0.527992087	-1.24232259	1.73257912	0.304042987	0.118026546	0.0146345235	17.847166
6.48	0.0495538186	0.0194759935	0.0264686862	-0.063201202	0.527213229	-1.23417549	1.91082993	0.30403013	0.1338623	0.029616636	17.609034
6.49	0.0502725876	0.0184183116	0.0259315991	-0.0623617989	0.526333428	-1.21601841	2.05361771	0.304541898	0.0801139956	0.0292848632	18.56791
6.5	0.0489989865	0.0188547721	0.0255853636	-0.0615069572	0.525229178	-1.15822089	2.11675446	0.305537612	0.144106224	0.0349737574	19.533566
6.51	0.0462376345	0.0202443466	0.0251738353	-0.0606824496	0.524987707	-1.16250978	2.19185341	0.306958374	0.0588839053	0.0266566037	18.523884
6.52	0.0426106004	0.0224415796	0.0248208041	-0.0597888677	0.52493656	-1.26802549	2.31508199	0.308390181	0.055749634	0.0296012707	20.459093
6.53	0.0383723171	0.0248954816	0.0244824427	-0.0589859753	0.525247256	-1.20245758	2.31119859	0.309167797	0.086280968	0.0206180153	18.792695
6.54	0.0336938999	0.0276414327	0.0241601128	-0.0582321581	0.526227048	-1.13706531	2.27372494	0.309563526	0.0717528829	0.0413212147	18.006312
6.55	0.0293024615	0.0299050326	0.0238197778	-0.057575011	0.527830816	-1.00531464	2.19624743	0.309661377	0.0876892197	0.0208324068	19.90901
6.56	0.0247985114	0.0318753028	0.0233866223	-0.0570554349	0.530077348	-0.791184101	2.09592496	0.308928965	0.0758895483	0.041565692	17.721566
6.57	0.0210341247	0.032934513	0.0229291078	-0.0566511569	0.532802041	-0.548915403	1.98000386	0.307801944	0.0755824865	0.0206170394	18.358357
6.58	0.0184757786	0.034116169	0.0224789113	-0.0563995178	0.535881028	-0.256546652	1.88168346	0.306685376	0.0735679477	0.015132583	19.213182
6.59	0.0178884011	0.0351094226	0.0220369686	-0.0563197588	0.539129529	0.0731071817	1.79784091	0.305616546	0.0601327858	0.0144778146	19.478505
6.6	0.0206501248	0.0367467518	0.0216483143	-0.0563128228	0.541769767	0.329200031	1.67417721	0.305260011	0.12071018	0.0173531498	17.239013
6.61	0.0240329902	0.0378727334	0.0213375096	-0.0564508987	0.544024819	0.626058746	1.6382782	0.305335854	0.12165447	0.0265709688	18.574933
6.62	0.0276087362	0.0387879478	0.0210407523	-0.0566470018	0.545910141	0.900794373	1.64923838	0.30562273	0.123388281	0.0165502592	18.642559
6.63	0.0306388206	0.0392436121	0.0208188419	-0.0568686015	0.547330856	1.13096747	1.68023457	0.305942894	0.0785237553	0.0240074369	17.120049
6.64	0.0329204269	0.0388336346	0.0206866698	-0.0571106983	0.54828896	1.31868893	1.72201006	0.306159271	0.0852806009	0.0155187527	17.109656
6.65	0.0350833747	0.0375364269	0.0206786489	-0.0573624087	0.54872099	1.44447396	1.76672781	0.306563789	0.105895082	0.0329747742	19.269194
6.66	0.0371817425	0.0354107206	0.0207802886	-0.0576249667	0.548662404	1.51877759	1.80363507	0.306730599	0.0826071501	0.0334829398	19.942366
6.67	0.0395255277	0.033376241	0.0209871393	-0.057893483	0.548118854	1.5483394	1.84029064	0.30688871	0.0519051243	0.0115928169	17.650267
6.68	0.0420518473	0.0318680591	0.0212731533	-0.0581583936	0.54715807	1.51638289	1.88632999	0.307435283	0.0739850018	0.0211049302	18.138881
6.69	0.0442131176	0.0306853143	0.0216183816	-0.0584100624	0.545862772	1.42688393	1.94879717	0.308259363	0.082409584	0.0145111575	19.316412
6.7	0.0456559608	0.0294656107	0.0220131581	-0.0586536925	0.544372782	1.31971838	2.0508953	0.309254968	0.120491058	0.0240943188	17.509122
6.71	0.0458671225	0.0285689463	0.022497321	-0.0588649919	0.54265861	1.15670253	2.16702104	0.310437752	0.168140867	0.0405981742	19.012765
6.72	0.0450761909	0.0278745055	0.0230418561	-0.0590542	0.540700392	0.956044829	2.29460353	0.311843873	0.103751449	0.0327349637	18.99288
6.73	0.0431535443	0.0280371557	0.0236421791	-0.0592245248	0.538485708	0.705986405	2.38763681	0.312719061	0.147673288	0.0368917288	16.722981
6.74	0.040847095	0.0288094644	0.024182903	-0.0595129026	0.536579667	0.627412097	2.37200371	0.312734066	0.100067974	0.0141880791	20.075759
6.75	0.0387832192	0.0291495243	0.0246235076	-0.0599316483	0.534866341	0.656082591	2.27157566	0.312081704	0.0675499223	0.0213558204	18.74031
6.76	0.0366419377	0.0291740984	0.0248430058	-0.0604471444	0.533719969	0.662261171	2.36097711	0.311328041	0.0331082031	0.0296909408	17.38323
6.77	0.0344804996	0.0288095905	0.024868302	-0.0609525058	0.532982674	0.520981397	2.44010897	0.310178682	0.0501233568	0.0239461264	18.723858
6.78	0.0327132778	0.0286841325	0.0247184963	-0.0614553507	0.53281042	0.383057873	2.54829105	0.3088342	0.0396941584	0.0176744141	18.398242
6.79	0.0315224061	0.0283008817	0.0244260846	-0.0619472177	0.533099064	0.242377455	2.63249412	0.307135586	0.057587184	0.0281797842	18.215409
6.8	0.0315707499	0.0275102428	0.0240789605	-0.0624599242	0.533755574	0.15534918	2.69029383	0.305496813	0.0874340596	0.0447629144	19.750064
6.81	0.0326782978	0.027378994	0.0236870344	-0.0629784691	0.534734785	0.108693815	2.75891208	0.304781018	0.0539542648	0.0271596042	19.005451
6.82	0.0344199757	0.028081173	0.0232880334	-0.0634771342	0.535934967	0.0581039719	2.81204776	0.304698327	0.0645632862	0.028453508	17.436067
6.83	0.0357326944	0.0289920685	0.0228824206	-0.0639283253	0.537272028	0.00220904974	2.82029146	0.304848451	0.0374681812	0.03538325	18.960955
6.84	0.0358414545	0.0294089705	0.0224905858	-0.0642535536	0.538372316	-0.15085052	2.83411584	0.305114261	0.0533005136	0.0146554617	17.243083
6.85	0.034599842	0.0292184772	0.0220938047	-0.0645263006	0.539592409	-0.292067468	2.80520785	0.3052661	0.101635448	0.0174250937	19.294175
6.86	0.0320234015	0.0282405973	0.0216771726	-0.0648270441	0.540782967	-0.396610415	2.80980498	0.305445098	0.161276288	0.0317180667	18.072881
6.87	0.0287466496	0.0275461666	0.0212558962	-0.06515642	0.541776735	-0.481274041	2.84061393	0.30578641	0.133387081	0.0295824084	17.48154
6.88	0.0248504716	0.0267502538	0.0208659849	-0.0654863614	0.542673961	-0.534062127	2.89671617	0.306068962	0.106654934	0.012158782	19.205672
6.89	0.0199801089	0.0252408532	0.0205239185	-0.0658001933	0.543473799	-0.579881036	2.98516038	0.306213823	0.101859252	0.01979534	19.254978
6.9	0.0154602665	0.0235583248	0.0202719277	-0.0660815606	0.544110738	-0.61804164	3.09992522	0.306134707	0.096775006	0.0317379086	18.099532
6.91	0.0136798448	0.0214667206	0.02019883	-0.0663823942	0.543995457	-0.510819025	3.09078472	0.30578389	0.102807628	0.019826978	18.980041
6.92	0.0149934862	0.0200489452	0.0202836782	-0.0666277171	0.54382037	-0.462383435	3.15220115	0.305928568	0.0600921157	0.0183397154	18.050155
6.93	0.0178999937	0.0188935424	0.020523834	-0.0668099809	0.54346015	-0.43427942	3.25323517	0.306304003	0.0944444608	0.0127807922	18.591021
6.94	0.0215529356	0.0177496189	0.0208997616	-0.0669320799	0.542955573	-0.406243013	3.37940188	0.306719656	0.0766846345	0.0131547248	17.712979
6.95	0.0250741774	0.0169441635	0.0213566203	-0.0670189016	0.542372495	-0.341114599	3.53703975	0.30726405	0.147884934	0.0181958116	17.365714
6.96	0.0277628365	0.0166351793	0.021926106	-0.0670781793	0.541702935	-0.246150498	3.70331442	0.307904628	0.08249333	0.018444193	20.481798
6.97	0.0297363518	0.0167096642	0.0226234174	-0.0671238417	0.540823924	-0.101337686	3.84616324	0.308457199	0.102846317	0.0310924798	19.442048
6.98	0.0308504567	0.0170370986	0.0234478628	-0.0671554632	0.539717228	0.0628638169	3.98047426	0.309161293	0.120825199	0.0173343956	20.378302
6.99	0.0308526751	0.0176952031	0.0242905277	-0.0670710534	0.53899775	0.108570431	3.98350879	0.309429468	0.0983325666	0.0213764167	19.656006
7	0.0304417349	0.0183164074	0.0251315244	-0.0668801356	0.538625038	0.0692400771	3.8600661	0.309243956	0.0589533737	0.0140056243	16.373974
7.01	0.0290703692	0.0192914354	0.0259596423	-0.0665138597	0.538170294	-0.144420203	3.6970238	0.309188677	0.0603449329	0.0195662551	18.226356
7.02	0.026633125	0.020712949	0.0267152666	-0.0661299508	0.5383535	-0.2510194	3.51913991	0.309176218	0.0495828626	0.0242283455	18.80657
7.03	0.0230724018	0.0229622439	0.0273275297	-0.0657397781	0.539016433	-0.317001406	3.30797299	0.309041404	0.073314471	0.0382099932	17.961678
7.04	0.0187122159	0.0261830389	0.0278731384	-0.0653754679	0.539888962	-0.307798627	3.01314133	0.308567299	0.112353938	0.0449795901	17.844439
7.05	0.0156902571	0.0300694524	0.0283416821	-0.0650388941	0.540889009	-0.262762095	2.64607222	0.307943733	0.0540605651	0.0317880019	17.126146
7.06	0.0165810044	0.0340295446	0.0286960955	-0.0647416625	0.542032357	-0.186673893	2.2659471	0.307349666	0.0581033627	0.0179069232	18.491768
7.07	0.0206997488	0.0381758872	0.0289422207	-0.0644861545	0.543276165	-0.0819902868	1.88711513	0.30659299	0.040242532	0.0299793953	19.815408
7.08	0.0253454806	0.0415146073	0.0289903334	-0.064286313	0.544694014	0.0509974875	1.54453932	0.305417734	0.0752366573	0.025718295	19.327071
7.09	0.0297306059	0.0444139409	0.0289448481	-0.0641998036	0.54576226	0.285024433	1.3057496	0.304934854	0.0352617469	0.018484746	16.767977
7.1	0.0334215685	0.047189764	0.0287927732	-0.064163211	0.546797138	0.509313627	1.12965928	0.304913448	0.113931691	0.0239806497	18.129035
7.11	0.03579838	0.0493362464	0.0285462475	-0.0641437062	0.547671422	0.684282996	1.00164739	0.305113936	0.119989975	0.0184835075	16.957357
7.12	0.0368001832	0.0508549988	0.0282441957	-0.0640595022	0.547913533	0.72941703	0.824933195	0.305412741	0.0985558198	0.0262710831	17.497642
7.13	0.0358830118	0.0507653744	0.0278889299	-0.0639947465	0.548053175	0.760116862	0.709963881	0.305623648	0.0742507287	0.0101016098	20.386312
7.14	0.034087505	0.0496442525	0.0275243158	-0.0639482063	0.547995836	0.789077652	0.638857099	0.30579213	0.0764546833	0.01292226	17.267417
7.15	0.0322247402	0.0480671669	0.0271922418	-0.0639291595	0.547700559	0.840828393	0.614295267	0.305985828	0.109873348	0.0144361805	18.589368
7.16	0.0312083521	0.0461780474	0.0269041044	-0.0639644451	0.547217157	0.923874684	0.637700483	0.306312219	0.0818442375	0.0398193217	17.486578
7.17	0.031035311	0.0443883707	0.0266874491	-0.0640565284	0.546571699	1.02307138	0.699220691	0.306474762	0.0728616073	0.0384985521	17.858496
7.18	0.0321658753	0.042800486	0.026522052	-0.0641809368	0.545830921	1.08627952	0.785342271	0.306813999	0.0886901513	0.0169341614	19.199342
7.19	0.0344745413	0.0409938673	0.0263819874	-0.0643270193	0.545013031	1.10287148	0.888399826	0.307458876	0.107679296	0.0135921143	17.578623
7.2	0.0377410172	0.0385124059	0.026252791	-0.0644889103	0.544087145	1.07360315	1.01128473	0.308277974	0.0925038041	0.030361556	24.204886
7.21	0.0413001539	0.0363379665	0.0261185832	-0.0646485627	0.543036986	0.993333159	1.15123785	0.309457628	0.0973206262	0.0253919425	20.572749
7.22	0.0456641416	0.0337481445	0.0259724329	-0.0647829321	0.541814464	0.8420737	1.28847015	0.310685797	0.12637207	0.0482945463	19.383863
7.23	0.0505581957	0.0308955729	0.0258293888	-0.064886446	0.540395762	0.655409336	1.40914371	0.31170174	0.12754865	0.0266255321	19.158896
7.24	0.0544993449	0.0289186557	0.0257305013	-0.064957379	0.53885284	0.442273235	1.50004385	0.312853692	0.0500846015	0.0377080295	19.10543
7.25	0.056808837	0.0280500116	0.0257116963	-0.0649771549	0.537094545	0.193096684	1.5262764	0.31359942	0.0794954306	0.0281813486	18.561696
7.26	0.0581389901	0.0275395719	0.0258015817	-0.0649584311	0.535067722	-0.0570863264	1.50755814	0.314129254	0.0619773234	0.0180336071	20.016641
7.27	0.0584922807	0.0271765645	0.0258609343	-0.0648896148	0.533603873	-0.280163367	1.4883859	0.314122644	0.0823058718	0.0168086385	19.511205
7.28	0.0580360376	0.0269011309	0.0259189536	-0.0648566088	0.532201732	-0.414470212	1.5318645	0.314172165	0.0595853199	0.0192841623	19.047931
7.29	0.0570664888	0.0267001817	0.0258539761	-0.0647222819	0.531110044	-0.637470325	1.49227284	0.313594436	0.0556242484	0.0213702628	18.178788
7.3	0.0553197188	0.026741701	0.0256821748	-0.0645667233	0.530705072	-0.809235342	1.45295325	0.312608368	0.0593191946	0.0122357838	19.033554
7.31	0.052918717	0.0270139632	0.0254278558	-0.0643796228	0.530961958	-0.964190181	1.40968073	0.311154143	0.0646771174	0.012727657	18.403722
7.32	0.0497062316	0.0280461289	0.0251497579	-0.0641657421	0.531815415	-1.08281084	1.34750339	0.309556005	0.0531250191	0.0197967205	18.796802
7.33	0.0465602146	0.0295480038	0.0248379544	-0.0639281012	0.533189257	-1.17115639	1.28530694	0.30798861	0.0308767821	0.00946466257	18.176518
7.34	0.0437112883	0.031894542	0.024516086	-0.0636647382	0.53489586	-1.25779297	1.23335322	0.306599559	0.0602900405	0.0243846415	17.391298
7.35	0.0419780921	0.0340559672	0.0242137234	-0.0633651825	0.536616683	-1.32157073	1.17268745	0.305207079	0.104908898	0.0135794223	18.521419
7.36	0.0414800531	0.0359237289	0.023948798	-0.0630657249	0.537831121	-1.30327022	1.02706318	0.303565729	0.0896769408	0.0230399052	18.272211
7.37	0.042127517	0.0376906087	0.0237184432	-0.0626742995	0.538483072	-1.32160817	0.973859071	0.302988615	0.0688170831	0.0164048172	18.74218
7.38	0.0427130087	0.0391648469	0.0235481717	-0.0622594901	0.538782462	-1.27182313	0.952533115	0.303085631	0.0912635106	0.0250691207	17.931466
7.39	0.042074369	0.0397929003	0.0234255217	-0.0618400169	0.538634043	-1.1623628	0.962609473	0.303500125	0.0700344426	0.010711575	17.622051
7.4	0.0391346567	0.0379794827	0.02333256	-0.0614293024	0.538039846	-1.01829882	0.994247249	0.303779646	0.0745610024	0.0430841048	18.278642
7.41	0.0351151029	0.034944017	0.0232479353	-0.0610460854	0.537170983	-0.832125575	1.06048814	0.304163201	0.106481149	0.0193798545	18.344767
7.42	0.0317927447	0.0315367664	0.0231133668	-0.0607049647	0.536159536	-0.599957769	1.16969898	0.304645739	0.0604166492	0.0178684238	19.221844
7.43	0.0308852325	0.0278407938	0.0229158101	-0.0604097459	0.535065801	-0.343754746	1.32260796	0.305242014	0.0828613567	0.0275575005	17.330464
7.44	0.0331730009	0.0243985706	0.0226202093	-0.0601738278	0.533928333	-0.0518853455	1.52588202	0.306118538	0.122244571	0.0219794951	18.744945
7.45	0.0376121296	0.021509349	0.0222710563	-0.0599964013	0.532567277	0.304867572	1.75393303	0.307559048	0.111737663	0.030028457	16.722381
7.46	0.0425406765	0.0193213291	0.0218208436	-0.0597906905	0.531405143	0.569529482	1.91333671	0.308615835	0.0898830457	0.0249790691	18.20159
7.47	0.046673658	0.0178807581	0.0212299202	-0.0595302029	0.530602801	0.710254393	2.01267914	0.309285125	0.11983797	0.0192174685	17.122367
7.48	0.0494951089	0.01720961	0.0205172135	-0.0591652707	0.530146649	0.697578052	2.04847421	0.30982085	0.115213687	0.013173549	18.147642
7.49	0.051063384	0.0170124253	0.0196989025	-0.0586893023	0.529996497	0.565084254	1.9963757	0.310066243	0.0803282608	0.0250009729	18.228587
7.5	0.0503639544	0.0178459356	0.0187978484	-0.0581572687	0.5301778	0.462558081	1.98953878	0.310801578	0.0706771903	0.0320873059	17.611546
7.51	0.0483427582	0.0191754963	0.0177658152	-0.057574513	0.531142181	0.382550355	2.01406621	0.311469089	0.0851818701	0.0120821451	18.769545
7.52	0.045679401	0.0205578785	0.0166125235	-0.0569211199	0.532655765	0.296365781	2.05230393	0.311940005	0.0446860749	0.0323477565	18.215255
7.53	0.0426433599	0.0218810268	0.0153891179	-0.056230613	0.534581214	0.249676417	2.07827048	0.311721977	0.0677718987	0.0174356416	17.681779
7.54	0.039824057	0.0228791747	0.0141591748	-0.0556066325	0.536396354	0.33805787	2.17048396	0.31127513	0.0463204171	0.0261720346	17.516467
7.55	0.03692094	0.0239489648	0.0129395001	-0.054979826	0.538483192	0.430236916	2.23948582	0.310056322	0.0788717143	0.0244418147	18.958158
7.56	0.0345796449	0.0248508629	0.0118368604	-0.0543495951	0.540623132	0.523132423	2.26983477	0.308570871	0.0500333802	0.0199083312	17.897552
7.57	0.032977245	0.0256703686	0.0109293066	-0.0537223836	0.54268372	0.615229879	2.24924696	0.306954929	0.0566609404	0.0109523058	17.747679
7.58	0.0323877904	0.0262228275	0.0101802045	-0.0531127969	0.544635502	0.716894059	2.19274561	0.305296785	0.0498732635	0.0162792506	18.31112
7.59	0.0330099526	0.0269277743	0.00954455804	-0.052507526	0.546359583	0.812615035	2.15797355	0.304655528	0.0712055528	0.0538070919	17.078147
7.6	0.0342166548	0.0279953952	0.0090705043	-0.0519091677	0.547751803	0.890078506	2.15346258	0.304717525	0.15317549	0.0414941498	17.2711
7.61	0.0351373106	0.0281859959	0.00873868772	-0.051319042	0.548859815	0.94360829	2.17659137	0.304980311	0.0827505037	0.017312489	17.453142
7.62	0.0357471042	0.0276223937	0.00854459345	-0.0507322965	0.549670387	0.968300314	2.21893091	0.305338568	0.0519913724	0.00795976314	18.064647
7.63	0.0365755078	0.0260458774	0.00850146592	-0.0501469825	0.550158314	0.964887134	2.26796433	0.305629078	0.0739475384	0.0163846426	16.6651
7.64	0.0385619417	0.0242704808	0.00861979762	-0.0495612264	0.550360177	0.933746415	2.31208366	0.305924751	0.0593924372	0.0110334438	16.716724
7.65	0.0419608344	0.0223353965	0.00889507572	-0.0489903295	0.550326082	0.903877619	2.37007103	0.306179068	0.0779235066	0.00734812925	18.541401
7.66	0.0463049726	0.0203095914	0.00932350322	-0.0484232031	0.550058297	0.864646049	2.42649211	0.306297457	0.0725660782	0.0177522957	19.695927
7.67	0.0507203426	0.0187705979	0.00988938646	-0.0478759115	0.549661943	0.841918348	2.50939659	0.306707282	0.0649421487	0.0196401632	19.874779
7.68	0.0544527671	0.0178271701	0.0105461153	-0.047334323	0.549161547	0.810088976	2.61415026	0.307352164	0.0826423955	0.015576976	19.840863
7.69	0.0572229824	0.0173459496	0.0112706689	-0.046786843	0.54857504	0.748382937	2.73488822	0.3083049	0.0988345255	0.0112801815	18.244593
7.7	0.0599798001	0.0166348936	0.0120040768	-0.046230871	0.547895111	0.646752627	2.87066126	0.309170593	0.123531329	0.0237747641	18.509545
7.71	0.0613114119	0.0162945589	0.0127719912	-0.0456342704	0.54707828	0.489418521	2.9922918	0.309977005	0.0953335006	0.0380641689	20.89068
7.72	0.0612193217	0.0161405718	0.0135825444	-0.0449895257	0.546081545	0.294905271	3.09515119	0.310793302	0.0635463932	0.0197930404	22.316837
7.73	0.0597823854	0.0161234038	0.0144040395	-0.0442962581	0.544868228	0.0649060253	3.17826838	0.311382361	0.127158954	0.00482697407	19.775924
7.74	0.0572225659	0.0160061176	0.0152296608	-0.0435262856	0.543448644	-0.210890774	3.23992078	0.311841503	0.0485396466	0.0327947913	21.187087
7.75	0.0530082846	0.0163137671	0.0158908065	-0.0427894191	0.542373655	-0.33552882	3.26734105	0.311988938	0.0868220305	0.0187001915	19.431064
7.76	0.0479545957	0.0168136778	0.0164276095	-0.0420813776	0.541542457	-0.38271858	3.25359233	0.311939644	0.0791840809	0.0275489949	19.091761
7.77	0.0419085289	0.0178216196	0.016949199	-0.0415024979	0.540526684	-0.255456497	3.24205622	0.312251395	0.0725319455	0.0284556442	17.316174
7.78	0.0353723462	0.0191706519	0.0172900995	-0.0409216921	0.539987678	-0.162724701	3.24278343	0.312356387	0.0562050861	0.00689213951	18.090093
7.79	0.0298461838	0.0204612089	0.0175005658	-0.0403062374	0.539527343	-0.109925108	3.16075847	0.312019937	0.0856859112	0.0269231408	20.029301
7.8	0.0257860377	0.021600779	0.0175793081	-0.0397055708	0.53944682	-0.0390526066	3.07047825	0.311331583	0.0409165735	0.00493694904	17.275429
7.81	0.0233169015	0.0223702286	0.0175369761	-0.0391190353	0.53969116	0.0329314352	2.96523429	0.309998712	0.0760091973	0.0243893801	18.075901
7.82	0.0220161831	0.0230971004	0.017343959	-0.0385513197	0.5402552	0.0801053599	2.83958044	0.308055623	0.045661934	0.0297082174	19.068194
7.83	0.0222260176	0.0238897785	0.0170428661	-0.0379720761	0.541100672	0.0672331905	2.68273854	0.30607845	0.0753128616	0.017576642	19.249819
7.84	0.0240095905	0.0249174073	0.0166901635	-0.0373935796	0.542199309	0.0243841865	2.48668065	0.304326006	0.0624855744	0.0144819767	17.968049
7.85	0.0268675259	0.0261238782	0.0163035787	-0.0368367617	0.543268885	-0.0249397597	2.28556989	0.303451769	0.124229733	0.0198464776	18.133541
7.86	0.029613422	0.0276799058	0.0158877825	-0.0362451914	0.543673956	-0.144290898	2.17033887	0.303430122	0.129592751	0.0269987138	18.4683
7.87	0.0314561914	0.0290159682	0.0154225098	-0.0357247662	0.544008722	-0.217474257	2.0664539	0.303649923	0.131431494	0.0197764282	18.135743
7.88	0.0326013824	0.029662977	0.0149613153	-0.0352646778	0.544188516	-0.272803949	1.95109558	0.303822378	0.186990316	0.0313208956	19.861454
7.89	0.0329996988	0.0296431033	0.0144931692	-0.0348682365	0.544227012	-0.281899888	1.83880041	0.304085757	0.0983749844	0.0379285406	17.807314
7.9	0.0333771235	0.0296464397	0.014001934	-0.0345233345	0.544123028	-0.253652163	1.74341056	0.304454234	0.106780563	0.0288738901	17.332876
7.91	0.0338536971	0.0286506603	0.0134787479	-0.0342401584	0.543868206	-0.184458049	1.64703723	0.304641792	0.0960477873	0.0163679058	17.506759
7.92	0.0350614439	0.027279476	0.0128946348	-0.0340009324	0.543548143	-0.118900531	1.58403061	0.304794649	0.0709234489	0.0116422113	18.212094
7.93	0.0370110137	0.0260998429	0.0123263905	-0.03378376	0.543153763	-0.0637496656	1.53768246	0.305088166	0.129512808	0.0147547527	19.155058
7.94	0.0393146009	0.024773757	0.0117719029	-0.0336036098	0.542706166	0.00256441248	1.46477724	0.304963449	0.141175669	0.0296561369	19.645121
7.95	0.0418810707	0.0238577845	0.0112740578	-0.0334550011	0.542084986	0.058843383	1.37864423	0.304931906	0.127387879	0.0194770912	18.698747
7.96	0.0445031121	0.0231496691	0.0108261483	-0.0333383853	0.541342249	0.122820144	1.26875472	0.304906847	0.0949575103	0.0131255794	18.448588
7.97	0.0471543356	0.0223837686	0.0104052774	-0.0332616075	0.540466593	0.177092762	1.14765197	0.304880106	0.103172558	0.0188700907	20.398498
7.98	0.0497639057	0.0219398765	0.0100080769	-0.0331830146	0.539522434	0.183047808	1.04675618	0.305020699	0.093578998	0.0234119702	20.452577
7.99	0.0521669167	0.0217771476	0.0096346545	-0.0330584367	0.538547537	0.0950249518	0.994850208	0.305267883	0.0830178247	0.0281108939	20.050455
8	0.0542722626	0.0215137914	0.00935189752	-0.0328891723	0.537379976	-0.053688755	0.954116745	0.30572852	0.063007367	0.0287205085	18.298824
8.01	0.0558243337	0.021042386	0.0090785514	-0.0327810449	0.536482372	-0.115598202	1.04847637	0.306475992	0.0727986062	0.0165214945	18.733565
8.02	0.0572357501	0.0203387261	0.00889010711	-0.0328184194	0.53535886	-0.00762621404	1.13130639	0.307081115	0.0662064614	0.0252741131	18.866013
8.03	0.0586595853	0.0192003761	0.00877355516	-0.0329145202	0.534517782	0.0868185023	1.27993392	0.307696475	0.0590417475	0.031080635	18.604309
8.04	0.0590473131	0.018385754	0.00875185731	-0.0330453042	0.534003829	0.111940839	1.43963194	0.308086402	0.0896265073	0.0125703732	19.175621
8.05	0.0582061773	0.0180799546	0.00893762353	-0.0332328663	0.533634766	0.142157498	1.57316614	0.308568983	0.0994773672	0.024795702	18.544562
8.06	0.0559631421	0.0183408085	0.00936328837	-0.0334360442	0.533307601	0.141199138	1.65171146	0.30907798	0.0898709234	0.018695461	20.055424
8.07	0.0524139405	0.0189675672	0.00996718859	-0.0335677125	0.532731071	0.00928513611	1.75030268	0.30956511	0.047735854	0.00698524923	17.324882
8.08	0.048846246	0.0192086985	0.0107272267	-0.0337514981	0.532429802	-0.0747640261	1.78013592	0.309658745	0.0786749868	0.0382633899	17.941413
8.09	0.044576444	0.0196516555	0.011600966	-0.0340332896	0.532654042	-0.101558803	1.74969565	0.309233531	0.147900033	0.0182434725	18.561762
8.1	0.0400740642	0.0202434443	0.0125963877	-0.0343998328	0.533148121	-0.108612149	1.67512795	0.308488732	0.0894065326	0.019640703	17.524257
8.11	0.0352142805	0.0212555693	0.0136866283	-0.0348437756	0.53371949	-0.109223109	1.56898769	0.307766369	0.124133027	0.0382331335	17.49271
8.12	0.0307918296	0.0223266543	0.0148626804	-0.0353400777	0.534171462	-0.114421271	1.44006486	0.306932865	0.10899095	0.0174478522	18.351686
8.13	0.0271494423	0.023677047	0.0160854339	-0.0359240951	0.534070194	-0.0107178228	1.39575716	0.306420851	0.102735251	0.00674654177	17.748453
8.14	0.0248860064	0.0247519312	0.0173227129	-0.0364842215	0.533894161	0.0232987728	1.3067911	0.305422919	0.0971619667	0.0238723823	17.516749
8.15	0.0247737807	0.0260570342	0.0186200033	-0.0370083907	0.533546549	0.0144910587	1.21746872	0.305053002	0.113032571	0.00542542513	19.073836
8.16	0.0252332361	0.0265338279	0.019954555	-0.0374705577	0.53296949	-0.0386335388	1.11782372	0.304934891	0.144790433	0.0448756023	20.363401
8.17	0.0252443667	0.0270038709	0.0213221257	-0.0378869878	0.532125923	-0.09092473	1.04102121	0.305191594	0.0768598323	0.0152883207	17.021179
8.18	0.0237989578	0.0267698516	0.0226366891	-0.0382721303	0.531095769	-0.128708046	1.01622036	0.305565936	0.101443538	0.0238427749	17.496361
8.19	0.0210159919	0.0260068382	0.0238781541	-0.0386307226	0.529929252	-0.148514786	1.04092183	0.305956209	0.0936588842	0.00813766073	17.334533
8.2	0.0172188652	0.0239974146	0.0250339168	-0.0389648269	0.528610618	-0.155071737	1.11023393	0.306138073	0.0978443246	0.0288023175	18.870319
8.21	0.0146665261	0.021689524	0.0261517868	-0.0392804201	0.527132596	-0.143471137	1.20457657	0.306228161	0.117362098	0.0146864381	18.728214
8.22	0.0148924091	0.0193795137	0.0272663711	-0.0395692666	0.525461311	-0.132955369	1.29585429	0.306173942	0.103760243	0.0150339613	18.300623
8.23	0.0175099148	0.0171920597	0.0283787313	-0.0398273956	0.52359033	-0.12925661	1.39373842	0.30638191	0.097436974	0.0333590239	20.441905
8.24	0.0196201465	0.0158702791	0.0293965279	-0.0399783578	0.521936967	-0.328057192	1.60805063	0.306884011	0.12281214	0.0148795139	20.334991
8.25	0.0201482472	0.0154583158	0.0302963463	-0.0401189595	0.520833515	-0.548937563	1.782006	0.307361263	0.0576390618	0.0198929517	18.966687
8.26	0.0192435323	0.0155482851	0.0311114257	-0.0402619927	0.520364448	-0.735290865	1.95213494	0.30811289	0.061607341	0.0322712307	19.163671
8.27	0.0163233289	0.0165299811	0.0319302698	-0.0404521297	0.52001832	-0.820695962	2.16442389	0.309713051	0.0733395543	0.04284098	20.136502
8.28	0.0133512452	0.0179320753	0.0327325582	-0.0406253182	0.520033173	-0.951256182	2.31808571	0.31101226	0.0728936528	0.0238932941	20.328919
8.29	0.0118969867	0.0191259338	0.0334937959	-0.0407896654	0.520338617	-1.07141408	2.41440065	0.311865659	0.0447553771	0.0277953795	17.252491
8.3	0.0122343369	0.0205936188	0.0341883157	-0.0409434819	0.520996931	-1.16647921	2.4761848	0.312582316	0.0483041919	0.0325253141	19.139982
8.31	0.0144751955	0.0222303408	0.0348031	-0.0410928012	0.522171423	-1.24792842	2.49586682	0.312660992	0.0907945106	0.0219041745	19.283641
8.32	0.0172726289	0.0234622402	0.0352748052	-0.0412474015	0.523873475	-1.32142264	2.49583091	0.312263875	0.058294993	0.0130889284	17.560967
8.33	0.0199347008	0.0246379666	0.0356096542	-0.0414488121	0.526004689	-1.32767849	2.46710402	0.311503845	0.0691428933	0.0119840238	20.386977
8.34	0.0223054876	0.0254114459	0.0358243438	-0.0417137458	0.528030137	-1.25489113	2.30691621	0.310327265	0.0489933146	0.0194853631	18.067074
8.35	0.0241154259	0.0261330292	0.0359901955	-0.0419313301	0.529855663	-1.24516002	2.22860646	0.309256862	0.129096815	0.0285870703	18.64092
8.36	0.025678655	0.0269822251	0.0360501943	-0.0422386766	0.531846013	-1.17484873	2.14177642	0.308126814	0.0992400417	0.0190472299	18.73625
8.37	0.0263344924	0.0273575261	0.036043492	-0.0426268465	0.533767255	-1.05257212	2.05003754	0.30701809	0.0993238518	0.017058185	15.949869
8.38	0.0262078144	0.027508551	0.0359869035	-0.0430752771	0.535610245	-0.905694115	1.99368033	0.305947998	0.125573771	0.0187845024	18.39034
8.39	0.0248077862	0.0274822544	0.035890565	-0.0435870126	0.537260156	-0.73128852	1.97474617	0.304829369	0.12039935	0.0396781831	16.923448
8.4	0.0222856693	0.0270165532	0.0357951119	-0.0441452907	0.538716668	-0.549378627	1.98995142	0.303753912	0.0753535162	0.0230714105	20.062888
8.41	0.01905629	0.0264097908	0.0357442794	-0.0447387511	0.539922245	-0.364099967	2.06506013	0.303513552	0.0725441698	0.00954019509	15.81999
8.42	0.0157260751	0.0262550351	0.0357435795	-0.0453538106	0.540898383	-0.179285751	2.18825096	0.303814685	0.060012107	0.0268646996	16.552486
8.43	0.0126418707	0.026529463	0.0357868154	-0.0459907919	0.541736041	0.0262433582	2.33586289	0.30433229	0.137258904	0.0276412262	17.973438
8.44	0.0093222535	0.0266849596	0.0358645341	-0.0466514319	0.542455296	0.24522528	2.51092631	0.304842601	0.0626642655	0.0368661264	19.517069
8.45	0.0064349383	0.0260970065	0.0359851761	-0.0473222281	0.543044674	0.446888856	2.7218097	0.305202565	0.100493365	0.0133199553	18.222214
8.46	0.00720323532	0.0262182235	0.0361476112	-0.0480024222	0.543477726	0.661044496	2.96625328	0.305842887	0.0649112014	0.044571602	18.618714
8.47	0.00910075906	0.0264585499	0.0364169325	-0.0486769458	0.543646368	0.89770557	3.22893486	0.306914628	0.136031974	0.0154810891	17.690212
8.48	0.0109322629	0.0266818555	0.036789718	-0.049339649	0.543530152	1.14969137	3.49845459	0.308104003	0.118293365	0.0101194395	17.359087
8.49	0.0117712496	0.0269790601	0.0372684786	-0.0499064736	0.543443571	1.26324327	3.69992599	0.309592844	0.0941085667	0.0526547792	17.822655
8.5	0.0113625834	0.028482477	0.0378371488	-0.0503742107	0.543378583	1.30907944	3.81405117	0.311000867	0.0740537422	0.0400642616	19.318334
8.51	0.0100775659	0.0307001303	0.0385071081	-0.0507389237	0.543417383	1.29773017	3.84995717	0.312495899	0.0727999272	0.0330381328	19.851906
8.52	0.0093301677	0.0337885819	0.0393097043	-0.0509310099	0.543267056	1.17376357	3.83840588	0.313919699	0.0900432399	0.0388915288	18.672492
8.53	0.0107002585	0.0371350294	0.0402682645	-0.0509849159	0.543177018	1.04232212	3.70971265	0.314667883	0.0439558264	0.0235586206	18.737011
8.54	0.0138804765	0.0404480692	0.0413087265	-0.0509136241	0.543133794	0.882797165	3.54304233	0.315110502	0.0789201366	0.0353901103	19.823232
8.55	0.0183172606	0.0439535435	0.0424227173	-0.0507127181	0.543227701	0.707465048	3.34549316	0.315310288	0.0537464021	0.0329286558	17.031188
8.56	0.0239286488	0.0478989205	0.0436293445	-0.0503649788	0.543443387	0.514265414	3.09890227	0.31530134	0.0724152069	0.0371243037	17.512843
8.57	0.0297504738	0.0519608194	0.0448425913	-0.0498646459	0.543728066	0.295887158	2.84532216	0.314667166	0.0595494511	0.0553843525	18.157944
8.58	0.0352377088	0.0555252208	0.0460473254	-0.0492070283	0.544085353	0.0851145061	2.58524012	0.313742122	0.0613823485	0.0253862995	17.241481
8.59	0.0397462203	0.0581691271	0.0471944353	-0.0483718842	0.544498249	-0.125714998	2.32765218	0.31225461	0.0304119172	0.0476052677	18.262204
8.6	0.0437326358	0.0604069388	0.0483322682	-0.0474126362	0.544155231	-0.251674853	2.12995489	0.311004249	0.152549235	0.0288634446	17.935089
8.61	0.0478113607	0.0626167199	0.0494278937	-0.0463481579	0.543754808	-0.228202818	1.93693746	0.309684073	0.127041388	0.0367861488	19.107144
8.62	0.051996974	0.0650060746	0.0504983979	-0.0452269431	0.543205463	-0.116259347	1.73356835	0.308191862	0.119336571	0.035232205	19.052836
8.63	0.0561479313	0.0677085773	0.0514967392	-0.0440649846	0.54256561	0.0458299283	1.53591628	0.306618652	0.120330123	0.0388519084	18.396818
8.64	0.0595199862	0.069847352	0.0524184455	-0.042847104	0.541856014	0.196564115	1.33341583	0.305062471	0.0885745918	0.0228019139	18.915593
8.65	0.062261048	0.0724809253	0.0532989777	-0.0415802946	0.541093833	0.326151901	1.1589277	0.30436332	0.0878409831	0.0266767765	18.378348
8.66	0.0640855327	0.0751390125	0.0541381347	-0.0402551769	0.540378817	0.405981768	0.989386998	0.304137464	0.0864995763	0.0261807367	17.499484
8.67	0.0649825038	0.0775186201	0.0549065334	-0.0388836508	0.539727327	0.451037119	0.832819434	0.304229633	0.0707067643	0.0256059525	19.099484
8.68	0.0641656947	0.0785513379	0.0555718429	-0.037469294	0.539200568	0.459647156	0.695259401	0.304394049	0.0987408246	0.0193191395	17.514579
8.69	0.0620532807	0.0790831751	0.056127721	-0.0360171601	0.538763677	0.446709095	0.59626719	0.304770918	0.0946420658	0.0113470127	18.327237
8.7	0.0582671148	0.0780955448	0.0565546873	-0.0345412307	0.5383683	0.437340583	0.539394006	0.305063451	0.110701141	0.0151763448	18.039646
8.71	0.0536143452	0.0768306946	0.0568826056	-0.0330331376	0.537958601	0.425834255	0.520160596	0.305443019	0.0806028088	0.0115171304	18.282838
8.72	0.0465439139	0.0735451621	0.0571556156	-0.0314367556	0.537025879	0.321276599	0.452950115	0.305535361	0.132577859	0.0428892537	19.514004
8.73	0.0384170299	0.0699509738	0.0573893586	-0.0298400171	0.536145083	0.341213144	0.477492955	0.305790638	0.08105901	0.0186030086	18.233174
8.74	0.02996331	0.0662587327	0.0576162291	-0.0282431086	0.535203563	0.442738034	0.556363575	0.305987512	0.0706184316	0.00909348536	18.895752
8.75	0.021372083	0.0623239953	0.0577473976	-0.0266608186	0.534847767	0.552147299	0.680093804	0.306030906	0.0555267352	0.0219539753	22.164762
8.76	0.0137374622	0.0594167916	0.0578781447	-0.0250923844	0.534903559	0.678693034	0.824402742	0.306279427	0.0485087561	0.0211958537	22.311751
8.77	0.00702817548	0.0576288892	0.0580576867	-0.0235356285	0.535226013	0.810606153	0.966330686	0.306872419	0.0204857352	0.0235158727	20.663732
8.78	0.00243723851	0.0564395245	0.05832354	-0.0220252899	0.535478359	0.987861562	1.12033015	0.307696497	0.06105462	0.0179440988	20.251022
8.79	0.00603043117	0.0562698396	0.0586594574	-0.0205228029	0.535911697	1.11130411	1.2374988	0.308634009	0.0330716752	0.0269876695	20.38743
8.8	0.0113752502	0.0570473393	0.0590332338	-0.0190416314	0.536526161	1.20187094	1.32129926	0.309455636	0.0315121691	0.0138153822	17.279672
8.81	0.017133944	0.0566728384	0.0593905882	-0.0175815577	0.537369788	1.25266335	1.33905969	0.309733597	0.0792286655	0.0394469486	18.531086
8.82	0.0225152733	0.0573288911	0.0597244379	-0.0161442193	0.538456617	1.25204297	1.30343014	0.309572202	0.0298223619	0.0302960185	19.042629
8.83	0.0279755012	0.0590044417	0.0600172181	-0.0147264396	0.539839921	1.1844363	1.24465876	0.309280004	0.0793765825	0.0244329115	19.58452
8.84	0.0338437908	0.0613997313	0.0603070985	-0.0132838887	0.541127869	1.00313427	1.23294172	0.309089472	0.0595250581	0.0106670568	18.477021
8.85	0.039658799	0.0633254581	0.0605164971	-0.0118942055	0.542514109	0.820592953	1.19342835	0.308825258	0.116144862	0.0288102328	18.483776
8.86	0.0451756708	0.0649341859	0.0606527997	-0.010563115	0.543765237	0.630843074	1.11212524	0.308099607	0.0890192367	0.0113577695	18.429051
8.87	0.0497292247	0.0656607702	0.0606631775	-0.00929740478	0.544791647	0.445472892	1.0064632	0.306742643	0.130490501	0.0259477576	19.980812
8.88	0.0535741326	0.0661141604	0.0606064532	-0.00808995702	0.545545104	0.287046613	0.865559071	0.304958124	0.0992845114	0.0172578339	19.115515
8.89	0.0564515392	0.0661839027	0.0604737755	-0.00694755328	0.546035306	0.15209538	0.708164068	0.303045217	0.112253722	0.0242315904	17.961902
8.9	0.0581586235	0.0658421079	0.0602496687	-0.00587709037	0.546302267	0.0538194353	0.540979903	0.301134422	0.10171909	0.0172248659	18.207245
8.91	0.0589543213	0.0655129893	0.0599140337	-0.00486990973	0.54634654	-0.0269618984	0.385536786	0.299265712	0.0798548833	0.0256510878	20.654178
8.92	0.0591432121	0.0661162887	0.0595643929	-0.00391808076	0.546129388	-0.0843667809	0.253479293	0.298620956	0.0573831664	0.0265879783	18.687208
8.93	0.0584799411	0.0677099375	0.0592110913	-0.00301497737	0.54565571	-0.107359233	0.140647408	0.298961261	0.102110213	0.0298239863	22.699784
8.94	0.0565262518	0.0694379236	0.0588538662	-0.00215921836	0.544944306	-0.0984721836	0.0292730105	0.29978962	0.0814300394	0.0205219767	18.667735
8.95	0.0541069906	0.0710445231	0.0584665069	-0.00133866129	0.544095196	-0.0883615919	-0.0855693091	0.300721156	0.0979452704	0.0362018881	19.026249
8.96	0.0508159555	0.0717294929	0.0580123086	-0.000561482875	0.543151645	-0.0452882723	-0.220279291	0.301563193	0.122705671	0.0152868823	18.586621
8.97	0.0468410582	0.0713417423	0.0575243487	0.000196182558	0.542083999	0.021246421	-0.385125438	0.302169851	0.0985078467	0.0128577598	18.755589
8.98	0.0425580846	0.0706792451	0.0570278192	0.000962818236	0.540927347	0.07902682	-0.547206952	0.302823677	0.116380392	0.0211042731	18.757763
8.99	0.0386226722	0.0704014478	0.0564788649	0.00174377892	0.539698265	0.107752701	-0.680137639	0.303576819	0.0665437693	0.0286777523	19.509227
9	0.034470466	0.070169207	0.0557622005	0.00237721486	0.539075919	0.238083308	-0.606542383	0.304502561	0.0559978657	0.0317535079	30.890781
9.01	0.0302713269	0.0692519707	0.0548995237	0.0028578862	0.538871612	0.364036743	-0.53061119	0.305002703	0.0695924118	0.0148152149	22.917578
9.02	0.0260138385	0.0670959372	0.0539254212	0.00327149094	0.539250242	0.41083561	-0.424625	0.305337328	0.053656854	0.0214823916	18.840435
9.03	0.0225740933	0.0648953316	0.0528645307	0.00361417894	0.540059647	0.414464282	-0.306252686	0.305529883	0.0311404576	0.0228991459	20.350533
9.04	0.0201251038	0.0627249657	0.0518174579	0.00393920502	0.540792683	0.349024409	-0.116163056	0.305761713	0.0606045861	0.0255222955	21.267437
9.05	0.0191480443	0.0609818138	0.0507579771	0.00414861185	0.541839485	0.323655643	0.0490426589	0.305795417	0.0492774564	0.0263883962	20.000556
9.06	0.019684898	0.0591498348	0.0496854589	0.00423241421	0.543131128	0.318700847	0.191779953	0.305705434	0.0474562269	0.0155980322	18.452411
9.07	0.0216636169	0.057329965	0.0486202187	0.00418307053	0.544542812	0.324998465	0.302498235	0.305666349	0.0573704011	0.00914138273	18.435163
9.08	0.0245068353	0.0556386267	0.0475687686	0.00399287306	0.54605084	0.344624082	0.384683462	0.305620753	0.024233722	0.0160935506	18.822142
9.09	0.0274718561	0.0547762413	0.0465128177	0.00365733309	0.547591953	0.383959847	0.452954446	0.305650247	0.0365719276	0.0116297091	18.52718
9.1	0.0303290224	0.0547933262	0.0454679653	0.00320282495	0.548952523	0.41185726	0.521591029	0.305827497	0.102689998	0.0170826308	19.119009
9.11	0.0339893419	0.0534416775	0.0444228621	0.00264264061	0.550128104	0.417227034	0.592568676	0.305823004	0.080246865	0.0417750312	17.465642
9.12	0.0379441376	0.0514417982	0.0434029834	0.00201921263	0.550997752	0.376552938	0.676752946	0.305670762	0.128708906	0.0222984984	18.14179
9.13	0.0414202358	0.0498899905	0.0424272598	0.00136000424	0.55150684	0.309297336	0.791898756	0.305214589	0.104335217	0.0395062862	16.78474
9.14	0.0437289804	0.0493151455	0.0414898442	0.00067493526	0.551678104	0.232415553	0.966102194	0.305353133	0.091501198	0.0265649948	18.268044
9.15	0.0448889754	0.0490140431	0.0406412912	-1.10468322e-05	0.551406482	0.139431133	1.16415908	0.305868613	0.116013528	0.0151753376	19.170569
9.16	0.0455061289	0.0482899538	0.0398771289	-0.000696597133	0.55073407	0.0311288362	1.35475798	0.306043379	0.0999400436	0.0285288795	19.37145
9.17	0.046084718	0.0465442404	0.0392098835	-0.00136473289	0.549699921	-0.0863729869	1.52340564	0.305812738	0.0459768956	0.0237635683	19.038912
9.18	0.0452073629	0.0459670696	0.0386939331	-0.00203391256	0.548372282	-0.156405721	1.71905067	0.306173248	0.140857206	0.0405573924	18.94173
9.19	0.0436623077	0.0456616816	0.0383249676	-0.00269857076	0.546746367	-0.181543072	1.92093067	0.306754986	0.108824557	0.0158092685	16.815622
9.2	0.0414578081	0.0457641539	0.0381155434	-0.00335993867	0.544836084	-0.151662638	2.11840871	0.307370623	0.067958194	0.00751075611	19.59123
9.21	0.0383325129	0.0465848404	0.0380164036	-0.00401435929	0.542650525	-0.0622945918	2.30250182	0.307701841	0.127508015	0.0302780464	17.273832
9.22	0.0342458062	0.0480504327	0.0380244153	-0.00465596752	0.540197863	0.0727185184	2.46143507	0.308163434	0.121962714	0.0227834973	20.059829
9.23	0.0298216923	0.0496580726	0.0381269743	-0.00528203652	0.537399809	0.235520128	2.58055042	0.308286779	0.0725126988	0.0262572845	17.475755
9.24	0.0251094159	0.0513750376	0.0382810089	-0.00605265563	0.534790746	0.507917003	2.57760832	0.308160892	0.0649864718	0.0177851036	17.653684
9.25	0.0201482746	0.0530536792	0.0384829336	-0.0069628677	0.532398449	0.873311394	2.44438274	0.307796556	0.093781264	0.0180584388	18.074745
9.26	0.0150237322	0.0548225962	0.038661561	-0.00790190125	0.530383424	1.16966378	2.42605161	0.307502128	0.0905339245	0.0175528321	18.216631
9.27	0.0112041009	0.0568721339	0.0387590068	-0.00875961527	0.529133407	1.318626	2.39954889	0.306702046	0.0640133835	0.0413198001	19.267629
9.28	0.0115997518	0.0590157925	0.0387334644	-0.00950299796	0.52830179	1.31361697	2.34390097	0.305671299	0.0617944796	0.0120427038	17.321247
9.29	0.0162421042	0.061605795	0.0386368705	-0.0101518098	0.528087237	1.26096749	2.31481131	0.304755992	0.0557649729	0.0115528565	17.897736
9.3	0.0226827616	0.0641887436	0.0385073625	-0.0107053847	0.528343393	1.17902301	2.30031911	0.303906705	0.0595771871	0.011519578	18.77792
9.31	0.02892199	0.0658007264	0.0382920242	-0.0111538254	0.529019292	1.06351957	2.27479394	0.302788009	0.0774295253	0.0178002329	19.691928
9.32	0.0353999167	0.067805361	0.0380102564	-0.0115015193	0.53000638	0.927138697	2.22266313	0.301472604	0.0629274767	0.021878252	17.663828
9.33	0.0416138096	0.0698117998	0.0376767973	-0.0117314662	0.53137996	0.754084893	2.18218251	0.300623669	0.0736895167	0.0227146532	18.440668
9.34	0.0474246732	0.0718055023	0.0372781219	-0.0118060947	0.532884335	0.498085142	2.19929572	0.300243979	0.0305011089	0.0330165005	18.395728
9.35	0.0514806832	0.0731042587	0.0368346605	-0.0118098805	0.534504504	0.284921085	2.1901025	0.300141433	0.141631409	0.027644706	17.652665
9.36	0.0529989562	0.0732116313	0.0363889749	-0.0118792969	0.535447355	0.241479886	2.14580306	0.300404745	0.0832818781	0.0206232017	19.023147
9.37	0.0522958948	0.0725094453	0.0359519199	-0.0118711518	0.536406269	0.138919088	2.13593175	0.30096703	0.100957121	0.0160803521	18.390959
9.38	0.0495331551	0.0708918576	0.0355433092	-0.0117963358	0.537206844	0.0164292183	2.17030683	0.301693594	0.0920143617	0.0155377217	17.695842
9.39	0.0441723128	0.0676556835	0.0351165691	-0.0117169662	0.537808525	-0.076176367	2.23388207	0.302353102	0.0844807571	0.038549229	18.360763
9.4	0.0371169656	0.0640527504	0.0347048303	-0.0116604853	0.538116875	-0.14069077	2.33598188	0.303171753	0.11306302	0.0154310611	16.135549
9.41	0.0296386566	0.0607189051	0.0343354368	-0.0116224257	0.53817174	-0.206218437	2.46529181	0.304105101	0.0893328391	0.0207698325	17.588822
9.42	0.0220041157	0.0578267662	0.0340386268	-0.0116044175	0.537874432	-0.241107039	2.61159314	0.305278977	0.107677122	0.0153640148	17.160884
9.43	0.0147487798	0.0553998584	0.0337964431	-0.011622745	0.537201349	-0.23407308	2.75800109	0.306634381	0.108727382	0.0071394205	19.572599
9.44	0.00803097663	0.0521351454	0.0335800307	-0.0116872163	0.536124028	-0.186822913	2.87584497	0.307680469	0.138679154	0.0335086106	18.316493
9.45	0.00741898216	0.0488957599	0.0334221797	-0.0118054364	0.534652909	-0.122264757	2.95227842	0.308551745	0.10748643	0.0124938346	18.425167
9.46	0.0132345738	0.0457696175	0.0333516156	-0.0119016463	0.533189125	-0.063814437	2.87488697	0.308925438	0.128665099	0.0258223586	17.48616
9.47	0.0191424599	0.043770906	0.0333543583	-0.0119633732	0.531853584	-0.0672340888	2.6651775	0.309315463	0.136899935	0.0287820999	20.157084
9.48	0.0236625687	0.0431138425	0.0333797007	-0.0118530459	0.530453606	-0.28718576	2.40219194	0.309709931	0.103662324	0.0156568122	17.838335
9.49	0.0280145117	0.0432080865	0.0332283989	-0.0117620427	0.530151214	-0.353013578	2.22807779	0.310247852	0.0549595083	0.0265757658	17.605678
9.5	0.032340366	0.0430257586	0.0329450893	-0.0117008185	0.530855423	-0.34170501	2.0849881	0.310389405	0.0797030068	0.0251783081	20.103063
9.51	0.0361228698	0.0427897428	0.0325406519	-0.0116783746	0.53220296	-0.236386983	1.93306624	0.310044686	0.069796089	0.025649647	19.199389
9.52	0.0387223371	0.0425477998	0.0320091491	-0.0116751486	0.534347042	-0.164810942	1.79955182	0.309381385	0.056707189	0.0254430653	19.684214
9.53	0.0405127519	0.0423665776	0.0314379981	-0.0117897704	0.536629026	-0.00277075173	1.74440527	0.308911087	0.0362479486	0.0221021881	18.379667
9.54	0.0409799959	0.0423154039	0.0307988902	-0.0118876634	0.539423482	0.0732798804	1.6333203	0.307809329	0.0849876414	0.0176117282	17.51072
9.55	0.0406067338	0.0417377321	0.0300971844	-0.0119787224	0.542375474	0.0814119662	1.49909342	0.306534133	0.0889643101	0.0319162123	18.413227
9.56	0.0394122897	0.0415710648	0.0293772344	-0.0120596349	0.545294508	0.0425708796	1.37354938	0.305199601	0.0594513434	0.011025865	18.054087
9.57	0.0380911543	0.0427376599	0.0286783367	-0.012126023	0.547978979	-0.039888133	1.27772083	0.304861587	0.036435145	0.0143826499	17.288299
9.58	0.0368086469	0.0450605334	0.0279695342	-0.0121703578	0.550480422	-0.154367981	1.21664419	0.305173909	0.042057352	0.0371174873	18.17432
9.59	0.0357838987	0.0470194595	0.0272697151	-0.012201682	0.552689701	-0.24629659	1.15815042	0.305482876	0.0573082473	0.0149160682	20.507077
9.6	0.0351739771	0.0494329799	0.0265830977	-0.0122039526	0.554481115	-0.33110174	1.14314937	0.306023984	0.152340792	0.0391492906	20.295131
9.61	0.0347597116	0.0508555753	0.0258657781	-0.0121827053	0.555832804	-0.417336416	1.15892922	0.306365027	0.104934348	0.0144830493	18.886074
9.62	0.0339806248	0.0504436038	0.0251548291	-0.0121495457	0.556703692	-0.488001241	1.18541461	0.306082744	0.102887948	0.0155035438	20.231129
9.63	0.0339226283	0.0491187302	0.0244527538	-0.0121090549	0.557133596	-0.541364579	1.24077804	0.305829323	0.0783416286	0.0165743563	17.582246
9.64	0.0350530339	0.048212164	0.0238008053	-0.0120669494	0.557081756	-0.579111617	1.32261127	0.305874865	0.0818292027	0.0252782778	17.602403
9.65	0.0368763617	0.0467439973	0.0231882593	-0.0120446276	0.556563785	-0.591426485	1.42185144	0.305867527	0.0875216304	0.0129352681	20.825411
9.66	0.0392290492	0.045044543	0.0226328888	-0.0120445953	0.555602341	-0.578117055	1.53571114	0.306028101	0.0657185131	0.00611335503	20.797285
9.67	0.0414829776	0.0437807985	0.0221294846	-0.0120680002	0.554262258	-0.555209769	1.66755076	0.306491856	0.0351211639	0.0123413012	19.548982
9.68	0.0432622559	0.0428475232	0.02164819	-0.0121105035	0.552720792	-0.536984891	1.81593492	0.307225567	0.114458359	0.0130317196	19.380055
9.69	0.0444133799	0.0419859259	0.0211696685	-0.0121751648	0.551028683	-0.519414952	1.96115278	0.307760977	0.0980783153	0.0211179571	20.735846
9.7	0.0451943269	0.0408043969	0.020697526	-0.012238349	0.549170552	-0.528172871	2.09295324	0.307828688	0.0837467916	0.0316798127	18.961692
9.71	0.0457365774	0.0393863125	0.0202360905	-0.0122937434	0.547129398	-0.561982531	2.21945355	0.307665079	0.146106495	0.0156709134	17.389096
9.72	0.0460042735	0.0379243746	0.0198221584	-0.0123246192	0.544889165	-0.632643943	2.3170917	0.307374033	0.126467476	0.0110946534	20.176305
9.73	0.0460236318	0.0363238128	0.0194953998	-0.0123374561	0.542483343	-0.73981537	2.36451045	0.307037286	0.106916755	0.0209423695	17.93708
9.74	0.0459303982	0.0344401022	0.0192779894	-0.0123214481	0.539827193	-0.897991389	2.33916735	0.306552324	0.107109783	0.022263397	18.677228
9.75	0.0445555928	0.0336266803	0.0190793586	-0.0123804787	0.537474225	-0.935488825	2.17938475	0.305806244	0.0561958262	0.0158995871	19.201071
9.76	0.0420750335	0.03381931	0.018792019	-0.0125047651	0.535568932	-0.914313043	2.16764996	0.305982131	0.0500489203	0.0396106296	18.977934
9.77	0.039284602	0.0345079052	0.0184616367	-0.012602125	0.534477131	-0.990749742	2.16067616	0.306051187	0.046339058	0.00874715024	20.381216
9.78	0.0367046657	0.0353976839	0.0181006287	-0.012630115	0.533741322	-1.1662192	2.10156231	0.305837316	0.0427013692	0.0196441557	19.684366
9.79	0.0341193062	0.0369531318	0.0177034759	-0.0126235969	0.533560294	-1.33171367	2.09477475	0.30598017	0.0467578475	0.0236293195	17.772895
9.8	0.0320045293	0.0381496024	0.0172714263	-0.0125888844	0.533827614	-1.49427435	2.1075951	0.305905926	0.0580573229	0.0334341358	18.00227
9.81	0.0301737506	0.0389588153	0.0168187861	-0.0125424773	0.534395601	-1.62174056	2.10058383	0.305294644	0.0588377007	0.0159825287	19.284496
9.82	0.0284289243	0.0402954497	0.0163645343	-0.0124646407	0.535188608	-1.73216309	2.0751281	0.304629238	0.0274537294	0.0386833737	17.179714
9.83	0.0272505337	0.0410729418	0.0158662283	-0.0123696579	0.536155359	-1.82939238	2.03652428	0.303633028	0.0900742935	0.0241460919	17.324384
9.84	0.0272545086	0.0420852832	0.0153837952	-0.0122658854	0.537179813	-1.90163562	1.98910772	0.303053723	0.0439630374	0.00928985702	17.755177
9.85	0.0281418962	0.0435672003	0.0149642637	-0.0120725421	0.537655232	-2.0395879	2.00885871	0.303022572	0.103514166	0.0155224952	16.484902
9.86	0.0297433733	0.0447802631	0.0145653845	-0.0119133224	0.538082433	-2.0914252	1.99744529	0.303034655	0.109692803	0.017293006	17.144049
9.87	0.0315505434	0.0452380778	0.0142027347	-0.0117715886	0.538421444	-2.09009447	1.96342325	0.302962688	0.0947362278	0.0182849498	18.821295
9.88	0.0337125848	0.0455976456	0.0138764481	-0.0116533534	0.538620066	-2.04461729	1.92350379	0.303037251	0.0892927027	0.0137262381	18.039761
9.89	0.0360406629	0.0453531072	0.0135675637	-0.0115532131	0.538599794	-1.98069633	1.8947319	0.303125144	0.11252863	0.0106488223	20.23545
9.9	0.0384836311	0.0450128366	0.013297509	-0.0114898185	0.538428548	-1.86665906	1.86801853	0.30327273	0.102352741	0.0240370062	19.822761
9.91	0.0407829741	0.0435620169	0.0130217377	-0.0114622643	0.538246335	-1.73824921	1.84173307	0.303055768	0.0838230855	0.0291006399	16.33739
9.92	0.0434321843	0.0412177452	0.0127334341	-0.0114727167	0.53810544	-1.59398228	1.82647086	0.302726405	0.0615575878	0.0227343286	18.421562
9.93	0.0464906371	0.0394471362	0.0124344721	-0.0115231446	0.537987609	-1.43679199	1.84302809	0.302717086	0.105796735	0.0156559533	17.691738
9.94	0.0497639203	0.0371521419	0.0121303119	-0.0116239264	0.537868468	-1.27281062	1.86689908	0.302629879	0.0753174373	0.0246414825	18.111132
9.95	0.0529936478	0.0345553442	0.0118493904	-0.011780763	0.537823034	-1.12790537	1.90437463	0.303220454	0.0946773652	0.0584214987	18.276027
9.96	0.0552313339	0.0327045786	0.0116039116	-0.0119971103	0.537887973	-0.969405683	1.956337	0.304155585	0.103577334	0.0261098815	18.472635
9.97	0.0564592291	0.0317508446	0.011414417	-0.0122579613	0.537931286	-0.805409041	2.0135633	0.30503213	0.114300973	0.0163931304	18.816618
9.98	0.0569419545	0.031266222	0.0113200999	-0.0125650088	0.53790218	-0.633698607	2.06587827	0.306240834	0.100594967	0.0288533046	17.189305
9.99	0.0570634202	0.0307144323	0.011345973	-0.0129166905	0.53775163	-0.445497683	2.09140269	0.307616152	0.0499914539	0.0324399667	21.77192
10	0.0563477076	0.0306442225	0.0114997193	-0.0133201578	0.537459176	-0.227806691	2.06991009	0.308770994	0.063732371	0.0159100874	18.760271
