time_s	ee_error_m	orientation_error	base_x_m	base_y_m	base_z_m	roll_deg	pitch_deg	clearance_m	leg_action_delta_l2	arm_action_delta_l2	update_ms
0.01	0.649521032	0.0199909178	3.73951985e-05	-6.97321478e-06	0.542695655	0.00379262697	-0.0409182799	0.306024057	0	0	18.62584
0.02	0.648181563	0.0200863036	5.94813036e-05	-3.34141689e-05	0.541154847	0.0102680044	-0.128780427	0.306462261	0.0493041011	0.0537807511	16.446824
0.03	0.645560101	0.0201712685	-1.82084234e-06	-3.600308e-05	0.539122897	-0.0127728578	-0.240892567	0.308395908	0.0971374647	0.0537818837	16.99466
0.04	0.641599528	0.0202007691	-0.000156062626	1.8648883e-05	0.536755253	-0.0859643287	-0.394201351	0.312189638	0.0748967884	0.0537970822	15.607563
0.05	0.636332871	0.020100265	-0.000490405944	0.000133802843	0.534314893	-0.181159015	-0.542981177	0.318126046	0.0813256235	0.0538388786	16.277151
0.06	0.629867534	0.0197682122	-0.00106635475	0.000287233117	0.531854296	-0.280644287	-0.653224858	0.326398952	0.0711095269	0.0539134742	16.572708
0.07	0.622435382	0.0191783921	-0.00189170903	0.000470729587	0.529560575	-0.376657567	-0.708815066	0.33612269	0.060133968	0.0540215946	15.987984
0.08	0.614294981	0.0183563174	-0.00294495686	0.000695507635	0.527630711	-0.476337845	-0.694119553	0.347045567	0.0704716474	0.0541608272	15.798984
0.09	0.60600915	0.0173318831	-0.00411424766	0.000951670579	0.525410072	-0.578709939	-0.809939597	0.358554867	0.0744436984	0.0543271045	17.935395
0.1	0.597662382	0.0161683421	-0.00551999885	0.0012279525	0.523905608	-0.656010325	-0.785159011	0.369770364	0.0447532032	0.0545169037	15.660697
0.11	0.58944384	0.0149906148	-0.00703434426	0.00153013203	0.522925214	-0.726815049	-0.725939088	0.380388894	0.0671924702	0.0547437476	16.77669
0.12	0.581146822	0.0136583141	-0.00858617001	0.00183541053	0.521871943	-0.77048106	-0.492423624	0.390847078	0.0519928378	0.0549844495	14.9107
0.13	0.572888968	0.0125266993	-0.0101339636	0.00214506657	0.52130027	-0.793018745	-0.320917603	0.399264575	0.0595391085	0.0552491223	17.379888
0.14	0.564616137	0.0115914162	-0.011650952	0.0024522385	0.521066858	-0.788560587	-0.175981209	0.406561966	0.0479612117	0.0554977304	16.306508
0.15	0.55625481	0.010828929	-0.013134142	0.00278034778	0.521058717	-0.777953	-0.0363110289	0.412192632	0.0460640815	0.0557281037	15.314936
0.16	0.547722877	0.0102054849	-0.0145439498	0.00310203052	0.521143203	-0.740596006	0.102107043	0.417424136	0.0571881031	0.0559439322	16.414049
0.17	0.538944928	0.00971785762	-0.0158600218	0.00340549848	0.521335842	-0.66984804	0.227710168	0.422208848	0.0426840682	0.0561381338	16.562513
0.18	0.529864698	0.0093595832	-0.0171178237	0.0036744911	0.521703194	-0.57723731	0.341425634	0.426456816	0.0486054352	0.0563032282	15.055823
0.19	0.520476613	0.00911026699	-0.0183120012	0.00391052502	0.522225005	-0.47732934	0.428739191	0.427827166	0.0477670128	0.0564532921	16.715954
0.2	0.510798211	0.00893361351	-0.0194250681	0.0041285934	0.522884023	-0.409221855	0.50531146	0.428600381	0.0601789161	0.0565868766	25.310399
0.21	0.500967977	0.00879121016	-0.0204716095	0.00438756395	0.523383454	-0.436440636	0.485865244	0.428903366	0.0606217899	0.0567085706	22.484883
0.22	0.490975053	0.0086806086	-0.0215063455	0.00459365134	0.524221784	-0.41425095	0.495222923	0.428516035	0.0601152508	0.0568116446	17.008564
0.23	0.480864838	0.00846807802	-0.0224601046	0.00478570702	0.524845121	-0.371221779	0.623392649	0.428314471	0.0701316715	0.0569561013	15.295101
0.24	0.470647283	0.00825664771	-0.0233972042	0.00487322462	0.525508571	-0.294668539	0.639535967	0.42698072	0.0626784616	0.0571514547	16.836969
0.25	0.460362691	0.00807668145	-0.024270578	0.00496948132	0.526501626	-0.300261761	0.623512287	0.425416537	0.0623430699	0.0573489996	14.412221
0.26	0.450118455	0.00790274738	-0.0250820302	0.005057419	0.527686115	-0.33861111	0.585629836	0.422892086	0.0465409968	0.0575591759	16.349315
0.27	0.440029391	0.00770693161	-0.0258405494	0.0051182757	0.528884341	-0.390211439	0.525455901	0.420158242	0.0594413635	0.0578054656	17.060372
0.28	0.430128076	0.00749092896	-0.0265623448	0.00514952468	0.530177991	-0.446704695	0.476290783	0.416561689	0.0589481334	0.0581017954	16.477893
0.29	0.42044654	0.00724894575	-0.027232576	0.00515119851	0.531529274	-0.484692874	0.439288195	0.412777673	0.0394179022	0.058434208	17.710696
0.3	0.411050719	0.00697162016	-0.0277824685	0.00513445074	0.53276786	-0.517942427	0.369545584	0.408827401	0.0612495792	0.0587474214	15.235575
0.31	0.401958638	0.00666113038	-0.0282482785	0.00509283165	0.533978326	-0.537984281	0.291943211	0.404767862	0.0501660463	0.0589583449	15.022729
0.32	0.393164291	0.00631940946	-0.0286601998	0.00502236246	0.535248271	-0.550646129	0.229201413	0.400646917	0.0375973302	0.0590749717	18.15122
0.33	0.384711945	0.00592626603	-0.0290246366	0.00491935154	0.536407303	-0.527434213	0.174700512	0.396464661	0.0655263459	0.0591189951	17.689365
0.34	0.376598585	0.00549357498	-0.0293650703	0.00473542064	0.537474978	-0.476574786	0.0935610584	0.392122477	0.0767003148	0.0591167802	15.055662
0.35	0.368792939	0.00503484562	-0.0297190068	0.0044594254	0.538478974	-0.396622803	0.0112608801	0.387694024	0.0536955084	0.0591283149	16.541018
0.36	0.361271497	0.00455865034	-0.0300545702	0.00412889387	0.539286052	-0.316301181	-0.0899054328	0.383161182	0.0695900559	0.059191783	15.700471
0.37	0.353983581	0.00407638114	-0.030376429	0.00376152233	0.539839726	-0.250398196	-0.201185535	0.378566813	0.0802249678	0.0592948172	16.174691
0.38	0.346854156	0.00359752	-0.0307341298	0.00337401854	0.540144851	-0.218344418	-0.297216774	0.373978885	0.0634581484	0.0594359477	16.386138
0.39	0.339809061	0.0031304127	-0.0311136543	0.00297238119	0.540145625	-0.223271252	-0.380650499	0.369392781	0.131056827	0.0596107941	18.30651
0.4	0.332759082	0.00268738672	-0.0315105386	0.00255560276	0.539859442	-0.250919993	-0.458712075	0.364775672	0.0987742965	0.0597202772	14.057321
0.41	0.325607506	0.0022756924	-0.0319520485	0.00212712307	0.539301043	-0.301388598	-0.516897518	0.360160815	0.0805852015	0.0596562304	16.175269
0.42	0.318227976	0.00190435525	-0.0324489345	0.00170262557	0.538560807	-0.379532465	-0.546117924	0.355554714	0.0431452273	0.0593504386	15.994774
0.43	0.310508703	0.00157897661	-0.0330011643	0.00127285714	0.537674963	-0.465018371	-0.567162416	0.350884384	0.0890184544	0.0587880948	16.291583
0.44	0.302338541	0.00129956476	-0.0336000641	0.000845437497	0.536615712	-0.550513775	-0.574196628	0.346189632	0.0906978757	0.0579937788	19.995728
0.45	0.293633214	0.0010621657	-0.034234366	0.000423058128	0.53533344	-0.635016001	-0.579004177	0.341440991	0.0929885851	0.0577038326	16.167488
0.46	0.284308134	0.000864034469	-0.0349213503	1.90075083e-05	0.533868638	-0.737525618	-0.56621213	0.336661579	0.10492959	0.0578720792	16.431471
0.47	0.274312079	0.000700025491	-0.0356692876	-0.000374642641	0.532224806	-0.838691776	-0.547017604	0.331781472	0.110866946	0.0583778296	16.341788
0.48	0.263482325	0.000560133742	-0.0365152138	-0.000866026891	0.530901271	-0.769891267	-0.419195468	0.326997809	0.109192569	0.059202796	13.898181
0.49	0.251797995	0.000437848243	-0.0374214812	-0.00148465141	0.529846116	-0.56569436	-0.195827666	0.322200411	0.0610398753	0.060528256	16.497998
0.5	0.239200169	0.000349874413	-0.0384484357	-0.0021522402	0.529405031	-0.341495686	-0.0451938075	0.316722317	0.043605673	0.0621907673	17.175643
0.51	0.225660295	0.000299219203	-0.039577969	-0.00273893579	0.529439402	-0.291608728	0.152922189	0.311077647	0.0692582195	0.0639442498	17.385169
0.52	0.210228523	0.000369863527	-0.040779079	-0.00330937842	0.530156197	-0.243061987	0.30906163	0.305993891	0.0518927762	0.0135545183	16.483386
0.53	0.193246292	0.000726208904	-0.0420142702	-0.00387200734	0.531393852	-0.192017552	0.445880209	0.302771454	0.0677069268	0.0129319688	15.297971
0.54	0.176614325	0.00147735662	-0.0433124849	-0.00442619328	0.532973232	-0.130457299	0.582263362	0.301151623	0.0419134297	0.010985754	15.293218
0.55	0.162450966	0.00260247513	-0.0446651668	-0.00495741944	0.534795739	-0.0612962082	0.724984815	0.300749219	0.0331113984	0.00879166289	15.004488
0.56	0.152141104	0.00385986903	-0.046042141	-0.00546174996	0.536743148	0.0110064173	0.872868965	0.301126252	0.0370608829	0.00696078011	17.305067
0.57	0.146040903	0.00497171239	-0.047423154	-0.00585202262	0.53841845	-0.0155600276	0.914529783	0.301762849	0.0524869462	0.00599569908	16.834186
0.58	0.143650302	0.00576446993	-0.0488085403	-0.00619072584	0.540133318	-0.0102656631	0.926369295	0.302572948	0.0637965067	0.00552633982	15.956485
0.59	0.144520222	0.00618722887	-0.0501865217	-0.00647368001	0.541819119	0.00584530478	0.903899627	0.303431918	0.0330050587	0.00545708884	15.649673
0.6	0.148279243	0.00621572203	-0.0515304305	-0.00668870521	0.543267755	0.00299526273	0.852537628	0.304274537	0.103735742	0.00551421279	14.341174
0.61	0.154660358	0.00584937503	-0.0528512692	-0.00682987842	0.544371931	-0.0258478267	0.790509425	0.305060157	0.114755423	0.00557020341	14.733821
0.62	0.163494551	0.00512576134	-0.0541569228	-0.00691922132	0.545138655	-0.0586569214	0.737763715	0.305753786	0.0986113001	0.00561573255	15.517539
0.63	0.174798836	0.00413662811	-0.055455842	-0.00694016238	0.545513424	-0.111566651	0.679014467	0.30630201	0.0764798908	0.00569038728	15.90317
0.64	0.187933519	0.00267004641	-0.0568413258	-0.00690794323	0.545703068	-0.17198664	0.589468527	0.304933939	0.127760098	0.0058370472	15.396507
0.65	0.203236953	0.00157484137	-0.0582211645	-0.00683154051	0.545552596	-0.182222159	0.5536628	0.304493004	0.118922662	0.00464155401	18.8652
0.66	0.22021459	0.000705523463	-0.0595982111	-0.0067168939	0.545041934	-0.179209802	0.534778144	0.304396307	0.0913321048	0.00584066304	14.557829
0.67	0.237951912	0.000155151809	-0.0609530492	-0.00657085117	0.544215461	-0.165143616	0.513545674	0.304406168	0.070509811	0.0090349614	15.88846
0.68	0.255472728	4.8932285e-06	-0.0622757086	-0.00640437572	0.543040794	-0.124134292	0.476716446	0.304443718	0.124172765	0.0110540514	14.266
0.69	0.271794519	0.000239072367	-0.0635638505	-0.00622061278	0.541545177	-0.0541876283	0.419774116	0.304547155	0.122762392	0.00997033596	17.76002
0.7	0.285964785	0.000691579041	-0.0648178435	-0.00601151661	0.539755998	0.0304984245	0.338546434	0.304979747	0.101519968	0.00680681198	16.250694
0.71	0.297273313	0.00112096191	-0.0660699738	-0.00579456551	0.537736914	0.161481103	0.258437759	0.305923717	0.095559091	0.0120612419	14.812963
0.72	0.305595422	0.00138718986	-0.067313421	-0.00558337587	0.535423346	0.32887265	0.176218949	0.307278642	0.130686514	0.0148215099	16.319938
0.73	0.3112486	0.00149525978	-0.0685311059	-0.00538491688	0.532732607	0.513161065	0.078708496	0.308760788	0.121135489	0.0128160478	17.01513
0.74	0.314637885	0.00150932877	-0.069721208	-0.00520125122	0.529649548	0.693314289	-0.0435944277	0.310071318	0.067553159	0.0103079258	16.59286
0.75	0.315842516	0.00145047107	-0.0711215137	-0.00503367537	0.527723997	0.779794766	-0.072847282	0.311021968	0.0606157003	0.00875467226	16.348949
0.76	0.314949582	0.00133562561	-0.0726517552	-0.00487483358	0.526677559	0.818002083	-0.0495195527	0.311517944	0.0327093852	0.00767721741	15.746246
0.77	0.312079639	0.00117773508	-0.0742841764	-0.00471166511	0.52592935	0.783146498	0.00186971472	0.311621424	0.0455191831	0.00702096776	16.174709
0.78	0.307175675	0.000964187627	-0.0759447782	-0.00451182156	0.525905316	0.685206637	0.0463296967	0.311148476	0.0744742239	0.00675271775	16.483841
0.79	0.300388397	0.000711859583	-0.0775780151	-0.00428332723	0.526433727	0.571054671	0.0345721872	0.310046336	0.0965915749	0.00793859703	15.603089
0.8	0.293231594	0.000558432579	-0.0791903158	-0.00403407043	0.527452311	0.444459858	-0.00354109641	0.308104083	0.0407573184	0.0313073898	16.956273
0.81	0.286791882	0.000539181197	-0.0807866596	-0.00375434397	0.528812886	0.299807962	-0.0609171729	0.305305493	0.0450337633	0.0401619901	15.698279
0.82	0.281011348	0.000475476694	-0.0823357564	-0.00344359429	0.530367335	0.164318533	-0.0892049983	0.303526359	0.0436692974	0.025897994	16.427682
0.83	0.276690128	0.000378633916	-0.0838520926	-0.0031124301	0.532018194	0.0555067107	-0.0755077084	0.302737522	0.0420401095	0.0151390404	14.157434
0.84	0.274768374	0.000302275493	-0.0853418442	-0.00277073027	0.533634567	-0.0327285521	-0.00530577156	0.302720388	0.0424497136	0.0110550539	14.104127
0.85	0.275784301	0.000290425531	-0.0868188624	-0.00241819265	0.535138671	-0.118993872	0.119108452	0.303141154	0.116115608	0.0107051476	16.664899
0.86	0.279910362	0.000363255312	-0.088249374	-0.00215921052	0.536100161	-0.0460073081	0.180763838	0.303660247	0.115559346	0.00934359098	14.570603
0.87	0.286903886	0.000554395658	-0.0896802686	-0.00191865365	0.536995627	-0.00399957004	0.27923917	0.304265621	0.0907827592	0.00648785611	16.456757
0.88	0.296665839	0.00092484962	-0.0911005471	-0.00172744863	0.537805513	0.0692830539	0.378451534	0.304826008	0.100403869	0.00561093512	13.909902
0.89	0.308977002	0.00163579483	-0.0924757188	-0.00159353309	0.538515278	0.177620658	0.435294953	0.305098515	0.0535583944	0.0145778499	15.633271
0.9	0.319671881	0.00235188597	-0.0938434781	-0.00150289468	0.539256257	0.273663776	0.427418067	0.3047704	0.0691086706	0.0555819214	15.241727
0.91	0.327517827	0.00280114793	-0.0952201594	-0.00144686656	0.539973662	0.349074277	0.384389394	0.305053161	0.0807561682	0.0308521922	14.837925
0.92	0.332380069	0.00291138252	-0.0965824419	-0.00133201568	0.540158255	0.284823983	0.404554075	0.306207031	0.0835094457	0.0226542917	14.663659
0.93	0.334622578	0.00276284506	-0.0980181257	-0.00127342564	0.540414502	0.296217487	0.377266187	0.307375947	0.138698112	0.0160651078	16.199566
0.94	0.334895069	0.0025207639	-0.0995647453	-0.00125197655	0.540672826	0.306689268	0.341362856	0.308331703	0.0907502108	0.0121109366	17.191087
0.95	0.333503781	0.00225507419	-0.101190209	-0.0012419487	0.540849891	0.271584081	0.307723116	0.308913407	0.0967954453	0.00927480471	16.286469
0.96	0.32942875	0.00174921017	-0.102901503	-0.00125733918	0.540826982	0.219532057	0.259898483	0.309124485	0.104430294	0.0317523564	16.806411
0.97	0.326506242	0.00168448592	-0.104640141	-0.00130566733	0.540436862	0.178611512	0.166569659	0.30808387	0.132706042	0.0566586925	14.909457
0.98	0.325321924	0.00207069997	-0.10637925	-0.00137786769	0.539647878	0.147653847	0.0399773202	0.305970007	0.141004467	0.0450859138	15.274259
0.99	0.32567027	0.00291963996	-0.10809201	-0.00147423683	0.538420598	0.148253609	-0.113719595	0.303270866	0.0506652121	0.0450388324	16.168524
1	0.323805192	0.00336265121	-0.109909629	-0.00163275516	0.537835903	0.159578447	-0.212772621	0.301693478	0.0478075436	0.0353781398	17.346385
1.01	0.318677353	0.00304321484	-0.111743005	-0.00184661532	0.537629879	0.176385789	-0.308413308	0.30111222	0.0537085503	0.0333458771	15.848732
1.02	0.311781224	0.00240619676	-0.11361591	-0.00211351726	0.53762123	0.194154253	-0.395141038	0.301095045	0.067921681	0.0181123224	15.927677
1.03	0.303090742	0.00152514028	-0.115515626	-0.00244225858	0.537679995	0.272444313	-0.492383157	0.301586301	0.0413697222	0.0328991522	16.567016
1.04	0.297372942	0.00108686032	-0.117397451	-0.00279377546	0.53769618	0.26822743	-0.528381572	0.302173224	0.0417944218	0.056438733	16.150603
1.05	0.293555152	0.000719996677	-0.119344924	-0.00322294691	0.537967536	0.328613324	-0.504305751	0.303163096	0.0831355451	0.0440902069	15.027207
1.06	0.29134838	0.000448408819	-0.121337383	-0.00373447287	0.538513171	0.418542722	-0.441593097	0.304285261	0.0338104837	0.045370069	16.213719
1.07	0.291301372	0.000317784864	-0.123353879	-0.00430217277	0.539275403	0.512630731	-0.353827232	0.305233486	0.0474194849	0.0330587372	18.030675
1.08	0.294465777	0.000318340606	-0.125406368	-0.00492606808	0.540219463	0.584308689	-0.301771353	0.303848895	0.0389600407	0.0128540281	15.983005
1.09	0.299258273	0.000339941503	-0.127507095	-0.00558628559	0.541272314	0.663039988	-0.225274524	0.303099553	0.0809828192	0.0147142002	16.56625
1.1	0.30478935	0.000349253575	-0.129561297	-0.00618301173	0.541890232	0.635315617	-0.233395431	0.302792436	0.101644167	0.0255891987	13.962845
1.11	0.310489519	0.000335673098	-0.131632526	-0.00678253828	0.542602784	0.611619624	-0.210694981	0.302929322	0.107399519	0.0243866354	14.497389
1.12	0.316200405	0.000314052517	-0.133683711	-0.0073845596	0.543317279	0.570398505	-0.191767417	0.303207316	0.107116549	0.019380702	15.431887
1.13	0.321718589	0.000300001779	-0.135718217	-0.00798533858	0.544027149	0.529829921	-0.175860884	0.303481423	0.100667406	0.0142177415	13.455471
1.14	0.326720843	0.000315526709	-0.137717972	-0.00865465554	0.544189345	0.596231009	-0.0852309563	0.303918996	0.068462534	0.0116323496	17.628994
1.15	0.330557433	0.000314518652	-0.1397095	-0.00930130908	0.544424238	0.584050925	-0.0456897612	0.304129553	0.0799457839	0.0136078357	17.317643
1.16	0.332932707	0.000273639036	-0.141716276	-0.00993828647	0.544659082	0.545691546	-0.0290909337	0.304345843	0.0761699209	0.0125093889	15.943938
1.17	0.334048636	0.00021525164	-0.143790168	-0.0105738345	0.544897432	0.512714255	-0.00609064194	0.304598419	0.0829526505	0.00642858335	15.772392
1.18	0.33449842	0.0001821312	-0.145949715	-0.0112042626	0.545214164	0.463344059	0.0144782201	0.304691659	0.0880064655	0.00753548161	14.41249
1.19	0.334778413	0.000195438665	-0.148191368	-0.0118285656	0.545621042	0.416091521	0.0305593446	0.304554496	0.105868813	0.018032364	14.376421
1.2	0.334603513	0.000204082362	-0.150474243	-0.0124290677	0.545996851	0.361399541	0.0267842347	0.30442077	0.0955026418	0.00675334202	15.163559
1.21	0.333980984	0.000185168898	-0.152768699	-0.0129969989	0.546328314	0.316135337	0.0111180609	0.304416628	0.138862108	0.00356615095	15.953682
1.22	0.333921355	0.000191568912	-0.155063771	-0.0135223538	0.546503298	0.254606584	-0.0309137534	0.304375706	0.118943719	0.0185920695	17.28956
1.23	0.334837499	0.000228429292	-0.157357759	-0.013999534	0.54645633	0.170340381	-0.0954298783	0.304337724	0.10410252	0.0175311434	18.07371
1.24	0.336099789	0.00022335372	-0.159581847	-0.0143943692	0.546051142	0.0391478159	-0.215428196	0.304477487	0.0890334595	0.011662418	15.668346
1.25	0.33879845	0.000280048213	-0.161853387	-0.0145862189	0.54591762	-0.212521114	-0.19508068	0.304715908	0.0628339758	0.0230909676	15.601136
1.26	0.341413475	0.000278596532	-0.164101069	-0.0146724211	0.546224031	-0.428304312	-0.177850125	0.305053506	0.0617732417	0.0277891283	17.127668
1.27	0.345028285	0.000320721872	-0.166336736	-0.0146469868	0.5466546	-0.641975091	-0.170760391	0.305165203	0.0634386867	0.0120751608	15.117337
1.28	0.349112495	0.000464653945	-0.168626685	-0.0145825531	0.547062755	-0.760391836	-0.110400985	0.304482246	0.153706488	0.00589182567	13.831279
1.29	0.351295051	0.000462376852	-0.170914261	-0.0144378951	0.547384739	-0.84952466	-0.0473882819	0.30425386	0.0781514906	0.0403896793	16.286225
1.3	0.35131046	0.000325046596	-0.173195882	-0.014217088	0.547654844	-0.920059892	-0.000328768408	0.304289245	0.0564020212	0.0394669763	14.677722
1.31	0.351973698	0.000318208684	-0.175513781	-0.0139298081	0.547875785	-0.983865248	0.0315047068	0.304004731	0.0597137703	0.0402960264	15.899618
1.32	0.353587458	0.000433894137	-0.177876332	-0.0135839505	0.548097327	-1.03673532	0.0375251826	0.303368583	0.0427760285	0.040248047	15.848069
1.33	0.355228493	0.000596193655	-0.18028825	-0.0131625858	0.548364908	-1.10301693	0.0567353542	0.302928079	0.0751608675	0.019515122	14.502395
1.34	0.354922502	0.00051182286	-0.182710106	-0.0126772319	0.548634745	-1.1631367	0.0781815737	0.30317425	0.0411232922	0.0401616667	15.654287
1.35	0.35306397	0.000284394299	-0.185126055	-0.0121565666	0.548892245	-1.20644365	0.10024231	0.303808265	0.114819428	0.0401228892	14.073903
1.36	0.352929034	0.000229159315	-0.187529651	-0.0116285206	0.549025919	-1.21778552	0.109289376	0.303899244	0.0925825817	0.0400852296	14.47267
1.37	0.354823433	0.000301353302	-0.189920665	-0.011099421	0.548952404	-1.21090495	0.117683614	0.303589972	0.100949119	0.0400537224	15.104255
1.38	0.358402482	0.000556359759	-0.192319331	-0.0105772863	0.548709686	-1.19737877	0.152739164	0.303220973	0.0975475079	0.0400309095	15.37537
1.39	0.36071667	0.000648879354	-0.194708925	-0.0100718967	0.548183006	-1.15700541	0.224471624	0.303552989	0.119043239	0.040014955	14.864728
1.4	0.363478144	0.000775645418	-0.197081321	-0.00959747979	0.547460416	-1.08917112	0.288930273	0.303811518	0.0758061463	0.0184066395	15.911009
1.41	0.36779829	0.00116313604	-0.199420182	-0.00916175185	0.546513463	-0.993241502	0.3186225	0.303686588	0.103196154	0.0400007786	15.808524
1.42	0.373577516	0.00191063865	-0.201768391	-0.00878077971	0.54542366	-0.852707478	0.324977614	0.303357833	0.0584144138	0.0400001995	13.644723
1.43	0.380480579	0.00306905395	-0.204197824	-0.00845649649	0.544355965	-0.687297928	0.353421429	0.303059721	0.107707947	0.0400027868	14.016706
1.44	0.384313397	0.00365885136	-0.206748942	-0.00821212151	0.54344184	-0.483693092	0.388699793	0.303211484	0.115187145	0.0565744294	17.903824
1.45	0.387805466	0.004323248	-0.209383399	-0.0080363316	0.542696416	-0.260630478	0.418500395	0.303206717	0.122544151	0.0417779519	16.133056
1.46	0.391729688	0.00531169663	-0.212024825	-0.00781261195	0.541477082	-0.150150895	0.527075275	0.303208393	0.0992078882	0.0330396278	15.179314
1.47	0.396495266	0.00670567446	-0.214750355	-0.00767443102	0.540369317	-0.00106112077	0.614971305	0.303011357	0.121769987	0.0404719614	17.755921
1.48	0.398893622	0.00755094397	-0.217518747	-0.00760722433	0.539262969	0.133164779	0.671298302	0.302948556	0.124632809	0.0435646718	14.028778
1.49	0.396753142	0.00692066722	-0.220297478	-0.00759836936	0.537977024	0.2470771	0.68483056	0.303808681	0.0776686511	0.0600379742	16.236053
1.5	0.390614035	0.00531256804	-0.223211083	-0.0076415432	0.537559794	0.32020498	0.736236572	0.305260957	0.0656184287	0.0483006519	16.779763
1.51	0.385593965	0.00446184483	-0.226170727	-0.00776714934	0.537564915	0.434768922	0.731308793	0.305280047	0.06017022	0.056804378	13.822583
1.52	0.381686257	0.00413141855	-0.229172227	-0.00793233005	0.538145703	0.50279284	0.694484609	0.303769935	0.0681017725	0.0290514487	16.92979
1.53	0.378564725	0.00409708499	-0.232208939	-0.00813093028	0.539185872	0.550754442	0.636991275	0.301341419	0.02749343	0.0213579794	16.844913
1.54	0.377122728	0.00427002666	-0.235251535	-0.00836304704	0.540412867	0.612091503	0.594179386	0.299712005	0.0537553629	0.0423977307	14.789244
1.55	0.374219203	0.00373894538	-0.23825744	-0.00862680084	0.541683811	0.673964748	0.519244323	0.299138052	0.0815627825	0.0566158944	15.562237
1.56	0.369286315	0.00265572173	-0.241248467	-0.00887596037	0.542888831	0.703099237	0.449008806	0.299360676	0.0606665426	0.0693042452	14.147465
1.57	0.365629308	0.00175716931	-0.244209259	-0.00913721612	0.544149775	0.729519987	0.364093806	0.299902399	0.0862256662	0.0363788328	14.814137
1.58	0.365764583	0.00138975999	-0.247109704	-0.00939653988	0.545313867	0.757112811	0.273616671	0.300427067	0.0492092115	0.0380052985	14.990581
1.59	0.369438072	0.00153178176	-0.249962177	-0.00965007031	0.546380709	0.766311724	0.171667217	0.300609394	0.0288556826	0.0547080845	14.059828
1.6	0.374323377	0.00157954338	-0.252804063	-0.0098892402	0.547242404	0.786914159	0.122566367	0.301395399	0.113969097	0.0397247265	15.214371
1.61	0.380294625	0.00156023598	-0.255654666	-0.0101191634	0.547908938	0.796848256	0.121457266	0.302452691	0.0636802387	0.0316136781	15.313633
1.62	0.389136864	0.00205063347	-0.258485847	-0.0103259624	0.548458943	0.763907816	0.106345155	0.302840056	0.0957656358	0.0566111179	14.965359
1.63	0.400489604	0.00339250611	-0.261317476	-0.0105258534	0.548909359	0.695211397	0.0670775034	0.301454276	0.0926819389	0.0390711258	14.626308
1.64	0.410698125	0.00436145919	-0.264118297	-0.0107084637	0.549163261	0.632176883	0.0481235181	0.301113652	0.0676750661	0.0439615764	16.066479
1.65	0.418199431	0.00458702299	-0.26688094	-0.0108749935	0.54922386	0.552483559	0.0188851937	0.301713506	0.0628263198	0.0692983354	15.225904
1.66	0.426480392	0.00522908094	-0.269635482	-0.0110351386	0.549136441	0.470580305	-0.0143805679	0.302112122	0.0825800397	0.0487494619	16.932807
1.67	0.432215183	0.00526998621	-0.27237733	-0.0112147108	0.548803935	0.397547758	-0.0380199828	0.303253114	0.073435728	0.0573077044	15.803383
1.68	0.438673372	0.00582911324	-0.275101578	-0.0114020673	0.548220351	0.315122752	-0.0752977335	0.303765094	0.122436756	0.0500398628	14.70992
1.69	0.442377655	0.0057484966	-0.277834765	-0.0116159314	0.547320942	0.244568417	-0.0986679648	0.304800817	0.150453894	0.0568075594	15.633535
1.7	0.446650343	0.00621529163	-0.280573301	-0.0118590334	0.546124425	0.189038961	-0.106998804	0.305129756	0.0819164508	0.0517309673	16.582297
1.71	0.447989489	0.00600578339	-0.283353609	-0.0121431352	0.544704987	0.170317726	-0.0776687119	0.305956566	0.115136077	0.0567105667	15.666283
1.72	0.449787154	0.00635032826	-0.286181297	-0.0124697681	0.543023686	0.166418145	-0.0116586012	0.306063434	0.11222287	0.053144052	16.42745
1.73	0.448721201	0.00604044835	-0.289053934	-0.0128420226	0.540913629	0.162255833	0.0877051382	0.306663795	0.14582828	0.0549072682	14.691885
1.74	0.443764933	0.00469493859	-0.292015389	-0.0132584483	0.538411627	0.15274723	0.24941806	0.308570424	0.107962282	0.0694238569	16.019592
1.75	0.43949605	0.00405677955	-0.29511182	-0.0137353144	0.536789296	0.102435885	0.493630937	0.309349915	0.0589884957	0.0581815863	14.963361
1.76	0.437237319	0.00435825355	-0.298238539	-0.0142225525	0.535555577	-0.0365813597	0.728327018	0.308366513	0.0499420051	0.054968508	16.978645
1.77	0.434389178	0.00464924154	-0.301367812	-0.0147323447	0.534842231	-0.177006877	0.965717471	0.306378915	0.0750764033	0.0350593487	14.885316
1.78	0.432246925	0.00536022753	-0.304445918	-0.015289309	0.534397341	-0.258667459	1.18572583	0.303976143	0.0654015006	0.0441644546	15.700233
1.79	0.427027529	0.00495029306	-0.307464346	-0.0158673194	0.534273134	-0.405625674	1.34900915	0.302859344	0.0400461191	0.0693558309	16.419966
1.8	0.418433416	0.00334071453	-0.310443056	-0.0164672724	0.534468429	-0.56473885	1.45235336	0.303435726	0.0354667549	0.0693290895	14.620388
1.81	0.408220875	0.00158728342	-0.313378327	-0.0170844475	0.535032612	-0.741347448	1.48325965	0.30434316	0.0486099952	0.0549815772	13.91524
1.82	0.400459866	0.000766245679	-0.316268002	-0.0177008782	0.535982571	-0.947385935	1.41673854	0.303589957	0.0756872161	0.0502215948	17.767621
1.83	0.393067337	0.000289456811	-0.319119825	-0.0183168204	0.537262383	-1.15073039	1.26095224	0.302461225	0.0556056417	0.0581055341	15.072749
1.84	0.387917322	0.000200618795	-0.321951622	-0.0187871416	0.538198915	-1.48462519	1.19768202	0.301904439	0.0591378882	0.0446840731	14.941699
1.85	0.386244056	0.000248695925	-0.324775651	-0.0192792352	0.539369601	-1.6957731	1.12148402	0.301471664	0.116782984	0.0518385522	15.751023
1.86	0.387632782	0.000232218659	-0.32758311	-0.0198086507	0.540543957	-1.79375665	1.06287617	0.301224846	0.144154017	0.0461866837	15.336313
1.87	0.391599946	0.000200885463	-0.330393202	-0.020389596	0.541640084	-1.80683177	1.03892628	0.301259948	0.116930235	0.0431547821	16.658151
1.88	0.397736468	0.000306866943	-0.333211692	-0.0210252513	0.542588774	-1.73745617	1.0565081	0.301601828	0.0620045866	0.0535319153	15.620926
1.89	0.406250361	0.000712301529	-0.33602902	-0.0217695577	0.542952776	-1.48818245	1.03950863	0.302093778	0.08567374	0.0462502903	15.199304
1.9	0.415867155	0.00138753296	-0.338899272	-0.0225669163	0.543265458	-1.20321849	1.09657476	0.302929863	0.105739245	0.0166604613	15.767112
1.91	0.425233801	0.00193486852	-0.341800275	-0.0234168547	0.543425114	-0.86513531	1.20060362	0.304116	0.0695194818	0.0416393964	16.406124
1.92	0.434427844	0.00256088423	-0.344756081	-0.0243013669	0.543471915	-0.499914028	1.31308376	0.30392064	0.0681644513	0.0693265809	16.134943
1.93	0.442616822	0.00296364804	-0.347724175	-0.0252314396	0.543336228	-0.107169976	1.41484056	0.304004614	0.126667242	0.0580012271	16.875127
1.94	0.44855711	0.00286038314	-0.35066903	-0.0261945459	0.543011544	0.288710994	1.49523974	0.305306902	0.0966402265	0.0541644193	15.444774
1.95	0.455276614	0.00323767228	-0.353591093	-0.0271843354	0.542512021	0.672810854	1.54020235	0.306057049	0.0785842803	0.0569772997	15.147228
1.96	0.463553174	0.00440274001	-0.356489729	-0.0282140888	0.54179677	1.06427377	1.53466601	0.305755317	0.0987836643	0.0514495531	15.673624
1.97	0.469292777	0.00489385849	-0.359320869	-0.0292605935	0.540644275	1.44197061	1.50871209	0.306525555	0.141643752	0.069359842	14.865377
1.98	0.471455056	0.00420913877	-0.362075039	-0.030327595	0.5391119	1.79976254	1.46234886	0.308842821	0.136979227	0.06936804	15.743426
1.99	0.471046743	0.00270319605	-0.364784376	-0.0312661553	0.537797268	1.92272152	1.29889111	0.311862	0.0883382009	0.069379135	15.346819
2	0.470481815	0.00148155235	-0.367459431	-0.0320369497	0.536615922	1.85307088	1.03315153	0.313158215	0.072485326	0.0688166215	15.239234
2.01	0.471736233	0.00102784014	-0.370168963	-0.0326165317	0.53553197	1.55359291	0.710602683	0.313441172	0.0588832346	0.0629240763	13.716146
2.02	0.472460546	0.000764093867	-0.372978389	-0.033114317	0.535087564	1.29617363	0.488219656	0.31240306	0.058457889	0.0598256983	18.341152
2.03	0.474545912	0.000898515687	-0.37585705	-0.0336026842	0.534814416	1.1446006	0.25370814	0.309852418	0.0534874257	0.0582364035	15.411752
2.04	0.477948928	0.00145130108	-0.378812968	-0.0340393482	0.535017233	0.974802241	0.0935032432	0.306359191	0.0748602842	0.053641052	16.396601
2.05	0.481424077	0.00227938582	-0.381832975	-0.0344097411	0.535550198	0.781506793	-0.0209616081	0.303533909	0.0780411781	0.0570193857	16.088885
2.06	0.482614014	0.00262024913	-0.384909448	-0.0347024576	0.536310836	0.586504856	-0.100702884	0.300848034	0.0473879059	0.0540982647	15.834674
2.07	0.481608123	0.00211753941	-0.388004423	-0.0349203757	0.537173525	0.43622375	-0.125482355	0.299860585	0.0356231043	0.0474572506	15.525302
2.08	0.479877851	0.00133628968	-0.391109119	-0.0350823345	0.538125191	0.339980921	-0.0995529513	0.299905324	0.041505344	0.043832514	15.65457
2.09	0.479572215	0.00109682366	-0.394215094	-0.0351993312	0.539206446	0.23405793	-0.0627406593	0.299588872	0.0425573579	0.0566209874	15.696303
2.1	0.480071192	0.00112425172	-0.397278189	-0.0353056211	0.540281517	0.159732541	-0.0703928697	0.299373289	0.105042195	0.0566015914	15.802287
2.11	0.480698372	0.00126071555	-0.400332237	-0.0354173083	0.541260506	0.120769669	-0.103976542	0.299390393	0.0994013516	0.056587863	17.515612
2.12	0.479940677	0.000966604203	-0.403357431	-0.0356036515	0.541481165	0.269526704	-0.0106606898	0.300775299	0.0833020688	0.0565772259	17.494522
2.13	0.479300001	0.000493371654	-0.406379592	-0.0357626104	0.541576037	0.406464719	0.0767898175	0.302526173	0.101964765	0.0661652932	15.606766
2.14	0.480784517	0.000397859157	-0.409461334	-0.0359139082	0.541593764	0.513752785	0.147472538	0.303322405	0.110967436	0.0579070383	17.704091
2.15	0.481966379	0.000262933438	-0.412584262	-0.0360586803	0.541491556	0.595835047	0.192633937	0.304297403	0.123836133	0.0692848851	15.563503
2.16	0.482663369	0.00012253224	-0.415775747	-0.0362060704	0.541393199	0.670433727	0.226210819	0.304422006	0.105754698	0.0597235723	17.230548
2.17	0.484966307	0.000151422899	-0.419066647	-0.0363487445	0.541292775	0.722139346	0.250127139	0.303414527	0.0631087816	0.0572263591	14.117177
2.18	0.489369573	0.000360584324	-0.422435498	-0.0364588373	0.541190949	0.74600276	0.279980077	0.30252565	0.126010885	0.0492365264	16.180318
2.19	0.496043228	0.000873930736	-0.425836	-0.0365182436	0.54103902	0.753759234	0.302653959	0.301943649	0.129267926	0.0448187377	15.445824
2.2	0.502968071	0.00124795953	-0.429286989	-0.0365318268	0.540791622	0.760726938	0.352971649	0.302318522	0.122349375	0.0424731175	15.36098
2.21	0.509118532	0.00136998318	-0.432776323	-0.0365065412	0.540464814	0.734875357	0.388087524	0.302966052	0.102201396	0.0693714111	16.408696
2.22	0.515819236	0.00168170777	-0.436313034	-0.0364302705	0.539976379	0.676683889	0.384687992	0.303881225	0.195154911	0.0588262417	18.133036
2.23	0.521738951	0.00171249425	-0.439865065	-0.0363017301	0.539216723	0.606407371	0.353115904	0.304755617	0.0975930011	0.0532611907	18.152466
2.24	0.526974241	0.00161654426	-0.443419896	-0.0361290158	0.538144056	0.514020536	0.273619729	0.304623201	0.104555242	0.0471055517	15.404762
2.25	0.532293642	0.00179317837	-0.447054534	-0.0357840814	0.53733681	0.285491529	0.329488281	0.305059125	0.0509500869	0.0570549115	17.008269
2.26	0.537435826	0.002186525	-0.450686436	-0.0354108852	0.537174444	0.114493397	0.338806685	0.305574893	0.0703456678	0.0569516628	14.478442
2.27	0.542940006	0.00295930378	-0.454303297	-0.0350160185	0.537099571	-0.0302458662	0.351112298	0.305036524	0.0473496343	0.0568904396	15.171701
2.28	0.546768964	0.0033356996	-0.457872147	-0.0345288715	0.53747073	-0.215135334	0.309069628	0.303477409	0.0884072264	0.049268752	17.5212
2.29	0.548558966	0.00291326059	-0.461381624	-0.0339659824	0.53813467	-0.386305471	0.30800454	0.302928581	0.0848431323	0.044890845	14.582659
2.3	0.549296734	0.00213865936	-0.464798291	-0.0333264566	0.538958944	-0.546489137	0.329395384	0.302905046	0.041127146	0.0425535092	14.775945
2.31	0.549708888	0.00138890684	-0.468123877	-0.0326296191	0.539929405	-0.693530339	0.363096404	0.303038085	0.0412054432	0.0413307892	15.38751
2.32	0.550079469	0.000813821093	-0.471301217	-0.0318966063	0.540911652	-0.805779374	0.377533139	0.303138447	0.0865233484	0.0460234143	14.870497
2.33	0.550364011	0.000443528441	-0.474358305	-0.0311377996	0.54192663	-0.891394384	0.385394735	0.303158481	0.074116841	0.0409398061	14.737925
2.34	0.551947539	0.000365435505	-0.477349784	-0.0303711321	0.542900248	-0.959971058	0.354255328	0.302508726	0.064036634	0.0404668539	14.903984
2.35	0.554610224	0.000421218398	-0.480302953	-0.0296058134	0.54388424	-1.01209928	0.318638808	0.301632754	0.110608545	0.0402273866	15.426136
2.36	0.558275953	0.00062021541	-0.483196313	-0.0288404203	0.544785214	-1.05544899	0.277613255	0.300940326	0.107132993	0.0401073432	16.829797
2.37	0.56238942	0.00100941435	-0.486030305	-0.0280752172	0.545622814	-1.11013547	0.219444208	0.300412229	0.0752370611	0.0565927513	14.505171
2.38	0.565375466	0.00101450801	-0.488820565	-0.0273277236	0.546284816	-1.15786177	0.185009059	0.300951944	0.134071127	0.0421225951	16.389793
2.39	0.567750989	0.000692455692	-0.491555137	-0.0266099176	0.546731333	-1.18662585	0.15319337	0.302084567	0.103580757	0.0538346595	14.249589
2.4	0.572013164	0.000670654591	-0.494292099	-0.0259405437	0.54698932	-1.1935012	0.100114933	0.302648985	0.0875731843	0.042081769	14.945337
2.41	0.578474773	0.00103894212	-0.497078106	-0.0253293137	0.54704954	-1.19663352	0.0479637543	0.302694745	0.0819377843	0.0410709389	17.380632
2.42	0.58700803	0.00190979297	-0.499881626	-0.0247894169	0.546893713	-1.16001347	-0.0247581051	0.302481783	0.0660632111	0.040581692	17.175924
2.43	0.596695581	0.00340881081	-0.502729677	-0.0243343641	0.546582703	-1.10064669	-0.134670323	0.302028723	0.126794852	0.0567775929	16.002136
2.44	0.604868808	0.00430608082	-0.505652441	-0.0239691277	0.546088953	-1.03425722	-0.226417	0.30236064	0.10614439	0.0426691137	16.398651
2.45	0.613723487	0.00548454268	-0.508641815	-0.0236802232	0.545426923	-0.985113295	-0.313199045	0.302562969	0.0931302215	0.0414389059	15.415933
2.46	0.620654104	0.00593236516	-0.511666842	-0.0234576129	0.544484005	-0.968841831	-0.419615507	0.303367484	0.117419097	0.0694162536	15.188016
2.47	0.624832348	0.00518957289	-0.514689072	-0.0232891229	0.543128811	-0.980569234	-0.550583875	0.305597259	0.119869218	0.0694508948	16.590159
2.48	0.627929352	0.00412427417	-0.517722193	-0.0231583579	0.541415036	-1.0165113	-0.716252151	0.307227078	0.124124793	0.0568243698	15.831958
2.49	0.632928841	0.00405799581	-0.520773375	-0.023074995	0.539299261	-1.06813945	-0.919585787	0.307668291	0.113462601	0.0491893349	17.801552
2.5	0.638521761	0.0047955452	-0.523950352	-0.0232533452	0.537453745	-0.933578458	-0.927139082	0.308466971	0.0862605405	0.0582873688	17.245212
2.51	0.64339294	0.00562056479	-0.527293391	-0.023567844	0.536335314	-0.851690795	-0.891125158	0.308193545	0.0681022076	0.031269122	16.071237
2.52	0.648168783	0.00680457645	-0.530757107	-0.0239932658	0.535736902	-0.745670156	-0.833685896	0.307141474	0.048538133	0.036673673	16.020075
2.53	0.649715086	0.00676054476	-0.534256828	-0.0245294223	0.535668237	-0.652550698	-0.739435812	0.307273561	0.0692424319	0.0695563834	15.06948
2.54	0.647626799	0.00543788075	-0.537734603	-0.0251232692	0.535781266	-0.588026197	-0.59715698	0.308589808	0.0633188678	0.0573295098	16.147306
2.55	0.645935045	0.00472205891	-0.541173291	-0.0257943751	0.536115195	-0.482440102	-0.465914616	0.308906702	0.0594426706	0.0566823086	14.332878
2.56	0.645559692	0.00489856105	-0.544594841	-0.0265149733	0.536631093	-0.351955287	-0.335832148	0.307883153	0.0459450146	0.0489486459	15.257796
2.57	0.646334535	0.00582535529	-0.547966664	-0.0272382635	0.537397732	-0.289864387	-0.213344366	0.305771278	0.0589260447	0.0446480266	13.908355
2.58	0.644631513	0.00569110914	-0.551268988	-0.0279627493	0.538384619	-0.253472384	-0.0878906605	0.304795852	0.046423281	0.0693384045	14.302645
2.59	0.643109368	0.00567532237	-0.554531156	-0.0286797192	0.539458263	-0.235721823	0.0169694144	0.30355406	0.0578365006	0.0500234022	13.095995
2.6	0.642687962	0.0061581215	-0.557705085	-0.0293806693	0.540524788	-0.210875301	0.0796359975	0.301684649	0.109553061	0.0451908462	15.919378
2.61	0.641071276	0.00558694499	-0.560783628	-0.0300501273	0.541439289	-0.148120747	0.144853004	0.301209243	0.0950640381	0.0426191167	14.385608
2.62	0.638892314	0.00430843718	-0.563732226	-0.0306931681	0.542119001	-0.0410589553	0.203139674	0.30169418	0.112749868	0.04130074	15.180849
2.63	0.639287241	0.00385831649	-0.566596275	-0.0313025982	0.542659324	0.0857913595	0.243337673	0.302017365	0.0539954881	0.0406417792	16.512581
2.64	0.642589581	0.00429805273	-0.569405085	-0.0318841465	0.543066137	0.24355083	0.284816114	0.302185743	0.113248364	0.0403198953	17.073757
2.65	0.648614982	0.00553995509	-0.572170121	-0.0324294017	0.543310878	0.404165603	0.32816099	0.302365866	0.0970949541	0.0401688166	14.676155
2.66	0.654738672	0.00629524827	-0.574899507	-0.0329299318	0.543375953	0.547724828	0.380885055	0.303206739	0.071397015	0.0401024254	14.636362
2.67	0.660570769	0.006480747	-0.577635747	-0.0333982634	0.543275286	0.664458126	0.452533231	0.304374182	0.0769562116	0.0400785569	14.584013
2.68	0.666879286	0.00668712193	-0.580381473	-0.0338210559	0.54307981	0.727565614	0.504208633	0.305213856	0.121071681	0.0186908892	14.258456
2.69	0.674307848	0.00760211113	-0.583108186	-0.0341965695	0.542704881	0.72585667	0.493194616	0.304959126	0.113394204	0.00825693771	17.525304
2.7	0.682390592	0.00907370843	-0.58581168	-0.034517568	0.542138058	0.670321778	0.415981752	0.304363622	0.0827860072	0.0204239101	15.635279
2.71	0.690539048	0.0109506406	-0.588424025	-0.0348386389	0.540883395	0.666864187	0.331450912	0.303993104	0.112165697	0.0232340922	14.606423
2.72	0.698575976	0.0129635508	-0.590970143	-0.0350701883	0.539330776	0.573993265	0.145962689	0.30348518	0.135348929	0.0264201907	16.648025
2.73	0.706118528	0.0147937519	-0.593440136	-0.0352324499	0.537433392	0.4766981	-0.106104471	0.303153751	0.157947916	0.0201501765	14.736881
2.74	0.713008659	0.0161766696	-0.595831494	-0.0353254925	0.53512146	0.387795535	-0.407384097	0.303115263	0.0876611905	0.0109900967	14.53284
2.75	0.71884314	0.0171825178	-0.598301908	-0.035170677	0.533322357	0.0948791948	-0.487116595	0.303608351	0.045666995	0.00322591338	16.959602
2.76	0.724204898	0.0181447801	-0.600916966	-0.0348841195	0.532363372	-0.201325464	-0.458782414	0.304090337	0.107527985	0.00956846682	15.804098
2.77	0.729748184	0.0195592529	-0.603596716	-0.0344309947	0.531887577	-0.587078848	-0.355277641	0.304339318	0.063272691	0.0217088187	18.015824
2.78	0.735775432	0.0217604438	-0.606278725	-0.0338314925	0.531915716	-0.91321166	-0.193976801	0.304314072	0.0418871121	0.0336120167	14.378716
2.79	0.742339986	0.0247179824	-0.608941988	-0.0331226923	0.532272073	-1.16506485	-0.0223199287	0.304063601	0.0824368197	0.0400471136	15.702134
2.8	0.749208242	0.0281599174	-0.611563442	-0.0323366347	0.532843133	-1.3134788	0.139513755	0.3037598	0.0718021197	0.0400315935	14.913089
2.81	0.756261883	0.0318495125	-0.614148146	-0.0314899248	0.533612192	-1.38517446	0.283707799	0.303512502	0.0459649762	0.0400231648	17.595074
2.82	0.763553955	0.0357109146	-0.616700012	-0.0306037585	0.534625917	-1.39603139	0.420894348	0.303385153	0.0455773976	0.0400179191	14.848557
2.83	0.77127745	0.0398790258	-0.619208868	-0.0297225466	0.535788062	-1.30956384	0.581988524	0.303461586	0.0526128146	0.0400138366	15.789151
2.84	0.779682516	0.0443753276	-0.621638002	-0.0288294515	0.537025354	-1.22170199	0.709043947	0.303541906	0.0388197311	0.040009398	15.575346
2.85	0.788983048	0.0493869254	-0.623956422	-0.0279489402	0.538190221	-1.08063313	0.813550412	0.303672813	0.145164733	0.0400054489	17.338825
2.86	0.799343383	0.055087552	-0.626177226	-0.0270873785	0.539197237	-0.908609063	0.905750912	0.303839877	0.120557753	0.0400030158	15.556295
2.87	0.810826767	0.0616135709	-0.62830659	-0.0262486185	0.539984817	-0.718291064	0.986677564	0.30400958	0.0868792279	0.040001758	16.226724
2.88	0.823369045	0.0689820331	-0.630357173	-0.0254533589	0.54056282	-0.505857851	1.03915216	0.304125335	0.081232934	0.0400008583	15.934466
2.89	0.836821506	0.077192768	-0.632320799	-0.0246953764	0.540931145	-0.294419568	1.06202174	0.304171091	0.134451968	0.0400002062	15.82444
2.9	0.847172042	0.0819729892	-0.634255917	-0.023972948	0.540997767	-0.097099291	1.06886249	0.304786003	0.118086754	0.0400000959	15.380083
2.91	0.85323128	0.0830993975	-0.636201333	-0.0232918358	0.540925324	0.0720578547	1.01212794	0.305256533	0.0489521381	0.0565686498	16.663088
2.92	0.853975819	0.0795145221	-0.63818752	-0.0226605361	0.540742061	0.21056438	0.897405739	0.30678022	0.0470749968	0.0692824766	16.351498
2.93	0.851457177	0.0733565894	-0.640177637	-0.0219594515	0.540090077	0.209626638	0.827999838	0.308663977	0.162233717	0.0432281108	15.872672
2.94	0.851380115	0.0702609	-0.642129883	-0.0213386615	0.539510942	0.242036351	0.678006881	0.309384914	0.133924074	0.0481666312	14.533756
2.95	0.855027437	0.0713678353	-0.644053272	-0.020777121	0.538944108	0.268194573	0.479875787	0.308779616	0.10672632	0.0441948731	16.240775
2.96	0.861627524	0.0758491468	-0.64592362	-0.0202593229	0.538254361	0.284498767	0.238316912	0.307139114	0.108778304	0.0421159545	14.903837
2.97	0.869928393	0.0824595436	-0.647719752	-0.0197670278	0.537306985	0.294670469	-0.0352239263	0.304947953	0.110930136	0.0410640057	16.614534
2.98	0.874024489	0.0853005487	-0.649544865	-0.0192920372	0.536083695	0.277315262	-0.313781484	0.303528914	0.127427109	0.0567266186	18.272902
2.99	0.872170776	0.0827074718	-0.651459895	-0.0188181239	0.534554937	0.228799776	-0.574374073	0.303336237	0.0722228798	0.0566644362	17.210899
3	0.866287395	0.0766532661	-0.653517177	-0.0185163906	0.533288273	0.322216381	-0.624531067	0.304139607	0.0687464429	0.0636832008	16.200449
3.01	0.862409219	0.0730592223	-0.655624477	-0.0182431027	0.532658711	0.316822641	-0.63248129	0.304143123	0.0648947795	0.0470669781	16.114702
3.02	0.862155047	0.0733046085	-0.657706013	-0.0180440164	0.532245848	0.373246013	-0.641847502	0.303239296	0.0578193478	0.0436454366	18.364104
3.03	0.864805126	0.0761182181	-0.65972178	-0.0179154909	0.53220735	0.40893251	-0.625194237	0.302288851	0.0676387786	0.0418500862	16.892279
3.04	0.869798036	0.0806106422	-0.661656465	-0.0178268097	0.532477914	0.441320441	-0.566322795	0.301657931	0.0408998388	0.0409296026	15.43978
3.05	0.876934226	0.0863644817	-0.663488235	-0.0177679955	0.532929274	0.466767313	-0.469320181	0.301453743	0.0497814743	0.0404623277	16.25532
3.06	0.882360347	0.0889438693	-0.665262469	-0.0177306463	0.533558125	0.496193209	-0.350007028	0.302193688	0.0545248147	0.0402272874	16.115403
3.07	0.885172407	0.0883727414	-0.667014568	-0.0177157252	0.534387229	0.493324206	-0.252953057	0.303170229	0.0543831205	0.0565943231	15.246468
3.08	0.884996684	0.0854964775	-0.668792309	-0.0177157658	0.53528354	0.424590823	-0.158187062	0.303938041	0.0463811813	0.0565801621	16.411471
3.09	0.882531818	0.0806727435	-0.670580172	-0.0177398489	0.536297402	0.352441462	-0.0878780768	0.304555304	0.0844324565	0.0624256405	14.99878
3.1	0.882588827	0.0788582837	-0.672292289	-0.0177814276	0.537350232	0.28027259	-0.0433497278	0.304569919	0.135290583	0.0458978467	15.257351
3.11	0.886115845	0.0809236761	-0.673891446	-0.0178367811	0.538298414	0.208176541	-0.0212587142	0.303849883	0.100663335	0.043014526	14.091332
3.12	0.892385265	0.0861046779	-0.675328469	-0.017903795	0.538977104	0.159585772	-0.0326007282	0.302550178	0.110180148	0.0415456658	16.054129
3.13	0.895312355	0.0882628577	-0.67673113	-0.0179784562	0.539427744	0.144291995	-0.0605795491	0.301954833	0.110440269	0.0567765443	15.596162
3.14	0.892933314	0.0855443304	-0.678161404	-0.0180472251	0.539613335	0.138037375	-0.112383686	0.302269703	0.0854941687	0.0567551613	13.328033
3.15	0.886991681	0.0791367359	-0.679625234	-0.0181063082	0.53951805	0.167023321	-0.17277156	0.303098237	0.117441861	0.0536538207	14.890509
3.16	0.883733583	0.0754270092	-0.681034164	-0.0181464678	0.539159246	0.21459813	-0.247484797	0.303413458	0.097714609	0.0461385606	14.083167
3.17	0.884997	0.0762862034	-0.682385109	-0.0181418284	0.538615353	0.231182752	-0.363417857	0.30238681	0.0680244177	0.0432624121	16.104237
3.18	0.889702902	0.080044753	-0.683716605	-0.0181002037	0.537866051	0.242273133	-0.465276195	0.301473566	0.0953483815	0.0417928388	17.383235
3.19	0.897209844	0.0858296245	-0.685063851	-0.0180320478	0.536839246	0.253248565	-0.523421888	0.30099789	0.125890786	0.0410586836	16.319399
3.2	0.907198058	0.093213704	-0.686400683	-0.0179297252	0.535512193	0.264995527	-0.545616585	0.300984684	0.126525538	0.0407042973	15.168788
3.21	0.914773262	0.0975429387	-0.687788129	-0.0178003545	0.533881103	0.246834762	-0.546322606	0.301705575	0.119941893	0.0694795443	14.425801
3.22	0.923440262	0.102626616	-0.689209669	-0.0176487417	0.53201736	0.190882889	-0.520277188	0.302383744	0.145531178	0.0452884159	16.289618
3.23	0.934461213	0.110127341	-0.690668865	-0.017483682	0.53003206	0.11029196	-0.449808188	0.302767266	0.163568894	0.042930339	14.106495
3.24	0.947409192	0.120073182	-0.692360231	-0.0173403519	0.529342616	0.0159493607	-0.268512344	0.302850063	0.0504718142	0.0418888841	14.691648
3.25	0.961195402	0.131134784	-0.694182059	-0.0171398214	0.529291976	-0.190930234	-0.0768545395	0.302669383	0.0675448977	0.033726292	17.439852
3.26	0.974224005	0.141721471	-0.696087941	-0.0169843706	0.529600358	-0.286066263	0.145203264	0.302681958	0.0831220601	0.0162663315	15.915735
3.27	0.987056671	0.152928689	-0.698043627	-0.0168486352	0.530367644	-0.404073568	0.322848289	0.30208075	0.0526167138	0.0404627782	17.021483
3.28	0.995571525	0.158837803	-0.7000591	-0.016744282	0.531397818	-0.498159628	0.471802326	0.302060687	0.0499274023	0.0402403226	15.671472
3.29	0.998139855	0.157714351	-0.702113539	-0.0166888066	0.532564993	-0.573416917	0.559248169	0.302842383	0.0416067243	0.0693476989	16.565328
3.3	0.994780741	0.149554844	-0.704185204	-0.016668395	0.533838267	-0.65006899	0.586290299	0.304843592	0.0388404728	0.0693324278	15.427852
3.31	0.992350038	0.143178569	-0.706202753	-0.016677171	0.535288917	-0.719621308	0.562490479	0.306151049	0.0621118968	0.0536394218	15.404157
3.32	0.993718037	0.142104632	-0.708135587	-0.0166726217	0.536750794	-0.795433695	0.515859823	0.306197652	0.109391602	0.0471960034	14.859361
3.33	0.999007575	0.146398907	-0.710014274	-0.0166589207	0.538141048	-0.879565976	0.455429054	0.305081756	0.096872303	0.0436715055	16.916545
3.34	1.00707627	0.154645678	-0.711860383	-0.016635903	0.539393967	-0.94503454	0.379905426	0.303206261	0.040653643	0.041835532	15.785911
3.35	1.01658668	0.165196246	-0.713695398	-0.0166023465	0.540490076	-0.993712622	0.300106134	0.301019153	0.0833351819	0.0409043658	15.080446
3.36	1.0215748	0.169998684	-0.715595777	-0.0165581049	0.541385312	-1.02909087	0.23537376	0.300065691	0.0942860702	0.069287405	15.496043
3.37	1.02032426	0.166421988	-0.717534689	-0.0164995726	0.542003905	-1.04779653	0.159844518	0.300756378	0.133405351	0.0692925349	16.74378
3.38	1.01364064	0.155543706	-0.719510921	-0.016428473	0.542378062	-1.04207973	0.0867897041	0.303051659	0.0707183983	0.0692996995	16.266203
3.39	1.00945717	0.14786427	-0.721429499	-0.0163473381	0.542622735	-1.01341729	0.0123632107	0.304440139	0.0698865697	0.0693054037	15.179323
3.4	1.01093495	0.147342881	-0.723216274	-0.016237728	0.542604938	-0.98299874	-0.0660721635	0.304342087	0.087415036	0.0565753659	16.353383
3.41	1.01784569	0.153699606	-0.724899826	-0.0161070857	0.542323201	-0.936945255	-0.157160095	0.303049212	0.0806762362	0.048902591	16.485556
3.42	1.02850225	0.165054067	-0.726533165	-0.0159663483	0.541781273	-0.870693882	-0.238603923	0.30119597	0.0879422252	0.0446979448	14.91725
3.43	1.03732816	0.17427155	-0.72817174	-0.0158076697	0.541006663	-0.815376125	-0.30418255	0.299324803	0.126284906	0.0424854373	16.989966
3.44	1.04072584	0.176342111	-0.729845342	-0.0156252858	0.539988617	-0.770879841	-0.352717092	0.299200274	0.110492566	0.0694335735	16.125013
3.45	1.03817331	0.17039904	-0.731605087	-0.0154378463	0.538842969	-0.71344247	-0.393109159	0.301040533	0.14675341	0.0694767671	16.251521
3.46	1.03094402	0.158183083	-0.733398594	-0.0152336608	0.537496125	-0.644267616	-0.431247236	0.304514914	0.102612345	0.069539911	16.130445
3.47	1.0269843	0.150274106	-0.735105902	-0.0150244305	0.535982072	-0.536797024	-0.488322845	0.306949028	0.105796191	0.0697203913	17.611352
3.48	1.02565328	0.145934623	-0.736768003	-0.014800994	0.534215229	-0.423670533	-0.563418726	0.307741985	0.150221635	0.0573874872	16.43285
3.49	1.02359614	0.141566507	-0.738584405	-0.0146299339	0.533437616	-0.296423264	-0.60074477	0.308239784	0.0554120282	0.0611300522	15.521499
3.5	1.02069448	0.13694909	-0.740488338	-0.0144817828	0.532949652	-0.1723463	-0.604211296	0.307979806	0.0731211471	0.0550255109	15.742874
3.51	1.01662699	0.131667524	-0.742387657	-0.0143643006	0.533033234	-0.0466834399	-0.632715348	0.307016298	0.0560758618	0.048377088	17.061268
3.52	1.01111803	0.125415291	-0.744250616	-0.0142831164	0.533574974	0.0853415633	-0.682463413	0.305768234	0.0669569962	0.0448305908	14.781099
3.53	1.00403047	0.118116199	-0.746093742	-0.0142503504	0.534510607	0.228656008	-0.73171217	0.304553531	0.0440893938	0.0431533098	15.107682
3.54	0.995409219	0.109897184	-0.747913527	-0.0142443368	0.535710889	0.353270293	-0.765174374	0.303519779	0.0576318414	0.0420644886	17.751698
3.55	0.989177404	0.105087048	-0.749648493	-0.0142686758	0.537155586	0.482694369	-0.797563607	0.302494063	0.0528784362	0.040692865	16.607139
3.56	0.984539197	0.102148297	-0.751341369	-0.0143042924	0.538797854	0.595555751	-0.805372396	0.301650406	0.0390580843	0.00837804513	15.180343
3.57	0.977810079	0.0970903385	-0.753060179	-0.0143535002	0.540596426	0.691831376	-0.791949246	0.301512116	0.0553087581	0.0693275039	14.45641
3.58	0.967919935	0.0891071247	-0.754821363	-0.0144061241	0.542359665	0.734160184	-0.754468718	0.302074436	0.058735761	0.0583558841	14.628215
3.59	0.960313139	0.083238811	-0.756528178	-0.0144492521	0.544159313	0.754894901	-0.73414464	0.30243892	0.0745830111	0.0490620129	16.722821
3.6	0.957375041	0.0812747555	-0.75807463	-0.0145023841	0.544938208	0.809801196	-0.693562723	0.302844784	0.13748726	0.0446971296	14.764296
3.61	0.959332324	0.0828930227	-0.75954897	-0.0145394673	0.545810296	0.847878872	-0.636044133	0.303130605	0.104697061	0.0423726737	14.988813
3.62	0.965722327	0.0877651015	-0.760947932	-0.0145707486	0.546566544	0.906249056	-0.546947886	0.303457584	0.0916553859	0.0411792773	14.567512
3.63	0.975902279	0.095333096	-0.762277413	-0.014582729	0.547089791	0.962032236	-0.444548588	0.303872355	0.110777887	0.040577773	15.276052
3.64	0.989414684	0.105262316	-0.763552798	-0.0145652362	0.547339034	1.00578555	-0.344301401	0.304370648	0.100042238	0.0402842379	15.361662
3.65	1.00137083	0.112636489	-0.764871118	-0.0145162879	0.547332495	1.03897734	-0.253607327	0.305326945	0.0836848566	0.0565896148	14.499589
3.66	1.00986773	0.116725203	-0.766256407	-0.0144344269	0.547156574	1.03139716	-0.232940091	0.305705784	0.039603413	0.0565893771	15.00637
3.67	1.01560048	0.118175957	-0.767770414	-0.0143178476	0.546852819	0.989963608	-0.24613499	0.305719952	0.0591427239	0.0362158016	17.06754
3.68	1.01843697	0.116860178	-0.769443942	-0.0141684498	0.546464047	0.914540614	-0.265360074	0.305666983	0.0974033557	0.0443568645	15.375893
3.69	1.0186618	0.113224245	-0.771259439	-0.0139850386	0.546063266	0.810475353	-0.285025757	0.305694439	0.0855669723	0.042283113	17.295703
3.7	1.01818131	0.109540769	-0.773203882	-0.0137738431	0.545630698	0.678480895	-0.301723257	0.305787721	0.113671326	0.0130592157	13.852888
3.71	1.01489781	0.103625667	-0.775294479	-0.0135323481	0.545137252	0.520204587	-0.315909119	0.306781913	0.115720516	0.0610579416	17.351719
3.72	1.00833867	0.0952404001	-0.777525176	-0.0132559299	0.544442054	0.326790306	-0.34696215	0.30835418	0.118423661	0.057100006	14.216017
3.73	1.00421937	0.0903140092	-0.779828724	-0.0129416391	0.543597753	0.109483031	-0.390380339	0.308913762	0.103905083	0.0507171887	16.214376
3.74	1.00414831	0.0902377649	-0.782195214	-0.0126111553	0.542487181	-0.110606187	-0.423281562	0.308189275	0.0988502209	0.045719534	16.879638
3.75	1.00741866	0.0939066146	-0.784655288	-0.0123652412	0.541603438	-0.18073342	-0.537626479	0.306158534	0.0584022569	0.0430485643	16.284348
3.76	1.01269057	0.100019309	-0.787268554	-0.0120822623	0.541272093	-0.277002752	-0.590871425	0.30360474	0.0645620969	0.0416837273	15.655361
3.77	1.01467489	0.101696071	-0.789965623	-0.0117821811	0.54084945	-0.347614746	-0.576606735	0.302697152	0.0784009439	0.0410417236	16.00434
3.78	1.01332867	0.098624276	-0.792760307	-0.0114425022	0.540582893	-0.426299799	-0.533385087	0.302984104	0.059761487	0.0572976513	13.695919
3.79	1.01423219	0.097350178	-0.795501757	-0.0110639337	0.540373091	-0.514557501	-0.49749156	0.303177957	0.069235802	0.0422988385	14.152951
3.8	1.01892591	0.0996836448	-0.798145614	-0.0106840535	0.540195571	-0.554215346	-0.465361231	0.303077451	0.0581344819	0.0412236044	17.285216
3.81	1.02707332	0.105250609	-0.80071259	-0.0102971293	0.540051687	-0.56085451	-0.432543539	0.30284186	0.0519523812	0.0406559966	16.267706
3.82	1.03466331	0.110263831	-0.803256405	-0.00989225934	0.539989575	-0.570220329	-0.405628727	0.302797925	0.0480289327	0.0428025693	15.906642
3.83	1.03803256	0.111064838	-0.805865947	-0.00945916023	0.540068134	-0.615415389	-0.385345949	0.30315077	0.0549095903	0.0566702312	15.032015
3.84	1.03608317	0.106789687	-0.808571865	-0.00901886653	0.540256596	-0.656784695	-0.382927617	0.304028377	0.0424608191	0.0566172818	13.906027
3.85	1.03090405	0.0990928714	-0.81127368	-0.00855587205	0.54034516	-0.704724586	-0.406220678	0.305006724	0.117865184	0.0642127469	13.48471
3.86	1.02892819	0.0952124045	-0.813913006	-0.00806552323	0.540378552	-0.739513664	-0.459028198	0.304853979	0.110469298	0.0491319773	15.172509
3.87	1.03161397	0.0966796837	-0.81647917	-0.00745406134	0.539904024	-0.869145348	-0.425721884	0.303991955	0.0936402592	0.0447256316	13.894633
3.88	1.03796478	0.102222625	-0.819072762	-0.00682921458	0.539689094	-0.953717349	-0.406072918	0.302307605	0.0804533661	0.042424509	16.339642
3.89	1.0463249	0.109630281	-0.821691947	-0.00616782826	0.539550731	-1.03968167	-0.341436449	0.301122672	0.101331913	0.0413069375	16.502537
3.9	1.0521631	0.112947019	-0.824325172	-0.00558749235	0.538825533	-0.974079141	-0.33905668	0.301180085	0.0750113718	0.0407753382	15.729652
3.91	1.05437577	0.112109639	-0.827046714	-0.00496558844	0.538227374	-0.974744392	-0.290767823	0.301929735	0.0910719549	0.0567471831	14.888198
3.92	1.05275267	0.107733649	-0.829867137	-0.00432394867	0.537700077	-1.02172589	-0.239783766	0.302868593	0.0464197468	0.0567473662	16.030478
3.93	1.04873902	0.10101373	-0.832772935	-0.00369840983	0.537099028	-1.05425649	-0.198536242	0.303815134	0.126131164	0.0495100071	15.84399
3.94	1.04785314	0.0981580023	-0.835729536	-0.00310796796	0.536496354	-1.05711641	-0.18006835	0.303831721	0.123476131	0.0452250942	16.597432
3.95	1.05098426	0.0998715785	-0.838710373	-0.00257283646	0.535784057	-1.00671926	-0.198837042	0.303045486	0.144748244	0.0430764803	16.412908
3.96	1.05601843	0.10340626	-0.841724013	-0.00209205913	0.534798514	-0.898067488	-0.222922404	0.302434859	0.0917612786	0.0217727692	18.170264
3.97	1.06239682	0.107885535	-0.844775785	-0.00168172402	0.533449384	-0.715425761	-0.250041106	0.302223966	0.147769396	0.0266339357	16.381502
3.98	1.06679001	0.109258029	-0.847860652	-0.00132971961	0.53153821	-0.490077677	-0.270207362	0.302946156	0.121314689	0.0410005207	16.703704
3.99	1.06882251	0.107533253	-0.850995778	-0.00111019945	0.530437557	-0.295188685	-0.204774283	0.304127512	0.0956194444	0.0409019643	18.302521
4	1.06925184	0.103872155	-0.854123818	-0.00101474801	0.529920809	-0.0960416422	-0.110740547	0.305280581	0.0427001429	0.0406849082	16.044938
4.01	1.06881885	0.0999648944	-0.8572221	-0.00105530528	0.529925082	0.0918873724	-0.0227415929	0.305473076	0.0736792115	0.0408956452	16.403152
4.02	1.06686499	0.095164195	-0.860273353	-0.00117207801	0.530144982	0.240453688	0.0586842293	0.305589003	0.0758095168	0.0412066296	16.704476
4.03	1.06292174	0.0887599345	-0.863276787	-0.00139590192	0.530889624	0.34486514	0.094825389	0.306016473	0.0377746829	0.057037191	17.775176
4.04	1.05671035	0.0808994506	-0.866229142	-0.00173756832	0.532111379	0.441500684	0.0854001501	0.306966067	0.0482215118	0.0563155337	17.808843
4.05	1.04791684	0.0711610342	-0.869120977	-0.00217450053	0.533587813	0.522420675	0.0410927175	0.308798258	0.0521471461	0.0695799009	17.259645
4.06	1.03889473	0.0618232469	-0.87196642	-0.00269203188	0.535273163	0.57513196	-0.0270175921	0.309722633	0.0379455658	0.0516826435	16.505078
4.07	1.03423204	0.0571360448	-0.874751929	-0.00327567522	0.537085056	0.602317651	-0.105879939	0.309353194	0.0641382937	0.0466812898	15.991214
4.08	1.03411767	0.0569399301	-0.877471902	-0.00391817203	0.538961162	0.606739835	-0.184415355	0.307775137	0.0313929874	0.0441375185	16.626982
4.09	1.03731515	0.0600098847	-0.880065564	-0.00467469139	0.540374613	0.681197586	-0.217578081	0.305662393	0.0791745785	0.0423298654	16.666803
4.1	1.04208242	0.0640141708	-0.882592959	-0.00542016557	0.541750564	0.681787376	-0.236803087	0.304066567	0.127845753	0.0511073335	15.382986
4.11	1.04739539	0.068316627	-0.885020919	-0.00613223271	0.542974187	0.615735032	-0.25615828	0.303013591	0.0903325399	0.08	17.611936
4.12	1.05335465	0.0724131539	-0.887348333	-0.00677667137	0.5439119	0.482791775	-0.246269728	0.302724194	0.100604328	0.0576974	13.976329
4.13	1.05711055	0.0731334298	-0.889666261	-0.00735733129	0.544498798	0.321985876	-0.162156181	0.303641886	0.0927886388	0.0439443072	14.1884
4.14	1.0595597	0.0715477552	-0.891971759	-0.00787581338	0.544841224	0.166097912	-0.0194672931	0.305070934	0.0995942353	0.0421239695	16.182469
4.15	1.06616794	0.0732274855	-0.89421641	-0.0082596275	0.544606352	-0.0970689322	0.0659207569	0.305531958	0.0552134544	0.040737709	13.907138
4.16	1.07383302	0.0762558356	-0.896447525	-0.00861521782	0.544245793	-0.258560662	0.149727279	0.304648474	0.106694475	0.0447427378	17.436503
4.17	1.07974952	0.0777875887	-0.8986959	-0.0089468268	0.543819268	-0.360406995	0.221426966	0.303855479	0.0882624782	0.0437495158	17.060519
4.18	1.08174203	0.0757589885	-0.901007324	-0.00926458603	0.543257795	-0.403006729	0.295702819	0.304722839	0.12670565	0.0699913828	14.230559
4.19	1.08084034	0.0710337973	-0.903349683	-0.00960021754	0.542474648	-0.371550932	0.38234234	0.306607604	0.130001366	0.058559997	16.618946
4.2	1.0788965	0.0656930714	-0.905692476	-0.00995685012	0.541463346	-0.280229981	0.450395836	0.308305816	0.133911076	0.0650096602	15.927941
4.21	1.08024507	0.0640518045	-0.907977748	-0.0103173904	0.540214871	-0.151510963	0.462262348	0.309236764	0.101536499	0.0608511741	15.467144
4.22	1.08521172	0.0663642918	-0.910199246	-0.0106763119	0.538628578	0.00801492374	0.40236066	0.309220654	0.117810398	0.0430072924	18.274431
4.23	1.09048816	0.0693303173	-0.91238078	-0.0110300752	0.536635857	0.198525503	0.262304352	0.308557603	0.0876217387	0.0188825259	16.271096
4.24	1.09312586	0.0700257274	-0.914570467	-0.011388741	0.534251528	0.408760608	0.0731208442	0.307765924	0.0889287269	0.0570890674	17.683186
4.25	1.09210068	0.0678042747	-0.916938133	-0.0116966177	0.532890705	0.480993067	-0.0422776837	0.307077308	0.0571942748	0.0568241955	17.007609
4.26	1.08759158	0.0628255366	-0.919433433	-0.0120105995	0.532007432	0.555470124	-0.0382409725	0.307368069	0.0626951044	0.0692944186	14.106897
4.27	1.0842655	0.059542817	-0.922019782	-0.0122227297	0.531971822	0.513444856	-0.043106502	0.307279323	0.0578878411	0.0528571626	17.234743
4.28	1.08330668	0.0588722687	-0.92467307	-0.0122721891	0.532472195	0.307865553	-0.0631148085	0.306388397	0.10593138	0.0430771249	15.392669
4.29	1.08433514	0.0603467035	-0.927335295	-0.0121748271	0.533520236	0.0959810092	-0.107497059	0.304666944	0.0511002328	0.0413105763	17.544175
4.3	1.08638947	0.0624464729	-0.929993109	-0.0119511591	0.534858892	-0.127859628	-0.160199602	0.3031925	0.0748896013	0.042694647	15.281732
4.31	1.08952347	0.0647757553	-0.932622151	-0.0116512092	0.536245055	-0.298993962	-0.212100623	0.302271665	0.0774543305	0.0542403516	15.38896
4.32	1.09055117	0.0638673392	-0.935279353	-0.011324538	0.537557623	-0.40130872	-0.228226023	0.302512553	0.0779700866	0.0566289671	16.912921
4.33	1.09025187	0.0606342613	-0.937975836	-0.0109840175	0.538795894	-0.440009389	-0.201265327	0.303379456	0.0317500876	0.0565981586	15.378669
4.34	1.09384869	0.0604315542	-0.940664681	-0.0106293792	0.539919447	-0.47355108	-0.159988767	0.303551043	0.0544173365	0.046751723	13.646408
4.35	1.10242825	0.0650533911	-0.943324648	-0.0102648905	0.54093922	-0.525673189	-0.134064901	0.301730667	0.115003717	0.0493258412	16.262976
4.36	1.10988719	0.0681673687	-0.94599063	-0.00991785066	0.541694284	-0.54946186	-0.103195833	0.300478163	0.097402847	0.0481249187	16.453214
4.37	1.11491125	0.0685921143	-0.948700551	-0.00962526218	0.542164695	-0.536399515	-0.0658853671	0.299853592	0.0758216063	0.0565702502	16.027742
4.38	1.11772719	0.0669071876	-0.951445205	-0.00940937577	0.542353521	-0.48107729	-0.0312976059	0.299589768	0.0935851533	0.0565693793	15.978122
4.39	1.1185714	0.0636085081	-0.954221562	-0.00929465936	0.542330972	-0.374750627	-0.00234137468	0.299874615	0.084497592	0.0692820335	15.30644
4.4	1.12139763	0.0627247266	-0.956974216	-0.00927968223	0.542148366	-0.264259646	0.0164239827	0.300251712	0.069742936	0.049285093	14.993728
4.41	1.12675321	0.0648571157	-0.959720921	-0.00935049757	0.541880156	-0.174654372	0.0436333686	0.30035594	0.104595712	0.0436437445	17.516811
4.42	1.13033864	0.0658552025	-0.962581725	-0.00950603572	0.541611689	-0.115618839	0.103078629	0.300368767	0.0649361834	0.0481021545	15.83194
4.43	1.12966326	0.0633834564	-0.96559995	-0.00973510759	0.541306239	-0.0959681787	0.226831056	0.301848813	0.0905639824	0.0758465113	16.647992
4.44	1.12616087	0.0586474942	-0.968669114	-0.0101303672	0.540500729	0.0755103451	0.273921989	0.303445045	0.153408227	0.0447952474	16.055682
4.45	1.11977088	0.0518895794	-0.971837389	-0.0106077724	0.539668945	0.182586964	0.37012576	0.306208814	0.110047207	0.0703136421	15.846944
4.46	1.1113031	0.0437582368	-0.975076064	-0.0111873219	0.538726725	0.298825213	0.484458518	0.310107466	0.0963020661	0.0694885784	16.243413
4.47	1.10531601	0.0384548007	-0.978354397	-0.0119079412	0.537678184	0.463834175	0.569164212	0.31360829	0.103033893	0.0777715142	16.140437
4.48	1.10322316	0.0369303251	-0.981655742	-0.0127632839	0.536499169	0.662506318	0.60455994	0.314736785	0.148764852	0.0584336708	16.736786
4.49	1.10458393	0.0386213477	-0.984969259	-0.0137005657	0.535175523	0.837590118	0.609015906	0.313648713	0.0982275569	0.0589978365	17.055393
4.5	1.10693671	0.0414123838	-0.988304561	-0.0146815363	0.534785291	0.915740822	0.633821538	0.311073879	0.0773498142	0.0485070804	14.511423
4.51	1.10674424	0.0417920888	-0.991612207	-0.0155775583	0.534654445	0.81594627	0.692929423	0.308761973	0.0703578676	0.0710779894	17.933124
4.52	1.10578234	0.0411358961	-0.99488268	-0.0164677418	0.53508063	0.698561656	0.710680528	0.307796788	0.0662919625	0.0799999999	16.333949
4.53	1.10505397	0.0405446619	-0.998089952	-0.0173602741	0.53590295	0.566661554	0.689499612	0.307337492	0.0693287182	0.0765190956	16.763347
4.54	1.10254297	0.0380391994	-1.0012969	-0.0182719803	0.536990542	0.466826257	0.641541234	0.30664125	0.0564693888	0.077672313	15.445625
4.55	1.09975012	0.035131672	-1.0045154	-0.0191977658	0.538370075	0.376535487	0.561724046	0.305117054	0.0690274637	0.0623304505	14.189282
4.56	1.0981614	0.0325076396	-1.00771267	-0.0201167303	0.539802911	0.297487929	0.466537317	0.304212336	0.0606639007	0.0503200531	16.288973
4.57	1.09823706	0.0305413365	-1.01092868	-0.0210402444	0.541333534	0.264198014	0.405641367	0.303870135	0.0672444178	0.0453388166	15.889463
4.58	1.09887772	0.0283031242	-1.01413535	-0.0219564542	0.542787698	0.2633467	0.374171939	0.30415188	0.080414113	0.069793118	15.26858
4.59	1.10206601	0.0275592573	-1.01729394	-0.0228507008	0.544154693	0.284857507	0.373678388	0.304386086	0.0594891636	0.0475597494	16.206485
4.6	1.10926937	0.029582565	-1.02034539	-0.023694186	0.545311957	0.309449334	0.413554238	0.304213481	0.114667939	0.043574958	13.91809
4.61	1.11692484	0.0315039786	-1.02322511	-0.024488321	0.546028105	0.380362824	0.488802603	0.30427533	0.174803727	0.0578418983	15.056258
4.62	1.12441659	0.0325740406	-1.02591928	-0.0251327487	0.545843525	0.333242797	0.48935414	0.304238541	0.116166332	0.060135508	16.966269
4.63	1.13128335	0.0327907175	-1.02849534	-0.0257276898	0.545440341	0.31139611	0.5480438	0.304482925	0.0762568525	0.0692965209	14.772112
4.64	1.13986	0.0339693617	-1.03087584	-0.0262582576	0.544717656	0.273732069	0.635023178	0.305791085	0.121085057	0.08	16.298035
4.65	1.15076631	0.0369236594	-1.03314468	-0.0267377954	0.543874101	0.194560778	0.756299922	0.306910858	0.098757065	0.08	15.091847
4.66	1.16148457	0.0395325231	-1.03537296	-0.0271828497	0.542813093	0.0800228451	0.887718326	0.306406493	0.123715481	0.0697253417	15.592562
4.67	1.16977552	0.0398406512	-1.03751113	-0.0276175412	0.541477916	-0.0143322836	0.985959209	0.306276283	0.0806182634	0.0800000001	16.99718
4.68	1.17635227	0.0384581101	-1.03959332	-0.0280660514	0.539906627	-0.0527913609	1.03565425	0.306074565	0.13889038	0.0752988362	17.976918
4.69	1.18235595	0.0368762135	-1.04160796	-0.0285445403	0.538159887	-0.0540678422	1.01395686	0.304922404	0.104421402	0.0722928643	15.505766
4.7	1.19067713	0.0380714152	-1.04353792	-0.0290671189	0.536303089	-0.0302025382	0.918625179	0.302531985	0.12487804	0.0676383862	17.28697
4.71	1.20026322	0.0414762445	-1.04543335	-0.0296483497	0.534362665	0.00884048754	0.764014108	0.299619657	0.103303902	0.0655344101	17.210596
4.72	1.20902068	0.0453620239	-1.04728588	-0.0303741276	0.531942586	0.181586791	0.654714159	0.298186207	0.138144105	0.08	15.340769
4.73	1.21451729	0.0471578276	-1.04914803	-0.0311671144	0.529481721	0.304767854	0.496110646	0.295878958	0.11322748	0.0699166324	16.344279
4.74	1.21814792	0.0484536621	-1.05109995	-0.032150351	0.527430607	0.521550899	0.203299368	0.293768501	0.0663037238	0.0721801806	16.801559
4.75	1.21671211	0.0462494227	-1.05328309	-0.033132863	0.526371333	0.577436642	0.058597072	0.293159546	0.0512630144	0.0799999999	14.73653
4.76	1.21480281	0.0447998761	-1.05562814	-0.0340945917	0.526091148	0.539481001	-0.0168514983	0.291508246	0.0731652783	0.0630882338	14.866303
4.77	1.21402549	0.0452948492	-1.05809154	-0.0349992576	0.526307656	0.368136107	-0.0838672384	0.288214852	0.0540417731	0.0554702468	14.003054
4.78	1.20995499	0.0433325835	-1.06074031	-0.035842812	0.527118999	0.191809001	-0.130394335	0.286194768	0.106059677	0.0693952607	16.712535
4.79	1.20317627	0.039451056	-1.063532	-0.0365821668	0.528410994	-0.021842581	-0.185212855	0.283956215	0.0608604652	0.0599554207	14.735788
4.8	1.19754538	0.0370585165	-1.06638513	-0.0372247339	0.530087699	-0.256235032	-0.254840118	0.281292206	0.0596194793	0.0508787425	15.219851
4.81	1.18989975	0.0330424655	-1.06929728	-0.0377850133	0.532011478	-0.485855945	-0.331117092	0.280427037	0.0436732391	0.08	16.319647
4.82	1.17979281	0.0271256915	-1.07218334	-0.0383053564	0.533863138	-0.634218453	-0.35726484	0.282206749	0.0798940698	0.0799999999	16.933827
4.83	1.16861865	0.020262932	-1.0750428	-0.0387504075	0.535797451	-0.807116888	-0.372695524	0.285896129	0.020353212	0.08	14.165783
4.84	1.16091238	0.0163770723	-1.07783368	-0.0390687321	0.537524912	-1.06934457	-0.314114107	0.288276005	0.0397459989	0.0790369771	14.829861
4.85	1.15619427	0.0148421918	-1.0805443	-0.039356257	0.539233871	-1.2610883	-0.261449997	0.290040638	0.114752842	0.0781527628	14.40776
4.86	1.15122162	0.0127030863	-1.08314187	-0.0397288643	0.540261499	-1.23576836	-0.307338254	0.292840361	0.0680498643	0.08	15.733236
4.87	1.1454218	0.00957626402	-1.08562678	-0.0400711654	0.541099571	-1.19562547	-0.301381158	0.29715257	0.0896747544	0.08	14.509789
4.88	1.13979905	0.00609871072	-1.0879796	-0.0403872242	0.541668277	-1.10845722	-0.247398603	0.302818959	0.0875966177	0.0800000001	15.81326
4.89	1.13571401	0.00309631546	-1.09019259	-0.0406999089	0.541929042	-0.958449007	-0.162945244	0.309327664	0.0592122331	0.0799999999	14.902955
4.9	1.13420709	0.00111277608	-1.09226323	-0.0410198429	0.541888436	-0.749020722	-0.0575223435	0.316159841	0.0720061254	0.0740101531	15.397088
4.91	1.13606426	0.000726963441	-1.09420745	-0.0413473222	0.541481906	-0.496399436	0.044997811	0.320976558	0.122059487	0.0756773874	15.345692
4.92	1.14057836	0.00137475413	-1.09607835	-0.0416870873	0.540757888	-0.220188812	0.1444885	0.323480243	0.0419186488	0.08	16.199323
4.93	1.14761278	0.00307732279	-1.09790034	-0.0420519832	0.539746536	0.0756638422	0.235557624	0.323632876	0.117017656	0.08	16.025276
4.94	1.15638045	0.00531126971	-1.09966374	-0.042442401	0.538433587	0.388508695	0.349356607	0.322731836	0.0983142283	0.0800000001	14.563463
4.95	1.16676125	0.00732304395	-1.10132175	-0.0428185565	0.536848285	0.662460063	0.493592908	0.32281352	0.0912073393	0.0799999999	15.994663
4.96	1.17807405	0.00883952764	-1.10287096	-0.0431436419	0.53496248	0.860661333	0.649863573	0.324394717	0.105960487	0.0800000001	16.521832
4.97	1.19042213	0.0102306619	-1.10434977	-0.0434125531	0.532798758	0.997380215	0.818746194	0.327259202	0.0883540948	0.0799999999	15.913224
4.98	1.20390236	0.011803179	-1.10586791	-0.0435314999	0.530868497	0.919786738	0.924530078	0.330736796	0.110521145	0.08	17.704236
4.99	1.21795467	0.0137727305	-1.10755759	-0.0435267547	0.52922008	0.697144118	0.919657339	0.332176428	0.116020293	0.08	16.659611
5	1.23160177	0.0159103532	-1.10947034	-0.0436342647	0.528546008	0.565862451	0.959573326	0.331611878	0.102050228	0.0799999999	16.39056
5.01	1.24447043	0.0183173739	-1.11155907	-0.0437645902	0.528234946	0.444798582	1.05821621	0.329371391	0.0394108641	0.08	16.347721
5.02	1.25632311	0.0211348957	-1.11383203	-0.0439869858	0.528750998	0.375238703	1.11440031	0.325243135	0.079673146	0.069357754	17.667159
5.03	1.26801713	0.0244306398	-1.11619349	-0.0442763211	0.529927407	0.351888251	1.12286678	0.320785761	0.0768905153	0.08	17.011769
5.04	1.27776403	0.0265531509	-1.11855702	-0.0445618415	0.531585069	0.310303995	1.09611202	0.318446449	0.0700159973	0.0800000001	17.07216
5.05	1.28490133	0.0268633282	-1.12089693	-0.0448319667	0.533564746	0.252881216	1.04652219	0.31880235	0.0671258984	0.08	16.858332
5.06	1.2902728	0.0262456653	-1.12311393	-0.0451474858	0.535304871	0.310115499	1.05641428	0.321442508	0.0479944925	0.08	16.208728
5.07	1.2957015	0.0258651869	-1.12525623	-0.0454235529	0.537271073	0.309880331	0.999716577	0.324929984	0.0557874219	0.08	19.702983
5.08	1.30041086	0.0254789866	-1.12730984	-0.0456617528	0.539313338	0.293490063	0.897606145	0.328894872	0.0278090869	0.08	13.796093
5.09	1.30388614	0.0253034656	-1.12934376	-0.0458783456	0.541270391	0.285414433	0.754127817	0.331019041	0.0501623721	0.0721806841	17.028512
5.1	1.30569977	0.0250014905	-1.13137343	-0.0460902987	0.543033786	0.310946702	0.593431932	0.331308397	0.0922665726	0.0716202634	15.581025
5.11	1.30567235	0.0245120562	-1.13337695	-0.046306225	0.544570925	0.368475043	0.415231797	0.329889448	0.0708992597	0.071063183	13.661571
5.12	1.30402631	0.0240138792	-1.13531565	-0.0465178596	0.545782234	0.450708502	0.214692921	0.326964856	0.123651581	0.0706363516	15.779163
5.13	1.30068231	0.0234513884	-1.13717815	-0.0466996818	0.546564531	0.530320962	0.00758599918	0.323264063	0.127722233	0.0729211412	16.351271
5.14	1.29653692	0.0223258848	-1.1389473	-0.0467884885	0.546992801	0.556806292	-0.165610391	0.321929437	0.120561875	0.0743199651	18.840301
5.15	1.29138408	0.0205042909	-1.14062749	-0.0467989272	0.547129751	0.56400592	-0.302972218	0.323262385	0.11376588	0.0581263627	15.864275
5.16	1.2857327	0.0187232475	-1.14231774	-0.0467554341	0.546971515	0.552392742	-0.435689232	0.324466679	0.0610887022	0.0783579718	17.253273
5.17	1.27968624	0.0171467513	-1.14403175	-0.0466610715	0.546521088	0.523456237	-0.579721957	0.324500806	0.0435113433	0.0730905758	15.811358
5.18	1.27347049	0.0159254707	-1.14579419	-0.0465221592	0.545866928	0.470626994	-0.723175242	0.323376248	0.104422181	0.0675956979	15.330884
5.19	1.26663371	0.0143001694	-1.14752664	-0.0463102653	0.544869008	0.395613202	-0.836705816	0.3235067	0.114547716	0.08	14.778369
5.2	1.25864321	0.0120183081	-1.14920344	-0.0460194479	0.543528884	0.304427413	-0.955141951	0.324576254	0.143476062	0.0711573284	15.894308
5.21	1.2500612	0.0092765686	-1.15084068	-0.0456686991	0.541954547	0.220289425	-1.04260112	0.326926075	0.126123722	0.08	16.393085
5.22	1.24211611	0.00704975382	-1.15247426	-0.0452660557	0.540139287	0.141129195	-1.11196995	0.328233931	0.11529612	0.0693539063	17.736379
5.23	1.23506633	0.0053467309	-1.15410809	-0.0448054433	0.53802344	0.0520523874	-1.17048743	0.327826869	0.12278804	0.0696871586	16.377819
5.24	1.22939595	0.00425868844	-1.15567776	-0.0442844012	0.535578393	-0.0300233722	-1.21188295	0.325885663	0.0853795105	0.0718076488	16.852628
5.25	1.22506608	0.00399675991	-1.15741114	-0.0437274106	0.534104303	-0.0841208986	-1.19472485	0.322156617	0.0623301422	0.0732095007	16.894863
5.26	1.22356006	0.00439909577	-1.15919443	-0.043076671	0.533071327	-0.218249169	-1.15615337	0.318795202	0.0762013297	0.08	14.72841
5.27	1.22283496	0.00415488578	-1.16094038	-0.0424072916	0.532272218	-0.212932859	-1.03538143	0.317185596	0.050360233	0.08	16.265812
5.28	1.22305867	0.0030479521	-1.16271611	-0.0416878019	0.531948346	-0.2005256	-0.868331633	0.317073106	0.120719285	0.08	14.882476
5.29	1.22553396	0.00186447985	-1.16449744	-0.0409089839	0.532096857	-0.203779485	-0.675147566	0.317935304	0.094186699	0.08	14.318831
5.3	1.23168947	0.00212073565	-1.16629996	-0.0400906564	0.532587449	-0.240334108	-0.493762467	0.316599082	0.0488518176	0.0799999999	15.78848
5.31	1.24155053	0.00378367228	-1.16814252	-0.0392370724	0.53344767	-0.30978684	-0.346792964	0.312363538	0.0585639276	0.08	15.680363
5.32	1.255873	0.00666674342	-1.16992483	-0.0383497499	0.534511364	-0.424101391	-0.210258142	0.307253039	0.0492546689	0.0791126483	16.235805
5.33	1.27416063	0.011060527	-1.17169071	-0.0374572376	0.535739174	-0.563662111	-0.0889754907	0.300733562	0.0541200785	0.0800000001	15.74751
5.34	1.29386883	0.0155515883	-1.17340392	-0.0366042305	0.537162073	-0.60831052	-0.00736271917	0.295039283	0.0498669146	0.08	15.094699
5.35	1.3132695	0.0191852314	-1.17506185	-0.0358543215	0.538613981	-0.63092076	0.0749420525	0.291469262	0.157043483	0.0708235512	16.396456
5.36	1.33207702	0.0220258658	-1.17656686	-0.0352034933	0.53907052	-0.602572995	0.119773006	0.290046716	0.113046485	0.07121134	16.930569
5.37	1.35021453	0.0246317841	-1.17801742	-0.034656942	0.539822406	-0.657157593	0.122830363	0.289252536	0.0932343707	0.0774727709	17.008966
5.38	1.36804358	0.0273693251	-1.17943692	-0.0342325601	0.540670754	-0.725289445	0.0949396814	0.289624491	0.112746149	0.08	17.531708
5.39	1.38535727	0.0308675716	-1.18093225	-0.0338999591	0.541602031	-0.8549644	0.0567599882	0.288606717	0.115337198	0.0704735079	15.829052
5.4	1.40238558	0.0349796602	-1.18253805	-0.0336392058	0.542537839	-1.06847868	-0.00447135342	0.284778029	0.0767538322	0.0799999999	14.255108
5.41	1.41854048	0.0390410755	-1.18426423	-0.0334298403	0.54340567	-1.35396398	-0.0861634507	0.278140577	0.0810913207	0.08	16.610208
5.42	1.43359313	0.0428657078	-1.18605979	-0.0332852728	0.544092063	-1.63514671	-0.220873902	0.26948061	0.0804522054	0.0766731945	16.069339
5.43	1.44767131	0.0465855705	-1.18791499	-0.0332223959	0.544538049	-1.88019679	-0.390384592	0.259904245	0.150046024	0.072997271	15.620994
5.44	1.46008633	0.0497369177	-1.18976513	-0.0332814263	0.544655407	-2.05784809	-0.588366966	0.252446831	0.11010784	0.0693562388	16.395364
5.45	1.47140096	0.0522752958	-1.19165856	-0.0334846376	0.544392374	-2.15172245	-0.778047152	0.248447942	0.125919227	0.08	14.72203
5.46	1.48101452	0.0541169299	-1.19360708	-0.0338194178	0.543752834	-2.14768418	-0.964587639	0.247770922	0.151583097	0.08	16.047436
5.47	1.48991045	0.0558157511	-1.19555627	-0.034269935	0.542610326	-2.0403905	-1.15930276	0.249271776	0.142300381	0.0800000001	16.800476
5.48	1.49746588	0.0572796264	-1.19755951	-0.0347799612	0.540953676	-1.90883611	-1.37025676	0.248975833	0.124330283	0.08	16.754911
5.49	1.50348438	0.0582624573	-1.19962635	-0.0353272226	0.538790412	-1.79969555	-1.58305996	0.24666692	0.0555515059	0.077741067	15.130538
5.5	1.5079115	0.0589044724	-1.20183602	-0.0361260855	0.536915544	-1.5316419	-1.51847753	0.24527941	0.0798998767	0.08	17.725427
5.51	1.51061991	0.0592799647	-1.204192	-0.0369907347	0.535707088	-1.30071153	-1.37683361	0.243059345	0.0555923779	0.0574413116	16.459089
5.52	1.51158365	0.0592341643	-1.20660683	-0.0379619419	0.534613321	-0.978228065	-1.20305482	0.242904533	0.0618069462	0.0799999999	16.408593
5.53	1.51127533	0.0589558514	-1.20898106	-0.0390125787	0.533876475	-0.712727947	-0.991531716	0.24478617	0.0772493236	0.069681753	14.981898
5.54	1.50955319	0.0586503157	-1.21134007	-0.0400880998	0.533528525	-0.551742657	-0.783081545	0.246476922	0.0546841535	0.0700018244	14.337876
5.55	1.50734185	0.0580818224	-1.21367511	-0.0412068309	0.533590121	-0.45006848	-0.55298007	0.249002421	0.0557910449	0.08	15.988806
5.56	1.50368618	0.0568302881	-1.21606005	-0.0423134088	0.533911059	-0.467401052	-0.313169561	0.249587831	0.0876569502	0.0800000001	14.124173
5.57	1.4989892	0.0549653317	-1.21843423	-0.0434389181	0.53458112	-0.476894743	-0.100330136	0.250479462	0.0452471591	0.0800000001	13.893854
5.58	1.49343198	0.0527043583	-1.22076953	-0.0445939034	0.5354915	-0.445841636	0.0811728448	0.252593647	0.0425685281	0.08	15.76276
5.59	1.48585476	0.0502678551	-1.22316054	-0.0457445642	0.536625636	-0.452003113	0.249251457	0.253871559	0.068097171	0.0722140758	17.783626
5.6	1.47648198	0.0474057777	-1.22562746	-0.0469170403	0.537970656	-0.464864558	0.386826547	0.253735894	0.124080546	0.08	15.183699
5.61	1.46546406	0.0442882819	-1.22805062	-0.048125727	0.538308308	-0.431477617	0.489307458	0.25266954	0.0972057853	0.0780669789	15.511109
5.62	1.45357577	0.0414495175	-1.23053681	-0.0493505238	0.538927399	-0.453747361	0.56422208	0.250130397	0.123744125	0.0737175832	16.950224
5.63	1.44094346	0.0385599216	-1.2330341	-0.0506101524	0.539560656	-0.420914343	0.624189704	0.249924753	0.067683979	0.0800000001	15.461478
5.64	1.42750299	0.0350368027	-1.2355409	-0.0519184743	0.540114755	-0.329970313	0.6890672	0.253305739	0.103004485	0.08	14.335018
5.65	1.41345964	0.0310002615	-1.238061	-0.0532958035	0.540496017	-0.165680281	0.778814843	0.260007558	0.126653932	0.08	14.799327
5.66	1.39944754	0.0269821926	-1.24059161	-0.0547340698	0.540726538	0.0511218615	0.8744859	0.268891568	0.0893110527	0.08	17.208428
5.67	1.38533457	0.0232300795	-1.24317221	-0.0562079695	0.541005592	0.241574095	0.936745194	0.275858122	0.0822782167	0.0800000001	18.228524
5.68	1.37139911	0.0195668712	-1.24574453	-0.0577236946	0.541225383	0.419252732	0.965846005	0.282912722	0.109717894	0.0800000001	19.72851
5.69	1.35827479	0.0161271681	-1.24827938	-0.0592811181	0.541318106	0.587216789	0.965129506	0.29090305	0.120596558	0.08	15.074382
5.7	1.34707989	0.0127899881	-1.25073518	-0.0608813287	0.541265042	0.764094753	0.93180667	0.299597782	0.103079385	0.0799999999	15.400718
5.71	1.3361638	0.00942476245	-1.25321093	-0.0625039198	0.541146114	0.911993963	0.847270675	0.30640046	0.110963341	0.0799999999	16.466194
5.72	1.32741297	0.00639826414	-1.25563705	-0.0641469108	0.54077263	1.06087749	0.71578965	0.312909599	0.127370818	0.08	16.231632
5.73	1.32184838	0.00403160871	-1.25792879	-0.0658229329	0.540019511	1.25907621	0.556241681	0.319609578	0.15991737	0.08	16.824011
5.74	1.31898178	0.00221019809	-1.26002536	-0.0675329623	0.538763058	1.5103653	0.364473805	0.326941692	0.0918569006	0.08	17.155972
5.75	1.31888155	0.000838976823	-1.26207659	-0.0691114391	0.537858337	1.56172789	0.379187924	0.335042495	0.0743679226	0.08	18.424782
5.76	1.32329117	0.000209495879	-1.26397843	-0.0705462428	0.537077775	1.50158226	0.511142751	0.342996255	0.0498608873	0.0799999999	16.230974
5.77	1.33269735	0.000476855395	-1.26573977	-0.0719171711	0.536813299	1.51191324	0.641252953	0.350022614	0.0576783666	0.0800000001	16.157151
5.78	1.34662123	0.00166671347	-1.26740584	-0.0732115969	0.53681999	1.51637041	0.773277121	0.356159808	0.0514129189	0.0710841282	17.225498
5.79	1.36381768	0.00423539658	-1.26903576	-0.0744667342	0.537225474	1.56643952	0.901106551	0.35970097	0.0403905498	0.08	15.317191
5.8	1.38627071	0.00848463518	-1.27046584	-0.0756748666	0.537533815	1.66555872	1.07586971	0.361905979	0.0648565707	0.08	16.68314
5.81	1.41374812	0.0145291369	-1.27167228	-0.0767806772	0.537965564	1.74219159	1.20483988	0.362666803	0.0830773426	0.0695735061	15.884345
5.82	1.4462327	0.022137414	-1.2726821	-0.0777301133	0.538352047	1.72071829	1.32701551	0.363108899	0.0664906999	0.08	14.865626
5.83	1.48039613	0.0295853915	-1.27348992	-0.078493167	0.538877809	1.60606283	1.45241565	0.364351092	0.0305219286	0.08	18.630455
5.84	1.51531319	0.0362473248	-1.27420036	-0.079056063	0.539386981	1.38683318	1.54686931	0.366795969	0.0876730522	0.08	15.707928
5.85	1.55106042	0.0441155815	-1.27496558	-0.079485361	0.539788322	1.15128978	1.62563297	0.368381275	0.105554386	0.08	14.061662
5.86	1.58803208	0.0531808	-1.27573834	-0.0797613238	0.540049102	0.884979989	1.69184334	0.369932329	0.0714811939	0.08	14.711533
5.87	1.62360619	0.0620586178	-1.27656409	-0.0799417663	0.540130058	0.678566411	1.72268646	0.371400339	0.1000347	0.08	16.467033
5.88	1.65667665	0.0701521695	-1.27748116	-0.080043931	0.540058977	0.580104105	1.70843932	0.372630656	0.105067769	0.08	17.231703
5.89	1.6886056	0.0783781665	-1.27843085	-0.080057701	0.539866473	0.555490976	1.64560234	0.373902475	0.11296902	0.08	16.723341
5.9	1.71872956	0.0874161672	-1.27952116	-0.0800676401	0.539671369	0.656875205	1.51901347	0.373401904	0.0832504246	0.0800000001	15.899197
5.91	1.74561755	0.0959090414	-1.28069844	-0.0799272605	0.539084071	0.735350864	1.42663686	0.372496781	0.125806253	0.0698131545	15.926266
5.92	1.76999855	0.103834154	-1.28198843	-0.0797630366	0.538750621	0.900794178	1.27845056	0.371226981	0.0786048446	0.08	16.478596
5.93	1.79187373	0.110769649	-1.28337389	-0.0795465903	0.538573818	1.05294432	1.11166997	0.36997932	0.107045391	0.08	16.561393
5.94	1.81129812	0.116564813	-1.28484301	-0.079261825	0.538417945	1.15867302	0.9475623	0.368810357	0.127676763	0.08	16.434403
5.95	1.82812725	0.121623301	-1.28644781	-0.0789380144	0.538226985	1.27600905	0.780831918	0.366041747	0.0657089212	0.08	16.546188
5.96	1.84215747	0.126455832	-1.28823037	-0.0786476442	0.537867632	1.44505003	0.608223975	0.362005635	0.09111584	0.0800000001	16.384793
5.97	1.85339963	0.131277986	-1.29022172	-0.0784307778	0.5373244	1.67042402	0.417262594	0.356668685	0.157176039	0.08	16.050439
5.98	1.86195334	0.136133075	-1.29240622	-0.0782683936	0.536512971	1.90894896	0.218199038	0.350922611	0.122620179	0.0799999999	16.376926
5.99	1.86805401	0.14012217	-1.29471273	-0.0780485818	0.535401427	2.02840656	0.044523667	0.345521315	0.096602511	0.0611724281	18.612573
6	1.8716578	0.142865523	-1.29705737	-0.0777415283	0.533954363	2.06929575	-0.149346043	0.340094842	0.0571488293	0.08	16.537158
6.01	1.87292581	0.144612273	-1.29946996	-0.0774865868	0.53291006	2.26137483	-0.163040243	0.334259063	0.0710566578	0.08	19.257813
6.02	1.87153272	0.144558891	-1.30197601	-0.0772793024	0.53220651	2.50794899	-0.201030945	0.327660857	0.073102333	0.08	21.46696
6.03	1.86780402	0.143521057	-1.30459939	-0.07713778	0.531872596	2.76636725	-0.231402636	0.3205953	0.0336421676	0.0799999999	26.64803
6.04	1.86043511	0.139470802	-1.30732559	-0.0770400004	0.531958713	3.03809195	-0.285179603	0.313834884	0.0649962049	0.0737951415	23.437037
6.05	1.84961785	0.133207507	-1.3101441	-0.0769646225	0.532193968	3.24801192	-0.318277654	0.308020443	0.0600700419	0.0718434852	20.333657
6.06	1.83599968	0.12597864	-1.31307018	-0.0769960559	0.532989363	3.48528308	-0.413658846	0.302228107	0.0613953538	0.08	22.316599
6.07	1.82037086	0.11829669	-1.31607509	-0.0770924363	0.534223817	3.61571199	-0.53205891	0.297336441	0.0398845297	0.08	21.063245
6.08	1.8046216	0.111157382	-1.31905741	-0.0771304336	0.535810838	3.54578893	-0.656996003	0.292717179	0.0332505863	0.08	21.287983
6.09	1.78842041	0.10464107	-1.32200951	-0.0771411776	0.537645023	3.34642515	-0.813111052	0.288015888	0.0558810355	0.0800000001	22.811953
6.1	1.77129303	0.0984845976	-1.32489083	-0.0771403231	0.539424308	3.07680267	-1.00143669	0.28357969	0.121887416	0.08	18.992073
6.11	1.75322118	0.0928011584	-1.32767415	-0.0771716753	0.540661969	2.8597138	-1.1319463	0.279692224	0.098402907	0.08	20.790924
6.12	1.73394301	0.0873501143	-1.33040135	-0.077156036	0.541712893	2.55371555	-1.28236962	0.276188806	0.119101933	0.08	20.748913
6.13	1.71366863	0.0823775325	-1.33307425	-0.0770774531	0.542434723	2.19283463	-1.42741638	0.273773263	0.0718968419	0.0799999999	22.105856
6.14	1.69140309	0.0768477992	-1.3357203	-0.0769317909	0.542789558	1.81761499	-1.55485314	0.271837129	0.098611852	0.08	24.36039
6.15	1.66741936	0.0703512983	-1.33831128	-0.0767001706	0.542722171	1.45834614	-1.65320226	0.27127347	0.111773056	0.0727045739	21.004514
6.16	1.64222484	0.06305824	-1.3408126	-0.0763483435	0.542219765	1.11559259	-1.73499616	0.271637106	0.1248875	0.0696664523	21.667332
6.17	1.61655014	0.0554886146	-1.34326951	-0.0759004534	0.541365218	0.820628299	-1.75641636	0.273658393	0.0643428975	0.0696811149	22.464918
6.18	1.59119335	0.0478092386	-1.34567149	-0.0753331267	0.540148212	0.48922296	-1.7088939	0.278176404	0.095448249	0.0699837676	20.680973
6.19	1.56660433	0.0406601549	-1.34802924	-0.0746644806	0.538582087	0.147171171	-1.59969677	0.283883419	0.090742706	0.0713036592	21.724496
6.2	1.54306479	0.0343101086	-1.35033761	-0.0738925581	0.53670412	-0.190582317	-1.4494796	0.289519963	0.0906206353	0.0702798961	21.071264
6.21	1.52226822	0.0294484274	-1.35254619	-0.0730017874	0.534397312	-0.501322296	-1.245876	0.294681915	0.108086667	0.0697727687	23.441227
6.22	1.50446094	0.0261806525	-1.3546318	-0.0720085668	0.531671639	-0.755694106	-1.00525198	0.299021983	0.101311253	0.0695229259	20.203288
6.23	1.49029976	0.0249435062	-1.35657587	-0.0708963561	0.528565702	-0.96668621	-0.761159248	0.302393598	0.122938014	0.0694001747	22.191134
6.24	1.48074005	0.0264805711	-1.35834019	-0.0696450035	0.524992238	-1.14319444	-0.539002891	0.304784219	0.084261109	0.0693399472	23.685368
6.25	1.47636945	0.0319757606	-1.36003372	-0.0685119945	0.521877989	-1.10032427	-0.49984374	0.304020407	0.069737404	0.074913872	23.044126
6.26	1.47337451	0.0371031942	-1.36175142	-0.0673249895	0.519587486	-1.07780514	-0.417092982	0.303815481	0.0804283339	0.08	20.876924
6.27	1.46964005	0.0386951806	-1.36348744	-0.0661697073	0.517578386	-1.05235508	-0.268733722	0.305823175	0.0597427822	0.0800000001	22.477689
6.28	1.46517162	0.0373949602	-1.36527717	-0.0650296241	0.516357499	-0.986625322	-0.134896234	0.308619073	0.0601421745	0.072938017	21.055787
6.29	1.46095907	0.0337788367	-1.36706799	-0.0638967732	0.515792688	-0.922616645	-0.0101924161	0.312568402	0.0457372105	0.08	20.557098
6.3	1.45792056	0.0289646013	-1.36884455	-0.062751445	0.515901009	-0.863599628	0.0839000532	0.317317943	0.0504035536	0.0799999999	22.434072
6.31	1.45662713	0.0239405001	-1.3706129	-0.0616140954	0.516609181	-0.804898714	0.151867608	0.322528639	0.0393833829	0.0800000001	21.998851
6.32	1.45732342	0.0192920618	-1.37242668	-0.0604945983	0.517764652	-0.788067349	0.199407854	0.327945809	0.083675176	0.08	20.883626
6.33	1.45983749	0.0152318644	-1.37429412	-0.0594108673	0.519463893	-0.744987393	0.238581691	0.33345809	0.0287822943	0.0800000001	21.865902
6.34	1.46393542	0.0118631337	-1.37622172	-0.0582286477	0.521088066	-0.870729988	0.37201213	0.339274658	0.0567235701	0.08	20.787857
6.35	1.46934644	0.00904508027	-1.37824056	-0.0570960433	0.523186919	-0.950553779	0.489272063	0.345008307	0.0989196954	0.08	22.706075
6.36	1.47612682	0.00669478289	-1.38025954	-0.0561394996	0.525020438	-0.896732186	0.49811987	0.35064087	0.0802769882	0.08	23.553489
6.37	1.48387361	0.00476323292	-1.38234922	-0.055277404	0.527015708	-0.880177296	0.574099693	0.356538268	0.113362372	0.0799999999	20.604468
6.38	1.49248145	0.00321530701	-1.38443307	-0.05450633	0.528939222	-0.853504633	0.672017269	0.362546426	0.0787222172	0.0800000001	20.797244
6.39	1.50193534	0.00203069014	-1.3864654	-0.0538434467	0.530547114	-0.799943711	0.76310478	0.368558274	0.122317495	0.08	21.375145
6.4	1.51351263	0.00169514776	-1.3884389	-0.0533091233	0.531772413	-0.700632803	0.833966989	0.374139517	0.0968279948	0.08	21.197113
6.41	1.52683145	0.00198896171	-1.39038481	-0.0529125873	0.532520092	-0.570302305	0.89732863	0.379289737	0.0919209513	0.08	21.391068
6.42	1.54151011	0.00282851848	-1.39230017	-0.0526419229	0.532771211	-0.413738879	0.950297402	0.38405603	0.0822567045	0.08	20.987555
6.43	1.55746322	0.00423934021	-1.39420854	-0.0524935899	0.532568663	-0.239684517	0.990586729	0.388501795	0.101936644	0.08	21.277702
6.44	1.57478698	0.00627294824	-1.39611544	-0.052464769	0.532016996	-0.0600131612	1.03262502	0.392723469	0.0942748801	0.08	23.172773
6.45	1.59370163	0.0089991729	-1.39801919	-0.0525417608	0.531141254	0.10652154	1.08898765	0.39654351	0.112427472	0.08	22.919684
6.46	1.61448581	0.0125083519	-1.39989624	-0.0527186229	0.530015689	0.269062902	1.14882668	0.399651856	0.100035398	0.08	24.88583
6.47	1.63424143	0.0157260586	-1.401795	-0.052998024	0.52864364	0.435710399	1.1999935	0.402920791	0.170227525	0.08	22.064343
6.48	1.65444338	0.0185516478	-1.40360273	-0.0533628331	0.526986356	0.594174744	1.2340238	0.406331618	0.152651415	0.08	21.21001
6.49	1.67623845	0.0209719916	-1.40540846	-0.0536515891	0.525649913	0.575201986	1.13776402	0.409467339	0.0717592139	0.08	22.060803
6.5	1.70024864	0.0235406634	-1.40721686	-0.0541056258	0.525325009	0.583265476	1.10705725	0.412261739	0.15093516	0.0762206849	22.220507
6.51	1.72888082	0.0282036683	-1.40901599	-0.0546230595	0.525489233	0.579799227	1.13950279	0.414290276	0.0691134954	0.08	20.522063
6.52	1.76045571	0.0357704802	-1.41092279	-0.0552819099	0.526370918	0.614380251	1.14036706	0.415094018	0.0440366137	0.08	21.978885
6.53	1.79420097	0.0466861478	-1.41297889	-0.0560898974	0.527785151	0.715180241	1.10092715	0.414755909	0.0521281621	0.08	21.265427
6.54	1.83029921	0.0613546759	-1.41516267	-0.0570700464	0.529522677	0.971181939	1.02872438	0.413515508	0.0724329021	0.08	21.19119
6.55	1.86890871	0.0798728669	-1.41751516	-0.0582541159	0.531683141	1.39423925	0.956209917	0.410999945	0.0764545067	0.08	24.118593
6.56	1.90993744	0.101634971	-1.419958	-0.0596460033	0.534232038	1.82458462	0.911157681	0.40692583	0.0596748138	0.0799999999	22.065269
6.57	1.94920421	0.121746111	-1.42240727	-0.061109521	0.536997499	2.24330758	0.876243267	0.402462925	0.0754265439	0.0701951837	21.535057
6.58	1.98337015	0.137480683	-1.42488316	-0.0625982041	0.539936369	2.57494506	0.834428789	0.397884509	0.0675417619	0.08	20.978645
6.59	2.01291465	0.149356254	-1.42731357	-0.0641639806	0.542689701	2.8198778	0.826172573	0.393441937	0.0334057618	0.08	21.119922
6.6	2.03821629	0.157699758	-1.42975011	-0.0656405702	0.544831068	2.91550825	0.695743587	0.38882395	0.120196715	0.08	19.870715
6.61	2.05989044	0.163951313	-1.43219746	-0.0671531136	0.547013297	3.01822852	0.587735555	0.383890116	0.161868444	0.08	20.831095
6.62	2.07827561	0.168717816	-1.43468096	-0.0687080273	0.549035464	3.15780811	0.495377521	0.378023247	0.123703282	0.08	22.276041
6.63	2.09362261	0.17236137	-1.43717802	-0.0703114263	0.550779511	3.35542143	0.411117951	0.371541604	0.0688276314	0.08	21.407438
6.64	2.1061732	0.174592593	-1.43965623	-0.0719292393	0.552177968	3.50584361	0.342891095	0.365593929	0.10990895	0.0774082987	20.920893
6.65	2.11584881	0.175528965	-1.44207519	-0.0735139705	0.553149491	3.617541	0.275041274	0.360735666	0.083049616	0.08	21.829137
6.66	2.12351686	0.176479345	-1.44441858	-0.075032599	0.553663038	3.60538768	0.21070112	0.357600605	0.0794910354	0.08	19.389991
6.67	2.12935138	0.177289913	-1.44669621	-0.0764893023	0.553627511	3.46699334	0.171594412	0.356313086	0.0760600403	0.08	19.710921
6.68	2.13337859	0.177594006	-1.44893569	-0.0778979915	0.553077484	3.1799083	0.144979164	0.355484222	0.102604342	0.08	21.085274
6.69	2.13571874	0.177339788	-1.45116157	-0.0792713314	0.551989479	2.75529797	0.1438678	0.354383968	0.106362471	0.08	20.768173
6.7	2.1365424	0.176644813	-1.4533773	-0.0806360971	0.550389496	2.24132239	0.193908381	0.352714401	0.132083338	0.08	21.396761
6.71	2.13509641	0.1747731	-1.45557375	-0.082026706	0.54822325	1.74498102	0.264625599	0.350831855	0.134657919	0.08	21.345944
6.72	2.13125714	0.172002523	-1.45775009	-0.0834487338	0.545510054	1.34239364	0.328875377	0.348655031	0.103019537	0.08	21.030269
6.73	2.12571068	0.169268721	-1.45988021	-0.0849452342	0.542150596	1.07368161	0.341683275	0.345665244	0.144089468	0.08	21.552663
6.74	2.11785596	0.165775839	-1.46202071	-0.0866479509	0.538777716	1.09035844	0.193365951	0.342049764	0.0818541823	0.0749440052	19.723172
6.75	2.10765854	0.161531493	-1.46422387	-0.0885899463	0.535442643	1.31072105	-0.0889372929	0.338282064	0.0759063816	0.08	20.725879
6.76	2.09605868	0.15745429	-1.46665103	-0.0906111013	0.533000386	1.54380125	-0.185594637	0.334139215	0.0349429001	0.08	19.919518
6.77	2.08287279	0.153079767	-1.46922928	-0.0927077009	0.531387192	1.72351925	-0.225432383	0.328660102	0.051565662	0.08	19.966008
6.78	2.06749391	0.147797501	-1.47194557	-0.0947398127	0.530325571	1.76980044	-0.261656589	0.32398953	0.0536490536	0.08	22.736573
6.79	2.0505447	0.142111383	-1.47477183	-0.0967478615	0.529981732	1.84033626	-0.294108258	0.318143269	0.0569140686	0.08	20.562154
6.8	2.03218731	0.136177615	-1.47769809	-0.0987653225	0.530301761	1.93205337	-0.312899334	0.311952467	0.0631134678	0.08	20.492702
6.81	2.0126425	0.129798424	-1.4806688	-0.100675163	0.53128348	1.97314836	-0.346142826	0.30606549	0.0760148528	0.08	21.155419
6.82	1.9916616	0.12224234	-1.48355783	-0.102411928	0.532684762	1.89626053	-0.407576285	0.302329434	0.104534484	0.0734921809	20.061115
6.83	1.97004453	0.114049707	-1.48632502	-0.103854774	0.533672635	1.59608234	-0.349136734	0.301264518	0.0526610294	0.08	19.271556
6.84	1.94860552	0.105553397	-1.48901164	-0.105150549	0.534992423	1.2733881	-0.363705832	0.301036991	0.0507633879	0.08	20.295318
6.85	1.92920589	0.0975650391	-1.49158668	-0.106354866	0.536545904	0.969346703	-0.367081343	0.300336011	0.0929491438	0.08	20.243929
6.86	1.91283346	0.0905460208	-1.49405533	-0.107555598	0.538251119	0.691163996	-0.359170241	0.2995848	0.101230443	0.0584269406	20.17752
6.87	1.89923532	0.0846677757	-1.49643291	-0.108785578	0.539988723	0.438033874	-0.332242682	0.299114294	0.0981143152	0.08	20.165129
6.88	1.88880645	0.0798432574	-1.49871152	-0.110106103	0.541260664	0.347169406	-0.398638994	0.297620951	0.0847990976	0.08	21.526656
6.89	1.88019564	0.0756714039	-1.50098955	-0.111511195	0.542751331	0.287001498	-0.396002156	0.295674108	0.0724440376	0.08	20.367568
6.9	1.87298616	0.0720637565	-1.50325482	-0.113006329	0.544251576	0.287882444	-0.350874864	0.293518471	0.0927885651	0.08	22.071134
6.91	1.86693483	0.0691455015	-1.50546258	-0.114594452	0.545608118	0.346538887	-0.293591478	0.291633919	0.0727836659	0.0755004326	22.211339
6.92	1.86176151	0.0671490131	-1.50760194	-0.116254173	0.546703877	0.378183791	-0.192353829	0.292497742	0.0673441057	0.08	21.523746
6.93	1.85860386	0.0659543591	-1.5095933	-0.117929858	0.547444188	0.35272186	-0.0494234763	0.29418992	0.106406847	0.08	20.843816
6.94	1.8578185	0.0655795617	-1.5114586	-0.119600205	0.54789341	0.317901425	0.137764583	0.295369329	0.100797039	0.08	20.360335
6.95	1.86010582	0.0661769453	-1.51318215	-0.121265503	0.548061657	0.298326343	0.354431341	0.295202694	0.106519738	0.08	21.449194
6.96	1.86424507	0.0672530363	-1.51485443	-0.122985325	0.548051224	0.345629975	0.587970506	0.29402905	0.107517078	0.0746307331	20.703677
6.97	1.86922417	0.0685918614	-1.51648918	-0.124798957	0.547731966	0.513993183	0.795009831	0.292777188	0.122790794	0.0703319263	21.50069
6.98	1.87475105	0.0704501735	-1.51809083	-0.126725705	0.547028654	0.808975118	0.969007883	0.292269364	0.10473578	0.0696313407	20.680882
6.99	1.88236563	0.0728441586	-1.51959501	-0.128551082	0.546578735	0.995587819	0.982830874	0.290596264	0.0912887342	0.08	20.909093
7	1.89241293	0.0758040997	-1.52094433	-0.130210996	0.546222935	1.0066888	0.884277917	0.28812519	0.063267592	0.0728853485	21.130646
7.01	1.9055363	0.079089263	-1.52213193	-0.131639627	0.54569123	0.761169135	0.727170176	0.283460675	0.0683154095	0.08	23.058786
7.02	1.92182644	0.0832229995	-1.5232544	-0.132950446	0.545558875	0.611550906	0.62076209	0.276411397	0.0502817172	0.08	22.410073
7.03	1.93970282	0.0882760188	-1.52441574	-0.134221541	0.545666521	0.541669914	0.502224213	0.269698374	0.0715266013	0.08	19.649152
7.04	1.95863342	0.094449531	-1.52559109	-0.135519634	0.545898274	0.58948969	0.342596197	0.264663114	0.0849798412	0.08	20.556145
7.05	1.97866077	0.10136165	-1.52676024	-0.136808667	0.546224184	0.722098177	0.157477855	0.261106423	0.0473994341	0.08	21.58068
7.06	2.00033901	0.108847811	-1.52787034	-0.138073453	0.546446978	0.963102329	-0.0555384445	0.257610956	0.0916093621	0.08	20.045783
7.07	2.02347008	0.117205976	-1.52891584	-0.139374258	0.546723384	1.27729952	-0.261230879	0.255144657	0.0656146366	0.0738932496	21.172996
7.08	2.04882728	0.12683192	-1.52994705	-0.140743114	0.547178688	1.66250678	-0.43832483	0.252575631	0.0823242775	0.0800000001	23.296357
7.09	2.07596791	0.137526907	-1.53093957	-0.142212636	0.547744009	2.10394037	-0.594001277	0.251497488	0.0267331434	0.0696878111	20.614347
7.1	2.10347841	0.148675469	-1.53187362	-0.143769421	0.548321474	2.57727287	-0.744727305	0.24887015	0.119046651	0.08	19.869016
7.11	2.1298421	0.159430851	-1.53279237	-0.145274233	0.548912919	2.93167182	-0.8879939	0.245723833	0.139472141	0.0693081816	20.587732
7.12	2.15416731	0.169891108	-1.53370286	-0.14680745	0.549042882	3.31079253	-0.935702937	0.24256399	0.0801033594	0.08	20.957299
7.13	2.17588649	0.179611225	-1.53464762	-0.148213358	0.548750231	3.50700567	-1.13842935	0.238865991	0.0990482577	0.0640563565	20.411745
7.14	2.19551655	0.189182858	-1.53570271	-0.149663058	0.548655957	3.70755346	-1.27458844	0.235193002	0.09027648	0.0723741629	21.549781
7.15	2.21312355	0.19857831	-1.53689348	-0.151171313	0.548634872	3.92252249	-1.33635841	0.231692322	0.105656596	0.070814049	19.943204
7.16	2.22870152	0.207627355	-1.53826314	-0.152732428	0.548687426	4.11052831	-1.33219395	0.228208134	0.0757413976	0.0700369079	22.028901
7.17	2.24227385	0.216180667	-1.53979243	-0.154345779	0.548776716	4.25239525	-1.26645159	0.224485849	0.0395419112	0.0696529436	20.510304
7.18	2.25381516	0.224321049	-1.54149092	-0.15594053	0.548893531	4.2684677	-1.15567719	0.221106133	0.10437215	0.0606398188	20.789752
7.19	2.26316031	0.231127926	-1.54338813	-0.157496567	0.54889995	3.87082714	-0.970555616	0.219464597	0.161911268	0.0693712691	21.900952
7.2	2.27023045	0.235408608	-1.54548539	-0.159072247	0.548709806	3.21452878	-0.721865159	0.218936371	0.104991934	0.0693257726	22.049041
7.21	2.27508714	0.238080898	-1.54777995	-0.160667031	0.548298674	2.51509257	-0.437020336	0.219139149	0.113665033	0.0693034685	20.026784
7.22	2.27770071	0.239719011	-1.55022958	-0.162258786	0.547562642	1.83534413	-0.161146675	0.220047049	0.148456001	0.0631139645	21.502392
7.23	2.27811688	0.240428341	-1.55283645	-0.163834275	0.546421386	1.20147725	0.112577692	0.221650165	0.147749994	0.0609653215	21.49566
7.24	2.27627507	0.240014172	-1.55556057	-0.165376385	0.544841258	0.584648313	0.359342507	0.223921697	0.0710581776	0.0692845546	25.333283
7.25	2.2719045	0.238292205	-1.55833056	-0.166957219	0.543256234	0.104413417	0.42301196	0.226010148	0.0657668642	0.0707774468	20.359156
7.26	2.26513104	0.233367262	-1.56113575	-0.168409492	0.542100318	-0.32805955	0.476257057	0.227549797	0.0720491153	0.0694450498	20.609172
7.27	2.25597677	0.22541355	-1.56393204	-0.169787361	0.540960057	-0.733214099	0.52987635	0.229225781	0.0721608067	0.0693619588	22.974571
7.28	2.24446487	0.215001495	-1.56672772	-0.171038887	0.540026179	-1.10821274	0.55180582	0.230942909	0.0467890502	0.0800000001	20.566074
7.29	2.23088412	0.204722535	-1.56955757	-0.172172145	0.53927621	-1.42481715	0.550540103	0.232405609	0.0397262413	0.0707485317	19.842194
7.3	2.21545323	0.19512394	-1.57238014	-0.173199406	0.538762018	-1.61158896	0.541356931	0.233855869	0.0290153061	0.0603513089	19.995644
7.31	2.19851092	0.186056958	-1.57515454	-0.174038477	0.538495852	-1.66559507	0.518849818	0.234834294	0.0277341418	0.08	20.684784
7.32	2.18003311	0.176225051	-1.5778547	-0.17470982	0.538430745	-1.65773091	0.469205745	0.235302823	0.0594884542	0.0718458689	19.052729
7.33	2.16006516	0.165727758	-1.58053349	-0.175246586	0.538567171	-1.6295476	0.418359249	0.236050975	0.0430243993	0.0705499549	19.818576
7.34	2.13898227	0.155160185	-1.58317642	-0.175609629	0.53879413	-1.63580268	0.377852769	0.238022614	0.0507761524	0.08	20.346588
7.35	2.11695541	0.145039646	-1.58576943	-0.175711999	0.53852813	-1.80998029	0.462950008	0.243122769	0.126619217	0.0765887269	20.387929
7.36	2.09343256	0.135532976	-1.58832859	-0.175723352	0.538269039	-1.93690645	0.511082014	0.24902435	0.108282084	0.08	20.128916
7.37	2.06878183	0.126358582	-1.59082377	-0.175605959	0.537952711	-2.07407744	0.537905501	0.256764823	0.0896824369	0.08	19.745019
7.38	2.04473884	0.117833649	-1.59323879	-0.175366271	0.537558946	-2.22740805	0.563630456	0.2661831	0.0596304711	0.08	20.633102
7.39	2.02142162	0.109849196	-1.59558392	-0.17500901	0.537053232	-2.36056516	0.588347749	0.27636727	0.0681634916	0.0704266911	22.115898
7.4	1.99827585	0.101443158	-1.59793601	-0.174602883	0.536441951	-2.46957603	0.624862181	0.285347415	0.0802614112	0.08	20.161083
7.41	1.97718038	0.0936970068	-1.60029234	-0.17418562	0.53585902	-2.53501643	0.686628281	0.294004937	0.0885137119	0.0767610521	20.553855
7.42	1.95948416	0.0864705183	-1.60263186	-0.173774417	0.535323749	-2.53077164	0.75855463	0.302190211	0.0752462462	0.08	19.366801
7.43	1.94482271	0.0798096556	-1.6050255	-0.173404393	0.534957699	-2.39432424	0.832845442	0.308613558	0.109077731	0.08	19.786535
7.44	1.93336508	0.0740472386	-1.60747707	-0.173084949	0.534723769	-2.16071105	0.914775888	0.313995548	0.110621772	0.08	20.731427
7.45	1.9242023	0.0695896303	-1.60997122	-0.172837015	0.534521791	-1.76121687	0.965101443	0.318579864	0.110874966	0.08	21.59357
7.46	1.91758023	0.0663269058	-1.61250436	-0.172658108	0.534281801	-1.25412842	1.00134745	0.323113403	0.125039566	0.0799999999	20.747932
7.47	1.91388948	0.063698586	-1.61503926	-0.172464358	0.533540723	-0.784837277	1.13012239	0.326974086	0.139397065	0.08	20.191728
7.48	1.91085941	0.0611036898	-1.61772395	-0.172293185	0.533446012	-0.417066643	1.0744996	0.328616867	0.137375866	0.0800000001	19.878134
7.49	1.90759545	0.058601405	-1.62057316	-0.17215422	0.533772543	-0.103868787	0.842924826	0.327972488	0.0702053164	0.0799999999	20.501093
7.5	1.9056994	0.0564885608	-1.6234847	-0.171940982	0.534272871	0.0636117474	0.468286959	0.326523408	0.114618692	0.0702797954	22.865872
7.51	1.90590949	0.055156522	-1.62644919	-0.171739967	0.535394569	0.190988393	0.149745761	0.325745013	0.0601926189	0.0694811742	22.582461
7.52	1.90877301	0.0545964967	-1.62937849	-0.171511091	0.536688638	0.260190541	-0.143148676	0.325743693	0.0671126073	0.08	20.496215
7.53	1.91480262	0.0546008817	-1.63226605	-0.171263271	0.538281716	0.288741801	-0.367461913	0.32478909	0.0895511235	0.070796707	21.111381
7.54	1.9216186	0.0548701657	-1.63522774	-0.17111384	0.540232396	0.346832352	-0.550299975	0.322860572	0.0660899232	0.0800000001	20.072335
7.55	1.92799742	0.0553254501	-1.63825789	-0.17113305	0.542437598	0.473423199	-0.694954921	0.319811175	0.0745768251	0.08	23.39826
7.56	1.93400073	0.0560684594	-1.6413487	-0.171318476	0.544806867	0.620815332	-0.818574688	0.316110115	0.0630908634	0.08	20.894072
7.57	1.94122706	0.0575162414	-1.64440492	-0.171619422	0.547149289	0.760373602	-0.885886437	0.31244221	0.0564505879	0.0702718292	20.480277
7.58	1.95058057	0.0597525293	-1.64737092	-0.171969378	0.5493947	0.825181722	-0.892555273	0.309970496	0.0487857168	0.08	21.332962
7.59	1.96329402	0.0625217839	-1.65019277	-0.172332617	0.551468312	0.791642126	-0.833715954	0.307652608	0.0638549797	0.08	21.287354
7.6	1.97766059	0.0658209858	-1.65292656	-0.172769484	0.55338563	0.742351591	-0.750411191	0.304765987	0.131695742	0.08	19.200925
7.61	1.99447934	0.0697391298	-1.65551192	-0.173242762	0.555134835	0.632434839	-0.624182101	0.301721728	0.0972969145	0.08	20.139739
7.62	2.0131774	0.0742364119	-1.65789891	-0.173654424	0.55615426	0.330737825	-0.57709656	0.299938463	0.0601917437	0.08	21.183325
7.63	2.03472644	0.0795871848	-1.66004386	-0.174063919	0.556924606	0.00710166033	-0.477235213	0.297779542	0.11437382	0.0750522249	20.872033
7.64	2.05885475	0.0858620159	-1.66198056	-0.174489917	0.55745204	-0.279668771	-0.359280298	0.294456939	0.0442874562	0.08	21.529064
7.65	2.08436173	0.093300477	-1.6637964	-0.175020359	0.557754956	-0.438995657	-0.237057878	0.289484821	0.0607711504	0.0723984052	20.810067
7.66	2.11116273	0.102182105	-1.66550592	-0.175685881	0.557746559	-0.438182762	-0.117261059	0.286627083	0.0823128208	0.0699416992	20.404196
7.67	2.13956664	0.112812099	-1.66712505	-0.176500997	0.557488883	-0.276614909	0.0178166241	0.286114284	0.08003743	0.0694905643	21.152543
7.68	2.16904776	0.12482776	-1.66866152	-0.177452053	0.556994588	0.005129963	0.153366485	0.286388659	0.106311321	0.0705447618	19.413182
7.69	2.19988639	0.137623803	-1.67009355	-0.178472639	0.556281984	0.331379534	0.267386507	0.286681305	0.127029287	0.08	20.376511
7.7	2.23217455	0.150815877	-1.67140817	-0.179499047	0.555353649	0.668133669	0.366440016	0.286428772	0.138063696	0.08	20.060256
7.71	2.26414355	0.163230818	-1.67265071	-0.18039401	0.554178509	0.898350691	0.473695973	0.285250604	0.123891372	0.069324112	20.610805
7.72	2.29582011	0.175627643	-1.67384032	-0.181165785	0.552748134	1.09412214	0.580276069	0.283179622	0.104232963	0.0743575863	19.860877
7.73	2.32640815	0.187986726	-1.67499658	-0.181858343	0.550960248	1.29141059	0.663346315	0.27945463	0.131452703	0.070882745	23.868488
7.74	2.35426032	0.199185393	-1.67616798	-0.182512221	0.54873952	1.51586488	0.698479409	0.275584399	0.0885180763	0.08	20.379206
7.75	2.37939031	0.208947504	-1.67743857	-0.183268651	0.546666585	1.92197151	0.608437146	0.270896763	0.0628036222	0.0752174472	25.559668
7.76	2.40183545	0.217298078	-1.67890591	-0.183906503	0.545415206	2.09875112	0.626982349	0.267857574	0.0733677321	0.08	21.686954
7.77	2.42199353	0.225038411	-1.68049679	-0.184517205	0.544547451	2.18214454	0.744066981	0.265650502	0.0457040052	0.0718680963	21.750045
7.78	2.4400514	0.232327206	-1.6822471	-0.185088806	0.544080708	2.17356435	0.848114253	0.262355081	0.0346325634	0.08	23.233199
7.79	2.45602768	0.238898504	-1.68411388	-0.185707113	0.544094952	2.1931388	0.95385798	0.257966525	0.048625492	0.0780494682	22.087349
7.8	2.46989642	0.24442789	-1.68609079	-0.186346466	0.544391524	2.19923073	1.0246611	0.252238322	0.0725537609	0.0737084971	20.259184
7.81	2.48162783	0.248792525	-1.68818562	-0.187016884	0.544886409	2.1746548	1.07818721	0.24563203	0.0608185577	0.0714852562	19.808717
7.82	2.4911875	0.252058893	-1.69044567	-0.187717076	0.545572736	2.08662419	1.13790915	0.237937649	0.0553686463	0.0703702317	21.646019
7.83	2.49821666	0.254284039	-1.69287646	-0.188344725	0.546307678	1.69854836	1.20303784	0.234565286	0.0751150562	0.0698173693	19.757895
7.84	2.50294003	0.255509513	-1.69549904	-0.188973486	0.547092591	1.26705564	1.2498821	0.233603569	0.0503660265	0.08	21.219991
7.85	2.50541455	0.255930265	-1.69830475	-0.189627421	0.547834146	0.864229617	1.27270688	0.234434924	0.092063952	0.08	21.932608
7.86	2.50587774	0.255999073	-1.70121619	-0.190197903	0.547807174	0.359156163	1.36323794	0.236619379	0.124277871	0.0722158276	23.563969
7.87	2.50408243	0.255770683	-1.70432019	-0.190824691	0.547822439	-0.0564520169	1.40134135	0.239428087	0.118202203	0.0799999999	21.62145
7.88	2.5000256	0.255270693	-1.70761403	-0.191491564	0.547813118	-0.453947439	1.40230623	0.242505045	0.130034122	0.0799999999	22.306998
7.89	2.49385531	0.254094612	-1.71109062	-0.192251903	0.54773325	-0.809483314	1.35445894	0.244912679	0.0666914803	0.0652721598	22.746049
7.9	2.48553302	0.252063466	-1.71475851	-0.193063373	0.547476977	-1.15787724	1.28020359	0.247775967	0.0777355362	0.0799999999	19.89071
7.91	2.47504914	0.249067732	-1.71861719	-0.193910735	0.54706321	-1.50417506	1.17735048	0.250468936	0.0817362128	0.08	20.276679
7.92	2.46243996	0.243444105	-1.72266802	-0.194773688	0.546492635	-1.8817452	1.06624904	0.252658139	0.0887601458	0.08	20.079245
7.93	2.44768281	0.235691399	-1.7268639	-0.195704917	0.545833272	-2.17002984	0.916461453	0.254637932	0.163963344	0.0711041106	21.064202
7.94	2.43070564	0.22662468	-1.73121398	-0.19671909	0.545051783	-2.30995534	0.703449303	0.256472817	0.134766316	0.08	22.887482
7.95	2.41143836	0.214912189	-1.7356822	-0.197809321	0.544109808	-2.30330176	0.423528623	0.257636465	0.131125605	0.08	20.739197
7.96	2.38995069	0.202573596	-1.74026461	-0.198963847	0.542971577	-2.21961466	0.0942616151	0.259243215	0.0902362163	0.0637707002	20.971706
7.97	2.36674846	0.189103916	-1.74493535	-0.20005663	0.541571776	-2.22375694	-0.235628301	0.260791263	0.119873709	0.0799999999	20.402188
7.98	2.34224439	0.176307153	-1.7496562	-0.201005425	0.539925311	-2.38545325	-0.537277	0.264049011	0.115767488	0.08	20.38079
7.99	2.31732595	0.164859045	-1.7543853	-0.201894139	0.538829009	-2.47228187	-0.599805286	0.268805563	0.0360129346	0.08	21.5608
8	2.29136068	0.153958314	-1.75903791	-0.202870438	0.537768129	-2.31519919	-0.572779778	0.274007183	0.0674619205	0.08	21.837797
8.01	2.26395542	0.143216613	-1.76361758	-0.203924166	0.537053658	-1.98126807	-0.415928345	0.279352557	0.0695522688	0.08	20.316225
8.02	2.23515265	0.132525852	-1.76807002	-0.205069531	0.536582545	-1.5560139	-0.203873526	0.285097872	0.0869599442	0.078750503	21.195113
8.03	2.20458328	0.121403899	-1.77242056	-0.206262649	0.536544364	-1.13754026	-0.005392375	0.290597127	0.0563944063	0.0765033617	21.335249
8.04	2.17247944	0.110129351	-1.77660589	-0.207492923	0.536735393	-0.674756272	0.146669913	0.29467292	0.0811669768	0.08	22.12098
8.05	2.13883101	0.097532061	-1.78058965	-0.208691089	0.536852784	-0.249938922	0.295955158	0.297252346	0.0755782225	0.08	20.286108
8.06	2.10606984	0.0858650333	-1.78420085	-0.209798581	0.536972629	0.0952359752	0.364590724	0.300109116	0.0603492332	0.08	22.388728
8.07	2.07533639	0.0758048175	-1.78742367	-0.21076958	0.537087409	0.302356411	0.398035179	0.304971171	0.0539453922	0.08	21.509762
8.08	2.04702582	0.0673079077	-1.79032015	-0.211618762	0.537255632	0.40650353	0.395188492	0.311349653	0.0749450553	0.0574902481	20.620831
8.09	2.0205648	0.0601878211	-1.79297367	-0.212388174	0.537585439	0.446910323	0.359527947	0.318738158	0.101944752	0.08	20.622839
8.1	1.99738653	0.0543545326	-1.79527899	-0.213016639	0.537922109	0.398082791	0.28981896	0.327553449	0.0851335542	0.08	20.745501
8.11	1.97847296	0.0499398724	-1.79723508	-0.21349403	0.538202185	0.26562506	0.20363763	0.336953549	0.101603556	0.08	21.106269
8.12	1.96329101	0.0450048895	-1.79884165	-0.21390333	0.537971933	0.170699727	0.193374958	0.345927335	0.118104549	0.08	19.676582
8.13	1.94915282	0.0387679318	-1.80028884	-0.214200133	0.537606871	-0.0428746155	0.159504804	0.35307116	0.103917547	0.08	20.799892
8.14	1.9387448	0.0337298369	-1.80160075	-0.214353624	0.537164789	-0.342448068	0.132245908	0.358839835	0.0869160191	0.08	19.701819
8.15	1.9342519	0.0307485014	-1.80271997	-0.214368003	0.536625538	-0.687315776	0.137785734	0.36345262	0.106767004	0.08	18.459047
8.16	1.93732562	0.0300515367	-1.80364508	-0.21422849	0.535979979	-1.06139525	0.18213191	0.366884764	0.104317686	0.08	19.808153
8.17	1.94680969	0.0314718022	-1.80443401	-0.213973223	0.535213899	-1.4178943	0.270083666	0.368239535	0.0626929305	0.08	20.848755
8.18	1.96376107	0.0344784605	-1.80505941	-0.213639354	0.534001436	-1.77641678	0.331860297	0.368231571	0.101027459	0.0800000001	21.169865
8.19	1.98769604	0.0391280471	-1.80556721	-0.213349121	0.532842679	-1.8842067	0.480101598	0.367618484	0.133482031	0.08	20.602828
8.2	2.0179141	0.0454683537	-1.8059202	-0.213102634	0.531617168	-1.81015793	0.668193648	0.36654587	0.0870560171	0.08	21.490944
8.21	2.05154548	0.0532793759	-1.80618962	-0.212896538	0.530183233	-1.60036555	0.854896248	0.366017535	0.15825161	0.08	21.302954
8.22	2.08811407	0.0617987974	-1.80631117	-0.212745762	0.528427891	-1.28300287	1.0073508	0.367313281	0.109018363	0.08	20.831941
8.23	2.12486891	0.0708806056	-1.80645819	-0.212646473	0.526436705	-0.972131876	1.10715182	0.369764171	0.105503343	0.08	19.294813
8.24	2.1618957	0.0800118772	-1.80668277	-0.212822018	0.524882438	-0.517224739	1.0447612	0.372612355	0.0863719589	0.08	23.199572
8.25	2.19689042	0.0874748172	-1.80719712	-0.213114951	0.524365576	-0.207375067	1.02881213	0.374917949	0.0788184197	0.08	20.618425
8.26	2.23015834	0.0955069941	-1.80796006	-0.213552182	0.524430776	0.0307032452	1.03119633	0.377342754	0.0827087285	0.0692863667	21.010897
8.27	2.26068489	0.102312731	-1.80903051	-0.214106126	0.525055841	0.0288751894	1.00803806	0.378015483	0.0904705753	0.08	20.719948
8.28	2.2882489	0.107732091	-1.81030412	-0.214710849	0.526160881	-0.188278208	0.92803826	0.37656241	0.121310259	0.08	22.853736
8.29	2.31296677	0.11204747	-1.81176189	-0.215353421	0.527696017	-0.558740099	0.792691117	0.373425864	0.0424390591	0.0799999999	21.133615
8.3	2.33506469	0.115581105	-1.81338834	-0.216046419	0.529544646	-1.01805469	0.624936074	0.368478026	0.0562104969	0.08	21.036837
8.31	2.35468454	0.118532416	-1.81514244	-0.216803826	0.531737686	-1.51233655	0.413588082	0.362134592	0.0838654783	0.08	19.645767
8.32	2.3720107	0.121085636	-1.81703396	-0.217644094	0.534202172	-2.00223167	0.186508131	0.35457203	0.058016716	0.08	20.045354
8.33	2.3868096	0.123597831	-1.81904035	-0.218560188	0.536822777	-2.28789782	-0.0574550805	0.347083877	0.107456121	0.0696736702	20.892465
8.34	2.39956451	0.126909897	-1.82103377	-0.219475626	0.539061098	-2.52976637	-0.242845594	0.339595541	0.0684001362	0.0737902123	20.59634
8.35	2.40990802	0.129343251	-1.82310746	-0.22048841	0.541423003	-2.66293457	-0.465911759	0.332190858	0.11120518	0.08	20.092212
8.36	2.41786849	0.131809543	-1.82524485	-0.22156954	0.54377047	-2.7533575	-0.70668372	0.324990726	0.0879850988	0.0799999999	20.682733
8.37	2.42367246	0.13334614	-1.82749836	-0.222714566	0.546045619	-2.83525484	-0.94203501	0.317581598	0.14103998	0.0777558211	20.638353
8.38	2.42749186	0.133811326	-1.82990082	-0.223881155	0.548246527	-2.93600944	-1.13697291	0.309597155	0.101810366	0.08	22.097307
8.39	2.42912514	0.13417057	-1.83236753	-0.225198167	0.549690138	-2.84118117	-1.38261318	0.303495047	0.0994206253	0.0629183463	19.299617
8.4	2.42919683	0.13430083	-1.83490575	-0.226524903	0.550973862	-2.83430452	-1.54461537	0.297443836	0.0811037636	0.0677031605	20.60397
8.41	2.42771766	0.134023525	-1.83754416	-0.227844813	0.552092801	-2.90796483	-1.61656987	0.291193403	0.0728065228	0.061348655	20.400287
8.42	2.42465145	0.133550474	-1.84023186	-0.229139926	0.55291863	-3.05193593	-1.62284593	0.284757418	0.0907342747	0.0567434643	19.719034
8.43	2.42025144	0.133926516	-1.84293522	-0.230483066	0.55338138	-3.10684107	-1.57749199	0.280491662	0.124702024	0.08	21.667441
8.44	2.41428473	0.133678047	-1.8456951	-0.231794119	0.553477474	-3.14927447	-1.49654023	0.276067212	0.0921493659	0.08	18.332042
8.45	2.40644729	0.13195865	-1.84849695	-0.233009481	0.553113564	-3.21359667	-1.38951195	0.270349857	0.116985493	0.0799999999	20.105141
8.46	2.39660153	0.128539184	-1.85128767	-0.234109615	0.552212478	-3.28320279	-1.27410401	0.26340755	0.124297338	0.0731720142	19.982287
8.47	2.3846984	0.12363189	-1.85404761	-0.23508875	0.55070774	-3.34007601	-1.14714297	0.255448615	0.132810856	0.0773208176	20.735638
8.48	2.37083528	0.117604853	-1.85674707	-0.235963248	0.548602995	-3.34100798	-1.00234407	0.247164541	0.169782419	0.0733312303	19.973524
8.49	2.3551714	0.110842415	-1.8593374	-0.236755207	0.545822512	-3.25143227	-0.843152811	0.239328229	0.101335975	0.0677955303	19.797057
8.5	2.338887	0.10530994	-1.86179749	-0.237365164	0.543119771	-3.11951474	-0.836985088	0.234024364	0.0844843542	0.0772644209	20.01891
8.51	2.32265858	0.101714608	-1.8642411	-0.238000424	0.541137342	-2.82902496	-0.743055546	0.233199931	0.0564250584	0.0756861752	19.415497
8.52	2.30687499	0.100157745	-1.86659936	-0.238632252	0.539568019	-2.46469003	-0.652153094	0.236045505	0.0672987931	0.0799999999	20.520626
8.53	2.29087816	0.0984565545	-1.86887333	-0.239271627	0.538219289	-1.95261506	-0.629015859	0.241207789	0.083661589	0.08	19.25127
8.54	2.27506817	0.097922984	-1.87110131	-0.239890716	0.537358255	-1.48588203	-0.609973171	0.247554845	0.0632724679	0.08	19.745967
8.55	2.25832	0.0959246667	-1.87332959	-0.240464424	0.53706194	-1.12702065	-0.605165529	0.253264225	0.0297745458	0.08	20.027177
8.56	2.23999903	0.0916362684	-1.87557958	-0.240982736	0.537279367	-0.903826715	-0.653191898	0.257571736	0.0511926021	0.08	19.376595
8.57	2.22136389	0.0881790936	-1.8778432	-0.241467269	0.537875503	-0.777080026	-0.739034665	0.261548788	0.0469931676	0.0692915853	19.758698
8.58	2.20318171	0.0862736778	-1.88014787	-0.24195153	0.538849435	-0.731669256	-0.846696748	0.265444449	0.0637548713	0.08	20.449611
8.59	2.1848191	0.0833848432	-1.88242925	-0.2425914	0.53944496	-0.556689609	-0.814780329	0.271187648	0.0504738685	0.08	19.332452
8.6	2.16811385	0.0821305604	-1.88468489	-0.243263175	0.540302226	-0.421790894	-0.814271391	0.277480566	0.13517747	0.08	18.529502
8.61	2.15390634	0.0831829238	-1.88688234	-0.244002298	0.541275234	-0.240979185	-0.799312556	0.285044209	0.116444739	0.08	19.861463
8.62	2.14065775	0.0828243712	-1.88901413	-0.244822271	0.542268785	0.0025498597	-0.750450822	0.293772035	0.0906092243	0.08	21.108521
8.63	2.12711055	0.082856922	-1.89116304	-0.245609537	0.542809058	0.117894435	-0.812258203	0.3022957	0.0924284293	0.0771142273	20.701005
8.64	2.11263287	0.0831344791	-1.89343943	-0.246452907	0.54350768	0.252731544	-0.809911075	0.310049384	0.060630579	0.0707686803	23.333179
8.65	2.09697984	0.0797808013	-1.89575049	-0.247356918	0.544214772	0.411044283	-0.749653679	0.316649441	0.0482279673	0.0800000001	20.341963
8.66	2.078874	0.0727605575	-1.89809706	-0.24830332	0.544821512	0.541981727	-0.683527819	0.321147993	0.0685285374	0.08	23.344529
8.67	2.06414988	0.067384458	-1.90040518	-0.249296368	0.5452781	0.665717524	-0.565227542	0.324283483	0.0458226298	0.0799999999	22.564764
8.68	2.0517001	0.0615666292	-1.90267634	-0.250313232	0.545537882	0.753706134	-0.408732384	0.326342271	0.0979241602	0.08	21.162435
8.69	2.04453624	0.0585055512	-1.90486452	-0.251343181	0.545490753	0.802266208	-0.202771771	0.327777491	0.126865642	0.0701082881	21.650419
8.7	2.04305876	0.058216021	-1.90692901	-0.252375968	0.545030262	0.810832334	0.050294801	0.328611853	0.135318147	0.08	21.614126
8.71	2.04524447	0.0567581328	-1.90881779	-0.253387716	0.544110184	0.765140485	0.326141336	0.328507494	0.117258114	0.08	21.040435
8.72	2.05304052	0.0569152715	-1.91048183	-0.254379114	0.542685605	0.679261435	0.630326425	0.327645256	0.126008087	0.08	21.589313
8.73	2.06954488	0.0594804119	-1.91179595	-0.255297088	0.540762025	0.538301483	0.959427477	0.327150718	0.0871077037	0.08	21.361132
8.74	2.09178548	0.0619617645	-1.91280711	-0.256082544	0.538270663	0.303468124	1.29884512	0.327164911	0.0996504987	0.08	21.389314
8.75	2.11980384	0.0646649968	-1.91359919	-0.25670963	0.536380909	0.0764517766	1.58161299	0.328470164	0.0654258793	0.0800000001	21.292061
8.76	2.15206656	0.0700134855	-1.91423101	-0.257209141	0.53496876	-0.141108195	1.78739085	0.330335557	0.067541604	0.08	21.96461
8.77	2.188221	0.0776991699	-1.91469003	-0.257579786	0.533847028	-0.286001614	1.93513127	0.332815469	0.0518776826	0.08	22.311497
8.78	2.22708854	0.0859459771	-1.91499838	-0.257753115	0.533217335	-0.444217196	1.99126505	0.336246477	0.0898837737	0.0799999999	22.557849
8.79	2.26781658	0.0958193791	-1.91525371	-0.257690264	0.532824846	-0.690321529	1.98106703	0.341222551	0.0486269103	0.0696456935	21.271299
8.8	2.30827902	0.106015794	-1.91553158	-0.25751205	0.532920846	-0.808971435	1.93252271	0.34528008	0.0475676353	0.08	21.793715
8.81	2.34834969	0.117249629	-1.91584762	-0.257188625	0.533416797	-0.879673301	1.84567666	0.349477001	0.0617501172	0.0717696618	21.456545
8.82	2.38654561	0.128319769	-1.91632151	-0.256822118	0.534374811	-0.840153864	1.71523216	0.351838123	0.0765151671	0.0800000001	20.949258
8.83	2.42223502	0.139721224	-1.9170086	-0.256468521	0.535734942	-0.672263328	1.5578028	0.351849418	0.04618033	0.08	20.47004
8.84	2.45536506	0.151225606	-1.91788227	-0.256139147	0.537401259	-0.408399512	1.40487355	0.350143107	0.0498809331	0.0661523065	23.729062
8.85	2.48619251	0.162421273	-1.91876084	-0.25570463	0.538276354	-0.175479402	1.22560206	0.349234159	0.107503222	0.0776627682	20.845094
8.86	2.51459699	0.173587676	-1.91979215	-0.255159119	0.539479791	-0.0424673195	1.09172807	0.349653363	0.0651472698	0.0789022845	21.019323
8.87	2.54057701	0.184868553	-1.92097882	-0.254502575	0.540854665	-0.00738447999	0.996334994	0.351574711	0.0969804485	0.08	25.307732
8.88	2.5640643	0.196332292	-1.92233157	-0.253777042	0.542298422	-0.015106731	0.91189649	0.354114392	0.103048045	0.070939075	22.081559
8.89	2.58511909	0.208036102	-1.92385601	-0.252972384	0.543781362	-0.0847942347	0.844981022	0.357485751	0.0939678436	0.0799999999	21.253225
8.9	2.60368831	0.218202569	-1.92559289	-0.252225551	0.545282299	-0.049198131	0.766871915	0.358992833	0.0864893922	0.08	24.082072
8.91	2.61969561	0.225815868	-1.92755251	-0.251614768	0.54663445	0.144808014	0.674463584	0.357633663	0.0833838641	0.08	22.488701
8.92	2.63318869	0.230663336	-1.92972118	-0.251142765	0.547661171	0.454472267	0.596267301	0.353557634	0.144941863	0.08	21.759759
8.93	2.64418221	0.232911563	-1.93202974	-0.250805415	0.548316427	0.855906936	0.499358854	0.347036392	0.117310399	0.08	20.491591
8.94	2.65270497	0.233199117	-1.93445605	-0.250514516	0.548645425	1.23980207	0.375053937	0.339911249	0.0877021447	0.0705874612	24.382964
8.95	2.6586144	0.233605844	-1.93701913	-0.250267224	0.548622972	1.59478189	0.229470871	0.332297374	0.109036647	0.08	19.39002
8.96	2.662174	0.232838554	-1.93974284	-0.250056554	0.548273722	1.92272836	0.0682479661	0.324315525	0.113239942	0.08	21.609271
8.97	2.66348843	0.230676693	-1.94261432	-0.249885495	0.547591882	2.21398246	-0.120828773	0.315959665	0.0873174858	0.08	21.244363
8.98	2.66264721	0.227340952	-1.94560389	-0.24972886	0.546619415	2.42899002	-0.326297737	0.3073896	0.12708386	0.08	20.913518
8.99	2.65953731	0.22425402	-1.94873252	-0.249509166	0.545369224	2.51014903	-0.506048561	0.299966082	0.0684877776	0.0607221524	19.767984
9	2.65469857	0.222385319	-1.95197145	-0.249293329	0.544452231	2.54606134	-0.498548834	0.29549541	0.0718615828	0.0799999999	21.370311
9.01	2.64793596	0.221514086	-1.9553016	-0.249035595	0.54399125	2.40536924	-0.438765826	0.294706607	0.0544440718	0.08	20.899947
9.02	2.6395788	0.221800274	-1.95871128	-0.248769196	0.543798879	2.21592664	-0.373067595	0.296513711	0.0431001608	0.0800000001	21.81569
9.03	2.62992622	0.223296921	-1.96218066	-0.248497982	0.54389676	1.96719818	-0.299900881	0.300120572	0.0436442168	0.08	21.16393
9.04	2.61941807	0.226012939	-1.96562462	-0.248195439	0.543731671	1.67643064	-0.138498621	0.305079221	0.0929444238	0.0799999999	21.312757
9.05	2.60803853	0.229310587	-1.96905524	-0.247970451	0.543767368	1.47617505	0.00885475761	0.309654726	0.0458382341	0.08	21.416207
9.06	2.59534932	0.232366933	-1.97255	-0.247951428	0.544087837	1.45285908	0.142567618	0.311379063	0.0540199777	0.08	19.79039
9.07	2.5808065	0.231534836	-1.97608707	-0.248121694	0.544672299	1.50203859	0.254833314	0.31215487	0.0560617066	0.08	21.931698
9.08	2.56370579	0.226230013	-1.97965366	-0.24851414	0.545465348	1.66677042	0.322205856	0.310785681	0.0246347472	0.08	20.988296
9.09	2.54464477	0.219801122	-1.9832391	-0.249077695	0.546365526	1.83344355	0.365092972	0.309920013	0.0386731471	0.08	22.121134
9.1	2.52285651	0.210154238	-1.98681484	-0.249796672	0.547199047	2.0105614	0.377715276	0.309052179	0.0907598225	0.08	22.453135
9.11	2.49797062	0.197169687	-1.99036258	-0.250650401	0.547926009	2.20203547	0.35652671	0.308034588	0.06811225	0.08	21.57628
9.12	2.47008101	0.181660987	-1.99382754	-0.251636252	0.548167603	2.45028275	0.350277794	0.307010748	0.109792573	0.08	21.348795
9.13	2.43911783	0.164379393	-1.9972818	-0.252704735	0.548253199	2.68218645	0.332726333	0.306094568	0.0880890187	0.08	20.575276
9.14	2.40535025	0.146087712	-2.00078272	-0.253834121	0.548094396	2.8876542	0.34547322	0.304661291	0.0678254827	0.08	21.149407
9.15	2.37052569	0.129970757	-2.00425854	-0.254935916	0.547473205	2.94453025	0.375620175	0.304144035	0.1088683	0.08	21.047809
9.16	2.33374406	0.113182413	-2.00770467	-0.255998355	0.546377153	2.89233362	0.392962485	0.302558061	0.0644624835	0.08	20.421415
9.17	2.29688193	0.095997787	-2.01111314	-0.256937624	0.544843256	2.69614022	0.460177154	0.303059676	0.0680351229	0.08	18.49809
9.18	2.26357212	0.081806056	-2.01440711	-0.257646803	0.542859092	2.33126432	0.591957069	0.307420347	0.108737255	0.08	23.215109
9.19	2.23472031	0.0708249906	-2.01756186	-0.258102861	0.540421225	1.89982029	0.743663673	0.314888335	0.126856224	0.08	20.470058
9.2	2.20980082	0.0607638797	-2.02055666	-0.258308068	0.537590564	1.43432874	0.895459089	0.324865139	0.117924032	0.08	19.440013
9.21	2.18952483	0.0530224157	-2.02345107	-0.258408544	0.534977391	1.0974947	0.928841303	0.334766713	0.133685884	0.08	20.036909
9.22	2.17174776	0.0456060586	-2.02635499	-0.258464799	0.532589245	0.898744678	0.838698888	0.342714402	0.102308915	0.08	21.528848
9.23	2.15540395	0.0377457996	-2.0292947	-0.258526141	0.530318553	0.813120714	0.641691075	0.348444688	0.0806505878	0.08	21.258688
9.24	2.13992924	0.029454534	-2.03237358	-0.258504855	0.528675102	0.745833876	0.600213774	0.352736787	0.059921489	0.08	21.453668
9.25	2.12720803	0.0222830414	-2.03561375	-0.258323016	0.527911564	0.520763204	0.584704975	0.355529577	0.113825652	0.0727463755	21.126221
9.26	2.11792242	0.0168149408	-2.03898984	-0.257983927	0.52794666	0.305153187	0.597311576	0.356398749	0.070635967	0.0799999999	20.605958
9.27	2.11285535	0.012891736	-2.04244257	-0.257482608	0.528683932	0.0634271894	0.616941391	0.355192677	0.0401531703	0.0800000001	20.955763
9.28	2.11507692	0.0107878262	-2.04581971	-0.256825229	0.52992086	-0.171158774	0.626298891	0.352824167	0.0605415077	0.08	22.979835
9.29	2.12583024	0.0110044705	-2.04900487	-0.255927765	0.531080784	-0.548329038	0.697498198	0.349932114	0.0498066488	0.08	21.886536
9.3	2.14384501	0.0137422981	-2.05209127	-0.254909209	0.532674727	-0.922603555	0.71585476	0.345176948	0.0459783096	0.08	20.72449
9.31	2.16855884	0.0175644526	-2.05508002	-0.253786295	0.534637415	-1.33074202	0.681160022	0.338463948	0.0487467072	0.08	20.379596
9.32	2.19927223	0.0225198865	-2.0579402	-0.252587229	0.536595655	-1.5786367	0.664398509	0.330589145	0.0519884456	0.08	19.979894
9.33	2.23732473	0.0304279227	-2.06061156	-0.251359393	0.538769405	-1.80538377	0.658948142	0.32373911	0.0914049909	0.08	19.759193
9.34	2.2812852	0.0414304854	-2.06311363	-0.250148167	0.541096635	-2.00256137	0.648727395	0.318164374	0.0373889498	0.08	20.987612
9.35	2.32902868	0.0550288774	-2.06538573	-0.249110145	0.542972541	-2.04604898	0.479701507	0.31341515	0.188016093	0.08	19.706686
9.36	2.37841162	0.0710012075	-2.06759239	-0.248132471	0.544966113	-2.15523173	0.315676826	0.308035949	0.073733646	0.0799999999	17.842331
9.37	2.42721106	0.0864555623	-2.06977849	-0.247228446	0.546854396	-2.23695305	0.165499465	0.302380869	0.110844523	0.08	19.698741
9.38	2.47508342	0.100510102	-2.07191446	-0.246403467	0.548565371	-2.32724031	0.0245432443	0.296733003	0.094276491	0.08	18.739767
9.39	2.52121439	0.113300627	-2.07410125	-0.245624659	0.550100735	-2.43362503	-0.123323923	0.289886872	0.087238877	0.08	20.384411
9.4	2.56661371	0.127335275	-2.07625794	-0.244942787	0.551347031	-2.52623018	-0.276161553	0.28323885	0.09837006	0.0786452035	19.738488
9.41	2.611608	0.143768533	-2.07834203	-0.244410745	0.552245066	-2.52491329	-0.404752891	0.278955356	0.102350059	0.0800000001	20.262566
9.42	2.65484272	0.15992372	-2.08039768	-0.243938106	0.552781859	-2.51838485	-0.530171701	0.274864418	0.103460902	0.08	20.315395
9.43	2.69577714	0.174385015	-2.08245109	-0.243471652	0.552888492	-2.54358826	-0.672515215	0.269768959	0.12948654	0.08	20.188896
9.44	2.73439364	0.186658496	-2.0845157	-0.242987789	0.552506268	-2.61674101	-0.835811873	0.263299736	0.140776756	0.08	20.540198
9.45	2.77104845	0.199602277	-2.08650859	-0.242558259	0.551528435	-2.68412652	-1.02440789	0.257391061	0.125702278	0.0758765972	20.219411
9.46	2.80553153	0.214599415	-2.08835444	-0.242244812	0.549862376	-2.62646412	-1.24863967	0.254275782	0.1190348	0.0799999999	20.410113
9.47	2.83771848	0.228817124	-2.09012749	-0.241961371	0.547592367	-2.55317329	-1.5015829	0.251637158	0.147096286	0.0770249405	19.531175
9.48	2.86772669	0.241754517	-2.09184517	-0.241711033	0.544715544	-2.42996354	-1.73972618	0.250374164	0.11105372	0.08	23.19678
9.49	2.89584514	0.256938352	-2.09362435	-0.241677943	0.542013744	-2.09769518	-1.72969204	0.251500662	0.0781394118	0.0701548544	21.843921
9.5	2.92201891	0.270763872	-2.09551004	-0.241596702	0.540208183	-1.8473085	-1.67757058	0.250989046	0.0613892251	0.08	20.538608
9.51	2.94573115	0.285196279	-2.09750274	-0.24156377	0.538925863	-1.49655993	-1.6040879	0.251094291	0.0816650814	0.08	21.482142
9.52	2.96770759	0.297263817	-2.09955284	-0.241509106	0.538242061	-1.2161658	-1.5050457	0.249720199	0.0780774751	0.08	25.934387
9.53	2.98785564	0.308673431	-2.10166474	-0.241419998	0.538058609	-1.01238604	-1.37085866	0.246753545	0.0294045147	0.0778751683	23.008497
9.54	3.00640825	0.316837803	-2.10379314	-0.241272665	0.538311142	-0.786382988	-1.2600945	0.243238238	0.0626044632	0.08	21.223361
9.55	3.02300251	0.322079878	-2.10590446	-0.241137442	0.538811583	-0.463822589	-1.17091369	0.24131629	0.0453486942	0.08	18.073507
9.56	3.03745408	0.325397952	-2.10798799	-0.241044083	0.539536178	-0.099211207	-1.10190292	0.240853832	0.0393007807	0.0800000001	21.23262
9.57	3.04894276	0.330257442	-2.11009459	-0.24100853	0.540360051	0.324310342	-1.0602669	0.24224889	0.0553911347	0.08	19.499879
9.58	3.05719548	0.336925423	-2.11224192	-0.241043635	0.541414366	0.678628237	-1.03704147	0.245270928	0.0399019626	0.08	22.277357
9.59	3.06232948	0.344927472	-2.1144807	-0.241172147	0.542638855	0.995317044	-1.01426077	0.250023692	0.0606233233	0.08	18.04492
9.6	3.06649312	0.35067021	-2.11677695	-0.24141311	0.543486266	1.40511042	-0.866916456	0.255721932	0.143087891	0.08	20.048332
9.61	3.06832364	0.354509438	-2.11921512	-0.241571573	0.544164911	1.64040437	-0.876980296	0.26130456	0.158867474	0.08	16.716789
9.62	3.06812186	0.357707151	-2.12185173	-0.241755165	0.545203849	1.85566745	-0.846248153	0.267177874	0.116199134	0.08	19.04713
9.63	3.06582931	0.36038455	-2.12472552	-0.241979154	0.546455489	2.10026375	-0.77250233	0.27382993	0.0987194651	0.08	19.377285
9.64	3.06139306	0.362348031	-2.12777619	-0.242252009	0.547688892	2.36710405	-0.689238823	0.281562468	0.106526292	0.08	18.910992
9.65	3.05509699	0.363128172	-2.13105683	-0.242568679	0.548922013	2.56726173	-0.582335795	0.288955392	0.0868394388	0.08	21.974132
9.66	3.04769443	0.35912208	-2.13453729	-0.242908007	0.550098932	2.6052716	-0.466830423	0.294516983	0.0719816174	0.08	19.549002
9.67	3.03909113	0.350438273	-2.13822529	-0.243240371	0.551181459	2.41369608	-0.348240121	0.298056945	0.0642970043	0.08	20.016754
9.68	3.02873077	0.338600436	-2.14208966	-0.243570311	0.552085572	2.10212751	-0.242476688	0.299819808	0.10564072	0.08	20.76475
9.69	3.01618055	0.324912113	-2.14609975	-0.243900226	0.552730482	1.74549433	-0.169209054	0.300542438	0.103827133	0.0799999999	22.04289
9.7	3.00122552	0.31017577	-2.1502059	-0.244237467	0.553053367	1.39386246	-0.135591382	0.300767804	0.112894411	0.08	23.993097
9.71	2.98383093	0.294748787	-2.15440837	-0.244598564	0.552990487	1.08281007	-0.130867443	0.300032033	0.130848092	0.08	23.56105
9.72	2.96396095	0.278578194	-2.15869308	-0.244981208	0.552476479	0.811227485	-0.174476598	0.298914074	0.130068297	0.08	21.127723
9.73	2.94151495	0.264405986	-2.16302441	-0.245403171	0.551411674	0.590942828	-0.287092174	0.298534092	0.0922507976	0.08	23.468762
9.74	2.91731361	0.252415308	-2.16740995	-0.24572738	0.550380278	0.274114594	-0.309490196	0.299860985	0.0828850806	0.08	23.247348
9.75	2.89162967	0.241116195	-2.17179056	-0.245992328	0.549273355	-0.0834683229	-0.266517267	0.301543869	0.0484480368	0.08	21.732831
9.76	2.86406769	0.226630141	-2.17615082	-0.246152055	0.547949837	-0.46263439	-0.190156789	0.303929376	0.0512805225	0.08	18.954293
9.77	2.83408363	0.208017043	-2.18054297	-0.246278678	0.546830328	-0.686180959	-0.155909769	0.306017328	0.0624851117	0.08	18.539339
9.78	2.80104081	0.186476029	-2.18497885	-0.246296464	0.545853789	-0.925649368	-0.165039671	0.309974365	0.0355149469	0.08	20.835568
9.79	2.76585184	0.165950468	-2.18942584	-0.246268324	0.545040589	-1.17611331	-0.182967135	0.316565921	0.0612033138	0.08	20.298402
9.8	2.72915648	0.144858208	-2.19381006	-0.246264683	0.544286759	-1.35102732	-0.19990456	0.322948616	0.0614053379	0.08	22.331234
9.81	2.69045083	0.123740377	-2.19818475	-0.24626956	0.543563567	-1.48129455	-0.218494175	0.33050263	0.0604510253	0.0799999999	20.336785
9.82	2.64960125	0.103007466	-2.2025516	-0.246256796	0.542969661	-1.6239063	-0.288531903	0.33942969	0.0740511628	0.0800000001	19.903765
9.83	2.60704072	0.0832442626	-2.20693285	-0.246234804	0.542569284	-1.77453835	-0.391544512	0.346953906	0.0626684036	0.08	18.359802
9.84	2.56555242	0.0651086774	-2.21124433	-0.246316648	0.542353007	-1.77623018	-0.473553822	0.353101527	0.0418399921	0.0800000001	18.506484
9.85	2.52734801	0.0511069383	-2.21545554	-0.246541907	0.542349702	-1.64740598	-0.522105539	0.36058538	0.084755733	0.0695611304	19.507933
9.86	2.49336527	0.0404671303	-2.21949198	-0.24700193	0.541894713	-1.22463936	-0.668142539	0.368696732	0.0785370154	0.08	21.748387
9.87	2.46407602	0.031767795	-2.2233403	-0.247494802	0.541269942	-0.847740963	-0.625186919	0.375811788	0.0917957309	0.08	20.071145
9.88	2.44139226	0.0244341378	-2.22699896	-0.248091663	0.540911295	-0.408810657	-0.519836577	0.380823313	0.0924571526	0.08	19.323689
9.89	2.42610976	0.0203111613	-2.23044856	-0.248728791	0.54064569	-0.0308414674	-0.370375252	0.384411106	0.114663127	0.08	20.310444
9.9	2.41800569	0.0179184885	-2.23367966	-0.249365458	0.540444952	0.260652804	-0.180286594	0.386252063	0.0531374982	0.08	18.66602
9.91	2.41632864	0.0179561098	-2.2367307	-0.249983658	0.540220678	0.468691315	0.0370080167	0.387159749	0.0814146501	0.0713237488	19.48401
9.92	2.42020555	0.0206504534	-2.23966935	-0.250570406	0.540057947	0.617015132	0.246332826	0.387151216	0.0688277675	0.08	20.563611
9.93	2.42670994	0.025728305	-2.24261888	-0.251099248	0.539876515	0.713809137	0.425582431	0.385891696	0.116086058	0.08	19.97421
9.94	2.43717126	0.0326828088	-2.24545053	-0.251573751	0.539510776	0.768647125	0.569923761	0.383688802	0.100732463	0.08	19.006225
9.95	2.44903118	0.0412194917	-2.24825343	-0.25200076	0.539018208	0.795482742	0.647421538	0.380862451	0.112460304	0.08	21.407065
9.96	2.46053232	0.0506736049	-2.25105531	-0.252372442	0.538376549	0.820365454	0.653815248	0.377153934	0.119407308	0.0800000001	22.691985
9.97	2.47059946	0.0603533269	-2.25381173	-0.252669211	0.537465027	0.821849034	0.596688231	0.372887937	0.134774185	0.08	19.988032
9.98	2.48184118	0.0699574076	-2.25639256	-0.252875229	0.536257807	0.751805432	0.506066835	0.367819666	0.114143617	0.08	18.381273
9.99	2.49402188	0.0769503799	-2.25874831	-0.252986181	0.534761011	0.594996301	0.386151042	0.361300366	0.105162726	0.08	20.176117
10	2.50704744	0.0854947784	-2.26108362	-0.253123839	0.533951004	0.493824004	0.28671246	0.355385779	0.0628325301	0.08	20.699504
