time_s	ee_error_m	orientation_error	base_x_m	base_y_m	base_z_m	roll_deg	pitch_deg	clearance_m	leg_action_delta_l2	arm_action_delta_l2	update_ms
0.01	0.649326739	0.0199568592	-4.09845609e-06	2.72739056e-05	0.542794761	-0.0409466647	0.0387010378	0.30625622	0	0	21.322564
0.02	0.647401315	0.0199694327	-7.69187599e-05	9.57025311e-05	0.541315081	-0.143383366	0.1237773	0.307320881	0.0764732962	0.0537787435	21.043819
0.03	0.643676907	0.0199408583	-0.000256281026	0.000221109722	0.53910333	-0.299063871	0.24687996	0.310271184	0.0516296902	0.0537678792	20.937175
0.04	0.637876221	0.0198338665	-0.000522853792	0.000412331234	0.536280258	-0.501583423	0.423524778	0.315535568	0.0952111844	0.0537558408	18.922413
0.05	0.629840333	0.0195977535	-0.000933750377	0.000663306868	0.533007772	-0.71630784	0.699201867	0.323374951	0.102852191	0.0537453034	17.937934
0.06	0.619619776	0.0191922453	-0.00146187586	0.000951227747	0.529240266	-0.917429004	1.05169448	0.333451804	0.0964909018	0.0537301527	19.422224
0.07	0.607377091	0.0185980467	-0.0020476586	0.00127381084	0.525016808	-1.10039858	1.47321194	0.344740734	0.0520955636	0.0536983993	18.347236
0.08	0.593315004	0.0178389286	-0.00261714516	0.00163266001	0.520489594	-1.26757114	1.97414083	0.35748963	0.088386359	0.0536191864	18.393927
0.09	0.577696124	0.0170034468	-0.00319406044	0.00198866548	0.515859762	-1.34887727	2.5383449	0.369590689	0.076848174	0.0534360448	19.205453
0.1	0.560799181	0.0161414889	-0.0037167021	0.00225542488	0.510905379	-1.289071	3.09781924	0.381350415	0.0547432941	0.0531257954	18.394849
0.11	0.542817642	0.0153879252	-0.00408516088	0.00246250485	0.505960113	-1.18486383	3.66704591	0.391635546	0.0618806159	0.0526975765	16.712159
0.12	0.524009427	0.0148927415	-0.00428193897	0.00273539508	0.500974369	-1.1625995	4.1383486	0.399644381	0.0953562496	0.0520588987	18.6455
0.13	0.5044114	0.0147074757	-0.00428215927	0.00296052303	0.496395848	-1.08997313	4.61625351	0.406055017	0.0759981745	0.0514710844	19.044648
0.14	0.484041617	0.0148602229	-0.00405987855	0.0031217938	0.492160773	-0.972548665	5.09584197	0.410237649	0.068767747	0.0507877649	18.489886
0.15	0.46299229	0.0153919145	-0.00360684108	0.0032506668	0.488287908	-0.845248567	5.552491	0.413386502	0.0448930887	0.0483664286	19.596654
0.16	0.441309998	0.0161896326	-0.00289323973	0.00336308131	0.484463521	-0.725166995	6.05365896	0.415886359	0.0746338468	0.0462109362	16.700321
0.17	0.419169962	0.0173766394	-0.00192839137	0.0033770069	0.48105927	-0.539034869	6.50024228	0.417345138	0.0569850352	0.0438583544	18.49479
0.18	0.396819081	0.018962483	-0.000785534141	0.00327325996	0.47820948	-0.318006712	6.90561521	0.417920654	0.068295428	0.0419263595	18.541177
0.19	0.374555565	0.0209230516	0.000519837046	0.00307109804	0.475972255	-0.100228902	7.26660957	0.417756944	0.0699540257	0.0403615971	17.788193
0.2	0.352560692	0.0230552343	0.00197138215	0.00270700024	0.474072085	0.172132706	7.671772	0.417405219	0.0632782332	0.0391370002	19.420839
0.21	0.331227819	0.0254089996	0.00350084796	0.00216006369	0.472597767	0.457082928	7.94486531	0.416468524	0.0682659492	0.0376516546	18.106109
0.22	0.310760579	0.027942646	0.0050153062	0.0015048497	0.472089911	0.668620368	8.22698199	0.415289585	0.0840299652	0.0370457386	21.130855
0.23	0.291450709	0.0304948533	0.00650358748	0.000829297382	0.472139365	0.749550367	8.44291903	0.413986233	0.0688811915	0.036568344	20.635526
0.24	0.273214884	0.0328097676	0.00817135555	0.000235497624	0.472490172	0.734036447	8.73887162	0.41283788	0.049685733	0.0365630291	18.882616
0.25	0.256169825	0.0349958861	0.00986161958	-0.00043191816	0.473612241	0.70808359	8.9708756	0.41122732	0.0668810962	0.0357586587	19.065112
0.26	0.240384104	0.036963917	0.0115456288	-0.00115209867	0.475435473	0.650194037	9.16201074	0.409644148	0.0600808603	0.0355663529	19.391097
0.27	0.225902194	0.0385923473	0.0132127398	-0.00189737651	0.47770694	0.549364277	9.30358114	0.407918473	0.0827546978	0.0357351314	19.180037
0.28	0.212694472	0.039838619	0.0149393538	-0.00267870397	0.480368459	0.428478087	9.40079246	0.406315342	0.0698274046	0.0362109455	18.909722
0.29	0.200590497	0.0405874401	0.0167326482	-0.0035492239	0.483158621	0.382940113	9.50740909	0.405049678	0.0464983213	0.03681753	17.499956
0.3	0.189602637	0.0409429355	0.0186517238	-0.00442562612	0.486235081	0.279899383	9.52339866	0.403805006	0.0487388508	0.0370599522	18.694382
0.31	0.17970422	0.0409106758	0.0206498916	-0.00530798679	0.489561776	0.155190447	9.47287211	0.402637715	0.0412667317	0.037786385	19.964702
0.32	0.170840293	0.0404984824	0.0226632387	-0.00617958088	0.49314539	0.0157317626	9.38940238	0.401204274	0.0566734143	0.0387836312	16.368227
0.33	0.163027775	0.0397188376	0.0247002337	-0.00704832861	0.496824714	-0.121864842	9.24294662	0.399842912	0.0741100107	0.0398470944	16.305136
0.34	0.156326415	0.0385905289	0.0266976153	-0.0079094145	0.500506748	-0.280776744	9.02176857	0.398514602	0.06434486	0.0411640289	16.911635
0.35	0.150629241	0.0370619901	0.0287466415	-0.00865713178	0.503758227	-0.518960636	8.7944102	0.397248367	0.0487690716	0.0428629657	15.641465
0.36	0.146006119	0.0352705215	0.0306581364	-0.00940152995	0.507012149	-0.703191003	8.52212156	0.395626529	0.0744166676	0.0439970397	19.030716
0.37	0.142433958	0.033273784	0.0324310345	-0.0101506591	0.510162678	-0.89705619	8.22557985	0.394027364	0.0809697351	0.045492392	18.454272
0.38	0.139814973	0.0311252659	0.0340206289	-0.0109071863	0.513169086	-1.09534735	7.94110679	0.392243598	0.070006454	0.0470612792	15.896181
0.39	0.137991122	0.0288697878	0.0354786852	-0.0116900787	0.515844329	-1.27221775	7.6746272	0.390099641	0.0993213348	0.0484029385	16.640138
0.4	0.136765342	0.0265815314	0.0368592778	-0.012518166	0.518130671	-1.39133447	7.40541751	0.387897526	0.0909560531	0.0493407666	17.025448
0.41	0.135871677	0.0243299219	0.0381737099	-0.0133902812	0.520001264	-1.44756236	7.13822668	0.384987132	0.0736361586	0.050061117	16.32912
0.42	0.134998482	0.0221966433	0.0394545572	-0.0142975908	0.521492034	-1.44263641	6.86104766	0.381741041	0.0526963438	0.0505345409	21.274698
0.43	0.133830793	0.0202555108	0.0406983026	-0.0152539263	0.522679401	-1.36373051	6.55494718	0.378216068	0.0911486698	0.0509141085	18.883194
0.44	0.13203902	0.0185537296	0.0419502284	-0.016246554	0.523523766	-1.21268359	6.21617741	0.374412235	0.101938773	0.051476369	18.707817
0.45	0.129322203	0.0171107978	0.0432286426	-0.0172627955	0.523983169	-1.01557147	5.83735846	0.370313	0.105678001	0.0521277451	18.329849
0.46	0.12539764	0.0159234882	0.0444832968	-0.0182892734	0.524125343	-0.796287996	5.4566065	0.366005649	0.100544685	0.052886043	17.840459
0.47	0.120002999	0.0150220517	0.0455688983	-0.0192737794	0.52448935	-0.703923416	5.02556895	0.361184164	0.129408537	0.0534143077	17.371478
0.48	0.113052076	0.0144121703	0.0464955546	-0.0201744286	0.525138547	-0.688868912	4.53137231	0.355815252	0.118266302	0.0550320505	18.375269
0.49	0.104540949	0.014069894	0.0473128695	-0.0209666793	0.526027617	-0.765778315	3.97376444	0.349918607	0.071664022	0.0577007149	20.997266
0.5	0.0944492023	0.0139411941	0.0479616878	-0.0216551505	0.527401471	-0.831859173	3.57177658	0.344110771	0.0546158379	0.0611226715	20.758031
0.51	0.0830039865	0.0139286651	0.0484272677	-0.0223286391	0.529193641	-0.803611946	3.16309038	0.337737296	0.0901195367	0.0625098618	19.95439
0.52	0.0696554582	0.0144819587	0.048769769	-0.0229425424	0.531590865	-0.797228233	2.79560107	0.331550278	0.0889261063	0.0179120951	17.294125
0.53	0.0543850804	0.0157835065	0.0490323207	-0.0234875342	0.534369753	-0.792556589	2.42714323	0.325754234	0.0639181629	0.0189816757	18.729099
0.54	0.0376860318	0.0178304758	0.0491631688	-0.0239933679	0.537416863	-0.745335016	2.07861852	0.320477593	0.0694141606	0.0203111682	19.172031
0.55	0.0208025188	0.0204795147	0.0491388161	-0.0244662897	0.540613955	-0.658560254	1.76316951	0.315650816	0.0624288014	0.021550773	17.054833
0.56	0.00972441047	0.0234629449	0.0490640504	-0.024997531	0.543372314	-0.435442202	1.53100915	0.311422344	0.0601072232	0.0225062564	17.848116
0.57	0.0203141836	0.0265342493	0.048825554	-0.0255046495	0.546252065	-0.238794101	1.29750724	0.307130962	0.0610169269	0.0213973898	19.016164
0.58	0.0362361458	0.0295794879	0.0484673883	-0.0259884314	0.549030493	-0.0338406582	1.08207117	0.302954161	0.0649045167	0.0173701755	18.413827
0.59	0.0511838887	0.0339169751	0.0480954663	-0.0264459109	0.551517464	0.177989045	0.970665187	0.301598384	0.0745061248	0.0149997569	19.711822
0.6	0.0623553775	0.0380948339	0.0476580707	-0.0268698832	0.55353318	0.369575859	0.942340924	0.301742914	0.0988796644	0.0128502584	19.044029
0.61	0.0693233257	0.0410306535	0.0471810584	-0.0272677577	0.555010682	0.530522833	0.960829026	0.302488792	0.0952518567	0.0108660993	19.59815
0.62	0.0723380779	0.0424536076	0.0466667283	-0.0276656945	0.556009506	0.678113711	1.02579571	0.303392207	0.0898169431	0.00865922699	18.594827
0.63	0.0717589699	0.042450729	0.0461283127	-0.0280538541	0.556449666	0.791033023	1.10224682	0.304213486	0.0678945325	0.00660290259	20.713002
0.64	0.0678879033	0.0411930827	0.0455474304	-0.0284355524	0.556476591	0.87942276	1.20292686	0.30488027	0.124063024	0.00513481313	21.336866
0.65	0.0609605805	0.038897878	0.0449821611	-0.028821391	0.556070576	0.964849904	1.31483629	0.305377243	0.118601424	0.00404397385	20.365858
0.66	0.0512019546	0.0357630845	0.0444427837	-0.0292052449	0.555164486	1.0090796	1.42262102	0.305727082	0.089861932	0.00306623092	20.584232
0.67	0.0388662176	0.032000171	0.0439758343	-0.0295851044	0.553773606	1.01407335	1.51766172	0.30596201	0.0755462244	0.00246213853	18.982574
0.68	0.0252085349	0.0278271147	0.0436198607	-0.029964741	0.551899138	0.997690039	1.58941755	0.306078696	0.100163737	0.00295766062	18.938122
0.69	0.0129323313	0.0236776724	0.0433997557	-0.0303488	0.549588071	0.972872627	1.63289485	0.306052247	0.133159625	0.00352740237	18.304436
0.7	0.0105668283	0.0200371911	0.0433277339	-0.030723819	0.546967407	0.934535275	1.64144158	0.305949591	0.0978156207	0.00341844894	17.97705
0.71	0.0182838727	0.0172323993	0.0433984445	-0.0310926614	0.54411067	0.912885791	1.63213894	0.306043786	0.0883902198	0.00293679799	17.817594
0.72	0.0256295116	0.0153278775	0.0436264581	-0.031466937	0.540985633	0.911502536	1.60998726	0.306511288	0.11100878	0.00261669002	18.016438
0.73	0.0306560285	0.0141718974	0.0440051672	-0.0318414763	0.537515728	0.911260143	1.55927387	0.307249557	0.126637633	0.0030679876	20.550258
0.74	0.0332583513	0.0135736838	0.0445144529	-0.032214887	0.53371849	0.899863744	1.47267658	0.308069958	0.0787155209	0.0040153386	18.74922
0.75	0.0334382324	0.0134714036	0.0448644256	-0.0325642631	0.531064662	0.894849971	1.47240052	0.30883953	0.0574960018	0.00506804398	19.922611
0.76	0.0313481548	0.0138063047	0.0451162498	-0.0328939717	0.529428133	0.861481644	1.51369053	0.309369562	0.0672916695	0.00626428534	17.49694
0.77	0.027331842	0.0144791123	0.0452884157	-0.0331981051	0.5280068	0.770602126	1.59160491	0.309816578	0.0845687774	0.00683219021	18.526086
0.78	0.0215986956	0.0155087731	0.0454486042	-0.0334379225	0.527566295	0.616140132	1.65609638	0.309769335	0.0638481177	0.00736591692	18.349295
0.79	0.01475436	0.0169022843	0.0456614069	-0.0336289496	0.527817919	0.438628362	1.65948328	0.309205981	0.105499393	0.00674918446	16.450382
0.8	0.00901855003	0.0186544226	0.0458947485	-0.0337803913	0.528810967	0.254207656	1.63101435	0.308251869	0.0490674959	0.00503554903	17.68714
0.81	0.011239138	0.0207054656	0.046123703	-0.0338793779	0.530395066	0.0495155263	1.58221535	0.306985653	0.0565493109	0.00298071216	18.162074
0.82	0.0199138155	0.0229678143	0.0463218942	-0.0339212504	0.532455992	-0.149948621	1.51872105	0.305446507	0.0489364368	0.00167763527	20.587388
0.83	0.0296924583	0.0258593195	0.0465163344	-0.0339217168	0.534846705	-0.313958536	1.4941015	0.304797108	0.0566154982	0.00285460166	17.482534
0.84	0.0385003653	0.028883528	0.0466789479	-0.0338983859	0.537392619	-0.430885636	1.49327366	0.304673156	0.0573689633	0.00402810956	19.243568
0.85	0.0450409444	0.0313716332	0.0467961064	-0.0338282388	0.539150562	-0.53087212	1.51138693	0.304903787	0.128023631	0.00475892306	19.187329
0.86	0.0488112921	0.0330297072	0.0468692238	-0.0337375267	0.540724346	-0.588643574	1.55432122	0.305193738	0.119369377	0.00439805986	18.458269
0.87	0.0496850253	0.0337047556	0.0469256137	-0.0336384486	0.541959113	-0.624027091	1.60887118	0.305468045	0.106832754	0.00361894635	18.429636
0.88	0.0479175673	0.0334660446	0.0470066945	-0.033553392	0.542832297	-0.609250698	1.64204593	0.305663723	0.0997509142	0.0030076594	17.141547
0.89	0.0439629446	0.032498287	0.0471419688	-0.0334851185	0.543383099	-0.551133115	1.63757154	0.305777669	0.0671917443	0.00256527006	16.092732
0.9	0.0383844776	0.031010869	0.0473304914	-0.0334226217	0.543706113	-0.476748583	1.60625669	0.305834802	0.0718596902	0.00223614335	16.20425
0.91	0.0318293851	0.0292000118	0.0475528564	-0.0333631759	0.543848862	-0.391608863	1.56736365	0.305857224	0.0819056565	0.00191501837	18.338769
0.92	0.025013224	0.0272832864	0.0478192042	-0.0333074465	0.543847663	-0.297631234	1.51962467	0.30584742	0.0679565216	0.00159431206	17.088796
0.93	0.0187027834	0.025449484	0.0480959474	-0.0332709203	0.543783838	-0.184626704	1.46095084	0.305806144	0.124129888	0.0012991828	17.966834
0.94	0.0136239819	0.0237914069	0.0483313808	-0.0332491137	0.543684643	-0.102215359	1.41888072	0.305767703	0.0779035211	0.00109892327	17.287466
0.95	0.0105407328	0.0224277709	0.0485615742	-0.0332355799	0.543587361	-0.0552671067	1.37780834	0.305712854	0.111173707	0.000907970888	17.039914
0.96	0.00958483581	0.0214049893	0.0487572343	-0.0332431495	0.543440142	-0.0191164088	1.32954466	0.305648166	0.0983670611	0.000799833622	19.415899
0.97	0.00975742183	0.0207589191	0.0489949783	-0.0332844392	0.54305065	0.0354076364	1.23223368	0.305560259	0.133277671	0.000839224846	16.365691
0.98	0.00989571389	0.0204616803	0.0492844333	-0.0333428593	0.542434385	0.096073847	1.09827196	0.305488117	0.121504754	0.00107744969	18.389891
0.99	0.00959859661	0.0204693637	0.0496384563	-0.0334202398	0.541573823	0.182140463	0.923971504	0.305433256	0.0755141052	0.00145882678	18.360062
1	0.00905555274	0.0208003673	0.0499838531	-0.0334737571	0.540791222	0.144031961	0.672485144	0.305314194	0.0436098251	0.00192734503	17.744077
1.01	0.0086096382	0.0211923769	0.05029528	-0.033534623	0.540058942	0.0910649569	0.530832187	0.305434541	0.0664368409	0.00284493624	19.042077
1.02	0.00868885382	0.0216618691	0.0505425186	-0.0336643727	0.539662373	0.105402007	0.40261929	0.305487333	0.0681435251	0.00289421989	18.211869
1.03	0.0094244658	0.0221439197	0.0507410507	-0.0339028438	0.539285736	0.219792796	0.256106505	0.305498267	0.0577914083	0.00308925237	19.662082
1.04	0.0106124086	0.0225479755	0.0508803948	-0.0341834931	0.539171641	0.260977144	0.171633855	0.305559898	0.0648123132	0.00340461957	17.629863
1.05	0.0119610519	0.0228577169	0.050886234	-0.0345373909	0.539544828	0.301238547	0.163161425	0.305632696	0.113209521	0.00352821488	17.741681
1.06	0.0133533972	0.0230945108	0.0508310725	-0.0349709788	0.540260661	0.353436547	0.191415163	0.305671844	0.0455901388	0.00356280238	18.954175
1.07	0.0147068487	0.0232719378	0.0507312637	-0.0354776269	0.541288145	0.402142338	0.254344038	0.305692307	0.0728148767	0.00360188522	19.380739
1.08	0.0159728614	0.0234327475	0.0505994271	-0.036084848	0.542565118	0.469987218	0.327312193	0.305688824	0.047002885	0.00363777209	19.500309
1.09	0.0171587333	0.0236064006	0.0504423778	-0.0367858858	0.544036913	0.551847261	0.396192612	0.305670968	0.0483391756	0.00376244143	17.993209
1.1	0.0186329905	0.0238056137	0.0502896081	-0.0375069592	0.545182867	0.541209833	0.377814396	0.305617309	0.0955779212	0.0039830812	18.171716
1.11	0.0200896975	0.0239642247	0.0501423996	-0.0382758303	0.546344241	0.511897223	0.365900415	0.305617728	0.128726719	0.00452939403	16.989102
1.12	0.021127609	0.0239143224	0.0500710469	-0.0391493055	0.546971933	0.551895626	0.415902113	0.30577414	0.133214215	0.00483675199	17.233439
1.13	0.0221027247	0.0237711635	0.0500643414	-0.040058912	0.547509721	0.543123134	0.460714555	0.305830503	0.126554669	0.00457446776	18.030812
1.14	0.0229265972	0.023583578	0.05009766	-0.0409937038	0.547989674	0.507719516	0.511350423	0.305845049	0.0690181477	0.00432318327	20.056214
1.15	0.0234989651	0.0234034646	0.0501796321	-0.0419570483	0.548425262	0.457688917	0.5693688	0.305842165	0.115361029	0.00402851932	20.423032
1.16	0.0236777315	0.0232591796	0.0503212869	-0.0429544575	0.548764386	0.418302884	0.63832899	0.305842624	0.110272673	0.00369380966	18.880598
1.17	0.0233300658	0.0231724335	0.0504695959	-0.0439873145	0.549120786	0.402919979	0.739001899	0.305853821	0.071407574	0.00334561039	18.067329
1.18	0.0223996735	0.0231952387	0.0506070381	-0.0450506321	0.549554439	0.39424961	0.861960335	0.305854506	0.0684116848	0.00300650818	16.457461
1.19	0.0208094381	0.0233745286	0.0507429611	-0.0461404171	0.550057558	0.40094006	0.994783822	0.305842982	0.0862778544	0.00275540069	17.109858
1.2	0.018661259	0.0237603662	0.0509244589	-0.0472188269	0.550441556	0.381245229	1.08663678	0.305799528	0.107028263	0.00259416387	18.914811
1.21	0.0160257873	0.0243498553	0.0511560284	-0.0482756457	0.550722617	0.346316196	1.13856512	0.305746488	0.100583099	0.00244941537	19.431792
1.22	0.0130420396	0.0250930035	0.0514540721	-0.0493160727	0.550810519	0.314183209	1.15954985	0.305718815	0.124904469	0.00226031384	20.447901
1.23	0.00998090645	0.0259236536	0.0518014813	-0.0503249802	0.550636964	0.278893239	1.14872955	0.305713052	0.139982169	0.00212693738	16.851235
1.24	0.00734321782	0.0268004389	0.052206804	-0.0512694986	0.550136955	0.204223429	1.07931914	0.305699787	0.100833187	0.00204921173	15.950512
1.25	0.00572913959	0.0276557025	0.052666337	-0.0521505196	0.549316814	0.107145675	0.95681577	0.305696026	0.0877916373	0.00191584766	17.779556
1.26	0.00556635265	0.0283948101	0.0531821117	-0.0529606257	0.548054242	0.00993750994	0.781160753	0.305711133	0.0778283294	0.00180413558	16.622757
1.27	0.00614121503	0.0289191279	0.0535858421	-0.0536608332	0.547265756	-0.101003467	0.721404931	0.305846275	0.0895110376	0.00183267224	18.515286
1.28	0.00704958402	0.0292405747	0.0539027571	-0.0542630504	0.546818119	-0.201006128	0.719341366	0.305957594	0.0727689746	0.00199394864	17.639525
1.29	0.00817563813	0.0293823195	0.0541527265	-0.0547724472	0.546493639	-0.26875279	0.742230238	0.306019463	0.0683726301	0.00219425084	17.283509
1.3	0.00950208302	0.0294322183	0.0543398167	-0.055163745	0.546242301	-0.35118746	0.748940745	0.306005086	0.0411886723	0.00241786239	18.363857
1.31	0.0109585805	0.0292821294	0.0544383605	-0.0555081613	0.545724167	-0.354762129	0.831882843	0.306095415	0.0850696601	0.00243402277	19.494238
1.32	0.0126251427	0.0292147605	0.0544146757	-0.0557270394	0.545608621	-0.376178246	0.883528518	0.306033085	0.0660312755	0.00279485234	18.110996
1.33	0.0143377852	0.0292748675	0.054260188	-0.055798309	0.545978969	-0.422264822	0.952323919	0.305949545	0.106687176	0.0027381284	17.197415
1.34	0.0160252986	0.0295149769	0.0540199983	-0.0557109623	0.546710319	-0.498161694	1.00858875	0.305850953	0.0588585292	0.00266367545	17.899738
1.35	0.0176173314	0.0299322502	0.0537398703	-0.055473328	0.547683593	-0.611603297	1.03719013	0.305759804	0.129758132	0.00266427443	15.931898
1.36	0.0190652568	0.03042429	0.0534568088	-0.055097287	0.548635103	-0.729417411	1.04524734	0.305715924	0.0939476335	0.00281557232	16.742979
1.37	0.0201501139	0.0307617133	0.0531937133	-0.0545647268	0.549137888	-0.867246357	1.08746672	0.305792454	0.112331549	0.00312538528	15.72393
1.38	0.0209697375	0.0309345265	0.0529540407	-0.0539481722	0.54940337	-0.964572336	1.14298295	0.305855199	0.100944118	0.00328637418	17.073361
1.39	0.0215193047	0.0309180677	0.0527793693	-0.0532734726	0.549244269	-1.02061158	1.20137611	0.305902759	0.125888097	0.0032512854	17.824963
1.4	0.0218772272	0.0307829308	0.0527370483	-0.0525705862	0.548662078	-1.02825939	1.23151031	0.305903567	0.101718568	0.00305544516	16.215692
1.41	0.0220686577	0.0306008717	0.0528719288	-0.0518553447	0.547638306	-0.99944984	1.21163895	0.305867192	0.111520342	0.00285542551	18.300283
1.42	0.0221294822	0.0304098219	0.0531543402	-0.0511525651	0.546290371	-0.92460834	1.14836124	0.305808523	0.06153827	0.00272596833	18.981758
1.43	0.0220332336	0.0302038132	0.0534887746	-0.0504767312	0.544819514	-0.831542197	1.08586071	0.305770002	0.110337258	0.00268754625	18.315777
1.44	0.0218727494	0.0300233543	0.0538270631	-0.0498561706	0.543404144	-0.704351253	1.02857769	0.305726282	0.118222746	0.00277781755	17.908171
1.45	0.0216662656	0.0299316004	0.0541897377	-0.0492883136	0.542116666	-0.567694167	0.969771546	0.305681596	0.0967809017	0.0030042314	16.497984
1.46	0.0214194722	0.0299403122	0.0545679119	-0.048777223	0.540881226	-0.441096777	0.903873421	0.305653005	0.0991172665	0.00320466998	18.516292
1.47	0.021196388	0.0300175241	0.0549129904	-0.0483275494	0.539730767	-0.322154823	0.848734914	0.305641725	0.115939857	0.0032569079	18.618958
1.48	0.0210707179	0.0301688821	0.0552520988	-0.0479462565	0.538649405	-0.222082262	0.799030669	0.305640002	0.111330252	0.00328774677	16.226689
1.49	0.0211187017	0.0304062708	0.0556014466	-0.0476341936	0.537589191	-0.136722412	0.737439984	0.305637745	0.075571707	0.00330401752	18.874178
1.5	0.0217893377	0.0306232251	0.0558145296	-0.0474644307	0.537017391	0.103511079	0.821369453	0.305779115	0.0550294373	0.00316422874	17.57214
1.51	0.0230060082	0.0307992633	0.0559493864	-0.0473127296	0.536322809	0.297449357	0.936669255	0.305841211	0.0693567286	0.0044552096	19.191041
1.52	0.0250083162	0.031233573	0.0560175482	-0.0472440916	0.536387392	0.465439423	1.04080793	0.305728437	0.0546807126	0.00570583663	18.128164
1.53	0.0277954729	0.0319662118	0.0560266806	-0.0472674767	0.537029821	0.633822952	1.14685869	0.305591365	0.0560362036	0.0056668906	17.650483
1.54	0.0311782642	0.0329768939	0.0559849697	-0.0473906604	0.538102327	0.804511052	1.24765411	0.305473445	0.0435208949	0.00508494727	18.620826
1.55	0.0348228324	0.0342478044	0.0559276865	-0.0476175045	0.53951654	0.983025313	1.30850742	0.305362736	0.0569394604	0.00416436408	17.811403
1.56	0.0383781563	0.0356705884	0.0558321788	-0.0479320851	0.541296372	1.16348168	1.34650025	0.305292032	0.0650585162	0.00270314091	17.022094
1.57	0.041399207	0.0371276255	0.0557134317	-0.0483379685	0.543256757	1.33210952	1.32754858	0.305236194	0.091567003	0.00124238735	17.609813
1.58	0.0434591861	0.0384611285	0.0555986184	-0.0488372878	0.545289054	1.49073169	1.24478785	0.305203112	0.0350156357	0.00181039528	15.811995
1.59	0.0441676917	0.0394679405	0.0554547476	-0.0494432976	0.547345328	1.64194748	1.11846511	0.305213847	0.0493825782	0.00421212675	16.320156
1.6	0.0432065342	0.039806865	0.0552819839	-0.0501980416	0.549033115	1.84767627	1.04083635	0.305388392	0.122059203	0.00673278699	16.351689
1.61	0.0406007705	0.0394358729	0.0550851533	-0.051022232	0.550541701	1.95466272	0.965918063	0.305485935	0.0742933776	0.0075993869	19.557558
1.62	0.0365338326	0.0384179774	0.0549199457	-0.0518935248	0.551733879	1.99043154	0.89993074	0.30556323	0.122446064	0.00652093048	18.995335
1.63	0.0313814658	0.0368535015	0.0548047741	-0.0527987434	0.552549605	1.96246837	0.849775512	0.305620425	0.126917221	0.00575813256	17.202469
1.64	0.0257804004	0.0349335444	0.0547761025	-0.0537149115	0.552949465	1.86486181	0.787676422	0.305623662	0.104799133	0.00503219844	18.589148
1.65	0.0205912579	0.0328530365	0.0548822491	-0.0546353292	0.552938565	1.72560299	0.707985399	0.305587629	0.0777733211	0.00438690918	18.469843
1.66	0.0169787144	0.030775495	0.0551117043	-0.0555633566	0.552552483	1.56820239	0.620179532	0.305552265	0.104776994	0.00373799423	18.581244
1.67	0.0159901738	0.0288203866	0.055483512	-0.0565081013	0.551807509	1.41501617	0.528186799	0.305514129	0.0897915102	0.00305139809	17.973692
1.68	0.0175003428	0.0271196868	0.0559837258	-0.0574563221	0.550794799	1.25240961	0.41743299	0.305459568	0.10140825	0.00232218799	18.593619
1.69	0.0200441924	0.0257116345	0.0565811616	-0.058418565	0.549516121	1.08783735	0.304959755	0.305421639	0.134610506	0.00181437627	17.247385
1.7	0.0223542113	0.0246340963	0.0572593367	-0.0594013166	0.548078099	0.94263134	0.20226057	0.305397236	0.0775393764	0.00158701043	18.665412
1.71	0.0236797052	0.0239118833	0.0579389337	-0.0604231141	0.546641594	0.862671103	0.161231241	0.305507017	0.120254796	0.00174954553	18.908877
1.72	0.0237430995	0.0235508803	0.0585874432	-0.0614753422	0.545272815	0.819235332	0.184168368	0.305736825	0.12110565	0.00233882369	20.068621
1.73	0.022440111	0.0235213918	0.059192262	-0.0625520358	0.543889211	0.793092206	0.253293273	0.306024461	0.117276582	0.00325904168	18.285485
1.74	0.0198753364	0.0237348037	0.0597950272	-0.0635764189	0.541960292	0.669207297	0.253679493	0.306087176	0.0965654505	0.00429021649	18.649461
1.75	0.0159042717	0.024278436	0.0603960899	-0.0646310885	0.540056176	0.613628981	0.315780859	0.306264742	0.0527793828	0.00481204636	16.960141
1.76	0.0110311454	0.0251561991	0.0609226392	-0.0656200099	0.538666886	0.453059522	0.550737806	0.306721906	0.067080078	0.0062429157	18.023543
1.77	0.00697055133	0.0263895841	0.0614350635	-0.0665596817	0.537886399	0.282285208	0.801104506	0.306896577	0.0930256766	0.00935493549	19.242345
1.78	0.00953585969	0.0280409032	0.0619797722	-0.0674329392	0.537553833	0.0596731714	1.02378972	0.306794467	0.061108691	0.0113862158	17.301553
1.79	0.0178214031	0.0301183534	0.0625310387	-0.0683217909	0.53716075	-0.109565516	1.30875116	0.306955605	0.0712838136	0.0121095561	17.94693
1.8	0.0278169054	0.0325831337	0.0630738973	-0.0691300994	0.537257195	-0.356155823	1.51796895	0.306694024	0.0609946676	0.0134831116	19.80752
1.81	0.038657342	0.0354537286	0.0635871629	-0.0698402031	0.537763874	-0.645379588	1.65291759	0.306148185	0.0620526847	0.0129619591	18.382517
1.82	0.0498678682	0.0386811861	0.064072424	-0.0704286674	0.538635034	-0.971968603	1.69730383	0.3053219	0.0760102379	0.0112156513	19.197556
1.83	0.0606055081	0.0425435104	0.0645113876	-0.0708835667	0.539830262	-1.30046222	1.68010964	0.304951863	0.0521248827	0.00849869619	17.164916
1.84	0.0700868512	0.0465813785	0.064864475	-0.0712021111	0.541300835	-1.61545076	1.61755769	0.304884325	0.0322159591	0.00564778082	18.809538
1.85	0.0775592975	0.050101512	0.0651173504	-0.0713166675	0.542561421	-2.02445809	1.58742755	0.30509164	0.134332404	0.00326749576	17.318846
1.86	0.0825493687	0.0527367809	0.0652498616	-0.0713550055	0.543768269	-2.32382871	1.54725771	0.305326101	0.142681325	0.00268715208	19.13497
1.87	0.0848082657	0.0542135809	0.0652607354	-0.071371265	0.544805391	-2.5381276	1.51910894	0.305575189	0.126958284	0.00300085246	18.532022
1.88	0.0843820463	0.0544612026	0.0651786991	-0.0713946311	0.545607657	-2.65208974	1.49726256	0.305782451	0.0793001915	0.0034279592	15.976752
1.89	0.0815733639	0.0535686926	0.0649978448	-0.0714257531	0.546222051	-2.68552071	1.49289819	0.305919682	0.106290598	0.00364298707	18.491357
1.9	0.0771698572	0.0514905377	0.0647436229	-0.0714871222	0.546733253	-2.61870166	1.46996286	0.305400675	0.10972281	0.00355725268	16.525167
1.91	0.0717245325	0.0492609856	0.064495109	-0.0715776267	0.547116018	-2.47789921	1.46358392	0.305250845	0.118400455	0.00366782287	15.946845
1.92	0.0656371797	0.0469512433	0.0642975122	-0.0716847141	0.547299798	-2.25167806	1.45079135	0.305257748	0.0780100439	0.00345604132	17.741312
1.93	0.0592567688	0.0446554196	0.0641403881	-0.0718226923	0.547314837	-1.9562101	1.4194989	0.305313551	0.104513306	0.00307790674	18.013766
1.94	0.0528982398	0.0424821712	0.0640529101	-0.0719861909	0.547186685	-1.6144903	1.35939899	0.30535956	0.0840611256	0.00277038144	17.654793
1.95	0.0468138644	0.0405344833	0.0640294944	-0.0721857271	0.546977475	-1.23750637	1.26805363	0.305386476	0.091293273	0.00262696248	16.18432
1.96	0.0411518921	0.0388985584	0.0641039234	-0.072435949	0.546682889	-0.820153749	1.12370905	0.305375954	0.0906533015	0.00270566037	17.869841
1.97	0.0359758536	0.0375187275	0.0642751335	-0.0727183656	0.546161165	-0.389859081	0.948836151	0.305360419	0.149109713	0.00317919568	19.366558
1.98	0.0312995819	0.0364261762	0.064558452	-0.0730389467	0.54554809	0.0387898925	0.738251423	0.305324861	0.129015622	0.00356091825	19.895616
1.99	0.0270435431	0.0354474669	0.064952283	-0.0732823943	0.544397389	0.351641513	0.585603528	0.305533095	0.0965237395	0.00405569723	18.757112
2	0.023367825	0.0345638828	0.0654694214	-0.0735350119	0.543087913	0.636404176	0.409919733	0.30556226	0.0741509637	0.00310784771	17.38496
2.01	0.0203003779	0.0338907604	0.0659960788	-0.0737395199	0.54194866	0.719906413	0.180894398	0.305400387	0.0590033055	0.0025488065	18.541455
2.02	0.0182585297	0.0334381009	0.0664392924	-0.0739779884	0.541469183	0.824518005	0.0632451964	0.305385463	0.0635839411	0.00317102624	18.786163
2.03	0.0171412634	0.0332215723	0.0668302705	-0.0743328969	0.541162014	1.02618917	-0.0811136489	0.30531663	0.063879576	0.00289394727	16.887622
2.04	0.0169917761	0.0331815024	0.067184188	-0.0747312289	0.541503821	1.15343219	-0.168123958	0.305247656	0.0777869211	0.00308498051	18.732765
2.05	0.0176552132	0.0332896489	0.0674853326	-0.0751534866	0.542343414	1.20337206	-0.218741774	0.305177753	0.0657209218	0.00315565306	20.54542
2.06	0.0188353103	0.0335131871	0.0677758325	-0.0755828518	0.543497779	1.2054797	-0.258708968	0.305106274	0.0689694588	0.0032921783	17.788069
2.07	0.0202223654	0.0337625378	0.0680439595	-0.0760176739	0.544824877	1.1823461	-0.274016928	0.305069973	0.0536728949	0.00356990973	18.271525
2.08	0.0215683905	0.0339727691	0.0682804196	-0.07646834	0.546328874	1.16546454	-0.241964471	0.305080285	0.0626393091	0.0033725122	18.729683
2.09	0.0228247444	0.0341291824	0.0685304643	-0.0769120444	0.547937732	1.11879595	-0.174463727	0.305107759	0.0544324986	0.00301571472	17.295789
2.1	0.0239029483	0.0341878167	0.0688111122	-0.0773404029	0.549358716	1.05673167	-0.0829854084	0.305155192	0.111300161	0.00291005014	18.688594
2.11	0.0247395841	0.0341642393	0.0691214663	-0.077784175	0.550412852	0.999056851	0.000953206822	0.305194911	0.101957747	0.00294101538	17.579752
2.12	0.0253220494	0.0340844209	0.069487735	-0.0782248194	0.551013806	0.950590739	0.0672170328	0.30522648	0.089767949	0.00302342237	16.343918
2.13	0.0256907471	0.0339969017	0.0699183716	-0.0786551478	0.55116529	0.889619673	0.10512593	0.305240171	0.124577629	0.00307997851	19.810175
2.14	0.0258629654	0.0339186299	0.0703644049	-0.0790775277	0.550903802	0.814587183	0.128201642	0.3052524	0.15089347	0.00328403877	18.998578
2.15	0.0258528958	0.033936816	0.0708650054	-0.0794962734	0.550277679	0.725934544	0.110670837	0.305247525	0.15793293	0.00360823754	16.983161
2.16	0.0256510778	0.0340850666	0.0714040888	-0.079925254	0.549481594	0.653584262	0.0753112312	0.30525341	0.121966365	0.00375273886	18.58019
2.17	0.0253426286	0.0343558143	0.0719504528	-0.0803647708	0.548567834	0.590051752	0.031676571	0.305276452	0.0673461522	0.00379717549	16.822985
2.18	0.0250369308	0.0347768541	0.0725097544	-0.0808018806	0.547651527	0.524047762	-0.0306076179	0.305297451	0.100254585	0.0038124559	19.310815
2.19	0.0247753403	0.035376496	0.0730951287	-0.0812333778	0.546849018	0.470981808	-0.1236499	0.305314384	0.111137035	0.00362415839	17.793796
2.2	0.0246043938	0.0360754251	0.0736711648	-0.0816603997	0.546163102	0.433639259	-0.228558144	0.305348718	0.118090673	0.00309165458	17.054085
2.21	0.0245403249	0.0366230381	0.074294664	-0.0821454128	0.545059938	0.514994837	-0.261199227	0.30554784	0.110167394	0.00251578967	17.770703
2.22	0.0248307164	0.0371995102	0.0748957274	-0.0826122018	0.544208965	0.554682099	-0.328418256	0.305590778	0.170823201	0.0033360539	19.488531
2.23	0.0254157543	0.0378098934	0.0754753427	-0.0830641155	0.54353214	0.57162102	-0.412915712	0.305601482	0.0824431647	0.00328084164	18.004626
2.24	0.0261780577	0.0384206341	0.0760522505	-0.0835010638	0.542920286	0.583348319	-0.511141953	0.305623344	0.101648565	0.00288307238	18.331382
2.25	0.0272398378	0.0388938869	0.0764475949	-0.0838261918	0.542915405	0.458154961	-0.463172444	0.305789214	0.0481323147	0.00247777155	19.557197
2.26	0.0283934461	0.0392381515	0.0767411991	-0.0839704747	0.54294676	0.155333117	-0.409341916	0.305876595	0.0703293508	0.00303210575	18.890635
2.27	0.0297874314	0.0395076662	0.0769275064	-0.0839855335	0.543405994	-0.184892998	-0.270016252	0.305967341	0.0677943647	0.00324862726	20.333453
2.28	0.0314646124	0.0399128148	0.0770340387	-0.0838952049	0.544476432	-0.464074179	-0.136435215	0.305911978	0.0624701071	0.00397308663	17.535929
2.29	0.0334594819	0.0404644044	0.0771001248	-0.0836906091	0.545964579	-0.723734183	0.0219504046	0.305862322	0.0854395784	0.00389039962	18.052077
2.3	0.0357144014	0.0411808005	0.0771646502	-0.0833862602	0.547767213	-0.955731687	0.189998651	0.305824151	0.0600398372	0.00379131258	17.983659
2.31	0.0380953496	0.0420569259	0.0772432581	-0.0829941987	0.549771862	-1.15023285	0.343947318	0.305791718	0.0645691424	0.00363933121	17.362082
2.32	0.0405311961	0.0429706623	0.0774512526	-0.0825627668	0.551459402	-1.23763917	0.475930157	0.305816907	0.113136515	0.0032790096	17.161941
2.33	0.0428100752	0.0439141636	0.0777324808	-0.0820656412	0.553097208	-1.28633446	0.574059899	0.30581819	0.0772247665	0.00322217781	16.299574
2.34	0.0447797766	0.0448469179	0.0780653597	-0.0815283167	0.554622986	-1.27596718	0.630320298	0.30581362	0.0689518857	0.00298613545	20.145091
2.35	0.0463416062	0.0456394437	0.0784395901	-0.0809606543	0.55588301	-1.2243706	0.67556518	0.30585101	0.129733963	0.00261437375	18.823567
2.36	0.0473993315	0.0462554572	0.0788839103	-0.0803794244	0.55683692	-1.14950602	0.697823192	0.305894801	0.104994588	0.00247651261	19.534018
2.37	0.0479181318	0.0466874296	0.0793883945	-0.0797992872	0.557573709	-1.06082288	0.701479708	0.305930987	0.103303261	0.00242088199	18.094789
2.38	0.0478997694	0.0469282359	0.0799583027	-0.0792338425	0.558061655	-0.968712199	0.686506962	0.305956312	0.131147442	0.00239791273	18.728394
2.39	0.0473660473	0.047027947	0.0806344134	-0.0786969971	0.558273854	-0.860265011	0.629096009	0.305951401	0.115927983	0.00244047263	17.30271
2.4	0.0463354071	0.0470124581	0.0813694883	-0.0782010487	0.558309276	-0.75028449	0.540678719	0.305942732	0.0947032287	0.00243592427	17.762353
2.41	0.0448690413	0.0468413341	0.0821278542	-0.0777569796	0.558124133	-0.660166612	0.44062878	0.30593897	0.128746621	0.00237671769	17.967154
2.42	0.0430602192	0.0465668927	0.0829190365	-0.0773781974	0.557723394	-0.557347987	0.308471265	0.305907667	0.0667339238	0.00237130666	17.979107
2.43	0.0409980135	0.0462047015	0.083697218	-0.0770796698	0.557159913	-0.45027568	0.159428692	0.305870445	0.0959979289	0.00231333577	16.329079
2.44	0.0388061088	0.0457597672	0.0843787042	-0.0768791302	0.556572689	-0.362427136	0.0241113957	0.30584394	0.120802116	0.00224950273	16.010342
2.45	0.0366417142	0.0452601032	0.08498544	-0.0767556632	0.555947439	-0.318988734	-0.0905427128	0.305829395	0.0960854959	0.0021663195	16.685269
2.46	0.0346735392	0.0447353917	0.085531582	-0.0766943821	0.555189614	-0.334953178	-0.189392816	0.305828814	0.109702333	0.00212946122	19.377638
2.47	0.0330618103	0.0442299106	0.0860406714	-0.0766993616	0.554173942	-0.379444847	-0.296870987	0.305825567	0.126238655	0.0022002665	19.721117
2.48	0.0319257153	0.0438047248	0.0865461867	-0.0767563979	0.55294402	-0.442524023	-0.426017693	0.305811832	0.140386045	0.00237060613	18.882435
2.49	0.0313488533	0.0434582317	0.0870293419	-0.0768666891	0.551511985	-0.528532007	-0.56649521	0.305808047	0.112634127	0.00263857973	17.366533
2.5	0.0313339433	0.0431932163	0.0875194863	-0.0770421556	0.549819578	-0.597318624	-0.729489828	0.305805515	0.0915283064	0.00304265374	18.27359
2.51	0.0319706785	0.0430353556	0.0878339063	-0.0774299335	0.548482116	-0.45348207	-0.722091188	0.306173826	0.0572552653	0.00350789816	16.186246
2.52	0.0333084028	0.0429638664	0.0879241724	-0.0779084022	0.547955188	-0.361511371	-0.668927946	0.306275324	0.0628065374	0.00423759668	20.974244
2.53	0.0352205328	0.0430817802	0.0878819011	-0.0785346921	0.547897266	-0.191591096	-0.626283892	0.306150307	0.0666933241	0.00461040002	21.605884
2.54	0.0377926299	0.0434325505	0.0878089719	-0.0791837718	0.54784595	-0.0926444295	-0.517671041	0.306246601	0.0600724369	0.00431442039	16.69647
2.55	0.0407901159	0.0440269757	0.0877154594	-0.0799588573	0.548204425	0.0421327111	-0.398200563	0.306254	0.0763496262	0.00445168978	18.446782
2.56	0.0441139341	0.0448560247	0.0875989837	-0.0808414662	0.548919887	0.202486616	-0.266878779	0.306210205	0.0451335894	0.00444592334	17.496926
2.57	0.0476890748	0.0458756463	0.0874705872	-0.0817945532	0.549887985	0.344481731	-0.135977863	0.306103347	0.0551957235	0.00431256082	19.926445
2.58	0.0514260114	0.0470537825	0.0873252799	-0.0827995621	0.551143171	0.463004277	0.00355189742	0.305958186	0.0571123334	0.00401911095	17.38791
2.59	0.0550499286	0.0484400699	0.0871912329	-0.0838426631	0.552578533	0.541613536	0.106684934	0.305840574	0.0775348737	0.00368796589	18.993414
2.6	0.0582002917	0.0499373624	0.0871321876	-0.0849180434	0.553925915	0.636404628	0.149931585	0.305798529	0.128745576	0.00311638264	19.739264
2.61	0.060687226	0.0512849937	0.0871258147	-0.0859768692	0.555053427	0.725254603	0.173233634	0.305838264	0.110504792	0.00262393588	19.165971
2.62	0.0622791629	0.0523386281	0.087234086	-0.0870246915	0.555856807	0.826393293	0.168697112	0.305909329	0.136015274	0.00248678474	18.496235
2.63	0.0628636671	0.0529818783	0.0873853124	-0.0880589788	0.556411218	0.923725298	0.154363201	0.305989101	0.0736654576	0.00244635796	19.08153
2.64	0.0624272734	0.0531845945	0.0875450512	-0.08907997	0.556796581	1.03076929	0.144336426	0.306072057	0.121687555	0.00236242645	18.390603
2.65	0.0610943122	0.0529445458	0.0876898855	-0.0900817716	0.55701307	1.11828518	0.138796426	0.306119896	0.121591222	0.00214896628	18.225363
2.66	0.0590488503	0.0523672695	0.0878402825	-0.0910538197	0.557084807	1.16179675	0.125605461	0.306131613	0.0796033819	0.00186493839	18.219606
2.67	0.0565320227	0.0515222596	0.0879481331	-0.0919997918	0.557014155	1.16103782	0.124317638	0.306148842	0.068504199	0.00164189288	17.967142
2.68	0.0537771699	0.0505443045	0.0880346617	-0.0929058346	0.55682104	1.11237063	0.116591631	0.306155744	0.102227177	0.00139525743	18.278369
2.69	0.0509785442	0.0495309157	0.0881118779	-0.0937677925	0.556440084	1.0136029	0.0879132461	0.306158264	0.102921172	0.00125595166	16.489544
2.7	0.048251682	0.0485872909	0.088217974	-0.0945765615	0.555869624	0.879463646	0.017091732	0.306152082	0.0791467742	0.00121265864	18.781232
2.71	0.0456211103	0.0477487781	0.0883467742	-0.0953137685	0.555085892	0.694101489	-0.113055233	0.306130028	0.103434808	0.00133856429	16.063553
2.72	0.0430572025	0.0469963977	0.0885143585	-0.0959700005	0.554031989	0.474001713	-0.301972746	0.3061046	0.13080785	0.00186861341	17.148297
2.73	0.0406213984	0.0461725244	0.0887523287	-0.0966313707	0.552311155	0.355785454	-0.469814207	0.306238451	0.146332107	0.00276124481	19.793914
2.74	0.0382479809	0.0453700097	0.0890207603	-0.0972110347	0.550460425	0.216176659	-0.706869607	0.30621401	0.0798331345	0.00254567764	17.652407
2.75	0.035935889	0.0445820007	0.0892957811	-0.0977361448	0.548457337	0.113198677	-0.969929507	0.306175084	0.0569193012	0.00307041711	17.389549
2.76	0.0338933574	0.0437249712	0.0893209567	-0.0980377967	0.547106317	-0.180151819	-1.02753338	0.306429236	0.125743756	0.00366892013	18.301092
2.77	0.0322794292	0.0428862614	0.0891429929	-0.0981512474	0.546501225	-0.469481493	-0.99712318	0.306532188	0.0605050666	0.00240436353	17.789975
2.78	0.0312005184	0.0421399513	0.0888437881	-0.0980323654	0.546297849	-0.86187972	-0.958668969	0.306405398	0.0633788203	0.00135854589	18.538774
2.79	0.0308902035	0.0416630575	0.0884279289	-0.0977404945	0.54665242	-1.18801093	-0.884366128	0.30620434	0.0593450584	0.00104543691	16.556686
2.8	0.031328462	0.0415926309	0.0879187119	-0.0973344336	0.547547737	-1.41294601	-0.783951095	0.306076537	0.0930248987	0.00111083428	15.543788
2.81	0.032361065	0.0418563709	0.0872777579	-0.0968224454	0.548936374	-1.5806528	-0.662155887	0.306000869	0.0716825268	0.00140883695	16.168131
2.82	0.0337880549	0.0424068525	0.0865118157	-0.0962147035	0.550841361	-1.70305932	-0.535668277	0.305944563	0.0579171211	0.00188441791	18.42202
2.83	0.0355336783	0.0430004912	0.0856610859	-0.0955956281	0.552820894	-1.71695704	-0.34640488	0.306005899	0.0425551307	0.00266286926	15.653755
2.84	0.0372945051	0.0436845111	0.0847798999	-0.0948808534	0.555073021	-1.72800343	-0.182343726	0.305987132	0.0508186196	0.00280850302	17.77357
2.85	0.0388791076	0.0443215303	0.0839508945	-0.0941144847	0.557108496	-1.67914736	-0.0455304579	0.30598202	0.17541026	0.00335367125	17.624161
2.86	0.0401039668	0.0447794051	0.0832108496	-0.0933191437	0.558733353	-1.58036178	0.0778195721	0.306016527	0.132544981	0.0038188452	18.231083
2.87	0.0408308289	0.0450010413	0.082572098	-0.0924976979	0.559950003	-1.45698521	0.183561029	0.306057067	0.0953715926	0.0038904706	18.042243
2.88	0.0409730583	0.0449986184	0.0820677058	-0.0916781709	0.560719598	-1.29839884	0.240836944	0.306070676	0.105726913	0.00369658085	17.948018
2.89	0.0404774354	0.0447785902	0.0817402431	-0.0908622043	0.561009027	-1.11048557	0.235598768	0.306051603	0.172683458	0.00355579141	17.80935
2.9	0.0393174831	0.0443237713	0.0815674323	-0.0900528319	0.56080758	-0.913850273	0.179168832	0.3060274	0.118644238	0.00349770912	19.419551
2.91	0.037514374	0.0436445439	0.0815202697	-0.0892494641	0.560187328	-0.728178646	0.0825867263	0.306006966	0.0593170635	0.00343982946	19.447077
2.92	0.0351323825	0.0427680077	0.0815578654	-0.0884627545	0.559226162	-0.560789716	-0.0482876145	0.305986118	0.0610174342	0.0033627662	18.178698
2.93	0.0322952658	0.0417411066	0.081647947	-0.0876884003	0.558104303	-0.41399104	-0.196836506	0.305955788	0.146967307	0.00333751558	18.545991
2.94	0.0291160091	0.0406172321	0.0817965229	-0.0869400078	0.556827092	-0.308178585	-0.363863615	0.305918713	0.111388168	0.00330042363	20.608386
2.95	0.0257072779	0.0394403352	0.0819942285	-0.0862033284	0.555438411	-0.262844657	-0.539317094	0.30588769	0.103500207	0.00326923503	20.096523
2.96	0.0221807376	0.0382623893	0.0822524932	-0.085468576	0.553920245	-0.275386736	-0.731536394	0.305855881	0.104692969	0.00316481548	19.017313
2.97	0.0186357256	0.037102518	0.082585475	-0.0847105698	0.552259677	-0.339715137	-0.929242831	0.30583653	0.0993828093	0.00307807229	18.709758
2.98	0.0151679755	0.0359705599	0.0829560817	-0.0839272673	0.550485888	-0.450688034	-1.11524243	0.305833698	0.118800219	0.00244739249	20.498521
2.99	0.0118974476	0.0348805933	0.0832895932	-0.0831225658	0.548679242	-0.592453061	-1.26859029	0.305841988	0.104540106	0.00170849787	18.851522
3	0.00894460919	0.0339075836	0.0836546679	-0.0822852099	0.546740289	-0.748317599	-1.4201008	0.305840207	0.0619130898	0.00107517539	19.48055
3.01	0.00666717269	0.0330595818	0.0839676844	-0.0815162	0.545168466	-0.769464575	-1.44059614	0.305946803	0.0706449928	0.000794949521	18.496265
3.02	0.00557417289	0.0323989176	0.0843192876	-0.0809156026	0.543461389	-0.570572458	-1.44620824	0.30598577	0.04227724	0.00157631777	18.913888
3.03	0.00571829835	0.0320527357	0.0846340343	-0.0803708514	0.542383632	-0.463848142	-1.39244491	0.305934238	0.0517871981	0.00290771402	19.555291
3.04	0.00735496395	0.0321262214	0.0849966415	-0.0798398844	0.541763306	-0.404495286	-1.31206922	0.305844623	0.0578845943	0.00428197613	17.881253
3.05	0.0105300385	0.0325480904	0.0853981967	-0.0792295496	0.541217041	-0.471453626	-1.15793631	0.305915788	0.0436986865	0.00535021635	18.294322
3.06	0.0148321356	0.0334377307	0.0858222814	-0.0786451801	0.541250053	-0.494913276	-1.02235551	0.305826093	0.0592016764	0.0071467278	19.513603
3.07	0.0199937774	0.0348116605	0.0862250442	-0.0780978762	0.541827055	-0.510077063	-0.897472171	0.30570872	0.061614	0.00766131184	18.913973
3.08	0.0258112402	0.0365789153	0.0865707284	-0.0775922062	0.542794871	-0.511089086	-0.770784522	0.305634159	0.0520140379	0.00741713242	18.546666
3.09	0.032048901	0.03861057	0.0868582559	-0.077113088	0.544076688	-0.515095844	-0.625562054	0.305621394	0.079954875	0.00686825299	17.253806
3.1	0.0382857391	0.0407912852	0.0871807509	-0.0766533513	0.545308988	-0.518698171	-0.513553347	0.305627105	0.128752056	0.00638201743	18.092437
3.11	0.0441097277	0.0429304921	0.0875903808	-0.076165865	0.546022306	-0.576910758	-0.46863895	0.305662431	0.109842136	0.00570971145	18.576255
3.12	0.0492296599	0.0448871542	0.0881708478	-0.0757434821	0.546343216	-0.547876256	-0.458613017	0.305728213	0.112356657	0.00494879641	19.364008
3.13	0.0534431543	0.0465015274	0.0888754921	-0.0753564892	0.546217102	-0.466873601	-0.46291598	0.305826132	0.106019703	0.00459320882	19.395111
3.14	0.0566949549	0.0476579475	0.0896883474	-0.0749913107	0.545586562	-0.346675277	-0.469740895	0.305928715	0.109955787	0.00468676983	18.17783
3.15	0.0590055595	0.0483880871	0.0905890406	-0.0746274486	0.544509911	-0.205918066	-0.500444322	0.305995431	0.131165563	0.00526069101	17.616736
3.16	0.0605549473	0.0487431911	0.0915984482	-0.0742568939	0.543059107	-0.053691983	-0.551930281	0.306010463	0.131335801	0.00586128026	19.195162
3.17	0.0615385698	0.0488448892	0.0927014272	-0.0738590755	0.541323327	0.0720444523	-0.630885285	0.305988771	0.0585616139	0.00651220975	18.496331
3.18	0.0621978017	0.0487916594	0.0938610734	-0.0734381568	0.539423729	0.167405204	-0.718362357	0.305969033	0.106554916	0.00701668028	18.682861
3.19	0.0627229341	0.0487037817	0.0950341938	-0.0729934083	0.537454449	0.22807792	-0.803262466	0.306011293	0.105783637	0.00748229596	19.582884
3.2	0.0632263968	0.0487017753	0.0962398116	-0.0725367952	0.535443983	0.281725128	-0.87958119	0.306203102	0.105307375	0.00790702179	16.773343
3.21	0.0637519638	0.0488177215	0.0974443437	-0.0720659887	0.533410721	0.326633548	-0.939300479	0.306580969	0.111615575	0.00839811319	18.882068
3.22	0.0643175072	0.0490477547	0.0986087165	-0.0715787574	0.531455509	0.350638063	-0.972071507	0.307136912	0.13615143	0.00896851661	17.443053
3.23	0.0648860177	0.0494403782	0.099633234	-0.071236369	0.530250352	0.503009524	-1.0563518	0.307425273	0.115910352	0.00957736323	16.525474
3.24	0.0657369849	0.0501121918	0.100385186	-0.0709996423	0.529926785	0.646008587	-0.909308088	0.308423986	0.0610862043	0.00880072624	17.49703
3.25	0.0665226323	0.0508056288	0.100943573	-0.0706433152	0.530371546	0.546309494	-0.790029908	0.309095232	0.0625184012	0.00962471376	18.7129
3.26	0.067288415	0.0516214433	0.101299746	-0.0702525786	0.531608678	0.437500398	-0.655453831	0.309682653	0.0927140375	0.00889795521	18.996751
3.27	0.0679741342	0.0525347025	0.101540067	-0.0698355529	0.533355039	0.30124116	-0.506645818	0.310268268	0.126430144	0.00770494904	19.442097
3.28	0.0685316237	0.0534990774	0.101689272	-0.0694179728	0.535520607	0.16499501	-0.321990564	0.310924533	0.0913419383	0.00651610242	18.51645
3.29	0.0688446956	0.0544121807	0.101808097	-0.0690291412	0.537901856	0.0342659501	-0.139008305	0.31153093	0.0583831832	0.00565880809	19.222739
3.3	0.0687954976	0.0552027195	0.101942797	-0.0686344544	0.540428827	-0.125583329	0.00536893771	0.311957411	0.0607139686	0.00485438077	19.08939
3.31	0.0683266913	0.0558351745	0.10210498	-0.068251821	0.542921924	-0.301532703	0.115427805	0.312278666	0.0780939199	0.00383063174	17.170095
3.32	0.0673940284	0.0562590975	0.102306878	-0.0678600501	0.545121213	-0.488819299	0.215827929	0.312634758	0.132450878	0.0029102006	17.742163
3.33	0.0659682807	0.0564230128	0.102522917	-0.0674672936	0.546987368	-0.697685057	0.316750434	0.313029312	0.0782299061	0.00247983602	19.001146
3.34	0.0640954624	0.0563107613	0.102709551	-0.0670810528	0.548560813	-0.882739433	0.413906117	0.313409859	0.0976919114	0.00226994722	17.196388
3.35	0.0618402461	0.055954786	0.102839516	-0.0667059942	0.549905541	-1.08118784	0.517783716	0.31378944	0.109344594	0.00212783328	17.632174
3.36	0.0593440586	0.0554289522	0.102954737	-0.0663369624	0.551043293	-1.260425	0.619410096	0.314150671	0.121692329	0.00199288733	15.865712
3.37	0.056719327	0.0548039602	0.10313027	-0.0659719743	0.55192771	-1.41688971	0.684762803	0.314416935	0.141232191	0.00191219842	19.194061
3.38	0.0540826459	0.0541593414	0.103366915	-0.0656065123	0.552603602	-1.55191088	0.721619731	0.314636724	0.0826459102	0.00178748325	17.672189
3.39	0.0515207413	0.0535432309	0.103663735	-0.0652495509	0.55309174	-1.65692487	0.724924193	0.314804961	0.0684146919	0.00165095401	18.582528
3.4	0.0490807696	0.0529689096	0.104050799	-0.0648948013	0.553245796	-1.73295545	0.692412448	0.314963047	0.0858991705	0.00149795255	19.715006
3.41	0.0467904116	0.0524288486	0.104504917	-0.0645468652	0.553079097	-1.76394564	0.614082943	0.315072319	0.104881293	0.00144200839	16.798502
3.42	0.0446729177	0.0519209622	0.105007978	-0.0642022655	0.552597596	-1.75711133	0.510050529	0.315191419	0.0584139516	0.00141011749	17.912268
3.43	0.0427639606	0.0514553761	0.105559144	-0.0638543236	0.551940103	-1.72558852	0.3997355	0.315328454	0.132188024	0.00146387008	19.323277
3.44	0.0410880981	0.0510289187	0.10614128	-0.0634979742	0.551184233	-1.67439767	0.289355478	0.315464727	0.105378651	0.0015540729	15.684802
3.45	0.0396742413	0.050651813	0.106736049	-0.0631470502	0.550452929	-1.58356506	0.170791253	0.315535736	0.136879084	0.0016667266	19.163253
3.46	0.038529671	0.050339823	0.107353539	-0.0628112837	0.549747634	-1.44912121	0.0247789096	0.315490916	0.118344536	0.0017939437	16.768906
3.47	0.0376449951	0.0501129416	0.108015244	-0.0625115847	0.549029617	-1.24675087	-0.163797338	0.315317591	0.110307231	0.00194626484	17.471309
3.48	0.0370163019	0.0499081302	0.108701173	-0.0621560358	0.547722391	-1.12314676	-0.295587123	0.31547628	0.17126398	0.00223607441	19.612451
3.49	0.0365824361	0.0497119766	0.109425038	-0.0618566636	0.546431001	-0.921941298	-0.496260962	0.31534987	0.042354407	0.00236854048	19.106667
3.5	0.0363419507	0.0495601524	0.110208299	-0.0616087463	0.544992028	-0.681056101	-0.751943596	0.315083175	0.103722934	0.00265692169	18.266479
3.51	0.0364760415	0.0496298025	0.110816765	-0.0615039583	0.544642006	-0.420511185	-0.913111457	0.314818684	0.0598571415	0.00314605046	17.775951
3.52	0.0369452422	0.0499215683	0.11135252	-0.0615325388	0.545108552	-0.130646409	-1.0276377	0.314481577	0.0577252939	0.00341520731	17.821892
3.53	0.0376295581	0.0503811403	0.111784805	-0.0617224033	0.546100148	0.239908457	-1.11599437	0.314093076	0.127651542	0.00357373931	19.614436
3.54	0.0385603536	0.0509853544	0.112094804	-0.0620523796	0.547630852	0.575499966	-1.12388272	0.313812857	0.0452174826	0.00367432145	17.640812
3.55	0.0396663667	0.0516719452	0.112275564	-0.0625041094	0.549642161	0.886148091	-1.07336104	0.313546017	0.0638641281	0.0035339331	17.593534
3.56	0.0409572127	0.0524074531	0.112300105	-0.063023241	0.552130563	1.12338751	-0.94737396	0.31333566	0.105698607	0.00331209242	16.570194
3.57	0.0423686083	0.0531495912	0.112194521	-0.0636143693	0.55489802	1.32276074	-0.783121908	0.313103334	0.0781763541	0.00306086491	19.8747
3.58	0.0438651016	0.0538616109	0.112028336	-0.0642502781	0.557626966	1.47022134	-0.613556922	0.312841055	0.0854346663	0.0028922596	19.401822
3.59	0.0454243453	0.0545309869	0.111865531	-0.0648864097	0.560172305	1.55091115	-0.465529406	0.312515758	0.0837988134	0.00282765249	18.062148
3.6	0.0470260303	0.0551780762	0.111737586	-0.065520695	0.562559101	1.57313084	-0.337632126	0.312146608	0.1748292	0.0028835736	18.490135
3.61	0.0486183501	0.0557946586	0.111680902	-0.0661461621	0.564714608	1.53380854	-0.245280825	0.311716019	0.127114818	0.00294637799	18.232135
3.62	0.0501231196	0.0563826847	0.111753814	-0.0667711668	0.566536931	1.46739116	-0.186858769	0.3112814	0.0972462363	0.00305375547	18.332304
3.63	0.0514591824	0.0568963676	0.111978654	-0.0673850518	0.567952253	1.35869495	-0.18680841	0.310777028	0.126613803	0.00309210152	18.612307
3.64	0.0525455073	0.0573047712	0.112351395	-0.0679837394	0.568910865	1.21418884	-0.251200629	0.310206925	0.097984654	0.00326811234	16.851967
3.65	0.0532979448	0.0575820727	0.112830744	-0.0685681304	0.569418564	1.06167874	-0.37889826	0.309582233	0.130420097	0.00360996498	19.010437
3.66	0.053674317	0.057716846	0.113378749	-0.0691406711	0.569502672	0.916260399	-0.544394964	0.308987761	0.0832755336	0.00410743869	16.968893
3.67	0.0536654333	0.0577101472	0.113940606	-0.0697187528	0.569300265	0.801492574	-0.705197592	0.308514372	0.0592061166	0.00451713543	20.04241
3.68	0.0532923855	0.0575419749	0.114486112	-0.0702956335	0.568867285	0.707718898	-0.84852656	0.308156757	0.0931153464	0.00455021051	18.166899
3.69	0.0526066846	0.0572206979	0.114965838	-0.0708835582	0.568308446	0.6495921	-0.955447992	0.307924711	0.145245684	0.00426318655	18.280669
3.7	0.0517037241	0.0567617501	0.115377853	-0.0714734796	0.567648407	0.59727638	-1.0395087	0.307751986	0.0996972192	0.00368177257	18.192523
3.71	0.0507090965	0.0562365191	0.115732337	-0.0720820172	0.566897194	0.569029788	-1.07365971	0.307742925	0.0900854721	0.00309243977	18.396978
3.72	0.0497364108	0.055677423	0.116042094	-0.0727200161	0.565902324	0.585600136	-1.04585118	0.307975247	0.112922279	0.0024526347	21.469855
3.73	0.048942759	0.0551276784	0.116306962	-0.0733877908	0.564781916	0.634846235	-0.953877601	0.308402363	0.109101285	0.00242579016	19.931414
3.74	0.0484467726	0.0546132039	0.116590441	-0.0740739304	0.563392502	0.696467505	-0.84000664	0.308925484	0.122029279	0.00368253247	18.905503
3.75	0.0482481605	0.0540712347	0.116898457	-0.0747007583	0.561304691	0.650622793	-0.799674718	0.309359851	0.0341852928	0.00534907258	17.239403
3.76	0.0485064173	0.0537116021	0.117236497	-0.0753448583	0.559084846	0.626472919	-0.734756473	0.309949844	0.0571264151	0.00628578259	20.54241
3.77	0.0492196958	0.0535417713	0.11762524	-0.075993929	0.55671078	0.590816605	-0.678016785	0.310587163	0.0765071296	0.00737843335	19.797719
3.78	0.05033096	0.0535515219	0.118057715	-0.0766305508	0.554198717	0.522563024	-0.652324523	0.311198325	0.051071819	0.00822119194	19.619361
3.79	0.0518088895	0.0537917291	0.118486583	-0.0772349603	0.552014708	0.424068401	-0.649071416	0.311698686	0.0867001092	0.00859496184	20.228043
3.8	0.0536026861	0.054293026	0.118889279	-0.0778319242	0.550287863	0.345993399	-0.64977269	0.312142389	0.0591880383	0.00833242595	18.258937
3.81	0.0557145594	0.0550160889	0.119272821	-0.0785143689	0.54850859	0.41104452	-0.550559869	0.313026561	0.053069358	0.00774970959	18.868189
3.82	0.0579305199	0.0558164704	0.119587006	-0.0791629214	0.547464972	0.403899282	-0.495403003	0.313515422	0.0670810007	0.0085742061	18.172784
3.83	0.0601505555	0.0567045605	0.119819062	-0.0797407577	0.547013597	0.322876871	-0.480282005	0.313743858	0.0669678481	0.00799456039	17.732524
3.84	0.0622804603	0.0576834394	0.120001128	-0.0802672816	0.547017574	0.224604033	-0.508137334	0.313793739	0.0484598941	0.00663309318	18.87121
3.85	0.0641578988	0.0586746761	0.120251227	-0.0807294284	0.547106266	0.106490687	-0.614520058	0.313670406	0.140757706	0.00498159645	18.812405
3.86	0.065638918	0.0595786584	0.120576843	-0.0811260445	0.547055184	0.0105751758	-0.776758945	0.31350675	0.120026115	0.00358542229	18.010356
3.87	0.0665642378	0.0602366233	0.120956094	-0.0813937991	0.546535499	-0.137266679	-0.910779588	0.313617935	0.125176561	0.00339001662	16.403043
3.88	0.0668196162	0.0605379303	0.121336156	-0.0816043107	0.545942105	-0.2355675	-1.06956687	0.313611617	0.0751331476	0.00366544621	18.626329
3.89	0.066384439	0.060465548	0.121708092	-0.0817549675	0.545218484	-0.335478954	-1.1970111	0.313684019	0.150933224	0.00387926422	16.221908
3.9	0.0652930585	0.0600348445	0.122108631	-0.0818408282	0.544394065	-0.43239354	-1.3062638	0.313761813	0.103460439	0.00373549261	18.715937
3.91	0.0636326504	0.0593003465	0.122526463	-0.0818678208	0.543498934	-0.532381913	-1.40214251	0.313827309	0.109065004	0.00335226879	18.764733
3.92	0.0615399936	0.0583457966	0.122940511	-0.0818438148	0.542508679	-0.633753414	-1.47380811	0.313948697	0.0491017726	0.00287098248	18.815501
3.93	0.0591685241	0.0572554712	0.123359079	-0.0817797934	0.541371953	-0.722939675	-1.52787834	0.314140569	0.103676298	0.00238459126	16.646284
3.94	0.0566664778	0.0561206251	0.123757054	-0.0816785289	0.540194033	-0.813805055	-1.56791492	0.31438188	0.107554899	0.00215221954	17.551909
3.95	0.0541756345	0.055026023	0.124174409	-0.0815539841	0.538966894	-0.867018292	-1.62825471	0.314591249	0.115694509	0.00223400354	18.989881
3.96	0.0517925143	0.0540440905	0.124627629	-0.0813997859	0.537672022	-0.902684058	-1.70112931	0.314834757	0.0539088003	0.00235200646	18.428023
3.97	0.049576413	0.0531996919	0.125108324	-0.0812304314	0.536305822	-0.910069686	-1.79409295	0.315093481	0.109259819	0.00247817145	19.070257
3.98	0.0475518544	0.0524911601	0.125624177	-0.0810322072	0.534817408	-0.914068382	-1.89969669	0.315402641	0.108081925	0.00250399113	18.001033
3.99	0.0460464038	0.0520684843	0.126095594	-0.0809613851	0.533862371	-0.739643612	-1.83864507	0.31616158	0.0930167587	0.0025614275	18.483736
4	0.0449212639	0.0517955158	0.126530418	-0.0810501674	0.533390355	-0.45684503	-1.78456661	0.316686921	0.068784364	0.00394360454	19.533687
4.01	0.0443086689	0.0517430301	0.126950729	-0.0811465733	0.533383988	-0.279260012	-1.57474406	0.317562048	0.0674445775	0.00449809751	18.06853
4.02	0.0442225847	0.0519155032	0.127381466	-0.0813124737	0.534233696	-0.109104497	-1.36967992	0.318095417	0.0583682843	0.00629187375	20.224019
4.03	0.0446882788	0.0523940737	0.127852384	-0.0815389205	0.535796955	0.0536627586	-1.15766869	0.318463054	0.0421482083	0.00689394076	18.199996
4.04	0.0456477147	0.0532037243	0.128350104	-0.0818416576	0.537948042	0.235870016	-0.94595606	0.31872904	0.057606564	0.00693044445	19.972501
4.05	0.0469851578	0.0543190824	0.128901605	-0.0821963011	0.54053225	0.40954282	-0.750888857	0.318908547	0.0512909984	0.00656584742	17.563333
4.06	0.0485590235	0.0556744963	0.129491749	-0.0826122717	0.543379753	0.586393287	-0.578118195	0.319034742	0.0563118094	0.00587039542	17.164049
4.07	0.0502020507	0.0571667778	0.130092963	-0.0830969324	0.546329764	0.771301141	-0.440740134	0.319092157	0.0747794475	0.00499231529	16.647673
4.08	0.0517732645	0.0587169786	0.130737666	-0.0836626445	0.54929912	0.974542334	-0.345591569	0.319070477	0.0466055519	0.00394274149	18.730481
4.09	0.0531334261	0.060223479	0.131506074	-0.0843239953	0.551872784	1.22350776	-0.273054001	0.318998558	0.0427438557	0.00289320957	20.380935
4.1	0.0541393028	0.0615429518	0.132308809	-0.0850509552	0.55426068	1.4359205	-0.245562358	0.318791919	0.133209877	0.00247272992	16.610093
4.11	0.0547096344	0.0626141969	0.133192669	-0.085812939	0.556321156	1.58800758	-0.262255801	0.318526208	0.0944128165	0.00213809211	17.823818
4.12	0.0547874074	0.0633878694	0.134129827	-0.0865794876	0.557963903	1.6782228	-0.307523275	0.318274779	0.122050575	0.00216640488	17.640512
4.13	0.0543668257	0.0638454232	0.135072912	-0.0873486629	0.559204043	1.71146039	-0.352637053	0.318121205	0.103745738	0.00239414138	18.478013
4.14	0.0534835885	0.0640024532	0.135995413	-0.0881206672	0.560106455	1.7203863	-0.382198871	0.318086563	0.0947942917	0.00251273526	19.237991
4.15	0.0522150994	0.0638975212	0.136869788	-0.0888992066	0.560712959	1.73770275	-0.383489232	0.318193041	0.0886940187	0.00245558702	18.047781
4.16	0.0506677414	0.0635796968	0.137708141	-0.0896706058	0.56106531	1.76460931	-0.376825238	0.318356196	0.107777988	0.00237056933	19.041411
4.17	0.048990616	0.0631395518	0.138500431	-0.0904317293	0.561311833	1.7842439	-0.364635318	0.318535456	0.0589598989	0.00247055552	19.292086
4.18	0.0473100928	0.0626476358	0.139226895	-0.0911672566	0.561396715	1.78484746	-0.344297464	0.318771353	0.105279149	0.00267413594	16.697939
4.19	0.0457175632	0.0621549783	0.139911379	-0.0918777864	0.561216688	1.7676632	-0.328227096	0.319061221	0.0942808169	0.00294250137	16.947894
4.2	0.0442820095	0.061691723	0.140568963	-0.0925416123	0.560741803	1.717189	-0.329280962	0.319372125	0.0852312067	0.00323594567	20.999014
4.21	0.0430357757	0.0612835229	0.141205745	-0.0931488739	0.560021363	1.63323182	-0.366504581	0.319629493	0.0946142563	0.00345440205	20.228091
4.22	0.0419649835	0.0609324307	0.141885033	-0.0936743206	0.558884039	1.52234083	-0.465217614	0.319808743	0.122323713	0.00339312882	18.84087
4.23	0.0410531823	0.0606428089	0.142598018	-0.0941235036	0.557354543	1.41078697	-0.612659639	0.319949058	0.0941299867	0.00310336274	19.132545
4.24	0.0402892768	0.0603988702	0.143299404	-0.0945187091	0.555542535	1.30977301	-0.78105297	0.320096977	0.0878622243	0.00278367464	18.682552
4.25	0.0396398434	0.0601476829	0.143965993	-0.0948422526	0.553528991	1.18682759	-0.983807044	0.320162638	0.0838085502	0.00254834086	17.634748
4.26	0.0391037529	0.0599186928	0.144572226	-0.0951240386	0.551492198	1.09733003	-1.18616259	0.320211024	0.0725362712	0.0022048327	18.837289
4.27	0.0386730786	0.0597056424	0.145120215	-0.0953781244	0.549499717	1.04941833	-1.38444082	0.320223115	0.0445018664	0.00193908277	18.821947
4.28	0.0385145282	0.0595589159	0.145473245	-0.0955224325	0.548043972	0.925616978	-1.44007863	0.320486101	0.0636153692	0.00176325357	17.054334
4.29	0.0385037917	0.0593482447	0.145688764	-0.0954951999	0.54686876	0.684729584	-1.52789359	0.320466066	0.0640230024	0.00196190463	20.809425
4.3	0.0387668369	0.0592662144	0.145813533	-0.0954934488	0.545709726	0.608619413	-1.45847182	0.320924132	0.0645646837	0.00171344435	19.723402
4.31	0.0393284795	0.0592342343	0.145831314	-0.0954447639	0.545127824	0.540521949	-1.38126048	0.321132767	0.071578548	0.00277025486	18.530234
4.32	0.0402349488	0.0593278604	0.145752237	-0.095381541	0.54498844	0.505059423	-1.29889477	0.321179694	0.0870836831	0.00333391913	19.103562
4.33	0.0415271989	0.0596148356	0.145567233	-0.0953112396	0.545271438	0.510902601	-1.19655927	0.321164165	0.0481826434	0.00346987884	17.506421
4.34	0.0431964922	0.0601112186	0.145302531	-0.0952312605	0.545905693	0.548303197	-1.07700719	0.32111608	0.0632185896	0.00348061033	17.917224
4.35	0.0451421977	0.0607595745	0.145020118	-0.095114982	0.546635355	0.591217405	-0.982781873	0.320980609	0.137785008	0.00350960842	16.280907
4.36	0.0472454266	0.0614928028	0.144783675	-0.0949476874	0.547174578	0.648084984	-0.933595248	0.320786364	0.107492784	0.00335946771	17.712935
4.37	0.0493929269	0.0621953189	0.144572112	-0.0946747607	0.547204812	0.651520884	-0.850120989	0.320846065	0.0751816687	0.00317480608	19.787095
4.38	0.0514677624	0.0627786432	0.144420949	-0.09436818	0.546834013	0.651884765	-0.787593058	0.320920926	0.124485829	0.00348809333	18.456816
4.39	0.0533974621	0.0632017419	0.14431639	-0.0940349766	0.546114052	0.643607586	-0.737027747	0.321016092	0.102283131	0.00367837155	17.906322
4.4	0.055117834	0.0634546032	0.144312219	-0.0936737071	0.545067461	0.593937339	-0.712897614	0.321078319	0.0738665947	0.00383463991	18.41223
4.41	0.0566051854	0.0635705709	0.144409694	-0.093271533	0.543809929	0.494295983	-0.708470697	0.321115847	0.125091627	0.00388676439	18.505939
4.42	0.0578519421	0.063580457	0.14456273	-0.0928404037	0.542424187	0.357357676	-0.711356107	0.32116492	0.045737621	0.00385082157	17.820907
4.43	0.0588608913	0.0635161408	0.144758923	-0.0923707518	0.540969158	0.16492356	-0.699579014	0.321290464	0.0951333227	0.00382918045	16.450154
4.44	0.0596489203	0.0633969347	0.145026379	-0.0918736982	0.539419244	-0.0481853326	-0.692280636	0.321448133	0.149468241	0.0040339386	18.464895
4.45	0.060229883	0.0632342686	0.145352512	-0.0913593681	0.537764818	-0.26287417	-0.694051642	0.321638671	0.106662653	0.0043139554	20.540713
4.46	0.060612161	0.0630378017	0.145719574	-0.0908520752	0.53603532	-0.457885007	-0.720432757	0.321788377	0.0892818583	0.0046009879	18.241908
4.47	0.0607995912	0.0628148606	0.146099695	-0.0903720037	0.534227267	-0.621687266	-0.772343556	0.321905318	0.0837104865	0.00469459537	18.918126
4.48	0.0607853093	0.06256657	0.146485604	-0.0899247941	0.532350484	-0.767036396	-0.851890747	0.322020187	0.104003683	0.00463337244	18.729865
4.49	0.0609213772	0.0625283372	0.146708639	-0.0896740435	0.531243939	-0.659478388	-0.724914734	0.322653864	0.0954784395	0.00446297225	18.281273
4.5	0.0610505807	0.0624679618	0.146811729	-0.08945919	0.530438157	-0.531011541	-0.512507951	0.323448087	0.0628856237	0.00590218935	17.556683
4.51	0.0612339965	0.0624872697	0.146832022	-0.0893223511	0.530628185	-0.414205237	-0.307090842	0.323961095	0.0791350944	0.00736046572	19.002237
4.52	0.0615086319	0.0626912095	0.146827634	-0.0892966856	0.531585814	-0.268761307	-0.11567421	0.324273189	0.0751955253	0.00751936438	19.55079
4.53	0.061830068	0.0631167644	0.146847699	-0.0893948	0.5330795	-0.0979474632	0.0473926567	0.32443728	0.0909564761	0.00690576382	18.580314
4.54	0.062092139	0.0637433801	0.146934895	-0.0896459373	0.534934619	0.11308013	0.152553722	0.324431094	0.0557892547	0.0058373082	16.481867
4.55	0.0621646953	0.0645153902	0.147077195	-0.0900664067	0.537089636	0.365378602	0.183954008	0.324241924	0.0770895424	0.00433616015	16.545789
4.56	0.0619271551	0.0653506961	0.147287564	-0.0906470731	0.539421041	0.639745417	0.145026484	0.323919951	0.0341363876	0.00259616814	17.478032
4.57	0.0612920258	0.0661524527	0.14747927	-0.0913964107	0.541907835	0.944147069	0.0978093873	0.323656707	0.086167416	0.00200621486	18.258963
4.58	0.0601569381	0.0667739367	0.147669329	-0.0922834832	0.5444261	1.23335616	0.0403539449	0.323442121	0.0886569559	0.00314844758	16.848846
4.59	0.0584486879	0.0671126879	0.147882754	-0.0932796107	0.546910882	1.49025251	-0.0279614495	0.323262568	0.0776125534	0.00443551361	17.83554
4.6	0.0561353126	0.0670752102	0.148146234	-0.0943423935	0.549119078	1.67812429	-0.0855074157	0.323207619	0.121460569	0.00551857989	17.894608
4.61	0.0531832991	0.0666468065	0.148530943	-0.0955006691	0.550701822	1.89989359	-0.101761812	0.323445284	0.143537363	0.00596831998	16.990681
4.62	0.0497116926	0.0658154969	0.149017205	-0.0967077611	0.551973213	2.06232015	-0.117584129	0.323710258	0.122360361	0.00525763852	17.949586
4.63	0.0459055744	0.0646871161	0.149596538	-0.0979720746	0.552934174	2.17741373	-0.123392782	0.324023386	0.0722056095	0.00445922527	17.67353
4.64	0.0420014668	0.0633932921	0.150298135	-0.0992884916	0.553553817	2.24905136	-0.120848613	0.32438027	0.1355251	0.00353290008	16.812196
4.65	0.0382697774	0.0620809552	0.151080111	-0.100662128	0.55397118	2.28035575	-0.0897832895	0.324803779	0.0970002259	0.00256634621	19.427607
4.66	0.0349244323	0.0608380788	0.151929818	-0.102088075	0.554082468	2.27500156	-0.0433480356	0.325274171	0.125650991	0.00182032134	19.280186
4.67	0.032141788	0.0597551712	0.152885649	-0.103553469	0.553869434	2.23262497	-0.00618365538	0.325715326	0.0516251806	0.0019667024	19.632429
4.68	0.0300221385	0.0588839559	0.153937499	-0.105031642	0.553354181	2.12512745	-0.00755912205	0.326032917	0.125634912	0.00278637149	20.069
4.69	0.0285757636	0.0582880715	0.155101393	-0.106516153	0.55253949	1.96445345	-0.0473115664	0.326238704	0.0806564096	0.00343606806	18.670545
4.7	0.0277490811	0.0579918942	0.156369119	-0.108005976	0.551473869	1.76468367	-0.119923934	0.32634541	0.146251007	0.00386378094	18.463149
4.71	0.0274624242	0.0579901833	0.157719155	-0.109512143	0.550187198	1.56126141	-0.204321688	0.326415926	0.118489316	0.00412813097	18.047216
4.72	0.0276638449	0.0582286721	0.159133264	-0.111027972	0.548735939	1.34056955	-0.298514077	0.326434334	0.123914773	0.00443293432	16.459583
4.73	0.0282857146	0.0586502224	0.160584806	-0.112544293	0.547131831	1.11598799	-0.401260389	0.326399722	0.114129777	0.00472347006	18.531212
4.74	0.0292804294	0.0591973807	0.162050718	-0.114059259	0.545341807	0.898189256	-0.501677597	0.326352636	0.0760031338	0.00498093507	16.996261
4.75	0.0306008712	0.0598275717	0.163558873	-0.115566078	0.543364324	0.693232878	-0.613736493	0.326249128	0.0500700059	0.00532083709	18.417899
4.76	0.0323790752	0.0606769011	0.164814264	-0.116997995	0.542189083	0.569429057	-0.598385402	0.326290269	0.064379579	0.00563783106	19.446699
4.77	0.0344874154	0.061574527	0.165925847	-0.118290397	0.54127435	0.373520294	-0.602598292	0.326144538	0.0537355442	0.00631369284	19.826258
4.78	0.0369325671	0.0626769464	0.16684711	-0.119510321	0.541085756	0.236238097	-0.569233242	0.325911881	0.111718113	0.0062061682	18.560046
4.79	0.0397103759	0.0639714128	0.167682644	-0.12071257	0.541012962	0.229012024	-0.453454832	0.325916334	0.068760488	0.00583298785	16.956327
4.8	0.0426525526	0.0653627246	0.168409188	-0.121793104	0.541598124	0.177311014	-0.386168851	0.325579564	0.0668340105	0.00626277017	18.063949
4.81	0.0456406669	0.0668999498	0.169091078	-0.122742477	0.542755208	0.101696448	-0.364202136	0.324984303	0.0636717684	0.00550114832	17.665571
4.82	0.0485387398	0.0685726076	0.169773334	-0.123547285	0.544336313	0.0147765223	-0.382734808	0.324170151	0.0596948466	0.00415363153	18.229926
4.83	0.0512016908	0.0703095852	0.170436922	-0.124213595	0.546242635	-0.0738723674	-0.418768053	0.323203336	0.0343934107	0.00284274557	19.063631
4.84	0.0534811259	0.0720008828	0.171068025	-0.124730963	0.548391418	-0.173219962	-0.443312103	0.322301402	0.0409274192	0.00235236815	19.106242
4.85	0.0551878325	0.0734374961	0.171699084	-0.125058891	0.550228733	-0.330105114	-0.416232119	0.321703608	0.122457681	0.00272798107	17.08237
4.86	0.0561720046	0.0744344597	0.172320495	-0.12535191	0.551515732	-0.342055293	-0.47745735	0.321106802	0.0726176858	0.0027572377	18.272104
4.87	0.056439951	0.0750447184	0.172961374	-0.125539529	0.552585783	-0.351648931	-0.510763433	0.320730762	0.102914018	0.00304933753	18.927768
4.88	0.0560053424	0.0752558509	0.173637013	-0.125629246	0.553365626	-0.349163105	-0.522587617	0.320567743	0.0985100268	0.00291950447	17.295534
4.89	0.054938068	0.0750878486	0.174369942	-0.125631693	0.553803817	-0.322549212	-0.525012571	0.320579232	0.0670064375	0.00249681681	25.514631
4.9	0.0533539445	0.0745957632	0.175150942	-0.125567077	0.553926415	-0.271165681	-0.532829579	0.320702115	0.094651993	0.00212787791	23.64832
4.91	0.0514128677	0.0738674363	0.175980942	-0.125454207	0.553682908	-0.181363485	-0.546310364	0.320929842	0.114094587	0.00214125366	19.561414
4.92	0.0492941671	0.0730060312	0.176834723	-0.125306273	0.553136999	-0.0695570502	-0.545541225	0.321285116	0.044863984	0.00254459051	19.501079
4.93	0.0471679711	0.0720968394	0.17769044	-0.125143976	0.55233387	0.0597033296	-0.530626583	0.3217412	0.114761578	0.0032915223	17.530974
4.94	0.0451979142	0.0712189984	0.178534581	-0.124970539	0.551307143	0.198170179	-0.492865897	0.322297735	0.0786303906	0.00420980926	17.455913
4.95	0.0435183905	0.0704485892	0.17933366	-0.12481715	0.550186657	0.371589826	-0.444854665	0.322881848	0.0991384428	0.00527164278	17.528697
4.96	0.0422041877	0.0698374117	0.180105115	-0.124691327	0.548956782	0.579211172	-0.402004338	0.323441262	0.115230894	0.00617647413	19.407882
4.97	0.041339958	0.0694252602	0.180817802	-0.124582624	0.547672481	0.785733214	-0.324744747	0.32406364	0.122732591	0.00682967969	15.83836
4.98	0.0409917172	0.0692075522	0.18146013	-0.124486203	0.546343655	0.967828292	-0.197754656	0.324779147	0.10976102	0.00763143909	16.453144
4.99	0.0411056819	0.0691163907	0.181910677	-0.124352805	0.545554627	0.952416906	-0.130728915	0.325121958	0.108439677	0.00868293646	16.919696
5	0.0415020669	0.0691748068	0.182229741	-0.124232064	0.544815118	0.891237021	-0.207458807	0.325006829	0.0855384719	0.00817651261	20.069685
5.01	0.0425661588	0.0696746375	0.18233162	-0.124117264	0.544876979	0.779743335	-0.055001891	0.325311913	0.0589054996	0.0062558599	17.460801
5.02	0.0440422461	0.0704906102	0.182257763	-0.124079521	0.545855658	0.704500655	0.142663097	0.325515432	0.0671557067	0.00635609441	18.349538
5.03	0.0457359316	0.0714959113	0.18205415	-0.124116671	0.547418177	0.650572174	0.342463221	0.325580364	0.0603173333	0.00605201973	17.896165
5.04	0.0474950978	0.0726169633	0.18176569	-0.124206469	0.549454755	0.598707163	0.515812826	0.325455821	0.0654268388	0.00535117254	18.04778
5.05	0.0491383274	0.0737755601	0.181452935	-0.124348641	0.551628772	0.569184035	0.64964422	0.32520354	0.0843776767	0.00426415602	17.688488
5.06	0.0505495532	0.0749106071	0.181150889	-0.124526879	0.55387603	0.549935782	0.740777025	0.324844482	0.0528492117	0.0032156575	16.332355
5.07	0.0516015791	0.0759344957	0.180912915	-0.124726439	0.556024723	0.529636052	0.765210949	0.32436506	0.0489013335	0.00263954946	18.134911
5.08	0.0521758964	0.0768054375	0.180766247	-0.124947029	0.558033482	0.535054253	0.731548423	0.323817978	0.0635346782	0.00298960769	18.39858
5.09	0.0522087914	0.0774629454	0.180685506	-0.125180694	0.559835196	0.567333879	0.682094733	0.323349402	0.0588641812	0.00404126972	18.239056
5.1	0.0515955603	0.0778420737	0.180712158	-0.125469176	0.561026691	0.700174492	0.690795733	0.32321097	0.0915657884	0.00491270863	17.44148
5.11	0.050420472	0.0778462827	0.180819537	-0.12575952	0.562001332	0.826612828	0.671203702	0.32313251	0.0876726153	0.00447967923	19.716963
5.12	0.048747166	0.0775269972	0.181025839	-0.126054608	0.562711868	0.962954094	0.626014845	0.323115566	0.12034805	0.00419050501	15.641409
5.13	0.0466856186	0.0769139974	0.181316984	-0.126337022	0.563012632	1.08883072	0.546402391	0.323083445	0.150286544	0.00392798934	16.281377
5.14	0.0443943876	0.0761127973	0.181621718	-0.126617656	0.563053486	1.21327961	0.467003181	0.323121155	0.110520295	0.00371030718	18.453472
5.15	0.0420419026	0.0752226484	0.181944871	-0.126891477	0.56293433	1.32832494	0.385456277	0.32319201	0.0826655452	0.00336151637	18.113058
5.16	0.0397621369	0.0742925607	0.182255384	-0.127149483	0.56259323	1.41664518	0.309625661	0.323322977	0.11211202	0.00301405432	16.214581
5.17	0.0376743503	0.0733892827	0.182561824	-0.127387557	0.562108607	1.47440851	0.238962272	0.323477454	0.0411107208	0.00261256771	17.896843
5.18	0.0358690331	0.0725729734	0.182847816	-0.127605919	0.561642104	1.49307531	0.169752095	0.323596969	0.0851785177	0.00224363958	19.031219
5.19	0.0343840353	0.0718712906	0.183079989	-0.127814857	0.561131895	1.49722837	0.114832978	0.323729845	0.105691866	0.00202173913	17.061038
5.2	0.0332298347	0.0712880879	0.183307817	-0.128000392	0.560566345	1.47276046	0.0449353031	0.323784117	0.116611176	0.00177464995	17.538041
5.21	0.0324309676	0.0708611548	0.183494375	-0.128181036	0.560076849	1.43719872	-0.0116835049	0.323809325	0.112132638	0.0016465153	18.626725
5.22	0.0319897723	0.0706009241	0.183663351	-0.128348982	0.559662169	1.41086119	-0.0531427137	0.323807192	0.0913016549	0.0014802738	20.435434
5.23	0.0318653344	0.0704615461	0.183843723	-0.128492734	0.559197931	1.38441698	-0.0979390862	0.323751709	0.132502998	0.00128923306	18.506597
5.24	0.0320414865	0.0704408446	0.184065236	-0.128618814	0.55871562	1.36935338	-0.143580245	0.32364011	0.0677360117	0.00115206682	17.37131
5.25	0.0324611576	0.0704863192	0.184308402	-0.128717039	0.558173104	1.34359677	-0.203813741	0.323449788	0.0577001539	0.00106596746	19.181199
5.26	0.0330621809	0.0705683395	0.184605791	-0.128771331	0.557532714	1.2983154	-0.30883961	0.323109073	0.0773136243	0.00103824589	18.541584
5.27	0.0337991831	0.0706806958	0.18494066	-0.128786027	0.556792641	1.23602785	-0.446786525	0.322665077	0.0657549996	0.00114196764	18.176171
5.28	0.0346792498	0.0708317951	0.185323338	-0.128848184	0.555470925	1.29253129	-0.499498562	0.322569643	0.102944383	0.00147207648	19.71815
5.29	0.0356320315	0.0709104848	0.185703048	-0.128879314	0.554197826	1.31276934	-0.580470466	0.322346327	0.0934056839	0.00135923626	20.466743
5.3	0.0367496987	0.0710063186	0.185995464	-0.128847349	0.553322386	1.22370895	-0.590268533	0.322196932	0.0849604676	0.00171188253	18.188749
5.31	0.0379282557	0.0709900559	0.186188544	-0.128675343	0.552383748	0.976394323	-0.619260672	0.321983246	0.084490183	0.00225142704	18.276648
5.32	0.0393127752	0.0711600089	0.186315225	-0.128454802	0.552036922	0.791908584	-0.60978448	0.321717425	0.0720952344	0.0024435629	19.606169
5.33	0.0408751968	0.0715255879	0.186377217	-0.128203605	0.552210464	0.637931359	-0.567772033	0.321415805	0.0724163928	0.00259623984	16.105739
5.34	0.0425404744	0.0720605142	0.186393769	-0.127907061	0.552850628	0.489787318	-0.530428164	0.320997741	0.0681761543	0.00267028327	18.737874
5.35	0.044233403	0.072685355	0.18634404	-0.127531436	0.553562283	0.321630073	-0.457577497	0.320683898	0.189260734	0.00253358454	16.147535
5.36	0.0458648143	0.073297168	0.186265595	-0.127085036	0.554058266	0.150473554	-0.362808239	0.320505419	0.145322449	0.00250227639	17.832894
5.37	0.0473791925	0.0738291196	0.186195429	-0.126581916	0.554287359	-0.0163061095	-0.257577048	0.320400532	0.118005803	0.00251917499	18.998249
5.38	0.0487337683	0.0742413894	0.186157817	-0.126041492	0.554228055	-0.143405077	-0.164570542	0.320313605	0.130560185	0.00266867489	17.174047
5.39	0.0499163116	0.0745204055	0.186159658	-0.125469547	0.553903739	-0.247930309	-0.0807864118	0.320285851	0.108819522	0.00291880111	17.68474
5.4	0.0509181641	0.0746715525	0.18621356	-0.124882663	0.553340749	-0.329043432	-0.0196574112	0.320275714	0.0804068468	0.00327085306	19.26018
5.41	0.0517336498	0.0747067243	0.18632146	-0.124291013	0.55250838	-0.381943058	0.0144799245	0.320277827	0.124296767	0.00354819081	18.354267
5.42	0.0523437441	0.0746491469	0.186511602	-0.123715205	0.551422657	-0.378982239	-0.0114001013	0.320201022	0.0744090414	0.00373422932	17.381259
5.43	0.0527138181	0.07450663	0.186775385	-0.123160987	0.550055736	-0.336655558	-0.10053941	0.320044148	0.110544358	0.00353547557	19.260279
5.44	0.0528150988	0.0742933009	0.187088735	-0.122633813	0.54847601	-0.265345302	-0.245887385	0.319818628	0.064570786	0.00305180757	15.928815
5.45	0.0526338141	0.0740089032	0.187361859	-0.122148981	0.546795754	-0.178476776	-0.409149315	0.319620228	0.101548035	0.00241277939	16.570008
5.46	0.0521538466	0.073651939	0.187594051	-0.121713604	0.545129701	-0.0702999432	-0.60082258	0.319406292	0.133631847	0.00192394244	18.814732
5.47	0.0513645013	0.0731157526	0.187861333	-0.121228271	0.542909081	-0.046509007	-0.73534078	0.319497161	0.113945337	0.00158172377	17.74899
5.48	0.0502660615	0.0724172794	0.188116599	-0.120805913	0.540739239	0.039199083	-0.940960648	0.319467225	0.111878456	0.00177747139	19.22844
5.49	0.0488996035	0.0715957806	0.188327564	-0.120432056	0.538623317	0.134145663	-1.16654827	0.31943426	0.0708611903	0.00166473411	17.249929
5.5	0.0473252528	0.0706792485	0.188475507	-0.1200911	0.536582658	0.201613131	-1.38095415	0.319467508	0.0770576497	0.00182585085	18.980591
5.51	0.0458334586	0.0699184227	0.188436405	-0.11996672	0.535279688	0.398938747	-1.38763411	0.319926615	0.0425599257	0.00225303799	18.015429
5.52	0.0443427868	0.0691508561	0.188301529	-0.120043518	0.534337669	0.689599695	-1.39893153	0.320343039	0.0426614872	0.00225144519	16.941469
5.53	0.0430604363	0.0685271812	0.188111112	-0.120245243	0.534215822	0.929167022	-1.34028842	0.320749292	0.0841055707	0.00230540237	19.781295
5.54	0.0420618542	0.068080977	0.187890429	-0.120555811	0.534758009	1.1263367	-1.23993424	0.321096192	0.0550763198	0.00245608398	17.932315
5.55	0.0414311454	0.067857127	0.187623484	-0.120981576	0.535915698	1.29151657	-1.06863284	0.321458577	0.0578405496	0.0025727582	17.444836
5.56	0.0411957441	0.0678157256	0.187333386	-0.121491814	0.537463692	1.40066079	-0.839745299	0.321840934	0.0862450262	0.00282162995	15.393641
5.57	0.0413613613	0.0679647429	0.187049865	-0.122060838	0.539451391	1.46424597	-0.590835385	0.322125717	0.0582863251	0.00321339338	16.758638
5.58	0.0419485276	0.068218609	0.186799634	-0.122604257	0.541432627	1.41311975	-0.290270972	0.322480751	0.0545222749	0.00346591951	19.014101
5.59	0.0427736563	0.068632504	0.186618615	-0.123210524	0.543730215	1.38700569	-0.07508017	0.322492417	0.0837103223	0.00404085365	15.875947
5.6	0.0437535761	0.0691686104	0.186531577	-0.123857268	0.545935933	1.33714631	0.0850945642	0.322324058	0.14430973	0.00362935835	16.021807
5.61	0.0447670275	0.0697756078	0.186578455	-0.124511668	0.547836761	1.25773659	0.1856323	0.322019543	0.0997556482	0.0030435533	18.000753
5.62	0.0456526696	0.0704045761	0.18680161	-0.125224072	0.549008075	1.24106681	0.30724603	0.321895962	0.156328821	0.00254680629	17.556215
5.63	0.0464100144	0.070925291	0.187145332	-0.125909263	0.549936955	1.15297243	0.360215232	0.321642368	0.0871631119	0.00257933319	16.122072
5.64	0.0469437212	0.0713665847	0.187566455	-0.126600375	0.550636919	1.06715122	0.403768888	0.321425096	0.124682204	0.00239262569	19.872047
5.65	0.0472102456	0.071719964	0.188040991	-0.127321715	0.551074869	1.01798796	0.470893245	0.321349591	0.138056221	0.00226537279	18.362632
5.66	0.047222505	0.0719674051	0.188575939	-0.12806501	0.551289312	1.00497516	0.546206264	0.321368059	0.110134166	0.00241241813	20.64115
5.67	0.0470457789	0.0721373249	0.189160794	-0.128832215	0.551422804	1.02012536	0.621284636	0.321422148	0.0647234498	0.00278532724	16.130476
5.68	0.0467626805	0.0722594234	0.189817337	-0.129611759	0.551470317	1.03799307	0.681643612	0.321462326	0.103286535	0.00319310518	18.324946
5.69	0.0464304221	0.0723388119	0.190547686	-0.130383151	0.551289326	1.04122561	0.724439306	0.321503231	0.147192704	0.00350352253	16.29184
5.7	0.0460894053	0.0723970079	0.191346613	-0.131135187	0.5509245	1.01786556	0.73586536	0.321493619	0.088839566	0.00379617879	18.739773
5.71	0.0457545577	0.0724629503	0.192194652	-0.131866478	0.550406836	0.979120244	0.720317941	0.32143816	0.123536525	0.00390645759	17.994116
5.72	0.0454133471	0.0725203125	0.193056343	-0.132560241	0.549673836	0.924157806	0.676852969	0.321355155	0.113263914	0.0038852012	18.204457
5.73	0.045051054	0.0725660668	0.193963533	-0.133220825	0.548619287	0.881448743	0.610695705	0.321277274	0.129128035	0.0037703204	17.269769
5.74	0.0446518528	0.0725795213	0.194953948	-0.133844724	0.547222327	0.857348431	0.507865641	0.321173163	0.070578701	0.00374975789	17.959472
5.75	0.0441799825	0.072511529	0.196021834	-0.134407512	0.54547123	0.820178572	0.353192426	0.321015132	0.0702150432	0.00372837522	19.918648
5.76	0.0437968777	0.072445323	0.19699444	-0.134799405	0.543994902	0.654629978	0.326314537	0.321142893	0.060308597	0.00359190738	18.636066
5.77	0.0434637694	0.0723339298	0.19796004	-0.134981609	0.542685493	0.38837694	0.338822486	0.321350397	0.0736267697	0.00439577938	17.407848
5.78	0.0432141718	0.0722921898	0.198795949	-0.135041419	0.541978793	0.194199047	0.360733385	0.321469842	0.072562415	0.00526956007	19.23455
5.79	0.0429689691	0.0722388931	0.199503871	-0.134940784	0.541503523	-0.0534383482	0.355263775	0.321480458	0.045204186	0.00543980893	18.527888
5.8	0.042879178	0.0723468183	0.200252092	-0.134796622	0.541004099	-0.139449151	0.41212048	0.321618739	0.071339544	0.00500940524	19.704574
5.81	0.0428559194	0.0725694056	0.200994018	-0.134554513	0.540954926	-0.187782622	0.423422463	0.321525593	0.0918851679	0.00539974212	17.629427
5.82	0.0428643694	0.0729261581	0.201732267	-0.13421697	0.541217044	-0.206220924	0.415865498	0.321234413	0.0816309976	0.00493420456	17.467455
5.83	0.0428446838	0.0733977844	0.202457042	-0.133786332	0.541782933	-0.212196059	0.386240821	0.32078197	0.0415682426	0.00425626039	19.588766
5.84	0.0427112264	0.0739311495	0.203172602	-0.133245479	0.5425731	-0.215688098	0.310197503	0.320171955	0.0673642815	0.00344686877	17.315878
5.85	0.0424029857	0.0744418363	0.203863002	-0.132604499	0.543325344	-0.222611079	0.218069427	0.319550985	0.108541038	0.00257948545	18.238554
5.86	0.041864871	0.0748434708	0.204534018	-0.131860113	0.543983361	-0.257443088	0.106112862	0.318948805	0.0861125241	0.00227500259	17.919738
5.87	0.041066544	0.0750638947	0.205166206	-0.131060456	0.544393689	-0.276157653	-0.00907529043	0.318462624	0.108755398	0.00243478194	18.713286
5.88	0.0399868655	0.0750384783	0.205731708	-0.130245519	0.544493082	-0.263900238	-0.120678796	0.318143193	0.119771909	0.00268317623	18.52138
5.89	0.0386430319	0.0747621976	0.206261789	-0.129437953	0.544294266	-0.206107271	-0.238834963	0.31795762	0.115435554	0.00279334735	19.449955
5.9	0.0371077092	0.0742764765	0.206752694	-0.1286386	0.543920495	-0.123617144	-0.350640372	0.317898526	0.0806477813	0.00283977488	21.12625
5.91	0.0354929198	0.0736440008	0.207223579	-0.127842059	0.543478537	-0.0554643666	-0.452681926	0.317927078	0.122835168	0.0028351195	18.687527
5.92	0.0339080472	0.0729278743	0.207654004	-0.127061388	0.543000489	0.017033352	-0.544372606	0.318017296	0.0711612912	0.00289828536	17.726037
5.93	0.0324631658	0.0721882023	0.20804881	-0.126307074	0.542467563	0.10598434	-0.624111946	0.318146049	0.095760169	0.0030634204	18.954307
5.94	0.0312547965	0.0714726345	0.20843404	-0.125576737	0.541814891	0.214344948	-0.693897291	0.318288199	0.127010529	0.00327460703	17.322318
5.95	0.0303633948	0.070804068	0.208826992	-0.124863248	0.540962958	0.330077625	-0.756868825	0.318427583	0.059589217	0.00352064042	18.486177
5.96	0.029857982	0.0701933024	0.209271823	-0.124156707	0.539813093	0.433184179	-0.818260888	0.318548322	0.112150301	0.00380758975	19.906953
5.97	0.0297865225	0.0696511276	0.209746088	-0.123453348	0.538414651	0.506586602	-0.882815595	0.318623213	0.154584666	0.0041337319	19.971154
5.98	0.030184878	0.0691817816	0.210259849	-0.12273114	0.536711531	0.533756107	-0.943851343	0.31866644	0.123827637	0.0045351778	16.31374
5.99	0.0310270717	0.0687886153	0.210786074	-0.122001767	0.534702557	0.533943483	-0.995292458	0.318693074	0.109982869	0.00509441466	18.017992
6	0.0321973197	0.0687190045	0.211196475	-0.121455757	0.53305306	0.714286355	-0.860417719	0.318977061	0.0637837999	0.00579327044	22.702336
6.01	0.0339400438	0.0689326899	0.211542147	-0.120988507	0.532241688	0.837846813	-0.712757869	0.319046118	0.0768872372	0.00714376851	18.981722
6.02	0.035920346	0.0694656005	0.211854168	-0.120636879	0.531947015	1.03114014	-0.6084521	0.318796956	0.0888325166	0.00774115919	19.235449
6.03	0.0383682238	0.0702905282	0.212171055	-0.120267303	0.531965368	1.09836908	-0.457601045	0.318475136	0.0544564437	0.00732530193	16.789969
6.04	0.0409656208	0.0714593849	0.212489068	-0.119931587	0.532623473	1.1626304	-0.343868836	0.317827835	0.0529970041	0.00723924127	18.171801
6.05	0.0435958436	0.072946693	0.212802242	-0.119648912	0.533827417	1.2237817	-0.247394586	0.316942268	0.0422729966	0.00644282137	17.722661
6.06	0.0461452738	0.0746793347	0.213118414	-0.119424918	0.535497182	1.27813315	-0.168192863	0.315876072	0.0221307017	0.00541153837	16.60007
6.07	0.0485035279	0.0765444951	0.213405289	-0.119251964	0.537550211	1.31726528	-0.0935377687	0.314303734	0.0398810302	0.00434345515	17.363766
6.08	0.0505399338	0.0784159941	0.213652687	-0.119128722	0.539888569	1.34594728	-0.0203327405	0.31269169	0.0636576776	0.00352003777	15.905856
6.09	0.0521131138	0.0801619525	0.213886113	-0.119053848	0.542415019	1.36450132	0.0209451924	0.311126402	0.0634237569	0.00309246178	16.873738
6.1	0.0531036051	0.081657466	0.214135627	-0.118993616	0.544837814	1.37777844	0.0560726499	0.309744146	0.124997136	0.00313174506	17.160334
6.11	0.053399482	0.0826166438	0.214405268	-0.118875758	0.546637557	1.28063452	0.00699836421	0.308600349	0.130041028	0.00338767487	15.93481
6.12	0.0528787183	0.0831910309	0.21469066	-0.118823853	0.547883726	1.31331725	0.0633775994	0.307936385	0.123740056	0.00391486022	18.629683
6.13	0.0516991066	0.0832955983	0.214958154	-0.118763581	0.549007045	1.32603299	0.118327012	0.307686698	0.0764803951	0.00323823448	16.952007
6.14	0.049948032	0.082985717	0.215225097	-0.118686678	0.549928997	1.33182769	0.168630108	0.307798689	0.103527734	0.00265878468	16.078334
6.15	0.04776914	0.0823502113	0.215506945	-0.118598963	0.550583021	1.34446313	0.218582535	0.308200755	0.105231724	0.00213877202	16.565994
6.16	0.0453329026	0.0814686251	0.215858322	-0.118469157	0.550901811	1.33854582	0.237836339	0.308750345	0.134118637	0.00169115113	19.169105
6.17	0.0428217179	0.0804736822	0.216233524	-0.1183014	0.551006171	1.32879537	0.254019344	0.309391616	0.0422707918	0.00149061873	15.932069
6.18	0.0403852399	0.0794448597	0.216613996	-0.118084705	0.550937004	1.29690424	0.259309002	0.310042013	0.0983640953	0.00151566968	17.00037
6.19	0.0381241647	0.0784260906	0.216949431	-0.117817383	0.550704086	1.21460331	0.2537521	0.310661678	0.124638937	0.00167483026	19.339717
6.2	0.0360992485	0.0774747192	0.217249586	-0.117491242	0.550338325	1.08369059	0.225416147	0.311176574	0.0906333519	0.00183083804	18.23445
6.21	0.0343387451	0.076625014	0.217530258	-0.117105008	0.549759376	0.928677106	0.176882094	0.31155494	0.104912151	0.00187841831	15.831728
6.22	0.0328735903	0.0759008024	0.217802713	-0.116669387	0.548959654	0.776064305	0.120835626	0.311802439	0.101051819	0.00189997118	17.344934
6.23	0.0317209806	0.0753119544	0.218100068	-0.116189718	0.547988264	0.64133885	0.0497073674	0.311906073	0.127148473	0.00201099833	17.986318
6.24	0.0308460251	0.0748047293	0.21842839	-0.115654229	0.546736598	0.508733514	-0.0508681682	0.311882733	0.0808813511	0.00216311455	19.408804
6.25	0.0302602285	0.0743747537	0.218780206	-0.115072914	0.545246055	0.385418302	-0.156451579	0.311779559	0.0656730083	0.00230993924	19.193682
6.26	0.0299370328	0.0739846141	0.21919269	-0.114440896	0.543460428	0.262778545	-0.283968575	0.311601392	0.0874125392	0.00259178118	21.81127
6.27	0.0298680817	0.0736339717	0.219650081	-0.113773966	0.541499522	0.136879156	-0.432090368	0.311362731	0.115494546	0.00293753054	17.303436
6.28	0.0300621572	0.073388989	0.220100709	-0.113163466	0.539690723	0.110998098	-0.652705305	0.310929808	0.091555285	0.00334641205	18.74652
6.29	0.0305043415	0.0733268577	0.220439371	-0.112523987	0.538432789	-0.0209148293	-0.797383165	0.31046511	0.0591004653	0.00342344083	18.784512
6.3	0.0312894955	0.0734303395	0.220745714	-0.111920826	0.537257975	-0.0914127318	-0.830517104	0.310093726	0.0688607829	0.00363413684	19.495712
6.31	0.0320889532	0.0735283049	0.221045693	-0.111189558	0.536399302	-0.306235575	-0.965853556	0.309560585	0.0651953129	0.00387320176	18.52592
6.32	0.0331709885	0.0738755995	0.221257141	-0.110447453	0.536267276	-0.462120833	-1.01273673	0.309003514	0.0838991332	0.00365773285	17.712816
6.33	0.0344619081	0.0744290506	0.221382496	-0.1096981	0.536804406	-0.582638521	-1.00304183	0.308433795	0.0393733209	0.00369206177	18.505578
6.34	0.0358942638	0.0751438408	0.2213932	-0.108921978	0.537953115	-0.692806037	-0.92836569	0.307901888	0.0579198198	0.00376376428	19.448742
6.35	0.03734317	0.0759173753	0.221327584	-0.10810002	0.539420671	-0.824978868	-0.826879723	0.307400631	0.150783471	0.00383374786	16.494537
6.36	0.0387336361	0.0766684054	0.221205345	-0.107236621	0.540930898	-0.966573086	-0.709091961	0.306952787	0.113780182	0.00377296964	16.497239
6.37	0.0400322289	0.0773475229	0.221099398	-0.106365353	0.542259798	-1.06395144	-0.603059986	0.30652854	0.134388492	0.00357962592	19.164889
6.38	0.0411331798	0.0778272581	0.221094149	-0.105557024	0.542942372	-1.03415771	-0.616117601	0.30601774	0.0832083086	0.00332022705	20.149857
6.39	0.0419422552	0.0781295556	0.221189427	-0.104645197	0.543006854	-1.10600462	-0.561235185	0.305666717	0.149045422	0.00304609653	17.466324
6.4	0.0425512771	0.0782850458	0.221367712	-0.103728048	0.542862428	-1.12813288	-0.547295533	0.305351412	0.10445947	0.0028996109	18.774926
6.41	0.0429287073	0.0782760763	0.221609669	-0.10280031	0.542387786	-1.1290059	-0.551813186	0.305114495	0.0913444469	0.00274756899	18.50738
6.42	0.0430845182	0.0781058863	0.221898336	-0.101833712	0.541568325	-1.14124152	-0.548976213	0.304994207	0.109474213	0.00266065939	17.681499
6.43	0.0430678584	0.0777937748	0.222217085	-0.100826992	0.540477531	-1.15690812	-0.551829622	0.304961315	0.103621007	0.00287293003	20.960129
6.44	0.0429436138	0.0773926346	0.222575231	-0.0997938723	0.539213441	-1.17654148	-0.56450459	0.304963517	0.0864611797	0.00321811112	19.663395
6.45	0.0427726805	0.0769466956	0.222945889	-0.0987362873	0.537839111	-1.20739015	-0.577508293	0.304984241	0.0694049129	0.00356916006	19.979629
6.46	0.0426187067	0.076515609	0.223333312	-0.0976483794	0.536468942	-1.25567223	-0.59002026	0.304974643	0.0889853317	0.0039246465	18.715429
6.47	0.0425307296	0.0761476655	0.223751875	-0.0965335426	0.535162127	-1.30715598	-0.606028886	0.304889611	0.123318761	0.00421574535	18.127542
6.48	0.0425061783	0.0758589937	0.224222132	-0.0954076321	0.533914263	-1.35044555	-0.645771471	0.304677105	0.135352199	0.00439908438	20.471564
6.49	0.0425266981	0.0756648222	0.224772364	-0.0942621275	0.532727545	-1.3841869	-0.712841029	0.30430559	0.0498632052	0.00434103708	19.049556
6.5	0.0427130548	0.0757225284	0.225280328	-0.0932663762	0.532091699	-1.23232717	-0.666966069	0.303954422	0.137570295	0.00414941511	19.803821
6.51	0.0430032612	0.075976795	0.225815554	-0.0924222733	0.531911372	-0.952863609	-0.556896748	0.303613596	0.0758927156	0.00461363113	18.919404
6.52	0.0433168119	0.0761981182	0.226315181	-0.0916569163	0.531646679	-0.725517162	-0.408037225	0.303419453	0.0422837169	0.00520074109	17.604459
6.53	0.0436757705	0.0765675581	0.226827668	-0.0909656851	0.53218238	-0.522137885	-0.297803462	0.303062765	0.0670887451	0.00595697185	16.307172
6.54	0.0440177731	0.0771290135	0.227384813	-0.0903746053	0.533303151	-0.301413682	-0.206543383	0.302532269	0.070181474	0.00559326395	19.198228
6.55	0.0442586246	0.0778735047	0.227957846	-0.0898937419	0.53497685	-0.0651404411	-0.136209399	0.301829577	0.0682149915	0.00480943861	19.428025
6.56	0.0443284382	0.0787617893	0.228519362	-0.0895339181	0.537120666	0.176311774	-0.0704378711	0.301008402	0.0807259154	0.00376118932	18.229558
6.57	0.0441885438	0.0797094202	0.229071061	-0.0892757261	0.539573162	0.37996897	0.00628981462	0.300154942	0.0729472115	0.00286568859	18.950585
6.58	0.0437703201	0.080642887	0.22964416	-0.0891463618	0.542233827	0.572820057	0.0789907137	0.299309506	0.0624368725	0.00248072283	17.346993
6.59	0.0430073435	0.0814813774	0.230259238	-0.0891623154	0.544983331	0.765817489	0.129826704	0.298507502	0.034625387	0.00251780178	17.299288
6.6	0.0418038644	0.0819533012	0.230906725	-0.0892445511	0.547135417	0.865711221	0.103221438	0.29783735	0.131782661	0.00289936527	16.994015
6.61	0.0402292762	0.0822042106	0.231564853	-0.0894154709	0.549147033	0.959771513	0.11532471	0.297396351	0.129348036	0.00347698119	18.007772
6.62	0.0382891823	0.0821832911	0.232175704	-0.0896543979	0.550900418	1.06569034	0.16850876	0.297290931	0.149142764	0.00353117782	16.57234
6.63	0.0360595537	0.0818975401	0.232819526	-0.0899440007	0.552321311	1.1642027	0.236411245	0.297463221	0.0890677196	0.00305586893	17.563039
6.64	0.0336628652	0.0813911609	0.233502234	-0.0902665161	0.553438984	1.23806606	0.302952869	0.29784842	0.120138156	0.00241564135	17.487482
6.65	0.0312596939	0.0807310218	0.234228087	-0.0906063745	0.554237452	1.26784245	0.362746851	0.298370711	0.0883487582	0.00192504853	16.937824
6.66	0.0290091583	0.0800019716	0.235012694	-0.0909631204	0.55469283	1.25547717	0.408927192	0.298936723	0.0817969557	0.00177042587	19.58838
6.67	0.0270530165	0.0792920069	0.235861443	-0.0913390195	0.55477903	1.21968601	0.447333233	0.299475236	0.0473611168	0.00199147261	19.798268
6.68	0.0255236543	0.0786585729	0.236780211	-0.0917182169	0.554547916	1.12262266	0.4526213	0.299875967	0.0671354997	0.00250739065	22.062601
6.69	0.0244805756	0.0781692087	0.237763846	-0.0921038983	0.553996964	0.977243293	0.441726711	0.30010159	0.0821768627	0.00296554924	18.454853
6.7	0.0239529644	0.0779036185	0.238817829	-0.092520982	0.553208366	0.835478503	0.444463568	0.300149539	0.134360375	0.00345972498	18.841301
6.71	0.0239534375	0.0778377477	0.239965821	-0.0929556085	0.552088481	0.677966445	0.449240155	0.300016235	0.138410129	0.00417943998	16.52689
6.72	0.0244776334	0.0779571545	0.241147106	-0.0934081938	0.550712049	0.512500473	0.467955548	0.299747889	0.113074843	0.0050510473	18.218289
6.73	0.0254612672	0.078210052	0.242427039	-0.0938507232	0.548935615	0.327093825	0.454991672	0.299286831	0.133504025	0.00602675106	20.309593
6.74	0.0268495384	0.0785843287	0.243778915	-0.0942862834	0.546791011	0.137014893	0.422881228	0.298664527	0.0913903795	0.00680542208	20.510685
6.75	0.0285797626	0.0790433868	0.245153487	-0.0947097812	0.544292815	-0.0603890034	0.377432731	0.297926905	0.0902981654	0.00751595331	19.297027
6.76	0.030774461	0.0798411422	0.246313417	-0.095101012	0.542683907	-0.277378926	0.445693561	0.297142527	0.0325111636	0.00817796889	18.836396
6.77	0.0333333381	0.0809360664	0.247314573	-0.0954676039	0.541715291	-0.482016685	0.568645537	0.296281689	0.0471375084	0.00890263546	18.017144
6.78	0.036019441	0.0821869329	0.248181298	-0.0957599356	0.54108467	-0.726826597	0.648360284	0.295247495	0.0635074718	0.00931173103	18.370264
6.79	0.0388759835	0.0836632157	0.249005228	-0.0960945986	0.540589852	-0.780874293	0.78430371	0.294129682	0.0655214184	0.00879067034	18.842744
6.8	0.0417137444	0.0853085548	0.249751154	-0.0964255794	0.540667054	-0.796182728	0.886331117	0.292824799	0.0683069078	0.00876394687	20.037954
6.81	0.044374407	0.0870892006	0.250423577	-0.0967282005	0.541302473	-0.786685089	0.950841581	0.291344564	0.0670482588	0.00790614622	16.743961
6.82	0.0466764613	0.0889037662	0.251091944	-0.0969883615	0.54225971	-0.776169541	0.959375136	0.289708184	0.0737552386	0.006479299	19.5842
6.83	0.0484572809	0.0906162055	0.251749259	-0.0972086284	0.543362708	-0.756927457	0.907537727	0.28800345	0.0614201704	0.00478316491	18.305821
6.84	0.0495936657	0.0921169003	0.252384553	-0.0974110623	0.544576479	-0.706936577	0.795889288	0.286313856	0.0484621219	0.00319204083	19.548074
6.85	0.0500056071	0.0932359645	0.253050004	-0.0975180283	0.54545492	-0.723411025	0.738423021	0.284951053	0.106305408	0.00250164645	18.309392
6.86	0.0496513291	0.0939112653	0.253690634	-0.0976338276	0.546316755	-0.690960141	0.655705308	0.28388855	0.117542316	0.00270790249	18.393621
6.87	0.0484888724	0.0940869753	0.254287648	-0.0977671651	0.547087924	-0.628492897	0.56932873	0.283208931	0.106737229	0.00297400663	18.964087
6.88	0.0465535074	0.0937759226	0.254843023	-0.09790755	0.547763114	-0.560113907	0.507350571	0.282960074	0.0822518039	0.003169697	17.859288
6.89	0.0439389496	0.0930262949	0.255369332	-0.0980506711	0.548343927	-0.494990977	0.47130986	0.283124935	0.0795217554	0.00308327307	19.162274
6.9	0.040795428	0.0919166071	0.255905862	-0.0981829256	0.548775001	-0.442172366	0.46257976	0.28365159	0.100804319	0.00275423941	19.463022
6.91	0.0373194212	0.0905601721	0.256520586	-0.0983047835	0.549040464	-0.3939857	0.453670681	0.28440384	0.0992769173	0.00223992039	18.541221
6.92	0.0337505143	0.0890795801	0.257193738	-0.0984022562	0.54918026	-0.38447576	0.474406728	0.285339163	0.05976218	0.00187637364	17.551882
6.93	0.0303588332	0.0875950549	0.257925405	-0.0984762226	0.549211214	-0.387935693	0.515344273	0.28635495	0.0920348537	0.0017659647	18.690937
6.94	0.0274292619	0.0862353383	0.258688623	-0.0985280713	0.549233675	-0.410013645	0.593882466	0.287378025	0.0725866651	0.00219111531	17.672571
6.95	0.0249904581	0.0849652209	0.259459632	-0.0986441947	0.548814198	-0.273395532	0.583264982	0.288221257	0.131071026	0.00305902766	17.99707
6.96	0.0233377313	0.08405001	0.260215475	-0.0987650839	0.548639288	-0.184163548	0.652329556	0.288894304	0.0947276237	0.0032656999	17.693652
6.97	0.022496433	0.0834813187	0.260981811	-0.0988920015	0.548476916	-0.0986271997	0.75491555	0.289365651	0.123688138	0.00401295576	17.412792
6.98	0.0224234327	0.083240323	0.261771003	-0.099029801	0.548224556	-0.00521511553	0.876028807	0.289612685	0.128263885	0.00489917168	17.85335
6.99	0.0229866933	0.0833164319	0.262575102	-0.0991966122	0.547893551	0.124891318	0.991361176	0.289593184	0.0939299744	0.00583454456	18.999999
7	0.0241435257	0.0837171236	0.263315992	-0.0992967511	0.548026307	0.115196366	1.00255126	0.289100506	0.0503345081	0.0065609111	17.292847
7.01	0.0256519333	0.0844396171	0.263985549	-0.0993278568	0.548418449	0.0352354564	0.929804331	0.288157053	0.0657900477	0.00596860381	18.738129
7.02	0.0275236541	0.0855014923	0.264554748	-0.0993006642	0.549010403	-0.0777488757	0.964277493	0.287106682	0.0512946149	0.00503821841	17.948135
7.03	0.0294409887	0.0867673726	0.26497779	-0.099278096	0.549842564	-0.12541218	0.991207082	0.285918085	0.0984829043	0.0049094008	18.654801
7.04	0.0312850033	0.0880973345	0.265310706	-0.0992763492	0.550702231	-0.12973045	0.987132712	0.28463105	0.0724648751	0.00461101758	17.784059
7.05	0.0329722211	0.0893839312	0.265539485	-0.0992914685	0.551532983	-0.112322351	0.960096799	0.283333922	0.0434750016	0.00430604484	15.813067
7.06	0.0344392078	0.0905492276	0.265650552	-0.0993105523	0.55228228	-0.0826321544	0.950717154	0.282160624	0.0841974193	0.00414755045	18.293213
7.07	0.0355842927	0.0915196699	0.265672305	-0.0993455257	0.552888933	-0.025342002	0.947333313	0.281155898	0.0401711504	0.00410000949	16.813005
7.08	0.0363685203	0.0922531779	0.26554632	-0.0994105732	0.553417874	0.0622325565	0.966810211	0.280399392	0.0752694792	0.00404684765	17.973039
7.09	0.0367777117	0.0927385188	0.265320159	-0.0995195414	0.553841161	0.187176889	0.985390554	0.279851537	0.0503073331	0.00390088751	18.253077
7.1	0.0368730778	0.0929745601	0.265038216	-0.0996556628	0.554043254	0.3312309	1.01857042	0.279532329	0.117016983	0.00375638152	15.683056
7.11	0.0367466142	0.092969909	0.264720839	-0.099794573	0.554052967	0.456443483	1.03588709	0.27937897	0.133693698	0.0034535789	17.121043
7.12	0.0364705555	0.0927847527	0.264406316	-0.0999336287	0.553916921	0.549712122	1.03123525	0.279326747	0.0790882353	0.00314505859	18.160598
7.13	0.0360847512	0.0924648105	0.264143653	-0.100071267	0.553577866	0.613212496	1.00000033	0.279320664	0.0938166097	0.00284134645	16.089186
7.14	0.0356084219	0.0920485389	0.263955099	-0.100215538	0.553003458	0.66623408	0.942723062	0.279328959	0.0791116515	0.0025625294	18.243391
7.15	0.035068752	0.0915904761	0.263864399	-0.10037665	0.552212528	0.739858489	0.874571438	0.279336595	0.109094182	0.00227983888	19.20021
7.16	0.0345247219	0.0911188568	0.263842613	-0.100549703	0.551316962	0.821987684	0.798776379	0.279338819	0.0833195076	0.00192582185	17.933818
7.17	0.034021084	0.0906749724	0.263906436	-0.100738943	0.550382253	0.917341317	0.720999068	0.279318574	0.0532794376	0.00160191206	16.235048
7.18	0.0335888125	0.0902582762	0.263989311	-0.100929744	0.549564769	0.979803797	0.628087661	0.279264343	0.119992394	0.00135272199	17.374765
7.19	0.0331998574	0.0898501517	0.26406935	-0.101110095	0.548839021	0.986119383	0.506754954	0.279161421	0.122687105	0.00140043961	18.167055
7.2	0.0328610248	0.0894281482	0.264227185	-0.101356867	0.547639487	1.04630591	0.461788798	0.279187971	0.106293925	0.00175097572	18.614575
7.21	0.0325802435	0.0889653269	0.264365158	-0.101587385	0.546569432	1.03692066	0.380328637	0.279209568	0.100262178	0.00143471422	20.582002
7.22	0.032315892	0.0884652055	0.264511229	-0.101791972	0.545483596	0.959608747	0.255679936	0.27919	0.132005818	0.00166707495	19.393903
7.23	0.0320697007	0.0879402796	0.264619246	-0.101978069	0.544304058	0.852458145	0.127444614	0.279188554	0.132237573	0.00197795362	17.533589
7.24	0.0318443538	0.0873907577	0.264705704	-0.102143669	0.542999659	0.724497099	-0.00967572573	0.279190372	0.0640755954	0.00232460608	18.822875
7.25	0.0316218315	0.0867946597	0.264828325	-0.102283381	0.541450957	0.579197737	-0.181650637	0.279154764	0.0786346654	0.00271096717	17.567401
7.26	0.0315352154	0.0862966705	0.264894328	-0.10230717	0.540143539	0.348196992	-0.225568017	0.279262126	0.0822425572	0.00316981232	19.397223
7.27	0.0316695429	0.0859514744	0.264895319	-0.102268807	0.539288653	0.190195438	-0.25052943	0.279346382	0.0585388937	0.00342877021	18.839033
7.28	0.0318602687	0.0856043037	0.26481197	-0.102104272	0.538530813	-0.00751931511	-0.31282592	0.279385361	0.0510099762	0.00367717897	19.007507
7.29	0.0322939678	0.0855044919	0.264660385	-0.101884748	0.538395969	-0.142897531	-0.316618052	0.279345529	0.0656969038	0.00361814614	18.751154
7.3	0.0329326237	0.0856358862	0.264460678	-0.101609476	0.538795646	-0.231730729	-0.277078726	0.279235216	0.0381053148	0.00358521811	18.539853
7.31	0.0337083473	0.0859668438	0.264250961	-0.101263413	0.539651215	-0.292512409	-0.211426688	0.279037952	0.0481332612	0.0035687222	17.567376
7.32	0.0345909806	0.0864232762	0.264127593	-0.100908208	0.54055422	-0.280051277	-0.109321435	0.278807262	0.0552922461	0.0035265281	18.817254
7.33	0.0354385349	0.0869691175	0.264023255	-0.100487413	0.541838612	-0.265159388	-0.026419802	0.278483488	0.0387924174	0.00340425815	18.604721
7.34	0.0361544744	0.087552302	0.263968343	-0.0999898108	0.54330116	-0.274314132	0.0496158049	0.278107736	0.0588372567	0.00328441101	21.55215
7.35	0.0366759266	0.0880875462	0.264038872	-0.099413788	0.5445997	-0.277982268	0.100853	0.277691571	0.124021794	0.00318083368	20.060504
7.36	0.0369274325	0.0884817175	0.264253605	-0.0987707578	0.545523665	-0.268058571	0.111730085	0.277263617	0.114467593	0.00304026733	19.452483
7.37	0.036872161	0.088704474	0.264628776	-0.0980642978	0.546063461	-0.239713906	0.0767595003	0.276829718	0.092072209	0.00285177888	18.029051
7.38	0.0364909581	0.0887492503	0.265138161	-0.0972902348	0.546287034	-0.206997459	0.0110593035	0.276427817	0.103398263	0.00268572494	18.918376
7.39	0.0357999568	0.0886080489	0.265754456	-0.0964572825	0.54619763	-0.162874813	-0.0741319093	0.27610011	0.0807964121	0.00251325684	18.788312
7.4	0.0348376624	0.0882929806	0.266448647	-0.095572401	0.545853574	-0.122801534	-0.158842345	0.275883303	0.10279252	0.00232791154	17.855044
7.41	0.0336960038	0.0878617644	0.267155716	-0.0946520605	0.545469362	-0.0726545273	-0.236944794	0.27576768	0.0959534858	0.00210429153	18.67998
7.42	0.032459628	0.0873492866	0.267832084	-0.0937094183	0.54508647	-0.0102092462	-0.301639995	0.275751519	0.0537339066	0.00193173128	18.681075
7.43	0.0312339631	0.0868050451	0.268426807	-0.0927531047	0.544776509	0.0642158242	-0.337015695	0.275831279	0.0969953596	0.0018472259	16.645022
7.44	0.0301193123	0.086278918	0.268930374	-0.0917950171	0.544572533	0.158630021	-0.34955298	0.275959525	0.104269381	0.00188288851	20.237045
7.45	0.0291688867	0.0857873663	0.269370117	-0.0908420477	0.544352722	0.292424002	-0.363995141	0.276069876	0.0971535014	0.00203466199	18.516172
7.46	0.0284355188	0.0853437838	0.269731351	-0.0898966036	0.544083281	0.431023289	-0.368034589	0.27615533	0.105080297	0.00220305332	16.881762
7.47	0.027990025	0.0849760777	0.269965043	-0.0889667926	0.543844781	0.5618605	-0.345679965	0.276225794	0.146409488	0.00248157601	16.347594
7.48	0.0278821509	0.0846523368	0.270112152	-0.0880524883	0.543437481	0.666894747	-0.301667636	0.276287463	0.141041898	0.00290494794	16.093134
7.49	0.0279661971	0.0842953284	0.270258204	-0.0872084317	0.54251448	0.848152791	-0.337226491	0.276216522	0.0762478194	0.00354589107	17.253408
7.5	0.0285075683	0.0839755616	0.270259889	-0.086274229	0.541884394	0.804150939	-0.448088084	0.275922208	0.117454801	0.00387386704	17.01394
7.51	0.0294132941	0.083991427	0.270075812	-0.0853620345	0.542016531	0.782384715	-0.491132518	0.275499482	0.0583812745	0.00404703121	16.331421
7.52	0.0306594345	0.084159855	0.269797432	-0.0844200659	0.542270078	0.692189641	-0.473729661	0.275091605	0.0627272041	0.00428972009	18.168787
7.53	0.0319476681	0.0844979887	0.269429228	-0.083524989	0.542928217	0.651214785	-0.461107328	0.274595336	0.0844088156	0.00434188637	19.73845
7.54	0.0331490598	0.0849861521	0.268959192	-0.0827092333	0.544061064	0.641816407	-0.451209566	0.274024729	0.0760155235	0.00426899693	17.780265
7.55	0.0341394555	0.0855820147	0.268444876	-0.0819854291	0.545507513	0.663671535	-0.429288351	0.273421635	0.0704268795	0.00426148842	18.354057
7.56	0.0349027976	0.086200573	0.267911711	-0.0813388683	0.547146665	0.665036505	-0.406139247	0.272825666	0.0478574651	0.00436423425	17.264634
7.57	0.0353441242	0.0867932936	0.267373936	-0.080757344	0.548918255	0.666088052	-0.382901814	0.272270182	0.0473000266	0.00457218268	19.128201
7.58	0.0354208539	0.0873078781	0.266758105	-0.0802421445	0.550823049	0.678065436	-0.3415892	0.271841069	0.0916059764	0.00482622975	20.212402
7.59	0.0351570046	0.0877093149	0.266062654	-0.0798004248	0.55280403	0.697830343	-0.276939381	0.271572129	0.0598597169	0.00501078507	17.716488
7.6	0.0346175498	0.0879749488	0.265350884	-0.0794028992	0.554713941	0.718108571	-0.186578072	0.271474452	0.139504477	0.00506490859	17.015012
7.61	0.0338885402	0.0881068994	0.264681757	-0.0790446308	0.556492096	0.735881021	-0.0806421265	0.271522036	0.0965637266	0.0048209754	17.858664
7.62	0.0330747533	0.0881184022	0.264100255	-0.0787141099	0.558094618	0.748072453	0.0286360662	0.271676287	0.0592213061	0.00437203396	18.261386
7.63	0.0322760964	0.0880121959	0.263652675	-0.0784004048	0.559427876	0.743052736	0.11698747	0.271880902	0.0992560003	0.00382688244	19.104361
7.64	0.0315719071	0.0878187455	0.26336375	-0.0780940813	0.560481597	0.714591751	0.171889276	0.272077327	0.0486268659	0.0033197635	17.792329
7.65	0.0310213488	0.0876060513	0.263246411	-0.0778024061	0.561312062	0.676267394	0.212008026	0.272242001	0.0946135748	0.00291674449	16.126017
7.66	0.0306375749	0.0873887871	0.263313949	-0.0775236395	0.561853616	0.63207315	0.235081602	0.272357451	0.0803382318	0.00245099489	17.368631
7.67	0.0304360866	0.0871975795	0.263534863	-0.0772714362	0.562146226	0.598940683	0.26697059	0.272451126	0.0572880123	0.00192449318	18.899418
7.68	0.0304026476	0.087021882	0.263865336	-0.0770310289	0.562218871	0.555633301	0.301163752	0.27253149	0.0975110558	0.00129135982	18.532367
7.69	0.0304973975	0.086857181	0.264283512	-0.0767830474	0.562096209	0.48480317	0.318368478	0.27257129	0.102523769	0.00103681448	16.978071
7.7	0.0307195528	0.086741388	0.264757007	-0.0765272324	0.561846253	0.403608631	0.338447905	0.272572679	0.131909689	0.00135012808	17.446025
7.71	0.0310498793	0.086668081	0.265282834	-0.0762618004	0.561404491	0.308331397	0.360731078	0.272534976	0.108395138	0.0019074298	18.571054
7.72	0.0314846561	0.086637909	0.265867853	-0.0759825151	0.560749128	0.217092541	0.377280555	0.272439388	0.0885823728	0.00257615837	17.749979
7.73	0.0319899495	0.0866318754	0.266537085	-0.0756831382	0.559822773	0.113431551	0.369322192	0.272259284	0.117156428	0.00324617032	17.489542
7.74	0.0325601146	0.0866457242	0.267287141	-0.0753587037	0.558608134	0.00259323061	0.345277458	0.272003874	0.0584510481	0.00381596877	19.284475
7.75	0.033239199	0.086676419	0.268052068	-0.0750255636	0.557126532	-0.0810916335	0.347968622	0.271761988	0.0811353187	0.00439470413	19.76749
7.76	0.0339850165	0.0867539146	0.268785473	-0.0747274146	0.555715026	-0.0650381326	0.297235634	0.271387774	0.0885381384	0.00528451662	18.095347
7.77	0.0348195976	0.0870047475	0.269431319	-0.074379377	0.554755677	-0.0825799637	0.307507093	0.270964641	0.0473978588	0.00532294538	18.734329
7.78	0.0357221763	0.0874208988	0.270007968	-0.0739892103	0.554221618	-0.116938602	0.353919428	0.27049531	0.0603472072	0.00551309451	20.299353
7.79	0.036590846	0.0877933765	0.270583908	-0.0735707688	0.553355225	-0.165559375	0.405620885	0.270048232	0.0561413679	0.00562797526	16.738277
7.8	0.0374223222	0.0882437703	0.271116611	-0.0730766048	0.552932127	-0.257587034	0.445890687	0.269520996	0.0775874132	0.00592078264	17.385528
7.81	0.038163839	0.0887598863	0.27164397	-0.0725391799	0.552782444	-0.336967205	0.45993599	0.268892117	0.11244099	0.00573150715	19.982347
7.82	0.0387329965	0.0892998651	0.272144986	-0.0719581576	0.55285579	-0.42085041	0.449535185	0.268186798	0.0349938093	0.00516746447	17.785544
7.83	0.0390550461	0.0898265479	0.272616716	-0.0713192908	0.553147673	-0.527209686	0.408405843	0.267415474	0.0669453597	0.00440146474	17.329113
7.84	0.0390857541	0.0902913571	0.273021937	-0.0706480319	0.553609343	-0.629952674	0.349718958	0.266642753	0.0638965686	0.00352310879	19.000499
7.85	0.0387846744	0.0906076652	0.273402794	-0.0699770786	0.553981292	-0.714069273	0.280231261	0.265935222	0.149449533	0.00280235232	17.587413
7.86	0.0381371604	0.0906236142	0.273824091	-0.0692347114	0.55374354	-0.864745652	0.261719012	0.26551049	0.124973603	0.00244311983	18.673272
7.87	0.0371948716	0.0904106099	0.274201527	-0.068512868	0.553544728	-0.94271837	0.211937921	0.26522873	0.13729989	0.00241451833	18.700359
7.88	0.0359875177	0.0900026925	0.274522261	-0.0677978694	0.553387785	-0.99065444	0.155063774	0.265104565	0.151162271	0.00227464917	19.505211
7.89	0.0345626331	0.0894331881	0.274787864	-0.0670971522	0.553249346	-1.00666539	0.0871581224	0.265110387	0.090810337	0.00206742499	18.367536
7.9	0.0329926616	0.0887423304	0.274986943	-0.0664036162	0.553095557	-0.995343862	0.0273150632	0.265247132	0.0837636057	0.00189595414	18.283243
7.91	0.0313506537	0.0879780875	0.275135823	-0.0657225899	0.552942911	-0.949550715	-0.0400199517	0.265450308	0.0828302611	0.00178656663	20.170546
7.92	0.0297203364	0.0871923743	0.275208462	-0.0650596503	0.552822696	-0.893464741	-0.0892436232	0.265726816	0.0890966874	0.00177853808	20.526816
7.93	0.0281559992	0.0864329795	0.275297235	-0.0644031164	0.55270894	-0.831868827	-0.161465341	0.265956145	0.141009947	0.00175471577	18.065393
7.94	0.0266736679	0.0857099135	0.275393377	-0.0637715563	0.552569676	-0.761865933	-0.27957573	0.26608382	0.139125951	0.00189660432	20.220205
7.95	0.025269661	0.0850281639	0.275551714	-0.0631703288	0.552291853	-0.689822212	-0.457067371	0.26605612	0.150161928	0.00235010928	19.991267
7.96	0.0239432906	0.0843978101	0.275754733	-0.0625949226	0.55191388	-0.622082723	-0.685225803	0.265872191	0.0955045377	0.0031267409	18.084948
7.97	0.0226914377	0.0838057003	0.275974034	-0.0620283701	0.551423574	-0.596957954	-0.925526721	0.265611823	0.0991635213	0.00408531196	18.546366
7.98	0.0215367281	0.0832570742	0.276185829	-0.0614352602	0.550926553	-0.644197428	-1.14667867	0.265343245	0.105082597	0.00476762311	17.948603
7.99	0.0205130446	0.0827446692	0.276357964	-0.0608066138	0.550489606	-0.762789519	-1.33217979	0.2651299	0.0565852216	0.00501079555	17.816558
8	0.0196449521	0.0822430718	0.276552177	-0.0601404935	0.549998222	-0.935039578	-1.50045595	0.264969514	0.0689921885	0.00486200919	18.114294
8.01	0.0189751274	0.0817745484	0.276706589	-0.0596467873	0.549412402	-0.877884193	-1.60212054	0.264960595	0.0766951241	0.00452372588	18.421768
8.02	0.0186112284	0.0814812662	0.276848876	-0.0592264131	0.54923366	-0.825755934	-1.59812627	0.265058443	0.0621375142	0.00367096641	21.690894
8.03	0.0186461664	0.0813744036	0.276970724	-0.0588822253	0.549383915	-0.75332045	-1.50058506	0.265267552	0.0579845775	0.00238815504	20.839484
8.04	0.019159343	0.0814257604	0.277115438	-0.058627758	0.549652863	-0.640437855	-1.35702861	0.265508365	0.0932239994	0.00113762277	19.54498
8.05	0.0202152521	0.0816595929	0.277327408	-0.0584602294	0.549994736	-0.485429569	-1.20562422	0.265650505	0.0819200019	0.00141493372	18.604542
8.06	0.0217771521	0.0820797619	0.277653405	-0.0583571995	0.550337233	-0.378857754	-1.09175002	0.265567103	0.0688186492	0.00238030954	17.692517
8.07	0.0237471378	0.0827330926	0.278112745	-0.0583056136	0.550686141	-0.296640316	-1.00490428	0.265202939	0.065402165	0.00295455076	18.60287
8.08	0.0260558123	0.0835407993	0.278714367	-0.0582331001	0.550684604	-0.308700191	-0.88934609	0.26469911	0.0701163936	0.00332469982	20.732969
8.09	0.0285200053	0.084566373	0.279365577	-0.0582491586	0.550938854	-0.267169796	-0.832192558	0.263892717	0.107389644	0.0042879702	18.464894
8.1	0.0309863667	0.0857409011	0.280121548	-0.0583488543	0.551151478	-0.21152225	-0.818065843	0.262832259	0.0923276384	0.00433955115	20.207626
8.11	0.0333458536	0.0869666027	0.280956021	-0.0585061961	0.551192248	-0.174453598	-0.826180525	0.261630069	0.114938953	0.00417797979	18.332286
8.12	0.0355006956	0.0881485709	0.281881834	-0.0586968408	0.55096094	-0.15197752	-0.847589969	0.260380708	0.11547386	0.00405618006	17.37629
8.13	0.0373602698	0.089208694	0.282864579	-0.0589175975	0.55049451	-0.130787605	-0.870561289	0.259185315	0.0961204009	0.00400691757	18.443631
8.14	0.0388503776	0.0900915929	0.283875106	-0.0591563366	0.549892092	-0.118090751	-0.899307219	0.258100457	0.0869830682	0.00402910192	17.132218
8.15	0.0399159527	0.0907832115	0.284935689	-0.0594219325	0.549194675	-0.103875728	-0.92719084	0.257155639	0.112862813	0.00404355387	18.677711
8.16	0.0405227568	0.0912538871	0.286015224	-0.0596997163	0.548427134	-0.096505936	-0.956758226	0.256381701	0.113676612	0.00412765737	18.31958
8.17	0.0406699206	0.0915266438	0.287117964	-0.0600041458	0.547625244	-0.0727319043	-0.974478166	0.255784001	0.0590160435	0.00424919204	18.698228
8.18	0.0404080101	0.0916293691	0.288199281	-0.0603224773	0.546881954	-0.0319757159	-0.972239456	0.255367078	0.105537853	0.00450775105	18.570568
8.19	0.039822284	0.0915941452	0.289222825	-0.0606443058	0.546247834	0.0186955247	-0.946806007	0.255119865	0.121790678	0.00484555631	19.884398
8.2	0.0389202053	0.0912397236	0.290207	-0.0608838372	0.54522426	-0.061846517	-1.00926584	0.254956462	0.0757721736	0.00520228188	18.661834
8.21	0.0378270487	0.0908572238	0.291143263	-0.0611184127	0.544310946	-0.0782806881	-1.02441781	0.254873636	0.135764763	0.00497782172	18.785461
8.22	0.0366663488	0.090437924	0.292072569	-0.0613433669	0.543354741	-0.082951293	-1.02243077	0.254852302	0.0944595883	0.0051620866	19.764104
8.23	0.0355469971	0.0899826741	0.292950777	-0.0615525499	0.542346488	-0.0943376687	-1.00018795	0.254912624	0.102027665	0.00552022879	19.688385
8.24	0.0345661229	0.0894757414	0.293777503	-0.0617477622	0.5411513	-0.10328176	-0.959688844	0.255061564	0.0943745602	0.00601396029	16.602795
8.25	0.0339031515	0.0891526656	0.294343921	-0.0619539966	0.540706254	-0.146025198	-0.838115218	0.255267598	0.0715970623	0.00668377852	17.96237
8.26	0.0334892416	0.088998796	0.294740749	-0.0621297976	0.54078349	-0.231562373	-0.721317619	0.255393384	0.104705347	0.00708327789	18.424273
8.27	0.0333706567	0.0889853039	0.295049383	-0.0623204142	0.540899088	-0.25314148	-0.563940247	0.255491014	0.0742671015	0.00677760721	19.528626
8.28	0.0333509304	0.0890912333	0.295248779	-0.0624598557	0.541277227	-0.354190601	-0.423215316	0.25547796	0.0784660176	0.00671009872	16.530841
8.29	0.0333677942	0.0893264476	0.295344266	-0.0625410776	0.54189258	-0.481024464	-0.305128399	0.255330231	0.0319821849	0.00623363505	17.003729
8.3	0.0334116441	0.0896841976	0.295309465	-0.0625681814	0.542716962	-0.60779464	-0.173246045	0.255113817	0.0662820282	0.0054426439	19.390962
8.31	0.0333739267	0.0901129235	0.295178025	-0.0625420726	0.543731551	-0.766964635	-0.0765224908	0.254781017	0.0822906786	0.00475529567	18.570371
8.32	0.0333267218	0.0906214298	0.294913027	-0.0624830942	0.545008035	-0.901724872	0.0265984162	0.254405229	0.0448679861	0.00379438569	18.365941
8.33	0.0332701187	0.0911348131	0.294599084	-0.0624370718	0.546318327	-0.979127526	0.112040483	0.253991822	0.0922172257	0.00302169026	15.625179
8.34	0.0331792701	0.0916003377	0.29424196	-0.0624218433	0.547628998	-0.999393306	0.187125316	0.253592914	0.0647900315	0.00247567553	18.991011
8.35	0.0329960653	0.0919417274	0.293875683	-0.0624404262	0.54881777	-0.952295823	0.221004462	0.253209816	0.122908133	0.00226119298	18.283705
8.36	0.0326054527	0.0920333096	0.293598293	-0.0623928901	0.549404457	-0.963381219	0.29623807	0.253053994	0.0958300563	0.00238308473	17.394673
8.37	0.032112889	0.0919454258	0.293290452	-0.062388409	0.549968112	-0.908044539	0.328204905	0.2529855	0.115921464	0.00225098357	18.038228
8.38	0.0315050723	0.0917182069	0.292944473	-0.062411851	0.550536901	-0.821948929	0.348936116	0.253026158	0.10683985	0.00224734139	16.109486
8.39	0.0307930315	0.0913656845	0.292579333	-0.0624570768	0.551035288	-0.712080739	0.358874039	0.253162469	0.112606	0.00227031287	18.647618
8.4	0.0299964091	0.0909149646	0.29222548	-0.0625274887	0.551443042	-0.593862793	0.346791058	0.253344378	0.087036805	0.0023198682	18.728219
8.41	0.0291654391	0.0904158462	0.291872614	-0.0626123378	0.551814313	-0.482087926	0.335992266	0.253570652	0.0860969457	0.00246373125	16.45969
8.42	0.0283491833	0.0899027849	0.291540382	-0.0626953824	0.552155209	-0.39561016	0.331473287	0.253821765	0.0750434725	0.00252678921	19.565173
8.43	0.0275909751	0.0893976783	0.291236302	-0.0627787967	0.552475558	-0.312337245	0.311114186	0.254045789	0.119962503	0.00246154837	18.827476
8.44	0.0269171639	0.0889179695	0.290962597	-0.0628600219	0.552764656	-0.234049771	0.27715886	0.25422531	0.0803882921	0.00251845398	18.543833
8.45	0.0263487656	0.0884761319	0.290758022	-0.0629253589	0.552974172	-0.172879999	0.232804378	0.2543435	0.106983014	0.00266149812	18.294804
8.46	0.025893279	0.0880723112	0.290665371	-0.0629621398	0.553049483	-0.129271468	0.169167517	0.254376777	0.121211191	0.00278778428	20.240823
8.47	0.0255556138	0.0876915207	0.290686671	-0.0629657215	0.552945039	-0.108845899	0.0954419952	0.254351175	0.111268463	0.00294068212	20.175862
8.48	0.0253345968	0.0873276036	0.290813576	-0.0629468697	0.552688488	-0.102202372	0.00440016104	0.25426442	0.144200149	0.00303838954	20.481024
8.49	0.0252119843	0.0869432211	0.291091675	-0.0628948613	0.552117636	-0.106726196	-0.11071104	0.254121877	0.0772540605	0.00323763308	19.627505
8.5	0.0251737842	0.0865048167	0.291521895	-0.0628106616	0.551157324	-0.120539445	-0.253402735	0.253938803	0.0608078308	0.00345389408	18.629221
8.51	0.0253016904	0.0862751517	0.291946605	-0.0627515265	0.550833871	-0.106765546	-0.369469173	0.253668012	0.0539839108	0.00371035851	19.155029
8.52	0.0255609922	0.0861840295	0.292451485	-0.0626616789	0.550773275	-0.120258987	-0.507552498	0.253271472	0.0860783458	0.00397841228	18.520236
8.53	0.0259650349	0.0861734278	0.293074249	-0.0624978266	0.550702855	-0.21317881	-0.623100616	0.252842137	0.0843524812	0.00438784734	18.718264
8.54	0.0261477301	0.0861832158	0.293763681	-0.06239942	0.550600361	-0.205983594	-0.802537314	0.252293244	0.0862957308	0.00442559817	17.833223
8.55	0.0263789482	0.0863975054	0.294424435	-0.0622796053	0.55109317	-0.239631121	-0.895355338	0.251733225	0.0437882597	0.00472998611	17.917465
8.56	0.026576971	0.0867376272	0.295062348	-0.0621177765	0.551980018	-0.295144318	-0.959971627	0.251163672	0.0947689617	0.00478478644	18.580004
8.57	0.0266759259	0.0871452217	0.295673305	-0.0619147896	0.553075874	-0.350577332	-0.983951271	0.250641152	0.0537641285	0.00485668289	15.862647
8.58	0.0266057452	0.0876015906	0.296218868	-0.061694598	0.554392858	-0.360140115	-0.963280969	0.25018924	0.0691179413	0.00476678491	19.833413
8.59	0.0264162806	0.0880570266	0.296677109	-0.0614526506	0.555787841	-0.338716502	-0.888491492	0.24985878	0.0565170862	0.00456480747	20.564496
8.6	0.0261061497	0.0884069936	0.297119556	-0.0612085116	0.556864465	-0.279456717	-0.803930369	0.249634356	0.162622895	0.004227113	16.266345
8.61	0.0257782961	0.0885052045	0.297569961	-0.0609019235	0.557242325	-0.26210346	-0.788169798	0.249457725	0.12356695	0.00382466402	19.414536
8.62	0.0254174695	0.0885953073	0.298012598	-0.060630442	0.557432851	-0.156933	-0.722377333	0.249339476	0.125881038	0.00359622397	20.207914
8.63	0.0252095477	0.0887176584	0.298412701	-0.0603981204	0.557514844	-0.000706923301	-0.605344308	0.249299126	0.116035623	0.00331535191	16.243182
8.64	0.0253105017	0.0888593694	0.298773514	-0.0601804028	0.557421155	0.153132292	-0.46720175	0.249299484	0.0716808797	0.00334055812	18.495445
8.65	0.0257897547	0.0890538963	0.299128569	-0.0599745053	0.557159492	0.297293186	-0.321985563	0.249275883	0.0822591215	0.00381454586	20.838431
8.66	0.0266504292	0.0893243936	0.299531656	-0.0597697145	0.556719536	0.411581492	-0.201062678	0.249138222	0.105034049	0.0044820463	18.595554
8.67	0.0278407346	0.0897057369	0.299941809	-0.0595665671	0.556199469	0.499058593	-0.088640788	0.248883396	0.0447353699	0.00499176606	18.969036
8.68	0.0292722988	0.090212114	0.300354656	-0.0593535007	0.555671025	0.551376109	0.00503096988	0.248482856	0.0904877154	0.00537790236	17.782423
8.69	0.0308418639	0.0908248443	0.300744658	-0.059123352	0.55514624	0.556752406	0.0835574832	0.24795493	0.0970617727	0.00550694721	18.610505
8.7	0.0324536731	0.0915314119	0.301149435	-0.0588816726	0.554589836	0.549376408	0.150968167	0.247305233	0.105239648	0.00546878691	22.927786
8.71	0.0340206654	0.0922896338	0.301589888	-0.0586175318	0.553993174	0.533460037	0.197451496	0.246546154	0.0964199539	0.00539425844	20.029412
8.72	0.0354909032	0.0930771249	0.30211494	-0.0583540797	0.553314178	0.55561327	0.243872053	0.245726309	0.119888358	0.00522876048	19.1629
8.73	0.0368145463	0.0938451242	0.302717196	-0.0580959293	0.552589697	0.633138033	0.291085174	0.244905212	0.073327041	0.00525738907	18.419643
8.74	0.0379398831	0.0945193404	0.30338743	-0.0578486589	0.551768708	0.756149152	0.337820807	0.244145982	0.0521734411	0.00540165783	19.084557
8.75	0.0388163596	0.0950555653	0.304157629	-0.0576077674	0.55084049	0.906220879	0.367634688	0.243452253	0.07548939	0.00566152885	20.318691
8.76	0.0393957164	0.0954150576	0.305032597	-0.0573684934	0.549780984	1.06755864	0.372085082	0.242842294	0.0735535726	0.0058993345	20.583639
8.77	0.0397102595	0.0956589601	0.305951442	-0.0570825255	0.548895875	1.12140343	0.425142816	0.242408798	0.0370793387	0.00609976361	20.201731
8.78	0.0397510531	0.0958221619	0.306902999	-0.0567624527	0.548324199	1.15081437	0.468888227	0.242046338	0.0515195692	0.00667746377	18.492761
8.79	0.0394709036	0.0956569301	0.307866804	-0.0564152429	0.547183877	1.13814324	0.529563585	0.24193334	0.0395253551	0.00679501446	16.908352
8.8	0.0389927053	0.0954649614	0.308813814	-0.0560274792	0.546522818	1.10296866	0.59120055	0.241848768	0.0576537183	0.0073304115	18.718723
8.81	0.0383129811	0.0952642496	0.30969539	-0.0555982692	0.546245141	1.03924876	0.650418464	0.241796242	0.0712214913	0.0073686994	17.613395
8.82	0.0374233458	0.0950848678	0.310477812	-0.0551159536	0.546367002	0.927298054	0.708073529	0.241743536	0.071286706	0.00704200925	20.161672
8.83	0.0363570895	0.0949686119	0.311138882	-0.0545821228	0.546911889	0.767154232	0.784963341	0.241695474	0.0929145638	0.00642231277	18.391445
8.84	0.0351625974	0.0949317118	0.311674848	-0.0540043279	0.547845196	0.577840403	0.88626576	0.241649562	0.0810035401	0.00578840763	18.102245
8.85	0.0338355644	0.0948848272	0.312127371	-0.0533759809	0.548844051	0.370034383	0.976649411	0.24159313	0.0962554418	0.00520836857	20.763311
8.86	0.0323184145	0.0946774538	0.312536239	-0.0527548691	0.549467048	0.212468811	0.976505026	0.241468868	0.109392749	0.00460024181	17.635935
8.87	0.0307161082	0.0943944373	0.312889288	-0.0521163453	0.54992056	0.071939324	0.988290581	0.241371533	0.125722857	0.00368195018	17.16196
8.88	0.0290752044	0.0940157451	0.313228962	-0.0514872828	0.550127817	-0.0308404919	0.98488656	0.241292186	0.130110939	0.00315416477	19.019154
8.89	0.0274331738	0.0935498972	0.313556796	-0.0508745167	0.550144432	-0.0931573254	0.958584924	0.241229204	0.114355364	0.00267477305	16.066331
8.9	0.0258184879	0.0930147631	0.313869491	-0.0502829068	0.550021904	-0.105389505	0.902683953	0.241170255	0.116206728	0.00216979274	18.556741
8.91	0.0242379927	0.0923950583	0.314178326	-0.0497139616	0.549672295	-0.0802893899	0.814578641	0.241124064	0.0948070757	0.0016654421	20.418693
8.92	0.0227343114	0.0916172513	0.314567209	-0.0490848949	0.548683028	-0.123493633	0.772257348	0.241271286	0.078634009	0.00134347749	19.277347
8.93	0.0214035135	0.0908183098	0.314997056	-0.0484700824	0.5475869	-0.13269116	0.677911369	0.241367337	0.0858953912	0.00146024513	19.577634
8.94	0.020273551	0.0900463526	0.315453783	-0.047870033	0.546403711	-0.117126751	0.540699631	0.24138932	0.0693425985	0.00150337281	19.712895
8.95	0.0193694897	0.0893302725	0.315909945	-0.0472850612	0.545138345	-0.0921619961	0.381793538	0.241345429	0.0848663328	0.00140877734	19.34021
8.96	0.0186984525	0.0886901186	0.316338315	-0.046727029	0.543817547	-0.0421706264	0.19843032	0.241207636	0.114717399	0.00138998293	16.696858
8.97	0.0182643333	0.0881532373	0.316730516	-0.0461896965	0.54250089	0.0117312013	0.000638104478	0.240961474	0.0812089067	0.00150542539	18.906254
8.98	0.0180857236	0.0877514473	0.317111837	-0.0456552684	0.541250638	0.0451636235	-0.198980371	0.240598588	0.103804565	0.00182986768	17.390122
8.99	0.0181975121	0.0874777918	0.317427704	-0.0451125529	0.540109275	0.0457835869	-0.362226371	0.240206403	0.0809375515	0.00227536256	18.886123
9	0.018692723	0.087548474	0.317547224	-0.0446831806	0.539678309	0.176306067	-0.325685701	0.239962376	0.0692696572	0.00258438148	20.16668
9.01	0.0194605933	0.0877648097	0.317474744	-0.0444067539	0.539636543	0.354025195	-0.290071177	0.239706508	0.0664709949	0.00239165578	19.855526
9.02	0.0206302495	0.0882672462	0.317254748	-0.0441822574	0.540348855	0.455039689	-0.195095684	0.239401537	0.0615987433	0.00244201076	17.869057
9.03	0.0220953479	0.0890096058	0.31695901	-0.0440124201	0.541599032	0.513636409	-0.0855434672	0.238996534	0.0578605552	0.00256708883	19.753602
9.04	0.0238263344	0.0898571182	0.316687476	-0.0438333052	0.542864708	0.477833974	0.0874549285	0.238651052	0.0488741375	0.00271335199	19.327342
9.05	0.0255983087	0.0908363693	0.316404746	-0.0437494328	0.544473008	0.469067751	0.219879666	0.23815622	0.0620115982	0.00277238128	17.644191
9.06	0.0272905815	0.0918986553	0.316074175	-0.0437794346	0.546342343	0.48729119	0.33775743	0.237577303	0.0548617394	0.00277984179	19.264195
9.07	0.0287987684	0.0929835331	0.315725427	-0.0439280853	0.548388476	0.51903919	0.411348809	0.236887826	0.0789688839	0.00289920478	17.358591
9.08	0.0300152211	0.0940257674	0.315423551	-0.0441927376	0.550491771	0.555631371	0.409515285	0.236053734	0.0526086663	0.00335082175	17.896844
9.09	0.0308628153	0.094943029	0.315134867	-0.044558657	0.552568301	0.58847893	0.358098029	0.235173721	0.0464507235	0.00440405491	19.895856
9.1	0.0313172883	0.0956026811	0.314888611	-0.0449875692	0.554308166	0.572111465	0.295985111	0.234411109	0.13301675	0.00570959542	16.938396
9.11	0.0312675328	0.0959092479	0.314702294	-0.0455153757	0.555414968	0.583796553	0.304824787	0.233978385	0.0920663064	0.00645232551	16.533237
9.12	0.0308132304	0.0958682754	0.314560672	-0.0460656087	0.556239223	0.537897314	0.294269374	0.233773398	0.144162581	0.00581555457	17.812983
9.13	0.0299498228	0.0955335006	0.314497296	-0.046653171	0.556780495	0.475919213	0.285583852	0.23380397	0.11346535	0.00523062817	18.097777
9.14	0.0287508356	0.0949573798	0.314449192	-0.0472771967	0.557099467	0.416749485	0.311307993	0.234108797	0.0953711538	0.00449959117	18.441587
9.15	0.027346265	0.0941673409	0.314462179	-0.0479228763	0.557075868	0.352822883	0.338065332	0.234605046	0.110328594	0.00351636888	17.600782
9.16	0.025905943	0.0932602596	0.314554603	-0.0485902731	0.556755064	0.297105208	0.359140341	0.235199111	0.0630321957	0.00259471441	16.87737
9.17	0.0246180559	0.0923314947	0.314735544	-0.049262363	0.556186109	0.243337401	0.364327912	0.235793761	0.0509937117	0.00191745684	18.015674
9.18	0.0236341318	0.0914973465	0.314988461	-0.0499422312	0.555468788	0.221028958	0.381206113	0.236338423	0.10368493	0.00163690549	18.319192
9.19	0.023069161	0.0908096129	0.315316252	-0.0506270015	0.554589527	0.226559377	0.40588069	0.236777363	0.106111342	0.0018157879	17.684811
9.2	0.022973941	0.0903221816	0.315725389	-0.0513138199	0.553590694	0.272168291	0.437241441	0.23706088	0.107842065	0.00236543279	18.102321
9.21	0.0233341393	0.0900415666	0.316195715	-0.0519886625	0.552458789	0.365738511	0.474218467	0.237177773	0.130116929	0.00302968	18.742441
9.22	0.0240762354	0.089951173	0.316719869	-0.0526378575	0.551196985	0.483142472	0.494180102	0.237098695	0.120478484	0.00371187064	17.6729
9.23	0.0251007243	0.090026728	0.317304249	-0.0532696837	0.549760834	0.619643503	0.497839532	0.236834692	0.0934487257	0.00418731517	20.951277
9.24	0.0263180835	0.0902329825	0.317956207	-0.0538849279	0.548115769	0.780944353	0.486226184	0.236411113	0.0627144723	0.00457129336	17.448877
9.25	0.0275930915	0.0905266862	0.318695437	-0.0544685718	0.546330521	0.910776044	0.419843113	0.235797473	0.14312522	0.00494200026	19.172727
9.26	0.0290006461	0.0910104482	0.319375627	-0.0548823199	0.544966461	0.815522769	0.478212438	0.235257671	0.0635514288	0.00494931937	16.81028
9.27	0.0304865711	0.0917322089	0.319943438	-0.0552065729	0.544371231	0.713649009	0.538004228	0.234596064	0.046017784	0.00593038046	19.758787
9.28	0.0319616662	0.0924236343	0.320437757	-0.0554948364	0.543647906	0.608446579	0.643442534	0.23403317	0.0373490329	0.00592549937	18.767721
9.29	0.0333790453	0.0932422045	0.320858492	-0.0556768403	0.543588342	0.461946479	0.741838166	0.233384572	0.0481239095	0.00632324142	16.150617
9.3	0.0346471574	0.094157773	0.321230717	-0.0557641377	0.544051921	0.300083015	0.831750851	0.232670584	0.0623961268	0.00600858468	18.708122
9.31	0.0356607481	0.0951112595	0.321548515	-0.0557655197	0.544954138	0.137232874	0.906651558	0.231912078	0.0642627424	0.00527736344	17.430191
9.32	0.0363250437	0.0960282149	0.321815317	-0.0556860983	0.546185798	-0.023978157	0.962955077	0.231142737	0.0515590479	0.00425989554	18.293137
9.33	0.0365995952	0.0968625399	0.321998163	-0.0555270689	0.547756663	-0.203696451	1.02640315	0.230435137	0.0806345763	0.00314858212	16.005338
9.34	0.0364580528	0.0975598896	0.322109113	-0.0552987314	0.54958078	-0.37700732	1.09766588	0.22983547	0.0488599662	0.00225045828	16.424879
9.35	0.0358168928	0.0979745246	0.322213045	-0.0550581385	0.551272677	-0.501134864	1.12476747	0.229334106	0.202135648	0.00171581089	16.794154
9.36	0.0346763174	0.0980550756	0.322350658	-0.0548059465	0.552678005	-0.578303829	1.12901897	0.228989794	0.0930937697	0.0017006874	16.538358
9.37	0.0330578464	0.0977545122	0.322530583	-0.0545627232	0.553658156	-0.606376322	1.11629554	0.228857841	0.109255029	0.00208180161	18.450658
9.38	0.0310272791	0.097098077	0.322773237	-0.0543278371	0.554232081	-0.608696259	1.08390975	0.228931866	0.0953810254	0.00233456005	18.239616
9.39	0.0286564403	0.0961271251	0.323071562	-0.0541158174	0.554425493	-0.574382564	1.01398759	0.229165101	0.0832258807	0.0024189593	17.194978
9.4	0.0260501247	0.0948979167	0.323435443	-0.0539238655	0.554205444	-0.518847967	0.912885684	0.22953666	0.0998054239	0.00255557068	19.945736
9.41	0.023341263	0.0934950709	0.323868414	-0.0537537667	0.553611742	-0.455225279	0.783426715	0.229995017	0.0751318516	0.00262954868	18.017524
9.42	0.020670363	0.0920071125	0.324378595	-0.0536047042	0.552682927	-0.38418027	0.621314523	0.230467686	0.0747497928	0.00267093066	18.750906
9.43	0.0181809459	0.0904960042	0.324935792	-0.0534787704	0.551424058	-0.3150771	0.437864919	0.230933923	0.137040366	0.00276611107	18.876039
9.44	0.0160423913	0.0890254288	0.325532572	-0.0533612842	0.549849226	-0.276108468	0.247762729	0.231370433	0.126906023	0.00281849416	18.658673
9.45	0.0144048802	0.0876428482	0.326229712	-0.0532501474	0.547909726	-0.275193891	0.0254996753	0.23168179	0.120957241	0.00278761881	18.143474
9.46	0.0133597953	0.0863988931	0.327028339	-0.0531581642	0.545658888	-0.291082988	-0.23860771	0.231800186	0.0874656507	0.00288732752	21.397309
9.47	0.0129537427	0.0853348807	0.327894722	-0.0530878659	0.543192203	-0.329565951	-0.52872475	0.231715535	0.133098982	0.00316595663	19.50178
9.48	0.013250185	0.0844827808	0.328785499	-0.0530088507	0.54060724	-0.425242418	-0.800539231	0.231484184	0.103872515	0.00356076849	20.555286
9.49	0.01396792	0.0840907461	0.329508856	-0.0530455596	0.538593547	-0.37074259	-0.85307439	0.23130832	0.0730870105	0.00403542084	18.549997
9.5	0.0153058167	0.0842161571	0.329997961	-0.0530806908	0.53764949	-0.325365458	-0.834387943	0.230981203	0.0522905588	0.00452903329	18.935714
9.51	0.0168760015	0.0847228393	0.330310495	-0.0531876783	0.537261902	-0.192007249	-0.810766728	0.230453816	0.061200241	0.00494237179	20.971818
9.52	0.0190139774	0.0855886663	0.330501896	-0.0532596591	0.537295895	-0.162877146	-0.673835817	0.229925605	0.0679981267	0.00477742623	21.555533
9.53	0.0212693863	0.0868679353	0.330593415	-0.0534145961	0.538075093	-0.0645290714	-0.541076367	0.229108545	0.0337187955	0.00489918433	19.815369
9.54	0.0236101846	0.0884506474	0.330647834	-0.0536247701	0.5393747	0.0323280218	-0.458820399	0.227988112	0.0978029306	0.0044703138	17.895191
9.55	0.0258896312	0.090217011	0.330704709	-0.0538968214	0.540995224	0.113007291	-0.433498839	0.226611602	0.0654917378	0.00362550317	18.632835
9.56	0.0279970515	0.0920446477	0.330811427	-0.0542196685	0.542772311	0.157191182	-0.450668693	0.225070375	0.0622828171	0.00307799453	19.696472
9.57	0.029807104	0.0938191533	0.330943976	-0.0545840529	0.544698039	0.166308194	-0.499078341	0.223475948	0.0220415901	0.00345469143	20.319374
9.58	0.031212406	0.0954435646	0.331064106	-0.0549772204	0.546794348	0.14668993	-0.547760606	0.221970914	0.0409717556	0.00440674697	17.572806
9.59	0.032018394	0.0967330245	0.331240113	-0.0554791637	0.54858072	0.176679048	-0.551144308	0.22073732	0.0509690944	0.00534455017	17.333437
9.6	0.0322780023	0.0976303333	0.331417249	-0.0559835984	0.550319054	0.154954442	-0.56437193	0.219811367	0.15507328	0.00546850443	18.692847
9.61	0.0319292183	0.0980765033	0.331510859	-0.0564726144	0.551942354	0.0803539386	-0.562639817	0.219295476	0.151514783	0.00544471579	19.19405
9.62	0.030972915	0.0981120117	0.331572327	-0.0569623247	0.553410705	-0.0133072371	-0.543680533	0.219153627	0.121638588	0.00512833022	17.378654
9.63	0.029495203	0.0978063568	0.3315763	-0.0574544409	0.554756143	-0.0987648055	-0.490954538	0.219368895	0.0898826824	0.0045643287	17.706461
9.64	0.0276577891	0.0972272225	0.331555934	-0.0579479191	0.555909226	-0.177637838	-0.41680278	0.219864347	0.100843441	0.00375686872	17.363575
9.65	0.0256732137	0.096454529	0.331493782	-0.0584406433	0.556837548	-0.247638694	-0.317021037	0.22058889	0.0897673559	0.00285503462	16.868835
9.66	0.0237854562	0.0955859403	0.331448984	-0.0589421128	0.557469737	-0.297745894	-0.205903995	0.22142945	0.0798192533	0.0019083417	19.075809
9.67	0.0222420696	0.0947040742	0.331436182	-0.059444417	0.557783225	-0.353361928	-0.094030534	0.222295466	0.0606364401	0.00127032343	19.630988
9.68	0.0212242616	0.0939150893	0.331475677	-0.0599465177	0.557860713	-0.421031724	0.00199404468	0.223074421	0.100835296	0.00145900048	17.142535
9.69	0.020760252	0.0932723303	0.331589761	-0.0604314341	0.557691648	-0.509165509	0.0548566516	0.223666471	0.106210855	0.00210146188	18.500552
9.7	0.020772615	0.0928212663	0.331796484	-0.0608924445	0.557279798	-0.618000994	0.0654254198	0.22402333	0.103262044	0.00257382943	16.764899
9.71	0.0211405182	0.0925561825	0.332070572	-0.0613257172	0.55659751	-0.745620104	0.0474396048	0.224166104	0.149352153	0.00288711502	16.950969
9.72	0.0217266097	0.0924345699	0.3324252	-0.0617218446	0.555584284	-0.890408026	-0.0185663942	0.224081626	0.129058139	0.00320106718	18.108571
9.73	0.0224328842	0.0924202623	0.332869886	-0.0620821281	0.554239296	-1.04664733	-0.138833628	0.223779854	0.103950859	0.00344169831	18.755252
9.74	0.0231987886	0.092457302	0.333402006	-0.0624099596	0.552537209	-1.20843611	-0.307588094	0.223309458	0.0782237698	0.00365283302	18.135915
9.75	0.0239528705	0.0924918446	0.334017896	-0.0626998617	0.550519076	-1.39595749	-0.529513181	0.222712616	0.0552039115	0.00392968639	16.498168
9.76	0.024863485	0.0927813316	0.334466067	-0.0629260087	0.549274472	-1.56197101	-0.673790021	0.2220705	0.0674575217	0.00428206581	16.427211
9.77	0.0258150372	0.0932220481	0.334781338	-0.0630810647	0.54860638	-1.72903902	-0.800727478	0.221390271	0.063804381	0.00460852911	18.365889
9.78	0.0267602963	0.0935780165	0.335044735	-0.0632058895	0.547759632	-1.86329069	-0.890205359	0.220823505	0.0551872321	0.00484253462	18.169845
9.79	0.0276961659	0.0939798913	0.335195615	-0.0632716578	0.547434426	-1.9650277	-0.953628616	0.220288549	0.0676632561	0.00492001272	15.788478
9.8	0.0285755604	0.0943946344	0.33525091	-0.0632907801	0.547507737	-2.03698807	-0.979121028	0.219837864	0.0766040777	0.00502310673	20.397644
9.81	0.0293422397	0.0947661364	0.335252264	-0.0632824169	0.547843454	-2.05755136	-0.998994198	0.219441957	0.0690899639	0.00507288075	19.41536
9.82	0.0299186314	0.0950434864	0.335238755	-0.0632598799	0.548305234	-2.02411406	-1.03075542	0.219087722	0.0836419697	0.00505320459	19.399303
9.83	0.0302559449	0.0952070307	0.335164344	-0.0632408613	0.548868844	-1.95141834	-1.03575713	0.21885722	0.0920501123	0.00499924896	18.415856
9.84	0.0303012837	0.0952580749	0.335028644	-0.06321714	0.549560497	-1.85680518	-1.02103149	0.218744032	0.0565625722	0.00480159215	19.062838
9.85	0.030002111	0.0951944078	0.33481734	-0.0631903404	0.55037467	-1.76818059	-0.987888426	0.218758503	0.104009823	0.00448109398	25.500392
9.86	0.0293714245	0.095024576	0.334563182	-0.0631645567	0.551279381	-1.6742307	-0.967191529	0.218834539	0.122530037	0.00406329205	22.077176
9.87	0.0284558378	0.094775063	0.3343006	-0.0631247322	0.55222341	-1.57006608	-0.951601416	0.218957899	0.111402824	0.00373596373	19.226805
9.88	0.0272313626	0.0941444066	0.334105223	-0.0630701865	0.552141267	-1.44328838	-0.960652578	0.219289083	0.111430374	0.00351587051	19.522669
9.89	0.0259334316	0.0935409814	0.333890574	-0.0630119841	0.552335413	-1.32789244	-0.95012325	0.219620974	0.126295076	0.00297540543	19.637652
9.9	0.0246872285	0.0930054276	0.333665655	-0.0629490677	0.552715279	-1.23207374	-0.911948902	0.219977538	0.0600600834	0.00254811279	18.54772
9.91	0.0236167813	0.0925230559	0.33343593	-0.0628835101	0.553134815	-1.14427437	-0.857690866	0.220350059	0.101855407	0.00209420753	18.348746
9.92	0.0228520781	0.0921310621	0.333177746	-0.062815416	0.553649184	-1.05436909	-0.779026881	0.220720067	0.0584755938	0.00165770645	18.766961
9.93	0.0224638609	0.0918229993	0.332888746	-0.0627418443	0.5541627	-0.970518654	-0.671456922	0.221094	0.121909535	0.00129652943	18.025847
9.94	0.0224730992	0.0915892257	0.332607462	-0.0626720068	0.554565276	-0.884123887	-0.556194212	0.221427502	0.0741804582	0.00107263527	17.73306
9.95	0.0228617761	0.0914486424	0.332334164	-0.0626134841	0.55489625	-0.81268947	-0.440034299	0.221685486	0.0916966331	0.00118325045	19.412272
9.96	0.023554326	0.0914099677	0.33210967	-0.0625655756	0.555110843	-0.73503422	-0.338018199	0.221823133	0.114946782	0.00150667754	19.107901
9.97	0.0244581069	0.0914543655	0.331975308	-0.0625265301	0.55511486	-0.662721415	-0.255126696	0.22183118	0.109802942	0.00181529394	18.367633
9.98	0.0254723408	0.0915539197	0.331954499	-0.0625035506	0.554852994	-0.593526723	-0.202078082	0.221700739	0.0897435355	0.00212368553	17.481127
9.99	0.0264946666	0.0916843519	0.332064332	-0.0625037533	0.554322477	-0.51904808	-0.194443726	0.221412082	0.0639005449	0.00240238174	17.263379
10	0.0274338838	0.0918246009	0.332299171	-0.0625329516	0.553554807	-0.425771217	-0.233168137	0.220973808	0.0633397642	0.00258544512	18.168377
