time_s	ee_error_m	orientation_error	base_x_m	base_y_m	base_z_m	roll_deg	pitch_deg	clearance_m	leg_action_delta_l2	arm_action_delta_l2	update_ms
0.01	0.649062496	0.0199899784	3.2094638e-05	-8.10527013e-06	0.542694104	0.00475344817	-0.0395209436	0.306031889	0	0	20.415274
0.02	0.647300764	0.0200925085	5.26790753e-05	-3.65338016e-05	0.54115748	0.0117517387	-0.124586344	0.30598324	0.0488151295	0.0443112095	15.790985
0.03	0.64454333	0.0203307195	-1.35290823e-06	-4.25406279e-05	0.539144924	-0.0106741878	-0.233457595	0.306511734	0.0951398389	0.0442923444	15.657401
0.04	0.640793618	0.020800921	-0.000134245612	6.24031934e-06	0.53681204	-0.0819795163	-0.385179192	0.307682816	0.0733287024	0.0442528608	17.885678
0.05	0.636092846	0.0215335747	-0.00043342495	0.00011581288	0.534411982	-0.176428008	-0.537691312	0.309611223	0.0791582131	0.0441944641	16.722865
0.06	0.63050218	0.0224814837	-0.000960930495	0.000264813954	0.53199109	-0.276741274	-0.656724596	0.312456582	0.0712333836	0.0441244457	15.991634
0.07	0.624094109	0.0236247358	-0.00172696832	0.000445581388	0.529733286	-0.375395754	-0.724548346	0.316083216	0.0597454457	0.0440491102	15.14105
0.08	0.616927688	0.0249572648	-0.00271433664	0.000669324648	0.527839845	-0.479151163	-0.722891389	0.320280712	0.0736857833	0.0439791198	17.732761
0.09	0.609238482	0.0264357655	-0.00381685542	0.000926662319	0.525661844	-0.587595416	-0.849844116	0.324172059	0.0734781142	0.0439236328	16.331549
0.1	0.60101643	0.0280384031	-0.00516308713	0.00120730195	0.524196583	-0.671644743	-0.834832301	0.328098584	0.0429920179	0.0439098504	14.476242
0.11	0.592314557	0.0298166601	-0.00663006557	0.00151679926	0.523252727	-0.749116494	-0.781991915	0.331840135	0.0655129533	0.0439133114	16.45515
0.12	0.583022762	0.0314782375	-0.0081461202	0.00183076098	0.522239638	-0.798622778	-0.556759159	0.336172105	0.049992292	0.043949689	16.291787
0.13	0.57313784	0.0334307871	-0.00967344771	0.00215128933	0.521697241	-0.826819198	-0.387785456	0.339445822	0.0579523863	0.0439154266	14.751581
0.14	0.562729296	0.0356454986	-0.0111807829	0.00247085129	0.521482905	-0.82856197	-0.24492345	0.341802498	0.0405852987	0.0439472201	16.053469
0.15	0.55187601	0.0380626916	-0.0126677354	0.0028130491	0.521489966	-0.824503068	-0.103556076	0.343765923	0.0468045715	0.0440150835	16.40163
0.16	0.540648656	0.0406149564	-0.0140894901	0.00314915694	0.521582315	-0.792322447	0.0394556024	0.3454265	0.0592160801	0.0440955586	15.105918
0.17	0.529110604	0.043300113	-0.0154199825	0.003467632	0.521773599	-0.726046683	0.173017604	0.346759849	0.0434345702	0.0441690116	16.445403
0.18	0.517326264	0.0461235512	-0.0166952005	0.00375131142	0.522132946	-0.636982684	0.29959566	0.347408079	0.0525516695	0.0442417301	15.334161
0.19	0.505384239	0.0490668969	-0.0179065814	0.00400089408	0.522642756	-0.538756072	0.404446222	0.347674293	0.0474078271	0.0443248075	14.54253
0.2	0.493444889	0.051995603	-0.0190185043	0.00430897256	0.52291319	-0.547429781	0.424704001	0.347810879	0.0571103671	0.0444265694	17.352012
0.21	0.481532738	0.0549693766	-0.0201034189	0.00457345813	0.523505666	-0.527015002	0.468457395	0.347861164	0.0580240202	0.0445452087	15.866834
0.22	0.469695993	0.0579538735	-0.0211653935	0.00477803265	0.524396514	-0.477640587	0.533093557	0.347927359	0.0600868206	0.0446672392	16.767714
0.23	0.457959846	0.0605465818	-0.0221375124	0.00489708053	0.524733988	-0.337550596	0.657198203	0.348267889	0.0705618969	0.0447946012	16.729833
0.24	0.446226608	0.0631979255	-0.0231104479	0.00500099089	0.525585117	-0.292788374	0.757842502	0.348155347	0.0642785532	0.0447742687	16.168158
0.25	0.434574672	0.0658550707	-0.0240118986	0.00510600035	0.526704499	-0.306158396	0.806019096	0.347965326	0.0600739367	0.0448593606	14.574853
0.26	0.423090328	0.0684368119	-0.0248353343	0.00519390887	0.527972305	-0.344020419	0.811678682	0.347786915	0.0441326525	0.0450150943	13.618669
0.27	0.411850282	0.0708392331	-0.0255988542	0.005246109	0.52922065	-0.392317736	0.780753162	0.347454092	0.0652711556	0.0452022102	15.728357
0.28	0.400858366	0.0730654411	-0.0263172532	0.00526063033	0.53054157	-0.44412794	0.749958118	0.346719961	0.061207056	0.0453879889	15.325418
0.29	0.390104497	0.0751130502	-0.0269743783	0.00524089977	0.531902204	-0.478303472	0.720680906	0.34609339	0.0384073034	0.0455497138	16.814301
0.3	0.379605138	0.0769628739	-0.0275036448	0.00520207151	0.533147991	-0.51058881	0.649283666	0.345497688	0.0623956411	0.0456834483	17.359361
0.31	0.369337942	0.0786426973	-0.0279364278	0.0051360069	0.534358264	-0.53150999	0.560482586	0.344958955	0.0487078735	0.0458021839	14.833979
0.32	0.359250951	0.0801914528	-0.028306474	0.00503738545	0.53562427	-0.543405222	0.479542617	0.344509662	0.0376914636	0.0458992693	14.514425
0.33	0.349319144	0.0815801789	-0.0286139614	0.00490474345	0.536815765	-0.541246828	0.390380766	0.344155861	0.0662520432	0.0459739313	16.414307
0.34	0.339518831	0.0828045446	-0.0288965892	0.00469102523	0.537896263	-0.469411099	0.281524677	0.34388284	0.0782400839	0.0460295511	14.940323
0.35	0.329784876	0.0838943948	-0.0291953419	0.00438009607	0.538911261	-0.376636197	0.168824502	0.343701894	0.0533193227	0.046088612	16.433691
0.36	0.320029131	0.084732919	-0.0293871096	0.00409780075	0.539320795	-0.341766171	0.0944407857	0.343801129	0.0737573128	0.0461472871	15.90851
0.37	0.310155349	0.0854522069	-0.0295967012	0.00376398285	0.539580754	-0.287426805	-0.0113816679	0.343911008	0.0796224576	0.0460197871	13.48971
0.38	0.300060272	0.0860899619	-0.0298604442	0.00340900566	0.539644955	-0.254121047	-0.106945611	0.344109428	0.064913243	0.0459559538	14.960457
0.39	0.289643927	0.0866817496	-0.0301594544	0.00304127434	0.539438215	-0.251479093	-0.193227665	0.344369695	0.13457109	0.0458885606	13.863144
0.4	0.278805357	0.0872855763	-0.0304884803	0.00265834662	0.538978916	-0.267087632	-0.276143029	0.343495209	0.099789979	0.045798138	14.346223
0.41	0.267432141	0.0879544011	-0.0308787748	0.00226478314	0.538288731	-0.3055641	-0.336735333	0.341908704	0.0785921398	0.0456997189	17.491175
0.42	0.255405829	0.0887576087	-0.0313427134	0.0018728883	0.537454613	-0.370774789	-0.367602366	0.339845481	0.0382881032	0.0455868414	15.750959
0.43	0.24264633	0.0897402796	-0.031882037	0.00147296836	0.536520169	-0.443292181	-0.38824027	0.33751117	0.0853517517	0.0454737798	16.388616
0.44	0.229077368	0.0909465831	-0.0324862105	0.00107300409	0.535466517	-0.517646751	-0.392668202	0.335079495	0.0882844815	0.045394413	15.24978
0.45	0.214651508	0.0923963704	-0.0331434279	0.000674452149	0.534247896	-0.591019407	-0.392089422	0.332314636	0.0914089294	0.0453225468	13.91652
0.46	0.199313632	0.0941304644	-0.0338649544	0.000289412231	0.532900912	-0.68154218	-0.372096425	0.329041038	0.102389842	0.0452553405	15.196255
0.47	0.183049045	0.096157083	-0.0346485811	-9.06942249e-05	0.531417918	-0.772597159	-0.345386314	0.325636955	0.109571464	0.0451821896	13.843234
0.48	0.165698109	0.0986545604	-0.0355135174	-0.000568525233	0.530272143	-0.697147048	-0.21566206	0.322269583	0.110129217	0.0451200911	16.093943
0.49	0.147387035	0.101530229	-0.0364768546	-0.00110993157	0.529680812	-0.534943663	-0.137532419	0.317993058	0.0610679211	0.0450215039	17.776254
0.5	0.128112097	0.104940719	-0.037566525	-0.00166152251	0.529868461	-0.410204853	-0.0331203447	0.313296036	0.0472978978	0.0451978117	16.508403
0.51	0.107968939	0.108892619	-0.0387401063	-0.00213714283	0.530428913	-0.405747338	0.139298144	0.30860029	0.0707518919	0.0455361926	16.461972
0.52	0.0870391437	0.113990806	-0.039969738	-0.0025995233	0.531561414	-0.385531453	0.279453338	0.303823899	0.0544593202	0.00503057944	14.094418
0.53	0.065534645	0.120601659	-0.0412168798	-0.00305524084	0.53313358	-0.355670162	0.384422647	0.298983953	0.0452410659	0.00528237559	16.04488
0.54	0.0481936435	0.130608589	-0.0424289027	-0.00350306303	0.53471066	-0.290067628	0.593638077	0.297098996	0.0512974047	0.00560500565	14.907813
0.55	0.0375567827	0.140928219	-0.0436888661	-0.00393123615	0.536368295	-0.215577275	0.807968095	0.296176544	0.0337013487	0.00504270994	14.906921
0.56	0.0351404035	0.149563304	-0.045031636	-0.00434374409	0.538106401	-0.122523833	0.992805029	0.295868228	0.039191085	0.00456412032	15.361039
0.57	0.0382777342	0.155291983	-0.0464595331	-0.00465834507	0.539525891	-0.111807663	1.05194105	0.295834487	0.0231371214	0.00446933871	14.872784
0.58	0.0424244087	0.157938171	-0.047982097	-0.00494669757	0.541075433	-0.0639453925	1.07927352	0.295786339	0.0325913979	0.0046420778	14.747233
0.59	0.0449689662	0.15774992	-0.0495294243	-0.00531649786	0.542195091	0.104148278	1.14354882	0.296222064	0.0225752966	0.00501606166	18.126278
0.6	0.0470067678	0.155174851	-0.0511323502	-0.00562584401	0.543334074	0.202462388	1.15175459	0.297052648	0.0960904677	0.00513894252	15.686798
0.61	0.049354044	0.150562499	-0.0527822259	-0.00587630203	0.544344582	0.247297846	1.13657883	0.298308933	0.101738808	0.00551317605	17.496825
0.62	0.0533243601	0.144203984	-0.0544606902	-0.00608203831	0.545157183	0.258186659	1.1097661	0.299611931	0.0842071144	0.00597749566	14.819367
0.63	0.059982933	0.136535022	-0.0561559049	-0.00624061546	0.545740822	0.23732164	1.06964706	0.301067315	0.0705505269	0.00662062172	16.947472
0.64	0.0692087749	0.128285179	-0.0578772242	-0.00635778367	0.546120827	0.196122732	1.02716362	0.302595708	0.0898825865	0.00721800051	14.242263
0.65	0.0800336049	0.120157736	-0.0595897459	-0.00644292242	0.546286053	0.158350824	0.980007591	0.303744204	0.0886362149	0.00768374359	15.17501
0.66	0.0912560337	0.11267339	-0.0612736888	-0.00649961158	0.546171412	0.118770142	0.920413838	0.304465674	0.0813036106	0.00803857903	14.518824
0.67	0.101820443	0.106190365	-0.0629094997	-0.00653152701	0.545790473	0.0823773168	0.84632155	0.30509763	0.0524433733	0.00829611093	15.089348
0.68	0.111008312	0.100921725	-0.0644937641	-0.00654364932	0.545134334	0.0603779719	0.757360623	0.305656053	0.109471824	0.00847450203	14.796458
0.69	0.118442545	0.0969581665	-0.0660108731	-0.0065387546	0.544181445	0.0645386558	0.657242138	0.30583132	0.126786362	0.00858677409	14.521766
0.7	0.123988615	0.0942118019	-0.0674645714	-0.00650971616	0.542967561	0.0946305311	0.544171072	0.306032287	0.0951906572	0.00863030623	14.88139
0.71	0.127674911	0.0925174984	-0.0688788966	-0.00646961694	0.541537116	0.173706744	0.436280291	0.30630374	0.0861376757	0.00867631071	16.806641
0.72	0.129650708	0.0916393921	-0.070245824	-0.00642613939	0.539797125	0.2918781	0.325682147	0.306560176	0.125718113	0.00879341174	15.968174
0.73	0.130102459	0.0913503258	-0.0715599343	-0.00638404187	0.537675147	0.433885163	0.204184489	0.30671244	0.120295188	0.00898019199	17.043727
0.74	0.129213459	0.0914596375	-0.0728170023	-0.00633955097	0.535112659	0.576049099	0.0596205815	0.306673923	0.0708952735	0.00921937524	14.839579
0.75	0.126938775	0.0920630711	-0.0742375759	-0.00630529771	0.533521355	0.656300476	0.00401259084	0.306398262	0.0560808994	0.00948535312	16.818438
0.76	0.123392253	0.0931339991	-0.0757541456	-0.00627369457	0.532637579	0.70917381	0.001178962	0.305872258	0.0335793073	0.00932089938	16.766694
0.77	0.118707726	0.0945831554	-0.0773451389	-0.00624431269	0.531952117	0.712766073	0.0416861274	0.305252943	0.0451261599	0.00897418915	16.496845
0.78	0.113633955	0.0967403417	-0.0789162585	-0.00614136853	0.531822129	0.647797808	0.0981367845	0.304883385	0.0848103164	0.00829633096	17.146669
0.79	0.108763425	0.0992855198	-0.0804437032	-0.00598482113	0.532085259	0.565618956	0.135361164	0.304660694	0.0849538761	0.00752346393	18.387415
0.8	0.104517546	0.101845606	-0.0819423764	-0.00578589813	0.532696448	0.471437574	0.168688857	0.30453641	0.0439763422	0.00690653472	18.613194
0.81	0.101249932	0.104088742	-0.0834299509	-0.00555150907	0.533573286	0.362606663	0.199857694	0.304466729	0.0436305195	0.00643442021	15.683615
0.82	0.0991827258	0.105763779	-0.0849158928	-0.00529826012	0.534665862	0.260540519	0.231958047	0.304425227	0.0440096835	0.00611608918	13.281366
0.83	0.0984374028	0.106675832	-0.0864269831	-0.00502456045	0.535830216	0.150315784	0.260015928	0.30439794	0.0333944676	0.00595929609	15.702395
0.84	0.0989128207	0.106744231	-0.0879505749	-0.00475682863	0.537060116	0.0687761268	0.299900423	0.304363528	0.0398261102	0.00594987912	15.362203
0.85	0.100512986	0.10598111	-0.089500028	-0.00449346863	0.538258303	-0.00839739994	0.35436071	0.304338014	0.117890136	0.00603625546	14.707988
0.86	0.103523357	0.104427076	-0.0910429172	-0.00433338335	0.53893771	0.0599313752	0.316059121	0.304259004	0.112012599	0.00616622559	14.48555
0.87	0.106885688	0.102109307	-0.0926033004	-0.00408814459	0.539149674	-0.0296032536	0.385328907	0.304316758	0.0887525082	0.00628898009	15.432185
0.88	0.111016171	0.0994257318	-0.0941930092	-0.00390736779	0.53945701	-0.052282777	0.42208188	0.304242818	0.0929605392	0.00615602105	15.166141
0.89	0.115748257	0.0966545707	-0.0957752245	-0.00379292031	0.539757044	-0.0259168471	0.417057955	0.304147089	0.0477465027	0.00628258565	14.842815
0.9	0.120778154	0.093960758	-0.0973744321	-0.00373323464	0.540095902	0.0114359641	0.393972905	0.304083598	0.0647761515	0.00650199161	15.035542
0.91	0.125783738	0.0914206822	-0.0990015225	-0.00372090461	0.540417489	0.0500471322	0.370896279	0.304061242	0.074671703	0.00681559696	14.935676
0.92	0.130520745	0.0890958251	-0.100653591	-0.00375196855	0.540670139	0.0873382278	0.352418201	0.304078258	0.072572771	0.00715157369	14.720054
0.93	0.134814883	0.087027887	-0.10236367	-0.00384204	0.540866405	0.148479533	0.337238852	0.30411489	0.136538002	0.00748734559	15.922028
0.94	0.138490738	0.0852243274	-0.104163819	-0.0039780376	0.540976735	0.200447496	0.344113619	0.304190203	0.089088672	0.00778623455	14.12539
0.95	0.141454136	0.0837115846	-0.106016337	-0.00414318658	0.54095305	0.216332767	0.370085108	0.304298308	0.095151997	0.00808869622	16.563799
0.96	0.143693469	0.0824754737	-0.107930714	-0.00435393162	0.540700354	0.224991353	0.395828535	0.304421657	0.105215134	0.00841697929	16.093987
0.97	0.145284141	0.0815052924	-0.109837004	-0.00462170044	0.540041573	0.251191693	0.384231085	0.304543649	0.135605922	0.00872460786	16.356329
0.98	0.146302493	0.080765029	-0.111696787	-0.00493497549	0.538952301	0.29000723	0.334199308	0.304674846	0.15034422	0.00892697991	16.382118
0.99	0.146868121	0.0801892	-0.113494928	-0.0052955579	0.537407524	0.360252174	0.240392213	0.304811004	0.054439269	0.00905270431	16.351879
1	0.147151065	0.0799273372	-0.115361971	-0.00572886206	0.536580176	0.406375404	0.170055471	0.304895225	0.0462935757	0.00908488368	15.116264
1.01	0.147379574	0.0799116147	-0.117215493	-0.00622801268	0.536164384	0.44693136	0.0871294561	0.304960306	0.0515182259	0.00909300076	14.817322
1.02	0.14762432	0.0798991689	-0.119072523	-0.0067452668	0.53578826	0.408037424	0.0348028166	0.30508991	0.0710700768	0.00900853286	15.59895
1.03	0.148061251	0.0798034737	-0.120957707	-0.00732182235	0.535541979	0.450663275	-0.0361197049	0.305186987	0.0403100499	0.00886531541	14.760187
1.04	0.148844908	0.0795709769	-0.122836096	-0.00795264831	0.535462789	0.454919754	-0.109203193	0.305268934	0.040330075	0.00852618542	15.562584
1.05	0.149983503	0.0791507005	-0.124789769	-0.00865953778	0.535728712	0.478554528	-0.153481791	0.305365721	0.0896392519	0.00828508334	16.377569
1.06	0.151536302	0.0785254586	-0.126803783	-0.00943945717	0.536335457	0.515787434	-0.174845782	0.305458446	0.0308690662	0.00808437324	14.625893
1.07	0.153534129	0.0776830517	-0.128856531	-0.0102635137	0.53720215	0.553102147	-0.178180355	0.305544587	0.0487477012	0.00794455387	15.002293
1.08	0.155985428	0.0766160503	-0.130929939	-0.0111301117	0.538204516	0.589695381	-0.171103673	0.305627724	0.0370731445	0.0078651202	14.612017
1.09	0.158878298	0.0753281184	-0.133091766	-0.0120186719	0.539374264	0.635175717	-0.148131068	0.305702639	0.0851449042	0.00783161581	16.888434
1.1	0.162555128	0.0738388896	-0.135237474	-0.0128264678	0.540118831	0.578339348	-0.220233791	0.305713703	0.102304544	0.007889376	15.248679
1.11	0.166615391	0.0721933698	-0.13743606	-0.0136331496	0.541029459	0.537635459	-0.253377544	0.305792203	0.111242197	0.00794976064	15.489064
1.12	0.171026716	0.0704113218	-0.139643846	-0.0144390719	0.541974623	0.491172081	-0.275414847	0.305870245	0.107982266	0.00799464885	15.371221
1.13	0.175233491	0.0683372122	-0.141818256	-0.0153222224	0.542438505	0.573007246	-0.206936332	0.306057388	0.0999844205	0.00805474458	15.181797
1.14	0.179449489	0.0662276312	-0.144018215	-0.0161806462	0.542953346	0.59831027	-0.151441157	0.306075986	0.0701754727	0.00793922933	14.991449
1.15	0.183542247	0.0642592202	-0.146206553	-0.0170134313	0.543453074	0.586891507	-0.113091219	0.306033995	0.0834351573	0.00797263313	16.366109
1.16	0.187350042	0.0624834265	-0.148403882	-0.0178321617	0.543889877	0.565907512	-0.0740931185	0.305995922	0.077355224	0.00802419517	13.68317
1.17	0.190730969	0.0608961447	-0.150657313	-0.0186426783	0.54427883	0.556888373	-0.0146275269	0.30597789	0.0802115204	0.00809206664	14.43072
1.18	0.193646851	0.0595307357	-0.152977603	-0.0194410733	0.544685148	0.539972182	0.0557422477	0.305957627	0.0859989808	0.00823655543	15.324024
1.19	0.196094585	0.0584043479	-0.155361978	-0.0202248899	0.545125802	0.527018983	0.130305974	0.305934602	0.102255587	0.00846054453	17.49757
1.2	0.19816368	0.0575086623	-0.157777123	-0.0209769596	0.545501624	0.499991424	0.183998927	0.305899004	0.0934137685	0.00876582292	16.426497
1.21	0.199942539	0.0568059988	-0.160197983	-0.0216901959	0.54581609	0.471880401	0.216900344	0.305854839	0.140326859	0.00908385465	14.084209
1.22	0.201607369	0.0562309777	-0.16260989	-0.0223549049	0.545958128	0.419746458	0.213504008	0.305805577	0.122570623	0.00940805865	14.074767
1.23	0.203338264	0.0556958923	-0.165011669	-0.0229650447	0.545866754	0.335468819	0.170562317	0.30575528	0.107466034	0.00968002333	15.70394
1.24	0.205416009	0.0551474731	-0.167340552	-0.0234877462	0.54541153	0.1920005	0.0481892268	0.305676151	0.0904422587	0.00989324274	15.291168
1.25	0.207503059	0.0544410076	-0.169712006	-0.023791254	0.545254655	-0.0700187127	0.0432652994	0.30574761	0.0623223307	0.0099536899	13.486209
1.26	0.209948876	0.05370573	-0.17206507	-0.0239728407	0.545572874	-0.291361133	0.0213923575	0.305687259	0.0679723506	0.0099024964	15.965487
1.27	0.212585984	0.0527832288	-0.174412061	-0.0241038154	0.545847088	-0.403724828	0.0557771621	0.305715893	0.0667161472	0.0098873968	17.522839
1.28	0.215455049	0.0517143831	-0.176769016	-0.0241516222	0.546228271	-0.510177941	0.0949373902	0.305676016	0.124312682	0.00985261863	16.14944
1.29	0.218527258	0.0505416088	-0.179144342	-0.0241050014	0.546595247	-0.586943471	0.133386474	0.305618382	0.0787801244	0.00976417624	13.931024
1.3	0.2217806	0.0493229323	-0.181523341	-0.0239729182	0.546933872	-0.653969821	0.159541957	0.305554726	0.0546072896	0.00968455222	14.842575
1.31	0.2251484	0.048054039	-0.183939933	-0.0237684511	0.547228889	-0.714567261	0.186332298	0.305500188	0.0612377994	0.00954516275	14.222807
1.32	0.228634633	0.0467762738	-0.186406449	-0.0234981025	0.547524245	-0.777281967	0.198340653	0.305427949	0.0434320118	0.0094144879	16.853437
1.33	0.232146662	0.0454913131	-0.188938619	-0.023148052	0.547894892	-0.857503255	0.220376462	0.305358673	0.0742857283	0.00930060634	15.395914
1.34	0.235695001	0.0442484023	-0.191500259	-0.0227303391	0.548360593	-0.897415616	0.232203757	0.305268074	0.0388956275	0.00921861891	15.595832
1.35	0.239269637	0.0430515072	-0.19407031	-0.022271813	0.548846387	-0.92900101	0.236473858	0.305192563	0.116738842	0.00919165916	16.770884
1.36	0.242845509	0.0418427432	-0.196624284	-0.021805968	0.54917196	-0.925550516	0.240417956	0.305148992	0.0957374125	0.00911010654	15.082466
1.37	0.246377074	0.0405782533	-0.199158393	-0.0213398272	0.549257631	-0.902583471	0.249638278	0.305116665	0.102760021	0.008989497	15.986036
1.38	0.249774705	0.0392555165	-0.201697535	-0.0208805955	0.549158911	-0.876650497	0.278495174	0.305085601	0.0991279561	0.00884226691	14.389186
1.39	0.252959399	0.0378981902	-0.204236423	-0.0204337611	0.548794833	-0.834594335	0.318871816	0.305047886	0.119043067	0.00871150305	15.694378
1.4	0.255880537	0.0365896543	-0.206754648	-0.0200119602	0.548221955	-0.776505063	0.350533675	0.304984823	0.0821385634	0.00858663402	14.305732
1.41	0.258527302	0.0353830594	-0.209228906	-0.0196238151	0.54739101	-0.696558567	0.353694348	0.304898299	0.103515584	0.0084376402	18.027085
1.42	0.260891827	0.0342907052	-0.211706533	-0.0192843618	0.54639931	-0.579468236	0.336206359	0.304798953	0.0593431086	0.0082329852	16.298927
1.43	0.262922092	0.0332913306	-0.214261176	-0.0189916875	0.54541835	-0.447411694	0.337711453	0.304721378	0.106097064	0.00805685851	17.736794
1.44	0.264608085	0.0323912607	-0.216937752	-0.0187701812	0.544569083	-0.27581013	0.35901615	0.304647646	0.118444076	0.00802237346	15.314469
1.45	0.265963975	0.0316185274	-0.219691116	-0.018610724	0.543855783	-0.0851180146	0.391606567	0.304584682	0.125456265	0.00815244831	15.525913
1.46	0.267073256	0.0309605202	-0.222493403	-0.0185082026	0.543155068	0.0935900723	0.424670152	0.304547628	0.10381178	0.00835031404	15.615726
1.47	0.267876743	0.0302025091	-0.225317203	-0.0183630307	0.541968029	0.172118197	0.530356482	0.304628437	0.117995005	0.00855727794	16.484868
1.48	0.268472931	0.029491795	-0.228188194	-0.0182893221	0.540796011	0.257884093	0.616756697	0.304622436	0.118044394	0.00876134511	15.29358
1.49	0.26892441	0.0288478266	-0.231056788	-0.018270317	0.539434935	0.336739311	0.672978553	0.304594904	0.0810935626	0.00898014994	15.617902
1.5	0.268931669	0.0281625732	-0.234014999	-0.018394311	0.538371245	0.549947517	0.865312534	0.304734124	0.0691885538	0.00912787025	18.537858
1.51	0.268784374	0.0276569184	-0.236992118	-0.0185858281	0.537756324	0.724939361	0.991887501	0.304624657	0.057921651	0.00944028471	15.125763
1.52	0.268616991	0.0273979721	-0.239970208	-0.0188034195	0.537709874	0.826281814	1.07505565	0.30442618	0.0721043554	0.00968319795	14.544344
1.53	0.268704184	0.0273276819	-0.242954378	-0.0190477681	0.53812565	0.895745964	1.12672619	0.304255833	0.026463838	0.00992439998	14.122837
1.54	0.269393221	0.0273116919	-0.245942069	-0.0193219022	0.53882982	0.950947361	1.14878252	0.304145933	0.0471099907	0.0101620172	15.569016
1.55	0.27108189	0.0272452688	-0.248895215	-0.0196255995	0.539682698	0.991727941	1.11132476	0.304066874	0.0799760307	0.0103772532	16.155809
1.56	0.274067026	0.0269963922	-0.251844968	-0.0199479082	0.540714526	1.02628525	1.03744465	0.304042168	0.0602669482	0.0105058254	15.128821
1.57	0.278539778	0.0264067692	-0.254769676	-0.0202392913	0.541728369	1.00321944	0.958094256	0.304095656	0.0788675138	0.010646381	14.768212
1.58	0.284650122	0.025471605	-0.257648325	-0.020532988	0.542775065	0.968354176	0.828831823	0.304130317	0.053275003	0.0107600276	14.724257
1.59	0.29239132	0.0241610221	-0.260499323	-0.0208231478	0.543807598	0.923738993	0.676626783	0.304188819	0.0274985494	0.0108439942	14.807829
1.6	0.301614976	0.0224506479	-0.263357498	-0.0210961191	0.544747395	0.87027368	0.542218123	0.304302839	0.116756831	0.0109200642	16.294933
1.61	0.31206453	0.0204038825	-0.266247638	-0.0213559419	0.545582782	0.794826676	0.438273248	0.304436797	0.0651969143	0.0109820636	15.646387
1.62	0.32341654	0.0181903142	-0.269139612	-0.021585878	0.546324688	0.686875216	0.336503522	0.304522879	0.098081341	0.0110144729	17.39137
1.63	0.335243087	0.0159428276	-0.272039821	-0.0217994905	0.546941566	0.568433606	0.249590573	0.304590323	0.0940455006	0.0109462501	13.519868
1.64	0.347099603	0.0137956318	-0.274939159	-0.0219961766	0.547428982	0.446934317	0.172696306	0.304632188	0.0681949543	0.0107303401	15.120927
1.65	0.358537854	0.0118472105	-0.27782146	-0.0221773062	0.547746914	0.326813801	0.103272755	0.304651504	0.0659406381	0.010342106	15.089298
1.66	0.369126187	0.0101611512	-0.280703406	-0.0223524681	0.547910702	0.224196325	0.0463111615	0.30465724	0.083276758	0.00976899138	16.149912
1.67	0.378463432	0.00874953101	-0.283578295	-0.022549587	0.547834053	0.150297352	0.0135524661	0.304667515	0.0740589014	0.00912680698	15.810581
1.68	0.386245963	0.00767040199	-0.286426343	-0.0227536795	0.547480522	0.0817166882	-0.0211448639	0.304725034	0.12332984	0.00849306744	16.085727
1.69	0.392332225	0.00691044961	-0.289275034	-0.022980478	0.546805905	0.0378037872	-0.0322157374	0.30497704	0.145199813	0.00794431153	15.7527
1.7	0.396730613	0.00641191405	-0.292118402	-0.0232308801	0.545807708	0.0156330631	-0.0226969241	0.305359785	0.0838814287	0.00748902853	15.783262
1.71	0.399508102	0.00611042773	-0.294996449	-0.0235155093	0.54457384	0.0336933936	0.0273400352	0.305836744	0.110552586	0.00724075325	14.969042
1.72	0.400769395	0.0059441361	-0.297917362	-0.0238346393	0.543059161	0.0679543218	0.114871212	0.30631375	0.111388423	0.00729161105	15.403195
1.73	0.40063202	0.00585756204	-0.30088467	-0.0241920435	0.541114944	0.104589063	0.235028806	0.306736669	0.146243849	0.00769881587	14.813739
1.74	0.399179675	0.00580949776	-0.303941285	-0.0245879537	0.538791855	0.138513979	0.406499769	0.307084171	0.106741934	0.00849912436	14.445408
1.75	0.396281811	0.00583935608	-0.307104821	-0.0250348715	0.537304744	0.12785659	0.650445029	0.30712224	0.0599190804	0.00977788508	14.562682
1.76	0.392127726	0.00591650817	-0.310277091	-0.0254889736	0.536188715	0.0293400169	0.882881761	0.306684602	0.0483913781	0.0130551723	17.127844
1.77	0.38705737	0.0059866704	-0.313430646	-0.0259551281	0.535570223	-0.0841747722	1.10631779	0.305750851	0.077070749	0.0191510523	15.408424
1.78	0.381671506	0.00592889799	-0.31653747	-0.0264692713	0.535207227	-0.146117045	1.30703995	0.30432333	0.0672308042	0.0266551551	15.748592
1.79	0.376853689	0.00594218334	-0.31958227	-0.0270033903	0.535135321	-0.269071217	1.47668065	0.303409305	0.0437162067	0.0317510358	14.968192
1.8	0.37394891	0.00585821884	-0.322591613	-0.027563786	0.535331984	-0.396971223	1.61826227	0.302974404	0.035011096	0.0319248038	16.243216
1.81	0.374027276	0.00552734977	-0.325570796	-0.0281502061	0.535801693	-0.526609718	1.73917796	0.302927494	0.0520949301	0.0297204316	16.614234
1.82	0.377475909	0.00490175363	-0.328519704	-0.0287508998	0.536525535	-0.666703806	1.81608925	0.303093846	0.0600013027	0.0262702675	15.996038
1.83	0.384126666	0.00406036595	-0.331447342	-0.0293659524	0.537484658	-0.792048473	1.84265128	0.303375861	0.0507794446	0.0223102882	17.169628
1.84	0.393651591	0.00313620299	-0.334391149	-0.0299932853	0.538665967	-0.915633163	1.83439805	0.303747276	0.0569967072	0.0185284836	13.592648
1.85	0.405747401	0.0021667327	-0.337330349	-0.0305007157	0.539405637	-1.1706608	1.91090683	0.304353482	0.11674013	0.0157913644	13.864683
1.86	0.420025593	0.00134194835	-0.340260782	-0.0310679296	0.540206115	-1.28903711	1.95628961	0.30488403	0.146279996	0.0152638444	14.290761
1.87	0.436033855	0.000741898283	-0.343198554	-0.0317083431	0.540959361	-1.31669653	1.99785117	0.305424081	0.11545971	0.0175922823	16.24806
1.88	0.451435257	0.000365130524	-0.346165977	-0.0324128526	0.541691706	-1.2843446	2.00009176	0.304790944	0.061434668	0.0447538303	13.864634
1.89	0.463532183	0.000230873166	-0.349120583	-0.0331664228	0.542322752	-1.20724863	1.98756043	0.305084349	0.0849656016	0.0482600297	17.068971
1.9	0.472851026	0.000167588023	-0.352090214	-0.0339792475	0.542909459	-1.05230207	1.9555033	0.306480929	0.113798974	0.045012892	15.597543
1.91	0.480347053	0.000138837451	-0.355077766	-0.0348422878	0.543398435	-0.833073612	1.89285995	0.308180865	0.0719246139	0.0428617621	15.153431
1.92	0.485553867	0.00013580813	-0.358104149	-0.035734372	0.543763572	-0.559278704	1.81300244	0.309694347	0.0723807438	0.0235088434	13.999029
1.93	0.487242677	9.96243229e-05	-0.361173376	-0.0366578562	0.54396285	-0.239013609	1.70110324	0.310853451	0.122981733	0.0233380624	16.47509
1.94	0.486035715	5.77350505e-05	-0.364268232	-0.0375976562	0.543991793	0.0979309961	1.56017614	0.311524025	0.0980186658	0.0099971897	16.244516
1.95	0.484855613	4.97705139e-05	-0.367383207	-0.0385478643	0.543836536	0.427917175	1.38927053	0.311147044	0.0806673507	0.0432747838	14.150181
1.96	0.484740207	8.88794356e-05	-0.370517453	-0.0395187514	0.54344702	0.764575505	1.18148181	0.309515879	0.0977661822	0.0489872942	16.607357
1.97	0.48421115	0.00019679929	-0.373623571	-0.0404814884	0.542621214	1.07867119	0.966653445	0.307304178	0.142423786	0.0172814383	15.142284
1.98	0.480740082	0.000218893228	-0.376667236	-0.0414405004	0.54138737	1.3658189	0.742953368	0.305352582	0.140236562	0.0341024356	16.679645
1.99	0.474733237	0.000124648137	-0.379697483	-0.0422549197	0.540238345	1.44446519	0.439207206	0.302954633	0.084020642	0.0557187822	14.234834
2	0.468434926	7.53353105e-05	-0.382677935	-0.042886749	0.5390008	1.36056984	0.124775754	0.301717668	0.073494944	0.0392783067	15.724059
2.01	0.465361529	9.9434937e-05	-0.385740084	-0.0434702062	0.538322832	1.27773036	-0.0307973918	0.301034881	0.0597326373	0.0402125471	14.2937
2.02	0.465000953	8.12844914e-05	-0.388789214	-0.0440329064	0.537669189	1.24744408	-0.171835372	0.300504587	0.0542812247	0.0566561039	15.723853
2.03	0.463327006	0.000101806203	-0.391864502	-0.0445108036	0.537308926	1.14377734	-0.222028393	0.300815983	0.048002315	0.044793832	16.916347
2.04	0.462488267	0.000170547626	-0.394957773	-0.0449325022	0.537212212	1.05470286	-0.192565369	0.301703894	0.0683938521	0.0404112923	16.550032
2.05	0.46576777	0.000152146236	-0.398079034	-0.0452891311	0.537277194	0.951194597	-0.117996815	0.302433427	0.0706523996	0.0566247403	15.222849
2.06	0.473547697	9.01640849e-05	-0.401201081	-0.0455718151	0.537448031	0.841626872	-0.0210692926	0.302901989	0.0452155654	0.0544121329	15.414106
2.07	0.483038222	0.00014760455	-0.404290631	-0.0457793008	0.53769965	0.747043296	0.0910290952	0.303569506	0.0424339123	0.0441733006	16.274644
2.08	0.495984652	0.000466626622	-0.407337358	-0.0459276906	0.538050791	0.680866618	0.211611445	0.304017737	0.0428522159	0.0565981871	14.94311
2.09	0.511787663	0.00138734061	-0.410328231	-0.046021247	0.53847773	0.604186596	0.338569323	0.304161126	0.048853571	0.0520365059	16.150264
2.1	0.52965617	0.00304365543	-0.413222152	-0.0460923494	0.538878222	0.565386713	0.429534425	0.304240231	0.105281227	0.0429225728	13.545135
2.11	0.545603278	0.00462021431	-0.416072229	-0.0461553114	0.53919266	0.545430233	0.492455174	0.304573222	0.101175784	0.0414531259	14.179807
2.12	0.560484073	0.00662828792	-0.41887262	-0.0462123291	0.539428408	0.540019566	0.496677044	0.304922203	0.0828488302	0.0565691974	15.117181
2.13	0.573414666	0.00892333757	-0.421606718	-0.0463456221	0.539027157	0.662865852	0.555843278	0.306347653	0.0975950113	0.0565696368	15.421402
2.14	0.581408149	0.0100944299	-0.4244068	-0.0464674083	0.538716786	0.717167648	0.553701985	0.308187608	0.114240596	0.0430057906	14.658054
2.15	0.58374505	0.00955087538	-0.427301955	-0.0465860459	0.538439367	0.729921376	0.493131361	0.310011916	0.119183755	0.0419649981	16.46365
2.16	0.581243177	0.00792666484	-0.430298135	-0.0467143515	0.538283321	0.736381888	0.401635955	0.312018609	0.105507384	0.0452635012	15.263712
2.17	0.577058191	0.00672120318	-0.433407186	-0.046849415	0.538223656	0.728516032	0.286415166	0.313759974	0.0632827869	0.0563383898	16.228278
2.18	0.569891698	0.00533071695	-0.436655801	-0.0469771833	0.538316805	0.686564981	0.137242572	0.314780905	0.124094546	0.0300966189	16.525833
2.19	0.560204416	0.00381771753	-0.440043376	-0.0470917159	0.538548525	0.627870927	-0.058509751	0.314204109	0.130787232	0.0566904941	16.141198
2.2	0.548956179	0.00247859319	-0.443593079	-0.0472013822	0.538885752	0.572276318	-0.263876275	0.312310602	0.124709439	0.0567195847	16.567613
2.21	0.539683047	0.00195609127	-0.447254834	-0.0473053717	0.539247353	0.526818357	-0.463714921	0.309269194	0.103389571	0.0499554112	15.373363
2.22	0.529049143	0.00140828221	-0.451007443	-0.0473855093	0.539470703	0.497313984	-0.658404501	0.306496294	0.192311229	0.0434369854	14.701548
2.23	0.516735001	0.000839283101	-0.454807554	-0.0474407499	0.539453195	0.484149479	-0.855048098	0.303944514	0.0964091181	0.0441305511	15.068842
2.24	0.505732017	0.000610748111	-0.45860173	-0.0474703688	0.539082886	0.487933054	-1.04589032	0.302070818	0.106336836	0.0445108918	15.548268
2.25	0.496823953	0.000556074293	-0.462507682	-0.0473332786	0.538972648	0.347869196	-1.01894952	0.301142384	0.0459610582	0.0407037983	16.291956
2.26	0.490378912	0.000560683863	-0.466397591	-0.0469839088	0.538678579	0.0557220098	-0.883120806	0.300899147	0.0703834325	0.0416721204	16.310972
2.27	0.484428647	0.000514845443	-0.470239692	-0.0465710756	0.538758771	-0.106812746	-0.732666389	0.301585602	0.0491143229	0.0475962193	15.332973
2.28	0.482360186	0.000537359063	-0.473994941	-0.0460593287	0.539074485	-0.26494494	-0.585802529	0.302238806	0.0850147222	0.0424080432	14.868176
2.29	0.484574415	0.000578970776	-0.477639075	-0.0454517675	0.539535673	-0.404989719	-0.410850526	0.3027689	0.0833521703	0.0412577088	15.69459
2.3	0.487405203	0.000606219632	-0.481154104	-0.0447553741	0.540056115	-0.533843361	-0.216803103	0.303554133	0.0385514312	0.0431974128	14.689205
2.31	0.490392268	0.000594657936	-0.484546223	-0.0439958811	0.54064447	-0.645700136	-0.0158052964	0.304427043	0.0417267347	0.0567922197	14.051529
2.32	0.496155416	0.000636224567	-0.487745193	-0.0431977069	0.54124202	-0.726216275	0.140409491	0.304608883	0.0860910821	0.0470599667	16.603572
2.33	0.504607445	0.000948500486	-0.490842934	-0.0423593333	0.541847097	-0.808518944	0.252007742	0.302842069	0.0678418229	0.0489397987	15.575793
2.34	0.515698988	0.0016829182	-0.493820167	-0.0415215685	0.542329551	-0.839549655	0.37029609	0.301819256	0.0620793051	0.0566582518	13.762907
2.35	0.526816861	0.00233804124	-0.496719528	-0.0407033968	0.542762765	-0.815714642	0.528763987	0.301880277	0.11164165	0.0566303166	14.033877
2.36	0.538130209	0.0027487115	-0.49953428	-0.0399033253	0.543096561	-0.765832557	0.691948315	0.302511113	0.106784057	0.0566092098	17.171082
2.37	0.55046317	0.00305513194	-0.502260045	-0.039122264	0.543342137	-0.710720587	0.846981856	0.303271592	0.0777679626	0.0558663086	16.380931
2.38	0.564352488	0.00342519742	-0.50491317	-0.0383724627	0.543468668	-0.657193479	0.992486287	0.303916608	0.138290396	0.0562252857	16.773272
2.39	0.579192504	0.00421270472	-0.507484581	-0.0376573047	0.543527694	-0.618145415	1.06319387	0.303081256	0.102006866	0.0486285843	15.910047
2.4	0.592878973	0.00495009033	-0.510005524	-0.0369928859	0.543484638	-0.580034835	1.06830551	0.302294255	0.0833974033	0.0444362093	15.647667
2.41	0.605694894	0.00582604293	-0.512503559	-0.0362731087	0.542825002	-0.668059514	1.13549105	0.302306269	0.08163663	0.01432972	15.142802
2.42	0.618939996	0.00738367422	-0.514983792	-0.0356393661	0.542207267	-0.683364372	1.10460111	0.302299632	0.0584702988	0.0411208443	15.986523
2.43	0.632467126	0.00970508959	-0.517495138	-0.0350966399	0.541606754	-0.655572971	1.00636701	0.302133884	0.121100783	0.0405719438	15.375652
2.44	0.645832192	0.0127069532	-0.520084122	-0.034645607	0.541011324	-0.626023299	0.88346573	0.301811667	0.10120195	0.0403106894	15.271295
2.45	0.658680791	0.016194301	-0.522747455	-0.0342681002	0.540398965	-0.623287658	0.75754156	0.301483738	0.103676517	0.0401983559	14.956961
2.46	0.670948839	0.0199898071	-0.525454858	-0.0339516341	0.539627364	-0.647824759	0.623580054	0.301275345	0.118498416	0.0401686756	16.108888
2.47	0.679715026	0.021703776	-0.528193881	-0.0336881142	0.538546322	-0.688916447	0.479393938	0.301799495	0.118341614	0.0401882086	14.973131
2.48	0.685229487	0.0214331621	-0.530968735	-0.0334687316	0.537166195	-0.738966346	0.314281709	0.302665807	0.124140499	0.0402384168	16.175148
2.49	0.688210301	0.0200318329	-0.53377367	-0.0333056406	0.535450009	-0.793594193	0.110202559	0.303415547	0.112149829	0.0403119882	16.146363
2.5	0.689007182	0.0181438788	-0.536694481	-0.0333977664	0.534008739	-0.675961346	0.0693583436	0.30451627	0.0846226858	0.040404585	16.255364
2.51	0.690300065	0.0174900005	-0.539770701	-0.0336231287	0.533356088	-0.629721607	0.0286681678	0.304987005	0.0709044752	0.0326519693	16.231869
2.52	0.692679674	0.0182574249	-0.542965725	-0.0339622502	0.533253965	-0.566925503	-0.0219985609	0.30476973	0.0469351402	0.0404197496	14.574879
2.53	0.69565914	0.0200657693	-0.546222861	-0.0344185854	0.53374317	-0.517318013	-0.06518898	0.303904311	0.0661043221	0.0403726701	15.04469
2.54	0.698714232	0.0225564439	-0.549472511	-0.0349313573	0.534388346	-0.490019893	-0.0641967574	0.302731753	0.0686210213	0.0403104728	13.74812
2.55	0.701487887	0.0250445041	-0.552681707	-0.0355250402	0.535241186	-0.439774083	-0.0497533104	0.301909186	0.0498549908	0.0402388012	15.541758
2.56	0.704451941	0.0274943157	-0.555864471	-0.0361829376	0.53616592	-0.340564165	-0.00120035035	0.301558268	0.0435912131	0.0401738325	15.84867
2.57	0.708065826	0.0299307648	-0.559024103	-0.0368685073	0.537098603	-0.217115091	0.0810954709	0.301621543	0.0480305976	0.0351667037	15.601855
2.58	0.712616338	0.032384587	-0.562140629	-0.0375605169	0.538188615	-0.131358578	0.204344829	0.301964226	0.0458718304	0.0282025745	14.989294
2.59	0.718595694	0.0351855823	-0.565199536	-0.0382474955	0.539335809	-0.074409074	0.331080771	0.302389612	0.0552759878	0.0308816285	17.3163
2.6	0.726647141	0.0388099104	-0.568140437	-0.0388448774	0.539972475	-0.109643807	0.351751575	0.30262876	0.110418306	0.0400150965	16.391452
2.61	0.736930566	0.0436642455	-0.57099704	-0.0394324283	0.540583983	-0.0712716987	0.395474862	0.302934689	0.0960548659	0.0400076836	17.578882
2.62	0.747090744	0.0474854687	-0.57375439	-0.0400065656	0.541033177	0.0166481282	0.442834767	0.303653032	0.106485585	0.0147206361	14.662918
2.63	0.755972246	0.0506411365	-0.576468463	-0.0405636181	0.541439893	0.102632899	0.443030752	0.303175911	0.0517585198	0.0264365184	14.818083
2.64	0.763793177	0.0540524509	-0.579155062	-0.0411072578	0.541817105	0.201949	0.415736832	0.303215393	0.112963339	0.0565741454	13.758342
2.65	0.767060335	0.0541999873	-0.581878342	-0.0416349648	0.542134602	0.284809486	0.355832191	0.304073987	0.105046384	0.0565836782	15.81348
2.66	0.765114715	0.0507775979	-0.584619296	-0.0422321617	0.541925189	0.468051116	0.358894291	0.30614159	0.0719706868	0.0565968325	16.830345
2.67	0.763190639	0.0486602261	-0.587411977	-0.0428123192	0.541836803	0.563907571	0.340261687	0.307079527	0.0786522408	0.0538642264	13.953887
2.68	0.760069288	0.0462622233	-0.590287728	-0.0433668269	0.541833752	0.600626689	0.305020858	0.306831757	0.119600291	0.0473466841	13.806878
2.69	0.758446379	0.0460726823	-0.593188228	-0.0438898524	0.541737376	0.598537003	0.253102621	0.305729676	0.116514152	0.043805251	13.858405
2.7	0.758633006	0.0481255384	-0.596096707	-0.0443700652	0.541519037	0.563861988	0.17607078	0.30396721	0.0795593802	0.0419638315	14.942949
2.71	0.760217669	0.0511090705	-0.598991397	-0.0447802712	0.540992257	0.502697271	0.0781507665	0.302612974	0.108775412	0.04019663	16.127673
2.72	0.762183315	0.053122351	-0.601859799	-0.0451065494	0.540032013	0.429050963	-0.0355567344	0.302118707	0.133484853	0.00845400827	13.896483
2.73	0.76450417	0.0536838953	-0.604690663	-0.0453602088	0.538616225	0.384211438	-0.152108526	0.302445241	0.15970299	0.0113570248	15.20264
2.74	0.76838197	0.0541195848	-0.607460396	-0.0455315939	0.536725888	0.353589251	-0.282773475	0.303077684	0.0886264979	0.00486814768	14.274812
2.75	0.774471152	0.0557700283	-0.61026762	-0.0454638099	0.535188906	0.129975236	-0.219013427	0.303844163	0.0402948445	0.00723771151	18.011033
2.76	0.78074782	0.0568657107	-0.613192532	-0.0452818291	0.534394891	-0.10676208	-0.0689208497	0.304634654	0.108310985	0.032687295	15.196059
2.77	0.785906197	0.0575529705	-0.616179054	-0.0449470302	0.534070114	-0.447103066	0.107317599	0.304394842	0.059785366	0.0401417566	16.238018
2.78	0.788507019	0.0567004427	-0.619176284	-0.0444778356	0.534209948	-0.751401496	0.299789862	0.304206649	0.0392348411	0.040087239	15.191364
2.79	0.788053998	0.0539856227	-0.622178967	-0.0439101945	0.534655296	-1.00033296	0.464105446	0.304278061	0.0788408763	0.0400534384	15.316049
2.8	0.787846141	0.0529246109	-0.625128382	-0.0433133331	0.535114293	-1.10735045	0.619984896	0.304517238	0.0733520616	0.0400355019	14.913325
2.81	0.788612347	0.0539155376	-0.628067862	-0.0426484936	0.53579677	-1.21305737	0.706070881	0.304182299	0.0463398827	0.0400293278	15.588715
2.82	0.789757848	0.0561205575	-0.631006115	-0.0419420367	0.53680801	-1.25921933	0.756033281	0.303293951	0.0465387905	0.0300255251	15.318784
2.83	0.789883964	0.0572512986	-0.633924891	-0.0412188034	0.538046476	-1.2388282	0.795406698	0.302784605	0.0570445369	0.00415653073	16.00771
2.84	0.788899366	0.0567018766	-0.636797786	-0.040487266	0.539348812	-1.16215036	0.824134404	0.30276674	0.0374383474	0.00574772155	15.220729
2.85	0.787650604	0.0552350895	-0.63959554	-0.0397613533	0.540514204	-1.02681954	0.841820325	0.303044759	0.147477063	0.00393008227	15.948418
2.86	0.786503953	0.0532536039	-0.642323521	-0.039048856	0.541492493	-0.850255727	0.860949713	0.303482772	0.119816234	0.0136069989	16.501081
2.87	0.784901801	0.0504661085	-0.644935878	-0.038236973	0.541839438	-0.75765826	0.939620917	0.304137883	0.0864555359	0.0390028324	15.862308
2.88	0.782479668	0.0475920163	-0.647502553	-0.0374688389	0.542133235	-0.616442227	0.950025081	0.303707794	0.0808094323	0.0400198128	15.06292
2.89	0.778423404	0.0440723034	-0.650009148	-0.0367262737	0.542309454	-0.478167009	0.907582443	0.303061452	0.134750115	0.0400195485	15.354436
2.9	0.772475639	0.0397836401	-0.652466119	-0.0359984829	0.542283583	-0.362269702	0.827368113	0.30254509	0.118224211	0.04001704	15.706952
2.91	0.763824249	0.034490925	-0.654906162	-0.0352916627	0.542134932	-0.270226527	0.707816223	0.30267014	0.0490949591	0.0542475374	14.656
2.92	0.755465435	0.0307620588	-0.65732523	-0.0346128826	0.541943261	-0.206669405	0.545005479	0.303119209	0.0505971549	0.0565746039	15.477508
2.93	0.744655948	0.0262853125	-0.659753038	-0.0339535019	0.54177098	-0.169203238	0.342401298	0.303638481	0.164616829	0.0565714196	17.03459
2.94	0.730799988	0.0207479045	-0.662174724	-0.0333365663	0.541540829	-0.153759901	0.0930772283	0.304400126	0.134317437	0.0598523457	15.51549
2.95	0.714491268	0.0149658804	-0.664602945	-0.0327478024	0.541257466	-0.173832189	-0.185622113	0.305148079	0.109143365	0.0568719092	16.397901
2.96	0.69968207	0.0111497557	-0.666964554	-0.0321728182	0.540828817	-0.216402339	-0.506219513	0.305404346	0.11387178	0.0567195311	16.031171
2.97	0.683819496	0.00756928182	-0.669249456	-0.0315949897	0.540116675	-0.269009764	-0.855239206	0.305586271	0.114272018	0.0625519779	16.224653
2.98	0.666713798	0.00422279504	-0.671495626	-0.0310061848	0.53911651	-0.344715098	-1.19320924	0.306095267	0.125545567	0.0636967692	16.569311
2.99	0.653392596	0.00264638882	-0.673767107	-0.0303901938	0.537834204	-0.44629201	-1.49412547	0.304965707	0.0782967896	0.0599099768	16.892038
3	0.64412872	0.00235192005	-0.67616412	-0.0299266174	0.536884163	-0.389764931	-1.5662845	0.302611597	0.0702527581	0.0582601024	15.359839
3.01	0.638117724	0.00279757229	-0.678605691	-0.0295478043	0.536195019	-0.290275647	-1.59810679	0.298883075	0.0658517816	0.0518033516	15.145882
3.02	0.634133099	0.00335034602	-0.68098953	-0.0292142331	0.535750063	-0.21444465	-1.5209508	0.296851768	0.0609351028	0.0570065646	16.871631
3.03	0.628492111	0.00306380305	-0.6832847	-0.0289569842	0.535514393	-0.112669457	-1.38684386	0.296508671	0.0645082264	0.0591593846	17.119408
3.04	0.620735049	0.00210713021	-0.685472563	-0.0287538627	0.535515409	-0.0156451689	-1.22660059	0.297166831	0.0424152576	0.0608092502	15.591103
3.05	0.611312004	0.0010299738	-0.687527256	-0.0286029754	0.535704665	0.0566721368	-1.07414463	0.29815007	0.0572349943	0.0589508906	15.226238
3.06	0.602080355	0.00026395769	-0.689464598	-0.0284966438	0.536105148	0.127648314	-0.923054313	0.299362416	0.0571873204	0.0577464115	16.275336
3.07	0.595644386	8.10102839e-05	-0.691363745	-0.0284027899	0.536551	0.144665416	-0.717553192	0.300428191	0.058366626	0.0420700919	15.118614
3.08	0.593856587	9.72227742e-05	-0.693197509	-0.0283610486	0.537143742	0.1944915	-0.52227959	0.300829573	0.0474901101	0.0568566211	15.147949
3.09	0.596267499	8.32246732e-05	-0.695003043	-0.0283717545	0.537749234	0.279658597	-0.322279508	0.300883484	0.0779659044	0.0567192464	15.158097
3.1	0.602218938	0.000228780172	-0.696735434	-0.0283983184	0.538319606	0.350642323	-0.116511175	0.300852838	0.138063346	0.056660709	15.643332
3.11	0.611234978	0.000808580666	-0.698349675	-0.0284328427	0.538708382	0.414098445	0.0883496411	0.300897292	0.097655793	0.0566419161	15.99588
3.12	0.620116743	0.00145655996	-0.699806619	-0.0284646134	0.538737392	0.481152161	0.289012274	0.301460216	0.100291762	0.0566435229	15.589115
3.13	0.63155504	0.00263874266	-0.701161924	-0.0284817098	0.538517795	0.551126679	0.478620258	0.301716442	0.11150439	0.0566563078	13.615528
3.14	0.642408219	0.00409070871	-0.702467896	-0.0284771348	0.538090213	0.571015684	0.609341268	0.300763179	0.08630522	0.0496392277	14.049518
3.15	0.651522984	0.00499726236	-0.703723101	-0.0284365456	0.537402366	0.581354525	0.703006694	0.300435653	0.109651047	0.0566995736	18.12708
3.16	0.657794389	0.00518976425	-0.704899607	-0.0283564501	0.536464155	0.551008065	0.727519885	0.300830592	0.0985544865	0.0567224458	15.036082
3.17	0.661868302	0.00483811555	-0.706036388	-0.0282126586	0.535332375	0.450597312	0.667530483	0.301018975	0.071080602	0.056740437	14.903623
3.18	0.663004351	0.0039506067	-0.707097196	-0.0281088204	0.533650425	0.409260077	0.624769999	0.302454124	0.093600658	0.0567506674	16.72881
3.19	0.661134516	0.00257677621	-0.708177142	-0.0279595493	0.531896967	0.273763468	0.534296406	0.304938638	0.123002695	0.069434358	16.670124
3.2	0.661008965	0.00204530783	-0.709278982	-0.0277687656	0.530079291	0.0846315736	0.392018967	0.306031379	0.122210954	0.0580310443	14.504973
3.21	0.663646541	0.00238218295	-0.710434576	-0.0275498167	0.528163352	-0.141144627	0.221965688	0.305195782	0.120895985	0.0573816512	15.28
3.22	0.668794658	0.00358617672	-0.71167471	-0.0273142357	0.5261547	-0.38965136	0.0554972145	0.302802536	0.145099411	0.0570646074	14.760498
3.23	0.671384709	0.00428267992	-0.713108077	-0.0272627301	0.524841562	-0.434808202	-0.174173332	0.300840256	0.170325058	0.0551168608	18.461445
3.24	0.669272163	0.00375261516	-0.714837676	-0.027248575	0.524807436	-0.528865358	-0.244332727	0.300656119	0.0533936329	0.0588846177	16.167627
3.25	0.665926436	0.00312708432	-0.71672924	-0.0271877672	0.525421068	-0.742884433	-0.291936816	0.301217137	0.0672764113	0.0572745011	15.581223
3.26	0.659427107	0.00200964706	-0.718783539	-0.0271715948	0.526667383	-0.89372609	-0.309623345	0.302281097	0.0893193413	0.0569704113	13.989514
3.27	0.653938527	0.00145398281	-0.720932783	-0.0272038329	0.5283758	-1.00520137	-0.315552545	0.301970069	0.0646838551	0.0568051702	15.184865
3.28	0.650652693	0.00147073849	-0.723142253	-0.0272816536	0.530396866	-1.04279105	-0.307194943	0.300020536	0.0523893725	0.0567120029	15.561761
3.29	0.650189299	0.00166384999	-0.725323352	-0.0274128499	0.532472341	-1.0103714	-0.25594866	0.298962078	0.0403201792	0.0566592895	15.52573
3.3	0.650217799	0.00151948145	-0.727448685	-0.0275809102	0.534525652	-0.931888295	-0.176274542	0.299028895	0.0370118125	0.0566271829	17.852431
3.31	0.650714461	0.00116356269	-0.729534052	-0.0277849899	0.536545687	-0.805384952	-0.0782195743	0.299733669	0.0521635339	0.056605914	16.766239
3.32	0.654884601	0.0012595711	-0.731563972	-0.0279847873	0.538350949	-0.676644658	0.0423562506	0.300160444	0.116004351	0.0510954554	16.708224
3.33	0.663105858	0.00193196951	-0.733553604	-0.0281840269	0.539871885	-0.560667637	0.183914959	0.300308628	0.0948346964	0.0457776206	15.221027
3.34	0.67504459	0.00338181432	-0.73549276	-0.0283805425	0.541053406	-0.432647357	0.338245213	0.300363776	0.0385257118	0.042929143	15.000273
3.35	0.690323145	0.00585053517	-0.737374995	-0.0285723966	0.541901148	-0.297422563	0.508283006	0.300454183	0.0836567565	0.0414609789	15.072603
3.36	0.70551721	0.00815820752	-0.739194633	-0.0287572493	0.542434492	-0.156365077	0.699062202	0.30108994	0.0959995739	0.0565696841	14.943464
3.37	0.719348846	0.010354178	-0.740909374	-0.02892357	0.542749537	-0.0610819707	0.817719303	0.300565227	0.123652227	0.0565686453	16.956413
3.38	0.729252787	0.0112776226	-0.742513983	-0.0290716475	0.542861635	-0.00266897619	0.877447642	0.301058767	0.0664979681	0.0565695505	16.635162
3.39	0.734226337	0.0105449055	-0.744041816	-0.0292043498	0.542817279	0.0150760827	0.878822188	0.302828323	0.0647030509	0.0565733204	16.890699
3.4	0.734532162	0.00854544947	-0.745471605	-0.0292990723	0.542484887	-0.0265119614	0.819268179	0.305405121	0.0870336218	0.0565810077	16.804546
3.41	0.733964994	0.00715843284	-0.746826457	-0.0293591319	0.541892355	-0.0983057175	0.690702378	0.307883129	0.082541576	0.056593159	16.256554
3.42	0.734799028	0.00706089949	-0.748195883	-0.0293383563	0.540784266	-0.263160592	0.601139357	0.308599263	0.0919079078	0.0566106599	15.293721
3.43	0.732723222	0.00648771341	-0.749556469	-0.029298919	0.539624628	-0.416791076	0.462381415	0.308719317	0.125163031	0.0566330894	17.768557
3.44	0.726410112	0.00494601755	-0.750905337	-0.0292303286	0.538428067	-0.572137137	0.301045757	0.309337444	0.112960236	0.0630524239	16.726661
3.45	0.717654729	0.00326116065	-0.752309111	-0.0291446362	0.537321641	-0.712769132	0.114433161	0.30893521	0.138638891	0.05730399	14.757061
3.46	0.710672576	0.00260205582	-0.753742569	-0.0290270147	0.536224285	-0.840911302	-0.0937987059	0.30702669	0.10416813	0.05704662	16.167823
3.47	0.70618632	0.00280022372	-0.755198197	-0.0288880083	0.535052382	-0.922629183	-0.321213125	0.303756967	0.106213952	0.0569588893	16.004184
3.48	0.703977244	0.00369408013	-0.756680216	-0.0287263368	0.533663388	-0.969699803	-0.54854803	0.299633433	0.152904631	0.0569532839	17.215451
3.49	0.702032077	0.00479897916	-0.758340496	-0.0285884792	0.533232114	-0.933238493	-0.706031481	0.296322054	0.0456660073	0.0569953409	16.071656
3.5	0.699212327	0.0055895021	-0.760051148	-0.028517025	0.5332592	-0.76702593	-0.864859911	0.294420327	0.0656776016	0.0570041254	15.9169
3.51	0.692354854	0.00482777934	-0.761788124	-0.0284660305	0.533740419	-0.610718021	-0.969543337	0.294242612	0.0589721885	0.0569690026	17.08983
3.52	0.682076748	0.00309263495	-0.763540542	-0.0284084862	0.534445316	-0.50824685	-1.00290096	0.29515387	0.0665381973	0.0569344128	15.411768
3.53	0.669938772	0.00134264717	-0.765251012	-0.0283782652	0.535509829	-0.368301055	-1.03580747	0.296697558	0.0374439212	0.0695439617	16.789933
3.54	0.658593916	0.000404036466	-0.766939482	-0.0283597531	0.536761413	-0.209762903	-1.011758	0.298471964	0.0511206982	0.0581926636	15.56765
3.55	0.651890312	0.000355936	-0.768592534	-0.028365521	0.538188049	-0.0167333205	-0.949939422	0.29962713	0.0522780419	0.0574609869	13.802381
3.56	0.649229772	0.000416281387	-0.770241039	-0.0283792268	0.53976405	0.172448716	-0.848836266	0.30023543	0.0421897885	0.0570738697	16.211082
3.57	0.649624941	0.000345346274	-0.771893068	-0.0284091	0.54146577	0.352596814	-0.726872141	0.300414379	0.0546341626	0.0568673081	15.325322
3.58	0.652570916	0.000296724828	-0.773522125	-0.0284505678	0.543077182	0.536914023	-0.578131265	0.300737417	0.0597996142	0.05674997	16.778902
3.59	0.658246246	0.000418329736	-0.775088052	-0.0284140621	0.544202374	0.654539038	-0.517169508	0.301052613	0.0744922986	0.0566801534	13.974705
3.6	0.666175916	0.000869711839	-0.776632278	-0.0283826296	0.545267088	0.769698432	-0.423863955	0.301503277	0.138196841	0.0558562794	13.812294
3.61	0.673637504	0.00129491665	-0.778143559	-0.0283399379	0.546189807	0.862870062	-0.335190204	0.30229319	0.100880216	0.0566134346	14.437694
3.62	0.682790988	0.00240615369	-0.779638429	-0.0283058361	0.546998028	0.919576678	-0.299784935	0.300923407	0.0922972057	0.0565917271	16.0556
3.63	0.691967318	0.00325553947	-0.781080918	-0.0282522306	0.547482994	0.984349372	-0.253003378	0.300742088	0.105692329	0.0565777338	15.788843
3.64	0.701151575	0.00382176581	-0.782487191	-0.028181129	0.547682749	1.03197254	-0.229559696	0.30107095	0.101520838	0.0570141004	15.022527
3.65	0.709323937	0.00414295956	-0.783886802	-0.0281012047	0.547707086	1.04652417	-0.261846008	0.301524876	0.0896213895	0.0569579787	16.128722
3.66	0.715050657	0.00380377118	-0.785277635	-0.0280061474	0.547552402	1.03678775	-0.343971801	0.303091498	0.0386180902	0.0568219428	16.303512
3.67	0.717829215	0.00287226279	-0.786733579	-0.0279026609	0.547276013	1.00207691	-0.452259034	0.305580313	0.0555128814	0.0569060567	16.747862
3.68	0.720450417	0.00237608479	-0.788228445	-0.0278684143	0.546544639	1.04805528	-0.486029699	0.308628293	0.0978904296	0.0567509357	16.860324
3.69	0.721435437	0.00187756111	-0.789878429	-0.0278251595	0.545969795	1.01406577	-0.54596942	0.31004734	0.0811841004	0.0566815649	16.344547
3.7	0.723464622	0.00195707813	-0.79169081	-0.0277852601	0.545462863	0.941142027	-0.610229979	0.30966618	0.116121946	0.054326804	14.213778
3.71	0.726524344	0.00255523577	-0.793651043	-0.0277451918	0.544971835	0.84279983	-0.669149893	0.307835235	0.116833915	0.0460606256	16.452775
3.72	0.728179079	0.00299155149	-0.795743862	-0.0276978728	0.544289439	0.721771608	-0.717404783	0.305364922	0.118557303	0.0566505458	16.96156
3.73	0.729634126	0.00353806272	-0.79791608	-0.0276324777	0.543407005	0.582815526	-0.750913086	0.303803877	0.0994593191	0.0566610649	14.044321
3.74	0.731755578	0.00447937472	-0.800197158	-0.0275645946	0.542212621	0.433262959	-0.761937497	0.302026694	0.0924920733	0.0566742108	16.181486
3.75	0.732342824	0.00449443228	-0.802596995	-0.027579482	0.541091758	0.423628511	-0.805466516	0.301391929	0.059206898	0.0566910519	16.075015
3.76	0.730831466	0.00384661959	-0.805183561	-0.0275569344	0.540491765	0.346343529	-0.787648636	0.301333537	0.0671566103	0.0593338836	16.531363
3.77	0.727024481	0.00271351837	-0.807854088	-0.0274697155	0.540125369	0.191220534	-0.790851927	0.301795542	0.0824013518	0.0569843709	14.885908
3.78	0.72114151	0.00135475134	-0.81056162	-0.0273280867	0.539984325	0.0263276958	-0.806369472	0.303332922	0.0624855266	0.067612987	15.284404
3.79	0.715982664	0.000610038272	-0.813272756	-0.0271578104	0.539861245	-0.0983623805	-0.816971815	0.303920616	0.0664091505	0.0429883775	14.64998
3.8	0.712137816	0.000317944041	-0.815982563	-0.0269629421	0.539881556	-0.216326831	-0.854777138	0.302936763	0.0564326415	0.0425799244	14.564094
3.81	0.710071094	0.000275798938	-0.818663097	-0.0267352525	0.539997308	-0.316068373	-0.906488001	0.301805013	0.0471896771	0.0570970999	14.950849
3.82	0.708854528	0.00032476885	-0.821314947	-0.0264705363	0.540225404	-0.406062025	-0.955214421	0.300937021	0.0447777209	0.0568398444	16.536104
3.83	0.706643492	0.000204619501	-0.823979949	-0.0261600137	0.540504644	-0.484199546	-0.941853857	0.301147228	0.0479078543	0.0567061499	15.330202
3.84	0.706692218	0.000165128962	-0.826663748	-0.025825689	0.540820879	-0.53421502	-0.879793438	0.301574144	0.0393906179	0.0566344246	14.993775
3.85	0.707513782	0.000117632538	-0.82928127	-0.0254580528	0.540943049	-0.559938291	-0.801814949	0.302328994	0.119438018	0.0565979694	14.204748
3.86	0.711180285	0.000133366601	-0.831847531	-0.0250595102	0.540871636	-0.548504158	-0.718187728	0.302720466	0.112757188	0.0565818124	14.996098
3.87	0.717183908	0.000335935473	-0.834404242	-0.0246331168	0.540763319	-0.512704118	-0.648559364	0.302591104	0.0998265284	0.056576827	13.509595
3.88	0.723018407	0.000527812204	-0.836994236	-0.0241841162	0.540644697	-0.465984412	-0.539516763	0.302997673	0.0799672747	0.0565787778	13.561779
3.89	0.728395805	0.000777249906	-0.839591977	-0.0237973793	0.540016039	-0.342360937	-0.552421365	0.301498935	0.103134757	0.056587194	14.034602
3.9	0.733325508	0.000827306837	-0.842211025	-0.0233442218	0.539510439	-0.307052086	-0.471751694	0.301034826	0.0754162051	0.0565931754	13.924402
3.91	0.738555863	0.000776723731	-0.844840192	-0.0228454628	0.539010537	-0.311328806	-0.343833282	0.301118145	0.0876712279	0.0566108061	13.85128
3.92	0.744456875	0.000731214054	-0.847489752	-0.0223234658	0.538462314	-0.337949021	-0.189484919	0.301382161	0.0472709882	0.0510676622	16.844463
3.93	0.752150396	0.00110983215	-0.850146058	-0.0218084255	0.537812824	-0.368436166	-0.0712420238	0.301544118	0.126540264	0.0566718891	14.604037
3.94	0.75907184	0.00141102543	-0.85285714	-0.0213169979	0.537053782	-0.379510589	0.024362078	0.301764069	0.121128823	0.0527342621	17.538491
3.95	0.764739082	0.00145481585	-0.855603295	-0.0208662023	0.536087307	-0.351594826	0.0792938491	0.302124747	0.143239851	0.0472626035	13.85232
3.96	0.770640806	0.00175366883	-0.858369125	-0.0204486837	0.534855283	-0.299967894	0.089292119	0.302843311	0.0925132595	0.0568038695	14.207253
3.97	0.776319411	0.00228750852	-0.861169582	-0.0200750863	0.533307545	-0.211506028	0.0491206438	0.303955846	0.148243226	0.0568096526	15.459531
3.98	0.780228479	0.0025795558	-0.86395041	-0.0196685847	0.531011959	-0.169411684	0.020329411	0.304412654	0.118017707	0.0523904016	16.813369
3.99	0.782378341	0.00261729972	-0.866775846	-0.0193705057	0.529728602	-0.149863476	0.0216287928	0.303924513	0.0977973832	0.036797931	15.250032
4	0.783285578	0.00251649926	-0.869589968	-0.0191674552	0.529144311	-0.108200319	0.0297279587	0.302964053	0.0441786738	0.025304219	13.944668
4.01	0.781378248	0.00187308116	-0.872366684	-0.01907265	0.529065777	-0.0433940683	0.0598831159	0.303333659	0.0751102709	0.0694510606	16.800389
4.02	0.779112892	0.00144062828	-0.875101939	-0.01907769	0.529421256	0.0374217801	0.0540271941	0.304190381	0.0784669084	0.0580564188	15.715437
4.03	0.778135522	0.00141863561	-0.877795192	-0.0191665689	0.530296437	0.0763625148	0.0193136792	0.303610371	0.0397519748	0.0560076826	13.63225
4.04	0.776294465	0.00127147585	-0.880441066	-0.0193513122	0.53163945	0.114615059	-0.0367003623	0.301894458	0.0462103964	0.0485300151	16.70109
4.05	0.773419916	0.000816031137	-0.883004235	-0.019614837	0.53318606	0.177083599	-0.0748703352	0.301234404	0.0528172635	0.0443910003	13.667049
4.06	0.770605688	0.000412539826	-0.885520817	-0.0199478384	0.534873944	0.248222207	-0.0896057795	0.301226793	0.0367526649	0.0422012237	16.236333
4.07	0.767646151	0.000272558745	-0.888043867	-0.0203256939	0.53661503	0.285647559	-0.093201798	0.301265863	0.0627912283	0.0566104425	16.049735
4.08	0.763833424	0.000447279536	-0.89054636	-0.0207618082	0.538438133	0.3007204	-0.119047963	0.301523918	0.0376483507	0.0565873272	16.018794
4.09	0.758972987	0.00114429774	-0.892979026	-0.0212294806	0.540245963	0.276648912	-0.201923974	0.302166332	0.068355847	0.0565784727	17.811821
4.1	0.753063245	0.00262518214	-0.895343959	-0.0218128232	0.541532231	0.363464722	-0.213510299	0.303661261	0.123485351	0.0565764226	14.043887
4.11	0.74685246	0.00516667983	-0.897627192	-0.0224161322	0.542841562	0.392581672	-0.279393059	0.305027107	0.0891647877	0.0565825734	17.264849
4.12	0.740992293	0.00905699864	-0.899821855	-0.0230295497	0.544051472	0.386754084	-0.385388265	0.306385962	0.101455828	0.0594198037	15.202236
4.13	0.736251256	0.0145493147	-0.901978095	-0.0236589413	0.545120292	0.370342845	-0.484120084	0.307948361	0.0879913856	0.064211807	17.253526
4.14	0.733429186	0.0218069318	-0.904098699	-0.0242961516	0.546095311	0.366235705	-0.560639129	0.309742422	0.0953107765	0.0679637549	17.952906
4.15	0.73317656	0.0308417075	-0.906207123	-0.0249364663	0.54691363	0.384848613	-0.604035061	0.311779767	0.0547670177	0.0693133686	15.519827
4.16	0.735868745	0.0415207367	-0.908299528	-0.0255691406	0.547470311	0.446350612	-0.620361701	0.314029717	0.106974111	0.0693224065	13.742246
4.17	0.741632853	0.0536392285	-0.910386819	-0.0261779803	0.547866587	0.517942181	-0.617139877	0.316409129	0.0829355876	0.0693341003	14.173156
4.18	0.750318546	0.066938172	-0.912499422	-0.0267591992	0.548072357	0.596244663	-0.576147749	0.319011229	0.120334349	0.0693469218	16.359009
4.19	0.761571523	0.0810980301	-0.914616478	-0.0273165122	0.547993692	0.678429695	-0.494598873	0.321893814	0.124985083	0.0687230392	15.116364
4.2	0.770727864	0.091122666	-0.916812528	-0.0278289314	0.547617177	0.71912312	-0.422459974	0.32388145	0.119973041	0.0581652797	15.984379
4.21	0.775421535	0.0954227217	-0.919115949	-0.0282769764	0.546914992	0.704243692	-0.405821747	0.324343785	0.0998182184	0.0693816483	17.764404
4.22	0.775369536	0.094347899	-0.921513548	-0.028647103	0.545783225	0.641267572	-0.467013394	0.323214849	0.133981906	0.0693880404	17.580165
4.23	0.77132752	0.0892634495	-0.92398493	-0.0289282834	0.544180765	0.542804484	-0.614976351	0.32048847	0.0955970913	0.0693950954	16.910604
4.24	0.764276004	0.0815300277	-0.926536417	-0.0291445384	0.542136969	0.442460979	-0.815348796	0.316351869	0.0928899711	0.0684142593	17.012975
4.25	0.755274463	0.0724442213	-0.929277469	-0.0292612314	0.540923769	0.285947598	-0.948630791	0.311110389	0.0569011943	0.0627274588	16.919449
4.26	0.749279286	0.066901304	-0.932082558	-0.0292849343	0.540351687	0.152829306	-0.998928765	0.306523616	0.0686870336	0.0694048059	15.197032
4.27	0.748942262	0.0664646736	-0.934845844	-0.0291931333	0.540127857	-0.0091643528	-0.998201454	0.304218588	0.0652499073	0.0693888586	16.414802
4.28	0.754334841	0.0714254874	-0.937492887	-0.0290524796	0.539977787	-0.0396773721	-0.864442719	0.305009344	0.0993784562	0.0693662925	15.041782
4.29	0.765153809	0.0808753317	-0.940027275	-0.0287967857	0.540286207	-0.0684458263	-0.719719277	0.307786297	0.0479510852	0.0693499168	16.357086
4.3	0.780391212	0.0935945564	-0.942464936	-0.0284568445	0.540865574	-0.0868076137	-0.577578376	0.311873713	0.0667028386	0.069335356	17.243714
4.31	0.793661211	0.103126689	-0.944912853	-0.028088954	0.541581351	-0.0726635479	-0.482732483	0.315292746	0.0716511431	0.0569135359	14.225135
4.32	0.80162285	0.106823141	-0.947485654	-0.0277345627	0.542341717	-0.0645675643	-0.443749836	0.317163655	0.0737460828	0.069316428	14.524147
4.33	0.803823184	0.104726336	-0.950228955	-0.0274112907	0.543135636	-0.0642240554	-0.444997814	0.317423277	0.034153386	0.0693062231	15.383599
4.34	0.800991847	0.0982279497	-0.953134198	-0.0271297307	0.543973789	-0.0255155571	-0.473093154	0.316053037	0.0644113759	0.0693001313	15.519043
4.35	0.794333306	0.0888130754	-0.956178504	-0.0268828753	0.544690721	0.011144261	-0.514412131	0.313186731	0.114699622	0.0643993933	17.396144
4.36	0.784977631	0.0776462212	-0.959278499	-0.0265742566	0.54480919	-0.0435620897	-0.502894642	0.309284691	0.105924142	0.0605341846	15.457846
4.37	0.778641242	0.0699916229	-0.962350574	-0.0263151858	0.544701354	-0.0599435968	-0.469036994	0.305935828	0.0806165599	0.0692894129	16.950402
4.38	0.777924744	0.0675741499	-0.965286841	-0.0260996877	0.54425016	-0.0512541334	-0.382801427	0.304856754	0.0969075383	0.0692863969	15.03658
4.39	0.78310809	0.0704853564	-0.968067702	-0.02592777	0.543490521	-0.0276974379	-0.244893962	0.306433674	0.0845314586	0.0692840481	15.748032
4.4	0.793482532	0.0778514214	-0.970689061	-0.0258037969	0.542444259	-0.0173167785	-0.0786466315	0.310141495	0.0670475885	0.0692824851	14.59314
4.41	0.807899221	0.088438522	-0.973200046	-0.0257226174	0.541228249	-0.0341461668	0.117345674	0.315240111	0.10504832	0.0692820629	15.2353
4.42	0.819886032	0.095959114	-0.975815772	-0.0256937177	0.540036462	-0.101867846	0.314705422	0.319536805	0.0523184486	0.0586322455	16.710953
4.43	0.825743261	0.0978322593	-0.978667091	-0.0257031516	0.538943356	-0.247071931	0.514120256	0.321891929	0.0941564872	0.0692884066	14.258428
4.44	0.825240574	0.0938701305	-0.981670216	-0.0258310366	0.537487401	-0.296507706	0.583908207	0.322026666	0.170921305	0.0692969373	14.280621
4.45	0.819368306	0.0856678552	-0.984868016	-0.025992408	0.536142611	-0.434194356	0.634083088	0.320121011	0.103780339	0.068763081	14.920958
4.46	0.810157958	0.0749699234	-0.988224226	-0.0262015417	0.534791155	-0.583809995	0.661979261	0.316663352	0.0944743559	0.0566189459	14.547942
4.47	0.800675208	0.0636181116	-0.991661105	-0.0264892684	0.533358625	-0.696424186	0.664179476	0.312745079	0.101828891	0.06296634	15.280414
4.48	0.793644238	0.0537892423	-0.995078679	-0.026854678	0.531769293	-0.781039189	0.642485382	0.309446276	0.156052165	0.0556794762	15.701358
4.49	0.789234211	0.0468182563	-0.998481362	-0.0274259181	0.530744582	-0.681472426	0.790026044	0.307666262	0.0907059755	0.0489035999	15.637876
4.5	0.787220004	0.0424315949	-1.0017975	-0.0279567236	0.530216082	-0.701976639	1.00511678	0.306596538	0.0755185128	0.0453720638	15.652256
4.51	0.787256375	0.0399954807	-1.0050255	-0.0285374867	0.53042159	-0.682917679	1.12147951	0.305484565	0.0753507953	0.0434088734	15.531024
4.52	0.788792388	0.0389027531	-1.00817127	-0.0291906055	0.531243125	-0.638290056	1.15874157	0.304204124	0.0593820589	0.0421419339	16.521605
4.53	0.791320992	0.0385885831	-1.01122802	-0.0299213904	0.532469345	-0.566258784	1.13519609	0.302680018	0.072728219	0.0413255205	16.005251
4.54	0.794506671	0.0385976602	-1.01423056	-0.0307450818	0.533996941	-0.439864561	1.05431189	0.300813652	0.0472551134	0.0408080806	14.505972
4.55	0.799833477	0.0394030736	-1.01716957	-0.0316579061	0.535750938	-0.257157987	0.965179612	0.30003293	0.0749824569	0.0404802156	17.330445
4.56	0.806240791	0.0402856039	-1.02007363	-0.0326470686	0.537546357	-0.0329113524	0.861158787	0.299981391	0.0521545547	0.040294463	17.544743
4.57	0.812408128	0.0404342739	-1.02302043	-0.0337187255	0.539412811	0.232535319	0.781509534	0.300358802	0.0625716753	0.0401858319	16.070018
4.58	0.818821072	0.0421179053	-1.02596734	-0.0348418202	0.541095987	0.497273657	0.711464345	0.301154823	0.124147915	0.0453624049	14.265659
4.59	0.825356435	0.0450807359	-1.02888127	-0.0359882094	0.542625446	0.720192956	0.631394816	0.301939538	0.0720014519	0.0692827424	14.223692
4.6	0.829861988	0.0459272517	-1.03177245	-0.0371399314	0.543885009	0.901375601	0.55936195	0.302381	0.103310343	0.057907833	16.649879
4.61	0.831836485	0.0437786064	-1.03463198	-0.0382843921	0.544759098	1.06055001	0.514206412	0.302546439	0.124943698	0.0572287166	14.230015
4.62	0.832933134	0.0420821217	-1.03741832	-0.0394103306	0.545217746	1.19166818	0.490983301	0.302762442	0.108405255	0.0568942678	15.157769
4.63	0.831525831	0.0396215402	-1.04022484	-0.0405335935	0.545422202	1.25338092	0.454720368	0.301612535	0.0798222494	0.0424428785	15.285988
4.64	0.829884304	0.0359765026	-1.04293847	-0.0416300617	0.545191321	1.29252578	0.459143646	0.30118425	0.132018658	0.0513587327	15.077261
4.65	0.827663606	0.0304194191	-1.0456433	-0.0427149273	0.544713599	1.30024599	0.519753663	0.301025222	0.0915749479	0.0428823468	17.020236
4.66	0.825650649	0.0237301626	-1.04836911	-0.0437951671	0.543934447	1.28983481	0.625849372	0.301021703	0.113968723	0.0563092534	17.313548
4.67	0.825016017	0.0186105553	-1.05105467	-0.0448585357	0.542845188	1.26366248	0.746274405	0.301351648	0.0657390816	0.0515351856	15.207895
4.68	0.825740159	0.015050369	-1.05370268	-0.0458868863	0.541490524	1.20080859	0.851997463	0.301819492	0.130787471	0.0693116415	14.555728
4.69	0.827826889	0.0123550233	-1.05628375	-0.0468744243	0.539898493	1.10241259	0.930364803	0.302219566	0.103424214	0.0655244725	15.937119
4.7	0.830919337	0.00858077696	-1.05881119	-0.0478313559	0.538165625	0.95866116	0.948970555	0.301093034	0.124479101	0.0513322744	16.136348
4.71	0.83730973	0.0046227949	-1.06125016	-0.0487573423	0.53624609	0.807250683	0.950524783	0.299958393	0.104240172	0.058824393	16.248844
4.72	0.847462755	0.00156815869	-1.06358273	-0.0496534197	0.534124581	0.632251342	0.935206519	0.298971204	0.132612587	0.0577567756	14.826567
4.73	0.861291459	0.000103315345	-1.06580037	-0.0505259584	0.53174542	0.464604126	0.910291803	0.298269857	0.112035738	0.0572422481	17.193891
4.74	0.878476366	0.000467893148	-1.06790657	-0.0513779432	0.529018476	0.304598564	0.877321968	0.297854619	0.0669392847	0.0570089988	16.194082
4.75	0.896512402	0.002275107	-1.07008025	-0.0521850693	0.527270972	0.190524491	0.920625046	0.298369993	0.0475463449	0.0416097053	13.746161
4.76	0.912479822	0.00417884498	-1.07228996	-0.0529493344	0.526255718	0.0735257968	0.977423316	0.299167035	0.0692498462	0.0568794526	17.099388
4.77	0.925887394	0.00547671429	-1.07454359	-0.0536963033	0.525508671	-0.025900244	1.06008142	0.300244893	0.042939698	0.056824182	14.791262
4.78	0.93726734	0.00611050395	-1.0768804	-0.0543939269	0.525526325	-0.148788106	1.10575014	0.301045799	0.107140584	0.0567647556	16.281207
4.79	0.947070716	0.00625220328	-1.07928966	-0.0550115792	0.526186926	-0.282430634	1.11117573	0.301562288	0.0392769048	0.0547786418	16.485436
4.8	0.955411162	0.00601429981	-1.08175331	-0.0555615171	0.527400331	-0.416784507	1.07543974	0.301938881	0.04064031	0.0478441005	13.5525
4.81	0.962227119	0.00545822948	-1.08425155	-0.0560759024	0.529009264	-0.537164154	0.998291297	0.302302218	0.0605172491	0.0440302082	13.846044
4.82	0.96983487	0.00569072095	-1.08671436	-0.0565517723	0.530897098	-0.635644459	0.889134383	0.302402362	0.0792905794	0.0420190111	14.372992
4.83	0.975023778	0.00526205962	-1.0891811	-0.0569903013	0.532948209	-0.728813055	0.770693891	0.303623098	0.0318211523	0.0692848012	16.37546
4.84	0.977089044	0.00407163238	-1.09164786	-0.0573886916	0.535198921	-0.7926616	0.652227462	0.305598717	0.0410226241	0.0578735819	13.657837
4.85	0.976384603	0.00255420478	-1.09409449	-0.0576457316	0.53706238	-0.976915791	0.605526372	0.308106248	0.117316038	0.0572185391	14.247836
4.86	0.976817821	0.00189517264	-1.09653902	-0.0579715031	0.538590211	-0.955144816	0.405789988	0.308755484	0.0596688307	0.0568954308	15.425532
4.87	0.978736123	0.00199944484	-1.09903126	-0.0582470653	0.540161238	-0.94549708	0.211788647	0.307564528	0.099650003	0.0520137436	17.732629
4.88	0.981862598	0.00271282153	-1.1015555	-0.0584652682	0.541626685	-0.933446848	0.0312255464	0.305146316	0.0793125075	0.0463128807	15.756411
4.89	0.984891344	0.00371196318	-1.10410712	-0.0586373988	0.5428618	-0.913006259	-0.135620805	0.303110212	0.0562087152	0.0566061152	16.345322
4.9	0.984494908	0.00370818558	-1.10668499	-0.0587660807	0.543850251	-0.886781528	-0.292612855	0.302151837	0.0687482476	0.0567076779	15.401632
4.91	0.98030222	0.00260641959	-1.10927263	-0.0588486303	0.544470071	-0.853102091	-0.439355806	0.302368039	0.121296017	0.056697037	14.804048
4.92	0.973433698	0.00114664672	-1.11187678	-0.0588832842	0.54474156	-0.820925702	-0.569304117	0.303458806	0.0418931712	0.0567751516	16.198734
4.93	0.967091909	0.000385431446	-1.11451495	-0.058879228	0.544708887	-0.79245526	-0.683952725	0.304602345	0.130216601	0.0566542345	16.951625
4.94	0.962278743	0.00016438504	-1.1172525	-0.0588443807	0.544435876	-0.764415988	-0.773764478	0.303989028	0.111736552	0.0567112104	17.275838
4.95	0.958984239	0.000173763897	-1.12011271	-0.0588042103	0.543913211	-0.704053637	-0.84345462	0.301536291	0.105319241	0.0567036047	15.317396
4.96	0.95720758	0.000391574372	-1.12306152	-0.0587654772	0.543077688	-0.606602288	-0.892216205	0.297818167	0.111349988	0.0566936193	16.705656
4.97	0.957448787	0.000708122329	-1.12607103	-0.0587355785	0.541795856	-0.428520925	-0.82071064	0.296156169	0.0990420377	0.0567239289	18.141982
4.98	0.95739213	0.000772366666	-1.12912822	-0.0587043261	0.540081895	-0.229425504	-0.650307511	0.296235503	0.125462138	0.0566602155	15.465966
4.99	0.956408558	0.000570527534	-1.13224109	-0.0587002642	0.537980421	-0.0263060529	-0.449076566	0.297194324	0.106089822	0.0566638111	14.466059
5	0.954046571	0.000252276501	-1.13546367	-0.0587896943	0.536932219	0.112800489	-0.198908764	0.298172906	0.104772476	0.0566718663	14.147547
5.01	0.952149079	0.000113878499	-1.13872931	-0.0589899822	0.536574495	0.293171205	0.0217072232	0.299153263	0.0403989838	0.0568835746	16.033246
5.02	0.951462104	8.53148128e-05	-1.14202973	-0.0592371305	0.53691243	0.374065879	0.254162039	0.299624182	0.104578056	0.0567900198	16.87697
5.03	0.952647468	0.000129626844	-1.14530119	-0.0594915929	0.537486197	0.383115379	0.520229401	0.300015302	0.0673692139	0.0567061832	17.825429
5.04	0.954486606	0.000173492879	-1.14851791	-0.0597473416	0.538436075	0.360493204	0.735154966	0.300291562	0.0812415402	0.0409458658	15.034149
5.05	0.956138728	0.000172536625	-1.15163243	-0.0599944249	0.539635634	0.285212461	0.880552175	0.300409932	0.0563400793	0.0415317558	15.790357
5.06	0.957092174	0.000118452322	-1.1546106	-0.06022082	0.541004667	0.160454984	0.939832746	0.300321399	0.0474182716	0.0416104466	14.592276
5.07	0.957212047	4.97537466e-05	-1.15743657	-0.060430883	0.542410425	0.00996872344	0.902503181	0.300239044	0.0566383638	0.0412333531	15.367162
5.08	0.956676612	7.91389348e-05	-1.16011225	-0.0606294794	0.543831778	-0.142972842	0.782488822	0.300376372	0.0303151192	0.0406537614	14.386967
5.09	0.957047794	0.000208443901	-1.16269213	-0.0608119171	0.54513771	-0.287165828	0.642225315	0.300380753	0.0446371377	0.0567810824	13.968128
5.1	0.957126862	0.000513015727	-1.16516866	-0.0610749501	0.545806635	-0.261740818	0.608845493	0.301135002	0.0918770122	0.0487867357	14.643239
5.11	0.957944155	0.000549756833	-1.1675877	-0.0613451556	0.546492827	-0.272926507	0.514387172	0.300266416	0.0662332288	0.0572453583	15.04662
5.12	0.959447551	0.000611512024	-1.16991046	-0.0616113439	0.546958707	-0.240813699	0.429332829	0.300061461	0.11890991	0.0406944741	15.161887
5.13	0.96247547	0.000474014451	-1.17215673	-0.0618605568	0.54709861	-0.177936799	0.361358394	0.300150365	0.123615511	0.0557223229	14.62554
5.14	0.967321123	0.000187835625	-1.17442361	-0.0620885638	0.54700716	-0.107898144	0.322571573	0.300356463	0.120270247	0.0570569503	14.530997
5.15	0.974062582	3.6984446e-05	-1.17671199	-0.0622963042	0.546737337	-0.0192054627	0.31589997	0.30068992	0.102886535	0.0568656323	15.294809
5.16	0.980990173	0.000153670539	-1.17903362	-0.0624703737	0.546223944	0.0591097499	0.336541678	0.301527113	0.0584798773	0.056916131	14.084085
5.17	0.987662531	0.000321136396	-1.18137204	-0.06259828	0.545485487	0.0997436905	0.355961425	0.302466983	0.0454280077	0.0568596794	17.022138
5.18	0.99377591	0.000487536795	-1.18373376	-0.0626856625	0.54471055	0.0635330525	0.332187908	0.302897311	0.0959293316	0.0517799865	14.828172
5.19	0.998988611	0.000528986887	-1.18608756	-0.0627356697	0.543791058	-0.0272101998	0.273413688	0.303987362	0.117246964	0.0469846894	14.848717
5.2	1.00302505	0.000441167049	-1.18841059	-0.0627458185	0.542715967	-0.16750612	0.171881468	0.305733447	0.139549724	0.0439650569	16.174727
5.21	1.00583491	0.000341088272	-1.19074856	-0.0627441938	0.541622889	-0.321258376	0.0624019868	0.307831332	0.12834861	0.0420863823	16.321857
5.22	1.00850973	0.000354038875	-1.1931312	-0.0627350498	0.540462435	-0.466645679	-0.0440073607	0.308487983	0.117764438	0.0577145104	14.134636
5.23	1.0112829	0.000417280774	-1.19556204	-0.0626967607	0.53915576	-0.619419129	-0.150251366	0.307273659	0.115397888	0.0643632689	15.023914
5.24	1.01433755	0.000674757383	-1.19797369	-0.0626325158	0.537678274	-0.751985966	-0.249681135	0.304529273	0.101367779	0.0566573153	15.068789
5.25	1.01591739	0.000818235675	-1.20031336	-0.0626936404	0.536550939	-0.692521739	-0.465086395	0.302031489	0.0564372671	0.0566574567	16.818197
5.26	1.01515736	0.000613276572	-1.20270989	-0.0627296667	0.536264043	-0.654994884	-0.592334276	0.300958568	0.0795167681	0.0505299968	14.239289
5.27	1.01293101	0.00035400922	-1.2051186	-0.0627322645	0.536077478	-0.674697453	-0.681948705	0.30106113	0.054690717	0.0453805985	15.914745
5.28	1.01005317	0.000451236612	-1.20757297	-0.0627309985	0.536458536	-0.670469841	-0.716580482	0.301749334	0.119574989	0.0428123563	16.827434
5.29	1.00763734	0.000770633186	-1.21008266	-0.0627212696	0.53729408	-0.677014753	-0.722659572	0.301034535	0.0921845783	0.0583935333	14.419076
5.3	1.00602386	0.000980596388	-1.21258473	-0.0627083345	0.538362268	-0.696766759	-0.719350589	0.299711701	0.0412651672	0.060364208	16.411308
5.31	1.00453462	0.000928045847	-1.21511704	-0.062691703	0.539601677	-0.703450475	-0.723204527	0.296941811	0.0562825142	0.0567354151	14.52634
5.32	1.00407057	0.0010263048	-1.21759075	-0.0626525031	0.540781308	-0.647795139	-0.647535942	0.295768516	0.0522906001	0.0409935415	14.259401
5.33	1.00504967	0.000957332068	-1.22000824	-0.0626096062	0.541904843	-0.530868778	-0.528338729	0.295338899	0.0520410494	0.0566662386	14.185835
5.34	1.00744323	0.000666640056	-1.22235193	-0.062572185	0.542943152	-0.367408684	-0.392635867	0.295279852	0.0463505777	0.0566364029	14.282155
5.35	1.00963628	0.000570350438	-1.22464496	-0.0625357406	0.543806268	-0.215802243	-0.234179226	0.295752053	0.141356063	0.0568731953	13.815079
5.36	1.01132039	0.000642666931	-1.22688577	-0.0625098007	0.544529468	-0.0868079703	-0.0701481363	0.296425591	0.0963494828	0.0567574615	13.992213
5.37	1.01271805	0.000810697198	-1.22903783	-0.0625003178	0.545090111	0.0177263092	0.062957087	0.296921939	0.0994617331	0.0567115808	14.278678
5.38	1.01411135	0.00109942883	-1.231107	-0.0625338296	0.545520278	0.0984717111	0.141914736	0.297425195	0.114311869	0.0696118494	15.674666
5.39	1.01613092	0.000995338644	-1.23317176	-0.0626211227	0.545873014	0.140672646	0.198164486	0.297119319	0.105478473	0.0591816673	15.208214
5.4	1.0188754	0.000532487051	-1.23526284	-0.0627807134	0.54610883	0.159299827	0.240429034	0.295957676	0.0808511415	0.0602477607	17.147106
5.41	1.02312759	0.000140696034	-1.23735592	-0.0630151458	0.546096433	0.203589418	0.310521401	0.295454056	0.0894168175	0.0578346074	16.221014
5.42	1.02715349	4.72431334e-05	-1.23941999	-0.0633406001	0.545830454	0.276211188	0.345399747	0.295576135	0.0687292676	0.0572870229	13.600842
5.43	1.03012847	4.75819106e-05	-1.24147087	-0.0637564828	0.545334591	0.331303416	0.333835278	0.29639539	0.123867236	0.0568759509	13.820314
5.44	1.03202399	0.000108355366	-1.24349538	-0.0642596274	0.544598487	0.370584053	0.267919903	0.298179673	0.105522386	0.0567383652	14.425214
5.45	1.03316761	0.000452670495	-1.24555723	-0.0648537513	0.543663891	0.368695793	0.170720843	0.300690177	0.12234804	0.0566981557	14.761677
5.46	1.03462481	0.000768993865	-1.2477013	-0.0655386497	0.542631624	0.346529056	0.0298101972	0.301918532	0.144553392	0.0596905411	14.907217
5.47	1.03611341	0.000677186505	-1.24986332	-0.0662216592	0.540980857	0.242145119	-0.0999492935	0.301570312	0.136403011	0.0570302319	17.007419
5.48	1.03783636	0.000298157556	-1.2520757	-0.0669823832	0.539084389	0.181440713	-0.290191759	0.29962405	0.117247622	0.0567546537	17.005812
5.49	1.04016166	2.22962866e-05	-1.25432054	-0.0677999859	0.536878415	0.14003628	-0.500707948	0.296757509	0.0504534814	0.0576397824	14.9268
5.5	1.04141014	1.80293127e-05	-1.25659833	-0.0688498801	0.53495472	0.241876732	-0.500964849	0.296111315	0.0729322442	0.056573581	15.538197
5.51	1.0412966	5.84095085e-06	-1.25895408	-0.0699723905	0.533751191	0.299313521	-0.471874625	0.296539053	0.0469859341	0.0566009363	15.224009
5.52	1.04026986	0.000144822915	-1.26132601	-0.0711916092	0.532773802	0.401761177	-0.462589737	0.298066388	0.0374209951	0.0566292868	14.843521
5.53	1.03899316	0.000866301647	-1.26368326	-0.0724582774	0.532323675	0.450172558	-0.432487443	0.300223779	0.0727001289	0.0566304087	16.645171
5.54	1.03844357	0.00196254375	-1.26606033	-0.073758039	0.53233562	0.470260249	-0.39277336	0.301623871	0.0555481577	0.0616613609	14.726166
5.55	1.03830719	0.00352784206	-1.26849023	-0.0750846725	0.532769752	0.484663417	-0.297516847	0.30283494	0.0514897543	0.0693196237	15.782565
5.56	1.03820787	0.00410669449	-1.27098249	-0.076422593	0.533494547	0.468926392	-0.190786837	0.302240135	0.0815250647	0.0615206742	13.834335
5.57	1.03931378	0.00384827455	-1.27345663	-0.0777599198	0.534448861	0.479370322	-0.050146031	0.30186335	0.0502214625	0.0590391519	14.152783
5.58	1.04152543	0.00293680826	-1.27590191	-0.0790569326	0.535385667	0.458259709	0.129433248	0.301726508	0.0670282413	0.0577908935	13.932096
5.59	1.04555699	0.00183574226	-1.27827094	-0.080264382	0.53604891	0.398750377	0.186998758	0.301635938	0.0719249126	0.0571711075	13.889083
5.6	1.05077007	0.000844469662	-1.28061751	-0.0814847494	0.536872437	0.40078693	0.291747307	0.301842478	0.115973449	0.0568785964	15.854945
5.61	1.05738906	0.000235282086	-1.28288451	-0.0826918751	0.537633613	0.430534338	0.395117437	0.302168513	0.0929839233	0.05677449	17.594705
5.62	1.0639148	0.00015448796	-1.28509675	-0.0838755845	0.538322817	0.463309563	0.491810695	0.302828245	0.130901296	0.0566396675	17.458287
5.63	1.06996182	0.000243293551	-1.28727472	-0.0850238991	0.538891324	0.479387354	0.569186767	0.303485272	0.0692377746	0.0566164521	16.372888
5.64	1.07538543	0.000339312346	-1.28942042	-0.0861504313	0.539407544	0.461493506	0.607468871	0.303932856	0.1062017	0.0566258569	14.577013
5.65	1.07984646	0.000305702445	-1.29153579	-0.0872864623	0.539813328	0.4548835	0.647608466	0.305343449	0.145686434	0.0566413261	15.17704
5.66	1.08282105	0.000207522255	-1.2935819	-0.0884929059	0.539700652	0.556967895	0.750804224	0.308040042	0.0969910188	0.0566426235	14.216927
5.67	1.08474257	0.000274243406	-1.29562957	-0.0897056447	0.539754561	0.593389178	0.793907661	0.31084963	0.0747171589	0.0566594602	17.105441
5.68	1.0862036	0.000623363955	-1.2976897	-0.0909109364	0.539842181	0.583617027	0.785595507	0.312575514	0.109746156	0.0621716292	16.283166
5.69	1.08778314	0.000776606427	-1.29979662	-0.0921046602	0.539897516	0.523698239	0.725489178	0.312262253	0.130280356	0.0579235016	18.485921
5.7	1.08938275	0.000551610942	-1.30194635	-0.0932928177	0.539865492	0.447028028	0.622515485	0.310001501	0.0948488183	0.0572239698	17.077135
5.71	1.09154735	0.000255622483	-1.30411537	-0.0944657694	0.539708433	0.390280952	0.502247819	0.306820509	0.122950744	0.0700440911	20.307521
5.72	1.09392315	0.000169575665	-1.30630086	-0.0956033199	0.539247136	0.356457382	0.375000293	0.30336944	0.122535759	0.0446542732	18.80336
5.73	1.09560628	0.000178056719	-1.30841634	-0.0967114102	0.53833133	0.361830044	0.240898057	0.301192316	0.151715587	0.060943011	19.155797
5.74	1.09624419	0.000153028059	-1.31041669	-0.0977867119	0.536898356	0.390958955	0.0689803671	0.300529404	0.0789819367	0.0587129685	20.668746
5.75	1.09565018	0.000309030856	-1.31248155	-0.0986448004	0.535814336	0.231034021	0.0744125445	0.301382805	0.0778195073	0.0576499391	19.929355
5.76	1.09536914	0.00055468819	-1.31462962	-0.099416236	0.535435782	0.105263545	0.0811059876	0.301172631	0.0344989461	0.0572776074	18.969748
5.77	1.09552809	0.000537705041	-1.3168514	-0.100062642	0.535524214	-0.0667484857	0.0550765488	0.299246258	0.0697097242	0.0571183324	20.941479
5.78	1.09602397	0.000295564259	-1.31913809	-0.100609193	0.536139955	-0.162230711	0.0350420927	0.296031106	0.0465038089	0.0569497245	21.58238
5.79	1.0961975	0.000291027259	-1.32136317	-0.101116746	0.536865529	-0.122223888	0.0788271059	0.294726727	0.0447108299	0.0566602795	19.89288
5.8	1.09575588	0.000552241796	-1.32348629	-0.101537474	0.537829189	-0.0653786559	0.0906758459	0.294513312	0.0557648724	0.0565987617	20.421307
5.81	1.09537817	0.00131682284	-1.32553061	-0.101878921	0.538800913	0.0104439923	0.0820066872	0.295239066	0.0865411099	0.0692821736	20.811735
5.82	1.09617574	0.00191458722	-1.32749831	-0.102174229	0.5398917	0.145569015	0.0917507853	0.295927462	0.0595314852	0.0408003875	21.505402
5.83	1.09823618	0.00193404509	-1.32943593	-0.102402777	0.540943283	0.266891889	0.127456328	0.296559297	0.0318831122	0.0579424788	24.11047
5.84	1.10138846	0.00142111541	-1.3313267	-0.102588869	0.541989416	0.430564955	0.183553331	0.297135721	0.0787179004	0.0572487045	22.278284
5.85	1.10561554	0.000720641786	-1.33317705	-0.102741144	0.542787415	0.584646893	0.278724277	0.297775548	0.106381297	0.0568804522	22.065706
5.86	1.10976572	0.000403651623	-1.3349642	-0.102869248	0.543265098	0.724892278	0.400666984	0.298889079	0.0785988104	0.0693238647	23.011488
5.87	1.11355829	0.00029088435	-1.33668312	-0.102998083	0.543395935	0.886797042	0.524587844	0.300178902	0.106371326	0.0693016987	21.576821
5.88	1.11843004	0.000140578879	-1.33835931	-0.103133838	0.543242058	1.03644739	0.641619772	0.300379533	0.110964362	0.0538533551	19.457973
5.89	1.12356909	0.000234073837	-1.33996467	-0.103283788	0.542819755	1.19010916	0.733119774	0.299836667	0.117912696	0.0638796964	19.541756
5.9	1.12861863	0.000400377995	-1.34146002	-0.103455018	0.542219582	1.34213009	0.7943951	0.300320292	0.0606358006	0.0603095008	23.473942
5.91	1.13265897	0.000384019003	-1.342835	-0.103626793	0.541524946	1.44115416	0.822606778	0.302149833	0.108674567	0.058487986	19.525038
5.92	1.13533736	0.000212624982	-1.34412602	-0.103803824	0.540789642	1.49875766	0.803525302	0.304916989	0.0723456426	0.0575879104	20.461015
5.93	1.1382552	0.000174082107	-1.34540536	-0.103993638	0.54002707	1.51566975	0.748318144	0.306522639	0.117994426	0.0579325998	22.798761
5.94	1.14140308	0.000206439679	-1.34665877	-0.104136415	0.538815533	1.42989258	0.741793251	0.307954462	0.130125265	0.0694588675	21.781971
5.95	1.14388966	0.000284858304	-1.34792734	-0.104310939	0.53749869	1.38124234	0.709640842	0.308528644	0.0763883122	0.0577497814	21.312655
5.96	1.14490327	0.000312346216	-1.34921216	-0.104501045	0.535927922	1.33598897	0.657829207	0.308052949	0.100938861	0.0601831155	22.082793
5.97	1.14480157	0.000194912511	-1.35046379	-0.104702773	0.534034752	1.29444849	0.59775469	0.308714444	0.153996161	0.0693213515	19.602069
5.98	1.14516242	0.000188371822	-1.35171965	-0.10490599	0.53179537	1.24288421	0.517267421	0.308687986	0.126546152	0.0614326915	22.334407
5.99	1.14654833	0.00031539129	-1.35299969	-0.105116554	0.529123218	1.20758318	0.445563726	0.308161552	0.100100986	0.0698404368	23.088807
6	1.1490075	0.00074231952	-1.35445197	-0.105417928	0.527371853	1.21508695	0.443894036	0.306832341	0.06190478	0.058882311	21.471977
6.01	1.15047587	0.00105818121	-1.35594677	-0.105769119	0.526312431	1.24161535	0.479128435	0.306081991	0.0690486932	0.0642734623	25.880374
6.02	1.15014793	0.000916788747	-1.35750721	-0.106179607	0.525699553	1.32603689	0.493463882	0.306325985	0.0680392696	0.0603958284	21.418238
6.03	1.14812648	0.000467289127	-1.35911196	-0.106595169	0.525554643	1.35729054	0.483762113	0.307364271	0.0388316278	0.0584642391	20.566031
6.04	1.14646787	0.000276537076	-1.36077222	-0.10698122	0.525817973	1.31798298	0.469196527	0.308150826	0.0487818631	0.0586079436	22.208025
6.05	1.14543757	0.000267037179	-1.36251746	-0.107360557	0.526626305	1.28959791	0.418829963	0.307243644	0.0452288011	0.0571834701	22.49963
6.06	1.1453049	0.000335308269	-1.36436748	-0.107733484	0.52797674	1.24228726	0.356852708	0.305120938	0.0575055419	0.0694529361	19.738857
6.07	1.14464452	0.000370531816	-1.36633037	-0.108098117	0.529769262	1.16939501	0.29222124	0.302096573	0.0321624594	0.0594388469	22.529542
6.08	1.14358067	0.00029227864	-1.36833223	-0.108443149	0.531830181	1.0784002	0.229908763	0.300600893	0.0378428071	0.0579284415	22.81564
6.09	1.14221713	0.000351001142	-1.37035637	-0.108759592	0.534022187	0.981218894	0.123695385	0.300031851	0.0486666234	0.0572402266	20.033482
6.1	1.14160271	0.000597416862	-1.37231087	-0.109092687	0.535705123	0.976180014	0.0980133408	0.300439897	0.11716886	0.0695245608	21.899118
6.11	1.14199348	0.00120748046	-1.37426725	-0.109276491	0.537087509	0.801974234	-0.0197892789	0.301195341	0.103010799	0.0693419229	21.160783
6.12	1.14388939	0.00166925737	-1.37630333	-0.109404626	0.538494327	0.675030484	-0.0876888331	0.301847315	0.117223194	0.0592850585	21.640069
6.13	1.14708266	0.00156959702	-1.37840185	-0.109479353	0.539710097	0.57409544	-0.122048813	0.302214744	0.0754313781	0.0579286669	23.433657
6.14	1.15146144	0.00105187416	-1.38056602	-0.109495228	0.540663981	0.504767318	-0.129309845	0.302441547	0.0919932889	0.0572423182	21.435127
6.15	1.15705177	0.000467536638	-1.38278867	-0.109461796	0.541269982	0.474215242	-0.108067299	0.302662103	0.102055785	0.0568944288	22.007636
6.16	1.16384529	0.000168256834	-1.38502122	-0.109369114	0.541464206	0.473223621	-0.0867076197	0.303009978	0.111295626	0.0637258068	21.063698
6.17	1.17053773	0.000197081673	-1.38730849	-0.109230368	0.541306812	0.514669259	-0.0397883415	0.303770619	0.054178601	0.059212642	21.574778
6.18	1.17650885	0.000381854466	-1.38968737	-0.109043774	0.540938873	0.532348896	-0.0342170636	0.302992255	0.0985648479	0.0579954834	20.377623
6.19	1.18249928	0.000556769273	-1.39211977	-0.108810381	0.54030227	0.560746412	-0.031103745	0.302686998	0.0992914564	0.0573743175	24.794399
6.2	1.18820274	0.000626726407	-1.39458198	-0.108528368	0.539471673	0.575604658	-0.070659503	0.303018276	0.0907819567	0.0570811657	24.813615
6.21	1.19292653	0.000496169331	-1.39707004	-0.108206502	0.538339087	0.610365401	-0.138140611	0.304600379	0.121545751	0.0569389911	23.606784
6.22	1.19811227	0.000550490079	-1.39959217	-0.107868364	0.536932005	0.673019556	-0.230411711	0.305553077	0.082790891	0.0569449915	21.716617
6.23	1.20413881	0.000923087986	-1.40214251	-0.107511713	0.535291795	0.752577007	-0.356972232	0.305162056	0.127170438	0.0572958998	23.591778
6.24	1.21117809	0.00184926435	-1.4046976	-0.107137406	0.53341791	0.849850661	-0.508744098	0.3035256	0.0793824239	0.0573301957	22.736302
6.25	1.21669189	0.00252679196	-1.40721347	-0.106755757	0.531302175	0.971783809	-0.666272619	0.302667193	0.0805093617	0.0567838838	20.9643
6.26	1.21937387	0.00227950669	-1.4097785	-0.106268122	0.529353627	0.920947517	-0.690608888	0.30378169	0.0545164747	0.0702026158	23.105209
6.27	1.21969519	0.00143093557	-1.41240764	-0.105810577	0.528028434	0.857531607	-0.7046913	0.30576111	0.0615954917	0.0581749259	22.221656
6.28	1.21851799	0.000594891255	-1.41506377	-0.10535284	0.526718187	0.736711816	-0.698613089	0.308184707	0.0505958494	0.0573190366	22.018936
6.29	1.21783785	0.000327647153	-1.41777058	-0.104874919	0.526075964	0.58425399	-0.686889392	0.308795847	0.051186301	0.0575349972	22.736256
6.3	1.21771469	0.000288426533	-1.42053955	-0.1043597	0.526041069	0.405217989	-0.682448183	0.30722289	0.0472993477	0.057098945	21.984756
6.31	1.21816136	0.000401834268	-1.42334543	-0.103808584	0.526499325	0.217079102	-0.680907426	0.303915258	0.0318972679	0.0568123296	20.946827
6.32	1.21939445	0.000815629437	-1.42617107	-0.103231036	0.527356497	0.0504883764	-0.673986023	0.299570907	0.0802308008	0.0570645467	23.113317
6.33	1.21960581	0.000897615764	-1.42895996	-0.10263025	0.528535582	-0.0721856251	-0.651667408	0.297157789	0.0327718369	0.0567287402	23.636705
6.34	1.21810754	0.00052548631	-1.43175187	-0.102011845	0.530076228	-0.189099004	-0.622660682	0.296154697	0.0535353583	0.0566387739	21.468159
6.35	1.21580461	0.000135266494	-1.43440804	-0.10145266	0.531255788	-0.214605827	-0.738695979	0.296049677	0.120736042	0.0566282116	23.410313
6.36	1.21453864	0.000134751243	-1.43706268	-0.10074363	0.532160256	-0.406700269	-0.69897318	0.296397611	0.0859175122	0.0565981858	21.206524
6.37	1.21514466	0.000225880125	-1.43968796	-0.100046132	0.533107098	-0.518451064	-0.632671773	0.296939776	0.124508732	0.0567036439	21.094105
6.38	1.21741726	0.000184875736	-1.44225712	-0.0993647891	0.533928267	-0.561608225	-0.553441532	0.297522582	0.0786091433	0.056786305	20.001869
6.39	1.22114915	8.70382186e-05	-1.44475684	-0.0987250509	0.534475219	-0.527279162	-0.470632232	0.298264972	0.111824939	0.0725707498	20.893956
6.4	1.22628003	0.000141302293	-1.44718714	-0.0981540882	0.53470789	-0.410986343	-0.397538153	0.299170981	0.0996569192	0.0571036517	22.183819
6.41	1.23126715	0.000300122985	-1.44958323	-0.0976550136	0.534563792	-0.249316612	-0.317546593	0.300613395	0.0794339103	0.0577738623	21.886669
6.42	1.23584673	0.000404841955	-1.45195898	-0.0971973639	0.534045959	-0.0847484241	-0.227106746	0.302202523	0.102847955	0.0571310508	23.103658
6.43	1.23993242	0.000568846373	-1.45435481	-0.0967639291	0.533303504	0.0307508741	-0.180136145	0.302042058	0.0962674959	0.0568346388	25.45538
6.44	1.24356122	0.000607686027	-1.45673426	-0.0963510073	0.532402102	0.0905103196	-0.150432333	0.30249385	0.0786602104	0.0566810478	23.336055
6.45	1.24615614	0.000421351413	-1.45908244	-0.0959331889	0.531365643	0.0846378079	-0.137466413	0.304165615	0.0853430161	0.0567907225	23.017841
6.46	1.24913172	0.000391757903	-1.46144981	-0.095494848	0.530343424	0.0156601462	-0.149031997	0.305042402	0.100220539	0.0602790923	20.663169
6.47	1.25272178	0.000466310319	-1.46377868	-0.0950455106	0.529292825	-0.0720419058	-0.187741595	0.306286276	0.143395215	0.08	21.446094
6.48	1.25517524	0.000449451735	-1.46607275	-0.09455774	0.528143786	-0.196274577	-0.267942109	0.306472993	0.146933216	0.0595925695	22.88587
6.49	1.25803241	0.00061961315	-1.46828593	-0.0940143742	0.526823177	-0.329275338	-0.407449796	0.305284697	0.0641654387	0.0575122705	22.418199
6.5	1.25957526	0.000610502813	-1.47058663	-0.0936033786	0.526567667	-0.408613239	-0.479727168	0.304555938	0.152124128	0.0696444686	21.206203
6.51	1.26110745	0.000740608468	-1.47291296	-0.0932391773	0.526811092	-0.528174115	-0.483435527	0.303381299	0.0484391056	0.0694598624	20.740568
6.52	1.26140246	0.000601292001	-1.47520055	-0.0930233789	0.527532744	-0.450468356	-0.521317396	0.302976608	0.0433242067	0.0587474971	21.450913
6.53	1.26032065	0.000246807635	-1.47740565	-0.0928879081	0.528764199	-0.385223252	-0.580989795	0.303565712	0.0573288381	0.0576219281	24.699669
6.54	1.2598489	0.000121925632	-1.47950421	-0.0928181303	0.530333378	-0.298501425	-0.637050762	0.305033355	0.071275484	0.08	21.708188
6.55	1.25956818	0.000215007808	-1.48161063	-0.0928642648	0.532296973	-0.169875291	-0.666576709	0.305876138	0.0810703123	0.0580965142	21.721628
6.56	1.25968205	0.000446174624	-1.48373313	-0.0930342888	0.534538486	-0.000521532138	-0.648876009	0.306104059	0.0724413214	0.0572354992	21.189417
6.57	1.26050113	0.000708633253	-1.48583343	-0.0933103721	0.53688799	0.17820895	-0.581130017	0.306301826	0.0557122799	0.0576045601	21.509506
6.58	1.26212143	0.000969349306	-1.4878628	-0.0936982326	0.539311946	0.379573045	-0.471306243	0.306827637	0.0534181045	0.0594818089	22.049203
6.59	1.26446561	0.00123820426	-1.4898102	-0.0941870406	0.541691773	0.626538352	-0.331730348	0.307716585	0.0277269645	0.0636068875	19.933452
6.6	1.26787223	0.00152856056	-1.4916284	-0.0946342637	0.543365395	0.72450782	-0.248021012	0.308800629	0.120594916	0.067820467	19.599552
6.61	1.27201252	0.00182335602	-1.4933547	-0.0951191561	0.544933787	0.815153119	-0.0977720123	0.310366643	0.148509569	0.0622880734	22.424514
6.62	1.2771387	0.00205466598	-1.49502214	-0.0956278528	0.546241087	0.886643107	0.107414618	0.312381066	0.129680911	0.0594956814	22.079278
6.63	1.28345958	0.00216478212	-1.49660738	-0.0961489794	0.547192897	0.945822882	0.350433055	0.314805235	0.0683762269	0.0583486748	21.858274
6.64	1.29121005	0.00212161989	-1.49810286	-0.0966754627	0.547749023	0.992354508	0.61311481	0.317591451	0.106652753	0.0581907638	21.114066
6.65	1.30066434	0.00192184497	-1.49949088	-0.097193415	0.547843536	1.01180459	0.872497761	0.320684156	0.090991774	0.0581617321	19.434998
6.66	1.31208475	0.0015921654	-1.50077445	-0.0977092472	0.547477094	1.01203781	1.12009371	0.324064615	0.0873727568	0.0580186894	24.110217
6.67	1.32615566	0.000860572041	-1.50197348	-0.0982238124	0.546618901	0.995119649	1.34630636	0.327547191	0.0566033827	0.0457780323	20.163718
6.68	1.34351114	0.000193902204	-1.50311331	-0.098731059	0.545381197	0.936347959	1.54536239	0.331365344	0.104157447	0.0566828711	22.705499
6.69	1.36463027	0.000395378227	-1.50417357	-0.0992223116	0.543764488	0.82766249	1.7242368	0.335553706	0.0878877017	0.0572402261	21.215946
6.7	1.3896974	0.00204289642	-1.50512741	-0.099706447	0.54180959	0.705922253	1.91047611	0.34017102	0.135047795	0.050165588	22.605288
6.71	1.41878369	0.00540148291	-1.50592569	-0.100137642	0.539414832	0.518340433	2.08976444	0.345133893	0.130181167	0.0583865839	24.156718
6.72	1.45183032	0.0105640186	-1.50656584	-0.10047805	0.536586173	0.235142212	2.24922166	0.350344596	0.0957475786	0.0571184465	21.904598
6.73	1.48855588	0.0174753138	-1.50704894	-0.100829632	0.533841124	0.0203482478	2.25851606	0.355448443	0.144101922	0.0447168736	21.716828
6.74	1.52877927	0.0262972773	-1.50742212	-0.101230204	0.531146221	-0.120856755	2.14780069	0.360331304	0.0878786658	0.0414040804	23.236552
6.75	1.57220066	0.0374657057	-1.50773791	-0.101801656	0.52833335	-0.0191230201	1.99278143	0.365127286	0.0846382063	0.0560386577	23.073336
6.76	1.61798623	0.0507729835	-1.50815977	-0.102392461	0.526483345	0.000309312298	1.94555976	0.370120805	0.0321541154	0.059054397	23.270173
6.77	1.66159515	0.0617045421	-1.50866762	-0.103024318	0.525387002	0.0418012155	1.96746451	0.376162424	0.0501852167	0.0693187935	21.500897
6.78	1.70175027	0.0686652988	-1.50929954	-0.103686727	0.524807821	0.0693545041	2.00733623	0.383125454	0.0527251663	0.0693214853	22.255462
6.79	1.73866623	0.0721091923	-1.51002691	-0.104407316	0.524837108	0.171269286	2.04918439	0.390589705	0.0431741793	0.0692862286	20.965722
6.8	1.77296057	0.0731859696	-1.51085452	-0.105212364	0.525433404	0.323906527	2.08940279	0.398033198	0.0539776224	0.0693196945	21.218779
6.81	1.80988204	0.0792169904	-1.51187473	-0.106092062	0.526638372	0.517432782	2.08632646	0.40329482	0.0598175157	0.08	22.069106
6.82	1.84982012	0.0919622002	-1.51300041	-0.106854469	0.527817951	0.522932359	2.0872648	0.406273872	0.0662063574	0.0781168637	22.231206
6.83	1.88582826	0.103141177	-1.51426086	-0.107618069	0.529429739	0.501310036	2.00949942	0.408895201	0.0359633197	0.0727410562	21.396492
6.84	1.91546764	0.109046108	-1.51559942	-0.108376782	0.531156073	0.435646614	1.88288121	0.411895219	0.056441001	0.0724795617	22.498488
6.85	1.93892915	0.109505399	-1.5170277	-0.109111239	0.533008679	0.309905767	1.73696139	0.415219254	0.101746989	0.0698217531	20.041895
6.86	1.9569861	0.105746079	-1.51857173	-0.10985901	0.534931488	0.223360559	1.56201273	0.418741131	0.1071727	0.0742529056	19.884358
6.87	1.97041096	0.0990651184	-1.5202418	-0.110597386	0.53685198	0.0937424037	1.36373875	0.422269379	0.101324089	0.0799999999	21.552788
6.88	1.97980174	0.0905320186	-1.52204914	-0.111299477	0.53876805	-0.116580531	1.1644835	0.425707102	0.0696089425	0.08	21.748931
6.89	1.98565444	0.0810939524	-1.52401723	-0.11200623	0.540658088	-0.242338242	0.974082256	0.428952208	0.0733968407	0.08	20.81672
6.9	1.9885002	0.0714263944	-1.52612135	-0.112736444	0.542451641	-0.205017552	0.789470045	0.431874644	0.090353324	0.08	20.321858
6.91	1.99337724	0.0672586421	-1.52841963	-0.113496775	0.544011985	-0.0160193097	0.584363611	0.433336363	0.0695938336	0.08	21.669416
6.92	2.00098699	0.0690271691	-1.53096623	-0.114282351	0.545306495	0.264536207	0.391187317	0.433308659	0.0596026413	0.0800000001	22.919672
6.93	2.00571244	0.0701692475	-1.53362203	-0.115101719	0.546345845	0.637306662	0.221111444	0.433110381	0.109229275	0.0800000001	21.871843
6.94	2.00518053	0.0677538054	-1.5363521	-0.115888785	0.547237691	0.880851308	0.126552934	0.433342025	0.0985691637	0.08	21.157575
6.95	1.99918736	0.0613418611	-1.5390896	-0.116669798	0.547521491	1.01911898	-0.0146507421	0.433992216	0.093357881	0.08	21.760614
6.96	1.9886746	0.0523900589	-1.54193165	-0.117363209	0.547823953	0.91825234	-0.0488482817	0.434976349	0.108894677	0.0568818996	22.144146
6.97	1.97451594	0.0428447525	-1.54488446	-0.117976818	0.547936221	0.713646026	-0.0463370781	0.435787937	0.117270292	0.0705529825	20.815211
6.98	1.95681376	0.0336845666	-1.54794979	-0.118533233	0.547719156	0.52389019	-0.0520224023	0.436194032	0.122177208	0.0782074151	21.542036
6.99	1.93527633	0.0251664149	-1.55114492	-0.119064846	0.547165523	0.418832185	-0.0985201265	0.436128755	0.0759969192	0.0782500093	21.837619
7	1.90966709	0.0171722099	-1.55445332	-0.119482312	0.546701497	0.304006065	-0.289873015	0.435504145	0.0642374425	0.07194311	22.864643
7.01	1.88028225	0.0102037291	-1.55789811	-0.119893404	0.546767493	0.262351986	-0.438980111	0.434557411	0.0649592157	0.0693929687	23.67656
7.02	1.85029797	0.00591121769	-1.56152859	-0.120294142	0.547047882	0.206177071	-0.517903394	0.432783371	0.063021529	0.0699494696	20.654575
7.03	1.8193749	0.0035130532	-1.56532858	-0.120648957	0.547371416	0.0959466641	-0.600911055	0.430226079	0.0910909169	0.08	21.941516
7.04	1.78670759	0.00204564546	-1.56919532	-0.120958586	0.547634529	-0.0912867326	-0.725750767	0.426828945	0.0963522851	0.08	20.127825
7.05	1.75247378	0.000994774885	-1.5730691	-0.121190451	0.547864842	-0.368132953	-0.869654255	0.422840084	0.0472224029	0.0800000001	20.840184
7.06	1.71797611	0.000293992252	-1.57683426	-0.121362487	0.548011433	-0.641256019	-0.981870633	0.418810969	0.0703431402	0.0799999999	23.261378
7.07	1.68370666	7.46074365e-05	-1.58048407	-0.121529245	0.547966218	-0.8092183	-1.08048856	0.414046395	0.0503086079	0.08	22.957913
7.08	1.6507038	0.000585976051	-1.58398623	-0.121742879	0.547855217	-0.817496444	-1.12037605	0.40898547	0.086043189	0.08	21.530176
7.09	1.62106668	0.00241260588	-1.58725998	-0.122027897	0.547620257	-0.639454116	-1.09574847	0.404204623	0.0344394714	0.08	21.229271
7.1	1.59599718	0.0057982464	-1.59026355	-0.122409629	0.547237698	-0.309249295	-1.0032278	0.39992268	0.0999199801	0.08	20.955168
7.11	1.57545908	0.010112984	-1.59305478	-0.122874786	0.546720295	0.0951449797	-0.885516581	0.396020275	0.13138629	0.071127727	19.052364
7.12	1.55877243	0.0135420419	-1.59569279	-0.123319181	0.545640206	0.419558962	-0.86552319	0.392191421	0.06852937	0.08	21.434277
7.13	1.5447017	0.0154613175	-1.5981932	-0.123818362	0.544614244	0.710184944	-0.797483173	0.388785613	0.0794594961	0.0753625945	24.60936
7.14	1.5327716	0.0159631188	-1.60059689	-0.124338853	0.543591218	0.933733448	-0.677577754	0.38582165	0.0771758092	0.0713388576	21.965361
7.15	1.52274158	0.0154190168	-1.60291829	-0.124841914	0.542557727	1.05762479	-0.514324011	0.38329126	0.104987443	0.0737654773	21.78493
7.16	1.51447706	0.0142041943	-1.60521146	-0.125288446	0.541562504	1.06060994	-0.313577431	0.381178679	0.0647961735	0.0753482827	22.388555
7.17	1.50798328	0.0128795385	-1.60745341	-0.125659697	0.54059178	0.967368655	-0.0834537654	0.379486573	0.032347559	0.0720844064	20.17962
7.18	1.50329851	0.0117194531	-1.60968681	-0.125927195	0.539703535	0.750022556	0.141735553	0.378098004	0.128642859	0.069702059	24.174376
7.19	1.50021565	0.0107351641	-1.61183591	-0.126168002	0.538193196	0.561379806	0.492752875	0.377505489	0.140963629	0.0693054297	24.215787
7.2	1.49885999	0.00911845803	-1.61400456	-0.12625976	0.536809973	0.215120828	0.790214922	0.376912166	0.103833069	0.08	22.052811
7.21	1.49949033	0.00694447798	-1.61619502	-0.126199043	0.535404128	-0.246087786	1.05401139	0.376296168	0.099472427	0.073541432	22.319864
7.22	1.50256738	0.00463449579	-1.61836406	-0.12596529	0.533799238	-0.802308784	1.27335295	0.375568419	0.157092849	0.08	22.074143
7.23	1.50825368	0.00267425233	-1.62054253	-0.125731549	0.532524213	-1.20480334	1.33055096	0.374489669	0.12951677	0.08	23.039381
7.24	1.51591959	0.0017514543	-1.62269409	-0.12554956	0.531537028	-1.40217083	1.22052792	0.373412619	0.0698576569	0.0786660983	24.190608
7.25	1.52509071	0.00140583227	-1.62479982	-0.125450507	0.530676832	-1.38738364	0.942252856	0.372590713	0.0424308925	0.0740290075	23.603602
7.26	1.53602124	0.00089405299	-1.62697864	-0.125302592	0.530507822	-1.25929403	0.695113579	0.372335618	0.0704778302	0.071647359	20.857732
7.27	1.54921967	0.00036469671	-1.62917991	-0.125134571	0.530740378	-1.04114938	0.457509899	0.372591436	0.0760901589	0.0704509658	24.494332
7.28	1.56514976	0.000325397528	-1.63140814	-0.124942388	0.531206827	-0.785197852	0.240133822	0.373351188	0.0566116711	0.0698572537	22.340114
7.29	1.58403994	0.00126595745	-1.63363078	-0.12475736	0.532013719	-0.474364348	0.0710403983	0.374675075	0.0417171482	0.0695644851	23.833627
7.3	1.60618471	0.00357497326	-1.63578088	-0.124621792	0.532898292	-0.0722439278	-0.0223903674	0.376674849	0.0296923918	0.0694205778	20.537024
7.31	1.63170584	0.00761562636	-1.63786914	-0.12450693	0.53401972	0.330407733	-0.0890211841	0.378840802	0.0273331249	0.0693499542	22.568857
7.32	1.66046781	0.0139088743	-1.63988146	-0.124431645	0.535269905	0.734348227	-0.152194579	0.380627318	0.0581588782	0.0693153224	20.277633
7.33	1.6926849	0.0231880902	-1.64184229	-0.124333932	0.536120168	1.02842918	-0.123535501	0.381862388	0.0463351884	0.0587895636	21.87818
7.34	1.72827506	0.0361045205	-1.6437173	-0.124309493	0.537116524	1.33545051	-0.113056724	0.382038794	0.0372405121	0.0692900267	21.230212
7.35	1.76776147	0.0526886454	-1.64542518	-0.124335629	0.538024116	1.66407363	-0.0791830969	0.381852087	0.117493273	0.08	21.408822
7.36	1.81003355	0.0722824838	-1.64691952	-0.124473273	0.538332914	2.10674852	-0.138246291	0.381065328	0.127508693	0.0706993251	21.122902
7.37	1.85318507	0.0942984678	-1.6482765	-0.124595712	0.538592667	2.34837479	-0.170292369	0.380515776	0.0784904174	0.0735656681	21.875957
7.38	1.89047493	0.110384961	-1.64955088	-0.124644086	0.538711843	2.32699853	-0.167869642	0.382097434	0.0673839879	0.0800000001	23.600043
7.39	1.92127867	0.120228772	-1.6508524	-0.124608687	0.538617067	2.09760256	-0.163056865	0.385018697	0.0792135273	0.0730668102	22.315084
7.4	1.94844837	0.129081802	-1.65227295	-0.124493841	0.538310773	1.71260931	-0.17838552	0.388158481	0.0923343246	0.08	20.773733
7.41	1.97001397	0.1349816	-1.65395003	-0.124311035	0.537995741	1.22304598	-0.227172804	0.390940823	0.097116261	0.0711946847	21.721342
7.42	1.98858682	0.142142175	-1.65591943	-0.124071973	0.53769611	0.707452524	-0.359501078	0.392305416	0.0876543542	0.08	21.358544
7.43	2.0033818	0.149959459	-1.658222	-0.123772362	0.537449176	0.175523133	-0.560533433	0.39290558	0.106214409	0.08	23.880898
7.44	2.01380247	0.157317114	-1.66084944	-0.123403432	0.537217952	-0.364426723	-0.828041833	0.392816926	0.0974013354	0.08	22.916088
7.45	2.01996516	0.163910548	-1.6637838	-0.122948455	0.536861972	-0.893600972	-1.15236813	0.391862244	0.147948959	0.0800000001	21.713122
7.46	2.02309576	0.170861861	-1.6669739	-0.122340436	0.536025044	-1.54000296	-1.47036776	0.389740306	0.132965119	0.0799999999	22.015848
7.47	2.02307371	0.178155904	-1.67048632	-0.121626414	0.535007792	-2.14678259	-1.83538141	0.386365604	0.146636555	0.0722723409	20.840213
7.48	2.01541589	0.17876767	-1.6743752	-0.120993522	0.534624819	-2.47498874	-1.96688801	0.383199792	0.122315126	0.08	21.424822
7.49	1.99995802	0.172089369	-1.6785217	-0.120461411	0.534664397	-2.60429552	-1.95680469	0.380062292	0.0700259254	0.08	20.926235
7.5	1.97707118	0.158954597	-1.68281043	-0.120001793	0.534857682	-2.56596995	-1.88041629	0.376784103	0.0978613574	0.0729561332	23.100042
7.51	1.95127574	0.147036206	-1.68718623	-0.119520393	0.535548756	-2.52338135	-1.82916689	0.372730815	0.0880627497	0.08	21.751389
7.52	1.92327547	0.136798629	-1.69162034	-0.118990587	0.536481477	-2.49072813	-1.77449406	0.367872625	0.0824990642	0.074915682	23.035692
7.53	1.89002855	0.123113289	-1.69608348	-0.118419121	0.537724233	-2.46704144	-1.69180512	0.362348562	0.0763528912	0.0800000001	24.193642
7.54	1.85472861	0.110238248	-1.70055743	-0.117817334	0.53935902	-2.46475564	-1.58157553	0.355829856	0.0709937533	0.08	22.720423
7.55	1.81850411	0.0987186004	-1.70497574	-0.117199735	0.541283455	-2.47195905	-1.44592964	0.348147801	0.0713226672	0.0645389505	22.557153
7.56	1.78179219	0.0879470451	-1.7093543	-0.116561613	0.543422244	-2.55274904	-1.28408697	0.339124697	0.0880609314	0.0726079739	20.756884
7.57	1.74373842	0.0759681319	-1.71365346	-0.115949232	0.545737202	-2.58831629	-1.14109333	0.32922558	0.054422305	0.0620644983	21.386164
7.58	1.70790858	0.0647374953	-1.71787562	-0.115266924	0.54767449	-2.75683354	-1.09928805	0.317217281	0.0926965355	0.070094989	27.340016
7.59	1.67156137	0.051213271	-1.72207482	-0.114629179	0.549725467	-2.81449508	-1.01788171	0.30539439	0.0558677428	0.0696815662	28.546425
7.6	1.640162	0.0402616619	-1.72617876	-0.114043389	0.551800567	-2.7839665	-0.908868893	0.292772162	0.142381405	0.069478091	28.463042
7.61	1.61578651	0.0327846149	-1.73014128	-0.113509014	0.553762898	-2.67465225	-0.774159996	0.27937749	0.0848752816	0.0693781703	22.548118
7.62	1.59797344	0.0258731925	-1.73389595	-0.112995993	0.555268318	-2.31228504	-0.529540938	0.271259659	0.0520775603	0.0693291566	23.364692
7.63	1.58700365	0.0206833487	-1.73746062	-0.112497028	0.556269599	-1.81033113	-0.233290535	0.266944246	0.0846977008	0.0693051272	22.519726
7.64	1.58201645	0.0171386331	-1.74085117	-0.112006107	0.55680189	-1.23995295	0.0765832611	0.26532739	0.0565670095	0.0692933497	23.763235
7.65	1.58196401	0.0149804802	-1.74410728	-0.111532328	0.556937829	-0.657052999	0.393495086	0.2654909	0.0743546822	0.0692875781	21.218615
7.66	1.58532312	0.0137194563	-1.74725635	-0.111070208	0.556647081	-0.100248573	0.696711352	0.266744998	0.0732922234	0.066366541	21.506508
7.67	1.59072924	0.0129966335	-1.75034653	-0.110621448	0.556001243	0.395274804	0.975727382	0.268513203	0.0710961692	0.0615647116	21.858983
7.68	1.59717573	0.012551106	-1.75341492	-0.110161895	0.555050144	0.793486562	1.2055648	0.270395318	0.0987238881	0.0590694906	25.336673
7.69	1.60397626	0.0121973288	-1.7564941	-0.109663898	0.553828203	1.07028014	1.36053646	0.272179549	0.127801184	0.0578075282	21.311779
7.7	1.61064117	0.0118149169	-1.75963057	-0.109103643	0.552218263	1.21742998	1.43001113	0.273865311	0.129788733	0.0571790001	22.495623
7.71	1.61665132	0.0113375815	-1.76283842	-0.108507218	0.550394852	1.27814102	1.44855749	0.275528797	0.128843465	0.0568684855	23.501701
7.72	1.62170489	0.010762656	-1.76610957	-0.107883019	0.548300179	1.27702531	1.42266112	0.277250972	0.0838027236	0.0567157128	22.488878
7.73	1.62579737	0.0101545499	-1.76941864	-0.107221659	0.545874684	1.21285805	1.33413422	0.278544002	0.125500595	0.0566407037	24.960999
7.74	1.62857136	0.0096040773	-1.77274625	-0.106782303	0.543181961	1.33279039	1.18725964	0.280465693	0.0485956998	0.056603913	23.191285
7.75	1.630451	0.00929049903	-1.77624842	-0.106366954	0.541249606	1.25902472	1.06654185	0.282663833	0.050478305	0.0512022755	22.872204
7.76	1.63143386	0.00924963091	-1.77989698	-0.105927243	0.540001553	1.07357762	0.971390286	0.285494885	0.0797911483	0.0458325188	23.498342
7.77	1.6317171	0.00958998392	-1.78367005	-0.105456286	0.539148937	0.814730078	0.876541942	0.288819832	0.0553411691	0.0157483761	22.962198
7.78	1.63153738	0.0104639379	-1.78754986	-0.105012849	0.53895628	0.55658052	0.809749452	0.291892004	0.072253902	0.0414752795	24.692326
7.79	1.63140148	0.012035788	-1.79146004	-0.104612184	0.539246463	0.329419104	0.740844402	0.294788914	0.0695014724	0.0407295644	23.94635
7.8	1.63208364	0.0145013842	-1.79536539	-0.104253191	0.539775217	0.123346138	0.63226335	0.297560682	0.0835635521	0.0403591345	21.64662
7.81	1.63250958	0.0173185809	-1.79929021	-0.103968023	0.540474531	-0.0548586374	0.498433669	0.300111041	0.0835372851	0.08	22.685798
7.82	1.63301897	0.0203310729	-1.80326758	-0.103773544	0.54132179	-0.209853234	0.36797923	0.302416504	0.0613428051	0.08	21.404672
7.83	1.6346203	0.0239114744	-1.80724319	-0.103546445	0.541847478	-0.454408862	0.307164048	0.304457124	0.05716008	0.08	22.228503
7.84	1.63874811	0.0282259447	-1.81126454	-0.103460313	0.542469595	-0.581977644	0.263005052	0.306086353	0.0745384544	0.08	23.450596
7.85	1.64666257	0.0334060232	-1.81522182	-0.103484298	0.542862201	-0.633995614	0.225351243	0.307470425	0.0929703671	0.08	22.291597
7.86	1.65940806	0.0397962732	-1.81908416	-0.103662953	0.542664689	-0.517393258	0.16219606	0.308603516	0.13779201	0.08	20.894633
7.87	1.67731848	0.0476339382	-1.82285851	-0.103956854	0.542292917	-0.389149357	0.128961826	0.30950843	0.142803926	0.08	22.889882
7.88	1.70013971	0.0569181501	-1.82657571	-0.104292813	0.541768678	-0.309427524	0.146109501	0.310381794	0.15607268	0.08	22.609795
7.89	1.72757187	0.0675389795	-1.83021868	-0.1046698	0.541071594	-0.265629165	0.177806218	0.311325197	0.0727919069	0.0781133904	21.251155
7.9	1.76274407	0.0830902536	-1.83376346	-0.105060786	0.540189899	-0.257949042	0.224261372	0.311891703	0.0827265004	0.0781529827	23.388122
7.91	1.80267688	0.101981595	-1.83724867	-0.105460999	0.53916937	-0.269517679	0.254872799	0.311841706	0.0773550646	0.0737622225	21.478371
7.92	1.84395444	0.121042103	-1.8407177	-0.105856788	0.538012852	-0.323924987	0.289556839	0.312439264	0.0919803792	0.0593347136	22.761026
7.93	1.88387276	0.137628062	-1.8441341	-0.106228437	0.536743647	-0.42065821	0.291076459	0.314543296	0.148906067	0.0596241962	24.572419
7.94	1.92126857	0.150484535	-1.84755814	-0.106592347	0.535350731	-0.555782484	0.244572042	0.31830194	0.132969649	0.0698240444	24.527856
7.95	1.95950797	0.164523061	-1.85093515	-0.10693722	0.533847503	-0.726438067	0.139002642	0.323193048	0.134736601	0.069548146	24.069264
7.96	1.99522926	0.175471305	-1.85432635	-0.107252975	0.532211784	-0.935042149	-0.0157580222	0.329414068	0.0958957066	0.08	25.052483
7.97	2.02751709	0.182037157	-1.85772573	-0.10742479	0.530015707	-1.30781806	-0.134007646	0.337302592	0.130203106	0.0799999999	20.702396
7.98	2.05586054	0.184515904	-1.86118195	-0.107665521	0.528593626	-1.4908537	-0.0820286641	0.345841338	0.120993966	0.08	22.298993
7.99	2.08346491	0.187646269	-1.86466481	-0.107956542	0.527821551	-1.58273425	0.102387773	0.353360366	0.059506115	0.0708234938	22.168923
8	2.10878417	0.189593277	-1.86807568	-0.108365202	0.527165878	-1.50345552	0.326661489	0.360614237	0.0497207188	0.08	24.768317
8.01	2.1340216	0.194956989	-1.87137128	-0.108798022	0.526880454	-1.42308658	0.642595341	0.367983645	0.0812789324	0.08	25.304268
8.02	2.15910157	0.203736832	-1.87455075	-0.109177288	0.527236728	-1.43579199	0.911788235	0.37488381	0.0806439752	0.08	22.144189
8.03	2.18222304	0.211347436	-1.87763138	-0.109488747	0.528019856	-1.53126118	1.13567404	0.380324092	0.0687372108	0.08	23.783041
8.04	2.20255435	0.217339223	-1.88059082	-0.109728418	0.529027101	-1.65992811	1.28459288	0.384111028	0.0722523466	0.0721436081	20.387163
8.05	2.22267703	0.227998015	-1.8833832	-0.109876302	0.530224585	-1.81965474	1.34483972	0.38612448	0.0553907702	0.08	20.740273
8.06	2.23957774	0.237890516	-1.88601592	-0.10990851	0.531452905	-2.0187644	1.32472988	0.386847728	0.0753538041	0.0772721221	24.163016
8.07	2.25046418	0.242745268	-1.88853758	-0.109798175	0.532632245	-2.30184945	1.25522512	0.387425674	0.0479815609	0.08	23.657518
8.08	2.25760055	0.248029161	-1.89097062	-0.109557419	0.533895591	-2.59936698	1.11348454	0.387270525	0.0499746029	0.0743919272	23.284757
8.09	2.25877302	0.247538706	-1.89335909	-0.109270639	0.535223841	-2.75840431	0.935668494	0.386644366	0.0907135031	0.0799999999	21.515629
8.1	2.25377467	0.239479859	-1.89565157	-0.108951416	0.536402253	-2.8500489	0.740124333	0.386123652	0.0753864852	0.0800000001	23.515466
8.11	2.24312843	0.224488643	-1.89783685	-0.108675006	0.537336785	-2.74704275	0.519421159	0.38600902	0.0863081138	0.08	20.393629
8.12	2.23068849	0.210069784	-1.89987073	-0.108489314	0.538048927	-2.45423418	0.267881298	0.386485935	0.0953145156	0.08	24.384135
8.13	2.21969226	0.199903754	-1.90177594	-0.108398691	0.538513325	-2.02900359	-0.00492363689	0.386631712	0.098182037	0.08	23.651005
8.14	2.21250155	0.195776698	-1.90358607	-0.108405049	0.53873407	-1.49357147	-0.285147421	0.38586436	0.0791086483	0.0780555562	22.925517
8.15	2.2067122	0.191507868	-1.90530502	-0.108520958	0.538684557	-0.868218367	-0.546294659	0.384723182	0.0967065914	0.073711656	20.419022
8.16	2.20185515	0.185409491	-1.90695318	-0.108731201	0.538302058	-0.189082847	-0.774560766	0.383915268	0.111188586	0.0714868522	23.153373
8.17	2.20033334	0.183411076	-1.90853383	-0.109043995	0.537664822	0.527523872	-0.986486924	0.383484603	0.0512679169	0.0763298251	21.788245
8.18	2.20130322	0.185013214	-1.91011925	-0.10946678	0.536854354	1.26951139	-1.17973215	0.383254431	0.103148351	0.0742829711	23.698534
8.19	2.20231747	0.186750998	-1.91182547	-0.110004115	0.535928326	2.03900373	-1.33836205	0.383097078	0.147271439	0.0693333602	22.472278
8.2	2.20122208	0.185717018	-1.91361598	-0.110632782	0.535007207	2.69160629	-1.45893593	0.382961612	0.0864360634	0.0728683458	20.827827
8.21	2.20163956	0.188252176	-1.91548567	-0.111320425	0.534196002	3.22909977	-1.51887889	0.381649464	0.104134914	0.08	21.874468
8.22	2.19954663	0.186731962	-1.91735286	-0.112033051	0.533458799	3.63201488	-1.48745029	0.380927004	0.108692891	0.08	26.102756
8.23	2.19366674	0.179006018	-1.91926934	-0.112691426	0.532901749	3.75368426	-1.323063	0.381540806	0.103950484	0.08	23.940551
8.24	2.18444843	0.166044412	-1.92122402	-0.113214591	0.53226503	3.47113448	-1.05971093	0.38354886	0.0948922022	0.0799999999	23.429229
8.25	2.17482921	0.152369586	-1.92313224	-0.113680193	0.531162477	3.00403525	-0.791595839	0.385389751	0.0553854407	0.08	21.569911
8.26	2.1645033	0.139606504	-1.92508866	-0.114066558	0.530707143	2.38227702	-0.521388688	0.386993301	0.0703998487	0.08	21.388759
8.27	2.15577857	0.132354856	-1.92708449	-0.114392924	0.530572231	1.73108596	-0.253411514	0.388067878	0.0935423449	0.08	20.220529
8.28	2.14459477	0.124776295	-1.92907279	-0.114627397	0.530653096	1.00966599	-0.0721786753	0.388534275	0.0946533821	0.08	23.036455
8.29	2.13392317	0.121287818	-1.93108037	-0.114773832	0.530957742	0.300347029	0.0116744828	0.387236727	0.0462850307	0.08	22.676681
8.3	2.12420525	0.122160108	-1.93313553	-0.114842432	0.531510208	-0.353963935	0.0249284359	0.384147825	0.0553495006	0.08	21.295523
8.31	2.11154386	0.12136647	-1.93525277	-0.114877957	0.532361324	-0.881781765	-0.00808794295	0.379853279	0.0795225366	0.08	23.70675
8.32	2.09491486	0.117131291	-1.93743859	-0.11487099	0.533549794	-1.36153643	-0.0850631593	0.374922058	0.0470660763	0.0799999999	23.341035
8.33	2.07454645	0.109707817	-1.93965229	-0.114831229	0.534984692	-1.73376434	-0.21747061	0.369593865	0.0801511328	0.08	21.734628
8.34	2.05122827	0.100102255	-1.94188667	-0.114756493	0.536612465	-1.9901661	-0.390214858	0.363988655	0.0607598897	0.0799999999	19.877999
8.35	2.02933009	0.0935986591	-1.94402209	-0.114494133	0.537760625	-2.32280682	-0.533475729	0.358244193	0.0978085201	0.077149868	20.483624
8.36	2.00697319	0.087581069	-1.94616852	-0.114176361	0.539049113	-2.51791727	-0.744907262	0.352206291	0.0918448333	0.0566365089	21.03751
8.37	1.98100109	0.0782318149	-1.94838303	-0.113832511	0.540405557	-2.66752258	-0.995293558	0.346746861	0.151289375	0.08	20.768474
8.38	1.95609781	0.0705448631	-1.95069135	-0.113436703	0.541871999	-2.80491933	-1.2338196	0.340606295	0.111615333	0.077958236	23.487656
8.39	1.9295215	0.0612654233	-1.95308981	-0.112982469	0.543327272	-2.93844239	-1.45602845	0.334620639	0.103424294	0.0762574996	22.369029
8.4	1.90390173	0.0530049536	-1.95555232	-0.112463508	0.544740597	-3.09235971	-1.65716665	0.328701951	0.0627667657	0.08	22.291931
8.41	1.88162636	0.0472384055	-1.95808392	-0.111880381	0.546147845	-3.26062995	-1.82069321	0.321312377	0.0680157793	0.0755796514	21.929963
8.42	1.86225861	0.0422058113	-1.96059222	-0.111300904	0.546987568	-3.32989243	-2.01714239	0.314211032	0.094145653	0.08	21.442171
8.43	1.84397699	0.0363195386	-1.96318374	-0.110659385	0.547885722	-3.40438081	-2.12711752	0.306174887	0.125690338	0.0768013463	23.048754
8.44	1.82630572	0.0288047035	-1.96582476	-0.109976816	0.548714603	-3.440348	-2.14245539	0.299385391	0.0705713131	0.0800000001	20.217273
8.45	1.8122322	0.0221280365	-1.96843797	-0.109273668	0.549313095	-3.38671348	-2.06248711	0.294295832	0.119428369	0.0703626531	21.668675
8.46	1.80402044	0.0179300666	-1.97094885	-0.108534046	0.549572269	-3.25094095	-1.90031168	0.290071821	0.123263058	0.08	23.479083
8.47	1.80177958	0.0160301351	-1.97333774	-0.107758603	0.549363409	-3.01783672	-1.64395434	0.286323861	0.133531677	0.08	22.216254
8.48	1.80482819	0.0160418298	-1.97559648	-0.106958952	0.548694697	-2.70338499	-1.31627764	0.282682275	0.150413861	0.08	21.831432
8.49	1.81224297	0.0175183133	-1.97769597	-0.106132726	0.547468802	-2.32500199	-0.937490968	0.278998376	0.0836914923	0.07771125	22.154588
8.5	1.82254723	0.0200347662	-1.97962596	-0.105338106	0.545558711	-1.83624309	-0.554129819	0.275740398	0.0763253603	0.071955277	20.332372
8.51	1.83480628	0.0231494126	-1.98150323	-0.104565886	0.544294179	-1.44704782	-0.212056479	0.27252536	0.0409721736	0.0713967304	21.407063
8.52	1.84605829	0.0261228829	-1.9833234	-0.103732911	0.543388505	-1.24186386	-0.0184389398	0.26705773	0.0907754874	0.0691607483	20.967183
8.53	1.85801798	0.0287896984	-1.98496568	-0.10283294	0.542522933	-1.03058559	0.0765583377	0.263164995	0.0805931025	0.0630537267	22.40754
8.54	1.8714862	0.0320715483	-1.98651959	-0.101870638	0.541725982	-0.859173348	0.155899523	0.260330199	0.0646176535	0.059834175	20.673023
8.55	1.88626527	0.0360677956	-1.98798036	-0.100861102	0.541201675	-0.689162656	0.180566843	0.258226806	0.0358612131	0.0581916057	20.842121
8.56	1.8996991	0.0391706422	-1.98940556	-0.0997815349	0.540907957	-0.55515153	0.147506367	0.257009221	0.0426954548	0.0573695813	20.886592
8.57	1.91136356	0.0412308968	-1.99086028	-0.0986337814	0.540835057	-0.472838517	0.0878783359	0.256442965	0.0556469565	0.0799999999	21.946595
8.58	1.92163987	0.0426510585	-1.99238985	-0.0974377904	0.541011117	-0.41584537	0.0155295459	0.256192128	0.0553084735	0.0706881793	20.916496
8.59	1.93313065	0.0453863991	-1.99398727	-0.096228557	0.541341178	-0.361266165	-0.0370336997	0.255721373	0.0492028442	0.0699745751	20.813144
8.6	1.94623506	0.0498735217	-1.99561834	-0.0950358098	0.541647728	-0.273818944	-0.0953385163	0.254932566	0.134344111	0.069622239	21.865643
8.61	1.95844749	0.0550761239	-1.99732295	-0.0938741731	0.542047447	-0.251719212	-0.160201566	0.252194533	0.123875072	0.0694489418	21.499791
8.62	1.9684516	0.0587671163	-1.99907734	-0.0927561035	0.542419407	-0.163247064	-0.18867465	0.251063033	0.0910154949	0.0693638682	22.374318
8.63	1.97857511	0.0625906381	-2.00082722	-0.0916519561	0.542322031	-0.168020256	-0.317976165	0.251026469	0.104002974	0.08	22.943735
8.64	1.9856305	0.0639999446	-2.00270682	-0.0906312707	0.542420739	-0.130703566	-0.348951215	0.25384211	0.056394702	0.08	21.512214
8.65	1.9888403	0.0626111988	-2.00470511	-0.0897731389	0.542186779	0.0569788539	-0.204348946	0.259869265	0.0640661158	0.0800000001	21.824918
8.66	1.992097	0.0621053801	-2.00677666	-0.0889641618	0.542115268	0.217120187	-0.0412726746	0.26523584	0.0827316862	0.08	23.771764
8.67	1.99368657	0.061084055	-2.00895933	-0.0882034418	0.542171285	0.310771517	0.132870864	0.270059929	0.0373752936	0.08	22.526203
8.68	1.99580054	0.0621466905	-2.01124369	-0.0874865528	0.542339511	0.328098707	0.29566973	0.272404767	0.101186969	0.0791917145	24.781646
8.69	1.99802917	0.0641693383	-2.01359666	-0.0868284266	0.542510249	0.324817963	0.46060488	0.275023286	0.110069154	0.08	23.804927
8.7	1.99696647	0.064177845	-2.01603083	-0.0862129435	0.542607178	0.254333295	0.609019737	0.277866413	0.116058714	0.0794314993	21.458992
8.71	1.99152378	0.0612331461	-2.0185102	-0.085623999	0.542571672	0.0981283563	0.716336398	0.280941353	0.106674429	0.074428408	21.699977
8.72	1.98502522	0.0591347013	-2.02099206	-0.0850716247	0.542359582	-0.0997936813	0.787300102	0.282302843	0.105774577	0.0718498301	23.342015
8.73	1.97859056	0.0589071816	-2.02346397	-0.0845478797	0.541974153	-0.299846821	0.818231753	0.281680525	0.0876564247	0.0705519317	22.793797
8.74	1.96885807	0.0566590457	-2.02588233	-0.0840585555	0.541257339	-0.495402381	0.803242618	0.281557145	0.0913540484	0.0699071654	22.868504
8.75	1.95505718	0.051402301	-2.02823634	-0.0835930127	0.540163535	-0.65928055	0.757426456	0.282684413	0.0704502791	0.0673604323	22.43655
8.76	1.93762828	0.0437232067	-2.03057739	-0.0831569378	0.539558812	-0.762011102	0.687993809	0.284996932	0.0616280847	0.0699636482	22.663047
8.77	1.92073402	0.0377457945	-2.0328659	-0.0827586363	0.539334515	-0.82287955	0.592020968	0.286164573	0.0437614091	0.0707819769	24.606078
8.78	1.90546673	0.0341791238	-2.03509585	-0.0824150423	0.53929518	-0.815790076	0.514944861	0.286032497	0.0916795149	0.0700210202	23.401065
8.79	1.88950746	0.0305091257	-2.03730048	-0.0820510913	0.539217587	-0.861459398	0.386662444	0.285015737	0.0291108817	0.0696451161	22.292585
8.8	1.87408654	0.0273122758	-2.03944229	-0.0817136829	0.539462216	-0.867915843	0.281892766	0.284114657	0.062099032	0.0573335925	22.166053
8.81	1.86059969	0.0243741345	-2.04148573	-0.0814165384	0.539943544	-0.828205581	0.198446966	0.285201191	0.0650552819	0.08	23.61311
8.82	1.84640842	0.0196131979	-2.04348182	-0.0811548318	0.540652889	-0.770925645	0.139053972	0.288414561	0.0696380859	0.0698036142	21.641765
8.83	1.8346693	0.0151360245	-2.04542415	-0.0809443419	0.541588175	-0.701052063	0.128930676	0.292944802	0.0721292814	0.08	21.931043
8.84	1.82407988	0.0106265912	-2.04736406	-0.0807912308	0.542702151	-0.602367443	0.189449959	0.297715556	0.0563099288	0.08	23.601622
8.85	1.81569933	0.00692820395	-2.0492221	-0.0807164135	0.543698418	-0.49115031	0.279605353	0.302036916	0.115433636	0.08	21.267308
8.86	1.81069417	0.00442790804	-2.05096034	-0.0808222369	0.544184688	-0.245543572	0.30064668	0.305538965	0.0852283606	0.08	22.698929
8.87	1.80947068	0.00328624084	-2.05261536	-0.0810387333	0.544518768	-0.0256260432	0.358057167	0.308161706	0.0999486291	0.08	20.897732
8.88	1.81420871	0.00410064972	-2.05415772	-0.0813831491	0.544680578	0.213330627	0.429700757	0.30937446	0.111083561	0.0789934062	21.856422
8.89	1.82467143	0.00657641949	-2.05560501	-0.0818575704	0.544664403	0.460795332	0.516708483	0.309103506	0.0913994959	0.0729664375	22.812637
8.9	1.83919144	0.010000355	-2.05697005	-0.0824692679	0.54443469	0.730604831	0.597493505	0.307540293	0.085244057	0.08	22.330035
8.91	1.85772323	0.01426754	-2.05825534	-0.083210925	0.543891522	1.00553497	0.676092937	0.304706951	0.0698015915	0.08	22.857536
8.92	1.88079	0.019529122	-2.05945915	-0.0840591222	0.543036478	1.25271271	0.763464454	0.300582764	0.0641614746	0.08	22.006755
8.93	1.90854646	0.0256955026	-2.06051637	-0.084976122	0.541863358	1.45677679	0.832012504	0.295888609	0.127303271	0.08	21.674145
8.94	1.94109071	0.0334053931	-2.06148054	-0.0859116504	0.540430464	1.5574255	0.863303077	0.290488404	0.0898736667	0.0799999999	23.076246
8.95	1.97585259	0.0417598611	-2.06244479	-0.0868621767	0.538718603	1.54937885	0.867558957	0.286002705	0.108057203	0.08	23.441405
8.96	2.01357643	0.0514300674	-2.0634216	-0.0878208623	0.536757403	1.43960379	0.841326556	0.282896008	0.10193855	0.0692890961	21.661657
8.97	2.05402339	0.0630472995	-2.0644676	-0.0888122919	0.534455218	1.30674121	0.76045828	0.28000826	0.0770452889	0.08	23.400634
8.98	2.09648795	0.077055552	-2.06555746	-0.0897803514	0.532023163	1.08856992	0.629790218	0.27688658	0.128721223	0.0800000001	22.409653
8.99	2.14008007	0.0937692629	-2.06685545	-0.0907771889	0.530741762	0.810898893	0.57753904	0.273327555	0.0975642833	0.08	24.585179
9	2.18298132	0.111156717	-2.0683334	-0.0917549609	0.530342699	0.502740246	0.570717303	0.272475825	0.0840912034	0.08	22.226779
9.01	2.22375554	0.127753767	-2.06990462	-0.0926211931	0.530194479	0.0894824144	0.64237008	0.275353564	0.0656913762	0.08	23.739472
9.02	2.26209805	0.142830935	-2.07166631	-0.0934808639	0.530774068	-0.219117689	0.721064218	0.280324355	0.0462175313	0.08	22.099654
9.03	2.2981831	0.157224297	-2.07357248	-0.0943229617	0.531900225	-0.410236882	0.756967683	0.285286316	0.0672816594	0.08	22.880064
9.04	2.33183736	0.170634034	-2.07558022	-0.0951328704	0.53338009	-0.503521436	0.782111274	0.290633747	0.0762743575	0.08	24.342738
9.05	2.3631053	0.183057198	-2.07768524	-0.0958960294	0.535066422	-0.547565043	0.810532774	0.296426009	0.0568264364	0.08	22.515671
9.06	2.39209698	0.194656545	-2.07993849	-0.0966274115	0.53699431	-0.563467523	0.865151155	0.302521935	0.0630393308	0.08	21.122625
9.07	2.41984998	0.207339755	-2.08230906	-0.097323062	0.539004575	-0.617615303	0.928365554	0.307230118	0.0732458875	0.08	24.07466
9.08	2.44689812	0.222778227	-2.08478392	-0.0979058654	0.540583757	-0.763707073	0.865433967	0.309395351	0.0287717717	0.08	23.010641
9.09	2.47129546	0.236982099	-2.087309	-0.0985430687	0.541861296	-0.77257754	0.894253997	0.31006329	0.0443985788	0.0692844345	19.276769
9.1	2.49335116	0.251377881	-2.08992433	-0.0991056762	0.543178866	-0.781570484	0.907398709	0.310605065	0.115185416	0.0710676424	21.160341
9.11	2.51191665	0.263697018	-2.0926412	-0.0995970969	0.544456477	-0.728349937	0.904694463	0.311666417	0.0800383407	0.0700451513	21.259514
9.12	2.52777326	0.276468932	-2.09549961	-0.100044841	0.5455938	-0.602635712	0.870895091	0.311193034	0.11485326	0.0799999999	23.882069
9.13	2.53894758	0.28368328	-2.09848733	-0.100509263	0.546567704	-0.332288524	0.815842355	0.310541471	0.0991762017	0.08	23.502725
9.14	2.54517165	0.283066231	-2.10167639	-0.101022815	0.547347971	0.029270474	0.775713722	0.310940593	0.0685250637	0.0799999999	21.008439
9.15	2.54687664	0.275296657	-2.10504196	-0.101573346	0.547764	0.404078241	0.719483906	0.312799413	0.0856003407	0.08	21.514694
9.16	2.54619358	0.268734706	-2.1085788	-0.102140221	0.547886326	0.7899522	0.626124006	0.313329389	0.0615702868	0.0799999999	21.990329
9.17	2.54205575	0.260371321	-2.11232431	-0.102734956	0.547753999	1.23060362	0.482674375	0.312784172	0.0498418063	0.08	22.52524
9.18	2.53380125	0.248996641	-2.11630655	-0.103372268	0.547389319	1.76343091	0.298895176	0.311352249	0.124336082	0.08	22.547905
9.19	2.52293841	0.239348008	-2.12049437	-0.104027795	0.546754166	2.3547842	0.0554704236	0.308002174	0.155639741	0.0692952464	22.602926
9.2	2.50897304	0.229178668	-2.12487509	-0.10476354	0.545832832	3.00699898	-0.23964618	0.3020192	0.138872415	0.08	22.687844
9.21	2.49322111	0.221449975	-2.12943154	-0.105551966	0.544621303	3.67369126	-0.564177864	0.293757978	0.154933458	0.0798271627	21.552445
9.22	2.47380361	0.209835816	-2.13412855	-0.106366025	0.543003132	4.25092372	-0.902129961	0.287342433	0.114369616	0.0800000001	21.409933
9.23	2.45033475	0.194055578	-2.13892643	-0.107222088	0.540881202	4.77470404	-1.25979262	0.282540432	0.0933056037	0.0798788951	22.172754
9.24	2.42468821	0.178276137	-2.14393349	-0.10794754	0.539117817	4.91759294	-1.3701728	0.280820136	0.0726790716	0.08	22.396885
9.25	2.39850232	0.164587336	-2.14903659	-0.108713992	0.538293308	4.82302822	-1.43230721	0.278649771	0.123070747	0.08	22.331534
9.26	2.37084134	0.150575592	-2.15422955	-0.109498517	0.537902152	4.48450117	-1.41503446	0.276518003	0.0470368953	0.08	22.892228
9.27	2.34132095	0.135346058	-2.1594748	-0.110250079	0.538028089	4.02452414	-1.33756227	0.275589887	0.0348993752	0.0708268782	21.650778
9.28	2.31017493	0.119496109	-2.16471232	-0.110956158	0.538505359	3.51904148	-1.22570979	0.275691447	0.0474242379	0.08	23.898961
9.29	2.2777946	0.103777944	-2.16989914	-0.111570847	0.539160423	2.93113793	-1.0967425	0.276652858	0.0465237137	0.08	23.168425
9.3	2.24487688	0.0886794148	-2.1749544	-0.112093575	0.540113525	2.42830862	-0.970488731	0.278165179	0.0738766508	0.0693010554	19.700945
9.31	2.21402592	0.0759708748	-2.17983443	-0.11250111	0.541327948	1.95443337	-0.856800346	0.280344976	0.0524009038	0.08	19.691249
9.32	2.18530601	0.0660028436	-2.18460665	-0.112839681	0.5426423	1.50171948	-0.785294223	0.280639516	0.0609773818	0.08	19.786633
9.33	2.15844764	0.0579360246	-2.18930214	-0.113127852	0.544188503	1.12237509	-0.727030245	0.279229084	0.0788742405	0.077589033	20.425483
9.34	2.13330196	0.0510626501	-2.19390292	-0.11336125	0.545867353	0.791729614	-0.686747924	0.277041305	0.0294411257	0.0734699152	21.445341
9.35	2.1104224	0.04393854	-2.19831763	-0.113531246	0.547360238	0.295400941	-0.595751745	0.279106164	0.149286271	0.0713648089	22.538705
9.36	2.0906282	0.0372701688	-2.20253141	-0.113677266	0.548216501	-0.194758724	-0.550478943	0.283178012	0.0766249787	0.0703103023	22.377426
9.37	2.07379034	0.0313497981	-2.2066088	-0.113768613	0.548951839	-0.692464692	-0.483060034	0.288155683	0.104143825	0.0697877777	21.890094
9.38	2.05985067	0.0262998886	-2.21054949	-0.113808043	0.549499977	-1.154747	-0.413382174	0.293234522	0.0968907918	0.0695303072	23.393177
9.39	2.04683478	0.0213760497	-2.21441641	-0.113827425	0.549870148	-1.50969722	-0.38364034	0.297795834	0.0826812307	0.0631804062	21.606376
9.4	2.03552493	0.0170214226	-2.21817626	-0.113821446	0.54996632	-1.75280678	-0.400453047	0.301461439	0.106082845	0.0567072127	21.661426
9.41	2.02491849	0.0132273307	-2.22185552	-0.11367754	0.549329121	-2.02823557	-0.352326441	0.30424322	0.130063348	0.0724179766	23.800449
9.42	2.01608722	0.00999666712	-2.22541997	-0.113523169	0.548542705	-2.12777518	-0.3779738	0.305535265	0.0988670574	0.0799999999	21.764461
9.43	2.01013513	0.0076632426	-2.22886066	-0.113347289	0.547520037	-2.10574509	-0.446721484	0.305488922	0.136582272	0.08	21.62653
9.44	2.01056386	0.00751864234	-2.23212064	-0.113139054	0.546168086	-1.9964384	-0.521887996	0.304165109	0.142354446	0.0783426568	21.95547
9.45	2.01598192	0.00895189316	-2.23516706	-0.112880091	0.54439278	-1.82818976	-0.623824335	0.301575572	0.124918229	0.08	21.716228
9.46	2.02632697	0.0116175593	-2.23797502	-0.112577865	0.542180067	-1.59428051	-0.743289516	0.298154641	0.0945587694	0.08	24.372178
9.47	2.04219314	0.015605918	-2.24054466	-0.112235458	0.539530293	-1.32190726	-0.859983751	0.294006806	0.16446144	0.08	21.050754
9.48	2.06428882	0.0211541787	-2.24289695	-0.111840447	0.536515705	-1.05496712	-0.92302973	0.289297009	0.11868793	0.08	22.030188
9.49	2.0925011	0.0285205081	-2.2450843	-0.11154463	0.533832411	-0.599432885	-0.743115042	0.285132222	0.0799348101	0.0713189159	23.039228
9.5	2.12633419	0.0367110051	-2.24711271	-0.111286195	0.532093199	-0.179222423	-0.497118644	0.282958055	0.0534038484	0.08	26.035743
9.51	2.16344446	0.0452219179	-2.24899716	-0.111158444	0.530838767	0.373727408	-0.264342775	0.282913529	0.0738680849	0.08	21.45584
9.52	2.20559929	0.0570504084	-2.25072818	-0.11113944	0.530283996	0.876846488	-0.0110324892	0.282777162	0.064139418	0.08	21.088887
9.53	2.25113975	0.0718288519	-2.25227012	-0.111247478	0.530318258	1.30889805	0.222696032	0.283163781	0.0383115932	0.08	20.974392
9.54	2.29695954	0.0870325816	-2.25362981	-0.111431478	0.530665747	1.62901221	0.42210818	0.285150884	0.0655608745	0.0726437424	21.764549
9.55	2.34183509	0.101791861	-2.25478491	-0.111714589	0.53131904	1.88942447	0.524215022	0.288579198	0.0567706887	0.08	21.8999
9.56	2.38607391	0.117243276	-2.2557953	-0.112079655	0.532253354	2.10639893	0.562991687	0.291376826	0.0342281572	0.08	21.932464
9.57	2.42877786	0.132235065	-2.25671505	-0.112490707	0.533445908	2.27053071	0.536967411	0.293258988	0.0558483539	0.0694519818	20.626758
9.58	2.47070467	0.147799402	-2.25759853	-0.112948233	0.534837636	2.40937183	0.488996926	0.294684648	0.0430167519	0.0721656023	22.327733
9.59	2.51161765	0.163631277	-2.25844364	-0.113527869	0.536423895	2.59500342	0.40441666	0.297781562	0.0611472025	0.08	21.955898
9.6	2.55104753	0.179714491	-2.25922752	-0.114340677	0.537594851	2.95004772	0.420033078	0.303585059	0.145610391	0.08	22.208103
9.61	2.58705796	0.191594422	-2.26018478	-0.115234562	0.538976955	3.22322331	0.416203743	0.310590777	0.150300401	0.08	20.979879
9.62	2.61965207	0.198871034	-2.26128378	-0.116213684	0.54047159	3.46039814	0.404497727	0.318813361	0.117663435	0.0800000001	20.425467
9.63	2.64954514	0.202587044	-2.26251756	-0.117214953	0.541561729	3.61934271	0.271136059	0.32754856	0.0966256918	0.08	22.804883
9.64	2.67708252	0.204576334	-2.26396183	-0.118355566	0.542839502	3.78634137	0.198365328	0.336875956	0.0977009252	0.08	20.815197
9.65	2.70254066	0.205886564	-2.26563367	-0.119636721	0.544183536	3.95702254	0.16810145	0.346310566	0.103789971	0.08	21.201021
9.66	2.72592602	0.207747058	-2.26752951	-0.121032304	0.545528832	4.01476254	0.152355693	0.354151145	0.0732201542	0.08	21.459511
9.67	2.74794427	0.21237149	-2.26965275	-0.122552261	0.546817743	3.98464961	0.144465628	0.360806293	0.0637977536	0.0799999999	22.89612
9.68	2.76760835	0.217672338	-2.27200969	-0.124136842	0.548056588	3.77119009	0.115518617	0.36542249	0.0977015045	0.0702510861	25.833438
9.69	2.78562585	0.225466302	-2.27461631	-0.125704909	0.549235169	3.3420261	0.0437070034	0.366321974	0.0999767016	0.0800000001	23.406056
9.7	2.80007678	0.23056581	-2.27742566	-0.127270562	0.550293244	2.75802995	-0.0667219333	0.366152405	0.108933178	0.0694131519	21.565012
9.71	2.81097887	0.232649502	-2.28048642	-0.128804529	0.55127285	2.01009958	-0.193602322	0.364346939	0.146688252	0.0742681488	22.10863
9.72	2.81872437	0.234329995	-2.28376796	-0.13034003	0.552113336	1.13646363	-0.353672269	0.361656352	0.115323845	0.08	22.696838
9.73	2.82233178	0.23268598	-2.28722461	-0.131916125	0.552357371	0.209999578	-0.491273913	0.359091413	0.108276831	0.08	22.021555
9.74	2.82154001	0.227029157	-2.29085143	-0.133424471	0.55230506	-0.856358611	-0.700499951	0.355940493	0.106362146	0.08	24.983049
9.75	2.81653722	0.218706546	-2.29464338	-0.134707244	0.55256904	-2.07681429	-0.808291832	0.351984692	0.048563655	0.08	23.50863
9.76	2.80756976	0.20864606	-2.29857164	-0.135787057	0.552860266	-3.39457312	-0.869603639	0.347135206	0.0685771537	0.08	22.303292
9.77	2.79615682	0.200263459	-2.30261184	-0.136635638	0.553030879	-4.71296302	-0.928974313	0.340403037	0.0901113022	0.08	23.315054
9.78	2.78225804	0.192821565	-2.30676686	-0.137264328	0.553272046	-5.73386223	-1.01741479	0.333127569	0.0726965853	0.08	25.102647
9.79	2.76575775	0.184882703	-2.31093498	-0.137720094	0.553363837	-6.52986498	-1.17288612	0.326201395	0.0432732806	0.0794606895	22.663288
9.8	2.74725174	0.177162329	-2.31516978	-0.137978828	0.553534641	-7.07534713	-1.30981485	0.317954948	0.0717900193	0.08	21.612096
9.81	2.7256909	0.16702851	-2.31937263	-0.138132291	0.553581233	-7.3013918	-1.4444075	0.311165529	0.0699263752	0.08	23.791495
9.82	2.70234833	0.156426788	-2.32348108	-0.13823546	0.553436673	-7.21310324	-1.58080234	0.306256248	0.0624183323	0.08	20.237264
9.83	2.6777647	0.146258363	-2.32750722	-0.138288205	0.553207236	-6.95440525	-1.71149773	0.301654004	0.0814907682	0.08	22.083774
9.84	2.65102931	0.13536445	-2.33148499	-0.138295779	0.553018505	-6.61569943	-1.82104926	0.297270942	0.0486536495	0.077015322	21.325527
9.85	2.62328779	0.125407267	-2.33542979	-0.138211673	0.552876469	-6.29602754	-1.92142182	0.290876416	0.0963968638	0.08	21.166316
9.86	2.59429145	0.115346397	-2.3392638	-0.138110442	0.552682791	-5.89767762	-2.00195008	0.285352937	0.0872201869	0.08	21.796789
9.87	2.56467784	0.105651017	-2.34294302	-0.138032779	0.552361746	-5.37585416	-2.04096108	0.281572045	0.0947090764	0.08	21.899012
9.88	2.53517845	0.0970065165	-2.34651871	-0.137945052	0.551943792	-4.81839695	-2.06184926	0.277479079	0.0858432849	0.08	23.379042
9.89	2.5052134	0.0884281912	-2.34997214	-0.137912143	0.550662933	-4.12053272	-2.18908876	0.272885737	0.112389073	0.0800000001	20.480774
9.9	2.47452359	0.0802998807	-2.35332958	-0.137847073	0.549425234	-3.56424251	-2.22925965	0.268250305	0.0647757912	0.08	22.567862
9.91	2.44362852	0.0722201403	-2.35660467	-0.137776623	0.548143021	-3.09938187	-2.19049571	0.263499433	0.080136686	0.0800000001	24.890605
9.92	2.41288099	0.0640087826	-2.35983964	-0.13774192	0.546800115	-2.58725443	-2.04523857	0.259497638	0.0775584501	0.08	20.290243
9.93	2.38158866	0.0561123916	-2.36306117	-0.137751333	0.545305998	-2.06445922	-1.80513922	0.257021661	0.13242812	0.08	24.441046
9.94	2.35040657	0.0482177072	-2.36622004	-0.137829365	0.543532503	-1.5385072	-1.49585038	0.255647906	0.107648884	0.0799999999	25.41049
9.95	2.31970686	0.0404635001	-2.36929229	-0.13799872	0.541488869	-1.01878888	-1.14131792	0.255160299	0.104099957	0.0797827393	21.801
9.96	2.29057959	0.0334177033	-2.37216471	-0.138319539	0.539037602	-0.38832429	-0.716270751	0.25943486	0.113038108	0.0799999999	22.755057
9.97	2.26318432	0.0268151035	-2.37482693	-0.138792068	0.536147853	0.30995103	-0.246167041	0.26662719	0.117098858	0.0798477293	24.761821
9.98	2.23756973	0.0207533818	-2.3772881	-0.139426759	0.532850253	1.03987816	0.248643984	0.275557926	0.126212037	0.0746463217	22.232661
9.99	2.21559402	0.0156653974	-2.37963002	-0.140090751	0.529963564	1.56222125	0.606706421	0.284290625	0.115420001	0.0719605165	21.182364
10	2.1974729	0.0119308016	-2.38179524	-0.140959111	0.527932701	1.96366025	0.939678314	0.291617363	0.0708706747	0.0706071867	24.566284
