time_s	ee_error_m	orientation_error	base_x_m	base_y_m	base_z_m	roll_deg	pitch_deg	clearance_m	leg_action_delta_l2	arm_action_delta_l2	update_ms
0.01	0.64915639	0.0193651374	-9.02723403e-05	8.45232662e-07	0.542707593	-0.0165929909	0.0381674046	0.306794333	0	0	21.240031
0.02	0.646422296	0.019660847	-0.000344579621	1.64857037e-05	0.541067251	-0.086044882	0.125555949	0.307934534	0.131538479	0.0613228448	21.415636
0.03	0.64158598	0.0199831535	-0.000787807536	5.36780949e-05	0.53869648	-0.190937821	0.250112269	0.309313628	0.0791019113	0.0555342316	20.429147
0.04	0.633930016	0.0212186127	-0.00133412269	0.000120740327	0.535539372	-0.316152687	0.37586578	0.310807461	0.117680645	0.0580949153	17.494931
0.05	0.6234445	0.0234171034	-0.00198689045	0.000230555913	0.531745732	-0.443742645	0.527271879	0.312541352	0.0642235024	0.0512865589	19.126266
0.06	0.608323582	0.0274832015	-0.00278598228	0.000405699625	0.527407543	-0.621360703	0.725454194	0.312968882	0.11062028	0.081021101	19.470699
0.07	0.588802229	0.033175845	-0.00367833645	0.000653938784	0.522641019	-0.849409437	0.98247086	0.311766187	0.0588204582	0.0564338248	19.530866
0.08	0.565142818	0.0397516285	-0.00468471464	0.00100499084	0.51765219	-1.15100298	1.34765443	0.308254822	0.103928736	0.0612087766	20.349093
0.09	0.53790719	0.0476866783	-0.00592168233	0.0014339916	0.512917479	-1.41144965	1.74576296	0.302281156	0.0793831997	0.064255121	18.312051
0.1	0.508030251	0.058118592	-0.00721575034	0.00183751081	0.507998867	-1.57410253	2.08192352	0.294532523	0.0555363634	0.0515276908	19.513273
0.11	0.47664764	0.0707632035	-0.00851798999	0.00226860374	0.5033028	-1.71276032	2.39146677	0.285502047	0.104482512	0.0699960947	19.003706
0.12	0.444888117	0.08437597	-0.00990119518	0.00275406724	0.499067992	-1.83795031	2.72333999	0.276678587	0.11549668	0.111670205	18.983033
0.13	0.413870199	0.0977732343	-0.011241113	0.00330366943	0.494871569	-1.96763725	2.96608602	0.268704368	0.0586505646	0.0721320512	18.755198
0.14	0.384360234	0.111594802	-0.0124885828	0.00381780379	0.491122261	-1.99336887	3.25124954	0.261997845	0.0761221505	0.0505786245	22.020214
0.15	0.356677056	0.124083521	-0.0135954346	0.00430131318	0.487784753	-1.95343016	3.56955297	0.257278828	0.0455704686	0.0741552144	20.84626
0.16	0.33086675	0.134902505	-0.0145048047	0.0046943094	0.484612189	-1.80483529	3.94354889	0.255216343	0.0784011507	0.0619882542	21.737158
0.17	0.306824449	0.142468987	-0.0151605861	0.00507316367	0.48151911	-1.66542647	4.40608654	0.255766389	0.0628337548	0.0595434999	19.908612
0.18	0.284746719	0.147315945	-0.0156165857	0.00531587492	0.478998201	-1.42401785	4.81933413	0.25782683	0.0706298793	0.0531113942	17.315636
0.19	0.264733908	0.150132224	-0.015855838	0.00541359678	0.477026196	-1.11340081	5.187848	0.261359385	0.0459915866	0.043841709	18.796181
0.2	0.246396418	0.151318729	-0.0158734257	0.00538147659	0.475628475	-0.791730942	5.49987673	0.264839387	0.0535994966	0.0645091345	18.574083
0.21	0.229556845	0.150493309	-0.0157415664	0.00515765914	0.474505841	-0.404182559	5.67862196	0.268877743	0.0584829331	0.0654326316	17.417578
0.22	0.214421992	0.14966199	-0.0155020321	0.00483789569	0.474251505	-0.0996842973	5.83460862	0.273005045	0.0689078932	0.0518037534	22.89827
0.23	0.200770301	0.148879599	-0.0151442503	0.00436461269	0.474511835	0.223595656	6.05143479	0.277429057	0.0583368887	0.0449678816	21.491068
0.24	0.189177117	0.147955707	-0.0145979974	0.00391998741	0.475366328	0.349543096	6.1248659	0.281356193	0.0618813556	0.0345876979	25.547281
0.25	0.179683513	0.148452167	-0.013827792	0.00344302774	0.477094042	0.419239263	6.14599343	0.284050217	0.0505361592	0.0363111157	22.956729
0.26	0.1717415	0.149552804	-0.0127538149	0.00306598564	0.479144474	0.337235453	6.21174966	0.28649597	0.0240113335	0.0431074618	19.395474
0.27	0.165302992	0.151665863	-0.0114780628	0.00265970433	0.481921869	0.253303483	6.18844158	0.288063613	0.030728366	0.0342029124	19.697143
0.28	0.159953867	0.154709991	-0.00997922058	0.00222860433	0.485336367	0.151387228	6.09691693	0.288740297	0.0335905209	0.0449046446	19.306558
0.29	0.155720013	0.158163722	-0.00826301357	0.00182329822	0.489223639	0.0143092532	5.96626997	0.288834424	0.0508487213	0.0308104098	17.064811
0.3	0.152488008	0.162183027	-0.00630984518	0.00144789743	0.493453399	-0.142323345	5.77990514	0.288453196	0.0509440233	0.0335447613	19.51164
0.31	0.149680774	0.166177313	-0.00417682223	0.00108831311	0.498014128	-0.298195504	5.54519705	0.287537916	0.0516152682	0.0516071603	19.5113
0.32	0.146219467	0.171245398	-0.00196959344	0.000683382632	0.50270398	-0.390703293	5.34070708	0.287095026	0.0463334027	0.0719950384	18.353237
0.33	0.142253264	0.176820694	0.000333861852	0.000211188823	0.507265588	-0.417748583	4.99295711	0.286703317	0.0644884792	0.046572663	18.697939
0.34	0.137442333	0.182794785	0.00269585948	-0.000274392157	0.511999796	-0.46903844	4.59773368	0.286366812	0.0765166083	0.0623268024	19.891499
0.35	0.13144183	0.187987539	0.00508662177	-0.000774939869	0.51677796	-0.522405647	4.16623932	0.285587396	0.0227220632	0.0661466605	17.873402
0.36	0.12458174	0.192593315	0.00752888726	-0.0012876633	0.52130419	-0.567078197	3.69968262	0.284617317	0.0658628602	0.0448525218	18.341938
0.37	0.116685953	0.195537542	0.0100098988	-0.00170666916	0.525157587	-0.673929433	3.24971097	0.283814621	0.088065809	0.0588428355	17.314919
0.38	0.107923789	0.198158903	0.0123989121	-0.00210775181	0.528559407	-0.772313566	2.80335881	0.283838379	0.0599845515	0.0544965915	20.654315
0.39	0.0989340472	0.200490488	0.014788182	-0.0024755442	0.531324383	-0.875566975	2.37587421	0.283926625	0.0939155712	0.0363456884	19.685525
0.4	0.0899635286	0.203083943	0.0171859542	-0.00280877755	0.533455575	-0.968559843	1.96881976	0.284291773	0.0820148647	0.0419091786	20.084678
0.41	0.0809279448	0.205229329	0.0195503526	-0.00312396613	0.534978613	-1.04716468	1.59491923	0.284909681	0.0586152039	0.0497923474	19.183806
0.42	0.0723046851	0.206001488	0.021867206	-0.0034204846	0.535941845	-1.11176351	1.26551989	0.285322481	0.0390181448	0.0267425704	21.563637
0.43	0.0644312297	0.204357949	0.0241081499	-0.00372216042	0.536400486	-1.15698213	0.988055009	0.284669088	0.085096465	0.0349510901	18.120053
0.44	0.0568943809	0.202574252	0.0262633949	-0.00402616764	0.536383612	-1.17449492	0.751575851	0.284376386	0.085518588	0.0440854553	20.203155
0.45	0.0493732419	0.2012386	0.0283049654	-0.00433806428	0.535925089	-1.17726758	0.553399872	0.284825153	0.0764193932	0.0420964257	20.186549
0.46	0.0419135435	0.199376394	0.0301692527	-0.00466381381	0.535051431	-1.17741748	0.425975913	0.284617441	0.100584758	0.0316703014	19.605081
0.47	0.0345698058	0.195928493	0.031821121	-0.00503985874	0.533909234	-1.15527461	0.357250865	0.284658332	0.122098405	0.0355259711	18.431204
0.48	0.0282485734	0.19217003	0.0332739332	-0.0054754575	0.532501278	-1.10315583	0.351517147	0.284919586	0.100740006	0.00939471586	21.696031
0.49	0.0236114296	0.187964509	0.0343561521	-0.00592899597	0.53190453	-0.981733472	0.473468356	0.284788167	0.070915422	0.0269205997	20.341884
0.5	0.0207358585	0.184606929	0.0351537499	-0.00643281096	0.531760971	-0.790994799	0.631458444	0.284902188	0.0543387428	0.0278631455	20.293068
0.51	0.0212427907	0.18198212	0.0356521604	-0.00694345725	0.531968731	-0.617897594	0.882009627	0.285488188	0.0848719136	0.0224183592	17.990132
0.52	0.0217160438	0.181787385	0.0359026963	-0.0074420661	0.532570262	-0.471167164	1.15677829	0.286453336	0.0618849547	0.0273113815	19.492213
0.53	0.0225711754	0.180658889	0.0359405045	-0.00793218879	0.533572195	-0.340143482	1.40904723	0.286863086	0.0479237952	0.0295003367	20.086579
0.54	0.0225544906	0.180575853	0.0358085243	-0.00835038137	0.534646989	-0.292151541	1.68525778	0.28719379	0.0350290265	0.0147457014	20.589037
0.55	0.0214167596	0.181921485	0.0355074012	-0.00876483409	0.53605851	-0.196900649	1.91547009	0.287387005	0.0279327074	0.0224500177	20.758175
0.56	0.0194294437	0.184581697	0.0350577358	-0.00916119074	0.5376217	-0.101087071	2.08566298	0.287498509	0.0634005673	0.0169072199	18.227908
0.57	0.0177698719	0.187132329	0.0344911102	-0.00951651963	0.53925027	-0.0251064807	2.17862994	0.287294838	0.0367087533	0.0150805641	16.396915
0.58	0.0169257667	0.188918926	0.033933153	-0.00994248526	0.540432849	0.150222503	2.25260509	0.286896525	0.0428588532	0.0114532921	18.882248
0.59	0.0166562525	0.190616253	0.0333171746	-0.0103242746	0.541681443	0.268203365	2.22299783	0.286159992	0.0417370983	0.0172520467	18.974677
0.6	0.0173095124	0.192833882	0.0327541356	-0.0106570945	0.542729551	0.341251041	2.0967391	0.284970488	0.100912343	0.0326362962	19.479189
0.61	0.0193945904	0.195414426	0.0322600012	-0.0109411513	0.543414863	0.377414242	1.90542212	0.283571882	0.0737346974	0.00505518594	18.330105
0.62	0.0229647899	0.197885718	0.0318216718	-0.0111895686	0.543729734	0.384556246	1.69233832	0.281662429	0.0721935321	0.0202641762	20.937799
0.63	0.0275315483	0.200441574	0.031417007	-0.011397925	0.543608187	0.362376157	1.46795957	0.279747132	0.0568997368	0.0160345262	16.811192
0.64	0.0315631509	0.202937463	0.0309607753	-0.0115866446	0.543209322	0.330633058	1.26106375	0.278308162	0.128696133	0.0236345127	17.580687
0.65	0.0344979017	0.203628554	0.0304854666	-0.0117805944	0.542527466	0.313760521	1.07501847	0.276871401	0.111804737	0.0207545519	17.572844
0.66	0.036384083	0.203306113	0.0299963615	-0.0119798019	0.541523789	0.293448003	0.906223744	0.275641918	0.0780777379	0.0155724303	18.122288
0.67	0.0371304338	0.201807152	0.0295072088	-0.0121970169	0.540236767	0.268807429	0.750161296	0.274118959	0.0708162362	0.0159040214	21.113767
0.68	0.0379016678	0.200600481	0.0290432518	-0.0124579489	0.53861721	0.253022016	0.621707679	0.27254712	0.10119497	0.0275546833	19.662955
0.69	0.0386767401	0.199998363	0.0286038105	-0.0127796847	0.536652204	0.249813849	0.523416617	0.271226816	0.142162106	0.010945334	18.742303
0.7	0.0383549418	0.198131141	0.0281729391	-0.0131520833	0.534455262	0.264526644	0.443883391	0.269795186	0.0925824809	0.0274208495	18.709191
0.71	0.0373162698	0.196790323	0.0277131012	-0.0135974844	0.532086978	0.330143576	0.4127817	0.269116545	0.117089805	0.00881643615	18.45877
0.72	0.0353036283	0.195688731	0.0272310249	-0.0140986442	0.529482498	0.437934748	0.42706078	0.26939616	0.103492798	0.0393355901	18.473092
0.73	0.0325319196	0.194563428	0.0267363508	-0.0146495293	0.526563677	0.567239656	0.479495972	0.270400855	0.112521244	0.0106887984	16.852903
0.74	0.0294812617	0.193183733	0.0260206599	-0.015183118	0.524697547	0.642170694	0.664913493	0.271773391	0.0676582636	0.00429286855	20.576126
0.75	0.0266990667	0.19178852	0.0251784113	-0.015635743	0.523407203	0.605715073	0.880668143	0.273376422	0.0336252626	0.00784674781	17.975433
0.76	0.0247674072	0.19131771	0.0242174538	-0.0160797357	0.522885546	0.567646226	1.17752451	0.275084379	0.0348272275	0.02177846	17.343248
0.77	0.0230686355	0.19024651	0.0231581795	-0.0165466094	0.522782506	0.55183163	1.60959989	0.276494419	0.0799415485	0.0266484785	19.766373
0.78	0.0223933434	0.189461181	0.022151945	-0.0169375707	0.523196599	0.44727024	2.0155712	0.277693193	0.0624365169	0.0126595633	19.804878
0.79	0.0230388209	0.190607745	0.021236131	-0.0172219894	0.524037658	0.288883374	2.3535295	0.27912916	0.0782456275	0.0317456426	17.673534
0.8	0.0243760809	0.192722739	0.0204105562	-0.0174097757	0.525365438	0.103035162	2.62187351	0.280332664	0.0689174146	0.0166795263	16.952393
0.81	0.0254678076	0.194712451	0.019673428	-0.0174735253	0.526955968	-0.134846728	2.82238114	0.281215945	0.102070323	0.013087758	17.838532
0.82	0.0262556049	0.196431121	0.0190181441	-0.0174331521	0.528731489	-0.395115337	2.95749882	0.281754675	0.0605454856	0.0203270384	17.192647
0.83	0.0265534593	0.197671796	0.0184635863	-0.0171920685	0.530228195	-0.767160378	3.08920764	0.282193517	0.05907511	0.0110853624	17.698247
0.84	0.0259275384	0.196866851	0.0179488349	-0.0168396654	0.53179851	-1.0812252	3.11833166	0.281977741	0.0443993143	0.0220528694	17.44027
0.85	0.0251793692	0.196015427	0.017456573	-0.0163979474	0.533279966	-1.32759916	3.09817194	0.281875159	0.133724816	0.0182680334	17.776853
0.86	0.0239080879	0.194662866	0.0169969438	-0.015900066	0.534475959	-1.48724428	3.04807347	0.281994755	0.0963010331	0.0178624344	20.177573
0.87	0.0222654307	0.192624502	0.0165835789	-0.0153678859	0.535363349	-1.56412385	2.95869816	0.282144541	0.0864231066	0.0158823754	16.307001
0.88	0.020179795	0.190054524	0.01622239	-0.0148290417	0.535959703	-1.55536496	2.8174508	0.282417585	0.091968886	0.0162359366	17.516255
0.89	0.0181345838	0.187139961	0.0159338667	-0.014293234	0.536280075	-1.46953938	2.61672915	0.282638057	0.056665685	0.0068143162	18.1225
0.9	0.0164419326	0.184789402	0.0156999196	-0.013783184	0.536348517	-1.33321124	2.37228019	0.283091595	0.0730127014	0.0356462795	17.174707
0.91	0.0155349111	0.182420286	0.0155008914	-0.0133119248	0.536197433	-1.14920506	2.10601524	0.283234095	0.0790787422	0.0137432136	19.375653
0.92	0.015437286	0.178926452	0.0153069021	-0.0128693682	0.53589821	-0.939778013	1.84080851	0.283091657	0.048608997	0.0230936443	17.29871
0.93	0.0169592214	0.176761014	0.0150800449	-0.012454976	0.535487566	-0.709301187	1.58892313	0.28324222	0.100355079	0.0163688105	18.237671
0.94	0.0193245479	0.175617469	0.014732187	-0.0120424068	0.535023319	-0.507859479	1.40017377	0.283874488	0.0976413285	0.0198568634	18.310821
0.95	0.0221549174	0.174605663	0.0142772684	-0.0116327596	0.534526731	-0.338883521	1.25860425	0.284741309	0.114364382	0.0145841678	17.41998
0.96	0.0251967262	0.173905538	0.0136994107	-0.011229824	0.534014462	-0.183819118	1.14504393	0.285845414	0.0881812126	0.0173764562	18.402982
0.97	0.0284223357	0.172582014	0.0130254529	-0.0108344476	0.533394211	-0.0377093763	1.0392749	0.286951947	0.124536683	0.0118825701	18.267981
0.98	0.0314153002	0.171718324	0.0122592441	-0.0104386566	0.532643401	0.100191443	0.945677244	0.288263664	0.092152483	0.0226442024	20.393401
0.99	0.0346785209	0.169158002	0.011439273	-0.0100512507	0.531699998	0.245217121	0.847415473	0.289212466	0.0634567833	0.0168701958	18.865783
1	0.037712566	0.166630833	0.0104101147	-0.00973390902	0.531496741	0.413258325	0.854386973	0.29025717	0.0528375694	0.0103693333	18.564684
1.01	0.0399036429	0.165700368	0.0093107283	-0.00951405097	0.531533249	0.66587511	0.853971758	0.291659486	0.0631921817	0.0339029454	18.782206
1.02	0.041788819	0.164785149	0.00812610716	-0.00937660823	0.531895398	0.874681661	0.875210283	0.292858939	0.0559739282	0.0220943173	16.733711
1.03	0.042736142	0.164527935	0.00694489042	-0.00923105194	0.532187185	0.968336162	0.977056859	0.294078638	0.0468897354	0.0170371877	20.386329
1.04	0.0434949949	0.163772045	0.00577138627	-0.0091622047	0.532623628	1.06635203	1.0670619	0.294999902	0.0556361134	0.00734605297	18.922447
1.05	0.043871049	0.163076051	0.00460086422	-0.00918201964	0.533221581	1.15952626	1.15055707	0.295688358	0.0548619311	0.00449724295	18.284404
1.06	0.043563517	0.164017094	0.00345846456	-0.00930252242	0.533959954	1.24902031	1.22562432	0.296504453	0.0443050724	0.0257972391	18.0611
1.07	0.0433910639	0.164283117	0.00237294443	-0.00951475611	0.534809319	1.32194312	1.29547618	0.296948215	0.0602164125	0.0179105289	16.810256
1.08	0.0434325637	0.164026866	0.00134640415	-0.00981938683	0.535754486	1.37947175	1.34756041	0.297141029	0.039204817	0.0222576064	18.705852
1.09	0.04364718	0.163690517	0.000353986036	-0.0102366322	0.536797087	1.4366986	1.36578958	0.29708981	0.0574617271	0.0108458901	15.75283
1.1	0.0445724827	0.162710989	-0.000561364044	-0.010754504	0.537761631	1.48259223	1.35346156	0.296917905	0.103884094	0.0299083983	17.988929
1.11	0.0454309414	0.162762681	-0.00136757509	-0.0114039899	0.538256067	1.59126664	1.39369626	0.297183478	0.105831581	0.015390149	19.285341
1.12	0.0464374351	0.162021814	-0.00207287911	-0.0121302683	0.538645709	1.61110482	1.39453165	0.297027083	0.111356603	0.0299084675	19.658086
1.13	0.0468845946	0.161819966	-0.00267951488	-0.0129224456	0.538878709	1.59250804	1.37987446	0.296854663	0.101087918	0.0238005975	19.159458
1.14	0.0467573438	0.162387642	-0.00321526149	-0.0137781123	0.538973432	1.5404051	1.35932398	0.296834121	0.063029141	0.0186138291	18.732511
1.15	0.0468238477	0.161268117	-0.00368611333	-0.014675676	0.538937198	1.45316543	1.31842781	0.296556013	0.108016434	0.0426766071	17.563174
1.16	0.0468635742	0.159124899	-0.00412847762	-0.015621701	0.538754334	1.35331245	1.27546292	0.296259056	0.0790963334	0.0179588458	18.941189
1.17	0.0470599929	0.156378912	-0.00456627767	-0.0165960789	0.538457192	1.25999126	1.25024429	0.296004944	0.0757949004	0.0260238924	20.475443
1.18	0.0475914345	0.153168785	-0.00500688279	-0.0175897439	0.538089794	1.18422914	1.25085901	0.295691895	0.0744761519	0.0118247339	18.573268
1.19	0.0478366933	0.152240546	-0.00548115197	-0.0186069373	0.537689824	1.13699977	1.31119273	0.295985401	0.0995723413	0.0248645204	17.257164
1.2	0.0482338945	0.151300138	-0.00598092681	-0.0196247902	0.537159996	1.09848109	1.38814807	0.29634829	0.0956967335	0.0201026276	19.467064
1.21	0.0497367074	0.14899901	-0.00650883048	-0.020621923	0.536559048	1.07530768	1.47704537	0.296722893	0.147522324	0.0429409092	18.335331
1.22	0.0517216751	0.147603025	-0.0070627994	-0.0215874962	0.535804796	1.04520244	1.57782704	0.297582792	0.137517172	0.0449825655	19.753399
1.23	0.0540627794	0.146385172	-0.00765469286	-0.0225243313	0.534898819	0.981950743	1.66342745	0.298679019	0.115787819	0.0156089774	17.465958
1.24	0.0562255119	0.144921349	-0.00821704296	-0.0234264663	0.53375452	0.84641889	1.66863813	0.299631091	0.100260285	0.0410512515	17.304889
1.25	0.0583684609	0.142998523	-0.00895350787	-0.0242485985	0.533670008	0.651609775	1.74220395	0.30047479	0.0675624902	0.0243838118	17.834537
1.26	0.0593542334	0.142468377	-0.00975524467	-0.0250522145	0.533784295	0.506332293	1.92279157	0.301697715	0.058195329	0.028230616	20.03856
1.27	0.0600228682	0.142056342	-0.0106078361	-0.0257219764	0.534347073	0.281885528	2.06132225	0.302629268	0.0584120429	0.0106339565	17.733847
1.28	0.0603690431	0.141557813	-0.0115348337	-0.0262760557	0.53530454	0.0859622907	2.17094707	0.303101414	0.0613406096	0.0229305584	17.770632
1.29	0.0597057272	0.141925151	-0.0125132399	-0.0267228104	0.536446959	-0.0852413108	2.25724578	0.303281043	0.0832953718	0.0205060047	18.754491
1.3	0.0581474012	0.142786372	-0.0135239211	-0.0270573361	0.537697413	-0.228179575	2.30326891	0.303184764	0.0439359548	0.0122715399	16.819321
1.31	0.0556830774	0.144378223	-0.0145757865	-0.0272734965	0.539011543	-0.358733283	2.32143108	0.302909996	0.0394432083	0.00853537534	18.194142
1.32	0.0533594111	0.144757156	-0.0156707816	-0.0273910848	0.540418447	-0.479148918	2.29403251	0.302180382	0.050540247	0.0314758455	17.974871
1.33	0.05077524	0.145553054	-0.0168134736	-0.0273940179	0.541964254	-0.603269655	2.26520614	0.301419838	0.0917054169	0.0158018085	17.458008
1.34	0.0483012946	0.147053682	-0.0180150187	-0.0272816543	0.543592293	-0.735246336	2.22212895	0.300738289	0.04229208	0.0128370792	16.904125
1.35	0.0463488755	0.148895735	-0.0192499741	-0.0270839471	0.545200748	-0.863351151	2.1704184	0.300063803	0.119469681	0.0114950475	16.663041
1.36	0.0451373476	0.150629737	-0.0204594383	-0.0267679776	0.546254551	-1.01682168	2.17536638	0.299573672	0.10045087	0.0145532072	16.475329
1.37	0.0444924342	0.152261981	-0.0216634957	-0.0264437477	0.54702959	-1.10037901	2.1732436	0.299273724	0.106291711	0.00862758432	16.669653
1.38	0.0441367229	0.153488265	-0.0228541216	-0.026098899	0.5475428	-1.15420629	2.18177692	0.299128829	0.0885509181	0.0189058015	18.819087
1.39	0.0438529957	0.15315534	-0.0240193963	-0.0257312413	0.547692799	-1.17463166	2.19018879	0.298857651	0.126969481	0.0241039952	18.294889
1.4	0.0432823368	0.152456658	-0.0251047879	-0.0253573118	0.547472764	-1.15782484	2.1714982	0.298571842	0.0957322468	0.00355153191	18.153123
1.41	0.0418451876	0.154739256	-0.0260865378	-0.024995007	0.546853165	-1.11879762	2.12713074	0.298841564	0.0990784407	0.0514969566	16.677156
1.42	0.0405486855	0.15779692	-0.0269421044	-0.024648222	0.545892002	-1.04614657	2.06177329	0.299068097	0.0529614406	0.0211520508	18.06522
1.43	0.0395981559	0.16034722	-0.0277660178	-0.0242922068	0.544755538	-0.962920378	2.01272856	0.299234031	0.105051415	0.0336703791	18.262572
1.44	0.0386456692	0.16202719	-0.02857766	-0.0239246973	0.543522886	-0.858374763	1.97179109	0.299386471	0.0857526521	0.0171739715	19.230345
1.45	0.0376119506	0.162393239	-0.0293952383	-0.0235565475	0.542255691	-0.735152152	1.93198125	0.299472611	0.0781560217	0.00768862228	22.031863
1.46	0.036479759	0.161473326	-0.0302222955	-0.02320087	0.540908956	-0.616236115	1.89499067	0.299483322	0.103160786	0.0162928534	18.127949
1.47	0.0353315973	0.16010411	-0.0310965807	-0.0228612783	0.53949795	-0.514678371	1.89054031	0.299641615	0.126548871	0.0146207783	16.234243
1.48	0.034218007	0.158513921	-0.0320068053	-0.0225482803	0.538004162	-0.418734305	1.90381427	0.299912455	0.0888513614	0.00319765759	18.569187
1.49	0.0333270671	0.156924146	-0.0329202101	-0.0222763374	0.536441182	-0.322963973	1.90692024	0.30018297	0.0802545376	0.00695199448	18.286456
1.5	0.0326111216	0.154969598	-0.0338516465	-0.0220524009	0.53475383	-0.237725796	1.90851141	0.300485987	0.0614953794	0.0177680149	17.589598
1.51	0.0321213103	0.152652586	-0.0348351046	-0.0219648647	0.533378919	-0.0222754746	2.04461871	0.30101135	0.0624213238	0.0161948386	18.323846
1.52	0.0323019212	0.149517885	-0.0359328423	-0.0219831014	0.532300934	0.207609047	2.12578464	0.301277799	0.0354538354	0.0173649572	18.784347
1.53	0.0319740377	0.149086354	-0.0370958972	-0.0220148245	0.531915447	0.352980661	2.25013251	0.301844212	0.0522360926	0.0383813451	19.17997
1.54	0.03175384	0.148066396	-0.0382426149	-0.0219677696	0.53164646	0.380131184	2.44630231	0.302470146	0.0418329232	0.0218826737	17.206347
1.55	0.0319756115	0.145449984	-0.039383154	-0.0219587535	0.531858559	0.436297157	2.56313164	0.302411837	0.0704567451	0.0284350472	17.412902
1.56	0.0322587161	0.14296921	-0.0405050323	-0.0219897537	0.532443482	0.516615053	2.61874662	0.302043932	0.0351162664	0.00881951524	17.853403
1.57	0.0323070904	0.141476741	-0.0415755192	-0.0220701794	0.533270989	0.614212172	2.59838267	0.301511878	0.0695270701	0.00825094693	18.047632
1.58	0.0324930646	0.14011893	-0.0425586191	-0.0221932901	0.534263031	0.725434607	2.49880906	0.300697312	0.0374377766	0.0234899495	18.872621
1.59	0.033589123	0.139734281	-0.0434911316	-0.0223618682	0.535361006	0.844956546	2.35892658	0.300155534	0.0401422726	0.00949559147	17.293162
1.6	0.035573095	0.139290455	-0.0443928219	-0.022599088	0.53638422	0.983235957	2.19123022	0.299707612	0.114989973	0.0141082619	17.685727
1.61	0.0380296057	0.139057424	-0.0452749117	-0.0229184517	0.537267937	1.1211507	2.01132719	0.29936079	0.0642169703	0.0261474774	18.442661
1.62	0.0407847639	0.138644449	-0.0461078004	-0.0233006564	0.537901355	1.23934997	1.8335863	0.299097442	0.100803415	0.0116141307	17.931188
1.63	0.0433159221	0.13780455	-0.0469171682	-0.0237074182	0.53824278	1.32181884	1.67952278	0.298790211	0.11218025	0.0302792395	18.554383
1.64	0.0457012496	0.135897784	-0.0477141925	-0.0241285256	0.538301824	1.35918741	1.54760412	0.298508488	0.0975725936	0.0165942881	20.222025
1.65	0.0477383564	0.133748792	-0.0484752808	-0.0245664867	0.53808109	1.35895814	1.43306375	0.298444911	0.0665677453	0.00865814726	18.791425
1.66	0.0491630311	0.131923221	-0.0492462424	-0.0250176748	0.537601575	1.31943957	1.34883383	0.298803607	0.117823489	0.0217862609	18.026667
1.67	0.0509062103	0.1292583	-0.0500023159	-0.0254810643	0.536835415	1.24656548	1.30054075	0.299284572	0.0559701545	0.0128736668	17.471341
1.68	0.0533067262	0.125318743	-0.0507563236	-0.0259508731	0.535863386	1.12697725	1.27053511	0.299520928	0.103693274	0.0226736163	20.805409
1.69	0.0557780244	0.121764307	-0.0515178544	-0.0264191353	0.534643676	0.968845377	1.26082331	0.299957368	0.143759992	0.0331511968	18.148433
1.7	0.0587379025	0.117691678	-0.0522669346	-0.0268852412	0.533202595	0.777427048	1.27147331	0.300384422	0.0916296009	0.0160778531	18.586311
1.71	0.0613577467	0.114611618	-0.0530587562	-0.0273449748	0.53160402	0.573431982	1.3271004	0.301020982	0.0931303883	0.0256868486	16.937357
1.72	0.0639420532	0.112164766	-0.053893755	-0.0277901765	0.529866274	0.360431771	1.43105755	0.301848476	0.0930096778	0.0190246856	17.63331
1.73	0.0663100552	0.110528787	-0.0547660307	-0.0282191461	0.527909197	0.156430464	1.59996508	0.302922651	0.116322162	0.0370215636	18.568692
1.74	0.0673206145	0.11036341	-0.055703594	-0.0287836638	0.526181948	0.0836169861	1.74526658	0.303878036	0.100668087	0.0425394743	17.657365
1.75	0.0670639203	0.111496099	-0.0567172783	-0.0292890561	0.524988376	-0.124104373	1.9562383	0.304796301	0.0348681179	0.0228718999	19.549799
1.76	0.0660244661	0.113218054	-0.0578180675	-0.0297831737	0.524457689	-0.299356456	2.24013495	0.305560619	0.0492356886	0.0199779014	16.314175
1.77	0.0640638151	0.1155643	-0.0589551199	-0.0303374641	0.524207667	-0.407568004	2.59208814	0.306263849	0.0613858669	0.007044028	17.601534
1.78	0.060440403	0.119762408	-0.0601614935	-0.0309084819	0.524619861	-0.581407655	2.88190493	0.306519814	0.0568338775	0.0468879824	18.436904
1.79	0.0560255996	0.124153132	-0.0613980484	-0.0314736779	0.525520632	-0.799100575	3.09857647	0.306123073	0.0712160715	0.0110366819	18.624168
1.8	0.0505043989	0.130156849	-0.0626507183	-0.0320500237	0.526844552	-1.01460791	3.22513476	0.305386336	0.0511433538	0.040486102	18.564964
1.81	0.0452476041	0.135303538	-0.0639310252	-0.0326136761	0.528495668	-1.23516166	3.25921044	0.304118658	0.0457344686	0.0289539619	18.525287
1.82	0.0409202901	0.139241228	-0.0651632316	-0.033017908	0.530010056	-1.62896243	3.26487785	0.3025704	0.124628437	0.017819918	18.695342
1.83	0.0377592855	0.142053979	-0.0664416716	-0.0333532386	0.53190998	-1.98162518	3.17500146	0.300639947	0.0401045206	0.0215791773	17.349381
1.84	0.0380298404	0.145619455	-0.0677671528	-0.0336312051	0.533919165	-2.2908277	3.083387	0.299838462	0.035969047	0.015514147	16.891542
1.85	0.0398752202	0.148480499	-0.0691872004	-0.0338714687	0.535944107	-2.54957157	3.00282451	0.299758762	0.13065256	0.0243584061	16.570395
1.86	0.0418809773	0.149405779	-0.0707170362	-0.0340982956	0.537826575	-2.73111567	2.94474552	0.299947867	0.104044899	0.015973303	18.218208
1.87	0.0434382826	0.148441372	-0.072372243	-0.0343317716	0.539522167	-2.83403043	2.91670842	0.300379834	0.110639675	0.0129057664	16.850196
1.88	0.0446342898	0.146602626	-0.0741349066	-0.0345872986	0.54097138	-2.84710757	2.90410275	0.301111457	0.0928814237	0.0157997542	18.702847
1.89	0.0458890552	0.143815839	-0.0759540244	-0.0348492055	0.542113689	-2.77597822	2.89871419	0.301921264	0.0769285757	0.0116035445	18.929226
1.9	0.0474897645	0.140233769	-0.0778224388	-0.0351279846	0.54301552	-2.62531872	2.90513305	0.302753443	0.0828696086	0.00836521182	19.423013
1.91	0.0496791259	0.135079592	-0.0797264589	-0.0354249587	0.543726937	-2.40731356	2.9302063	0.303162891	0.0874079299	0.0205995239	18.207386
1.92	0.0524653368	0.129704	-0.081636342	-0.0357304806	0.544195935	-2.12552919	2.96869525	0.303474393	0.0405059815	0.0107015589	18.570175
1.93	0.0554887744	0.124660854	-0.0835409732	-0.0360502885	0.544386906	-1.79329536	3.0071785	0.303768753	0.0923732785	0.0178702325	19.13381
1.94	0.0584526663	0.120057319	-0.0854247264	-0.0363903089	0.544274476	-1.43079757	3.04085196	0.304068165	0.0885116517	0.0181690676	18.498371
1.95	0.0608778272	0.116990911	-0.0872536309	-0.0367629617	0.543815199	-1.04523256	3.05951005	0.304543269	0.0968872792	0.0169534042	17.986219
1.96	0.063127251	0.114667373	-0.0889904486	-0.0371573779	0.54293752	-0.640653627	3.05559218	0.30518132	0.100675459	0.0213982177	18.698639
1.97	0.0654976567	0.111791546	-0.0906465027	-0.0375559723	0.541545411	-0.266420394	3.06037591	0.305935505	0.132959087	0.0344667314	18.350593
1.98	0.0672236875	0.109396751	-0.0922357458	-0.0379876552	0.539730037	0.0910383778	3.04943344	0.306651838	0.133043024	0.0282198994	18.568794
1.99	0.06842378	0.107303258	-0.0937285845	-0.0384233203	0.537453512	0.400202708	3.03659491	0.307316114	0.0832831882	0.0156563407	17.529175
2	0.0694154435	0.105121103	-0.0951466352	-0.0387805064	0.53512056	0.52509308	2.93277049	0.307448331	0.0695877314	0.0122347803	18.238866
2.01	0.0704246949	0.102645884	-0.0965153959	-0.0390434106	0.532705924	0.527604395	2.76253369	0.307086509	0.0558097659	0.0152091669	19.487711
2.02	0.0710223068	0.100704883	-0.0978670478	-0.0393305791	0.530702408	0.575258653	2.65777758	0.306482933	0.0306366559	0.0168254476	16.3372
2.03	0.0713041306	0.0992419517	-0.0991768318	-0.0396460111	0.529150549	0.64659887	2.58332316	0.305964845	0.0585379703	0.00570372959	18.152267
2.04	0.0710889472	0.0996584267	-0.100422722	-0.0400570574	0.52773699	0.826603618	2.47243088	0.305811223	0.0665313911	0.0281238298	20.202219
2.05	0.0704903929	0.100323154	-0.101657654	-0.0404053419	0.526610377	0.86597816	2.46896075	0.306043232	0.0573637367	0.0115714802	19.23622
2.06	0.0699213931	0.100978758	-0.102911703	-0.0407632396	0.526083951	0.893485119	2.47662556	0.30625845	0.0583664214	0.0157246644	17.840916
2.07	0.0688267485	0.102759997	-0.104202626	-0.041112818	0.526052057	0.896067079	2.50594537	0.306529281	0.0277747576	0.0255657117	17.083485
2.08	0.0675157983	0.104939593	-0.105533418	-0.0414767602	0.526572689	0.906420754	2.57760067	0.306814555	0.0666291396	0.0136245158	17.548244
2.09	0.0664831339	0.106482681	-0.106864832	-0.0418380931	0.527594622	0.890792186	2.66758744	0.306991123	0.0422367128	0.00457697176	17.188081
2.1	0.0651549855	0.108054465	-0.108200592	-0.0422561961	0.528554241	0.917938406	2.83670781	0.307258838	0.0991732839	0.0244671396	18.296155
2.11	0.0635637046	0.109717865	-0.109521015	-0.0426148147	0.529345854	0.853741532	2.8980804	0.30701218	0.106683652	0.0155513331	18.049288
2.12	0.0615206188	0.111784014	-0.110773613	-0.0429489082	0.530044479	0.792342154	2.92963643	0.306599584	0.0736886485	0.0231726791	17.91709
2.13	0.0594469474	0.114219928	-0.111913966	-0.0432500255	0.530335746	0.73144958	2.92325919	0.306292943	0.113926956	0.0225627633	17.662639
2.14	0.0575335438	0.117169526	-0.112993049	-0.0435290352	0.53022589	0.668257837	2.90969752	0.306213161	0.103680953	0.0243511901	17.936733
2.15	0.0567930372	0.118958191	-0.114007517	-0.0437804838	0.529654394	0.604023841	2.87499169	0.306211857	0.134143104	0.0476032377	18.227027
2.16	0.0570633219	0.119559443	-0.114925656	-0.0440245539	0.528721759	0.549823799	2.8175597	0.306226325	0.107250421	0.0214284287	18.867428
2.17	0.0581550957	0.119548832	-0.115793495	-0.0442571471	0.527511236	0.501858264	2.75387631	0.306266864	0.0763252925	0.0304076595	19.15552
2.18	0.0597413755	0.11929918	-0.116602537	-0.0444792835	0.52615886	0.448209484	2.6738225	0.306266444	0.0971604174	0.0227674147	17.898448
2.19	0.0624797663	0.116997016	-0.117327576	-0.0446897287	0.524782687	0.396701851	2.55374106	0.306081442	0.125498971	0.0201204011	17.929463
2.2	0.0655011598	0.114544308	-0.118010351	-0.0448967438	0.523435108	0.371199547	2.42682009	0.305948076	0.125158133	0.024171288	18.810319
2.21	0.068853186	0.111413272	-0.118597237	-0.0451029982	0.52207398	0.380035164	2.27959198	0.3057848	0.125650679	0.0188361226	18.010101
2.22	0.0720026955	0.108737104	-0.119111333	-0.0453127931	0.520695266	0.434990222	2.12634975	0.305699556	0.112683584	0.0121530486	17.100167
2.23	0.0742267917	0.107275606	-0.119647759	-0.0454136439	0.519979754	0.346506036	2.15075647	0.306040598	0.0824275768	0.0104677158	19.313958
2.24	0.075603633	0.107116778	-0.120128217	-0.0453040192	0.519373901	0.0513436502	2.21542633	0.306395788	0.0685312554	0.0190118266	19.191427
2.25	0.0764493381	0.107244849	-0.120628258	-0.0451690418	0.519658943	-0.127183457	2.33766602	0.306752042	0.0619661536	0.0174262777	16.90225
2.26	0.0764240444	0.107914759	-0.121063154	-0.0450756433	0.520149635	-0.152070313	2.56777868	0.307528116	0.0344272314	0.0208176634	17.053093
2.27	0.0759051312	0.108846359	-0.121442733	-0.044904729	0.521367967	-0.229672354	2.75364038	0.307788695	0.0686348266	0.0134316859	17.386364
2.28	0.0750854972	0.109776122	-0.121762396	-0.044643109	0.52310513	-0.354567731	2.8950517	0.307569464	0.0477275178	0.0104947915	17.472402
2.29	0.0740176316	0.110556456	-0.121997118	-0.044291142	0.525112523	-0.502429889	3.01257389	0.306960586	0.065500911	0.01219627	18.698343
2.3	0.0718873933	0.112320289	-0.122176596	-0.0438757211	0.527245484	-0.654681359	3.08707172	0.305835451	0.108632153	0.038075097	17.241486
2.31	0.0690915	0.114854758	-0.122296189	-0.0433843108	0.529468759	-0.82022138	3.14069761	0.304637191	0.0699987959	0.0138809937	17.170989
2.32	0.0665126314	0.117595505	-0.122278213	-0.0428174734	0.531564812	-0.967488487	3.1981461	0.304126142	0.0637069903	0.0229983793	20.384963
2.33	0.0644932985	0.120137666	-0.122155955	-0.0421648099	0.533518788	-1.10139292	3.25846936	0.304013932	0.0775328469	0.0187409156	18.001757
2.34	0.0635259135	0.120957651	-0.121980984	-0.041411514	0.535268958	-1.21962142	3.30149486	0.303980528	0.102928828	0.0534196345	17.793797
2.35	0.0634245072	0.120618347	-0.121747941	-0.0405729887	0.5366806	-1.32516161	3.34951384	0.304094028	0.113738541	0.0246185185	17.397587
2.36	0.0641740083	0.118565974	-0.121431966	-0.0396749989	0.537664489	-1.40902708	3.38127131	0.304204644	0.104298138	0.0409324246	16.859633
2.37	0.0652148494	0.116788501	-0.121038816	-0.0387471021	0.538244694	-1.47825837	3.40805849	0.304410686	0.0725897028	0.0178658902	20.026546
2.38	0.0659216317	0.11562086	-0.120572769	-0.0378178158	0.538450615	-1.53975283	3.4250534	0.304597553	0.115552982	0.0300138968	21.002355
2.39	0.0664611888	0.113984007	-0.120013676	-0.0368984823	0.538279678	-1.58204937	3.42074198	0.30468731	0.100599911	0.028962718	19.062522
2.4	0.0670595095	0.111640064	-0.119411443	-0.0360302756	0.537751087	-1.61240621	3.4148733	0.305017511	0.104216344	0.0526910136	19.145606
2.41	0.0669806625	0.109456248	-0.118813249	-0.0352158237	0.536877075	-1.63815573	3.39784442	0.305076117	0.100674081	0.0272296251	19.991601
2.42	0.066589074	0.108484643	-0.118199424	-0.0344732901	0.535644251	-1.62607496	3.36880044	0.305363349	0.0452280428	0.0327386416	18.622696
2.43	0.0659127655	0.107096538	-0.11764192	-0.0338411777	0.534184501	-1.56166542	3.32798368	0.30561268	0.100534695	0.0302202616	17.216961
2.44	0.064484868	0.106400642	-0.11719586	-0.0333302713	0.532572803	-1.46894234	3.28531144	0.305693241	0.0862279901	0.0142063661	17.783129
2.45	0.0623330329	0.105835506	-0.116831864	-0.032945759	0.530915032	-1.35334959	3.23056527	0.305674199	0.103419718	0.0244074983	18.713808
2.46	0.0600014845	0.104200189	-0.116537228	-0.0326881938	0.52913759	-1.21615268	3.1523925	0.305456521	0.0942669835	0.0269322846	18.633584
2.47	0.0571079668	0.103298224	-0.116270835	-0.0325382897	0.527090573	-1.06624261	3.04757487	0.305238121	0.107582566	0.0265116244	20.393081
2.48	0.0543398993	0.103270949	-0.116049489	-0.0324769597	0.524824545	-0.907054939	2.9324548	0.305259154	0.125831787	0.0278347769	18.457219
2.49	0.051447433	0.103894936	-0.115890098	-0.0325043997	0.522343991	-0.763594618	2.8191492	0.305394241	0.111200535	0.0263016364	19.736433
2.5	0.0496583612	0.104399723	-0.115881299	-0.0324725581	0.520209932	-0.77304766	2.63360449	0.305324325	0.0578618604	0.0164127856	18.41129
2.51	0.0481325464	0.104567934	-0.116174014	-0.0325084308	0.519099796	-0.721354317	2.57725519	0.305277283	0.0561778406	0.0213293006	20.027082
2.52	0.0467556967	0.105732747	-0.116653449	-0.0325118343	0.51822104	-0.681771041	2.61533416	0.305552072	0.0611402559	0.0243506229	19.632197
2.53	0.0455218097	0.108136411	-0.117351314	-0.0325856944	0.51835221	-0.643347344	2.68752909	0.305649549	0.0512248873	0.0132925256	17.804327
2.54	0.044833122	0.111972792	-0.118198016	-0.0327025805	0.519166115	-0.631835356	2.77430947	0.305656789	0.0502348181	0.0289631576	17.724652
2.55	0.0448502984	0.114783806	-0.11919096	-0.0328857942	0.520592477	-0.61914384	2.88759267	0.305401217	0.0748878882	0.0386791505	18.62093
2.56	0.0455595992	0.117029192	-0.120307504	-0.0331207499	0.522577538	-0.597587358	3.01429194	0.305010463	0.0334078468	0.0152237037	18.163696
2.57	0.0471342141	0.118315732	-0.121491609	-0.033404584	0.525019077	-0.557356139	3.13304514	0.304520062	0.0304103064	0.016684391	17.277944
2.58	0.0500155332	0.119836667	-0.122725257	-0.0337493398	0.527869567	-0.502750829	3.26081244	0.304285962	0.0431739874	0.0337938272	17.558963
2.59	0.0536661532	0.121018668	-0.123997965	-0.0341658249	0.530938019	-0.434153442	3.35646562	0.304216151	0.0502488895	0.0274252203	20.53729
2.6	0.0574935925	0.121744669	-0.125246715	-0.0346750026	0.533334689	-0.298804961	3.37828912	0.304282077	0.121903094	0.0212740789	18.376632
2.61	0.061268444	0.122354642	-0.126507713	-0.035214205	0.535749031	-0.149574372	3.3868485	0.304440307	0.100662996	0.0200715925	17.903106
2.62	0.0644784556	0.123841418	-0.127712892	-0.0357640362	0.537823947	0.0318735749	3.41905574	0.304897032	0.149248711	0.0461164544	17.594398
2.63	0.0671562868	0.123149072	-0.128822128	-0.0363141002	0.539431667	0.229691702	3.47530519	0.30542715	0.0773078818	0.0199770632	19.076259
2.64	0.0697284565	0.121271917	-0.129865884	-0.0368542135	0.540635813	0.428719124	3.55546117	0.306121915	0.124497809	0.0109034424	19.235453
2.65	0.0717001689	0.118079626	-0.130880739	-0.0373783971	0.541389039	0.609041202	3.65208362	0.30648938	0.0989623759	0.0332792244	17.745609
2.66	0.072971393	0.114165179	-0.131870228	-0.0378678523	0.541697282	0.729635	3.73610373	0.306357364	0.0967049579	0.0449523806	17.866912
2.67	0.0742279978	0.109626615	-0.132888748	-0.0383102254	0.541577269	0.789375481	3.84392614	0.306157397	0.0558002856	0.0353376108	17.870728
2.68	0.0757796118	0.10551513	-0.133902347	-0.0386963127	0.541058961	0.766290344	3.95050221	0.305918449	0.126673014	0.0332556172	17.460361
2.69	0.0780264861	0.101834635	-0.134877294	-0.0390169129	0.540083194	0.65714193	4.05523957	0.306012153	0.0946579852	0.025280449	16.813677
2.7	0.080769051	0.0986441079	-0.135785717	-0.0392610078	0.538685265	0.463807395	4.13652079	0.306504906	0.062998414	0.0152957393	21.470706
2.71	0.0833264035	0.0965464402	-0.136627267	-0.0394230847	0.536867393	0.188600233	4.16817965	0.307039553	0.099919984	0.0311252622	21.021962
2.72	0.0856705335	0.0950809096	-0.137345067	-0.0395055285	0.53457339	-0.14982382	4.13937149	0.307702447	0.122543723	0.0124019992	17.92717
2.73	0.086850696	0.0956488485	-0.137939753	-0.0396513631	0.532306037	-0.363489614	3.97553369	0.308175377	0.107057851	0.0400650136	17.855006
2.74	0.0869158646	0.0974534954	-0.138441772	-0.0398779414	0.530069046	-0.480096778	3.68503757	0.308304558	0.0684161102	0.0249740703	16.85606
2.75	0.0859764838	0.100160679	-0.13890826	-0.0402904598	0.527643	-0.39158281	3.36364965	0.308501771	0.0432449781	0.0167836195	19.590267
2.76	0.0837080939	0.104507554	-0.139510437	-0.0406558178	0.526058646	-0.46122101	3.16187927	0.30868383	0.120952165	0.0416867236	17.798981
2.77	0.0812945161	0.108082863	-0.140197294	-0.0409649102	0.525064811	-0.604253947	2.99683198	0.308619625	0.0491590481	0.013832802	20.270578
2.78	0.0787877635	0.111673412	-0.140956247	-0.0411674446	0.52450507	-0.854805333	2.83323468	0.30838271	0.0561695566	0.0312829125	16.683057
2.79	0.0767510959	0.114900032	-0.141812144	-0.041298599	0.524533383	-1.10164045	2.71410761	0.308083442	0.0394745632	0.0273541758	18.419405
2.8	0.0748385403	0.11826479	-0.142788603	-0.0414173084	0.525140538	-1.29749548	2.64656232	0.307506165	0.0867958137	0.0214931328	18.078337
2.81	0.0733988524	0.120133807	-0.143908018	-0.041518983	0.526311752	-1.47785804	2.60832579	0.306661162	0.102733994	0.0177869208	20.071126
2.82	0.0724719414	0.11981607	-0.145074822	-0.0414650243	0.527605122	-1.74831942	2.64911152	0.305927911	0.0375167294	0.0309324979	22.863215
2.83	0.0728258628	0.119851661	-0.146343952	-0.0413840861	0.529382492	-1.95439604	2.71480283	0.305662947	0.0353864831	0.0168242544	17.368012
2.84	0.0739331607	0.120682971	-0.147697529	-0.0412642736	0.53156933	-2.13930087	2.78402319	0.305647028	0.0541208608	0.0194680397	18.868174
2.85	0.0758604319	0.121803314	-0.149089342	-0.0412008849	0.533391548	-2.18378288	2.75225144	0.305710113	0.123383988	0.0149720705	17.874397
2.86	0.0776845687	0.1221383	-0.150453604	-0.0411206217	0.535233853	-2.21370831	2.76237604	0.305868853	0.110127695	0.0254317428	16.671675
2.87	0.0793539522	0.122259548	-0.151775117	-0.0410021329	0.536943771	-2.23536269	2.79219889	0.305976651	0.0928526515	0.0243687824	16.537865
2.88	0.0807931383	0.120611948	-0.152998329	-0.0408532635	0.538395355	-2.23016353	2.8164748	0.305956566	0.0893033726	0.0325355785	20.388782
2.89	0.0823199584	0.118533756	-0.154115258	-0.0406559938	0.53949312	-2.19481021	2.84641645	0.305968669	0.141883298	0.032255803	17.467074
2.9	0.0837690714	0.116978123	-0.1551382	-0.040428003	0.540190294	-2.12881425	2.88306776	0.306042346	0.112435049	0.0206978567	17.753667
2.91	0.0845794088	0.115358966	-0.156121074	-0.0401770501	0.540572593	-2.0470648	2.92559234	0.305803014	0.0726472391	0.0236267602	18.787708
2.92	0.0857305915	0.113017419	-0.157072689	-0.0399310434	0.54065897	-1.93721158	2.98672946	0.305731928	0.0471493384	0.0163231081	17.443799
2.93	0.0871780971	0.110453343	-0.15800093	-0.0396866732	0.540529506	-1.79634052	3.07309372	0.30578664	0.136478848	0.0201501744	19.404526
2.94	0.0892178917	0.10656794	-0.158911123	-0.039453821	0.5402137	-1.65436338	3.1818026	0.305864429	0.113315006	0.0240523032	19.262819
2.95	0.0917798537	0.102796007	-0.159780278	-0.0392209308	0.539706668	-1.52845034	3.31952198	0.306132975	0.111277097	0.00850071458	19.802421
2.96	0.0946042837	0.0987459798	-0.160592524	-0.0389960845	0.538968379	-1.41575344	3.45237307	0.30629818	0.10246193	0.0256875352	18.609418
2.97	0.0979785852	0.0942456199	-0.161346328	-0.0387607657	0.537900363	-1.30398078	3.57665081	0.306159271	0.12724692	0.0477098779	19.193864
2.98	0.101772254	0.0899352265	-0.162018391	-0.0385242333	0.536503494	-1.18164327	3.68981079	0.30608724	0.127888964	0.0255829526	20.023936
2.99	0.104914951	0.0873313073	-0.1626271	-0.0383102401	0.534815473	-1.04148973	3.80971825	0.30651464	0.0908350695	0.0269453986	18.438639
3	0.107526802	0.0857031609	-0.163245391	-0.037992666	0.533318962	-1.04576955	3.83904006	0.306776445	0.0500352906	0.0140492639	19.041985
3.01	0.109531782	0.0850320844	-0.163777832	-0.0375624908	0.531870526	-1.14124779	3.77894865	0.307472353	0.0365431227	0.0403362536	19.140767
3.02	0.110276268	0.0857173108	-0.164293922	-0.0371435428	0.530798868	-1.15385047	3.74005332	0.30857836	0.0725639728	0.0184475832	19.040928
3.03	0.110390199	0.0865260169	-0.164795159	-0.036694182	0.529701693	-1.18621437	3.75122083	0.309732266	0.0505517425	0.0172829334	19.611581
3.04	0.109842014	0.0876168397	-0.165309516	-0.0362943149	0.529030404	-1.13864611	3.73221321	0.310346381	0.0410239786	0.00733634439	18.513954
3.05	0.108640867	0.0888996727	-0.165835152	-0.0359782205	0.528586965	-0.986130912	3.67539428	0.31064511	0.0729723381	0.0204133692	18.518452
3.06	0.10640452	0.0914946552	-0.166357411	-0.0357372715	0.528546992	-0.816393137	3.62013045	0.310674635	0.0610473919	0.0291266708	18.005691
3.07	0.103699232	0.0942860346	-0.16689179	-0.0355668637	0.528889949	-0.638617268	3.55772522	0.310399891	0.0415390742	0.00796257495	16.868818
3.08	0.101164879	0.0956924596	-0.167472224	-0.0354891106	0.529464394	-0.452968364	3.49647742	0.309909988	0.0549331809	0.0325605339	17.655445
3.09	0.0979563452	0.0970212121	-0.168082023	-0.0355149684	0.530210251	-0.246310775	3.4205262	0.308857904	0.0735038193	0.0338145502	19.876698
3.1	0.0944486928	0.0979591767	-0.168665722	-0.0356040465	0.530875689	-0.035186278	3.30121794	0.307232604	0.114788276	0.0353871114	17.700715
3.11	0.0906178094	0.0999555866	-0.169180335	-0.0357650195	0.531328605	0.191204988	3.1702528	0.3053808	0.0951599224	0.0490853357	17.396105
3.12	0.088888341	0.101272433	-0.16951586	-0.0359852506	0.531336196	0.432139269	3.07271638	0.304620422	0.101431968	0.0202236336	18.143826
3.13	0.0882130313	0.103063899	-0.169711474	-0.0362402098	0.53088735	0.677319906	3.00867093	0.304575334	0.1020907	0.0243505375	18.596319
3.14	0.0876701729	0.105408627	-0.169777574	-0.0365130669	0.529999405	0.915966386	2.96382999	0.304801035	0.095274398	0.0357990387	19.480129
3.15	0.0873932128	0.106449449	-0.169748348	-0.0367824051	0.528714657	1.12473138	2.91172077	0.304910558	0.088489412	0.0166479544	19.426512
3.16	0.0874358968	0.106443906	-0.169635195	-0.0370316542	0.527019932	1.29146999	2.8537949	0.30495188	0.0678055839	0.0192418199	18.947583
3.17	0.0877458655	0.10591664	-0.169459185	-0.0372386729	0.525010173	1.38715929	2.78612296	0.304931172	0.0725545354	0.0117529723	18.176478
3.18	0.0882481957	0.105235266	-0.16924682	-0.0374055676	0.52272075	1.42899172	2.73359294	0.305014438	0.116370653	0.0285156949	18.320737
3.19	0.0887940631	0.104595606	-0.169026636	-0.0375309532	0.520252128	1.406477	2.69695238	0.305046675	0.127438818	0.012039432	20.202042
3.2	0.0898459606	0.103014792	-0.168809789	-0.0376163347	0.517603184	1.33672443	2.6763889	0.305012221	0.105646588	0.023974877	18.148107
3.21	0.0907747219	0.102021557	-0.168603135	-0.0376866436	0.514761859	1.23142105	2.67459367	0.304754148	0.121018107	0.0183209637	17.534809
3.22	0.0919991106	0.101095466	-0.168478214	-0.0379383851	0.512271605	1.1920311	2.62820954	0.304386121	0.101487475	0.0305522811	19.304334
3.23	0.0930282772	0.100684208	-0.168474072	-0.0384026819	0.51025752	1.25799729	2.54711475	0.303885007	0.141496709	0.0194238182	17.3757
3.24	0.0933729598	0.101363571	-0.168695155	-0.0389833464	0.509226292	1.31791493	2.70227064	0.303823292	0.0528121349	0.0147258667	19.458713
3.25	0.0939184658	0.101848382	-0.16909353	-0.039557155	0.508969839	1.16643292	2.90322617	0.303531784	0.0512803038	0.0154668124	19.489054
3.26	0.094258686	0.102036654	-0.169674925	-0.0401437771	0.509562179	0.982967543	3.14060014	0.303074789	0.0540930806	0.0169131015	18.600938
3.27	0.0943556006	0.1025233	-0.170288036	-0.0407320107	0.510802275	0.766757499	3.36753697	0.302572646	0.091282786	0.0313880029	20.5754
3.28	0.0940987203	0.103242249	-0.170926376	-0.0413198704	0.512529688	0.523828428	3.57803376	0.30186207	0.0456540226	0.0165913663	18.217173
3.29	0.0935550234	0.103442897	-0.17156872	-0.0419160342	0.514592617	0.269517754	3.74593777	0.301009405	0.0430560819	0.0335592625	20.079932
3.3	0.0930622642	0.102597747	-0.172176827	-0.0423753244	0.516478582	-0.0892969874	3.94085268	0.30043564	0.053051532	0.0484920552	19.190233
3.31	0.0918093655	0.102086594	-0.172851825	-0.0428364081	0.51870728	-0.426537564	4.06157989	0.299290542	0.0680844824	0.0276808902	19.261973
3.32	0.0895739106	0.101258999	-0.173588914	-0.0433005552	0.521123287	-0.760237806	4.13161201	0.29796528	0.0726538086	0.0368552289	17.279357
3.33	0.0878201605	0.100023404	-0.174355778	-0.0437688815	0.523542064	-1.0649662	4.20377638	0.297795511	0.0629161216	0.0377193269	19.344242
3.34	0.086198972	0.0974879449	-0.175140949	-0.0442874688	0.525644702	-1.28398207	4.28265075	0.298314576	0.0566819951	0.0439648501	18.152129
3.35	0.0853613372	0.0942664088	-0.1759844	-0.044773149	0.527568644	-1.49145838	4.33772464	0.299163983	0.0884316924	0.0333769188	16.653755
3.36	0.0851198363	0.0904018526	-0.176865333	-0.0452675638	0.529169399	-1.64655999	4.37818832	0.300169828	0.106278412	0.0284364618	17.122055
3.37	0.0857052729	0.0855943317	-0.177705807	-0.0457763824	0.530365075	-1.74872393	4.37871512	0.301102238	0.129929774	0.0452027133	17.507071
3.38	0.0869761906	0.0812962256	-0.178491003	-0.046293235	0.531212896	-1.81161361	4.35575929	0.301945711	0.101691287	0.0283007047	19.579061
3.39	0.0885732418	0.0778781545	-0.179211059	-0.0468211383	0.531685897	-1.833679	4.30853886	0.302692007	0.0950352524	0.0173371803	18.386468
3.4	0.0898588086	0.0757268406	-0.179842786	-0.0473532773	0.531641245	-1.82907208	4.24283701	0.303497739	0.0930305452	0.0359826611	18.497274
3.41	0.090915707	0.0744737898	-0.180422291	-0.0478969362	0.531133383	-1.77679654	4.1510422	0.304276379	0.11625713	0.013221576	15.971439
3.42	0.0919337307	0.0734480553	-0.18098574	-0.0484460949	0.530171924	-1.67880182	4.05817368	0.304984891	0.0544129485	0.0187277546	20.041046
3.43	0.0927215713	0.0729138386	-0.18150754	-0.0489942936	0.528828237	-1.55225829	3.98302277	0.30574709	0.0992359147	0.0238885388	18.370401
3.44	0.0936361874	0.0722224015	-0.182008311	-0.0495289945	0.527194167	-1.3965748	3.94470006	0.306614801	0.102538708	0.00916639659	18.559371
3.45	0.0945977989	0.0714731467	-0.182489163	-0.0500470322	0.52539881	-1.21270439	3.94360548	0.307508891	0.100748972	0.0154984525	18.874558
3.46	0.0954831517	0.0705283543	-0.182948892	-0.0505357412	0.523359287	-1.00334025	3.96219082	0.308204028	0.105917953	0.0176510182	19.9858
3.47	0.0969738071	0.0684826289	-0.183353293	-0.0510161286	0.521172726	-0.754642066	3.99787582	0.308723182	0.104341869	0.0266549248	21.169261
3.48	0.0984768104	0.0664229953	-0.183717733	-0.0514555493	0.518859807	-0.504396601	4.07937259	0.309418442	0.157197515	0.0252526185	19.056745
3.49	0.0981201143	0.0668542539	-0.184022781	-0.0518811384	0.516530561	-0.240612811	4.18197837	0.310279312	0.101635589	0.0539655626	19.113206
3.5	0.0961895114	0.0690971817	-0.184385358	-0.0521328587	0.514701242	-0.139768386	4.19727468	0.310696865	0.0837909558	0.0402427114	20.057983
3.51	0.0937334265	0.0712808942	-0.184694363	-0.0522803243	0.512734607	-0.0427539546	4.00268171	0.310147061	0.0673846301	0.0328863105	19.550362
3.52	0.0909223307	0.0724594979	-0.185081965	-0.0522574819	0.511454505	-0.112571355	3.97535528	0.309671766	0.0525024414	0.0263912711	18.82358
3.53	0.0882269266	0.0731803427	-0.185468879	-0.0521784843	0.511009524	-0.13490468	3.98035228	0.308996421	0.0582081051	0.0332715524	17.629171
3.54	0.0852181427	0.074724984	-0.185904801	-0.0520814879	0.511258051	-0.136345695	4.04385117	0.308318671	0.0566356794	0.0430617858	18.586971
3.55	0.0829662017	0.0755037776	-0.186384121	-0.0519501542	0.512115576	-0.137095097	4.13997339	0.307623699	0.0465802031	0.0191884431	18.710102
3.56	0.0808541009	0.0759137199	-0.186909052	-0.0517845119	0.513612607	-0.140204377	4.25810996	0.306747859	0.0692756379	0.030189915	19.787882
3.57	0.0785995155	0.0771478525	-0.18748787	-0.0515756298	0.515772255	-0.131627889	4.39547164	0.305990693	0.0909280835	0.0247739207	19.425458
3.58	0.0769741639	0.0778601341	-0.188081414	-0.0513043457	0.51847113	-0.119870764	4.54090177	0.305573043	0.0616661843	0.03958281	19.951416
3.59	0.0758178995	0.0788787715	-0.18863426	-0.0509927779	0.52146337	-0.0862751577	4.64370238	0.305391787	0.0823208477	0.0299429178	18.488622
3.6	0.0755945208	0.0802775308	-0.189073626	-0.0507313668	0.523754629	0.0825883096	4.67116028	0.30545387	0.162529547	0.03446348	18.308321
3.61	0.0763785687	0.0822959222	-0.189432337	-0.0504924799	0.52597181	0.289447237	4.66452341	0.305632472	0.119854273	0.0266707579	19.25261
3.62	0.0779489873	0.0840280708	-0.18969546	-0.050256055	0.527902522	0.553305842	4.63060224	0.305818615	0.102241286	0.01014498	19.357546
3.63	0.0797149357	0.0868587719	-0.189897819	-0.050008866	0.529484213	0.767301308	4.58358495	0.306085198	0.155377572	0.0519593271	15.71436
3.64	0.0819953465	0.0886107295	-0.18999271	-0.0497627563	0.530660467	0.98555111	4.48697848	0.306138372	0.122931094	0.0217781018	16.155368
3.65	0.0846294924	0.0889177531	-0.190017128	-0.049534235	0.531452474	1.16078721	4.3672363	0.306066638	0.109503554	0.0101079409	16.075153
3.66	0.0870925854	0.0897678724	-0.190023111	-0.0493214732	0.531791321	1.29078428	4.25044403	0.306084758	0.0855300677	0.034930222	18.529081
3.67	0.0892724803	0.0911013373	-0.190061665	-0.0491570881	0.531804311	1.39015243	4.16484561	0.306112248	0.0528350019	0.0450777986	18.961702
3.68	0.0908624763	0.0932451886	-0.190168406	-0.0490267954	0.531604686	1.45314302	4.12883719	0.306223515	0.0791028117	0.0412558976	17.732593
3.69	0.0925449361	0.093964356	-0.190314702	-0.0489333254	0.531265328	1.47294431	4.12743823	0.30625642	0.077707915	0.0255801636	17.444384
3.7	0.0944774057	0.0940206435	-0.190521142	-0.0488353293	0.53077035	1.41256764	4.15242504	0.306553331	0.110974116	0.0357662247	16.828804
3.71	0.0963597639	0.0934753215	-0.1908241	-0.0487449181	0.53014498	1.29173211	4.21212407	0.306880061	0.0761285548	0.0176555912	17.459236
3.72	0.0979115515	0.0933606582	-0.191239781	-0.0486470199	0.529357124	1.10983549	4.31676603	0.307434308	0.089479708	0.0176385334	19.553699
3.73	0.0985319412	0.0944268911	-0.191758044	-0.0485216206	0.528492026	0.879380906	4.47668742	0.308165202	0.102301699	0.0333167188	21.275745
3.74	0.098691214	0.0966855809	-0.192470576	-0.0484569558	0.527940728	0.812947084	4.64014655	0.308636341	0.117421544	0.0417218331	18.142517
3.75	0.0988969514	0.0978556183	-0.193336732	-0.0483832585	0.527260706	0.72394608	4.66842671	0.308338254	0.076048553	0.0294468645	18.486989
3.76	0.0990952221	0.0981660565	-0.194296202	-0.0483869801	0.526872786	0.737223487	4.70920373	0.307903135	0.0760621033	0.0318166643	18.682241
3.77	0.0990740676	0.098480375	-0.1953077	-0.0484295042	0.526647628	0.783345084	4.72195764	0.307537053	0.0563669576	0.0263362216	18.004784
3.78	0.0987102126	0.098671787	-0.19630477	-0.0485813266	0.526169696	0.948852808	4.72476683	0.307444347	0.0745449076	0.0215939159	18.636991
3.79	0.0979407106	0.0996445285	-0.197367648	-0.0487670271	0.525891126	1.05028352	4.65215344	0.307270627	0.0555589598	0.0260956556	18.756548
3.8	0.0972058781	0.0999708114	-0.198508655	-0.0489932308	0.525853131	1.1475686	4.5462379	0.307148372	0.0528621336	0.0217563875	18.005165
3.81	0.096108702	0.101330756	-0.199696116	-0.0491970258	0.526076691	1.20206781	4.46142013	0.307164212	0.0671163774	0.0431562245	18.192338
3.82	0.0952944831	0.10292867	-0.200880226	-0.0493524884	0.52649102	1.19409572	4.41012935	0.307580874	0.0957067953	0.0232842708	19.621147
3.83	0.0947796753	0.103368256	-0.202127288	-0.0494383476	0.5271359	1.10894756	4.38158097	0.307788712	0.061828561	0.0297752775	18.525964
3.84	0.0947968089	0.102772224	-0.203429197	-0.0494620469	0.527985873	0.968557131	4.36203594	0.307649256	0.0303394313	0.0176974237	17.680656
3.85	0.0953947407	0.101801227	-0.204694471	-0.0494161206	0.528745735	0.776028368	4.31599824	0.307116942	0.100495791	0.0116322727	19.530972
3.86	0.0967084168	0.0993027007	-0.205870713	-0.0492646794	0.528969224	0.513088422	4.27573059	0.306411861	0.113687059	0.031305666	19.195681
3.87	0.0987215648	0.0963435925	-0.20695776	-0.0490852887	0.528950965	0.262019998	4.20567635	0.305477547	0.106703246	0.0105993651	18.356879
3.88	0.102150662	0.0946265082	-0.207958795	-0.0488948623	0.528678428	0.00722122174	4.16515261	0.305203901	0.0795350951	0.022979416	17.000256
3.89	0.105996231	0.0932499021	-0.208886557	-0.0487067664	0.528191625	-0.219356539	4.13356915	0.305121748	0.0989356207	0.0110374827	17.666474
3.9	0.10956503	0.0920418228	-0.209704058	-0.0485281166	0.527525106	-0.407536741	4.0940241	0.305064502	0.103765786	0.0128471437	17.474463
3.91	0.112642822	0.0903768007	-0.210459119	-0.0483816747	0.526699524	-0.563709162	4.06424461	0.305057272	0.0863256219	0.0378051374	18.31441
3.92	0.11510235	0.088500567	-0.211161121	-0.0482648045	0.525601941	-0.688749929	4.06782554	0.30520206	0.0968214971	0.0400860532	18.692572
3.93	0.117108477	0.0852827781	-0.211807068	-0.048153979	0.524231932	-0.775806091	4.09011189	0.305329379	0.0834659389	0.0369418907	19.717659
3.94	0.118702174	0.0812113134	-0.212408684	-0.0480242796	0.522699916	-0.845824995	4.13219207	0.305270499	0.108425179	0.0266020457	20.398086
3.95	0.11988939	0.0778283167	-0.212935592	-0.047896139	0.520932942	-0.869341975	4.1831032	0.305409036	0.121837132	0.0192618202	23.684517
3.96	0.120165814	0.075254987	-0.213365404	-0.0477687655	0.518981223	-0.853486106	4.24338897	0.305701955	0.0779401093	0.0169819349	22.883041
3.97	0.120004877	0.0735137247	-0.213718545	-0.0476397458	0.516797029	-0.770594474	4.30364721	0.306448114	0.11526636	0.0391938499	24.811505
3.98	0.11973783	0.0720371997	-0.214061558	-0.0474172913	0.514856275	-0.777911525	4.26125718	0.306614183	0.0878500143	0.0258601364	24.346029
3.99	0.118716826	0.071081533	-0.21437113	-0.047221247	0.513791993	-0.684242151	4.29633289	0.306726116	0.0657462551	0.0172483478	25.056672
4	0.117835131	0.069400146	-0.214592852	-0.0470319151	0.512837963	-0.521778717	4.39199059	0.306973384	0.0891910482	0.031054664	24.579311
4.01	0.116280216	0.0683289127	-0.214741738	-0.046886531	0.512799839	-0.32099683	4.52566781	0.306943889	0.0395402292	0.0127084234	25.393979
4.02	0.11380725	0.0682655371	-0.214730749	-0.0467764857	0.513435905	-0.117987532	4.65310928	0.306766706	0.0565437231	0.0136775136	26.761117
4.03	0.110431256	0.068977434	-0.21454831	-0.0467133581	0.514711129	0.0813869116	4.78240075	0.3064385	0.0610817054	0.0166380107	27.076863
4.04	0.106398276	0.0704343602	-0.214191557	-0.0467178104	0.51659712	0.280656029	4.89601135	0.306188278	0.0591893106	0.0319795967	24.005088
4.05	0.101916343	0.0731181707	-0.213664622	-0.0467980791	0.518915286	0.475343264	4.97582704	0.306018818	0.0558012285	0.00979727792	28.334719
4.06	0.0979329877	0.0765183234	-0.213038508	-0.0469651419	0.52156955	0.656602236	5.03645441	0.305950317	0.0482777245	0.0118466883	24.246309
4.07	0.0948335438	0.0797311242	-0.212387379	-0.0472792585	0.524131924	0.900878599	5.12380011	0.306007351	0.0651528767	0.00890262083	27.342093
4.08	0.0929419774	0.0825803217	-0.21168874	-0.047715775	0.52679456	1.11773141	5.16552757	0.305972082	0.0341927181	0.0146499575	24.247312
4.09	0.0926253428	0.0847851027	-0.210932747	-0.0482812271	0.529432831	1.3144956	5.14771081	0.305909488	0.0373663286	0.018925661	22.683378
4.1	0.0936982537	0.0859291168	-0.210134067	-0.0489557668	0.531898674	1.50543552	5.10018489	0.305867138	0.116998499	0.0232560757	25.203596
4.11	0.0956011278	0.0861590768	-0.209244791	-0.0496654155	0.533865817	1.62622757	5.04221219	0.305907247	0.103843516	0.022509051	24.845378
4.12	0.0979746755	0.0864319544	-0.208309485	-0.0504409652	0.535448392	1.66712366	4.95549869	0.305996378	0.116948691	0.0200248047	27.074858
4.13	0.100223341	0.085997238	-0.207335855	-0.0512513309	0.536546207	1.65142686	4.85800335	0.3059823	0.0841256971	0.0290911531	24.378094
4.14	0.10253339	0.0845248223	-0.206333613	-0.0520765534	0.537281611	1.61592189	4.77673445	0.306104738	0.0969445075	0.0399881251	24.829507
4.15	0.104155586	0.0839466272	-0.20530408	-0.0528882622	0.537617554	1.53839961	4.69872582	0.306315049	0.0802251279	0.0192209158	24.6359
4.16	0.105233772	0.0838939443	-0.204244927	-0.0536773397	0.537559452	1.43692687	4.61766972	0.306598542	0.127127765	0.0135033483	25.126723
4.17	0.106000717	0.0842986789	-0.203183077	-0.0544325302	0.537189327	1.29539519	4.52653522	0.306885596	0.0505048062	0.0206090168	24.826409
4.18	0.106407955	0.085307301	-0.202173987	-0.055133146	0.536513568	1.12360785	4.44713677	0.307232298	0.0932174658	0.0244058347	25.829901
4.19	0.106691694	0.0858190754	-0.201213627	-0.0557735702	0.535468536	0.920850451	4.36729384	0.307458638	0.080976364	0.0107041273	24.935721
4.2	0.106653736	0.0868176384	-0.200331495	-0.0563498956	0.534103857	0.696023311	4.30958324	0.307741131	0.0666285165	0.0241933731	27.491885
4.21	0.106453871	0.0873752253	-0.199505972	-0.0568504239	0.532496807	0.475026141	4.28001783	0.308131993	0.0858606305	0.024129718	24.999112
4.22	0.105766047	0.0882251046	-0.198695233	-0.0572601943	0.530513575	0.24858292	4.24821603	0.308537468	0.131820943	0.0195372731	28.439138
4.23	0.104673647	0.0894356549	-0.197849957	-0.0575486431	0.528209461	0.0106215437	4.20446664	0.309236956	0.1069256	0.0339099221	28.592286
4.24	0.103550934	0.0890363016	-0.197042886	-0.0577267807	0.525692673	-0.225826923	4.17654506	0.309942851	0.090219881	0.0290662273	26.544795
4.25	0.102297723	0.0881483891	-0.196335259	-0.0579303218	0.523483933	-0.342757474	4.07103073	0.310027248	0.059455849	0.00562702008	25.485074
4.26	0.100915129	0.0873499497	-0.195728892	-0.0581691569	0.521625867	-0.353724125	3.92793733	0.30990005	0.0425951771	0.0193176712	25.476975
4.27	0.0994322103	0.0877787309	-0.195238765	-0.0584405578	0.520180214	-0.283695867	3.76989482	0.309824441	0.0644439933	0.025095267	25.493905
4.28	0.0975039268	0.0896062983	-0.194869845	-0.0587209692	0.518579128	-0.239189165	3.69350157	0.310270888	0.0442605136	0.0184057789	27.508617
4.29	0.0952798121	0.0925579261	-0.194683441	-0.0589272378	0.517990037	-0.214747856	3.66726156	0.310739143	0.0415300466	0.0494000675	26.490583
4.3	0.0932322198	0.0951701245	-0.194646667	-0.0590840288	0.518105022	-0.210886138	3.64395639	0.310911791	0.0474171453	0.0135941043	25.342135
4.31	0.0913169925	0.0977369583	-0.194771645	-0.0592104202	0.518781092	-0.203707181	3.61772561	0.310649439	0.0319552166	0.0188010187	27.202127
4.32	0.0897201028	0.100053726	-0.195095399	-0.0593404955	0.51991411	-0.186659983	3.5926291	0.309891688	0.0711428414	0.0213626938	27.029919
4.33	0.088874618	0.102995919	-0.195620577	-0.0594740078	0.521448402	-0.166485342	3.60490502	0.308996785	0.0494998858	0.0361047768	25.637997
4.34	0.0890430507	0.105733459	-0.196310559	-0.0596087759	0.523237842	-0.139779998	3.6461955	0.308045979	0.0365223529	0.0200376093	27.34082
4.35	0.0899645946	0.107605639	-0.197113377	-0.0597505926	0.52506552	-0.119190457	3.67803389	0.306957565	0.103023371	0.0182903791	25.961918
4.36	0.091342822	0.107765515	-0.197994473	-0.059822302	0.526409464	-0.154634845	3.74039462	0.306136581	0.085343115	0.0188203624	24.697017
4.37	0.0930067938	0.106318863	-0.198920116	-0.0599210054	0.527372437	-0.205240078	3.74391762	0.305213211	0.121158074	0.0376370499	24.997836
4.38	0.0945239257	0.104160336	-0.199903078	-0.0600531432	0.527856643	-0.26595869	3.73270086	0.304292327	0.115644152	0.0161816798	26.775609
4.39	0.0964184826	0.102246446	-0.200939003	-0.060229817	0.527819902	-0.331795712	3.76336025	0.303983215	0.116298745	0.0162923289	26.180983
4.4	0.0982696025	0.101369531	-0.201976597	-0.0604491803	0.527247439	-0.423192487	3.8191146	0.304076948	0.0803185533	0.021425439	25.54268
4.41	0.0997851779	0.0993209971	-0.203009617	-0.0606792604	0.526270802	-0.560716014	3.8928373	0.304079746	0.132128238	0.0340111184	25.200495
4.42	0.101171707	0.096859802	-0.204072686	-0.060944938	0.524949508	-0.710066772	3.99216915	0.304147013	0.0631055003	0.0282501566	26.087898
4.43	0.102447642	0.0929734218	-0.205122201	-0.0612451489	0.523343896	-0.889669847	4.12527579	0.304370164	0.102072973	0.0315008473	28.482271
4.44	0.102955082	0.0896829759	-0.206150238	-0.0616005323	0.521451933	-1.05562499	4.26767621	0.304556227	0.0871595228	0.0282118453	25.958214
4.45	0.102830412	0.0864607761	-0.207153846	-0.0620213318	0.51928914	-1.17695688	4.41050726	0.30478989	0.104333824	0.0162358032	26.169074
4.46	0.102354216	0.0834867626	-0.208174078	-0.0625133005	0.516963758	-1.25827539	4.56259987	0.305181937	0.104997853	0.0131716766	25.431266
4.47	0.101794289	0.0801910876	-0.209171417	-0.0630893271	0.514396169	-1.27147946	4.68871259	0.305751577	0.0748094386	0.014990696	26.010428
4.48	0.100279927	0.0783668169	-0.210141158	-0.0637564467	0.511627299	-1.22089197	4.77494724	0.30626374	0.107224137	0.0346686913	24.887946
4.49	0.0984707397	0.0770558723	-0.211160508	-0.0643596894	0.509193958	-1.21804319	4.75100774	0.306282168	0.0771013654	0.0277894202	26.37099
4.5	0.0962636555	0.0769314368	-0.21221497	-0.0648519821	0.507242706	-1.25188219	4.88015317	0.307251338	0.066239377	0.0299232904	26.628812
4.51	0.0934735278	0.077476325	-0.213294848	-0.0653127869	0.506086918	-1.22411362	4.97573577	0.307720772	0.0563796346	0.0338271756	27.399262
4.52	0.0905397334	0.0790778227	-0.214320265	-0.0657935603	0.505338146	-1.10933118	4.98317564	0.308176959	0.0838226853	0.0347849034	25.740836
4.53	0.0873403366	0.0815683873	-0.215297262	-0.0662500857	0.505244818	-1.02117956	4.99040792	0.308446656	0.0805577468	0.0235971951	24.38291
4.54	0.0846644509	0.0834224905	-0.216242928	-0.0666928573	0.505762315	-0.9379549	4.97618347	0.308317376	0.0417373504	0.0192589102	27.020213
4.55	0.0826294751	0.0852004234	-0.217188744	-0.0671605746	0.506742792	-0.826511303	4.9155896	0.307635894	0.0800783216	0.0314536621	28.344045
4.56	0.0806013579	0.0874343472	-0.218152282	-0.0676537574	0.508329923	-0.671243476	4.84080363	0.306049016	0.100319148	0.0636706878	27.198087
4.57	0.0802563166	0.0890326548	-0.219027668	-0.068258278	0.510046907	-0.397065308	4.85922442	0.30529674	0.0545492942	0.0148884602	27.090839
4.58	0.081110923	0.0908195193	-0.219934659	-0.0688826948	0.512242223	-0.144114951	4.89044186	0.30496313	0.108600542	0.0337662884	24.518457
4.59	0.0831556924	0.094008593	-0.220824473	-0.0694204451	0.51428356	-0.00385747224	4.85095454	0.305016078	0.108191544	0.03172603	27.279674
4.6	0.0858250242	0.0953730989	-0.221694058	-0.0700142782	0.516404164	0.179146646	4.83769106	0.305087231	0.126325444	0.0359377642	25.838279
4.61	0.0885587547	0.095701649	-0.2225201	-0.0706274713	0.518238837	0.34561455	4.87840886	0.305335513	0.0849911374	0.0115993029	31.629914
4.62	0.0910840494	0.0947897081	-0.223210053	-0.071267096	0.519782532	0.556672434	4.90541915	0.3054583	0.0891539972	0.0225901596	37.10774
4.63	0.093552411	0.0935417245	-0.223800127	-0.0719106371	0.520964523	0.744796453	4.92966631	0.305780011	0.100127181	0.0286274467	29.112173
4.64	0.0956739211	0.0920011662	-0.22425978	-0.0725449657	0.521682278	0.878277835	4.94909044	0.306264682	0.102375373	0.0215336797	29.158003
4.65	0.0974890058	0.0911833164	-0.224589147	-0.0731679389	0.521895152	0.954897954	4.97058399	0.307092104	0.0854222842	0.0245119914	26.854478
4.66	0.0991437808	0.0897976045	-0.22482667	-0.0737864572	0.521549765	0.977128788	4.99192327	0.30825879	0.112817729	0.0362783967	28.703748
4.67	0.100067766	0.0882350672	-0.224987636	-0.0744094439	0.520702685	0.944177609	5.00024901	0.309182931	0.0480204568	0.0164137031	26.981106
4.68	0.100835301	0.0860248156	-0.225053745	-0.0750405239	0.51936919	0.840441054	4.98312938	0.309949153	0.0954837258	0.0280030736	28.483282
4.69	0.101037411	0.0838557989	-0.225053984	-0.0756958785	0.517670969	0.675035403	4.94892194	0.310288809	0.100639608	0.0184231689	26.52378
4.7	0.100757529	0.0815730515	-0.22498035	-0.0763671088	0.51564582	0.452553357	4.90564401	0.310261172	0.138776893	0.0308196442	28.862111
4.71	0.100683441	0.0791155857	-0.224860981	-0.0770623027	0.513326834	0.221457137	4.89813187	0.310277166	0.134801335	0.0467965738	30.683082
4.72	0.100887665	0.0768489693	-0.224852449	-0.0778744131	0.511229815	0.149144205	4.86026531	0.309856896	0.0976036854	0.0147165413	26.960923
4.73	0.102280457	0.0728149131	-0.224928891	-0.0788823418	0.509451881	0.199251155	4.78347439	0.309098089	0.113168739	0.0429522658	26.26284
4.74	0.104178075	0.069024138	-0.225086883	-0.0801119464	0.507947518	0.365397741	4.66388479	0.30813756	0.090518853	0.00694637706	28.177146
4.75	0.105931091	0.0659596912	-0.225318064	-0.0813416406	0.507452072	0.457453294	4.69614006	0.307519935	0.0524087735	0.0151076176	28.812958
4.76	0.107123414	0.0642369217	-0.225632707	-0.0826037017	0.507209362	0.535402913	4.8011358	0.30727021	0.0688468882	0.0126625344	27.624083
4.77	0.108168871	0.0625897657	-0.226020346	-0.0838927453	0.507747978	0.563881171	4.92541417	0.306852771	0.0571774879	0.0290392207	27.91736
4.78	0.108972855	0.0615036888	-0.226504758	-0.085172268	0.509003937	0.547600263	5.03752756	0.306309088	0.0966959182	0.0132539794	26.927552
4.79	0.109238189	0.0615658086	-0.227055126	-0.0864005486	0.510847949	0.486028329	5.12564003	0.305710458	0.051100067	0.0140528232	26.392631
4.8	0.109592567	0.0617976229	-0.227625438	-0.0875709539	0.513238746	0.391412834	5.16714091	0.305063253	0.0684047822	0.0196739623	24.548722
4.81	0.110085104	0.0623776749	-0.228131222	-0.0885506743	0.515572774	0.149928924	5.22021661	0.304681743	0.0567618264	0.0173830358	27.322963
4.82	0.11035481	0.0642912744	-0.228587876	-0.0894514659	0.518187168	-0.0659282355	5.20281181	0.304490279	0.0697075755	0.031986377	24.925421
4.83	0.110343352	0.0672409274	-0.229030768	-0.0902629179	0.521010638	-0.31322342	5.14210342	0.304054465	0.0519604262	0.0283684536	27.142625
4.84	0.111683744	0.0694575837	-0.229451759	-0.0909820019	0.523955373	-0.591089966	5.04454181	0.303646146	0.0471696905	0.0319724543	26.048055
4.85	0.113310868	0.0711904429	-0.22980474	-0.091661583	0.526633016	-0.797598268	4.95024903	0.303458283	0.107540957	0.0291805059	26.446678
4.86	0.115386981	0.0727912485	-0.230090619	-0.0923044974	0.529039069	-0.99977982	4.85166391	0.30343584	0.0988110838	0.0147684539	29.198712
4.87	0.117826994	0.0734816875	-0.230292134	-0.0928966197	0.531087328	-1.16130911	4.76130726	0.303478615	0.0990054969	0.00883673375	25.031496
4.88	0.120283453	0.0741527434	-0.230391183	-0.0934233542	0.532720603	-1.27490151	4.69210489	0.303692081	0.112070671	0.0190258065	25.361874
4.89	0.12263522	0.0738722116	-0.230406435	-0.0938906067	0.533866275	-1.34285118	4.63249623	0.303880637	0.10979488	0.0149180537	26.636878
4.9	0.124828043	0.0739482929	-0.230350751	-0.0942975617	0.534512865	-1.36572486	4.59078391	0.304153642	0.0867419138	0.034660258	24.655944
4.91	0.126859948	0.072127654	-0.230224378	-0.0946328778	0.534714014	-1.35543189	4.54689179	0.303852348	0.0792713354	0.0215909899	26.660143
4.92	0.129322347	0.0693381494	-0.230009452	-0.0949075664	0.534481914	-1.31015522	4.5260869	0.303727908	0.031657005	0.0109281605	27.894184
4.93	0.13173112	0.067898351	-0.229736371	-0.095137322	0.533815662	-1.23281405	4.54280232	0.304008328	0.108876214	0.0383337058	25.684079
4.94	0.134003252	0.0663240872	-0.229415253	-0.095322306	0.532752168	-1.14552477	4.58965021	0.304295163	0.0820184885	0.014575814	26.50504
4.95	0.136295207	0.0640483699	-0.229048164	-0.0954653886	0.531295869	-1.0335734	4.65205022	0.304465668	0.109033035	0.0104043451	27.46951
4.96	0.13743692	0.0632298816	-0.228606298	-0.0955789652	0.529490925	-0.892587893	4.71927549	0.304835239	0.11406877	0.0370456604	27.564338
4.97	0.138087128	0.0624718878	-0.228101977	-0.0956664475	0.527290352	-0.742544275	4.78098678	0.304879893	0.156385558	0.0521763007	29.465788
4.98	0.138554592	0.0613722943	-0.227566479	-0.0957130102	0.52490968	-0.615243877	4.88209537	0.304930068	0.118010209	0.023974218	25.84826
4.99	0.139017095	0.0601573473	-0.227176628	-0.0956819202	0.522962747	-0.69136353	4.93446659	0.304769421	0.0970002268	0.0182503257	25.816623
5	0.138693725	0.059985377	-0.226858909	-0.0955556813	0.521386344	-0.873687596	4.93264481	0.304867674	0.0849490054	0.0336973258	27.166567
5.01	0.137379224	0.0605901776	-0.226656659	-0.0954260899	0.52077288	-0.969340399	5.01032419	0.30525808	0.0669332788	0.00916308447	27.908546
5.02	0.134930663	0.0621915837	-0.226509736	-0.095261263	0.520402732	-1.074932	5.10833248	0.305837372	0.0732611812	0.0170248745	25.666829
5.03	0.131084327	0.0651267334	-0.226460243	-0.0951184089	0.520863749	-1.11637287	5.20424686	0.306211403	0.0575873267	0.026900397	26.643609
5.04	0.127337329	0.0669817754	-0.226553987	-0.0950160085	0.52210743	-1.11040726	5.3054273	0.306176927	0.080325104	0.0342480342	26.165859
5.05	0.123291933	0.0689479209	-0.226724562	-0.0949831721	0.523817383	-1.03479239	5.3929534	0.306056496	0.0711403193	0.0297993986	25.859653
5.06	0.119318044	0.0707820989	-0.226978755	-0.0950246693	0.525970559	-0.899916741	5.45694038	0.305779553	0.0804257274	0.0165471397	26.02032
5.07	0.115147661	0.0736077408	-0.227279091	-0.0951300689	0.528400925	-0.727551817	5.49840173	0.305683511	0.0415387288	0.0309681399	26.757809
5.08	0.111061542	0.0776263395	-0.227549749	-0.0952831656	0.5309588	-0.519634979	5.48858521	0.305672722	0.0534971944	0.0257863964	26.743605
5.09	0.107615138	0.081256021	-0.227761843	-0.0955454084	0.533167806	-0.190553054	5.50211152	0.305725142	0.0257447059	0.0214022304	23.945731
5.1	0.105661037	0.0859242305	-0.227932821	-0.0958418608	0.535294939	0.116660174	5.47916427	0.305917461	0.0799121389	0.0310972021	29.509453
5.11	0.105281765	0.0895287426	-0.228047077	-0.0961591528	0.53715705	0.413899152	5.43480532	0.306025667	0.103464142	0.0242683523	26.516241
5.12	0.105767397	0.0929200727	-0.228057204	-0.0964794616	0.538656261	0.703680514	5.38058702	0.306164522	0.127318179	0.0287729482	25.762069
5.13	0.106709432	0.0956913515	-0.227962557	-0.0967923005	0.539723581	0.966933155	5.31206275	0.306249689	0.104719113	0.0119696853	23.902911
5.14	0.107978036	0.0982029269	-0.227813615	-0.0971035192	0.540450425	1.18200112	5.23544021	0.306282992	0.0999852017	0.0299356064	26.371824
5.15	0.108774537	0.0997976564	-0.227606059	-0.0974035135	0.540872347	1.3464099	5.13061581	0.305855395	0.0767884957	0.00942139964	26.110102
5.16	0.109944346	0.100718908	-0.227367453	-0.097679346	0.540890251	1.44129601	5.0243335	0.305679805	0.0801285386	0.0110505337	25.477175
5.17	0.111115488	0.100257438	-0.22710445	-0.0979230773	0.54055273	1.48322204	4.9295393	0.305617368	0.0486352614	0.0182186723	25.813383
5.18	0.112307359	0.0986948965	-0.22682781	-0.0981295901	0.539963204	1.46210056	4.84489256	0.30566467	0.0681328915	0.0234133663	26.458758
5.19	0.11354246	0.0970276081	-0.226551793	-0.0983044669	0.539088962	1.39133841	4.76856852	0.305836877	0.0811583353	0.0167661172	27.223115
5.2	0.114514429	0.0949335644	-0.226292515	-0.0984532134	0.53801424	1.29526868	4.70774779	0.305993534	0.113286672	0.0169634773	29.134742
5.21	0.1151974	0.0925252229	-0.226076939	-0.0985830185	0.536809745	1.19149177	4.68708808	0.306144764	0.11014185	0.0197055586	27.429042
5.22	0.115458197	0.0899314616	-0.225835045	-0.0986901531	0.535485636	1.12091939	4.70254007	0.306285894	0.104004925	0.01366679	26.373079
5.23	0.11489897	0.0881445095	-0.2255388	-0.0987588286	0.53382965	1.07906988	4.74657579	0.306698404	0.159109368	0.0469806565	25.477931
5.24	0.113531971	0.0866315182	-0.225149698	-0.0987828193	0.531947381	1.06039084	4.81797977	0.30735469	0.086601021	0.0230363041	27.76757
5.25	0.111655071	0.085519524	-0.224773719	-0.0988777901	0.530290996	1.13694057	4.83210862	0.307761288	0.0529867667	0.0202815458	27.591851
5.26	0.109293099	0.0850672672	-0.224410028	-0.0990244422	0.528733045	1.25687705	4.78915241	0.307811101	0.0733065509	0.0176340653	26.467217
5.27	0.106461001	0.0858047076	-0.224077138	-0.09920626	0.527140831	1.37911031	4.69936659	0.307456479	0.094343727	0.0257995547	26.265482
5.28	0.103842796	0.0858865601	-0.223820128	-0.0994718594	0.52555736	1.48113821	4.7513773	0.307525105	0.0830165954	0.0304541168	24.705718
5.29	0.101541449	0.0866904929	-0.223684514	-0.0996924997	0.524262485	1.4485538	4.76182777	0.307083008	0.096412527	0.0269068981	27.995273
5.3	0.0999514713	0.0876918164	-0.223675792	-0.0999622035	0.523618802	1.38872538	4.78705836	0.306369793	0.0836077826	0.0181408952	26.281245
5.31	0.0992978684	0.0886351884	-0.223818506	-0.10027051	0.523675522	1.3045954	4.81344232	0.305300062	0.0665161465	0.0157332485	28.475977
5.32	0.0995938724	0.088189565	-0.224070228	-0.100584904	0.524242694	1.16882318	4.82361372	0.303793629	0.0605398158	0.0359656141	27.651715
5.33	0.101434944	0.0870560641	-0.224381879	-0.100906566	0.525201344	1.02145225	4.85238929	0.302810683	0.0606571919	0.0293592261	26.259195
5.34	0.104363749	0.0865346164	-0.224779822	-0.101218803	0.526484168	0.835515664	4.88734109	0.302369969	0.0563762641	0.00711818167	27.174004
5.35	0.107178718	0.0868021986	-0.225276508	-0.101444627	0.527507067	0.548660526	4.97260497	0.302373938	0.142814924	0.0146788766	24.769124
5.36	0.109804939	0.0861847441	-0.225858017	-0.101708313	0.528094137	0.354472903	4.95837527	0.302331577	0.121494615	0.0183631894	24.810817
5.37	0.111734859	0.0841515145	-0.226476885	-0.101979785	0.528616518	0.162731591	4.97949168	0.30240506	0.124050475	0.0211099153	26.365131
5.38	0.112979178	0.0813779862	-0.227093027	-0.102275167	0.528905271	0.00252594915	5.03629546	0.302625898	0.125955711	0.0184634357	25.203425
5.39	0.113422073	0.0790879439	-0.22767984	-0.102584952	0.528880109	-0.14382902	5.12997304	0.303007274	0.0973085605	0.0170828125	25.18523
5.4	0.112730393	0.0761826895	-0.228235582	-0.102909089	0.528560065	-0.284058159	5.23276968	0.302888701	0.0855213543	0.0279004773	25.202181
5.41	0.112066713	0.0730753178	-0.228738679	-0.103261958	0.527950906	-0.395070017	5.36092491	0.303070276	0.0982324618	0.00547042549	24.748923
5.42	0.111437866	0.0703861021	-0.229155308	-0.103649109	0.527026909	-0.452948209	5.47985949	0.303440394	0.0637684921	0.0110439218	25.834869
5.43	0.110771632	0.0687586902	-0.229500118	-0.104069406	0.525783755	-0.465371722	5.58618212	0.303961298	0.0908530778	0.0248717522	26.628369
5.44	0.109933914	0.0674898003	-0.229765185	-0.10452952	0.524308545	-0.419844402	5.66320033	0.304461997	0.0813873867	0.0137216551	26.039841
5.45	0.108308535	0.0675828051	-0.230015621	-0.10504568	0.522630963	-0.328190126	5.74557452	0.305055933	0.0872426098	0.0447636347	25.76888
5.46	0.106405254	0.0683788353	-0.230255784	-0.105619625	0.520793103	-0.186179545	5.83212826	0.305717768	0.0959826404	0.0254671987	28.141604
5.47	0.104555514	0.0693741446	-0.230475095	-0.106252179	0.518886783	-0.0149376734	5.91915743	0.306364428	0.111666105	0.0170158863	26.580655
5.48	0.10310192	0.0699745682	-0.230710371	-0.106935754	0.516820456	0.191689938	6.01032137	0.306675884	0.1066675	0.0398280833	27.623137
5.49	0.101810244	0.0713684701	-0.230907199	-0.107644041	0.514586425	0.417753274	6.12147132	0.307172988	0.0851611006	0.0421780994	27.150256
5.5	0.100931191	0.0723745543	-0.23116167	-0.108267959	0.512613921	0.537945252	6.1978759	0.307387717	0.0754947265	0.0139081985	26.415568
5.51	0.100116312	0.0739110399	-0.231416875	-0.108788698	0.510754459	0.599939837	6.21776317	0.307685203	0.0839914061	0.0285711162	24.891165
5.52	0.0994989019	0.074215846	-0.231682705	-0.10914075	0.508671824	0.496783336	6.26276569	0.308003656	0.0873177917	0.030464287	25.780827
5.53	0.098341646	0.0753462071	-0.231971803	-0.109493183	0.507303401	0.548038847	6.334242	0.307982079	0.104201191	0.0349458945	28.115949
5.54	0.097539257	0.0762428461	-0.232259389	-0.109907341	0.506205688	0.751974509	6.32057703	0.307538835	0.043457104	0.0229951408	27.035651
5.55	0.0967743208	0.0769749956	-0.232508118	-0.11031353	0.505872209	0.922117645	6.3399384	0.307329865	0.0377978255	0.0220298545	26.809044
5.56	0.0951549207	0.0788037101	-0.232729667	-0.110681932	0.506284963	1.05593861	6.37519218	0.307187794	0.0849658495	0.0288450843	25.787453
5.57	0.0930475662	0.0811512818	-0.232931978	-0.111033717	0.507533621	1.19652968	6.43735323	0.307078994	0.083762051	0.00949525322	25.073383
5.58	0.0906261071	0.0843702492	-0.233104386	-0.111359902	0.509513285	1.33232611	6.4869623	0.306909378	0.0432271865	0.0145412365	26.692069
5.59	0.0885095309	0.0867530747	-0.233212624	-0.111778135	0.511751369	1.58284228	6.5869591	0.306866471	0.0601964089	0.0253088428	27.537019
5.6	0.0865769774	0.0887876961	-0.233266047	-0.112177956	0.514492813	1.76937715	6.61040833	0.306309776	0.0951931699	0.00727368376	28.534097
5.61	0.0850131224	0.0906104772	-0.23319715	-0.112476752	0.517106075	1.86872425	6.47016875	0.305192933	0.0968572971	0.0136988882	26.434546
5.62	0.0847276785	0.0934654104	-0.233051174	-0.112712425	0.519560761	1.92921358	6.36148891	0.305013279	0.134914131	0.016614508	25.574198
5.63	0.0858444418	0.0957133792	-0.232783438	-0.112904335	0.521849032	1.98344406	6.19647666	0.305043868	0.103679386	0.0236370196	24.268537
5.64	0.0872456746	0.0954201419	-0.232492407	-0.11307884	0.523996183	2.03234839	6.03938719	0.305026815	0.12548437	0.046185255	25.456661
5.65	0.0891166597	0.0942102726	-0.232224979	-0.113237447	0.525910567	2.05349182	5.92310321	0.305263597	0.0982458882	0.0190533718	26.971661
5.66	0.0913919952	0.0926937424	-0.232012896	-0.113387219	0.527613907	2.04221319	5.8479698	0.305664483	0.120227724	0.0115114494	24.93807
5.67	0.0937491535	0.0914160823	-0.231848648	-0.113551638	0.529210698	1.99865792	5.80689589	0.306063364	0.0598707514	0.0266938357	26.204744
5.68	0.0959994023	0.0881422517	-0.231759585	-0.113723321	0.530713786	1.90468911	5.7904071	0.306157707	0.0835609869	0.0435260734	26.395213
5.69	0.0984946226	0.0844611393	-0.231731487	-0.113887657	0.531995898	1.75235484	5.80080158	0.306247868	0.0987621897	0.0171989825	26.071744
5.7	0.100752708	0.0818411166	-0.231741552	-0.114069311	0.533033975	1.58916983	5.85380998	0.306468743	0.0982475519	0.0256765147	26.891788
5.71	0.102374632	0.0810668841	-0.231773154	-0.114263992	0.533800982	1.4142848	5.94370429	0.306954811	0.127135098	0.0234926546	26.70355
5.72	0.10327875	0.081377871	-0.231846964	-0.114443264	0.534265015	1.21758883	6.05641106	0.307537992	0.0997581486	0.0203809999	26.848
5.73	0.104028759	0.0808591559	-0.231943018	-0.114619688	0.534340265	1.02526145	6.18848638	0.308109329	0.0985559521	0.0318349963	26.314957
5.74	0.104325249	0.0802278444	-0.232014148	-0.114775678	0.533997213	0.834272498	6.31031076	0.308535453	0.0630328503	0.0149242933	25.642003
5.75	0.104456868	0.0795300636	-0.232034204	-0.114858238	0.533178169	0.609096699	6.39634873	0.308825401	0.11102664	0.0349830597	28.790734
5.76	0.10428665	0.0793658257	-0.231956838	-0.114854017	0.531874821	0.378272419	6.43282873	0.308942212	0.0480848922	0.0335688438	25.571314
5.77	0.104482467	0.0780507557	-0.231875924	-0.114813607	0.530439715	0.236791878	6.37471925	0.308561771	0.0694605162	0.0249822289	26.982539
5.78	0.104576998	0.0764019913	-0.231808781	-0.114642535	0.529366367	0.0809901077	6.36410726	0.308170412	0.069976156	0.016570962	27.675358
5.79	0.104319948	0.0756379509	-0.231727433	-0.114401368	0.528535798	-0.029698918	6.34980841	0.307661461	0.0581625827	0.0216467949	25.74679
5.8	0.103860151	0.0753952997	-0.231581519	-0.114089495	0.527853399	-0.102352822	6.29448039	0.307054876	0.0589124167	0.0133543684	26.466235
5.81	0.102871978	0.0756183351	-0.231368836	-0.113831347	0.526990096	-0.0410192598	6.22445335	0.306269912	0.0777925711	0.0377986941	29.459809
5.82	0.102218777	0.0753935644	-0.231207432	-0.113480605	0.526223664	-0.062267858	6.05622889	0.305170721	0.0396579788	0.0179741876	25.348249
5.83	0.10215041	0.0754825515	-0.231034835	-0.113082187	0.525864706	-0.0435387828	5.88370742	0.304531427	0.0382246812	0.0135409073	28.16927
5.84	0.102839656	0.0764407717	-0.230892664	-0.112627731	0.525879429	-0.0168316769	5.71352273	0.304331614	0.0449369982	0.0173762444	26.950943
5.85	0.104095701	0.0779643428	-0.230779477	-0.11212665	0.525967338	0.00662460505	5.52696914	0.304353534	0.133083174	0.0149268552	25.133297
5.86	0.105669254	0.0779119559	-0.230655769	-0.111481441	0.525807626	-0.0823893032	5.35948547	0.3043062	0.0881518254	0.0310225268	25.215034
5.87	0.107883872	0.0769352499	-0.230591892	-0.110821905	0.525707091	-0.138781366	5.15357238	0.304183937	0.0984278381	0.0228502943	29.335799
5.88	0.110245598	0.0759909335	-0.230630761	-0.110181237	0.525508246	-0.18251597	4.94920041	0.304214297	0.102858251	0.02112772	25.479811
5.89	0.112625373	0.0754178562	-0.230768844	-0.109564089	0.525181742	-0.216937838	4.75806086	0.30439395	0.0960808526	0.00381450533	26.400977
5.9	0.115192344	0.0740927765	-0.230990089	-0.108986532	0.524852688	-0.223841178	4.57356249	0.304489193	0.0973431533	0.0223644185	27.057069
5.91	0.117440405	0.0731203791	-0.231252767	-0.108456799	0.524563802	-0.239631495	4.40923147	0.304685593	0.129017196	0.0394389889	23.836582
5.92	0.119033892	0.0734440593	-0.231559469	-0.107964806	0.524263712	-0.252120695	4.27960722	0.305054977	0.0677432405	0.019292495	26.756034
5.93	0.120434371	0.0738977978	-0.231923359	-0.107608667	0.523502624	-0.130633418	4.07654124	0.305288208	0.0729214065	0.00280738878	24.962941
5.94	0.12167219	0.0730902655	-0.232359899	-0.107272112	0.522892171	-0.0471067791	3.9554352	0.305521441	0.106339794	0.0241084485	25.893355
5.95	0.121998199	0.0731114006	-0.232862598	-0.10695663	0.522322951	0.0239948097	3.89492699	0.305632691	0.0667464577	0.0282943194	25.441771
5.96	0.122058879	0.0730109428	-0.233395401	-0.106669688	0.521662846	0.0965227427	3.88069039	0.305805914	0.0910945328	0.013132504	25.047908
5.97	0.122336147	0.0724030926	-0.23391899	-0.106405419	0.520860751	0.162241819	3.90090218	0.306390628	0.13573807	0.0331493057	26.884205
5.98	0.122094282	0.0733189771	-0.234429517	-0.106146322	0.519855333	0.200528669	3.96518136	0.30747973	0.14346033	0.0297776193	24.884755
5.99	0.121478465	0.0739243443	-0.234978425	-0.105884695	0.518644884	0.202225069	4.06707522	0.30836985	0.0925664518	0.0268994265	27.50687
6	0.121394624	0.0726715723	-0.235597404	-0.105514742	0.517619039	0.0451612939	4.07554045	0.308338838	0.0670277044	0.0361284127	27.471254
6.01	0.121274207	0.0711641016	-0.236284991	-0.105141967	0.517376296	-0.0480895295	4.16278047	0.308334395	0.0859121146	0.0262714693	27.175454
6.02	0.120738091	0.070492751	-0.236949112	-0.104761816	0.517699503	-0.109391589	4.2490926	0.30815545	0.0657107506	0.00920267927	30.59544
6.03	0.119713562	0.0709237866	-0.237548599	-0.104351674	0.517903174	-0.146311475	4.34555209	0.308314948	0.0462594961	0.0230482359	28.086763
6.04	0.118552812	0.0713039512	-0.238084538	-0.103970291	0.518645048	-0.148830445	4.40248213	0.308071689	0.0355720598	0.0397950932	24.860077
6.05	0.117641983	0.0715665284	-0.238528927	-0.103639291	0.519821831	-0.106343678	4.43619128	0.307779441	0.0573599316	0.0228419619	26.774123
6.06	0.116976993	0.0719274678	-0.238895985	-0.103375603	0.52129335	-0.0127042074	4.4224149	0.307238867	0.066430912	0.0135855537	25.600068
6.07	0.116229193	0.0729656288	-0.239229141	-0.103191813	0.523044105	0.116164595	4.38287889	0.306437351	0.0497617643	0.0138195374	28.345329
6.08	0.115596602	0.0739996005	-0.239545415	-0.103075829	0.525056593	0.273603611	4.32633935	0.305517131	0.0724153181	0.0305346132	27.321467
6.09	0.116268869	0.0756394769	-0.239813859	-0.103023361	0.527138441	0.436315617	4.27044602	0.305257101	0.0406794546	0.0185103914	27.161863
6.1	0.117484019	0.0767843178	-0.240002989	-0.103098324	0.528812105	0.705357974	4.27524849	0.30539359	0.122850878	0.0259920889	27.101871
6.11	0.119116989	0.0778617308	-0.240136362	-0.103187419	0.530365644	0.891712084	4.27191482	0.30561344	0.122955294	0.0165899868	27.713302
6.12	0.120862635	0.0795249506	-0.240263132	-0.103264496	0.531614596	1.00015761	4.29260555	0.305997931	0.143195954	0.0375489813	25.828184
6.13	0.12240775	0.0795436935	-0.240385623	-0.103303332	0.532505121	1.03642689	4.30826853	0.306145457	0.0790249854	0.034692379	25.833377
6.14	0.123760899	0.0784940535	-0.240481132	-0.103299337	0.533019677	1.01728441	4.31393252	0.30616112	0.120667418	0.0108563549	25.661121
6.15	0.125020713	0.0769899896	-0.240531682	-0.103259119	0.533110815	0.962212951	4.31556367	0.306172856	0.106875081	0.00881278285	27.933932
6.16	0.126247653	0.0754485438	-0.240485437	-0.103191274	0.532739753	0.872655147	4.30281427	0.306327156	0.114475793	0.043475804	27.003409
6.17	0.127131318	0.0746351771	-0.240368258	-0.103095039	0.531998574	0.759982737	4.28950563	0.306646054	0.0344521411	0.013406828	27.241015
6.18	0.127425109	0.0742558118	-0.240236663	-0.102959303	0.530958167	0.617548425	4.27378923	0.306930971	0.0704957107	0.0227933697	26.64392
6.19	0.126812028	0.0746741796	-0.240140398	-0.102797532	0.529695711	0.454305309	4.26178794	0.307000553	0.102181065	0.0231003523	27.20147
6.2	0.126159701	0.0734769331	-0.240138859	-0.102594756	0.52825257	0.258121781	4.26193125	0.306747562	0.0635210233	0.0392627169	27.175158
6.21	0.125136185	0.0721385304	-0.240207009	-0.102354691	0.526613659	0.0488839435	4.28069058	0.306328211	0.0818121563	0.0111928028	25.670513
6.22	0.123625884	0.0713787352	-0.240299955	-0.102085745	0.524796352	-0.141149661	4.33085091	0.306015145	0.100734476	0.0134339098	24.793243
6.23	0.122192318	0.0711007298	-0.240410215	-0.101778921	0.522816712	-0.313159511	4.40607913	0.305861163	0.103151188	0.0335323551	27.235221
6.24	0.120898495	0.070608327	-0.240549444	-0.101407353	0.520610564	-0.487553743	4.4899233	0.305704178	0.0740567965	0.0295506496	29.307261
6.25	0.119633153	0.0693682288	-0.240683116	-0.100973222	0.518238141	-0.648243124	4.58307777	0.305508149	0.072402893	0.0209644197	27.378336
6.26	0.118699734	0.0683952727	-0.240795481	-0.100604794	0.516049716	-0.723561344	4.58674504	0.305140747	0.073321721	0.0143042958	24.494839
6.27	0.117545246	0.0687746427	-0.240932223	-0.100312167	0.514089675	-0.729454731	4.5291893	0.304851134	0.0624881533	0.0280492967	27.801548
6.28	0.116219414	0.0694269848	-0.241063254	-0.100186302	0.511920109	-0.566494539	4.4711544	0.304685604	0.0588932078	0.0315425155	30.168505
6.29	0.114749201	0.0713538748	-0.241170816	-0.100113141	0.5100176	-0.440839288	4.33355731	0.304417916	0.0797572199	0.0402800359	26.945065
6.3	0.113637528	0.0731306617	-0.241306839	-0.100019561	0.50886715	-0.393697426	4.19562719	0.304024476	0.0716262634	0.0122921242	29.17001
6.31	0.113346055	0.0746715691	-0.241464094	-0.0998419718	0.508043023	-0.474172521	3.97397423	0.303506928	0.0317441933	0.0122105303	27.651646
6.32	0.113627042	0.0758704179	-0.241712862	-0.0996783406	0.507897466	-0.517049628	3.80054399	0.303127439	0.0682306868	0.0168412052	26.376447
6.33	0.114208521	0.0770142553	-0.242087187	-0.0995512762	0.50849782	-0.533201327	3.67729891	0.302889248	0.0666927609	0.0253684582	25.411181
6.34	0.115467484	0.0779144755	-0.242643645	-0.0994359719	0.509841134	-0.550942209	3.62444285	0.302828278	0.0673020114	0.0214826691	26.411092
6.35	0.116710902	0.0789995108	-0.243351635	-0.0993044043	0.511656296	-0.599919932	3.60468578	0.302842121	0.10782581	0.0374719294	26.333425
6.36	0.117575808	0.0798033119	-0.244165023	-0.0990377316	0.51330715	-0.774117793	3.66166835	0.302977039	0.0973446485	0.00577927578	28.093571
6.37	0.118425224	0.0802906086	-0.245054857	-0.0987864196	0.515049516	-0.922791526	3.71698272	0.303108264	0.123479274	0.00899600396	26.657006
6.38	0.119993474	0.0802746811	-0.245956598	-0.09863099	0.516400651	-0.981827494	3.66557652	0.303196196	0.102783324	0.023232306	24.870727
6.39	0.121647771	0.0801965397	-0.246878913	-0.0984862324	0.51766003	-1.04181297	3.66281316	0.303476269	0.129939545	0.00682728204	25.907388
6.4	0.12323752	0.0792274755	-0.24779335	-0.0983446273	0.518694358	-1.07635008	3.66532729	0.303634579	0.124597731	0.0206974901	26.998552
6.41	0.124772115	0.076958105	-0.248686191	-0.0981835514	0.519416915	-1.09468793	3.68192851	0.303721381	0.0890716875	0.0262767218	26.072224
6.42	0.126369429	0.0747365717	-0.249560145	-0.0979826212	0.519769387	-1.1025697	3.73930702	0.303953074	0.0802995862	0.0186250139	28.220642
6.43	0.127945335	0.0723888184	-0.250441007	-0.0977238301	0.519798903	-1.11911257	3.85727528	0.304333289	0.0786523935	0.0256995968	27.091971
6.44	0.129480801	0.0695001914	-0.251334592	-0.0974104926	0.519607344	-1.13772206	4.02792061	0.304568834	0.104338957	0.0245962704	27.360516
6.45	0.130965295	0.0663019113	-0.252272782	-0.0970616776	0.5192249	-1.14705811	4.25199695	0.304668608	0.0777753541	0.021393132	25.522828
6.46	0.132298215	0.0629459208	-0.253241802	-0.096678487	0.51880327	-1.15582638	4.51612709	0.304396538	0.105433717	0.0364397594	26.426058
6.47	0.13391944	0.059318692	-0.254143888	-0.0962407389	0.518330905	-1.16098124	4.80491177	0.304007891	0.126125873	0.020205471	25.994001
6.48	0.135934867	0.0559584639	-0.254928666	-0.0957284795	0.517754834	-1.15689108	5.11361927	0.303874664	0.121707009	0.0283331418	27.890385
6.49	0.137328914	0.0541831011	-0.255686138	-0.0950715468	0.517413173	-1.27243655	5.36985649	0.30384737	0.0838061103	0.029952561	28.124269
6.5	0.137378659	0.0545792552	-0.256365359	-0.094258413	0.51718897	-1.4379279	5.50954439	0.304013202	0.117898906	0.0335290645	25.76783
6.51	0.13652218	0.0564177859	-0.256943471	-0.0932999265	0.517072157	-1.63570379	5.51899988	0.304486041	0.0438377288	0.0226723166	25.424098
6.52	0.134374957	0.0601224816	-0.257439765	-0.092217572	0.517103861	-1.87041209	5.57625678	0.305356912	0.0444678603	0.0355342052	27.88806
6.53	0.131778749	0.0645875158	-0.257877089	-0.09108852	0.517615603	-1.99334217	5.55710617	0.305890303	0.0840925121	0.0176952817	30.04162
6.54	0.129083915	0.0691623035	-0.258285584	-0.0899525719	0.518568343	-2.05416731	5.48880291	0.306088873	0.0722335128	0.0414038841	28.619797
6.55	0.127120168	0.0724038251	-0.258694898	-0.0888818504	0.519952689	-2.00759058	5.35421056	0.306093167	0.106574127	0.0307009441	27.019236
6.56	0.125095142	0.075014685	-0.259207394	-0.0879647844	0.521681991	-1.77686776	5.15564081	0.305320164	0.0847832812	0.0339352477	25.214186
6.57	0.123333998	0.0764075731	-0.259670589	-0.0872006494	0.523551525	-1.45463566	4.97342985	0.304366105	0.0950382732	0.0241480112	25.48856
6.58	0.123151077	0.0790095778	-0.260125539	-0.0865783259	0.525764866	-1.0975559	4.82834953	0.304240229	0.077020734	0.0198519839	26.416587
6.59	0.124329546	0.0817345079	-0.260601716	-0.086130816	0.528155015	-0.684876052	4.71360249	0.30450893	0.0713294372	0.00815521905	26.840385
6.6	0.126265196	0.0844634576	-0.261041928	-0.0858221174	0.530451539	-0.250356445	4.63072143	0.304949708	0.116498939	0.026590428	25.152071
6.61	0.128523507	0.0856703786	-0.261464391	-0.0856099343	0.532494977	0.158218128	4.57085161	0.30525909	0.131229614	0.0222383411	25.657113
6.62	0.13109113	0.0862144583	-0.261923158	-0.0854105865	0.533735876	0.5002708	4.46981437	0.305513599	0.12081409	0.0236739078	26.243041
6.63	0.133314367	0.0862535277	-0.262333494	-0.0852301648	0.534609167	0.799618762	4.39255731	0.305699648	0.0839200701	0.0265221644	25.159665
6.64	0.135084547	0.0856974728	-0.262691933	-0.0850715227	0.535092921	1.05829632	4.34279886	0.305836133	0.0903001767	0.018581905	25.996288
6.65	0.136857971	0.0843634165	-0.262968639	-0.0849284178	0.53509986	1.24761404	4.30796328	0.3061643	0.107902077	0.0365594329	27.57329
6.66	0.138104807	0.0825794992	-0.263179061	-0.0848062037	0.53466067	1.38161413	4.28393909	0.306326244	0.0780657638	0.0230601253	28.459048
6.67	0.138671712	0.0810622173	-0.263328491	-0.0846948405	0.533738674	1.46730202	4.27212009	0.306354702	0.0731461064	0.0163369283	26.582167
6.68	0.138862174	0.0796871274	-0.263434807	-0.0845926034	0.532452378	1.51551245	4.29631204	0.306531072	0.0717973988	0.0145499412	26.42947
6.69	0.13872731	0.0787847595	-0.263514114	-0.084484158	0.530857918	1.5131202	4.3595044	0.306941508	0.0909582806	0.0175388164	25.887911
6.7	0.138300219	0.0775028478	-0.263553917	-0.0843692018	0.529067318	1.49372627	4.4803151	0.307606128	0.121164115	0.023920127	25.758375
6.71	0.137230904	0.0765310911	-0.26350447	-0.0842125869	0.527055875	1.41350958	4.62770389	0.308423304	0.175488589	0.0273927357	29.721175
6.72	0.135438542	0.0757006982	-0.263376013	-0.0840350109	0.524728377	1.28544131	4.78367035	0.309252074	0.0989752497	0.0204386243	26.500452
6.73	0.132364164	0.0760984944	-0.263204887	-0.0838359115	0.522122756	1.08791371	4.92095685	0.309585916	0.147682005	0.0355455227	26.049595
6.74	0.128755929	0.0768007292	-0.263115185	-0.0837696729	0.519800354	1.02564952	4.96591288	0.309206721	0.0886667632	0.00754081202	26.715684
6.75	0.125095426	0.076460379	-0.263134156	-0.0838479778	0.517670747	1.04640011	4.93246419	0.308319243	0.0569545102	0.0226304736	29.104704
6.76	0.120705993	0.0757555698	-0.263336087	-0.0839902336	0.516354346	0.953240236	5.03418495	0.307182733	0.0422146296	0.03704481	25.186001
6.77	0.11594674	0.074497776	-0.263678091	-0.0842134892	0.515073845	0.853928548	5.19952111	0.306004233	0.0345437781	0.0220542896	27.948361
6.78	0.110948685	0.0733938392	-0.264179818	-0.0844519273	0.514414151	0.718054254	5.39045151	0.304489592	0.0425720242	0.0236709591	26.197368
6.79	0.107713259	0.0720640999	-0.264811392	-0.0846731713	0.51421964	0.57420761	5.56642743	0.303597945	0.101070024	0.0312167819	25.955939
6.8	0.106224029	0.0702776341	-0.2654709	-0.0849199573	0.514382199	0.484782156	5.70184902	0.303158902	0.109752901	0.0497880691	25.556958
6.81	0.106651833	0.0687930404	-0.266182347	-0.0851700186	0.514951297	0.437312908	5.8240433	0.30322376	0.0660320791	0.0332236031	25.164121
6.82	0.108493019	0.0676983471	-0.266881647	-0.0854159563	0.515926298	0.413622367	5.89906837	0.303503351	0.0700507769	0.0235547604	25.021916
6.83	0.111315082	0.0669787674	-0.267585486	-0.0856134931	0.517282021	0.393817652	5.91615649	0.30379784	0.0595801278	0.0329818503	26.403479
6.84	0.11421837	0.0663816126	-0.268275851	-0.0856626625	0.518640101	0.264118356	5.94779925	0.304121021	0.0424995981	0.0151359989	25.127495
6.85	0.117505748	0.0658842744	-0.268927515	-0.0856390822	0.520252411	0.154506454	5.91116305	0.304259829	0.10638491	0.00261057646	26.109189
6.86	0.120874194	0.0653515672	-0.269548708	-0.085593645	0.521990538	0.0128570568	5.85797839	0.304379104	0.136165192	0.0222617927	26.746702
6.87	0.124109206	0.0657931178	-0.270089484	-0.0855390611	0.523567793	-0.100388681	5.81211643	0.304720365	0.128069058	0.0265982918	30.44263
6.88	0.127031529	0.0663682952	-0.270541041	-0.0854457415	0.525071072	-0.211412921	5.7868594	0.305041404	0.109950988	0.0117219031	27.720227
6.89	0.130095073	0.0658488416	-0.270891183	-0.0852950555	0.526464033	-0.328365047	5.79977623	0.30536947	0.113602345	0.0223617519	27.259242
6.9	0.133018812	0.06502034	-0.271105227	-0.0851306004	0.527072249	-0.328557086	5.70624886	0.305225314	0.112611615	0.0250702617	25.840327
6.91	0.135810278	0.0635499882	-0.271107105	-0.0848646053	0.527545257	-0.355307379	5.67288875	0.305337556	0.109871412	0.0196361493	23.929716
6.92	0.138137505	0.06265173	-0.270916459	-0.084487995	0.527761303	-0.414187422	5.70782178	0.305820903	0.0700256735	0.0213530497	28.381478
6.93	0.14011424	0.0613103235	-0.270555098	-0.0840102588	0.527653905	-0.459820618	5.76819591	0.306068121	0.102027765	0.0296874667	25.829298
6.94	0.142025858	0.0590259396	-0.270049843	-0.0834143589	0.527320434	-0.508198057	5.87056938	0.306024665	0.0812898267	0.0266535536	24.590259
6.95	0.143786116	0.0566898057	-0.269463602	-0.0827340333	0.526895449	-0.530443653	6.04859545	0.306162224	0.187704029	0.022298192	26.470544
6.96	0.144837994	0.0551253876	-0.268747318	-0.0819698507	0.52636792	-0.528380266	6.26785023	0.306360741	0.0860804453	0.0185148693	26.140867
6.97	0.145040627	0.054534006	-0.26789191	-0.0811378029	0.525635655	-0.477543332	6.49461908	0.306432062	0.0933235794	0.0392250514	28.05624
6.98	0.145143129	0.0536793371	-0.266889364	-0.0802359252	0.524638067	-0.405058614	6.73376093	0.306578387	0.110460355	0.0144550671	25.415435
6.99	0.145148298	0.0531017132	-0.265858582	-0.0791506613	0.523914493	-0.401718995	6.86450267	0.306274633	0.0811314681	0.025712242	27.018298
7	0.145354846	0.0526370439	-0.264821513	-0.0779069951	0.523370351	-0.437326439	6.88590365	0.305885454	0.0644896452	0.0137709278	25.575641
7.01	0.145698919	0.0523547422	-0.263814697	-0.0764408241	0.522660022	-0.604744008	6.89618362	0.305835588	0.0706182317	0.0250791283	28.244776
7.02	0.145374161	0.0528598174	-0.262884066	-0.0749430935	0.522454512	-0.657888111	6.87943798	0.30601007	0.0906359891	0.0426905207	26.997873
7.03	0.144077666	0.0548454578	-0.262111474	-0.0734464416	0.522591465	-0.644592972	6.81336408	0.306290157	0.0713710818	0.0316005092	24.760014
7.04	0.141921448	0.0581622744	-0.261411996	-0.0720008354	0.522822559	-0.545396951	6.62557657	0.306333953	0.125816182	0.0383043429	23.894712
7.05	0.139136021	0.0626622724	-0.260783091	-0.0706117066	0.523190566	-0.408475208	6.32748864	0.306182325	0.066143114	0.0359236713	25.521257
7.06	0.13640212	0.0679114484	-0.260239248	-0.06927951	0.523694579	-0.257909568	5.98154081	0.306219562	0.0642606533	0.0287679545	23.960937
7.07	0.13399888	0.0738147242	-0.259774387	-0.0680278255	0.524364142	-0.074838557	5.59597167	0.306070471	0.0582729318	0.0229308217	25.828378
7.08	0.132353705	0.0791630517	-0.259430468	-0.0669612257	0.52497349	0.205996597	5.27966607	0.305938855	0.0795478822	0.0150914692	29.859804
7.09	0.131883731	0.0831376746	-0.259240564	-0.0659991757	0.525887883	0.4904513	4.9553504	0.305600792	0.0479743637	0.0104977852	26.799773
7.1	0.132276654	0.0872977119	-0.25911169	-0.0651480943	0.526911812	0.801543328	4.66497687	0.305519573	0.124624702	0.0278622067	25.323336
7.11	0.13337641	0.0910975334	-0.259019587	-0.0643897926	0.527919187	1.0907652	4.41994459	0.305575346	0.0933993543	0.0275715528	28.385317
7.12	0.135299805	0.093890948	-0.258969726	-0.0636300959	0.528309806	1.27259366	4.10629485	0.305605872	0.107158172	0.0224864784	29.513034
7.13	0.137031573	0.0946637975	-0.258923198	-0.0629266092	0.528748201	1.43450552	3.88859858	0.305659149	0.0777793928	0.0231983564	24.733542
7.14	0.138422849	0.0949342585	-0.258843218	-0.0622703403	0.529085411	1.58924419	3.76007749	0.30589658	0.0961134079	0.0189423134	27.324054
7.15	0.139413421	0.0943263679	-0.258701739	-0.0616641815	0.529236097	1.74796282	3.72240521	0.306332828	0.104521521	0.0178472557	24.398864
7.16	0.139979328	0.0933807673	-0.258469262	-0.0611275189	0.529224293	1.91395349	3.76480664	0.306794192	0.0766780551	0.0324613056	25.653782
7.17	0.140019223	0.0922043152	-0.258113288	-0.06065441	0.529088132	2.06098552	3.8693538	0.306973118	0.0871455207	0.029642479	28.456628
7.18	0.13997559	0.0904583308	-0.257664594	-0.0602150828	0.528856269	2.13971064	4.01962689	0.307172144	0.0872372438	0.0169760972	28.20744
7.19	0.139962778	0.0883624193	-0.257135051	-0.0597940666	0.528458699	2.13016217	4.19734266	0.307586508	0.106641296	0.0196118785	24.628934
7.2	0.140061907	0.0844253283	-0.256544523	-0.0593800698	0.527908645	2.03882969	4.40540525	0.308089452	0.0906215748	0.0482238377	25.984783
7.21	0.140178695	0.0805482415	-0.255907375	-0.0589535031	0.527177282	1.87107961	4.64457944	0.308996168	0.1281688	0.038398506	28.042891
7.22	0.140581062	0.0758894074	-0.255244695	-0.0585024548	0.526197769	1.60907194	4.88311924	0.309800414	0.153369107	0.0510563835	25.94391
7.23	0.14110208	0.0710951836	-0.254534148	-0.0580142638	0.524907571	1.28107395	5.09908036	0.310402226	0.143461398	0.0289791224	25.528208
7.24	0.141174846	0.0675671535	-0.253720394	-0.0574709035	0.523302803	0.874661062	5.25757422	0.310945358	0.0712522847	0.0353797371	28.995008
7.25	0.14033323	0.065880435	-0.252762454	-0.0570191287	0.521886582	0.553438686	5.20356048	0.310563271	0.0945671874	0.035643124	31.844127
7.26	0.138708338	0.0653626249	-0.251614906	-0.0567360995	0.520230368	0.392805817	5.06719139	0.310103662	0.0739020931	0.0210664757	26.760078
7.27	0.136167499	0.0657896592	-0.250449341	-0.0564669304	0.519166092	0.173938144	4.92136418	0.309424928	0.0854482035	0.0135456442	27.968345
7.28	0.133219459	0.0666208786	-0.249320616	-0.0561998338	0.518616806	-0.0620104351	4.78560337	0.308752733	0.0683364509	0.0220093324	25.074152
7.29	0.129824472	0.06816567	-0.24833606	-0.0559337204	0.518626755	-0.308653404	4.68066906	0.308080301	0.0854232729	0.0234715903	26.993215
7.3	0.126206811	0.0704392539	-0.247494883	-0.0556477981	0.518925503	-0.581711566	4.52683688	0.307164191	0.0497238103	0.0193582025	24.446932
7.31	0.122487845	0.0732984574	-0.246775252	-0.055350694	0.519861718	-0.833273068	4.40742569	0.306109975	0.0676736202	0.00533488189	27.194559
7.32	0.118966924	0.0769000188	-0.246152056	-0.0550464032	0.52137312	-1.03726185	4.28754894	0.304943028	0.073828954	0.0232873022	26.235707
7.33	0.116832394	0.0813055544	-0.24562466	-0.0547283799	0.523310947	-1.20713449	4.19921372	0.304327367	0.0364182953	0.0111539254	26.258063
7.34	0.116109684	0.0866971872	-0.24518841	-0.0543841226	0.52546399	-1.3897232	4.14098518	0.304156353	0.0662367629	0.027736337	25.58967
7.35	0.116245314	0.0908691201	-0.244853251	-0.0539735572	0.526956061	-1.58971704	4.07022375	0.30405183	0.123845145	0.0246395427	24.744376
7.36	0.117361658	0.0945111085	-0.244629622	-0.053551102	0.528409514	-1.71255111	4.00769331	0.304094598	0.0841478327	0.0262578498	25.546042
7.37	0.118883942	0.0969088131	-0.244493096	-0.053140746	0.529663788	-1.77244974	3.95651872	0.30422955	0.056728896	0.01587297	27.45229
7.38	0.120446427	0.0980015233	-0.244415332	-0.0527318369	0.530574092	-1.77606553	3.9373016	0.304506753	0.0940063234	0.0290223666	26.949407
7.39	0.121442739	0.0973472072	-0.244366057	-0.0523342971	0.531066725	-1.71586431	3.94423976	0.304746813	0.0691161317	0.0157194924	27.654623
7.4	0.121433112	0.0937331821	-0.244330467	-0.0519484593	0.531122228	-1.61174315	3.96494543	0.304614418	0.0788327027	0.0291574853	26.095089
7.41	0.121556972	0.0888367859	-0.244294096	-0.0515898794	0.530846312	-1.45699414	4.02174649	0.30465956	0.0986594797	0.0199663125	27.736976
7.42	0.122075803	0.0832772252	-0.244292554	-0.0512685357	0.530343525	-1.23205449	4.11547186	0.304835344	0.0558725911	0.0229318557	27.243834
7.43	0.12345706	0.0777772376	-0.244329084	-0.0509872986	0.529638881	-0.955032993	4.25924904	0.305442461	0.0875622417	0.0269831724	26.611019
7.44	0.12543491	0.0731227292	-0.24445128	-0.0507522789	0.528710808	-0.623742841	4.45289992	0.306452186	0.125506909	0.0212555809	25.049151
7.45	0.127863896	0.0689513733	-0.244646064	-0.0505761568	0.527376555	-0.205435412	4.66599029	0.307837272	0.118425726	0.0265862467	27.839908
7.46	0.130151362	0.0652925726	-0.244997676	-0.0503699383	0.526075236	0.118028598	4.80705889	0.308542072	0.0903694139	0.0326006679	28.589921
7.47	0.131736816	0.0626994869	-0.245540251	-0.0500951455	0.525024769	0.322922499	4.89087956	0.308532448	0.120853503	0.0291088515	26.028015
7.48	0.132857697	0.0612229615	-0.246214914	-0.0497005912	0.524201909	0.385527254	4.91767563	0.30832432	0.113378354	0.0175543393	25.072482
7.49	0.133607909	0.0604554937	-0.246995545	-0.0491753163	0.523581507	0.32461664	4.87203864	0.307959171	0.0718345846	0.0184719201	23.934994
7.5	0.133447619	0.0614687949	-0.247855972	-0.0484440716	0.522864154	0.0628583769	4.78103637	0.307939113	0.0591757743	0.0313887757	25.773454
7.51	0.132645369	0.063395818	-0.248859292	-0.0476080531	0.52276341	-0.123498953	4.72958717	0.308177288	0.0668860106	0.0171912285	26.001143
7.52	0.131700911	0.0650468808	-0.249970774	-0.0466922081	0.522951726	-0.258617837	4.65032414	0.308270814	0.0539990432	0.0268805012	25.211969
7.53	0.130207413	0.066658396	-0.251215296	-0.0457105017	0.523605584	-0.384519943	4.61680977	0.308172401	0.0754767705	0.022189048	27.067543
7.54	0.128342934	0.0684318454	-0.252598789	-0.0446583704	0.524664315	-0.483232666	4.63735093	0.307857541	0.0601146036	0.0369465136	25.395778
7.55	0.125678107	0.0701106583	-0.254012202	-0.0436727567	0.525568462	-0.45785131	4.75708025	0.307365969	0.0851889498	0.0340901323	25.239016
7.56	0.122820069	0.0717977941	-0.25538267	-0.0426737115	0.52662754	-0.444932493	4.85389465	0.306519929	0.0564101531	0.0131324581	27.3971
7.57	0.12031262	0.0731342449	-0.256562469	-0.0416746114	0.527651925	-0.417739768	4.88590774	0.305602651	0.0870861007	0.0186125468	26.12631
7.58	0.118963457	0.0738080853	-0.257584028	-0.0406907759	0.528638933	-0.355495422	4.87322178	0.305031793	0.0714908791	0.0291551436	28.044698
7.59	0.119260623	0.0748247718	-0.258520347	-0.0397251818	0.529653669	-0.251270737	4.83890642	0.304967407	0.0868177137	0.0484613104	27.277251
7.6	0.120390269	0.0763897333	-0.259272044	-0.0387772156	0.530569233	-0.129062817	4.7906012	0.305174909	0.151952743	0.0461767071	24.528462
7.61	0.1221578	0.0770408471	-0.25983672	-0.0378410033	0.53130461	-0.0042230591	4.73784807	0.305403716	0.0706698701	0.0166098645	23.964796
7.62	0.124372781	0.0765955457	-0.26022847	-0.0369063609	0.531780484	0.104212305	4.68869068	0.305634196	0.0593520818	0.0106796448	26.894411
7.63	0.126924975	0.0741895336	-0.260455389	-0.0359691474	0.531934644	0.188228048	4.65109156	0.30577265	0.0695596959	0.0290149251	26.177572
7.64	0.129936206	0.0713945707	-0.260510245	-0.0350323253	0.531786034	0.249137283	4.62943696	0.305994664	0.0710541694	0.00926455682	26.867373
7.65	0.133234049	0.0681501261	-0.260407421	-0.0341128603	0.531387144	0.315353607	4.65277368	0.30622446	0.0975321914	0.00895363946	24.933977
7.66	0.136484468	0.0648121457	-0.260152867	-0.0331991156	0.530741357	0.37810627	4.7132441	0.306397629	0.0894361628	0.0191911222	27.062049
7.67	0.139284803	0.0621506906	-0.25976031	-0.032300317	0.529976177	0.454054014	4.83436175	0.306747321	0.0649336951	0.020969288	27.276168
7.68	0.141818858	0.0593623305	-0.259257923	-0.0314017539	0.52911483	0.518224451	4.99862975	0.307132444	0.0811685336	0.0200536696	25.095388
7.69	0.143981717	0.0569422014	-0.258718165	-0.0304411495	0.527594233	0.420583897	5.09220419	0.307499588	0.0931135859	0.00651268336	25.672159
7.7	0.145822649	0.0544489387	-0.258140832	-0.0294837009	0.526120163	0.317792349	5.28094907	0.308074571	0.120525669	0.0249332261	26.078415
7.71	0.146761583	0.0526829749	-0.257523719	-0.0285985462	0.524926647	0.229827439	5.46985856	0.30849092	0.0806002823	0.0253020986	28.133949
7.72	0.146914158	0.0513005727	-0.256885144	-0.0277945743	0.523990733	0.172012896	5.64219236	0.308866474	0.0670692758	0.0142336921	26.201412
7.73	0.146119408	0.0503546918	-0.256289862	-0.0271006383	0.523355604	0.149563697	5.78645411	0.309036696	0.126117212	0.00884937969	24.29635
7.74	0.144687252	0.0493293894	-0.255765051	-0.0264957255	0.523061434	0.149339246	5.88842636	0.308963892	0.0598071037	0.031390251	28.720546
7.75	0.142048553	0.0490745215	-0.255302304	-0.0260692292	0.522842486	0.280206743	6.01488131	0.3089368	0.0885112934	0.0138476593	28.265346
7.76	0.138557785	0.0494733869	-0.255006473	-0.0257506464	0.522951012	0.388038603	6.10767781	0.308698751	0.0853449936	0.0129687822	27.686631
7.77	0.13404407	0.0512347429	-0.254797462	-0.0255493989	0.523296697	0.519515804	6.14818201	0.30851412	0.0486832596	0.0236310713	26.755148
7.78	0.128824067	0.0538282817	-0.254638893	-0.0252899397	0.523627175	0.541948801	6.2383951	0.308601902	0.0503232193	0.0064823979	26.142844
7.79	0.12360786	0.0570816851	-0.254600099	-0.0250886357	0.524446344	0.589086587	6.28570088	0.308345839	0.0895156647	0.025594737	25.638517
7.8	0.118848581	0.0604888927	-0.254676206	-0.0249145029	0.525593081	0.604504794	6.28227116	0.30765234	0.0523107592	0.0157053479	24.946517
7.81	0.114718069	0.0634921799	-0.254826637	-0.0247389013	0.526954515	0.570794524	6.22299193	0.306347312	0.0788093532	0.0251789143	26.775241
7.82	0.111138281	0.0665503558	-0.255095511	-0.0245502012	0.528527452	0.475584332	6.12291873	0.304609427	0.0453919598	0.0303755699	27.018734
7.83	0.109570514	0.0705536483	-0.255438911	-0.0243122946	0.530221818	0.296544124	6.0049055	0.303810637	0.080724315	0.0285394025	28.17356
7.84	0.109465221	0.0748035326	-0.255807589	-0.0241270639	0.531659575	0.145593513	5.90923715	0.303664125	0.0401506515	0.0195994158	27.495322
7.85	0.111024235	0.0781479999	-0.25627739	-0.0238999539	0.533126312	-0.0876305829	5.78412218	0.303664236	0.106432414	0.0148287393	26.769133
7.86	0.113583658	0.0812552622	-0.256828891	-0.0236726621	0.534352925	-0.316352655	5.65477768	0.303916678	0.128177751	0.0266291605	27.550882
7.87	0.116465522	0.0831453684	-0.25744588	-0.0234749584	0.535273944	-0.528954309	5.54171649	0.304212247	0.131944576	0.0171230447	26.12096
7.88	0.119092642	0.0834164037	-0.258066569	-0.0233030299	0.535872559	-0.716284845	5.4198711	0.304335016	0.182606744	0.0349223662	24.354459
7.89	0.12194059	0.0823516629	-0.258677522	-0.0231675442	0.536137255	-0.834985275	5.29487862	0.304480038	0.104846478	0.0285624814	26.941244
7.9	0.124664321	0.0821643252	-0.259281936	-0.0230521087	0.536036854	-0.886444002	5.18988536	0.304846505	0.0966140328	0.0348077752	26.872933
7.91	0.127284235	0.0808779036	-0.259885202	-0.0229521844	0.53560381	-0.868509247	5.08755278	0.305144292	0.0754571963	0.0218173443	30.364944
7.92	0.12952441	0.0791697028	-0.260505662	-0.0228447406	0.534908799	-0.825062294	5.02067699	0.30536787	0.065525287	0.0131560867	26.533507
7.93	0.131405579	0.0777752763	-0.261051809	-0.0226995548	0.533981353	-0.763681415	4.98089204	0.30567725	0.157240159	0.00995840074	26.410775
7.94	0.132855569	0.0760311622	-0.261533945	-0.0225371459	0.532838866	-0.654626373	4.93042631	0.305697616	0.155753329	0.0204746858	25.778039
7.95	0.133729842	0.0743785958	-0.261928051	-0.0223613355	0.531442719	-0.52123973	4.87268072	0.305491687	0.109423738	0.0188845112	29.652446
7.96	0.134292214	0.0729079384	-0.262216239	-0.0221817969	0.529797865	-0.354923557	4.81048381	0.305369881	0.0862640263	0.00188660106	25.619743
7.97	0.13449412	0.0717021178	-0.262398567	-0.0220199839	0.527897179	-0.167487131	4.74680666	0.305466113	0.10710207	0.026913997	29.423849
7.98	0.134194023	0.0711285431	-0.262511538	-0.021847117	0.525843021	-0.00159317689	4.70838421	0.305655458	0.0742671917	0.020874573	25.415942
7.99	0.133682062	0.0710403763	-0.262643168	-0.0215869974	0.52401098	-0.0194253544	4.68403046	0.305783502	0.106866414	0.0202371173	26.968965
8	0.132977438	0.0707838355	-0.262714175	-0.0212291943	0.522186007	-0.134047493	4.63667193	0.305963088	0.0681292187	0.02926006	27.559555
8.01	0.131662595	0.0703573334	-0.262766956	-0.0208934678	0.520855568	-0.167556179	4.711893	0.306268884	0.0974794396	0.0167396107	27.590588
8.02	0.130420496	0.0690607484	-0.26278867	-0.0206258745	0.519555917	-0.0913177585	4.76524082	0.30618194	0.0737170931	0.0425774883	29.843215
8.03	0.129319389	0.0671476572	-0.262759114	-0.0203697317	0.518758453	-0.0488279432	4.85434959	0.306078901	0.0612798928	0.029510058	25.748065
8.04	0.127612835	0.0657720498	-0.262660196	-0.0200400478	0.517951318	-0.0976385956	5.01487121	0.306220893	0.0836284043	0.0173904621	28.171592
8.05	0.125729664	0.0651711395	-0.262360903	-0.0197523381	0.517414659	-0.0867112408	5.10564683	0.30640897	0.110409138	0.0315441866	30.391063
8.06	0.123386049	0.0659018054	-0.261874549	-0.0194699138	0.517043572	-0.0867517944	5.12619	0.306633904	0.0891112455	0.017546527	28.916017
8.07	0.120531995	0.067711438	-0.261273058	-0.0191864819	0.516863789	-0.110104422	5.09048696	0.306596233	0.0467551342	0.0140825416	25.504241
8.08	0.118163967	0.0688643736	-0.26058359	-0.0189535632	0.516910371	-0.122996704	5.01496427	0.306551532	0.0870616187	0.0452391325	24.895535
8.09	0.115346927	0.0711483853	-0.259813321	-0.0188991445	0.517102825	0.024885779	4.96601188	0.306584807	0.140634297	0.0338693098	26.06242
8.1	0.113052622	0.0730903285	-0.258958206	-0.0189520757	0.517566909	0.146196052	4.86565109	0.306333972	0.0866753936	0.0356977618	26.957722
8.11	0.110827795	0.0758023863	-0.258089863	-0.0190462444	0.518213063	0.236678937	4.76530835	0.306047358	0.164137559	0.0493476189	28.626279
8.12	0.109324789	0.0784902689	-0.257194561	-0.0191463429	0.518831169	0.303624475	4.67966703	0.305906988	0.112216153	0.0224701869	26.132339
8.13	0.108500693	0.0808445499	-0.256299744	-0.019239565	0.519288641	0.363959329	4.62458539	0.3059173	0.109894002	0.0152023943	27.127804
8.14	0.108653035	0.0821693529	-0.255419173	-0.0192408461	0.519170801	0.287038453	4.50117086	0.305972051	0.0966673723	0.0326448731	23.896322
8.15	0.10887695	0.082207035	-0.254550605	-0.0192047436	0.518941199	0.231023218	4.43294017	0.306140937	0.107650021	0.0147520895	26.468769
8.16	0.1087993	0.079682788	-0.25370522	-0.0190994897	0.518549277	0.167196452	4.39707914	0.306204406	0.151001723	0.0483757668	27.096478
8.17	0.108702511	0.0764534402	-0.252869035	-0.0189354366	0.517964004	0.114828305	4.40585988	0.306337632	0.0789470399	0.0213839412	26.151969
8.18	0.107599239	0.0721209082	-0.252117113	-0.0187323469	0.517300715	0.06338945	4.45319912	0.305658259	0.0829324603	0.0182663539	26.274671
8.19	0.107784513	0.0679838207	-0.251398244	-0.0184897979	0.516480643	0.0263511503	4.57956031	0.305562132	0.0961146497	0.0138280043	27.426018
8.2	0.109208388	0.0630558694	-0.250722545	-0.0182131808	0.515492933	1.69804151e-05	4.76404875	0.305611213	0.0935495331	0.0230182455	26.867253
8.21	0.111177968	0.0589402868	-0.250038518	-0.0179056273	0.514340256	-0.0165052779	4.98684194	0.305792664	0.117917854	0.021799894	27.310345
8.22	0.113247022	0.0558673144	-0.249297359	-0.0175502657	0.51299048	-0.0406646865	5.22768538	0.306220746	0.0941202324	0.0246584433	28.687158
8.23	0.115543049	0.0527965153	-0.248512033	-0.0171461642	0.511450776	-0.0874139645	5.4853215	0.306856397	0.120917157	0.0263702858	28.212124
8.24	0.116776502	0.0511218423	-0.247699927	-0.0166936193	0.50961173	-0.184286918	5.72427611	0.307297031	0.145169227	0.0313962989	28.57408
8.25	0.11759263	0.0499809106	-0.246952618	-0.0163554437	0.508053734	-0.182401615	5.86277221	0.307447824	0.0759592094	0.015905731	27.139834
8.26	0.1177072	0.0496995009	-0.246239816	-0.016131719	0.50670796	-0.135214824	5.90460061	0.307465037	0.0499533633	0.0188415304	26.298056
8.27	0.116064528	0.0514106719	-0.245452886	-0.0160418123	0.505580041	-0.0364277363	6.01518842	0.308384666	0.063982515	0.0439855538	27.393695
8.28	0.113735209	0.054108375	-0.244630406	-0.0160164227	0.50492776	-0.0338689459	6.06813088	0.308977344	0.0779075429	0.0243717306	28.372328
8.29	0.111813148	0.0560005395	-0.243821396	-0.0160093366	0.504478659	-0.114731509	5.9985736	0.308670302	0.0576598118	0.0262280995	29.136046
8.3	0.109424143	0.0585635329	-0.243090557	-0.0160653759	0.504579351	-0.181906379	5.93957658	0.308184195	0.0417544097	0.0310195046	29.125315
8.31	0.10701533	0.0614161746	-0.242443894	-0.0161803072	0.505333561	-0.263776039	5.87001046	0.307181783	0.0797381855	0.0300127812	27.943214
8.32	0.104978556	0.0638219463	-0.241937094	-0.016352939	0.506754802	-0.365823213	5.79804948	0.305806225	0.0538885215	0.00919964427	26.716679
8.33	0.10290627	0.0663786069	-0.241575477	-0.0165959327	0.50876705	-0.457120523	5.71073397	0.304182101	0.0630869944	0.0219715416	24.968924
8.34	0.101096937	0.0683271974	-0.241341657	-0.0168942611	0.511319974	-0.563013063	5.61910294	0.302427334	0.0519355395	0.0135647747	29.209706
8.35	0.0998936422	0.0711583964	-0.241150874	-0.0171417723	0.513573775	-0.74146272	5.61402462	0.301834883	0.12035507	0.0253202013	26.939369
8.36	0.0997311475	0.0743198761	-0.241119215	-0.0175377544	0.515607572	-0.807221253	5.51749671	0.301719521	0.108311045	0.0225524086	26.953599
8.37	0.100350314	0.0768217603	-0.241208004	-0.0180343116	0.517661893	-0.849067758	5.44596762	0.301967159	0.107174342	0.0259775229	25.005368
8.38	0.101091629	0.0781176305	-0.24143559	-0.0186082741	0.519696753	-0.87645523	5.42919136	0.302373149	0.138147366	0.0205340253	27.605617
8.39	0.102056058	0.0788307647	-0.241765405	-0.0192604487	0.521475744	-0.849153942	5.45932471	0.303016684	0.137076865	0.0340679905	28.810011
8.4	0.103416747	0.0782141338	-0.242140059	-0.0199628786	0.522954704	-0.790012634	5.5163029	0.303606297	0.0839538197	0.0205109692	26.426425
8.41	0.105020671	0.0759718312	-0.242513451	-0.0206946385	0.524145806	-0.710259875	5.59268387	0.304019969	0.0868380163	0.0199471894	28.078656
8.42	0.106720318	0.0742858591	-0.242803058	-0.0214112667	0.524919544	-0.618913818	5.68162177	0.304497594	0.100103722	0.0304612873	28.756401
8.43	0.108077781	0.0733139233	-0.243008527	-0.0221019392	0.52531652	-0.503784814	5.77209214	0.30486427	0.130497745	0.0199611443	28.398745
8.44	0.109037889	0.0726246781	-0.243131697	-0.0227729355	0.525341255	-0.352567728	5.86422936	0.305071123	0.0684012162	0.023511583	24.965283
8.45	0.109988677	0.0709665103	-0.243158486	-0.0234094191	0.525014353	-0.192244528	5.97687189	0.305141047	0.10431026	0.0201115559	26.470659
8.46	0.109887071	0.0711437867	-0.243071967	-0.0240224561	0.524311747	-0.00117978314	6.11798788	0.305548098	0.0694394573	0.0486173474	29.465017
8.47	0.109725414	0.0710184934	-0.242802747	-0.0246006049	0.523134116	0.236045362	6.26763204	0.306389644	0.150963059	0.0273626393	30.386552
8.48	0.109209162	0.0703323218	-0.242401084	-0.025147899	0.521525907	0.499727843	6.42153126	0.307109401	0.117968239	0.0235181485	27.396102
8.49	0.108639314	0.0693031243	-0.242015842	-0.0255693189	0.52004593	0.615780136	6.50603243	0.307486898	0.0564565233	0.02915351	27.356077
8.5	0.107448714	0.0693450408	-0.241642232	-0.0258526152	0.518690096	0.667291387	6.51198367	0.307532915	0.0649786224	0.0199792762	27.441924
8.51	0.105844251	0.0700578008	-0.241265273	-0.025999711	0.51757241	0.665247839	6.46162022	0.307566804	0.0837533688	0.0194204	27.770837
8.52	0.103295695	0.0720808311	-0.240844016	-0.0259960785	0.516607221	0.612895469	6.35356371	0.307315623	0.11246903	0.0412806476	27.199144
8.53	0.100218356	0.074482477	-0.24036902	-0.0257725335	0.515687268	0.434526553	6.22927545	0.306975425	0.100916101	0.0147051566	29.148924
8.54	0.097141658	0.0774130714	-0.239886705	-0.0253801328	0.515051667	0.234143819	6.10264216	0.306753998	0.0899482961	0.0283916029	30.267025
8.55	0.0943485057	0.0809131181	-0.239425694	-0.0248250632	0.514855242	0.00370011769	5.974726	0.306565443	0.0735793127	0.0182704641	28.952837
8.56	0.0926201785	0.0847413979	-0.2390245	-0.0241827883	0.514485844	-0.125292715	5.69317115	0.306210289	0.0876797464	0.0257592872	27.463936
8.57	0.0919968201	0.0892797191	-0.238648018	-0.0233516102	0.514713203	-0.345278795	5.50042226	0.306200996	0.0468476475	0.0257507503	26.888989
8.58	0.0924296905	0.0936825801	-0.238303017	-0.0223304375	0.51545482	-0.591224256	5.35568201	0.306255533	0.0734135474	0.0236023358	26.455229
8.59	0.0929841403	0.0967165727	-0.238015642	-0.021245923	0.516310243	-0.681477742	5.35305681	0.306386772	0.044294378	0.0278564453	26.575628
8.6	0.0930890717	0.0984773304	-0.237758791	-0.0200201017	0.517409211	-0.689698912	5.30994317	0.305688975	0.13980542	0.0152920887	30.19646
8.61	0.0939840851	0.100222148	-0.237475372	-0.0186995464	0.518370096	-0.588984562	5.26422977	0.305413073	0.134340791	0.0216574543	28.376687
8.62	0.0953082866	0.101357078	-0.237156103	-0.0172992374	0.518961858	-0.408631127	5.18391183	0.305316925	0.103187333	0.0102585951	29.23617
8.63	0.0972802212	0.102533721	-0.236834617	-0.0158318578	0.519153798	-0.163863937	5.07445449	0.305470386	0.121486165	0.0255193298	27.338891
8.64	0.0994043672	0.102775121	-0.23650025	-0.014293853	0.518993732	0.101850153	4.92881759	0.305606126	0.0907155607	0.0136242794	27.341134
8.65	0.101448413	0.102284744	-0.236142105	-0.0126979633	0.518517212	0.366971132	4.74851797	0.305671324	0.0924148489	0.0163498166	26.164749
8.66	0.103207891	0.101097937	-0.235727493	-0.0110341417	0.517775722	0.61008749	4.51986118	0.305670994	0.0771465588	0.031347256	28.745986
8.67	0.10502884	0.0996869323	-0.23527465	-0.00932585479	0.516776826	0.836820226	4.26561531	0.305813704	0.078861937	0.0219470457	31.165827
8.68	0.10672489	0.0978526797	-0.234830729	-0.00757622558	0.515634419	1.0280131	3.99530563	0.30588944	0.0866688587	0.0173049962	25.951771
8.69	0.108111616	0.0965164956	-0.234410728	-0.00578694113	0.51441012	1.18896462	3.73824883	0.306018395	0.0945834948	0.0292983002	29.221784
8.7	0.109178774	0.0946073487	-0.234027797	-0.00397620361	0.513101085	1.34281611	3.50763933	0.306104588	0.103489231	0.0221825503	26.521058
8.71	0.110036525	0.0930529829	-0.233686776	-0.00213681395	0.511700283	1.47759883	3.29851447	0.306200152	0.07476444	0.0121872682	27.969738
8.72	0.110712453	0.0905521927	-0.233354572	-0.000293363981	0.510178113	1.63408369	3.12576819	0.30619458	0.0937806142	0.0372296223	27.766421
8.73	0.111312667	0.0878353124	-0.233022755	0.00154711532	0.508519817	1.83124112	2.98639428	0.306043233	0.0748447833	0.0167225508	30.353432
8.74	0.111933974	0.0853696057	-0.232887997	0.00331073116	0.507555016	1.96917149	2.95861367	0.305903737	0.0817734289	0.00970020061	26.546144
8.75	0.113027818	0.0824901157	-0.232877743	0.00510571102	0.506747375	1.97083767	2.92905564	0.305575588	0.0526015887	0.025105105	27.710778
8.76	0.114144335	0.0801021215	-0.232915318	0.00683102928	0.50651721	2.03083035	2.98317343	0.305322464	0.0364702703	0.0151527023	28.801903
8.77	0.115252547	0.0777848562	-0.232881771	0.00843850735	0.506498501	2.16778985	3.15112561	0.30556388	0.0683978623	0.0349608883	28.551555
8.78	0.116212443	0.0755454933	-0.232785814	0.00998115247	0.506864213	2.26588405	3.3440577	0.30557044	0.0531762387	0.0214335792	26.918517
8.79	0.116838702	0.0742438258	-0.232608886	0.0114616414	0.507549447	2.33034836	3.55727033	0.30558612	0.0502663752	0.0238999883	27.471377
8.8	0.116984218	0.0738898779	-0.232368639	0.0128615108	0.508555366	2.36087962	3.77005095	0.305533228	0.0431261399	0.00421447817	28.710776
8.81	0.117322736	0.072544157	-0.232076447	0.0141762334	0.509835088	2.37309374	3.92626534	0.305088852	0.0776379964	0.0366654875	28.794546
8.82	0.116847854	0.0725616786	-0.231728934	0.015419011	0.511427554	2.34588767	4.01966023	0.304371292	0.0468947046	0.0299574966	27.72439
8.83	0.115656952	0.0742619545	-0.231332324	0.0165792881	0.513200768	2.32091596	4.01565459	0.303593064	0.0748157314	0.0312615387	27.55217
8.84	0.11386183	0.0776715828	-0.230885611	0.0177611339	0.515036168	2.13066454	4.06152069	0.303100622	0.0701525243	0.016893761	27.235413
8.85	0.112297342	0.0809581188	-0.230429455	0.0188759713	0.517092688	1.91065472	4.05655221	0.302580606	0.097440147	0.020963541	27.639292
8.86	0.110594446	0.0844564753	-0.229930977	0.0198906038	0.518971621	1.72093131	4.01047214	0.301993926	0.0778274381	0.0168916007	26.098928
8.87	0.108920895	0.0872738517	-0.229496061	0.0208311391	0.520617214	1.46279294	3.91822303	0.301152033	0.10231491	0.0141938947	27.392933
8.88	0.108211183	0.0906486084	-0.229045306	0.021679137	0.521926966	1.2524328	3.8356558	0.301150328	0.0894124783	0.0154476884	26.975494
8.89	0.107918726	0.0935607352	-0.228632253	0.0224506455	0.522868966	1.06205722	3.75685127	0.301552615	0.0955321169	0.0191637642	29.597768
8.9	0.107741218	0.0957661599	-0.22828244	0.0231431165	0.523435115	0.90507145	3.67763988	0.302143508	0.10242441	0.0101890602	28.52204
8.91	0.107657822	0.097339733	-0.228033576	0.0237790416	0.523633095	0.764468426	3.63186224	0.302892815	0.0974694703	0.0271253812	27.565213
8.92	0.107270486	0.098083732	-0.227839031	0.0243791118	0.523531725	0.626523862	3.59946346	0.303556302	0.0506293617	0.030646081	26.776864
8.93	0.106958747	0.0989295377	-0.227674024	0.0249414773	0.523208424	0.524131251	3.57694354	0.304241324	0.126828139	0.0345597699	28.816387
8.94	0.106429214	0.0992779773	-0.227527354	0.0254631282	0.522661652	0.463164616	3.55231705	0.304716451	0.0683071774	0.0323574891	30.17599
8.95	0.106520895	0.0994384496	-0.227390818	0.0259567036	0.521942611	0.436942077	3.55105416	0.305571807	0.103321526	0.0345364755	26.565281
8.96	0.106828759	0.0997970835	-0.227305753	0.0264233317	0.521081405	0.459141425	3.5606932	0.306397523	0.106648451	0.0248065462	27.175856
8.97	0.107257438	0.0995872835	-0.227245141	0.0268732861	0.520077246	0.530024024	3.55890716	0.307031909	0.0836857665	0.0131483356	27.869937
8.98	0.107927621	0.0995483526	-0.227300845	0.0273816383	0.519398721	0.443178874	3.4866244	0.307049992	0.111684882	0.0217138102	29.195988
8.99	0.108929326	0.100672672	-0.227498604	0.0279876408	0.519044729	0.249247243	3.38129392	0.30689278	0.0667280583	0.0312406268	29.195145
9	0.109315286	0.10293575	-0.227837382	0.0286509813	0.519277051	0.0144836083	3.47764292	0.307090311	0.0672346742	0.0385630183	27.028228
9.01	0.109799023	0.104882825	-0.228336799	0.0292150241	0.519872554	-0.0646680212	3.56429828	0.307114597	0.107669789	0.0250032665	27.093408
9.02	0.110395234	0.105185356	-0.228977246	0.0297198094	0.520928752	-0.131499503	3.66939219	0.307101001	0.0562899839	0.0199372759	30.345048
9.03	0.111103484	0.10507333	-0.229756979	0.0301600503	0.522289847	-0.181773456	3.76828362	0.306909438	0.0317042272	0.0242250681	28.773148
9.04	0.111544936	0.104649954	-0.230558641	0.0305292825	0.523808746	-0.186648938	3.84645563	0.306361918	0.103687016	0.0279503567	28.698875
9.05	0.112063423	0.104103885	-0.231374042	0.0307805103	0.525390035	-0.139520961	3.90718534	0.30564629	0.0591389055	0.0276538526	26.195249
9.06	0.113407762	0.103197836	-0.232214227	0.0308859208	0.527020853	-0.0448694558	3.96269121	0.305278508	0.0508442735	0.00999159673	26.077438
9.07	0.115289028	0.101663247	-0.233079705	0.0308436672	0.528638267	0.0833101407	4.00059471	0.305082535	0.0492923024	0.0130605231	26.774858
9.08	0.117758924	0.0997654892	-0.233950955	0.0306422053	0.530204849	0.233605687	4.01888629	0.305049205	0.0349474302	0.015238921	28.410147
9.09	0.120428944	0.0982190842	-0.234823401	0.0302485741	0.531508609	0.465852589	4.06257188	0.305289702	0.0414732606	0.00582820903	26.974388
9.1	0.12332315	0.0972745407	-0.235722702	0.0297228814	0.532631865	0.669877828	4.09376134	0.305621689	0.0974486634	0.0104268743	28.573037
9.11	0.126275972	0.094656113	-0.236661723	0.0290843016	0.533533648	0.846761381	4.12185734	0.305724074	0.0875459498	0.0349103589	26.114951
9.12	0.129303085	0.0912509387	-0.237607171	0.0283726024	0.534102829	0.970642657	4.16247568	0.305817431	0.106635201	0.019960491	26.901182
9.13	0.132465742	0.0890723487	-0.238541619	0.0276297104	0.534260205	1.04179455	4.25520365	0.306259086	0.095893172	0.0384867151	26.818217
9.14	0.135015672	0.0873278632	-0.239487191	0.0268551604	0.53408328	1.06865764	4.40385495	0.306876341	0.0820537137	0.0231219505	27.785775
9.15	0.136854983	0.0851313304	-0.240371624	0.0260743562	0.533458229	1.04478157	4.56318295	0.307452806	0.109594619	0.0248361808	29.5274
9.16	0.138079131	0.082543584	-0.241227616	0.0252947931	0.532485663	0.943988147	4.71052115	0.307742371	0.100358712	0.0206587451	27.413898
9.17	0.13904661	0.0785734039	-0.242041382	0.0245243547	0.531215551	0.791882428	4.84238427	0.307695763	0.0466246501	0.0360455251	27.784014
9.18	0.139146582	0.0760317551	-0.242748248	0.0237336856	0.529736093	0.654933004	5.01404264	0.308114715	0.149936957	0.034342629	27.722786
9.19	0.13883565	0.0733657937	-0.243357238	0.0229280547	0.528028311	0.533124459	5.20397861	0.308693742	0.106664204	0.0352282514	28.767647
9.2	0.137552697	0.0719960389	-0.243840056	0.0221105466	0.526083398	0.449478819	5.4087509	0.309363305	0.0903584817	0.0216291896	29.384777
9.21	0.13509271	0.0718288214	-0.244242774	0.0212853305	0.523914187	0.408821902	5.61035957	0.309792735	0.100794855	0.0188107311	26.937728
9.22	0.131910881	0.0725282058	-0.244561521	0.020316071	0.521999894	0.499175755	5.70612185	0.309808062	0.135173951	0.0135677118	26.717544
9.23	0.12808853	0.0737315958	-0.244859075	0.0192112239	0.520118095	0.691332504	5.70592117	0.309126368	0.0981083716	0.0319902873	27.116168
9.24	0.124174264	0.0749747762	-0.245125477	0.0179469103	0.518287352	1.00827115	5.61533372	0.308290887	0.06415751	0.0131213029	26.47155
9.25	0.120132535	0.0758482223	-0.245297341	0.0164514601	0.516309332	1.49746787	5.45001377	0.307409774	0.0930049604	0.0198354875	28.700783
9.26	0.11539799	0.0772415881	-0.245520344	0.014974684	0.515227829	1.80213135	5.37341871	0.306501047	0.100152329	0.0195071312	29.287595
9.27	0.110391521	0.0792210623	-0.245789063	0.0135634354	0.514834809	2.00371319	5.32501424	0.305373915	0.0693540809	0.0467622919	29.703766
9.28	0.105614661	0.0815562847	-0.246153525	0.0122363131	0.514839652	2.09493625	5.28480261	0.304243103	0.08000742	0.0076135442	26.67349
9.29	0.101558599	0.0848011588	-0.246501812	0.0110101622	0.515290446	2.11985567	5.29260122	0.303742244	0.103837861	0.0292437878	29.220245
9.3	0.0986199678	0.0880005324	-0.246838802	0.00988368212	0.515934006	2.10971782	5.32162662	0.303579196	0.0943190088	0.0152926299	26.020676
9.31	0.0971186823	0.0902946454	-0.247229811	0.00887277458	0.516745458	2.05970757	5.34742266	0.30355433	0.0794242171	0.0159708723	28.364986
9.32	0.0971013437	0.0928064271	-0.247665433	0.00798305756	0.517659728	1.97271585	5.34790664	0.303751154	0.0671164657	0.0154111041	27.484199
9.33	0.097605023	0.0940208328	-0.248131712	0.00730649052	0.518608659	1.73110193	5.38421217	0.303917638	0.0931815303	0.0220121734	29.184814
9.34	0.0982981257	0.0944624977	-0.248646916	0.00674921875	0.519919036	1.47106277	5.40141826	0.303964204	0.0512397524	0.0498744655	26.117142
9.35	0.0986422337	0.0940377241	-0.249183337	0.00619296816	0.52106682	1.26091293	5.4764748	0.304242797	0.15829277	0.0252569833	26.095518
9.36	0.0992643826	0.0929194244	-0.249689692	0.00572407221	0.522395468	1.01989142	5.52090696	0.304460359	0.0832587595	0.0168037624	26.695293
9.37	0.100270817	0.0916004766	-0.250147398	0.00533008004	0.523732079	0.773194268	5.56720077	0.30484415	0.0955843924	0.0198200982	27.628252
9.38	0.101817202	0.0896958697	-0.250556893	0.00490584769	0.524487412	0.653753236	5.52203613	0.305203677	0.076347522	0.0127879903	26.298219
9.39	0.103340755	0.0861638682	-0.250927868	0.00449882004	0.525262534	0.531473465	5.51855247	0.30548649	0.080866575	0.0466426075	30.342907
9.4	0.105225366	0.0828884873	-0.251233221	0.0040845186	0.525866219	0.417264993	5.55644606	0.305894953	0.129644861	0.0140125917	27.609767
9.41	0.107364646	0.0804937752	-0.251461033	0.00366991967	0.526302316	0.293359194	5.63099191	0.306410114	0.0911587458	0.0203611385	26.266188
9.42	0.109422082	0.0792178029	-0.251601042	0.0032554968	0.526339613	0.213070885	5.73509735	0.30693451	0.145246972	0.0225667485	24.579028
9.43	0.111734849	0.0775645905	-0.251704923	0.00284534675	0.525964905	0.163563567	5.87824853	0.307497827	0.122815095	0.0148793499	25.864445
9.44	0.114547832	0.0743107093	-0.251807896	0.00242615572	0.525130049	0.153198026	6.03107532	0.307805606	0.132082204	0.031790502	26.534799
9.45	0.117947727	0.0703955756	-0.251834837	0.00209396682	0.524171824	0.172758683	6.09821527	0.307622792	0.0998817515	0.015187003	27.719033
9.46	0.121758063	0.0661902812	-0.251837405	0.00182981473	0.523077267	0.176925682	6.07271194	0.307089679	0.12638212	0.0256846968	27.257758
9.47	0.12561955	0.0630267022	-0.251803648	0.00165862499	0.522006813	0.122429282	5.95983569	0.30678956	0.13805289	0.0329809916	27.102284
9.48	0.128619039	0.0619418189	-0.25180056	0.00162817459	0.521101215	-0.0381272464	5.76593149	0.306673988	0.117588685	0.0150364921	26.616324
9.49	0.130880596	0.0619854095	-0.251833668	0.00181300349	0.520147637	-0.374427939	5.52791801	0.30677793	0.0649339521	0.0104725212	27.301032
9.5	0.132880127	0.0619431969	-0.252042351	0.00206093236	0.520219906	-0.510745936	5.38153722	0.306778104	0.0693886143	0.0209145339	27.029464
9.51	0.134156115	0.0618786007	-0.252408322	0.00236024431	0.521072504	-0.587734082	5.28951694	0.306416984	0.0657024889	0.0243927826	26.910384
9.52	0.134600986	0.0618784921	-0.252827957	0.00257470623	0.521910139	-0.458987794	5.28206389	0.306237599	0.0624042355	0.0238868002	28.141631
9.53	0.134197446	0.0619468747	-0.253352721	0.00283302453	0.523406585	-0.377751471	5.26272616	0.305789298	0.0431986698	0.00825359717	28.884317
9.54	0.132848118	0.0623533038	-0.253968112	0.00315917703	0.525323394	-0.330137586	5.19970622	0.305014265	0.0744217211	0.0194031363	26.104606
9.55	0.132087239	0.0623128946	-0.254704471	0.00353611955	0.527402362	-0.319416891	5.15024079	0.304682562	0.114106145	0.0345367873	30.250724
9.56	0.131616804	0.0635031315	-0.255509421	0.00394539271	0.529508261	-0.325202224	5.12651979	0.304880114	0.05615766	0.0197282205	27.511624
9.57	0.131398336	0.0661316738	-0.256365621	0.00439446726	0.531519167	-0.34346925	5.09914736	0.305357634	0.036012788	0.0346456467	29.176401
9.58	0.131576912	0.0693261021	-0.257266747	0.00487818323	0.533507547	-0.355882287	5.0557009	0.305820815	0.0437804486	0.0367599438	26.904201
9.59	0.132204753	0.0721943283	-0.258186775	0.00536744707	0.535402657	-0.337884703	4.98698747	0.3061274	0.0528923486	0.0189645281	25.750439
9.6	0.132938392	0.0760485065	-0.259115032	0.00587253735	0.537017818	-0.284627647	4.94295566	0.306498802	0.151085791	0.0561156621	27.107164
9.61	0.133517511	0.0789402131	-0.260061738	0.00639109674	0.538319003	-0.224657726	4.90352411	0.306344803	0.0906972377	0.0250987359	26.523345
9.62	0.134244825	0.0802834146	-0.260957695	0.00691346688	0.539243265	-0.15101144	4.87646911	0.305983009	0.0973307443	0.0215336003	25.931596
9.63	0.135166871	0.0806157692	-0.261804551	0.00743574045	0.539838583	-0.0801605483	4.87086961	0.30571241	0.065828427	0.0144194618	27.702584
9.64	0.13622504	0.0815129112	-0.262571189	0.00795130767	0.540050371	-0.0134803361	4.88861156	0.305724919	0.086241627	0.0298487167	29.275958
9.65	0.1371677	0.0820931262	-0.263256463	0.0084367887	0.539862261	0.0597912064	4.92687174	0.305767286	0.091762596	0.0146627248	26.784321
9.66	0.137991754	0.0821609806	-0.263843467	0.00888731188	0.539275809	0.140690782	4.98557889	0.305947187	0.0690074712	0.0106495453	26.610506
9.67	0.138450829	0.0823282536	-0.264340637	0.00929966213	0.538336849	0.21488399	5.07005755	0.30625572	0.0284562206	0.0152513367	28.983516
9.68	0.138531556	0.0823613907	-0.264790268	0.00967953278	0.537245785	0.271676596	5.19522943	0.306838509	0.135481796	0.0264648051	29.556831
9.69	0.13800374	0.0819252666	-0.265212618	0.010022653	0.536028051	0.320135677	5.34853348	0.307230581	0.0925081142	0.0217871984	25.856706
9.7	0.136707267	0.080823869	-0.265627867	0.0103536478	0.534651274	0.324797983	5.51002263	0.306954853	0.0942902991	0.0392124417	26.317614
9.71	0.134985341	0.079168657	-0.266023463	0.0106794229	0.533109315	0.28637891	5.68586979	0.306357143	0.161037955	0.0153493971	29.111799
9.72	0.133310243	0.0767726525	-0.266338098	0.0110259472	0.531325749	0.185550655	5.83651079	0.305676677	0.130206862	0.0180068581	25.698151
9.73	0.131780592	0.0738440837	-0.266509348	0.0113762461	0.529293971	0.0264411149	5.93617428	0.305024298	0.111240192	0.0288463191	26.46227
9.74	0.130502641	0.0703080504	-0.26649863	0.0117439923	0.526861673	-0.211759533	5.94264786	0.304365831	0.139892677	0.0354727631	26.391228
9.75	0.129367827	0.0689731463	-0.266370402	0.0119930958	0.524535532	-0.33395612	5.792058	0.304035061	0.0637429298	0.0180316623	29.507757
9.76	0.1274851	0.0690171351	-0.266251311	0.0121467409	0.522584912	-0.387941025	5.73441834	0.304246883	0.0520023383	0.0334404152	27.469695
9.77	0.125687876	0.0696314242	-0.266103255	0.0122810949	0.52129275	-0.523175071	5.65230247	0.304357443	0.0416619901	0.0109044262	27.151893
9.78	0.124198235	0.0709489404	-0.265956545	0.0124034271	0.520493983	-0.678091455	5.56510725	0.304499555	0.0544157754	0.023486266	28.213346
9.79	0.122995143	0.0728223749	-0.265808998	0.0125431233	0.519910678	-0.888777169	5.45230307	0.304609229	0.0475364731	0.0173304826	26.877163
9.8	0.121944393	0.0743725319	-0.265688524	0.0126579392	0.519790597	-1.0722087	5.37247453	0.304661558	0.0527929497	0.0264921654	25.953209
9.81	0.121403663	0.0759243264	-0.265583401	0.0127265579	0.519950046	-1.2005571	5.28464664	0.304726973	0.0737380699	0.0152151093	27.366897
9.82	0.121011926	0.0786165115	-0.26552468	0.0127689132	0.520393641	-1.29171424	5.20077313	0.304851257	0.0401897017	0.0541271662	25.793188
9.83	0.121087634	0.0803817984	-0.26557107	0.0127549481	0.521074084	-1.34014928	5.12878967	0.30476005	0.108649449	0.0272984162	28.375107
9.84	0.121818779	0.0817610131	-0.265673193	0.0126793698	0.521892013	-1.35451557	5.05073717	0.304612115	0.0494908464	0.013957345	25.951509
9.85	0.123052296	0.0838144304	-0.265813363	0.012519393	0.52266953	-1.32794439	4.9538536	0.304589269	0.107186326	0.0295992065	25.324185
9.86	0.124078419	0.0851537847	-0.265902284	0.0124075025	0.522873509	-1.37677488	4.90621653	0.304614918	0.105517905	0.0222016952	26.000624
9.87	0.124910567	0.085055387	-0.266004076	0.0122170444	0.52313221	-1.35392508	4.81026291	0.304167399	0.0935894099	0.0179711246	28.750584
9.88	0.12646386	0.0856002399	-0.266095503	0.0119419153	0.523296971	-1.28000642	4.7088455	0.304105446	0.0981735891	0.0303843857	28.129359
9.89	0.12813811	0.0851619047	-0.266185282	0.0116138162	0.523303867	-1.20478748	4.61222442	0.304030381	0.115193812	0.00992303634	25.14586
9.9	0.129939163	0.084928698	-0.266247469	0.0112213757	0.523169117	-1.092641	4.5282621	0.304179512	0.0815016002	0.0397441308	25.850252
9.91	0.131522732	0.0831156265	-0.266341945	0.0107656052	0.523068815	-0.996003253	4.47000753	0.304258336	0.103550156	0.0483775055	26.88577
9.92	0.132965333	0.0802003567	-0.266467652	0.010249327	0.522977277	-0.902870534	4.43562551	0.304224196	0.0607176746	0.0261040899	26.944475
9.93	0.134455791	0.0781513223	-0.266627346	0.00967391813	0.522851621	-0.809769014	4.4441885	0.304458417	0.11446734	0.0166453578	26.701608
9.94	0.136267432	0.0755677608	-0.266861806	0.00897113596	0.522194038	-0.584284678	4.39795975	0.304634425	0.0716364415	0.0218994632	27.472266
9.95	0.138089035	0.0720808979	-0.267084036	0.00820591685	0.521645882	-0.425862852	4.39997511	0.304985641	0.0841631371	0.045104425	31.057276
9.96	0.139597385	0.0690041564	-0.267280896	0.00737151754	0.521201768	-0.278937551	4.45393576	0.305516951	0.0979375909	0.0282491142	28.817618
9.97	0.140521775	0.0670675822	-0.267415205	0.00647876368	0.520725942	-0.132775368	4.53482226	0.306085386	0.108467478	0.00931010609	26.931102
9.98	0.140884746	0.0663756482	-0.26743634	0.00552663578	0.520181747	0.018259131	4.63219885	0.306964733	0.111086214	0.0226368439	26.969904
9.99	0.141198737	0.0660280262	-0.267340595	0.00450721492	0.51957831	0.183636976	4.73946577	0.308200896	0.0479971117	0.0292481657	28.68693
10	0.141170752	0.0664897603	-0.267263607	0.0034955179	0.51929634	0.268882079	4.76098955	0.308970364	0.0743392376	0.0161155721	29.936529
