time_s	goal_index	ee_error_m	base_x_m	base_y_m	base_z_m	roll_deg	pitch_deg	clearance_m	action_delta_l2	update_ms
0.01	0	0.392753166	3.20739302e-05	-2.60804927e-06	0.542714691	0.00120623287	-0.00145716937	0.151328376	0	44.840411
0.02	0	0.391792015	0.00013421837	-1.65711636e-05	0.54105556	0.0183869533	-0.0184230813	0.151399001	0.0681972987	42.217392
0.03	0	0.38965697	0.000286029056	-2.18555178e-05	0.538687452	0.0435158519	-0.0358386352	0.151576888	0.0795684573	34.38178
0.04	0	0.386508264	0.000512604736	-3.79284364e-06	0.53577297	0.0565475968	-0.0299088815	0.151885238	0.117611709	28.162385
0.05	0	0.3813098	0.000734751302	5.76465894e-05	0.532564275	0.0563806389	0.00807327834	0.152442998	0.0951153897	28.277608
0.06	0	0.373461216	0.000828872142	0.000151870789	0.529142019	0.0430766839	0.124281914	0.153275225	0.115982004	29.455746
0.07	0	0.36323785	0.000790021836	0.000280299764	0.525698932	0.0204539097	0.332552564	0.154294388	0.0681025223	30.634197
0.08	0	0.35115643	0.000602569125	0.000457958654	0.522546313	-0.0150542897	0.637732567	0.155374062	0.0804725972	32.356396
0.09	0	0.33755067	0.000403119861	0.000654870416	0.518922288	-0.0287973284	0.803224645	0.156608081	0.0834492011	35.650744
0.1	0	0.322891029	0.000123203783	0.000876011728	0.515907518	-0.0204594688	1.10541751	0.157711653	0.0607388406	37.876271
0.11	0	0.307469651	-9.00211606e-05	0.00109513156	0.513304184	0.0275173793	1.41360332	0.158736649	0.0991172432	37.840512
0.12	0	0.291346801	-0.000202086116	0.00133173775	0.511117114	0.0781880122	1.74337258	0.159659254	0.0957293984	41.009563
0.13	0	0.274297828	-0.000161678065	0.00156376896	0.508764966	0.140540252	2.17176543	0.160417147	0.0720615047	33.156801
0.14	0	0.257789821	0.000147925593	0.00177195197	0.506736767	0.239152714	2.54891902	0.161059513	0.0932535271	35.175183
0.15	0	0.24177914	0.000696179358	0.00198469778	0.505083429	0.33909936	2.9179907	0.1615693	0.077475389	33.473644
0.16	0	0.226033364	0.00151259956	0.00217796259	0.503633916	0.449616354	3.27838509	0.161948151	0.071760738	35.824717
0.17	0	0.21017713	0.00258722809	0.00233438176	0.502438295	0.586410484	3.62993784	0.162208334	0.079292375	39.504435
0.18	0	0.194490117	0.00387804311	0.00241979588	0.501556399	0.756577063	3.96496307	0.162364245	0.0969436417	37.769686
0.19	0	0.179744233	0.00540432229	0.00241854747	0.500993428	0.953743875	4.27474999	0.162436537	0.0627069826	33.492871
0.2	0	0.166197219	0.00716359028	0.00241922217	0.500358901	1.05890082	4.45169231	0.162447013	0.0813334981	39.985948
0.21	0	0.154002816	0.00907636093	0.0023506266	0.500284479	1.14518428	4.58896052	0.162405406	0.117121142	41.961214
0.22	0	0.143128978	0.0110478468	0.00211999112	0.500553625	1.29953211	4.79530992	0.162337913	0.106007781	36.226567
0.23	0	0.133825085	0.0131609113	0.00186508778	0.500711529	1.42313501	4.95652416	0.162259984	0.0785434295	40.388487
0.24	0	0.126364508	0.0152619917	0.00156218518	0.501884831	1.4884778	5.10711985	0.162183274	0.060119553	37.758838
0.25	0	0.120757647	0.0174389961	0.00122581691	0.503863258	1.5035995	5.2171635	0.162121034	0.0551131074	33.359387
0.26	0	0.116221261	0.0196742632	0.000849662917	0.506475141	1.48154893	5.28649138	0.162076751	0.0755861804	38.8716
0.27	0	0.113086874	0.0219621941	0.000435185757	0.509519181	1.41657981	5.3143316	0.16205959	0.0561565075	32.42925
0.28	0	0.110596934	0.0242754523	-1.54416448e-05	0.512945251	1.31698469	5.28695153	0.162049084	0.0381916459	32.170436
0.29	0	0.10893352	0.0265909959	-0.000456936448	0.516625631	1.15062479	5.22916435	0.162045924	0.0677683114	34.043504
0.3	0	0.1078603	0.028907041	-0.000885521187	0.520418629	0.930007829	5.1173377	0.162036861	0.0500332789	33.503018
0.31	0	0.10680295	0.0311575219	-0.00136312745	0.524063321	0.722406737	5.00039802	0.162017519	0.0587320426	41.754278
0.32	0	0.105191252	0.0332802309	-0.00183600358	0.527884897	0.461966242	4.8043032	0.161952218	0.0700167071	34.318765
0.33	0	0.103174046	0.0352799964	-0.00229051198	0.531760707	0.158217256	4.53562679	0.161841192	0.104583109	33.979008
0.34	0	0.100389519	0.0372271265	-0.00265879527	0.535191867	-0.208785846	4.23050895	0.161677498	0.0593531787	34.592609
0.35	0	0.096303933	0.0389409986	-0.00304534075	0.538562728	-0.541438979	3.86687135	0.1614071	0.0637462717	37.251173
0.36	0	0.0910122577	0.0404716096	-0.00343899618	0.541667806	-0.853729001	3.48801504	0.161023461	0.0968619569	37.502186
0.37	0	0.0842963581	0.0418154037	-0.00382828549	0.544401418	-1.18055512	3.10250201	0.160504712	0.0919231725	35.233767
0.38	0	0.0764342833	0.0429456262	-0.00420939867	0.546769703	-1.51223469	2.72365021	0.159839144	0.0735683328	34.3412
0.39	0	0.068389545	0.043970226	-0.00458547929	0.548684366	-1.81852695	2.33280138	0.159030871	0.109261661	35.693719
0.4	0	0.0609056156	0.0449466939	-0.00494722991	0.550183783	-2.08819793	1.91882587	0.158064757	0.122923195	34.656853
0.41	0	0.0558525228	0.0458244721	-0.00532447672	0.551378745	-2.27386046	1.55176051	0.157046017	0.120087475	34.823124
0.42	0	0.0519165893	0.0466382368	-0.00568072087	0.552127353	-2.37672938	1.22322278	0.155943582	0.128502532	35.110176
0.43	0	0.0493012702	0.0473442632	-0.00602967845	0.552480921	-2.37694942	0.940910699	0.154797952	0.154934898	34.87845
0.44	0	0.0486352815	0.0480687825	-0.00635655341	0.552347554	-2.29923485	0.669354998	0.153631891	0.115583799	34.922253
0.45	0	0.0484593915	0.0488131404	-0.00667663053	0.551738835	-2.14609038	0.397634122	0.152423964	0.112064562	34.637447
0.46	0	0.0482436626	0.0495205076	-0.00700333016	0.5505501	-1.94189473	0.191122548	0.151324928	0.146936146	35.361631
0.47	0	0.0488227362	0.0501576763	-0.0073564465	0.548963173	-1.70062225	0.0513922213	0.150316618	0.132343794	35.074099
0.48	0	0.050224159	0.0508300583	-0.00774080234	0.547010207	-1.42609347	-0.00512194059	0.149627442	0.129083786	36.073689
0.49	0	0.0500125601	0.0514891759	-0.00820449699	0.545060831	-1.029883	0.18141907	0.149461731	0.112836283	35.281297
0.5	0	0.0485709121	0.0519816299	-0.00868521816	0.543358601	-0.659986136	0.414243381	0.14945835	0.0885655754	38.919063
0.51	0	0.0449752567	0.0523187821	-0.00911073465	0.542087002	-0.410640208	0.756394631	0.149734004	0.12456846	38.561543
0.52	0	0.0405327359	0.0525638016	-0.00948080948	0.541175462	-0.228354702	1.1549929	0.150219478	0.0749508057	38.420579
0.53	0	0.0354091272	0.0527307721	-0.00983922323	0.540682659	-0.065149307	1.55018925	0.150789156	0.0934699118	38.337849
0.54	0	0.0298746923	0.0528583638	-0.0102039725	0.54046738	0.115848979	1.89857456	0.151427663	0.0816240212	39.730905
0.55	0	0.0247178729	0.0528802321	-0.01052146	0.540317643	0.212769766	2.2655438	0.152174979	0.0756872834	39.824433
0.56	0	0.0198061279	0.0528449071	-0.0108215668	0.540254234	0.328588364	2.55683389	0.152951706	0.127701576	32.717137
0.57	0	0.0157234542	0.0527308329	-0.0110877377	0.540133333	0.389535712	2.74161243	0.153677134	0.0906521138	33.158744
0.58	0	0.0128083969	0.0524919984	-0.0113149987	0.540010919	0.40589574	2.8250682	0.154295205	0.100461427	32.806114
0.59	0	0.0121245016	0.0522369485	-0.0116101549	0.539498055	0.494102992	2.8695312	0.154856892	0.0672172476	34.093113
0.6	0	0.0129329681	0.0519816436	-0.0118493276	0.539023377	0.475805402	2.75676156	0.155312668	0.133169748	33.566957
0.61	0	0.0153662192	0.0517693933	-0.0119996131	0.538395893	0.394180609	2.51132862	0.155632397	0.101319071	37.91608
0.62	0	0.0192880068	0.0515603978	-0.01210419	0.53763828	0.315942993	2.2054249	0.155850127	0.118449627	33.967116
0.63	0	0.0235226629	0.0513289018	-0.0121616762	0.536660987	0.218367202	1.8603851	0.155996046	0.0688034844	34.225435
0.64	0	0.0267299135	0.0509632816	-0.0122101174	0.53562864	0.131202426	1.52629216	0.156011571	0.165427023	34.370266
0.65	0	0.0296928275	0.0505054017	-0.0122935233	0.534608137	0.0982462392	1.25399812	0.155985971	0.155036622	35.103599
0.66	0	0.0312818062	0.0499627188	-0.0124244314	0.533528316	0.105581877	1.02331807	0.155839575	0.0978502589	35.313463
0.67	0	0.0316746589	0.0494092362	-0.0126255872	0.532400179	0.1733937	0.817707945	0.155594142	0.151333425	35.340744
0.68	0	0.0319920638	0.0489009742	-0.0128104783	0.530664945	0.196861649	0.498606615	0.155212941	0.134707262	36.098232
0.69	0	0.0329145426	0.0484578829	-0.0130883411	0.528932712	0.30206685	0.238445028	0.154850532	0.153749338	36.417407
0.7	0	0.033348969	0.0480630515	-0.0134340395	0.527161266	0.426219864	-0.00762861519	0.154419072	0.12596264	35.515808
0.71	0	0.034380609	0.047674679	-0.0138446376	0.525425301	0.571707429	-0.204510598	0.153957252	0.126901691	42.766185
0.72	0	0.0350598037	0.0472585566	-0.0143328812	0.523582396	0.722997295	-0.354283276	0.153397113	0.170758766	38.718631
0.73	0	0.0365645557	0.0466983315	-0.0147143276	0.522117822	0.644735395	-0.280493267	0.152965891	0.157657965	40.618772
0.74	0	0.0387308432	0.0459705262	-0.015030949	0.521360942	0.498227334	-0.110591986	0.1525125	0.0950973231	36.430443
0.75	0	0.0405712681	0.0451395107	-0.0152755171	0.521154363	0.29161367	0.12016383	0.15202277	0.0752228706	35.655315
0.76	0	0.0422031936	0.044303029	-0.0154679645	0.521368418	0.0696884284	0.403282277	0.151472094	0.105224128	39.769731
0.77	0	0.0433086963	0.0435552662	-0.0155730778	0.521566708	-0.19753654	0.774533433	0.151079564	0.114344292	36.305609
0.78	0	0.0435694516	0.0430280129	-0.0155694191	0.522108785	-0.430376737	1.18237832	0.150838701	0.064946835	41.259234
0.79	0	0.0430198389	0.0428706743	-0.0154000319	0.522847358	-0.689671332	1.55910896	0.150800017	0.11380304	42.995811
0.8	0	0.0417848352	0.0430248518	-0.0150839174	0.523853867	-0.945427695	1.90295102	0.150941604	0.0527250881	37.17639
0.81	0	0.0383206648	0.0434281937	-0.0145784338	0.524984376	-1.2269145	2.20678509	0.151193162	0.160803192	40.103283
0.82	0	0.0336980622	0.044066871	-0.0138684866	0.526208482	-1.53749146	2.48025509	0.151560896	0.107213879	36.913869
0.83	0	0.0284081029	0.0449335447	-0.012919402	0.527461446	-1.85531059	2.71511331	0.151975206	0.0927940862	38.176981
0.84	0	0.0235960466	0.045963979	-0.0117636099	0.528589793	-2.15089526	2.84500323	0.152316423	0.115935658	37.005114
0.85	0	0.0216551521	0.0471385446	-0.0103746293	0.529361878	-2.48344319	2.97461888	0.152734081	0.15589346	35.928046
0.86	0	0.0243544873	0.0484341341	-0.00882230718	0.529867156	-2.75047475	3.030852	0.15315217	0.101596474	35.580032
0.87	0	0.0291554729	0.0498391717	-0.00720945925	0.530043893	-2.89960648	3.02872946	0.153598611	0.159937106	36.444322
0.88	0	0.0336364225	0.0513420047	-0.00560986809	0.529854364	-2.87147791	2.95436316	0.154055339	0.119063038	34.804931
0.89	0	0.0377656205	0.0529735405	-0.00404220519	0.529339596	-2.69342518	2.78460272	0.154412274	0.100577262	35.282589
0.9	0	0.0398099185	0.0546672772	-0.00252713662	0.528543496	-2.3464959	2.49685746	0.154604919	0.103515751	35.67612
0.91	0	0.0399440482	0.0564154985	-0.00107040463	0.527595756	-1.87296755	2.12822358	0.154677702	0.083636856	34.498486
0.92	0	0.0391686021	0.0581369571	0.000316973087	0.526714001	-1.31022478	1.71621763	0.154609906	0.124599132	34.644758
0.93	0	0.0361806734	0.0597270406	0.00162435495	0.526020396	-0.673405218	1.28681503	0.154415106	0.148920306	34.530096
0.94	0	0.0320044809	0.0610959449	0.00286552259	0.525514893	-0.0558622509	0.904432425	0.154165129	0.108376539	35.03524
0.95	0	0.0281217392	0.0624418533	0.00412201326	0.524709941	0.440888756	0.627167993	0.153962401	0.121319315	34.934084
0.96	0	0.0268589916	0.0636737512	0.00532656397	0.524232547	0.932389895	0.352022796	0.153638163	0.0592826292	35.739311
0.97	0	0.0297274654	0.0648454369	0.0064131018	0.523423941	1.50347582	-0.0323944241	0.153161013	0.118688628	35.417393
0.98	0	0.0345587758	0.0658966125	0.00753947034	0.522925763	1.85292594	-0.285729272	0.152724744	0.11587215	35.83493
0.99	0	0.0403920943	0.0668605535	0.00870242539	0.522496323	2.05650138	-0.438832146	0.152292391	0.103988611	35.341804
1	0	0.0455282996	0.0675860494	0.00974964273	0.52265694	2.23237086	-0.337671388	0.152022288	0.0814549165	39.673654
1.01	0	0.0493428421	0.0682169925	0.0107175419	0.522977687	2.35221969	-0.126080313	0.151823048	0.0961702962	35.903236
1.02	0	0.0521688503	0.0687603252	0.0116150736	0.523500666	2.37288847	0.105676913	0.151583142	0.0902411691	36.173825
1.03	0	0.0534656771	0.069357969	0.0124835478	0.524094161	2.30210221	0.350295452	0.151457831	0.0713139942	35.558752
1.04	0	0.0529349166	0.0700217548	0.0132936798	0.524523131	2.17431938	0.59149961	0.151487019	0.102572279	34.569977
1.05	0	0.0507062474	0.0707182413	0.0140260092	0.525019414	2.01392463	0.846638948	0.151789502	0.134397223	34.598521
1.06	0	0.0459535712	0.0714904939	0.0146757716	0.525573774	1.81757758	1.08697034	0.152326895	0.124897457	33.708381
1.07	0	0.039249636	0.0723504738	0.0152574649	0.526122577	1.56128937	1.32797845	0.152994287	0.136959938	33.880056
1.08	0	0.0310289555	0.073247294	0.0157204828	0.526615433	1.32250594	1.54821333	0.1536739	0.102372157	33.313925
1.09	0	0.0233462593	0.0742157325	0.0160570285	0.527056141	1.13979916	1.72444961	0.154388129	0.0844545507	33.319007
1.1	1	0.382159781	0.0753159716	0.0162339337	0.527410367	0.988380517	1.87278169	0.155207316	0.125440936	34.492743
1.11	1	0.382735036	0.076447762	0.0162918717	0.527747562	0.849600652	2.08731731	0.156059093	0.207443106	35.834187
1.12	1	0.38200607	0.0775574565	0.0161771213	0.528290547	0.767885673	2.25324509	0.15663088	0.166540217	34.587647
1.13	1	0.376878205	0.0785814326	0.0158467776	0.528927196	0.807630365	2.38681984	0.156848479	0.189995636	38.446793
1.14	1	0.367372139	0.0795117953	0.0154277091	0.529027254	0.830664662	2.35391168	0.156647326	0.0812096239	38.501965
1.15	1	0.354163429	0.0802751991	0.0147779648	0.529022071	1.01156403	2.38550781	0.156082801	0.13459695	33.865291
1.16	1	0.337337017	0.0809206065	0.0139923883	0.529094109	1.18861785	2.35932487	0.15501105	0.114525751	34.624947
1.17	1	0.317280585	0.0814218138	0.0130921257	0.529239621	1.35083014	2.3178405	0.15346511	0.124646056	36.015623
1.18	1	0.295260259	0.0818180883	0.0120796221	0.529421992	1.53336169	2.28341295	0.151485497	0.112330308	35.612697
1.19	1	0.270978101	0.0820720647	0.0109824484	0.529736259	1.73162453	2.28909821	0.149249656	0.150960508	41.498142
1.2	1	0.246530106	0.0822085744	0.00985239501	0.529967837	1.91518295	2.31289657	0.146739767	0.101646308	36.496231
1.21	1	0.223050632	0.0822724805	0.00871911434	0.530092457	2.09716524	2.38397237	0.144127041	0.167383966	36.767471
1.22	1	0.199985669	0.0822837437	0.00758755799	0.530067917	2.2768313	2.51512498	0.141765935	0.120923005	35.92108
1.23	1	0.178572024	0.082295024	0.00647556285	0.529825495	2.43034187	2.66187794	0.139716308	0.131703891	35.998661
1.24	1	0.159374256	0.0823920751	0.00539747024	0.529272875	2.53613976	2.76345031	0.137972884	0.126153272	35.119625
1.25	1	0.142069355	0.082425278	0.0044640061	0.529097476	2.39611914	2.96978964	0.136532901	0.11816039	35.723725
1.26	1	0.125991711	0.0823044269	0.0036226734	0.529626342	2.1659754	3.18279381	0.135245101	0.121117928	36.105122
1.27	1	0.112050902	0.0820722644	0.00289949668	0.530535934	1.87437421	3.38079966	0.134025147	0.0696203744	33.854
1.28	1	0.0996486969	0.0817509157	0.00220465794	0.531227106	1.62995473	3.64252553	0.132949151	0.0756010309	34.487703
1.29	1	0.0890981578	0.0813323489	0.00167359971	0.532152393	1.33850959	3.82694867	0.131781677	0.0921245252	34.827364
1.3	1	0.0802214924	0.0808634343	0.00133085012	0.533138221	1.03445917	3.93956099	0.130615296	0.0635584619	34.785962
1.31	1	0.0728593433	0.0803549697	0.00119530276	0.534088613	0.7214133	3.99471533	0.129484768	0.0634148644	35.505726
1.32	1	0.067717932	0.0797768363	0.00123809073	0.535066401	0.417452009	3.98104753	0.128316607	0.0774910168	34.135335
1.33	1	0.064009777	0.0791371068	0.00146074518	0.536184748	0.102026301	3.94178788	0.127218677	0.130555445	33.783947
1.34	1	0.0614393687	0.0783976895	0.00184925555	0.537450258	-0.218319989	3.86867219	0.126174047	0.0602274029	33.899528
1.35	1	0.0600266059	0.0775748639	0.00238307707	0.538782686	-0.536075148	3.78747755	0.125269383	0.139396019	40.730022
1.36	1	0.0602925332	0.0767368084	0.00301593042	0.539954063	-0.800157541	3.70549879	0.12460907	0.0977743712	35.898719
1.37	1	0.0612447089	0.0758671957	0.00370081604	0.540849325	-0.995623574	3.64022601	0.124161004	0.112778968	36.058557
1.38	1	0.0620692763	0.075010512	0.00443801423	0.54143908	-1.1699391	3.59593956	0.123832299	0.122492759	35.421469
1.39	1	0.062268612	0.0741759199	0.00522585291	0.541682622	-1.30745917	3.55258662	0.123379456	0.128191927	36.33619
1.4	1	0.0618801595	0.0734592466	0.00605653861	0.541629769	-1.41885275	3.47793001	0.122747315	0.106066458	44.98161
1.41	1	0.0597774511	0.0729090134	0.00691748708	0.541274928	-1.50492275	3.35556471	0.122055144	0.106936674	40.084728
1.42	1	0.0576326501	0.0726021121	0.00780377484	0.54068136	-1.53515205	3.19210928	0.121345016	0.105200675	36.998057
1.43	1	0.0550779231	0.0724798859	0.0087267047	0.539967113	-1.52792264	3.02823793	0.120790203	0.0893456465	40.986576
1.44	1	0.0522983365	0.0725198658	0.00969666437	0.539253766	-1.48681839	2.865034	0.120254362	0.107288853	39.64185
1.45	1	0.0496418779	0.072687487	0.010702197	0.53862807	-1.41304147	2.6910627	0.119632303	0.0834265417	39.526821
1.46	1	0.0464748965	0.0729531573	0.0117298269	0.538048366	-1.31901894	2.50320772	0.118904223	0.109581125	44.157067
1.47	1	0.0426290299	0.0732962451	0.0128450343	0.53714298	-1.3051651	2.41484441	0.118373668	0.13485626	42.32246
1.48	1	0.0384710314	0.0736565415	0.0139506752	0.5362835	-1.24084519	2.31882736	0.117715355	0.104695069	32.766603
1.49	1	0.0342399505	0.0740521474	0.0150281019	0.535423353	-1.12747292	2.19508165	0.116892498	0.0932829884	41.750958
1.5	1	0.0301214885	0.0744526203	0.016106572	0.534376663	-0.971864982	2.07192504	0.116188882	0.117003425	40.665316
1.51	1	0.0280583431	0.0748623311	0.0170425394	0.533539712	-0.589656295	2.0843199	0.115864223	0.172132024	32.758091
1.52	1	0.0263499003	0.0751707339	0.0177780847	0.53251715	0.0207550493	2.09973539	0.115517041	0.140504898	34.365359
1.53	1	0.024925142	0.0754793931	0.0184002585	0.531977959	0.563639334	2.13521935	0.115151318	0.119011847	34.894609
1.54	1	0.0225658182	0.0757043898	0.0189020621	0.531859134	1.0460339	2.18865239	0.114743143	0.0854256748	34.192676
1.55	1	0.0194030396	0.0758837992	0.019303834	0.532058693	1.45125882	2.19412166	0.114175186	0.0891166098	38.811941
1.56	1	0.0158652109	0.0759980938	0.0196221604	0.532483359	1.78906847	2.17006868	0.113531006	0.0797055223	42.954051
1.57	1	0.0127453942	0.0761024235	0.0198308895	0.533038888	2.10768653	2.11564292	0.112817061	0.089902118	37.427175
1.58	1	0.0110631865	0.0762855996	0.0200601669	0.533346137	2.28662288	2.06740675	0.112193938	0.0811875906	37.394304
1.59	1	0.0120484896	0.0764124321	0.0202398118	0.534052921	2.40245527	1.96142951	0.111317515	0.115411888	39.874794
1.6	1	0.0151090796	0.0764981112	0.0203633137	0.534940519	2.49202664	1.78920452	0.110210023	0.154428114	32.133116
1.61	1	0.0187457061	0.0765255908	0.0204190936	0.535930634	2.53551481	1.58854029	0.109044058	0.115918673	39.976408
1.62	1	0.0216231508	0.0765673158	0.0203198383	0.536544172	2.63732598	1.45117331	0.108190763	0.0851049983	39.88548
1.63	1	0.0236549879	0.0765814648	0.0202022323	0.537239302	2.61521494	1.29707431	0.10730122	0.0966363742	36.147704
1.64	1	0.0233975048	0.0766385281	0.0201154736	0.53784841	2.4753504	1.16007752	0.106659306	0.154638057	41.293188
1.65	1	0.0215756738	0.076767607	0.0200284561	0.538281182	2.27416717	1.03749863	0.106156322	0.0872965882	33.921395
1.66	1	0.0184463128	0.0769087574	0.0199483983	0.538533405	2.03303768	0.950905843	0.105685078	0.136945491	35.286384
1.67	1	0.0150485723	0.0770920637	0.019895987	0.5385626	1.7416732	0.875807007	0.105120798	0.100821775	38.552559
1.68	1	0.0122411448	0.0773538898	0.0198561864	0.538414561	1.39607634	0.800911173	0.104499557	0.138548918	44.039009
1.69	1	0.00930572236	0.0776534765	0.0198264845	0.537917524	1.03577753	0.765781782	0.104253688	0.174417997	33.339587
1.7	1	0.00875288425	0.0780299961	0.0197749814	0.536970498	0.685315937	0.781109609	0.104345792	0.119672805	34.950023
1.71	1	0.00924324719	0.0784040828	0.0196963457	0.535740838	0.365586516	0.837422128	0.104420164	0.125787628	36.023943
1.72	2	0.167355555	0.0787674956	0.0195744158	0.534175613	0.0947225401	0.970783943	0.104687694	0.106227057	36.538929
1.73	2	0.162079385	0.0789136352	0.0193482449	0.532792039	-0.0460169957	1.06877801	0.104812114	0.183908901	37.24197
1.74	2	0.158153	0.0789289509	0.0190842613	0.53201871	-0.155463937	1.25760124	0.105281718	0.110945422	45.395482
1.75	2	0.156384781	0.0788827864	0.0188463546	0.531488076	-0.325260178	1.43254972	0.105982366	0.0886612924	36.838834
1.76	2	0.153179083	0.0787766654	0.0186115469	0.53147524	-0.477080228	1.63551356	0.106624269	0.13174283	37.202815
1.77	2	0.148765328	0.0786514887	0.0183740994	0.531945953	-0.67269471	1.80250174	0.10707266	0.0963753242	37.269629
1.78	2	0.144443448	0.0784769696	0.0180136719	0.5325872	-0.79885335	1.97763534	0.107475081	0.0871068671	37.684693
1.79	2	0.13983141	0.078249143	0.0176239408	0.533765433	-1.00971392	2.11617427	0.107584293	0.095269716	37.580764
1.8	2	0.135967162	0.0780310334	0.0172091802	0.535302915	-1.23623842	2.20376933	0.107540746	0.0787993286	37.027577
1.81	2	0.130914	0.0777989078	0.0168043754	0.53718605	-1.48123646	2.26436907	0.107256078	0.0789203634	43.045266
1.82	2	0.125231827	0.0776508421	0.0165463077	0.53889837	-1.90512166	2.3552131	0.106922158	0.124904114	36.310802
1.83	2	0.11939794	0.0775452935	0.0163632428	0.540910536	-2.28461221	2.33093948	0.10634782	0.0860895058	36.494798
1.84	2	0.114136515	0.077482048	0.0162662712	0.543042062	-2.62740074	2.20982703	0.105690819	0.062305108	34.549588
1.85	2	0.108744024	0.0774205228	0.01622231	0.545154748	-2.90646385	2.02617292	0.104922996	0.144713923	35.988943
1.86	2	0.103679184	0.0773580939	0.0161896529	0.547056236	-3.06482176	1.83428166	0.104366053	0.0981302895	34.772701
1.87	2	0.0988105138	0.0772390145	0.016154453	0.548624242	-3.13266575	1.674441	0.104235135	0.14939581	34.905328
1.88	2	0.0943343689	0.0770265324	0.0161021605	0.549880636	-3.11452554	1.53493864	0.1042991	0.0892835079	34.644463
1.89	2	0.0900148295	0.0767657809	0.0160348329	0.550782028	-3.00344443	1.41148184	0.104496858	0.0713551934	35.043422
1.9	2	0.0861057872	0.0764776328	0.0159475287	0.551427888	-2.81106179	1.31606816	0.104844149	0.0938427768	34.729331
1.91	2	0.0819751675	0.0761441516	0.0158617118	0.551914763	-2.5835694	1.27390779	0.105175042	0.10732734	35.322624
1.92	2	0.0780131712	0.0757770085	0.0157875269	0.552199004	-2.33939851	1.28780653	0.105498913	0.0592511255	35.692214
1.93	2	0.0739095468	0.0753710262	0.0157220398	0.552335819	-2.08856788	1.33234993	0.10569978	0.112114696	35.795491
1.94	2	0.0699893859	0.0749439482	0.015668616	0.552319277	-1.85271488	1.40401103	0.105807687	0.0948608259	35.746043
1.95	2	0.0665164409	0.0745147542	0.015600286	0.552152735	-1.62159572	1.48017165	0.105871091	0.115344125	35.478743
1.96	2	0.0638003838	0.0741336363	0.0155394319	0.551718156	-1.39148471	1.56958662	0.106021981	0.117036332	35.191258
1.97	2	0.0609846403	0.0737984378	0.015474989	0.550923581	-1.16214095	1.66527598	0.106183188	0.147074985	35.826555
1.98	2	0.0572040545	0.0735270104	0.0153847349	0.549850543	-0.91431443	1.73513011	0.106184237	0.157453562	35.650728
1.99	2	0.0526222795	0.0733419953	0.0152898414	0.548446713	-0.684505536	1.80669924	0.106017148	0.0934465898	34.880501
2	2	0.0476706412	0.0732704782	0.0151769103	0.546643954	-0.466501479	1.86928581	0.105789949	0.0743147089	35.466216
2.01	2	0.0427863593	0.073274824	0.0151095017	0.544789724	-0.376600337	1.84444063	0.105240564	0.0614485652	35.616872
2.02	2	0.0381198189	0.0732989235	0.0149797065	0.543284127	-0.216989883	1.87146643	0.104741521	0.0533724868	35.848253
2.03	2	0.0342708469	0.0734069912	0.0147774408	0.542130698	-0.02593735	1.90915971	0.104511987	0.0642679047	35.647625
2.04	2	0.0306921668	0.0736076582	0.0144879129	0.541345884	0.183290763	1.93940806	0.104426845	0.0769599623	35.331857
2.05	2	0.0279523132	0.073857094	0.0141692526	0.540244844	0.346679691	1.97166562	0.10454111	0.0836315415	36.617991
2.06	2	0.0264110862	0.0741366909	0.0137907649	0.539596626	0.469133702	1.99847118	0.104824805	0.0756331601	43.764871
2.07	2	0.0255307041	0.0743959946	0.0133707113	0.539349633	0.550598029	2.03726603	0.105210539	0.0487053457	36.168061
2.08	2	0.0249527479	0.0746206261	0.0128790859	0.539585842	0.647249153	2.11539099	0.10568375	0.0900637472	42.171855
2.09	2	0.0257104161	0.0748658565	0.0123385296	0.540249317	0.711037148	2.19549169	0.106094797	0.0694265268	41.941922
2.1	2	0.0270879995	0.0750876079	0.0117556413	0.5411349	0.729272509	2.2753707	0.106417433	0.116738335	37.774951
2.11	2	0.0285526739	0.0752642689	0.0110519392	0.541775617	0.781506999	2.37991796	0.106754809	0.0878435218	44.33288
2.12	2	0.0281968867	0.0754658493	0.0103674917	0.54242331	0.748575397	2.41768996	0.107007009	0.116397229	33.022816
2.13	2	0.0265382018	0.075695266	0.00972513087	0.542728358	0.661559039	2.39340041	0.107131899	0.15666951	33.798177
2.14	2	0.0248429944	0.0759378719	0.00913891194	0.542600838	0.533628608	2.32675821	0.107188549	0.131937095	33.48018
2.15	2	0.0224783434	0.0761764437	0.008616833	0.541980897	0.379391532	2.22775971	0.106976763	0.149274501	34.591114
2.16	2	0.0198558324	0.0764960687	0.00815522053	0.540945623	0.217830805	2.07883251	0.106493904	0.147183643	34.357048
2.17	2	0.016330259	0.0768467252	0.00776662988	0.539524586	0.0595196157	1.89930367	0.105748266	0.131493846	33.973431
2.18	2	0.013288909	0.0773112258	0.00743558393	0.537905996	-0.0834743031	1.70974717	0.105101027	0.14152655	34.97605
2.19	2	0.0110798773	0.0778490203	0.0071376741	0.53624183	-0.185549883	1.53379061	0.104594376	0.124089391	34.620864
2.2	2	0.010095304	0.078434609	0.00686567539	0.534657712	-0.240425384	1.39849059	0.104438544	0.108646774	34.155214
2.21	2	0.00943190781	0.0790114092	0.00660854769	0.533233291	-0.245063736	1.33003336	0.104507023	0.117470781	35.278117
2.22	2	0.0108127655	0.079456137	0.00634566624	0.532101144	-0.153502768	1.38553999	0.104871716	0.199617944	39.387041
2.23	2	0.0135933028	0.0797331092	0.00630294238	0.531329328	-0.32073088	1.57904801	0.105473688	0.0888629916	34.860093
2.24	2	0.018168685	0.0799059393	0.00632221069	0.531507134	-0.396791315	1.87749842	0.106228736	0.134333146	35.235177
2.25	2	0.023246345	0.0799991268	0.00641562376	0.532587301	-0.452698659	2.20367173	0.10696171	0.111403769	34.845381
2.26	3	1.11142938	0.0801121175	0.00647006422	0.533804875	-0.391716146	2.58382983	0.107648854	0.122510315	44.123813
2.27	3	1.11469578	0.0803187563	0.00665203046	0.535366202	-0.46829375	2.88247204	0.108062021	0.183424757	40.906092
2.28	3	1.11692522	0.0806833084	0.00703917318	0.537128825	-0.72776529	3.03938997	0.108147067	0.176076101	39.682066
2.29	3	1.11689556	0.0810891989	0.00762874739	0.539136537	-1.09571483	3.12509468	0.107582075	0.149845326	31.162661
2.3	3	1.11415085	0.0815050536	0.00846034986	0.54154406	-1.61865054	3.15815603	0.106466463	0.205254665	31.511779
2.31	3	1.10985222	0.0820000538	0.00953390882	0.543999234	-2.26925401	3.11641706	0.105436895	0.149103293	32.641219
2.32	3	1.1037342	0.0827274709	0.0108241432	0.546233231	-2.96992842	3.00258628	0.104680704	0.192815703	31.524862
2.33	3	1.09555319	0.0835973397	0.0123380741	0.548211823	-3.59348395	2.86563727	0.104403774	0.121455788	32.154481
2.34	3	1.08499412	0.0846606755	0.0140568828	0.550001453	-4.15990919	2.7045908	0.104482249	0.137985293	31.496183
2.35	3	1.07084601	0.0858596176	0.0159649893	0.551518571	-4.65721399	2.56417121	0.104814463	0.202838784	32.577145
2.36	3	1.05328204	0.0872213537	0.0180567348	0.552807822	-5.14056547	2.45812536	0.105389472	0.18000234	31.7565
2.37	3	1.03223805	0.0888525795	0.0203293688	0.553813269	-5.59881328	2.36553121	0.10617317	0.123222099	31.63371
2.38	3	1.00825496	0.0907953321	0.0227746131	0.554563567	-6.03225392	2.31836159	0.107237176	0.151033598	32.501646
2.39	3	0.981921155	0.0930783169	0.025370692	0.555205284	-6.43753997	2.29817723	0.10843766	0.200806783	33.035684
2.4	3	0.951563493	0.0957710284	0.0280985865	0.555768744	-6.77139326	2.29833054	0.109824154	0.133319908	32.306364
2.41	3	0.918225168	0.098874539	0.030963294	0.55627412	-7.05985386	2.2899021	0.111122567	0.126818356	32.581849
2.42	3	0.88347531	0.102475468	0.0339573819	0.556733398	-7.28527429	2.25155027	0.112476548	0.136230408	32.612746
2.43	3	0.846867503	0.106530956	0.0370871407	0.557344124	-7.43801867	2.17899921	0.113738808	0.143406678	32.263134
2.44	3	0.810007924	0.111023343	0.0403892013	0.557773858	-7.66435784	2.16341302	0.11520251	0.105515796	33.035309
2.45	3	0.772486833	0.115976014	0.0438476013	0.558550545	-7.80173077	2.08237462	0.116395363	0.0985839656	32.794707
2.46	3	0.734551806	0.121381128	0.0474645691	0.559519834	-7.89639284	1.95801737	0.11739688	0.0968976494	32.677594
2.47	3	0.69724323	0.127212187	0.0512611304	0.560662784	-7.98536332	1.80810127	0.118298714	0.145428827	33.009193
2.48	3	0.661123081	0.133349757	0.0550778197	0.561253232	-7.8731363	1.4912246	0.118841869	0.139072607	32.592797
2.49	3	0.626988945	0.139864397	0.0591313987	0.562356447	-7.86787801	1.19025007	0.119262538	0.0931743889	32.071494
2.5	3	0.595124406	0.1466936	0.0633862485	0.563828869	-7.85681001	0.849322914	0.119334958	0.138919821	32.269656
2.51	3	0.566898086	0.153761299	0.0678391038	0.565665622	-7.82191827	0.455520729	0.119173801	0.142632851	31.659942
2.52	3	0.542506118	0.161040809	0.0725125607	0.567875213	-7.80995542	0.0210836212	0.118862888	0.10021221	32.011502
2.53	3	0.521164614	0.16847943	0.0774342552	0.569792427	-7.96170114	-0.371668146	0.118622859	0.115603477	31.864467
2.54	3	0.501787068	0.176143515	0.0825900536	0.571831539	-8.14934863	-0.795648066	0.118065946	0.142997352	32.512724
2.55	3	0.484019331	0.184054109	0.0880042164	0.573965236	-8.40126413	-1.22185046	0.117287178	0.148340154	31.513632
2.56	3	0.467906073	0.192244981	0.0936788499	0.576095567	-8.75339142	-1.62869216	0.116622467	0.0885229039	31.477136
2.57	3	0.453621264	0.200573839	0.0995476261	0.578389302	-9.00718032	-1.91966377	0.116114892	0.139773076	31.236105
2.58	3	0.440971195	0.208889599	0.105449202	0.580425081	-9.06605727	-2.16247845	0.115439748	0.109000903	31.432288
2.59	3	0.427949914	0.217194029	0.111372747	0.582279363	-9.08234024	-2.3384416	0.114326469	0.143885167	31.103724
2.6	3	0.415103666	0.225439714	0.117276507	0.583697577	-8.97756342	-2.45042875	0.11282169	0.164762345	31.156399
2.61	3	0.402533687	0.233603927	0.123163641	0.58466654	-8.73680264	-2.45580187	0.111236638	0.201915095	30.768738
2.62	3	0.3904302	0.241747481	0.129051849	0.585143341	-8.40307397	-2.37313904	0.109606256	0.161409816	31.407993
2.63	3	0.379028041	0.249853072	0.134964131	0.585269244	-7.99515356	-2.15900686	0.108075219	0.169627338	30.987558
2.64	3	0.368951283	0.257972725	0.140930177	0.585030135	-7.55047642	-1.8122065	0.107390638	0.133994282	30.80942
2.65	3	0.359369727	0.266146351	0.146928189	0.58373707	-7.24877806	-1.47486555	0.1075854	0.15083501	31.146564
2.66	3	0.348890946	0.274352727	0.152968513	0.582379535	-6.87663506	-0.966663118	0.10817904	0.200531589	40.825048
2.67	3	0.337415314	0.282651114	0.159041371	0.581038387	-6.39264808	-0.286358512	0.108654403	0.177403706	33.656285
2.68	3	0.324541747	0.291162314	0.165113559	0.57944989	-5.8744823	0.437334664	0.108589915	0.218268545	31.783936
2.69	3	0.310942154	0.299843707	0.171228791	0.577731152	-5.35991068	1.25743675	0.108336096	0.198366813	32.098551
2.7	3	0.296141789	0.308809049	0.177356662	0.575751409	-4.89062576	2.10924007	0.107810595	0.148904853	32.211916
2.71	3	0.280026498	0.318050376	0.183461866	0.573303988	-4.51466316	2.95581622	0.107039775	0.14156648	32.295021
2.72	3	0.263483168	0.32764459	0.189561113	0.570152615	-4.32450471	3.75024654	0.106065506	0.244103032	32.232774
2.73	3	0.247752458	0.337590661	0.195660848	0.566236646	-4.32810186	4.51643075	0.105306447	0.190615094	31.88407
2.74	3	0.232569162	0.347962166	0.201729467	0.561405894	-4.4719407	5.23179854	0.104877103	0.242328911	32.918151
2.75	3	0.218614648	0.358440747	0.20761179	0.556793573	-4.59073453	5.76117986	0.104612055	0.114560576	32.599924
2.76	3	0.206011011	0.368901235	0.213286831	0.552018051	-4.63961878	6.07759424	0.104581673	0.17278782	32.208502
2.77	3	0.195212629	0.379351102	0.218793138	0.547577552	-4.56565309	6.26829831	0.104757937	0.109976841	31.74185
2.78	3	0.186232685	0.389667046	0.224095524	0.543520517	-4.40570458	6.34024291	0.105038615	0.115942725	33.162492
2.79	3	0.179193604	0.39977341	0.229178316	0.539967333	-4.1249896	6.37352591	0.104932161	0.121719346	32.312409
2.8	3	0.172619959	0.409525181	0.233952675	0.536962172	-3.93229077	6.38179749	0.104761762	0.113997621	31.790766
2.81	3	0.164961909	0.418699429	0.238426818	0.534619143	-3.78067628	6.37327319	0.104865106	0.176756279	32.553613
2.82	3	0.155340011	0.42721889	0.24261382	0.532998614	-3.69898687	6.35974241	0.105399551	0.136218895	32.677531
2.83	3	0.144222574	0.435137057	0.246519075	0.531984136	-3.57749287	6.29528881	0.106139583	0.138814434	36.747287
2.84	3	0.132033987	0.442731642	0.250301247	0.530654262	-3.65469888	6.39323889	0.108046321	0.151974785	38.743344
2.85	3	0.12171545	0.449679289	0.253851419	0.530192423	-3.70159472	6.43254831	0.109820905	0.201528283	38.020975
2.86	3	0.113691457	0.456241331	0.257213033	0.53021781	-3.69203412	6.37424436	0.111727676	0.176589122	32.868257
2.87	3	0.107183451	0.462447217	0.260415922	0.530545026	-3.63497523	6.2045749	0.112804528	0.114150167	33.845211
2.88	3	0.100859995	0.468331659	0.263464829	0.531094296	-3.48841258	5.91912891	0.112686808	0.135730559	33.823921
2.89	3	0.0943932235	0.473915458	0.266373629	0.531845765	-3.40228921	5.6001777	0.111755436	0.18133468	34.914543
2.9	3	0.0889654586	0.479258224	0.269180709	0.532666156	-3.32377313	5.23074492	0.110524418	0.124722381	41.187856
2.91	3	0.0846777222	0.484391329	0.271916372	0.53352207	-3.20551773	4.81543101	0.109128527	0.112542249	39.231337
2.92	3	0.0805284617	0.489304067	0.274605243	0.53447639	-3.034192	4.37011106	0.108297743	0.146270567	42.42685
2.93	3	0.0756124196	0.493986304	0.277247086	0.535580301	-2.79496231	3.9151792	0.108418586	0.19707717	33.030776
2.94	3	0.0718552244	0.498430505	0.279815858	0.536834756	-2.5416375	3.44494585	0.108282511	0.140218978	35.051759
2.95	3	0.0685691719	0.502571624	0.282334217	0.538374577	-2.340208	3.00949506	0.107572665	0.142942126	42.6013
2.96	3	0.0651508229	0.506498014	0.284849522	0.539439841	-2.26508332	2.72630543	0.106796713	0.168382997	39.886063
2.97	3	0.0621606415	0.510156341	0.28734634	0.540868279	-2.17994505	2.40716405	0.105634688	0.134009767	39.021635
2.98	3	0.0598139798	0.513574185	0.289825317	0.542442015	-2.10034321	2.03767861	0.104498022	0.166473384	40.088642
2.99	3	0.0569838332	0.516641739	0.29227554	0.544169593	-2.09736074	1.7228234	0.103878978	0.145941435	39.043567
3	3	0.0537809266	0.519441739	0.294695998	0.545778292	-2.15230525	1.44387581	0.103662325	0.100398566	39.407018
3.01	3	0.0503643528	0.521966835	0.29710048	0.547273996	-2.22143174	1.1972813	0.103772767	0.078609191	39.430165
3.02	3	0.0472608201	0.524271761	0.299473616	0.548548525	-2.26654321	0.94845238	0.103850745	0.0998396556	40.014162
3.03	3	0.0446589267	0.526367679	0.301716149	0.549938478	-2.17753808	0.802593388	0.103933629	0.0916742224	39.53154
3.04	3	0.0419949288	0.528250294	0.303823566	0.551533993	-2.01621022	0.749768099	0.104231204	0.0893220405	41.156171
3.05	3	0.0396260312	0.530006506	0.305808895	0.553078376	-1.77153019	0.757768722	0.104550286	0.114943871	49.022807
3.06	3	0.037813743	0.531753143	0.307680273	0.554444477	-1.472444	0.788270987	0.10485436	0.130554774	47.559555
3.07	3	0.037010829	0.533495109	0.309482214	0.555586681	-1.14164686	0.791916529	0.105072149	0.124383652	42.877227
3.08	3	0.0365697254	0.535278561	0.311208534	0.556558584	-0.830912502	0.728997995	0.105228942	0.100669055	36.112316
3.09	3	0.035891764	0.537137433	0.312831409	0.55733457	-0.511236822	0.600779859	0.105039329	0.11280517	35.148184
3.1	3	0.0347412998	0.539083124	0.314326308	0.557795342	-0.214201329	0.445155794	0.104470251	0.190810026	35.342644
3.11	3	0.0334338631	0.541093241	0.315699261	0.55780806	-0.0628841957	0.31021742	0.104279092	0.106884406	35.346146
3.12	3	0.0318504306	0.543195223	0.316954906	0.557388563	0.0524062431	0.18573157	0.104177513	0.125185729	35.694151
3.13	3	0.0302325754	0.545431805	0.318116989	0.556457886	0.187887618	0.0874395075	0.104238032	0.128024978	36.271854
3.14	3	0.0288432724	0.547837366	0.319206703	0.554924218	0.34502125	-0.00435117193	0.104404162	0.136798759	35.618709
3.15	3	0.0270730311	0.550324572	0.320244846	0.552956007	0.486517963	-0.0893598323	0.104528623	0.105004389	35.008884
3.16	3	0.0250303934	0.552929824	0.321248265	0.550421675	0.589820061	-0.160450987	0.104733733	0.118152052	35.005901
3.17	3	0.0222499374	0.555637353	0.322252334	0.547454293	0.596914829	-0.241609794	0.104839669	0.128633522	39.407614
3.18	3	0.0199366594	0.558329353	0.323279997	0.54424877	0.503145372	-0.302215733	0.105130848	0.144467849	40.609363
3.19	3	0.0180958313	0.560944147	0.324343796	0.54086793	0.299860655	-0.336360147	0.105579157	0.153766801	52.387918
3.2	3	0.0167237331	0.56346231	0.325462998	0.537252945	-0.0114293707	-0.371082634	0.105968508	0.131393399	46.098611
3.21	3	0.0159351295	0.565908627	0.326598853	0.533448186	-0.375429398	-0.36252872	0.106149373	0.259007653	40.189392
3.22	3	0.0161056891	0.568215955	0.327617525	0.529988372	-0.738232648	-0.377289268	0.106416564	0.0894207484	42.146534
3.23	3	0.0174996837	0.570342296	0.328534325	0.526908817	-1.02649089	-0.436680818	0.106697094	0.108639318	40.837954
3.24	3	0.0192987431	0.572326373	0.329256797	0.523948383	-1.10298198	-0.491986085	0.107005705	0.0871673631	39.379656
3.25	3	0.0216221492	0.573896669	0.330007588	0.521839222	-1.41238772	-0.476566243	0.107831428	0.0994938406	46.62245
3.26	3	0.023781685	0.575075098	0.330682953	0.520964189	-1.62956263	-0.334708556	0.108954467	0.083269385	46.759085
3.27	3	0.0263343547	0.575976981	0.331265559	0.521201504	-1.76315048	-0.140300652	0.110162487	0.108798637	38.315508
3.28	3	0.0297615074	0.576694753	0.331771786	0.522351534	-1.87209022	0.0563915038	0.111394001	0.0767587204	40.444947
3.29	3	0.0338647555	0.577310035	0.332336188	0.523637386	-2.10065639	0.339362876	0.112950141	0.0933675876	37.456253
3.3	3	0.0369267	0.577851722	0.332812888	0.52582471	-2.25811739	0.513797907	0.114164692	0.096242681	37.187158
3.31	3	0.0394144531	0.578300389	0.333205041	0.528704674	-2.40879741	0.619864989	0.1150965	0.0697075011	36.522918
3.32	3	0.0405146044	0.57871849	0.333473524	0.531748042	-2.45707015	0.707207771	0.115773285	0.0910300822	36.501647
3.33	3	0.0408947322	0.578986264	0.333657344	0.535201035	-2.52011409	0.788795996	0.116493601	0.148355619	35.348111
3.34	3	0.0402318848	0.579067218	0.333790796	0.538725613	-2.5905845	0.814570051	0.116937197	0.103811047	36.063925
3.35	3	0.0376060819	0.578919193	0.333820371	0.542208705	-2.61292939	0.879114017	0.117184009	0.124625652	35.031505
3.36	3	0.0345877058	0.578623808	0.33375973	0.545181907	-2.59794771	0.943921032	0.117428993	0.172726736	35.597688
3.37	3	0.0318158426	0.578304701	0.333654486	0.547644308	-2.54956471	0.952213173	0.117652393	0.172266785	35.64843
3.38	3	0.0300533771	0.577999497	0.333525016	0.549571049	-2.48773979	0.908556367	0.117780715	0.162497418	36.150181
3.39	3	0.0284791727	0.577679056	0.333340649	0.550978261	-2.3846946	0.832474216	0.117671165	0.157582126	41.702986
3.4	3	0.0267045872	0.577367589	0.333122045	0.551701553	-2.28064271	0.742899866	0.117445473	0.114358085	41.78059
3.41	3	0.024393883	0.5771183	0.332874715	0.551666189	-2.17090759	0.600295323	0.116905418	0.168786668	42.439411
3.42	3	0.0220779979	0.576935828	0.332649296	0.550858737	-2.11882998	0.451418665	0.116350623	0.111778326	34.557502
3.43	3	0.0195710158	0.576797299	0.332440653	0.549405172	-2.12983374	0.317545291	0.115782378	0.113338142	34.54431
3.44	3	0.0175414882	0.576653454	0.332238112	0.547323337	-2.1571495	0.187343879	0.115102345	0.12961797	36.300373
3.45	3	0.0161018673	0.576494536	0.332018121	0.544751116	-2.17467478	0.058391641	0.11437845	0.162797508	35.209132
3.46	3	0.0147248635	0.57633072	0.331774724	0.541677644	-2.17621719	-0.0892771364	0.11327701	0.128912957	40.448731
3.47	3	0.0142259856	0.576149115	0.331538975	0.538322715	-2.1965338	-0.223349793	0.112167965	0.122877853	43.233354
3.48	3	0.0155990026	0.575939955	0.331328808	0.534850517	-2.2666385	-0.350981203	0.11127695	0.172777283	35.34458
3.49	3	0.0188899701	0.575653106	0.330999137	0.532079721	-2.1383285	-0.313733748	0.110323372	0.113546746	45.103229
3.5	3	0.0250790698	0.575338913	0.330506416	0.52980369	-1.81154132	-0.160364798	0.109363381	0.143946766	43.512182
3.51	3	0.0311118606	0.575130703	0.329960437	0.528235537	-1.44711166	-0.144452281	0.107744766	0.176562221	38.774409
3.52	3	0.0365186129	0.574975418	0.329437143	0.527196006	-1.25495725	-0.0505540341	0.106119293	0.134400288	38.92803
3.53	3	0.0415431668	0.574932595	0.328863373	0.527172455	-1.05795774	0.0239498934	0.104408601	0.0899737492	38.452959
3.54	3	0.0457432956	0.574954223	0.328267221	0.52797191	-1.03912206	0.164642587	0.103458658	0.122011872	39.421384
3.55	3	0.0464542729	0.575073442	0.327693053	0.529372578	-1.19632055	0.325389575	0.102964703	0.0962028323	38.970065
3.56	3	0.0432117943	0.57520936	0.327129714	0.531442064	-1.47744991	0.547532559	0.102819181	0.142193629	37.800109
3.57	3	0.0379807769	0.575358779	0.326548384	0.533976052	-1.763736	0.798119465	0.102972175	0.137493384	38.239646
3.58	3	0.030577734	0.575614548	0.326050664	0.536373134	-2.03326898	0.929252594	0.103026298	0.0930948635	37.743267
3.59	3	0.0234930401	0.575940286	0.325530726	0.539025227	-2.12818362	1.0281077	0.103064723	0.109169694	37.936884
3.6	3	0.0177671937	0.57639968	0.324982285	0.541785552	-2.14948978	1.08580452	0.10328297	0.146468455	38.927822
3.61	3	0.0151788482	0.577027482	0.324407449	0.544460567	-2.1205901	1.11589419	0.103689788	0.096734408	38.151295
3.62	3	0.0164409724	0.577790282	0.323796942	0.546581217	-1.98394405	1.22754129	0.104071293	0.0902749629	37.133071
3.63	3	0.0203356224	0.578718224	0.323221424	0.548434701	-1.80429523	1.24531448	0.104366363	0.145333667	39.848851
3.64	3	0.0246507105	0.579758253	0.322666404	0.549838573	-1.60997557	1.2263192	0.104761364	0.144002428	49.298858
3.65	3	0.029503444	0.580841823	0.322131705	0.550576397	-1.41707819	1.21889035	0.105339927	0.181478029	45.166978
3.66	3	0.0333909087	0.581849673	0.321609662	0.550645437	-1.20828441	1.24071616	0.105944504	0.126002606	43.262506
3.67	3	0.0368992692	0.582703661	0.32109612	0.550303427	-0.981832694	1.30208602	0.106289076	0.0987828868	36.673225
3.68	3	0.0396149946	0.583325991	0.320597213	0.549678496	-0.747941987	1.43958842	0.106715339	0.102401013	40.129572
3.69	3	0.0421270416	0.583784136	0.320108246	0.548836417	-0.506106501	1.61716615	0.106941212	0.130216591	37.402912
3.7	3	0.0427186489	0.584079298	0.319674279	0.547840984	-0.324310325	1.79256809	0.107354107	0.108611149	42.246504
3.71	3	0.0422978013	0.58422937	0.319301478	0.546763272	-0.19608494	1.95442729	0.10771155	0.0861573573	37.182779
3.72	3	0.0412684185	0.584241128	0.31900096	0.545535585	-0.155146563	2.08141933	0.108056238	0.0821131723	37.236592
3.73	3	0.0393097083	0.584108035	0.318791449	0.544265595	-0.23955467	2.15615182	0.1082728	0.126265468	39.768681
3.74	3	0.0374337247	0.583815173	0.318662166	0.542918948	-0.400098917	2.21324362	0.108459411	0.122082147	37.118335
3.75	3	0.0366931681	0.5833433	0.318580888	0.541601284	-0.583926858	2.29309174	0.108315391	0.110083099	36.662086
3.76	3	0.0366529227	0.58286254	0.318458761	0.539673404	-0.715241375	2.46955926	0.108051608	0.120230619	36.516714
3.77	3	0.0362261155	0.582228024	0.318378209	0.537967648	-0.868800114	2.59804376	0.10783352	0.0913268107	36.046946
3.78	3	0.0355191319	0.581460906	0.318329436	0.536429562	-1.05298511	2.62333348	0.107459824	0.122398937	35.188324
3.79	3	0.0347464735	0.580577342	0.318294749	0.535029986	-1.24475688	2.58834848	0.107147479	0.0990954595	35.780095
3.8	3	0.0327318155	0.579534895	0.318261893	0.533951154	-1.40985923	2.52916723	0.106897558	0.0945035701	35.722082
3.81	3	0.0308413535	0.578333744	0.318305527	0.533375349	-1.59821381	2.5021603	0.106943429	0.0974448923	35.38513
3.82	3	0.0300568148	0.577054923	0.318510816	0.532846698	-1.90792682	2.44543432	0.107555629	0.113636037	35.870784
3.83	3	0.0295016613	0.575725323	0.31884973	0.532538904	-2.1875999	2.40596949	0.108446078	0.10091671	35.255971
3.84	3	0.0291024239	0.574365337	0.319287262	0.532448085	-2.42918161	2.39654882	0.109257902	0.0549742341	35.478937
3.85	3	0.0290556781	0.573105791	0.319839991	0.532361592	-2.62937091	2.37887295	0.109897964	0.104417856	42.671454
3.86	3	0.0288259386	0.571975759	0.320514989	0.532108664	-2.79082606	2.35526032	0.110135327	0.141181967	37.533729
3.87	3	0.0283699045	0.5709745	0.32129185	0.531730611	-2.91839693	2.30836651	0.110034391	0.17216274	52.483854
3.88	3	0.0291565653	0.570100697	0.322165113	0.531310645	-3.05202881	2.24918387	0.109718846	0.11918949	41.120433
3.89	3	0.0321514892	0.569345671	0.323136045	0.530917927	-3.18474382	2.16040515	0.109399607	0.136319661	48.32378
3.9	3	0.0367349989	0.56875352	0.324218466	0.530628451	-3.35385751	2.04554778	0.10934917	0.118081552	38.503922
3.91	3	0.0421281036	0.568249121	0.325435334	0.529887566	-3.65288254	2.02085268	0.109678197	0.118648035	38.611719
3.92	3	0.0467818318	0.567852589	0.326712771	0.529326483	-3.85532596	1.95713986	0.110197626	0.136554728	37.763327
3.93	3	0.0509337402	0.567567806	0.328037567	0.528782761	-3.98014494	1.85810893	0.110857122	0.11975462	38.471067
3.94	3	0.0547443415	0.567400563	0.329404947	0.528332281	-4.06558405	1.70468507	0.11132338	0.127138572	39.382386
3.95	3	0.0579870263	0.567388242	0.330777109	0.527901556	-4.04857533	1.44278416	0.111421802	0.132902871	45.764687
3.96	3	0.0604139393	0.567494118	0.33212636	0.527538282	-3.92418834	1.11198609	0.111313663	0.166449619	43.558112
3.97	3	0.0629283018	0.567653867	0.333450592	0.527231806	-3.71790213	0.722700014	0.111505143	0.190091333	37.876236
3.98	3	0.064236738	0.567708473	0.334524405	0.527924078	-3.25776276	0.603041064	0.111617536	0.118311301	37.916767
3.99	3	0.0641561831	0.567768467	0.335295249	0.529383708	-2.55264716	0.606663453	0.111022343	0.133124441	34.898034
4	3	0.062600896	0.567913534	0.335777243	0.531231834	-1.64583556	0.682265095	0.110139708	0.0751563502	35.54568
4.01	3	0.0596178929	0.568129391	0.335930972	0.533631411	-0.817425959	0.804966781	0.1089919	0.105123512	36.815066
4.02	3	0.0557085147	0.568483305	0.335813647	0.536446464	-0.0653265209	0.919631678	0.107502294	0.104494531	36.152637
4.03	3	0.0505455607	0.568956154	0.33550656	0.539030698	0.594554717	1.16066771	0.106170641	0.0778476132	35.496061
4.04	3	0.0448718643	0.569587266	0.334945623	0.542293231	1.18912329	1.36299461	0.104856186	0.107574377	35.547262
4.05	3	0.040747861	0.570354795	0.334198188	0.545780321	1.64091298	1.54565	0.103867671	0.129558848	35.558996
4.06	3	0.0376669368	0.571189623	0.333270071	0.549327314	1.92077522	1.70697578	0.103447931	0.0858363017	35.583475
4.07	3	0.0340538931	0.572080095	0.332177791	0.552610624	2.0339285	1.83524174	0.103377758	0.113830505	40.926456
4.08	3	0.0314261515	0.573029459	0.330950638	0.555499166	2.07789879	1.92258424	0.103509581	0.0910456914	36.486753
4.09	3	0.0288821839	0.574053185	0.329598627	0.558037988	2.03788491	1.98510711	0.103723926	0.122290231	47.900493
4.1	3	0.0259712578	0.57507638	0.328137256	0.56008755	1.9396425	2.08258439	0.104035886	0.120057523	43.552813
4.11	3	0.0225453947	0.576221229	0.326624316	0.561584843	1.78426608	2.14855344	0.104246702	0.115506547	35.160216
4.12	3	0.0213008831	0.577511287	0.325120534	0.562326399	1.57303815	2.17803496	0.10455966	0.132009621	34.260168
4.13	3	0.0219587801	0.578902041	0.323641246	0.562399048	1.35495279	2.20799957	0.105253731	0.0848610082	34.429538
4.14	3	0.0236182597	0.580374842	0.322196424	0.561748904	1.12312445	2.22674294	0.106117897	0.117894521	36.453882
4.15	3	0.0258101942	0.581905889	0.320787763	0.56040707	0.894180861	2.22355785	0.106879924	0.100172791	40.381279
4.16	3	0.028257963	0.583495555	0.319415284	0.558567862	0.696733118	2.20437613	0.107459809	0.139144572	47.368306
4.17	3	0.030994515	0.585117309	0.31808756	0.556481623	0.496046041	2.1763714	0.108117341	0.0947307498	39.300461
4.18	3	0.0334191748	0.586761908	0.316816937	0.554218699	0.286550763	2.12739104	0.108663563	0.0855708684	38.284011
4.19	3	0.0355680169	0.58845477	0.315609869	0.551727467	0.073313703	2.0620021	0.10926305	0.0959250011	38.811494
4.2	3	0.0372242115	0.590137631	0.314474178	0.549132627	-0.147729233	1.9946678	0.110000835	0.0790751957	37.838897
4.21	3	0.0375054425	0.591768837	0.313438978	0.54658021	-0.414981255	1.91647613	0.11109298	0.154986318	38.458412
4.22	3	0.036869487	0.593376099	0.312521279	0.543860871	-0.723583487	1.81176297	0.112313391	0.158282492	38.213726
4.23	3	0.035269401	0.595006004	0.311738986	0.540973244	-1.05773564	1.6758696	0.113753492	0.107955652	36.673121
4.24	3	0.0331341347	0.596642977	0.311055423	0.538061838	-1.41224245	1.51774793	0.11497022	0.113696505	37.460233
4.25	3	0.0307662371	0.598184361	0.310365732	0.535723449	-1.62913946	1.29065098	0.115714034	0.108663988	35.926853
4.26	3	0.0284613173	0.599680272	0.309592156	0.533405518	-1.63516412	1.1334777	0.116637611	0.109261499	35.544582
4.27	3	0.0258509316	0.600843482	0.308983817	0.532296883	-1.91719795	0.980984761	0.117805623	0.131256914	37.203721
4.28	3	0.0235527027	0.60180221	0.308482932	0.532327545	-2.16797674	0.923439697	0.118924293	0.0651647717	36.646511
4.29	3	0.0208806782	0.602529348	0.308126047	0.533232764	-2.47006236	0.907222299	0.120112464	0.12022113	37.028364
4.3	3	0.0180113648	0.603041239	0.307923837	0.534747553	-2.79332281	0.89687077	0.12109259	0.107441775	35.441508
4.31	3	0.0154306487	0.603314006	0.307871109	0.53678855	-3.0708762	0.895424031	0.121881311	0.103652731	34.696126
4.32	3	0.0148367866	0.603354835	0.307923945	0.539149961	-3.28237924	0.846016746	0.122347787	0.161970002	33.044221
4.33	3	0.0172039906	0.603187886	0.308084131	0.541665168	-3.41769285	0.810550777	0.122650256	0.125390965	34.300402
4.34	3	0.0219126586	0.602915019	0.308383925	0.543747436	-3.49427941	0.821738098	0.122838556	0.0941757787	34.212336
4.35	3	0.0271998393	0.602615036	0.308740174	0.545707639	-3.4533617	0.81751651	0.122916866	0.128939742	44.407107
4.36	3	0.0321712985	0.6023109	0.309102045	0.547341926	-3.34208668	0.831695798	0.122840813	0.125828786	35.699648
4.37	3	0.0360970825	0.601991731	0.309452638	0.548509306	-3.17641067	0.829763518	0.122812307	0.171821736	34.190871
4.38	3	0.0389916417	0.601658199	0.309751384	0.549181766	-2.95718718	0.800998738	0.122466487	0.103247249	35.535878
4.39	3	0.0408659092	0.60135863	0.309999885	0.549371892	-2.71604232	0.735044833	0.121999915	0.138948594	35.127146
4.4	3	0.0420609041	0.60113945	0.310207625	0.549128615	-2.49950734	0.622867216	0.121474662	0.100368302	34.952187
4.41	3	0.0434287244	0.601012759	0.310375746	0.548560428	-2.31597031	0.456270501	0.120944659	0.142577992	36.13166
4.42	3	0.0447667028	0.600899982	0.310433943	0.547769685	-2.12524235	0.239739615	0.120173609	0.12496008	33.918643
4.43	3	0.0453625248	0.600723656	0.310382132	0.546968185	-2.01987942	0.0605906447	0.11934733	0.180378546	33.877441
4.44	3	0.0449566016	0.600505248	0.310231505	0.546100488	-1.97703351	-0.0837818334	0.118579604	0.0894770853	34.241119
4.45	3	0.0439266845	0.600292957	0.310009367	0.545003695	-2.02797689	-0.206000874	0.117665715	0.145244987	35.017707
4.46	3	0.0429030249	0.600077576	0.309724437	0.543743385	-2.17908366	-0.319396186	0.116697494	0.136273404	36.207047
4.47	3	0.0406625048	0.599840786	0.309381522	0.54238753	-2.40447929	-0.433482303	0.115773897	0.13756359	36.159351
4.48	3	0.0384858965	0.599634267	0.309001293	0.540830184	-2.67700869	-0.587447564	0.114937412	0.141979894	47.911184
4.49	3	0.0357085393	0.599385436	0.308501645	0.539738588	-2.79149099	-0.558349821	0.114359032	0.0767725078	36.410643
4.5	3	0.0333164632	0.599160465	0.30784285	0.538660169	-2.77273724	-0.447706053	0.113975366	0.112705852	37.281653
4.51	3	0.0315031637	0.598956847	0.307071747	0.537898192	-2.72339303	-0.225734465	0.113677913	0.071873897	37.102351
4.52	3	0.0331294602	0.59892379	0.306199628	0.5374476	-2.62281427	0.0680088268	0.113974283	0.135320823	36.858764
4.53	3	0.0363010953	0.599106688	0.305191731	0.53723075	-2.39792046	0.361921208	0.114252229	0.0956853647	36.366305
4.54	3	0.0400467723	0.599484991	0.304048472	0.53728619	-2.09722506	0.632077089	0.114382476	0.0868347679	35.491389
4.55	3	0.0436415571	0.600056632	0.302842048	0.536919187	-1.83884273	0.983255086	0.114624695	0.114956776	34.861069
4.56	3	0.0473150493	0.600800057	0.301452013	0.537099317	-1.43592429	1.25736962	0.114221473	0.112092298	40.910524
4.57	3	0.0503906178	0.601674644	0.299911006	0.537763501	-0.96904362	1.47956297	0.113512891	0.0767755406	43.744256
4.58	3	0.0538966375	0.602679302	0.298220987	0.538646819	-0.45091169	1.67043723	0.112679548	0.147367195	35.249093
4.59	3	0.0569099998	0.603708808	0.296407471	0.53981009	-0.0412047992	1.79880217	0.111975264	0.152111516	34.828124
4.6	3	0.059741274	0.604849529	0.294528676	0.540827018	0.295064278	1.84020896	0.111323416	0.17555667	34.363812
4.61	3	0.0623065192	0.606145556	0.292655401	0.541618212	0.535321452	1.78245282	0.110717278	0.133719331	41.122482
4.62	3	0.0653711165	0.607588315	0.290840613	0.542143352	0.640496323	1.6457795	0.110618367	0.126151916	36.724473
4.63	3	0.0678981877	0.609138106	0.289070789	0.542360501	0.603135851	1.43907037	0.110684622	0.138002094	40.317545
4.64	3	0.0700687261	0.610793371	0.287332819	0.54225469	0.505102656	1.18929729	0.110535591	0.132045467	42.974445
4.65	3	0.0722262784	0.612556972	0.285639906	0.54188716	0.365685237	0.927385409	0.110556822	0.0964539953	36.423398
4.66	3	0.0730129584	0.614394505	0.283944522	0.541347825	0.263914557	0.69376189	0.110476398	0.161111692	37.330235
4.67	3	0.0724246472	0.61629085	0.282243529	0.540605472	0.16490561	0.472266375	0.110125117	0.102240285	36.985134
4.68	3	0.0702580479	0.618213455	0.280565187	0.539686311	-0.00205261917	0.261256849	0.109904429	0.151528246	41.229663
4.69	3	0.0663488256	0.620178027	0.278896132	0.538658757	-0.182817348	0.0503520224	0.109470367	0.10348149	44.765278
4.7	3	0.061537167	0.622213001	0.277243851	0.537559792	-0.35863323	-0.14476943	0.109060654	0.153788279	44.72064
4.71	3	0.0559865004	0.624297507	0.275599409	0.536361001	-0.517157493	-0.291654764	0.108857333	0.0991179792	36.843154
4.72	3	0.0491670958	0.626452634	0.273976491	0.53494289	-0.663039913	-0.418993702	0.108608681	0.144204385	37.034468
4.73	3	0.0427063127	0.628705887	0.272392752	0.53325305	-0.787244923	-0.523538204	0.108486002	0.130634833	37.112576
4.74	3	0.0359626461	0.631057208	0.270824819	0.531245524	-0.845778537	-0.612057894	0.108178219	0.121480647	38.918584
4.75	3	0.0302297886	0.63326422	0.269442291	0.529800085	-1.03730946	-0.428545225	0.108201126	0.134205025	40.581346
4.76	3	0.0266882957	0.635278628	0.268199588	0.529224131	-1.2550319	-0.219599572	0.108526841	0.107619718	38.146614
4.77	3	0.0250223697	0.637184815	0.267057311	0.529614793	-1.35323319	0.0224552825	0.108894658	0.0969637329	37.421327
4.78	3	0.0257837759	0.63895461	0.265960222	0.530510097	-1.34622763	0.338291993	0.109356364	0.155719215	36.854028
4.79	3	0.0284890726	0.640484413	0.264984241	0.53241014	-1.38711671	0.613602826	0.109867692	0.0962537049	36.114226
4.8	3	0.0319899311	0.641805323	0.264126657	0.535295574	-1.4381545	0.838426321	0.110459333	0.102931585	35.559636
4.81	3	0.035950288	0.64299915	0.263408927	0.538848853	-1.48605865	1.02167569	0.11124219	0.0994933425	42.528541
4.82	3	0.0398862059	0.644132955	0.262814091	0.542794279	-1.55413683	1.17649887	0.112116041	0.0909994247	35.048489
4.83	3	0.0431610105	0.645134364	0.262276383	0.54696304	-1.59924944	1.32711774	0.112762299	0.119765783	41.732715
4.84	3	0.0454934479	0.646066255	0.261776987	0.551063166	-1.59774987	1.48474493	0.11319515	0.10515936	35.024223
4.85	3	0.0471386378	0.646977963	0.26130895	0.554844802	-1.56592018	1.65210686	0.113521663	0.106539251	36.055278
4.86	3	0.0479022819	0.647919722	0.260808214	0.557979183	-1.43368538	1.72745002	0.113482218	0.133836719	35.49592
4.87	3	0.048248596	0.648834601	0.260312714	0.560877953	-1.33761601	1.8417935	0.113394657	0.103510312	35.518408
4.88	3	0.0484416336	0.649824314	0.259851705	0.563269556	-1.24322251	1.9389965	0.113145914	0.157692648	35.47839
4.89	3	0.0480950886	0.650866035	0.259409487	0.564981978	-1.16756391	2.01754649	0.112845706	0.106732652	35.450772
4.9	3	0.0487213288	0.651912521	0.258995353	0.566115968	-1.12901913	2.0910373	0.112613818	0.115135538	36.490199
4.91	3	0.04867017	0.653014256	0.258624448	0.566568256	-1.09439916	2.11177941	0.112235359	0.124704543	35.218552
4.92	3	0.0483856554	0.654167369	0.258308616	0.566285991	-1.07360638	2.09385897	0.112068215	0.123618742	34.377503
4.93	3	0.049573922	0.655342799	0.257991092	0.565382846	-1.02944794	2.01959976	0.111825569	0.149609137	34.686884
4.94	3	0.0519569304	0.656552406	0.257713003	0.563767297	-1.00835737	1.95322664	0.11215195	0.153462757	43.817013
4.95	3	0.0543509683	0.657765226	0.257432125	0.5614394	-0.977252531	1.87008584	0.11254435	0.152648511	34.615649
4.96	3	0.0578762143	0.659009241	0.257161172	0.558437679	-0.952391849	1.76838595	0.113256174	0.0879719923	35.627115
4.97	3	0.0608200922	0.660233364	0.256883812	0.554971928	-0.966143357	1.68853675	0.114096169	0.128976639	35.93798
4.98	3	0.0639034188	0.661328749	0.25657785	0.551263484	-1.07323673	1.69868186	0.11496502	0.186799972	35.686089
4.99	3	0.0658782387	0.662356197	0.256194351	0.546909461	-1.18745973	1.70272969	0.115816109	0.156208776	41.478956
5	3	0.066231111	0.663313903	0.255788506	0.542496072	-1.36535827	1.85426569	0.116889551	0.13392822	36.882327
5.01	3	0.0651083594	0.664064727	0.255315388	0.539267026	-1.49719331	2.15598413	0.117832087	0.0881736286	39.459296
5.02	3	0.0628118605	0.664760341	0.2548207	0.536874145	-1.61771661	2.50716176	0.11887802	0.075916697	37.692821
5.03	3	0.0594132396	0.665447621	0.254301341	0.53508315	-1.69739871	2.79174222	0.119525763	0.113808067	37.338692
5.04	3	0.0544918687	0.666160011	0.253857345	0.533432941	-1.84292124	3.09522268	0.120256315	0.0576951193	35.470706
5.05	3	0.0481878948	0.666903877	0.253351365	0.532285111	-1.86930592	3.28028509	0.120631918	0.102728938	35.154122
5.06	3	0.0408217426	0.667674257	0.252757371	0.531709375	-1.80675183	3.36656267	0.12080339	0.129472859	35.587252
5.07	3	0.0326982099	0.668475851	0.252077364	0.531504342	-1.69629748	3.37738184	0.121118748	0.0926135649	37.019314
5.08	3	0.0242855096	0.669318224	0.251310106	0.53175387	-1.53411591	3.32499577	0.121256187	0.0871471689	37.382151
5.09	3	0.015770776	0.670103931	0.250400094	0.532439982	-1.32266906	3.2138958	0.120837039	0.100879923	37.564147
5.1	3	0.00761732102	0.67092389	0.24934837	0.533116938	-1.04936256	3.11404748	0.120317681	0.0902856166	37.00303
5.11	3	0.00267699115	0.671762204	0.248210092	0.534150656	-0.814417724	2.93097324	0.119790771	0.0928165991	37.868929
5.12	3	0.00875604472	0.672623268	0.247034392	0.535358432	-0.579656931	2.68999747	0.119391816	0.16134455	39.990809
5.13	3	0.0156756391	0.673554345	0.245864713	0.536503739	-0.353947897	2.39387525	0.118796134	0.130724197	35.722558
5.14	3	0.0220406084	0.674537645	0.244678786	0.537639433	-0.105390009	2.06279654	0.117772995	0.109618403	35.26871
5.15	3	0.0282293564	0.675698126	0.243543478	0.538595375	0.112431215	1.66743941	0.116738703	0.174439739	35.539655
5.16	3	0.0344280354	0.676916413	0.242396892	0.539453845	0.309483785	1.25832805	0.115446912	0.126312156	35.324286
5.17	3	0.0398537139	0.678230739	0.241241848	0.540238534	0.472216246	0.846420494	0.113896728	0.131345275	35.915211
5.18	3	0.0446776261	0.679652348	0.240120811	0.540876089	0.561490846	0.473712798	0.112820266	0.114444498	36.682397
5.19	3	0.0493994626	0.681187632	0.239004573	0.541285731	0.617159056	0.127314444	0.111761711	0.0761874522	37.163318
5.2	3	0.0530927322	0.682758395	0.237879445	0.541577893	0.638141836	-0.151056273	0.110870676	0.12100871	37.36534
5.21	3	0.0547461245	0.68433662	0.236725275	0.541923111	0.64858162	-0.347887819	0.110051393	0.145299031	45.84685
5.22	3	0.0542803247	0.685876821	0.235656829	0.541780083	0.485373701	-0.635676531	0.109231543	0.111168277	37.217719
5.23	3	0.0529246299	0.687356135	0.234559925	0.541964082	0.337949634	-0.803571117	0.108718728	0.120563684	37.673562
5.24	3	0.050686024	0.688814716	0.23343613	0.542336442	0.247616186	-0.870041637	0.108335865	0.0771021983	36.919481
5.25	3	0.0475691935	0.690089821	0.232351258	0.543229467	0.0907003673	-0.686605843	0.108174754	0.0962442912	46.780175
5.26	3	0.0451605035	0.691358764	0.231396737	0.544055121	-0.131796044	-0.402543098	0.108830443	0.115154072	44.840897
5.27	3	0.0430376889	0.692542016	0.230530439	0.544749642	-0.394764641	-0.0528548948	0.10981153	0.112912055	40.19573
5.28	3	0.0415423771	0.693585628	0.229697683	0.545345453	-0.596960399	0.335207445	0.111095389	0.116844763	41.742273
5.29	3	0.0408196182	0.694523412	0.228914913	0.545766376	-0.790520083	0.702276421	0.112425081	0.0741067638	45.323623
5.3	3	0.0425187414	0.695306438	0.228169885	0.546178775	-0.989708267	1.04451502	0.113950138	0.130233356	41.086375
5.31	3	0.0452955427	0.695974185	0.227459187	0.546586029	-1.13176579	1.36570154	0.115445869	0.0904268631	40.36893
5.32	3	0.048134418	0.696653952	0.226790537	0.546835211	-1.24003416	1.63199153	0.116796886	0.0846900793	39.47814
5.33	3	0.0495613498	0.697360253	0.226136351	0.546996408	-1.30178117	1.82808557	0.117711853	0.0736274619	39.642262
5.34	3	0.0497240914	0.698170134	0.225466533	0.546569467	-1.29579829	2.00322787	0.118389614	0.0837911405	37.377544
5.35	3	0.0493074406	0.699012356	0.224854046	0.545775913	-1.35790872	2.06878542	0.118882863	0.146185038	42.803282
5.36	3	0.04822795	0.699912319	0.224280677	0.544462499	-1.43405907	2.03071284	0.119242621	0.14010691	34.181038
5.37	3	0.0462451417	0.700868103	0.223684609	0.542592178	-1.46726881	1.88738707	0.119466967	0.145099706	34.054918
5.38	3	0.0433725525	0.701927497	0.223017277	0.540115035	-1.39492174	1.62950289	0.119373673	0.166138856	35.522406
5.39	3	0.0405041036	0.702931554	0.222330542	0.537665127	-1.29222587	1.4223767	0.119154946	0.113267704	34.457892
5.4	3	0.0369081062	0.703837454	0.221571212	0.535230032	-1.16733676	1.23698057	0.118478085	0.12727214	37.557717
5.41	3	0.0334728923	0.704624951	0.220753119	0.532910463	-1.06555532	1.10084808	0.11748951	0.163035659	34.094623
5.42	3	0.0307445615	0.705414004	0.219899454	0.530660065	-0.943736	0.954010142	0.116373299	0.173240657	34.601284
5.43	3	0.028649467	0.706158537	0.219002455	0.528574799	-0.822758134	0.822616492	0.115320522	0.0884472181	33.975866
5.44	3	0.025930813	0.706890285	0.218062362	0.526686473	-0.680034136	0.691088713	0.11427035	0.0984342784	34.361829
5.45	3	0.0210939485	0.707595825	0.217174973	0.524643073	-0.628819301	0.697438705	0.113531944	0.143387404	40.910552
5.46	3	0.0146961013	0.708200511	0.216195569	0.523020274	-0.521448772	0.721349631	0.112553108	0.110975372	34.359489
5.47	3	0.00805607181	0.708725097	0.215145176	0.521958049	-0.428462373	0.759972743	0.111431694	0.146347185	41.884857
5.48	3	0.00555940654	0.709213337	0.213973497	0.520499174	-0.23301435	0.700829131	0.109927772	0.166418362	38.442574
5.49	3	0.0103960006	0.709640523	0.212781461	0.519260922	-0.185562377	0.687984	0.108595054	0.0959811767	38.401121
5.5	3	0.0149297763	0.709924179	0.211507084	0.518608796	-0.160482011	0.903047307	0.107548994	0.143292138	39.191418
5.51	3	0.0192320381	0.71004419	0.21024479	0.518473161	-0.222880371	1.18593216	0.106646849	0.113724824	39.19401
5.52	3	0.0221476459	0.710092192	0.20901025	0.518709551	-0.361383747	1.49672127	0.105783468	0.0793490831	38.18702
5.53	3	0.0258444678	0.710098312	0.207825662	0.519276283	-0.522020815	1.80381169	0.105236998	0.104560784	38.495734
5.54	3	0.0292517404	0.710067215	0.206709458	0.52017535	-0.699805844	2.07249494	0.10475007	0.0934015535	32.620287
5.55	3	0.0326411158	0.710014415	0.2056765	0.521307413	-0.85301451	2.30440847	0.10457984	0.062102647	35.007644
5.56	3	0.0353702906	0.70988551	0.204836232	0.522280606	-1.13787164	2.60115305	0.104758141	0.105628364	33.674974
5.57	3	0.0370300795	0.70967723	0.204105561	0.523553024	-1.32049934	2.81909767	0.104808215	0.118855263	36.472403
5.58	3	0.037675021	0.70943891	0.203492373	0.524952787	-1.44659467	2.91714085	0.1050448	0.111684177	35.497314
5.59	3	0.0370493969	0.709187372	0.202836351	0.526350165	-1.40698582	3.02598787	0.105300877	0.0858367677	40.236016
5.6	3	0.0349723784	0.708935783	0.202196883	0.527828967	-1.31392067	3.06331191	0.105424455	0.15503806	43.873178
5.61	3	0.0315763052	0.708743681	0.201580012	0.529070446	-1.19611588	3.05474904	0.1055867	0.10408705	45.19373
5.62	3	0.0270989404	0.708604035	0.201004888	0.530133815	-1.07343963	3.01626425	0.105872017	0.140052899	41.687712
5.63	3	0.0230679385	0.708562863	0.200452114	0.531096852	-0.943333343	2.94424333	0.106367667	0.130505125	33.835311
5.64	3	0.0190716244	0.708601757	0.199942981	0.531917483	-0.854154424	2.86439183	0.106966897	0.167206266	38.446431
5.65	3	0.0152307358	0.708704185	0.199455559	0.532601358	-0.822410935	2.79749454	0.107552719	0.108653896	44.395377
5.66	3	0.0120904067	0.708839468	0.198950044	0.533136632	-0.824001059	2.7636013	0.108016402	0.0977971591	34.928182
5.67	3	0.0102166409	0.709061902	0.19841299	0.533581323	-0.833051159	2.75538401	0.108428891	0.0804381838	35.632329
5.68	3	0.0102882613	0.709338332	0.197866961	0.534011193	-0.886677935	2.75108654	0.108886891	0.144096156	36.322663
5.69	3	0.0122157351	0.709664674	0.197331118	0.534345293	-0.98329539	2.73355755	0.109378599	0.119188564	36.327225
5.7	3	0.013501849	0.710077902	0.196803771	0.534643303	-1.05201332	2.68672368	0.109819368	0.130687725	37.739085
5.71	3	0.0138265751	0.710536531	0.196278381	0.534834814	-1.0890844	2.5952057	0.10993297	0.154205237	44.986007
5.72	3	0.0145364438	0.711000849	0.195765112	0.534900289	-1.14395803	2.46230917	0.109713171	0.0996050491	38.319669
5.73	3	0.0167905551	0.711485165	0.195256896	0.534704171	-1.21605319	2.32529398	0.10933169	0.135041684	37.163586
5.74	3	0.0192174826	0.711994404	0.194707262	0.534433096	-1.20681322	2.12599186	0.108764259	0.127737588	36.88107
5.75	3	0.0218198293	0.712424233	0.194292615	0.534636935	-1.38010459	2.04076442	0.108507507	0.108322292	37.333952
5.76	3	0.0237784235	0.712832858	0.193977682	0.53486339	-1.62634731	2.06919768	0.108492707	0.0982235513	36.92345
5.77	3	0.0245071169	0.713188934	0.193867414	0.535423884	-2.00461711	2.03001394	0.108646546	0.117062675	35.983518
5.78	3	0.0237996183	0.713564057	0.193935092	0.53628651	-2.31724317	1.97554135	0.108665504	0.118063291	36.023602
5.79	3	0.0219055988	0.713937432	0.194150608	0.537392503	-2.5486795	1.89843101	0.108527442	0.06601717	34.880425
5.8	3	0.0195110371	0.7143433	0.194485114	0.538635603	-2.67252483	1.78980346	0.108045171	0.0786798443	35.535654
5.81	3	0.0164340739	0.714749097	0.194932704	0.539735144	-2.72134173	1.62436465	0.107390525	0.135434397	35.363169
5.82	3	0.0127757663	0.715175628	0.195465464	0.540852803	-2.66236883	1.47667964	0.106847128	0.0949674075	35.652467
5.83	3	0.00852968921	0.715632218	0.196144445	0.54166349	-2.60939186	1.37920757	0.106608743	0.0591923986	35.938165
5.84	3	0.00690550337	0.716095249	0.196870523	0.542521564	-2.46866143	1.27133383	0.106211419	0.0755980457	35.202433
5.85	3	0.00978798783	0.716596885	0.197647204	0.543237209	-2.30498	1.12982722	0.10567059	0.0970607975	34.624227
5.86	3	0.0136813323	0.717138385	0.198465071	0.543752103	-2.12837033	0.942665397	0.105140444	0.126800683	34.336834
5.87	3	0.0176317133	0.717679022	0.199306542	0.544046229	-1.93710554	0.738520131	0.104747781	0.122873377	35.043472
5.88	3	0.0210725606	0.718203383	0.200137754	0.544220199	-1.71710586	0.547354598	0.104514971	0.115004114	35.172132
5.89	3	0.0245270792	0.718666774	0.200938762	0.544320222	-1.50958206	0.384604412	0.104370033	0.145214872	39.06772
5.9	3	0.0278477744	0.719059072	0.201692364	0.544471375	-1.31479531	0.249833497	0.104255897	0.117773643	36.244077
5.91	3	0.029957639	0.719353945	0.202349409	0.544826765	-1.16985855	0.175425396	0.104334613	0.136208648	35.18907
5.92	3	0.0312334087	0.719635696	0.202869206	0.544859287	-0.943446542	0.0261594425	0.104374624	0.142678091	36.025465
5.93	3	0.031715065	0.719873692	0.203303199	0.545230111	-0.756940369	-0.097462888	0.104470567	0.0950202488	41.576966
5.94	3	0.0314894828	0.720079167	0.203672026	0.545956546	-0.627392492	-0.179051129	0.104547197	0.127494879	35.004243
5.95	3	0.0307338324	0.720300078	0.203988174	0.546860226	-0.546647105	-0.248573791	0.104732978	0.0715801375	36.831567
5.96	3	0.0285792191	0.720568013	0.204254802	0.547761724	-0.487379862	-0.296953469	0.104842288	0.139321297	36.222918
5.97	3	0.0254667375	0.720850595	0.204478444	0.548547566	-0.441914228	-0.33860349	0.105161346	0.178366002	36.475787
5.98	3	0.0211756477	0.721127327	0.204654754	0.549165812	-0.446851433	-0.345263283	0.106035292	0.177425468	37.081269
5.99	3	0.0154550121	0.721325235	0.204750267	0.549725048	-0.501528266	-0.291643474	0.106750041	0.136345492	35.749692
6	3	0.00945988424	0.721491642	0.204676489	0.550539348	-0.43152604	-0.0593906055	0.10760037	0.110328401	34.660194
6.01	3	0.00849355918	0.721738335	0.20448759	0.551351562	-0.299092654	0.256541559	0.108484116	0.0942559061	35.675996
6.02	3	0.0159055849	0.722094755	0.204173451	0.551894034	-0.0429672331	0.614090645	0.109379727	0.11637989	36.131062
6.03	3	0.0257826847	0.722525338	0.203778479	0.552440685	0.103043436	0.9333704	0.110299639	0.096957751	37.035826
6.04	3	0.0361534043	0.723030098	0.203303883	0.55308478	0.257222027	1.19414614	0.110971025	0.11417357	36.662153
6.05	3	0.0459578279	0.72359113	0.202756845	0.553759599	0.396725028	1.37268802	0.111434474	0.0652787258	40.419315
6.06	3	0.0545120906	0.724180233	0.202102643	0.554441492	0.560442255	1.4722517	0.111426535	0.0744424546	38.047231
6.07	3	0.0617569243	0.72477497	0.201383137	0.554768	0.68350151	1.56834316	0.111097082	0.0929160407	37.462591
6.08	3	0.0668801887	0.725362681	0.20055507	0.555278109	0.851319656	1.58530397	0.110261093	0.0940614025	36.462331
6.09	3	0.0702451627	0.725983559	0.199679525	0.555842238	1.00206037	1.53107062	0.109252268	0.107525799	36.4947
6.1	3	0.0725062382	0.726638692	0.198788502	0.556387519	1.16040126	1.46515669	0.108328428	0.10704604	38.567609
6.11	3	0.0744520934	0.727315909	0.197875678	0.556886407	1.36033613	1.38503037	0.107450494	0.0831043439	39.788313
6.12	3	0.0756499106	0.727981351	0.196941404	0.55723389	1.55244735	1.33292839	0.106524608	0.149143657	37.034729
6.13	3	0.0751502935	0.728607302	0.19603832	0.557264068	1.66655116	1.26536273	0.105790616	0.122379242	37.984393
6.14	3	0.073230165	0.729207341	0.195204768	0.556886581	1.71522834	1.15582098	0.105323585	0.158713692	36.712488
6.15	3	0.0694038314	0.729781619	0.194390604	0.556235094	1.74933617	1.04428566	0.104695008	0.15983173	37.486117
6.16	3	0.0646455623	0.730427248	0.193650273	0.555208514	1.76201679	0.912532755	0.104186255	0.119703647	37.900629
6.17	3	0.0594437106	0.731112927	0.19297487	0.553859802	1.76308819	0.798166274	0.104019004	0.0777977804	38.963867
6.18	3	0.0536426173	0.73180593	0.192372719	0.552195491	1.72074802	0.672090185	0.104104637	0.0878111165	38.259057
6.19	3	0.0483322559	0.73243292	0.191819506	0.550299055	1.62811251	0.529721868	0.104250449	0.168537724	39.127837
6.2	3	0.0428656518	0.732973891	0.191310241	0.548219619	1.4455408	0.387777216	0.104394128	0.123015903	47.75073
6.21	3	0.0360842692	0.733425666	0.190837734	0.545781808	1.17721059	0.28067263	0.104594655	0.159353674	46.110105
6.22	3	0.0287164826	0.733810126	0.190434662	0.543061939	0.914140368	0.173109223	0.104633224	0.10436422	44.636208
6.23	3	0.0233289156	0.73421348	0.190110236	0.54002924	0.689288631	0.0501421028	0.104606833	0.147049587	40.043266
6.24	3	0.021924337	0.734624101	0.189860011	0.536758361	0.476696969	-0.079150556	0.104726842	0.12817537	36.998679
6.25	3	0.0248602455	0.735044744	0.189664244	0.533269475	0.309614644	-0.190514208	0.105133586	0.0827533901	43.369937
6.26	3	0.0297325008	0.735335676	0.189508116	0.530594104	0.177993916	-0.203102348	0.105573286	0.097311738	40.970919
6.27	3	0.0348815189	0.735500038	0.189419529	0.5282989	-0.0198076999	-0.215460423	0.106008944	0.067574562	37.293749
6.28	3	0.0397317179	0.735541587	0.189384175	0.526610594	-0.177385053	-0.158539798	0.106418657	0.105012704	44.05027
6.29	3	0.0450045286	0.735663497	0.18937712	0.525051628	-0.227637955	0.00493258322	0.107051825	0.141665416	36.9693
6.3	3	0.0497515081	0.735863115	0.189448342	0.524026445	-0.298908714	0.16940662	0.107654814	0.0852117594	36.35724
6.31	3	0.0527688943	0.736157078	0.189589548	0.523380972	-0.374563743	0.317756222	0.108161462	0.0730650438	37.067678
6.32	3	0.0543568816	0.736498543	0.189776388	0.523052315	-0.44608564	0.447399296	0.10842698	0.105958383	41.393628
6.33	3	0.0554745258	0.736802564	0.190032236	0.523074402	-0.550302492	0.563635199	0.108766586	0.0993937211	37.106562
6.34	3	0.0566654428	0.737004217	0.190333855	0.523508842	-0.7083588	0.740814697	0.109206486	0.117933497	40.884216
6.35	3	0.0581291208	0.737167908	0.190761741	0.52400237	-0.910731047	0.950363839	0.11027348	0.122893121	38.866142
6.36	3	0.0591052019	0.737320148	0.191260135	0.524155169	-1.13012309	1.05742604	0.111640105	0.130086085	37.848075
6.37	3	0.059116002	0.737367703	0.191910988	0.524114766	-1.40111758	1.22357852	0.113020011	0.138837357	45.534146
6.38	3	0.0589299225	0.737358284	0.192641992	0.524200161	-1.61514645	1.29362991	0.114198409	0.135131898	43.249443
6.39	3	0.0590176511	0.737372055	0.193425718	0.524198603	-1.76071966	1.2885219	0.115497215	0.161583554	34.930172
6.4	3	0.0580254931	0.737408828	0.194218436	0.524005464	-1.86951025	1.25929552	0.116874947	0.175125159	35.515836
6.41	3	0.0561525452	0.737455574	0.194985537	0.523472964	-1.90495991	1.20721078	0.118192119	0.113516984	35.784296
6.42	3	0.0527807095	0.73745758	0.195690551	0.522662457	-1.91798405	1.15696794	0.119038908	0.111531348	35.113874
6.43	3	0.048638195	0.737437114	0.196357856	0.521497354	-1.91117966	1.0931549	0.119780252	0.0986416361	35.465604
6.44	3	0.0446154693	0.737390554	0.196973845	0.520113229	-1.90777536	1.02292845	0.120360573	0.113138777	36.236258
6.45	3	0.0411219023	0.73725346	0.197497912	0.518603538	-1.87574306	0.966067229	0.120684719	0.106896135	35.606592
6.46	3	0.0380191338	0.736963042	0.197981401	0.517345611	-1.90823824	0.883983891	0.120742317	0.114860254	36.607463
6.47	3	0.0358241998	0.736490905	0.198467324	0.516515196	-2.04653526	0.776542237	0.120587452	0.126506316	36.65011
6.48	3	0.0349840658	0.735731727	0.198874594	0.516737106	-2.13439006	0.808526989	0.120327891	0.176236671	37.128094
6.49	3	0.0346960895	0.734780595	0.199206822	0.5175315	-2.17684184	0.869154889	0.120221833	0.0705248626	35.973893
6.5	3	0.0347653758	0.733640276	0.199589388	0.518756824	-2.33922168	1.03270897	0.120544573	0.120542973	36.107952
6.51	3	0.0341505922	0.732376437	0.199956219	0.520643339	-2.44237917	1.13359136	0.120971865	0.110553501	35.864241
6.52	3	0.0335315978	0.731005564	0.200252246	0.523117186	-2.49559866	1.20829508	0.121248499	0.0773516715	36.235263
6.53	3	0.0318863924	0.729683135	0.200459424	0.525487913	-2.44605923	1.29915809	0.121621852	0.136930114	35.907063
6.54	3	0.0298424788	0.728250562	0.200615483	0.528310438	-2.36620768	1.37904371	0.12200257	0.129363616	35.306389
6.55	3	0.0271233867	0.726789675	0.200660052	0.531415293	-2.14194672	1.41945796	0.12205097	0.152979156	36.573953
6.56	3	0.0236899011	0.725291604	0.200564317	0.534801822	-1.76467465	1.4441373	0.121665033	0.0875756396	44.087559
6.57	3	0.020109987	0.72380667	0.200416381	0.537782482	-1.37337118	1.35663677	0.121001789	0.0966266776	40.432288
6.58	3	0.0169476943	0.722444007	0.200162743	0.54075754	-0.860413171	1.31243417	0.120341586	0.113280095	40.861987
6.59	3	0.0159291946	0.721274008	0.199806771	0.543610329	-0.256479396	1.28706129	0.119609854	0.0845059529	33.884724
6.6	3	0.0187550659	0.720307787	0.199405258	0.546181707	0.35130514	1.27328039	0.118927401	0.115008393	40.109479
6.61	3	0.0214191457	0.719485512	0.198946558	0.548573831	0.923423336	1.22291495	0.117589689	0.19316527	40.882318
6.62	3	0.0234726122	0.718783343	0.198449446	0.550672798	1.43932205	1.14312571	0.115766889	0.11327412	33.101779
6.63	3	0.0251062744	0.718254877	0.197979642	0.552366981	1.83022742	1.02207245	0.113845873	0.118487555	33.564426
6.64	3	0.0265634036	0.717890795	0.197552698	0.553805381	2.11897149	0.879318117	0.11198733	0.127919385	35.136979
6.65	3	0.0276056754	0.717732825	0.197207008	0.554952153	2.26105378	0.693371555	0.110351359	0.11716156	35.058444
6.66	3	0.028123228	0.717787038	0.196930987	0.555770572	2.32741226	0.486540489	0.10889766	0.0883471246	36.078126
6.67	3	0.0287549573	0.718034864	0.19672417	0.556321268	2.32422887	0.248259161	0.107644726	0.133806678	38.851365
6.68	3	0.0298871414	0.718406427	0.196561551	0.556679983	2.2545273	0.024410803	0.106864921	0.0910583349	38.784278
6.69	3	0.0306513998	0.718872403	0.196408345	0.55696593	2.14481263	-0.146463823	0.106343583	0.104079498	41.543253
6.7	3	0.0305596545	0.719419714	0.196222746	0.557283966	2.02633163	-0.24157722	0.105624958	0.118934048	42.466934
6.71	3	0.0300529484	0.720038956	0.196035456	0.557667523	1.89294655	-0.25535392	0.105164466	0.160955055	33.603323
6.72	3	0.0295136363	0.720744518	0.195858776	0.55805167	1.72564011	-0.194729646	0.105175138	0.0821665187	35.630006
6.73	3	0.0293964263	0.7214996	0.195740284	0.55770607	1.42072244	-0.197558435	0.105227556	0.18409483	41.50587
6.74	3	0.0296813937	0.722334652	0.19558019	0.557219089	1.2196833	-0.075589951	0.105168038	0.145263678	34.53773
6.75	3	0.0299172877	0.723131022	0.195321249	0.556690831	1.11904162	0.104439464	0.104916128	0.124074046	34.892776
6.76	3	0.0300785364	0.723924421	0.194976848	0.556079056	1.08060658	0.346325843	0.104397457	0.106766483	35.023651
6.77	3	0.0306160765	0.724725638	0.19457565	0.555176913	1.01290679	0.620065778	0.104212761	0.112429315	34.826105
6.78	3	0.0303365192	0.725512668	0.194140295	0.554090943	0.877560667	0.904901847	0.104219148	0.114732686	34.79049
6.79	3	0.0298418068	0.726259004	0.193706655	0.552914031	0.734397227	1.16598999	0.104234866	0.106897802	43.465862
6.8	3	0.0294863088	0.727004103	0.193257508	0.551788483	0.604481698	1.38548845	0.10440734	0.111030083	42.235952
6.81	3	0.0299000991	0.727708355	0.192789205	0.550814798	0.50278804	1.56505174	0.104581034	0.0793592133	33.757846
6.82	3	0.0312645374	0.728360137	0.192349378	0.549992434	0.298393071	1.71334966	0.105121155	0.109348615	34.358485
6.83	3	0.0336437317	0.729042008	0.191898907	0.548900604	0.145739442	1.86854352	0.106125253	0.0774565298	34.475377
6.84	3	0.0362953267	0.729631085	0.191503413	0.547973805	-0.0971241502	1.90498073	0.107391491	0.0812878075	33.92431
6.85	3	0.0383453571	0.730142793	0.191251664	0.54694064	-0.430720904	1.95207875	0.108760095	0.161176109	34.435255
6.86	3	0.0403948393	0.730597467	0.19103432	0.546049353	-0.729123065	1.93723726	0.109937439	0.142962345	42.266191
6.87	3	0.0423983442	0.730993085	0.190815295	0.545065982	-1.0111492	1.90016001	0.111132867	0.189559019	34.052951
6.88	3	0.0444601761	0.731238716	0.19060569	0.544147721	-1.28303187	1.89864965	0.112529918	0.138778219	34.416638
6.89	3	0.0458624854	0.731355933	0.190354441	0.543350284	-1.52144178	1.92800327	0.113684183	0.140939408	35.492403
6.9	3	0.046343577	0.731385667	0.190102725	0.542663541	-1.71866771	1.9898341	0.114478216	0.11613537	35.854949
6.91	3	0.0462863499	0.731419664	0.189895772	0.542040903	-1.86850233	2.04896336	0.115138629	0.106360583	42.832037
6.92	3	0.0451783664	0.731398831	0.189702597	0.541560683	-2.0171541	2.12537681	0.115571172	0.110100789	40.920897
6.93	3	0.0428453023	0.731442041	0.189494547	0.540544974	-2.02466804	2.07927207	0.115509363	0.128808668	39.743407
6.94	3	0.0402541869	0.731472931	0.189311678	0.539846207	-2.05819155	2.07690568	0.115391514	0.0919878248	33.773543
6.95	3	0.0358557996	0.731505134	0.189157062	0.539316817	-2.08688831	2.0966681	0.115096601	0.135757389	33.393871
6.96	3	0.0306542374	0.731569937	0.189063542	0.538900672	-2.1546711	2.14101735	0.114845668	0.109268853	34.680637
6.97	3	0.0255736896	0.731715205	0.189032824	0.538378759	-2.2043263	2.16862993	0.114610971	0.133943989	35.741557
6.98	3	0.0211406098	0.731920516	0.189056562	0.53773202	-2.25355806	2.20933842	0.114814387	0.141423495	34.407568
6.99	3	0.0172414287	0.732124989	0.189104322	0.537068524	-2.31117031	2.278126	0.115402949	0.0943424783	34.303694
7	3	0.0134746921	0.732307184	0.189237749	0.536551039	-2.40835985	2.26375169	0.115974171	0.133042313	35.580506
7.01	3	0.00988333111	0.732481723	0.189511123	0.535672288	-2.63634226	2.24786288	0.116635154	0.106316056	36.34485
7.02	3	0.00774098442	0.732644938	0.189753386	0.535212804	-2.61868656	2.25696407	0.117228454	0.11662239	42.745694
7.03	3	0.00774975431	0.732798657	0.189915447	0.535061333	-2.47356341	2.27639849	0.117721049	0.101917386	35.83033
7.04	3	0.00739578136	0.733111672	0.190035105	0.534935748	-2.21642176	2.23827716	0.118154608	0.136806112	33.990206
7.05	3	0.00683589628	0.733605849	0.190108948	0.534862887	-1.89986335	2.14464099	0.118380278	0.10804133	33.717256
7.06	3	0.00708066276	0.734266069	0.190143319	0.534837882	-1.57886912	2.03153952	0.118575217	0.0750857064	34.220002
7.07	3	0.00852916687	0.735084601	0.190110799	0.534881108	-1.24408437	1.9081333	0.118540054	0.0891999112	33.729806
7.08	3	0.0100688392	0.735968819	0.189940345	0.535137293	-0.845445824	1.80049521	0.118051257	0.116081233	34.647743
7.09	3	0.0112971221	0.736867442	0.189529026	0.535305052	-0.295658711	1.72187456	0.116944778	0.083781026	36.499581
7.1	3	0.0123107652	0.737775455	0.188874913	0.535745663	0.23468752	1.65879968	0.115358122	0.162570895	34.666347
7.11	3	0.0138672282	0.738699719	0.188008745	0.536362634	0.747151614	1.63014104	0.113681069	0.0899328401	34.285988
7.12	3	0.0146406483	0.739584116	0.186993688	0.537077257	1.19077334	1.62890948	0.112052218	0.131453009	35.774724
7.13	3	0.0144030906	0.740488619	0.185963364	0.537298123	1.45268592	1.48103883	0.110292108	0.145651261	35.313684
7.14	3	0.0134714521	0.741376947	0.184837933	0.537634433	1.67255045	1.39787408	0.108739123	0.0948120418	35.655081
7.15	3	0.0119519474	0.742179674	0.183640141	0.537879333	1.83394787	1.39157712	0.107219831	0.176524014	35.420343
7.16	3	0.0105269589	0.7430081	0.182457001	0.538035485	1.87175569	1.38372858	0.105871524	0.173968817	37.467828
7.17	3	0.00918125132	0.743860471	0.181311764	0.538130831	1.77958034	1.3686897	0.104587247	0.0694017908	39.661504
7.18	3	0.00785682493	0.744723181	0.180231483	0.538320651	1.52063297	1.32533637	0.103782589	0.165670138	40.729765
7.19	3	0.00623907244	0.745529017	0.179213803	0.538651264	1.12961668	1.2426424	0.103365176	0.135742188	35.171514
7.2	3	0.0055706265	0.746423555	0.178208213	0.538423493	0.749908379	1.22443749	0.103284701	0.147530504	35.206057
7.21	3	0.00612378813	0.747342865	0.177301186	0.538177908	0.241897425	1.14437884	0.103400243	0.103937386	35.685456
7.22	3	0.00779457151	0.748187887	0.176410933	0.538188792	-0.25177578	1.02388568	0.103741763	0.17122466	35.395661
7.23	3	0.0102037651	0.748906855	0.175470566	0.538528384	-0.688044987	0.867953179	0.104106055	0.185851392	35.177573
7.24	3	0.0137390792	0.749522646	0.174486688	0.538968153	-1.04608114	0.684755529	0.104664074	0.0639303059	35.593049
7.25	3	0.0192736884	0.750043593	0.173486984	0.539334492	-1.34231573	0.462930631	0.105147004	0.130906498	35.915431
7.26	3	0.025116091	0.750502996	0.172452409	0.539446648	-1.55319827	0.257345495	0.105692636	0.117396304	35.608933
7.27	3	0.0294296151	0.750731621	0.171445891	0.539783884	-1.75046072	0.209887346	0.106206432	0.0955264232	36.640752
7.28	3	0.0329925991	0.750758391	0.170452744	0.540126881	-2.01305913	0.220425015	0.106875669	0.129395582	40.56212
7.29	3	0.0366350923	0.750602246	0.169442114	0.540779041	-2.16037856	0.329717604	0.107394678	0.104742556	35.166987
7.3	3	0.0408237957	0.750307605	0.16842186	0.541835926	-2.22181942	0.506832282	0.107802204	0.116334379	34.374007
7.31	3	0.0438275384	0.749926941	0.167454984	0.543186127	-2.27500544	0.696691419	0.107918024	0.112061263	41.879861
7.32	3	0.0474258364	0.749549087	0.166574619	0.544635657	-2.30149985	0.87260359	0.107945015	0.10110365	34.040665
7.33	3	0.0502650489	0.749233078	0.165778789	0.546065178	-2.30713749	1.01100202	0.107913375	0.0634358484	33.613379
7.34	3	0.0523872247	0.749156635	0.165083588	0.547289168	-2.28057028	1.07010762	0.10782734	0.13758422	33.861726
7.35	3	0.0528201521	0.749253315	0.164489838	0.547650079	-2.25966676	1.14067257	0.107849988	0.180159575	33.839055
7.36	3	0.0529861095	0.74950905	0.164000022	0.547443057	-2.16326722	1.12580886	0.107855382	0.125017032	34.633005
7.37	3	0.0516694878	0.74995379	0.163598068	0.546760387	-2.03086833	1.03482233	0.107678132	0.0945000331	34.680798
7.38	3	0.0492208074	0.750651237	0.163346706	0.545425552	-1.94422933	0.887502457	0.107388869	0.132268796	34.683511
7.39	3	0.0460300845	0.75152429	0.16321591	0.54344664	-1.89793834	0.72182782	0.107377879	0.0935221672	37.305305
7.4	3	0.0413396787	0.752489317	0.163179336	0.540830028	-1.89189936	0.569874144	0.107470982	0.0860166887	34.596029
7.41	3	0.0354315921	0.753499178	0.163210571	0.537845879	-1.91973001	0.436933842	0.107572516	0.130906622	34.511456
7.42	3	0.0300433615	0.754434425	0.163248651	0.534780136	-1.94570772	0.349092882	0.107576827	0.103369683	34.825945
7.43	3	0.024974244	0.755276639	0.16324035	0.531772237	-1.96852581	0.301224886	0.107677187	0.131417236	34.7406
7.44	3	0.0209370634	0.755930921	0.163122369	0.528886697	-1.97959014	0.31736555	0.107930196	0.152425574	35.216174
7.45	3	0.0177657179	0.756377095	0.163022583	0.526448166	-2.06933555	0.296154232	0.108361948	0.161893325	35.841779
7.46	3	0.0150714808	0.756614767	0.16291625	0.524201488	-2.20041353	0.154057371	0.108700705	0.136568839	37.10406
7.47	3	0.0124437627	0.756467948	0.162735131	0.523191728	-2.28065313	0.155333383	0.109116139	0.12187695	42.237796
7.48	3	0.0100309643	0.75603261	0.162606244	0.522973868	-2.45089292	0.296342975	0.109944872	0.116555995	35.012276
7.49	3	0.00769840059	0.75524622	0.162387978	0.523908553	-2.48515497	0.5327565	0.110598572	0.137826884	34.562354
7.5	3	0.0067430428	0.754192513	0.162114754	0.52567756	-2.41469528	0.784097774	0.111077516	0.093255273	34.930339
7.51	3	0.00988240958	0.752920279	0.161809409	0.528076121	-2.26085799	1.0244352	0.111444764	0.0863132136	35.914696
7.52	3	0.014682352	0.75144542	0.161455616	0.531004865	-2.05922184	1.22109793	0.111485471	0.0844862413	60.771125
7.53	3	0.0183965449	0.749930354	0.160957924	0.533859023	-1.69972649	1.4590505	0.111155907	0.118496186	62.970661
7.54	3	0.0204906346	0.748298075	0.160546092	0.536534222	-1.54497446	1.53039255	0.110691635	0.134696868	39.27998
7.55	3	0.0235210924	0.746692022	0.160132618	0.5391492	-1.35169822	1.60560361	0.110105424	0.148857003	43.155204
7.56	3	0.0259491771	0.745075883	0.159697542	0.541654875	-1.20381799	1.6360256	0.109477623	0.106257624	35.772392
7.57	3	0.0288482892	0.743494788	0.159241323	0.543968045	-1.08968483	1.6112412	0.108774616	0.0538132432	41.767266
7.58	3	0.0311536778	0.74200014	0.158713862	0.545932071	-0.923982006	1.55815645	0.107960705	0.126481702	35.162598
7.59	3	0.0314904463	0.740590175	0.158093577	0.54755063	-0.708744895	1.46227887	0.10671288	0.0882856173	34.147199
7.6	3	0.032414589	0.739410753	0.157464297	0.548624525	-0.473774139	1.34457014	0.105448537	0.176619757	34.485926
7.61	3	0.0331297151	0.738489435	0.156799904	0.549260171	-0.213650135	1.21052051	0.104195503	0.0677823278	33.794835
7.62	3	0.0343670177	0.737834542	0.156111894	0.549330241	0.0013108711	1.0855729	0.103560691	0.068577205	34.293193
7.63	3	0.0337525322	0.737439231	0.15539308	0.548800906	0.168245507	0.998919585	0.103332297	0.124827283	34.934807
7.64	3	0.0317036141	0.737281646	0.154638308	0.547620875	0.242000846	0.995228952	0.103575658	0.0829091305	34.910638
7.65	3	0.026430524	0.737389934	0.153860371	0.545935702	0.244270219	1.06062458	0.103899895	0.142756791	35.630257
7.66	3	0.0205749174	0.737744006	0.15310533	0.543932336	0.161171732	1.15948092	0.104332904	0.124256534	35.417746
7.67	3	0.016694645	0.738352038	0.152368747	0.541777348	0.0649880163	1.28818888	0.104697611	0.104693336	35.040583
7.68	3	0.0177265748	0.739136321	0.151645777	0.539588314	-0.031988118	1.45064558	0.105020696	0.0859281178	35.556312
7.69	3	0.0225344564	0.740054837	0.150966191	0.537505664	-0.178228882	1.62696751	0.105573647	0.104483977	38.93769
7.7	3	0.028283293	0.741032689	0.150327291	0.535628022	-0.379620705	1.82176009	0.106269024	0.177040203	37.923641
7.71	3	0.0340522436	0.742093797	0.149753764	0.533932625	-0.611958664	2.00434393	0.106972234	0.0911725561	34.480432
7.72	3	0.0390485282	0.743171519	0.149365467	0.531872841	-1.00487953	2.01533246	0.107557725	0.116794851	34.526727
7.73	3	0.0427851758	0.744410974	0.148905146	0.530011383	-1.06371075	2.05965218	0.107953105	0.137988166	35.550354
7.74	3	0.0445629416	0.745741524	0.148511081	0.528849071	-1.06967124	1.97804323	0.108133852	0.113449893	36.881991
7.75	3	0.0443148683	0.746827619	0.148185257	0.528992648	-1.18678866	2.00935163	0.108300291	0.0968710567	42.130629
7.76	3	0.0422295592	0.747762266	0.148000744	0.53002037	-1.38659891	2.03580653	0.108332295	0.0868638153	35.201472
7.77	3	0.0385042513	0.748542564	0.147960058	0.531734596	-1.6432114	2.06445534	0.108320734	0.0577547367	35.803158
7.78	3	0.0345007771	0.749091818	0.148023563	0.534080715	-1.93840084	2.09715193	0.108193315	0.125538311	35.270579
7.79	3	0.0296082247	0.749459171	0.148241428	0.536889828	-2.27839003	2.09540643	0.108049912	0.0848653236	35.412628
7.8	3	0.024897933	0.74965094	0.148656405	0.5396945	-2.6991495	2.11677235	0.107945777	0.0750486292	42.290555
7.81	3	0.0201121801	0.749676133	0.149185921	0.542789414	-3.03353179	2.12139754	0.107624065	0.0855551937	40.951165
7.82	3	0.0147501976	0.749528144	0.149799845	0.545926223	-3.33946204	2.10988262	0.107321748	0.120093643	33.676022
7.83	3	0.00870979309	0.74933707	0.150466366	0.548785898	-3.57135303	2.08961212	0.107223094	0.109996686	33.737811
7.84	3	0.0053544164	0.749087072	0.151172459	0.551552231	-3.6765178	2.01434718	0.107245255	0.145526935	33.484201
7.85	3	0.0105827321	0.748743807	0.151873798	0.55417742	-3.66230384	1.91121564	0.107255013	0.150987342	44.039379
7.86	3	0.0181295276	0.748400751	0.152550966	0.55658076	-3.5675162	1.77821821	0.107115591	0.116737268	33.125584
7.87	3	0.0259182094	0.748041876	0.153183568	0.558741277	-3.42692638	1.64217151	0.106868103	0.170749252	33.166812
7.88	3	0.0340651441	0.747761796	0.153832107	0.560467556	-3.28858626	1.47497366	0.106567559	0.172593531	35.978465
7.89	3	0.0409303438	0.747563796	0.154505546	0.56191719	-3.16246018	1.27749172	0.105954669	0.121187895	34.822834
7.9	3	0.0480427472	0.74744038	0.155192528	0.563115709	-3.02522836	1.04989566	0.105349285	0.174669571	34.632999
7.91	3	0.0537034126	0.747380623	0.155867948	0.56391237	-2.86731802	0.777789758	0.104605771	0.138687724	35.242338
7.92	3	0.0576715461	0.747328783	0.156508381	0.564341359	-2.71048807	0.505513646	0.103806449	0.117151832	36.212921
7.93	3	0.0607422437	0.747305044	0.157145307	0.564202463	-2.63219749	0.25613883	0.103417519	0.182106583	35.558269
7.94	3	0.0619026656	0.747298131	0.157748917	0.563497876	-2.66242201	0.0321363979	0.103394252	0.157949979	35.760073
7.95	3	0.0596772927	0.747360301	0.158320845	0.562130912	-2.79779116	-0.189961418	0.103538604	0.175578161	37.497688
7.96	3	0.0546377766	0.747442345	0.158820314	0.560109029	-2.95736552	-0.435165192	0.103762519	0.152737346	36.942482
7.97	3	0.0469559875	0.747548253	0.159246418	0.557520662	-3.16127375	-0.689379913	0.104020083	0.157438659	37.578842
7.98	3	0.0369480175	0.747682065	0.159642694	0.554391433	-3.4220822	-0.939246094	0.104322251	0.119125916	37.941492
7.99	3	0.025761996	0.74781887	0.159966867	0.550601619	-3.70830731	-1.21387982	0.104619251	0.122926205	36.843041
8	3	0.0142883316	0.747901953	0.160135689	0.547232017	-3.74511562	-1.24724936	0.104900669	0.132372816	36.816806
8.01	3	0.00664829376	0.748036608	0.160174218	0.544094818	-3.59254226	-1.09145832	0.105367828	0.158511761	45.242858
8.02	3	0.0107765874	0.748293839	0.160118834	0.541130597	-3.3026815	-0.832591509	0.105936839	0.103161412	36.151206
8.03	3	0.019197785	0.748648984	0.159941079	0.538470219	-2.88680291	-0.456417396	0.106543285	0.109036632	36.579543
8.04	3	0.0267954216	0.749159108	0.159679874	0.536015379	-2.38268708	-0.00561841872	0.107090788	0.114784055	36.110689
8.05	3	0.031738295	0.749862671	0.159352765	0.533924518	-1.96295499	0.407223892	0.107604939	0.0695589657	35.848979
8.06	3	0.0338834489	0.750770904	0.159021927	0.532152023	-1.59470915	0.725191421	0.108011297	0.132203099	35.940473
8.07	3	0.0347692884	0.751787529	0.158730165	0.530365988	-1.35328231	1.0473995	0.108320427	0.0976671796	35.120986
8.08	3	0.0343349391	0.753001491	0.15838441	0.52892678	-1.09934897	1.21278665	0.108535942	0.0917174333	35.362803
8.09	3	0.0313155377	0.75432684	0.157948021	0.528036389	-0.849679202	1.31462143	0.108764691	0.0883127528	35.977273
8.1	3	0.0279602351	0.75574649	0.15741491	0.527676982	-0.614948992	1.33559813	0.108737941	0.101617955	35.733396
8.11	3	0.0233809793	0.757198389	0.156812908	0.527700889	-0.405569002	1.30566498	0.108451342	0.127167435	35.811743
8.12	3	0.0186422312	0.758724027	0.156179993	0.527902216	-0.246331377	1.20445423	0.107899646	0.0990245069	35.953333
8.13	3	0.014644061	0.760366598	0.155426978	0.527818024	0.0231305192	1.17591519	0.107288479	0.126582403	35.181118
8.14	3	0.0111180891	0.762016825	0.154705883	0.527827987	0.137995148	1.07895815	0.106451963	0.111278023	35.98663
8.15	3	0.00801525008	0.763696118	0.154043021	0.527767848	0.155865918	0.933507193	0.105445603	0.130384074	41.578526
8.16	3	0.00659776861	0.765420281	0.153484428	0.527517609	0.0569772637	0.73619218	0.104673672	0.153129358	46.900431
8.17	3	0.00740437342	0.767266293	0.153036727	0.52699228	-0.116518791	0.48907028	0.104019744	0.121652734	43.599159
8.18	3	0.0102931062	0.769182396	0.152680089	0.52628039	-0.385142863	0.240349577	0.103755048	0.0866934744	41.710176
8.19	3	0.0133892347	0.771064697	0.152377066	0.525669827	-0.716980863	0.0327553589	0.103775311	0.162804869	34.96109
8.2	3	0.0142918647	0.772880547	0.152107608	0.525063798	-1.05962323	-0.113275284	0.103826862	0.119209322	36.714212
8.21	3	0.0136818431	0.774657957	0.151888057	0.524435896	-1.38942743	-0.200385959	0.103931502	0.134467735	35.448099
8.22	3	0.0115035277	0.776442367	0.151750872	0.52365895	-1.6927552	-0.252922021	0.104013864	0.13204951	39.950949
8.23	3	0.00934904825	0.778204141	0.15175058	0.522374739	-2.09718355	-0.365561763	0.104259289	0.127225957	34.737274
8.24	3	0.00858813646	0.779838895	0.151677493	0.521468073	-2.2333972	-0.498837636	0.10435434	0.121285882	44.388006
8.25	3	0.00863940569	0.781220432	0.151594922	0.521270001	-2.35431661	-0.495218337	0.104796137	0.0920567034	35.30054
8.26	3	0.0087612093	0.782381462	0.151491566	0.52163273	-2.44494871	-0.403441207	0.10547705	0.121501153	41.179996
8.27	3	0.00984511719	0.783389574	0.151400185	0.522338363	-2.48548456	-0.25121755	0.106601471	0.121363616	34.611458
8.28	3	0.012299494	0.784278847	0.151327685	0.523297916	-2.49659511	-0.0574372945	0.10786288	0.0650295565	41.291226
8.29	3	0.0142153646	0.785101603	0.151289911	0.524449635	-2.4620634	0.165689144	0.108912805	0.101169023	33.954605
8.3	3	0.0165818455	0.785810436	0.151260896	0.525864685	-2.37059488	0.439986303	0.110003278	0.102106815	33.62176
8.31	3	0.0199522183	0.786469682	0.151215403	0.52753111	-2.20406503	0.732218014	0.110924789	0.131527456	33.961832
8.32	3	0.0222650945	0.787087072	0.151151356	0.52921743	-1.978395	1.02472338	0.111676237	0.0874010295	41.701823
8.33	3	0.0237942887	0.787613288	0.151004762	0.531107518	-1.68387042	1.29704976	0.112110481	0.0813259341	33.324166
8.34	3	0.0259346377	0.788137919	0.15082554	0.533073451	-1.34288744	1.51692464	0.112339107	0.0881759989	33.670361
8.35	3	0.0288217358	0.7887141	0.150728554	0.534514282	-1.06618044	1.7726961	0.112620909	0.142593833	33.165243
8.36	3	0.0312524374	0.789363352	0.150601118	0.536092766	-0.758031578	1.94547197	0.112680688	0.130798053	33.513254
8.37	3	0.0322340266	0.790107878	0.150467083	0.537646328	-0.482482481	2.0572491	0.11270278	0.0997205442	33.083998
8.38	3	0.0324757554	0.790938541	0.150323062	0.539184468	-0.240816872	2.12665185	0.112700932	0.101227227	34.267283
8.39	3	0.0317178444	0.791862593	0.150148983	0.540688479	-0.0348770884	2.17747785	0.11249059	0.161783889	33.841449
8.4	3	0.0291672579	0.792881095	0.149984283	0.542111443	0.110863592	2.1866867	0.112166273	0.0812613803	34.094066
8.41	3	0.0246381766	0.793964655	0.149825862	0.54344581	0.192715823	2.18801947	0.111947788	0.0816254713	34.711079
8.42	3	0.0201029234	0.795105986	0.149656105	0.544682668	0.252029673	2.16314959	0.111704161	0.0801930937	33.809656
8.43	3	0.0158411138	0.796253815	0.149427792	0.545849739	0.314223906	2.12730419	0.111470898	0.147934032	33.763721
8.44	3	0.0116576593	0.797397417	0.149111839	0.546947892	0.433002943	2.09082761	0.111128377	0.104726177	34.614804
8.45	3	0.00773862228	0.798510123	0.148709694	0.547979295	0.551468056	2.09960201	0.110876984	0.0917159303	34.848613
8.46	3	0.00590989307	0.79958114	0.148246028	0.548974881	0.695352328	2.15208515	0.111138587	0.121857737	34.748907
8.47	3	0.00496147549	0.800571542	0.147688659	0.549906122	0.876191406	2.24485566	0.111515034	0.149943027	35.302871
8.48	3	0.00508806865	0.801502149	0.147055603	0.550613777	1.10746643	2.35191398	0.11184081	0.134613913	35.66958
8.49	3	0.00579235708	0.8024314	0.146422414	0.550840474	1.35982699	2.46598077	0.112489864	0.139657999	35.780279
8.5	3	0.00728771062	0.803402525	0.145813941	0.550598831	1.62823143	2.58108326	0.11330942	0.115809317	34.886702
8.51	3	0.00915305958	0.804308366	0.145256904	0.550481337	1.77491761	2.57985325	0.113883514	0.0933038253	35.831503
8.52	3	0.0115273568	0.805158521	0.144821448	0.550430722	1.77633823	2.47893694	0.11420183	0.15583252	34.966484
8.53	3	0.0145978745	0.805996176	0.144565805	0.55030071	1.65826883	2.30938385	0.114419616	0.100914919	34.240538
8.54	3	0.018017153	0.806757337	0.144469132	0.550115361	1.4134493	2.15220365	0.114740842	0.131263087	35.005986
8.55	3	0.0225885087	0.807501707	0.144555959	0.549836756	1.05790687	1.99467885	0.11515385	0.094034395	35.146519
8.56	3	0.0279925028	0.808263442	0.144817847	0.549602245	0.780361958	1.80206334	0.115365333	0.131583723	35.092884
8.57	3	0.0350540965	0.809086056	0.145224364	0.549284636	0.547107563	1.5920255	0.115413539	0.10750029	35.012056
8.58	3	0.0430969977	0.809941678	0.145732343	0.548873121	0.38759918	1.40304663	0.115369023	0.0903072896	37.387143
8.59	3	0.0520885568	0.810823854	0.146358792	0.548319875	0.264149703	1.22079067	0.115241681	0.0609858189	34.428943
8.6	3	0.0604233066	0.811784819	0.147107411	0.547336041	0.189976609	0.98838767	0.114938848	0.174000559	35.310652
8.61	3	0.0681527294	0.812816844	0.147925774	0.546075774	0.196414909	0.745657715	0.11459468	0.154198941	34.551454
8.62	3	0.0743672081	0.813961709	0.148776831	0.544603908	0.274141137	0.465062856	0.113760502	0.162346316	38.057281
8.63	3	0.0793449001	0.815179182	0.14965349	0.542961654	0.369194506	0.150456287	0.112757589	0.146229929	33.521605
8.64	3	0.0831257748	0.816397147	0.150517642	0.541296156	0.452547173	-0.144849489	0.111805417	0.102741071	35.185185
8.65	3	0.0857774964	0.817666932	0.151380942	0.539612963	0.539147776	-0.427845947	0.110905008	0.0875945592	34.884969
8.66	3	0.087985161	0.818965245	0.152247246	0.537942292	0.596360944	-0.679223143	0.11035578	0.0803518646	35.704554
8.67	3	0.0899571574	0.820271551	0.15310837	0.536330211	0.599157808	-0.87330012	0.110341833	0.101267662	35.556925
8.68	3	0.0905385468	0.821513048	0.154032521	0.534351875	0.369122464	-1.15405319	0.110558266	0.0982422829	36.347469
8.69	3	0.0909151524	0.822711902	0.154862273	0.532823777	0.242367689	-1.3239077	0.110741341	0.127263097	36.430133
8.7	3	0.0912144611	0.823863221	0.15561489	0.531629229	0.203991231	-1.39690676	0.110994444	0.137460685	36.349974
8.71	3	0.0926898935	0.824955709	0.156296128	0.530557367	0.182890289	-1.36515419	0.111504793	0.181915415	35.996174
8.72	3	0.0926558602	0.826061174	0.156898579	0.529589156	0.213668015	-1.22895834	0.112004968	0.133634851	35.927099
8.73	3	0.0909549122	0.827116556	0.157427498	0.528759212	0.284462617	-1.01855953	0.112294217	0.117435832	36.479371
8.74	3	0.0886972981	0.828131878	0.157907274	0.527994933	0.417547793	-0.740673942	0.112542913	0.103005125	35.909223
8.75	3	0.0853214675	0.828946126	0.1582371	0.528001696	0.554559081	-0.418033338	0.112802897	0.115505846	36.192743
8.76	3	0.0815752363	0.829659789	0.15850062	0.528540718	0.666174593	-0.065056504	0.113386629	0.0714572363	35.042434
8.77	3	0.0772742635	0.83034525	0.158731932	0.529287262	0.750819114	0.274329005	0.114330345	0.119570524	36.032671
8.78	3	0.0721411527	0.831025188	0.159011531	0.529585693	0.724545927	0.574930322	0.115656257	0.150055778	35.033565
8.79	3	0.0667889143	0.831681117	0.159323688	0.529902841	0.707773843	0.858206576	0.11699131	0.0689220087	34.990572
8.8	3	0.0618338983	0.832224431	0.159650591	0.530304113	0.641346093	1.11173393	0.118362964	0.103837184	35.168382
8.81	3	0.0556004329	0.832643884	0.159968458	0.530885565	0.551796983	1.29221437	0.119438044	0.107663665	35.006592
8.82	3	0.0514543482	0.832883311	0.160300574	0.531674698	0.344270001	1.3905007	0.120380951	0.12027833	35.166939
8.83	3	0.050525278	0.832956865	0.160690148	0.532679696	0.0214386997	1.40453913	0.121556134	0.132337607	36.341723
8.84	3	0.0516585835	0.832913333	0.161125986	0.534056571	-0.233349957	1.35356646	0.122761486	0.0951509506	36.140811
8.85	3	0.0523463228	0.832828334	0.161550873	0.534849502	-0.400868513	1.39285551	0.123954483	0.12941409	33.737859
8.86	3	0.0524124998	0.832547881	0.161877898	0.535890165	-0.49346961	1.33874159	0.124479672	0.100535003	34.251105
8.87	3	0.0513546789	0.832110357	0.162087433	0.536931933	-0.505873763	1.22340711	0.124454841	0.131463522	33.787238
8.88	3	0.0496470015	0.831622079	0.162212777	0.537718612	-0.427112356	1.06891098	0.124028192	0.124042537	33.163936
8.89	3	0.0480192635	0.831131297	0.162291134	0.538173683	-0.318594236	0.924812525	0.123683021	0.156562644	34.725745
8.9	3	0.0464715859	0.83068137	0.162344127	0.538333908	-0.194156864	0.781221822	0.12339344	0.126257862	35.286985
8.91	3	0.0446111368	0.830272261	0.162361565	0.538171993	-0.0785606963	0.642157146	0.123115781	0.0612544374	35.893643
8.92	3	0.0434702157	0.829935075	0.162411827	0.537739372	-0.0351216216	0.497755599	0.123218986	0.12753049	36.118387
8.93	3	0.0428179778	0.829646695	0.162483523	0.537174751	-0.0582483932	0.345206538	0.123631837	0.131491347	36.37026
8.94	3	0.042640399	0.829427006	0.16259311	0.5364131	-0.128588127	0.170854167	0.124203851	0.0969420384	35.505698
8.95	3	0.0439842736	0.829212649	0.162719706	0.535518443	-0.237863789	-0.0122786047	0.124887729	0.111461147	36.037087
8.96	3	0.0460257642	0.828941073	0.162804693	0.534545733	-0.34543493	-0.225780015	0.12544044	0.131822012	36.149356
8.97	3	0.046917377	0.82861666	0.162831151	0.533481582	-0.414472375	-0.484372579	0.12561901	0.128937534	36.629695
8.98	3	0.046576734	0.828250841	0.162787085	0.53238514	-0.445106506	-0.772228712	0.125344142	0.122346513	35.589329
8.99	3	0.0465289257	0.827680461	0.162733117	0.531898811	-0.664407806	-1.1345342	0.124820237	0.0970796584	39.529302
9	3	0.0475828382	0.826892809	0.162613924	0.532188026	-0.916724669	-1.267852	0.124525474	0.0887571542	35.727174
9.01	3	0.0490473294	0.825964379	0.162295229	0.532927251	-1.00756492	-1.40944084	0.123867584	0.113592615	36.384721
9.02	3	0.0488078798	0.824835692	0.16183234	0.534469681	-1.09239938	-1.4479163	0.123010517	0.118276741	35.396109
9.03	3	0.0474175779	0.823623935	0.161346477	0.536466478	-1.21393194	-1.48150155	0.121951101	0.136286616	35.790099
9.04	3	0.0449786818	0.822399282	0.160846835	0.538848982	-1.31836579	-1.49267621	0.120807097	0.094115708	35.352396
9.05	3	0.042748557	0.821164201	0.160328209	0.541368962	-1.38573375	-1.50535259	0.11959086	0.114322527	36.555039
9.06	3	0.0391116531	0.819956007	0.159806156	0.54381752	-1.42324069	-1.49505064	0.11843726	0.0859772422	35.027052
9.07	3	0.035654553	0.818799664	0.159294194	0.546059452	-1.41598937	-1.48489537	0.117345749	0.0838257847	42.083427
9.08	3	0.0317213691	0.81773259	0.158766436	0.547978241	-1.34492035	-1.42819548	0.116317271	0.10564727	40.927965
9.09	3	0.0283540617	0.816746762	0.158193156	0.549470134	-1.18987571	-1.30680746	0.115371324	0.0968040625	32.809851
9.1	3	0.0265456914	0.815834477	0.157623051	0.550541502	-1.00869456	-1.13568727	0.114858051	0.109403511	33.749718
9.11	3	0.0251929959	0.815019271	0.157033283	0.551266578	-0.780290327	-0.983084308	0.114103097	0.123125869	34.16207
9.12	3	0.0255976926	0.814329151	0.156489847	0.551592788	-0.55633548	-0.858216048	0.113308745	0.122654376	34.438079
9.13	3	0.0284550358	0.813800144	0.156020041	0.551472563	-0.335184252	-0.751398097	0.112470367	0.139173088	34.538227
9.14	3	0.0315423195	0.813317046	0.155563441	0.551068848	-0.132403235	-0.585306037	0.111881649	0.141064764	34.20963
9.15	3	0.034507094	0.812884919	0.155150236	0.550304399	0.0184109281	-0.384375328	0.111603759	0.105780976	34.434862
9.16	3	0.037168638	0.812513063	0.154777088	0.549206278	0.137406042	-0.191133895	0.111431103	0.0942885294	35.040478
9.17	3	0.0392675056	0.81214308	0.154449382	0.547802596	0.205488423	-0.0302127105	0.11126231	0.0935524796	35.277288
9.18	3	0.0407287551	0.811797902	0.154186811	0.546070209	0.236178178	0.104395704	0.111237635	0.109836075	35.036418
9.19	3	0.0414114445	0.811469917	0.153984393	0.544060572	0.227281719	0.212888252	0.11117721	0.105939302	35.345419
9.2	3	0.0414763817	0.811157064	0.153841075	0.541804364	0.211668128	0.308027776	0.111085134	0.0660452634	36.624604
9.21	3	0.0414259476	0.810875693	0.153755761	0.539380543	0.223456352	0.386537315	0.110836077	0.124083136	36.991951
9.22	3	0.0415784118	0.810627981	0.153725219	0.536782244	0.276641247	0.461289584	0.110559525	0.131556144	36.189847
9.23	3	0.0422925592	0.810416728	0.153608883	0.534553297	0.450455899	0.440868444	0.110150314	0.129332306	36.596138
9.24	3	0.0433141678	0.810182978	0.153362371	0.532624354	0.703656242	0.411230008	0.110100113	0.120385747	36.590048
9.25	3	0.0436142747	0.80985903	0.152995722	0.531278332	0.850271164	0.601282988	0.110640161	0.125616199	36.893776
9.26	3	0.0418100777	0.8093141	0.152615867	0.53041155	0.752174996	0.829843709	0.11121852	0.15189776	37.020475
9.27	3	0.0377249406	0.808549878	0.152227868	0.530158447	0.561255616	1.11262927	0.111626483	0.117539717	36.548867
9.28	3	0.0331014421	0.807537159	0.151845127	0.530427238	0.301545795	1.4428918	0.112072966	0.106330495	36.033707
9.29	3	0.0279873485	0.806351746	0.151542607	0.531366075	-0.0624478383	1.79934303	0.11273741	0.135237744	36.137786
9.3	3	0.0235261978	0.805053475	0.151385926	0.53288598	-0.490144966	2.13013803	0.113662547	0.0647334873	34.799693
9.31	3	0.0191669244	0.803606294	0.15136168	0.534763805	-0.975001101	2.43499629	0.114562657	0.129499113	35.341321
9.32	3	0.0161282119	0.802100673	0.151533284	0.536678028	-1.47406392	2.6418956	0.115302174	0.127371806	35.102698
9.33	3	0.0157584051	0.800529596	0.151827659	0.53803954	-1.94942007	2.92434877	0.116007387	0.108111627	38.825856
9.34	3	0.0172772685	0.798895367	0.152310792	0.539698731	-2.40972387	3.0760595	0.116505254	0.0577371018	33.668031
9.35	3	0.0183768619	0.797265208	0.152920291	0.541374896	-2.76818135	3.11441903	0.116701431	0.213297482	34.237105
9.36	3	0.0184147922	0.795710948	0.153648712	0.542765819	-3.02775576	3.0748913	0.116859416	0.117907273	34.733939
9.37	3	0.0174676256	0.794272492	0.154480866	0.543595788	-3.17990436	2.98018933	0.117083932	0.105965439	34.102613
9.38	3	0.0165565716	0.792975988	0.155406332	0.543915897	-3.26122156	2.85423146	0.11731692	0.143621459	34.241661
9.39	3	0.0157582546	0.791762866	0.156314227	0.543765874	-3.20835509	2.69726407	0.117286088	0.138030239	33.478137
9.4	3	0.0160120843	0.790633803	0.157164568	0.54313894	-3.03320145	2.48892704	0.116840649	0.133276512	34.283385
9.41	3	0.0188954439	0.789587535	0.157972615	0.541960877	-2.8010485	2.23865742	0.116109752	0.109410707	34.781718
9.42	3	0.025584778	0.788629216	0.158800002	0.54025871	-2.57974032	1.96500987	0.115299589	0.146178735	34.333082
9.43	3	0.0331995673	0.787676475	0.159619065	0.53814854	-2.38090955	1.66676408	0.114541463	0.168945366	34.912485
9.44	3	0.0384412667	0.786705775	0.160417472	0.53570209	-2.23224247	1.3219594	0.113534072	0.166284362	34.688708
9.45	3	0.0415784419	0.785750661	0.161220664	0.533063191	-2.18929769	0.909345314	0.112403006	0.189252945	34.963869
9.46	3	0.0434739018	0.784854693	0.162054113	0.530263984	-2.23084613	0.419084669	0.111305468	0.106609674	35.209233
9.47	3	0.0440772975	0.783987135	0.162910115	0.527318773	-2.34313637	-0.130551903	0.110345707	0.188346352	35.516685
9.48	3	0.0448231527	0.783047384	0.163542999	0.525190084	-2.24403341	-0.484228487	0.109559411	0.12236918	35.844608
9.49	3	0.0453065819	0.781860347	0.163950582	0.524279561	-2.07730614	-0.751285822	0.108561766	0.0902390326	35.056851
9.5	3	0.0447894259	0.780459401	0.1642315	0.523705706	-1.89334565	-0.901605845	0.107498102	0.110762106	35.601593
9.51	3	0.0441748219	0.778960385	0.164355071	0.524269621	-1.70785119	-1.02405682	0.106751449	0.130231211	36.165046
9.52	3	0.0430548324	0.777371979	0.164292898	0.525902604	-1.46151488	-1.0841131	0.106160887	0.0945633612	35.27163
9.53	3	0.041339458	0.775786892	0.164051079	0.528514744	-1.16098347	-1.1023412	0.105586455	0.0865292383	36.364642
9.54	3	0.0388584201	0.774210715	0.163644368	0.531902678	-0.837495661	-1.09328139	0.10488934	0.11713725	35.282746
9.55	3	0.036313278	0.772794115	0.163106354	0.535686388	-0.531051441	-1.10273914	0.104125642	0.112679095	35.67985
9.56	3	0.0339819497	0.771598513	0.162582113	0.538907653	-0.413116551	-1.21118292	0.103726244	0.145362514	34.550554
9.57	3	0.0326688921	0.770664566	0.161991706	0.542031481	-0.290646881	-1.27164951	0.103745282	0.060983255	34.684531
9.58	3	0.0318583559	0.769939564	0.161323201	0.545114863	-0.220309984	-1.28386117	0.104061898	0.0958763132	35.377417
9.59	3	0.0308196675	0.769343133	0.160552036	0.548285787	-0.127294746	-1.24875872	0.104327251	0.0766679932	35.05285
9.6	3	0.0296491965	0.768875533	0.159700585	0.551255007	-0.0523157943	-1.15358345	0.104626481	0.173134332	34.122276
9.61	3	0.0273278876	0.768501334	0.158773941	0.553932708	0.042640128	-1.01857376	0.104405719	0.09637044	34.446079
9.62	3	0.0243312719	0.768299029	0.157818794	0.556149295	0.10773133	-0.816884087	0.104331975	0.139299415	34.821208
9.63	3	0.0212329715	0.76822009	0.15685787	0.557926839	0.130167728	-0.579517552	0.104337832	0.135584904	34.843601
9.64	3	0.0202110633	0.768331232	0.155946191	0.559291584	0.0862703211	-0.349694027	0.104474929	0.150689662	35.192947
9.65	3	0.0194220485	0.768611315	0.155035205	0.560259575	0.0354444914	-0.0808893063	0.104664879	0.131861219	34.926881
9.66	3	0.0185836606	0.769135758	0.154146509	0.560730609	0.0274328766	0.213387117	0.104962678	0.0948738562	35.080239
9.67	3	0.017265646	0.769900109	0.153281822	0.560676896	0.0324105303	0.516360205	0.105361648	0.0854735526	35.65652
9.68	3	0.0153919837	0.770869272	0.15244369	0.560131815	0.0368897759	0.811932639	0.105851018	0.0993491877	35.791084
9.69	3	0.0129506484	0.772059215	0.151648693	0.559031289	0.0554245086	1.05301518	0.106253594	0.155767225	35.922815
9.7	3	0.0110691364	0.773400802	0.150895937	0.557352417	0.0783040893	1.24946774	0.106565252	0.131890452	35.98831
9.71	3	0.0109928502	0.774816359	0.150180825	0.555164444	0.0608030017	1.41955824	0.106918776	0.105759623	36.065929
9.72	3	0.012026173	0.776314865	0.149475572	0.552231483	0.0510589419	1.6106383	0.107309514	0.158297884	35.633728
9.73	3	0.0137581507	0.777873711	0.148862198	0.548987972	-0.0937231708	1.68621803	0.107758818	0.107729213	36.359007
9.74	3	0.0171113998	0.779465007	0.148340876	0.545443546	-0.338502154	1.65767215	0.107987381	0.0956386163	36.136873
9.75	3	0.0206076911	0.781083376	0.147942747	0.541633531	-0.687260163	1.49976577	0.108076631	0.104680154	35.948039
9.76	3	0.0229696567	0.782661323	0.147641742	0.537763683	-1.09936481	1.27702776	0.108282714	0.10652781	36.554865
9.77	3	0.024793052	0.783884536	0.147354722	0.53513376	-1.48677563	1.16528741	0.10859021	0.074375776	36.172151
9.78	3	0.0255028638	0.784840498	0.14708355	0.533476553	-1.8624434	1.12377394	0.109158444	0.0890650123	34.949088
9.79	3	0.0243025137	0.785551112	0.146932554	0.532328751	-2.37113693	1.09421971	0.110141352	0.10476383	35.772221
9.8	3	0.0221427565	0.786036889	0.146854123	0.531926755	-2.77872224	1.15673548	0.11115374	0.0723412165	35.212648
9.81	3	0.0189351317	0.786407557	0.146752842	0.531824993	-2.99643369	1.33788894	0.112095069	0.100339347	35.26633
9.82	3	0.0133202472	0.786552885	0.146687534	0.532562858	-3.16953967	1.49213954	0.112942219	0.102301829	34.981674
9.83	3	0.00812334823	0.786533542	0.146634062	0.533896937	-3.26658143	1.62089836	0.113590694	0.123551807	35.01058
9.84	3	0.00382332281	0.786522311	0.146610512	0.53548465	-3.25306923	1.68113478	0.113904811	0.124232767	34.750164
9.85	3	0.00658731327	0.786586804	0.146621433	0.537109832	-3.17117608	1.67153363	0.114148908	0.171510248	35.194395
9.86	3	0.0134300005	0.786712426	0.146741456	0.538147622	-3.13219562	1.71021743	0.114441352	0.131044636	34.258383
9.87	3	0.0201497101	0.786928654	0.146856991	0.539236386	-2.98668795	1.68119353	0.114500852	0.0980919419	34.932986
9.88	3	0.0275725467	0.78724841	0.146960325	0.540170312	-2.78673602	1.58018191	0.114507026	0.138161611	38.212995
9.89	3	0.0336466292	0.787660599	0.147033518	0.540804776	-2.56016563	1.41892292	0.114248545	0.152240483	35.232787
9.9	3	0.0391404084	0.788176385	0.14708728	0.541221552	-2.34369884	1.22013572	0.113962846	0.170216854	34.994293
9.91	3	0.0434121719	0.788752234	0.147138326	0.541394746	-2.18612498	1.00893521	0.113677625	0.143504009	35.152264
9.92	3	0.045694623	0.789290346	0.147152274	0.541484042	-2.07456237	0.812075121	0.113084057	0.119218655	35.297792
9.93	3	0.0449852944	0.789796477	0.147154811	0.541511017	-2.04427045	0.647870901	0.112256089	0.180737057	34.781885
9.94	3	0.0425336454	0.790293801	0.147168974	0.541329694	-2.06670277	0.498863415	0.111278196	0.110583869	36.235429
9.95	3	0.0403634027	0.790740477	0.147208829	0.541052337	-2.17836058	0.414577088	0.110822701	0.156392118	35.877659
9.96	3	0.0384790331	0.7910511	0.147203263	0.540776257	-2.31667694	0.420203221	0.110757885	0.170166573	36.800625
9.97	3	0.0366274242	0.79128466	0.147187881	0.540411402	-2.44153807	0.479165448	0.11068938	0.110526053	37.174384
9.98	3	0.0347104413	0.79147381	0.147111243	0.539446901	-2.49091765	0.503052131	0.110761297	0.0997134215	36.966047
9.99	3	0.0336165259	0.791672887	0.147063199	0.538481472	-2.55208269	0.585690046	0.111217215	0.0857670589	36.459616
10	3	0.0338023693	0.791947224	0.147029052	0.537374489	-2.54983157	0.669585335	0.111835854	0.0838196799	36.738899
10.01	3	0.0356559376	0.792240496	0.146879516	0.536428793	-2.34761857	0.875375593	0.112508568	0.104008498	36.821645
10.02	3	0.0371890644	0.792618048	0.146618994	0.535420844	-2.00104151	1.11337409	0.112841513	0.104681528	37.131764
10.03	3	0.039615917	0.79308918	0.146249033	0.534413849	-1.6108452	1.3390669	0.113014724	0.0659029146	37.238336
10.04	3	0.0446958873	0.793710908	0.145811584	0.533588737	-1.16737721	1.54990038	0.113168103	0.0985443633	36.834228
10.05	3	0.0521431041	0.794479079	0.145306993	0.532925064	-0.702576676	1.7471541	0.113252852	0.10058899	35.82884
10.06	3	0.059888504	0.795288918	0.144817379	0.532040115	-0.328674263	2.01657246	0.113436881	0.114886019	35.489934
10.07	3	0.0670087165	0.796143457	0.144202132	0.531692826	0.0525476406	2.23758293	0.113158825	0.0826319479	37.086436
10.08	3	0.0732203815	0.797003413	0.143428881	0.53167087	0.45484419	2.47208108	0.112860762	0.113230341	35.8784
10.09	3	0.0783582784	0.797853943	0.142590614	0.532187144	0.734437692	2.6076872	0.112656516	0.10347757	36.29049
10.1	3	0.0806379931	0.798692983	0.141728984	0.532642902	0.865024045	2.59822412	0.112211156	0.172261824	35.828066
10.11	3	0.0802399152	0.799487972	0.140885802	0.532860015	0.865148808	2.51698104	0.111522658	0.14161251	36.15574
10.12	3	0.0781820993	0.800273481	0.140101808	0.532634081	0.783759827	2.37348634	0.110850927	0.13402476	35.103999
10.13	3	0.0749162905	0.801002199	0.139361346	0.531958385	0.636437	2.19897568	0.11036464	0.150243452	34.97908
10.14	3	0.0706917872	0.801651471	0.138641095	0.530968104	0.460746033	2.06411501	0.11006745	0.15022199	35.031668
10.15	3	0.0655832061	0.802244574	0.137959509	0.529722702	0.263442013	1.95912973	0.10995129	0.0703239009	35.762344
10.16	3	0.0598450686	0.802760054	0.137297891	0.528198818	0.0740908257	1.90032541	0.10996055	0.132270653	34.984747
10.17	3	0.0540798457	0.803230277	0.13663291	0.526490376	-0.0508378793	1.9063642	0.109902604	0.0776643138	35.013358
10.18	3	0.0481597359	0.803657713	0.135989894	0.524703177	-0.154703154	1.94239737	0.109803889	0.11434044	35.953008
10.19	3	0.0423362652	0.804088417	0.135367009	0.52284786	-0.21107311	2.01014967	0.109575587	0.108276028	35.366775
10.2	3	0.0370138681	0.804490238	0.134866984	0.520514105	-0.410040163	1.97153698	0.109541955	0.106291696	35.673201
10.21	3	0.0315221137	0.804903069	0.134420487	0.518374447	-0.563199331	1.9368631	0.109548337	0.152067461	35.963644
10.22	3	0.0260555013	0.805253631	0.134010739	0.516490386	-0.689135709	1.90217507	0.109610105	0.140595404	36.10157
10.23	3	0.0198814594	0.805625797	0.133667349	0.514810575	-0.765484924	1.84861912	0.109875893	0.143852488	35.550394
10.24	3	0.0143536655	0.80607966	0.133208082	0.513194078	-0.574851246	1.81210148	0.110008623	0.0962308679	35.356384
10.25	3	0.00889976488	0.806304251	0.132743826	0.512978831	-0.581323755	1.86936518	0.110253821	0.0595085537	36.409092
10.26	3	0.00585369798	0.80634773	0.132313082	0.513911266	-0.683217975	1.95024474	0.110279902	0.106801668	43.645811
10.27	3	0.00843416952	0.806309163	0.131926723	0.515460993	-0.840171097	2.02723882	0.110018365	0.107381364	43.90302
10.28	3	0.0125802073	0.80615197	0.131540919	0.517492483	-1.01159817	2.09561799	0.109683438	0.102514965	34.274968
10.29	3	0.0165469944	0.805839609	0.131195121	0.519788321	-1.27787025	2.12955975	0.109635787	0.100168025	36.390912
10.3	3	0.0196324984	0.805531721	0.130934167	0.522354873	-1.47372652	2.07255545	0.109514683	0.122363228	33.828564
10.31	3	0.0219377466	0.805240976	0.130755573	0.525004412	-1.63371638	1.92439756	0.109252666	0.0601441654	33.865682
10.32	3	0.0234408972	0.804974957	0.130650583	0.527767681	-1.77712365	1.73219026	0.108908456	0.116934658	33.680543
10.33	3	0.0239425011	0.804721586	0.130659844	0.530164443	-1.95473684	1.58669793	0.108781131	0.128417445	33.620336
10.34	3	0.0232374668	0.804545005	0.130701359	0.53265772	-2.03285465	1.42155063	0.108374957	0.0976335405	34.584485
10.35	3	0.0221658562	0.80444298	0.130788788	0.535031796	-2.04628268	1.22113193	0.108065885	0.0928621205	34.062631
10.36	3	0.0215093553	0.80436526	0.130892226	0.537216134	-1.95622475	1.0201808	0.107710897	0.139311814	34.195862
10.37	3	0.0205998121	0.804260522	0.130970138	0.539256478	-1.82962857	0.824991449	0.107109439	0.236283041	35.371854
10.38	3	0.0205109931	0.804141316	0.13103862	0.540993979	-1.68497161	0.637120232	0.106461288	0.17303456	35.496438
10.39	3	0.0211322204	0.804058094	0.131129629	0.542454233	-1.52380679	0.439492073	0.105666185	0.121718387	35.251296
10.4	3	0.0211134428	0.803905362	0.131196138	0.543714707	-1.39216144	0.2864902	0.104748245	0.123877403	34.512167
10.41	3	0.0223514685	0.803640038	0.13121864	0.544720608	-1.27634647	0.186871922	0.104069	0.10650059	34.966331
10.42	3	0.0243432954	0.80326532	0.131186697	0.545422801	-1.22107099	0.133516838	0.103774974	0.127798728	36.161983
10.43	3	0.0252294933	0.802760066	0.131088427	0.545990558	-1.23514187	0.17043706	0.103694125	0.162257062	35.67362
10.44	3	0.0257857944	0.802209491	0.130910796	0.546098582	-1.24297191	0.169770974	0.103727876	0.18205427	35.098212
10.45	3	0.0262724289	0.801555919	0.130679662	0.546193464	-1.34886376	0.239861793	0.103946573	0.148706223	35.77897
10.46	3	0.0248512593	0.800726438	0.130350764	0.546245822	-1.55609798	0.445931885	0.104251292	0.176469386	36.498121
10.47	3	0.0222657582	0.799763691	0.129966407	0.546150422	-1.82171606	0.740819559	0.104481105	0.159324173	36.112484
10.48	3	0.0196043306	0.798775314	0.129589502	0.545729338	-2.09413957	1.03120624	0.104624734	0.150191399	36.645769
10.49	3	0.0176433305	0.797861362	0.129252734	0.544860022	-2.33047874	1.2633502	0.104962023	0.105043259	37.371377
10.5	3	0.0166810906	0.797059327	0.128966535	0.543357337	-2.47144174	1.40714551	0.105318775	0.103652503	35.049533
10.51	3	0.0154127176	0.796413844	0.12869559	0.541733686	-2.35752761	1.52636375	0.105389674	0.115418093	35.562547
10.52	3	0.0134910103	0.795933172	0.128404171	0.539961985	-2.11844283	1.64459574	0.105016694	0.134926612	35.820862
10.53	3	0.0122209938	0.795631553	0.128117586	0.538137491	-1.80426489	1.76798214	0.10485514	0.13105232	36.000756
10.54	3	0.0114586187	0.795409274	0.127853092	0.536831035	-1.56715026	1.83273928	0.1047548	0.0700442731	36.456156
10.55	3	0.0107089604	0.795219537	0.127682236	0.535684567	-1.42683805	1.93193245	0.104880974	0.0639339247	36.15508
10.56	3	0.0104028493	0.795075884	0.127496153	0.535184904	-1.20137514	2.01670217	0.104601542	0.0826713848	35.175606
10.57	3	0.0114816498	0.79511342	0.127274056	0.534913425	-0.889214667	2.01880357	0.104380788	0.0855731277	36.54007
10.58	3	0.0139524752	0.795274694	0.127075274	0.535194867	-0.620598777	2.02135302	0.104358521	0.0731183097	36.651946
10.59	3	0.0174661816	0.795483745	0.126913234	0.535932048	-0.404184797	2.03081318	0.104414756	0.0878014223	36.838515
10.6	3	0.0210792341	0.795802627	0.12681477	0.536926012	-0.216198488	1.97998066	0.104364503	0.132056567	36.538615
10.61	3	0.0246505501	0.796210938	0.12677875	0.53796043	-0.158911953	1.88253032	0.104538821	0.0898574545	35.907241
10.62	3	0.0279140193	0.796650027	0.126771617	0.53883939	-0.134095447	1.78346896	0.104702307	0.154457135	35.745995
10.63	3	0.0313186215	0.797164765	0.126817529	0.539552706	-0.056951132	1.6301844	0.104175027	0.0848262153	36.277323
10.64	3	0.0354270403	0.797755527	0.126867854	0.53954584	0.0746712398	1.5422743	0.103914873	0.132571802	35.553049
10.65	3	0.0395991111	0.798412462	0.127005183	0.539436752	0.118396104	1.35618171	0.103836983	0.122871184	35.849604
10.66	3	0.0434333472	0.799111952	0.12720138	0.539239466	0.159951747	1.15279763	0.103871013	0.104511992	36.023132
10.67	3	0.0467299075	0.799787187	0.127433162	0.539011554	0.172004319	0.96211655	0.10400264	0.0780102346	35.593962
10.68	3	0.049220056	0.800412264	0.127689232	0.538691233	0.135087606	0.807886915	0.10447641	0.105684934	35.221986
10.69	3	0.0506609022	0.800950365	0.127966541	0.538179559	0.0612869466	0.707404237	0.105159909	0.108314415	35.858946
10.7	3	0.0516928088	0.801460767	0.128258001	0.537496031	-0.041122612	0.650167629	0.105805514	0.0811498527	37.12121
10.71	3	0.0523578802	0.801944971	0.128570313	0.536580774	-0.178570248	0.614955437	0.106227724	0.122593827	37.163201
10.72	3	0.0527500017	0.802324909	0.128885493	0.535519549	-0.371548215	0.588646075	0.106415051	0.129954263	37.490843
10.73	3	0.0530958249	0.802608572	0.129203117	0.534321295	-0.582005705	0.598572507	0.106747623	0.096819091	35.252706
10.74	3	0.0530172632	0.802867294	0.129509658	0.533239364	-0.671291486	0.516444278	0.106948264	0.130078077	36.652741
10.75	3	0.0522545181	0.803090833	0.129785353	0.532360016	-0.682417195	0.330653173	0.106874615	0.100103924	36.062333
10.76	3	0.0505915957	0.803073819	0.130056807	0.532475595	-0.768877193	0.269028861	0.106976908	0.0823789669	35.923871
10.77	3	0.0485654321	0.80293916	0.130339985	0.532707705	-0.889245728	0.249462951	0.106908164	0.07435088	35.53271
10.78	3	0.0459795795	0.802719184	0.1306582	0.533559595	-0.9821055	0.252118366	0.106781005	0.101519614	44.795818
10.79	3	0.0429381826	0.802344356	0.130933487	0.534954533	-1.03549471	0.312871791	0.106645732	0.124841616	35.319892
10.8	3	0.0392584477	0.801767878	0.131170379	0.536813343	-1.07821126	0.402056271	0.106549765	0.102881645	34.017814
10.81	3	0.0360951191	0.801086154	0.13134767	0.538982552	-1.04187863	0.46473646	0.106133743	0.0979763749	35.32931
10.82	3	0.0335266313	0.800268893	0.131439167	0.541366082	-0.956855993	0.517914763	0.105815018	0.0903959547	35.14131
10.83	3	0.033329204	0.799371229	0.13146061	0.543850754	-0.857177195	0.533332673	0.105403253	0.0834641262	34.998672
10.84	3	0.0362855386	0.798504777	0.131471319	0.545714761	-0.826339442	0.624648998	0.105397751	0.102844704	33.799312
10.85	3	0.0407823845	0.797813759	0.131483326	0.547340577	-0.788244185	0.629501582	0.105454262	0.14207128	34.45286
10.86	3	0.0448369568	0.797228402	0.131498367	0.548665077	-0.79630416	0.61460095	0.105410592	0.145363769	34.916851
10.87	3	0.0466008022	0.796733645	0.131515888	0.549560712	-0.897096258	0.588102117	0.105313245	0.106979773	35.42628
10.88	3	0.0465445352	0.796319654	0.131532687	0.550067364	-1.06410403	0.541043513	0.105115954	0.0740893191	36.728298
10.89	3	0.0466857202	0.795978088	0.131563518	0.550218073	-1.30183132	0.508661869	0.105113978	0.129926869	36.860095
10.9	3	0.0474224742	0.795735298	0.131612891	0.549966919	-1.59733594	0.4693401	0.105415611	0.0986327782	37.793738
10.91	3	0.0473253879	0.795643537	0.131701192	0.549269505	-1.8986944	0.377262938	0.105890832	0.101992098	36.867927
10.92	3	0.0450819601	0.795655222	0.131785653	0.54826319	-2.17121045	0.241330288	0.106088394	0.101303131	36.323728
10.93	3	0.042468427	0.795712781	0.131839331	0.547067552	-2.41349935	0.0713428888	0.106178216	0.105103232	37.249418
10.94	3	0.0393321638	0.795863656	0.131875611	0.545653718	-2.60274495	-0.152996411	0.106290829	0.158386322	36.191141
10.95	3	0.036259278	0.796076879	0.131876333	0.544121441	-2.74172883	-0.436778984	0.106213321	0.0946700826	36.383814
10.96	3	0.0334743245	0.796347386	0.131853187	0.542502662	-2.84187322	-0.769652479	0.105918232	0.128162015	36.16134
10.97	3	0.0315114912	0.796650444	0.131844416	0.540802365	-2.96211115	-1.12231636	0.105859602	0.0976360657	36.758014
10.98	3	0.0296427529	0.796776094	0.131630083	0.539772666	-2.94599382	-1.26739986	0.105845695	0.135015875	35.845304
10.99	3	0.0278790803	0.796837463	0.131282488	0.539401467	-2.83114598	-1.28056927	0.105857443	0.116340992	36.836477
11	3	0.0255062348	0.796853343	0.130712075	0.539037775	-2.52201845	-1.17990969	0.105900851	0.159618977	36.003631
11.01	3	0.0232852145	0.796863202	0.130040538	0.539003333	-2.22768883	-0.946301966	0.106489183	0.104869809	36.423212
11.02	3	0.0210946782	0.796898541	0.129281066	0.539283452	-1.90275283	-0.628267814	0.1069631	0.0755703748	35.60686
11.03	3	0.0193851062	0.79705142	0.128478613	0.539636838	-1.57381083	-0.298013326	0.107309162	0.101022423	36.476751
11.04	3	0.0175340767	0.797341106	0.127620672	0.540123791	-1.32683455	-0.0146160436	0.107167518	0.111073511	36.370381
11.05	3	0.016987892	0.797810851	0.126718866	0.540656092	-1.09143229	0.203541021	0.106733899	0.0964713292	37.111871
11.06	3	0.01789698	0.798472128	0.125868158	0.540775358	-0.950807939	0.396962874	0.10633936	0.107958059	35.956104
11.07	3	0.020835644	0.79931956	0.124976381	0.54109039	-0.766705614	0.530387363	0.105886271	0.113859246	34.693777
11.08	3	0.0254898805	0.800368703	0.124081992	0.541407304	-0.556910408	0.581587711	0.105494919	0.110647251	34.844205
11.09	3	0.0311884028	0.801521612	0.123205521	0.541915593	-0.402919265	0.593488091	0.105129587	0.103366672	34.796162
11.1	3	0.0367360567	0.80279482	0.12240131	0.542403694	-0.318441419	0.550651938	0.10478469	0.119884786	34.753318
11.11	3	0.0417334629	0.804118347	0.121662586	0.54281942	-0.299507093	0.457442997	0.104374543	0.115242796	35.364024
11.12	3	0.046160224	0.805429795	0.120963837	0.543186316	-0.318425708	0.350824596	0.104086645	0.0866570358	35.111852
11.13	3	0.0495039285	0.806753712	0.120317392	0.543434797	-0.366054638	0.24006637	0.104001698	0.128459901	35.770562
11.14	3	0.0515148117	0.808142324	0.11968153	0.543187671	-0.34892129	0.199156305	0.104258259	0.13755054	36.629073
11.15	3	0.052211883	0.809496427	0.119117006	0.542801213	-0.385409972	0.131321672	0.104837506	0.130037375	36.324627
11.16	3	0.0530035353	0.810828032	0.118592727	0.542333088	-0.443076948	0.0635150132	0.105346617	0.109344654	37.008359
11.17	3	0.0533054867	0.812104918	0.118054256	0.541824827	-0.457753188	0.0583752329	0.105729524	0.136684437	36.991206
11.18	3	0.053078039	0.813349668	0.117505806	0.541314335	-0.465742691	0.114512944	0.105951106	0.0933966492	36.139893
11.19	3	0.0515471979	0.814500972	0.117044081	0.540309964	-0.693563378	0.0913366824	0.106066145	0.135627592	36.73869
11.2	3	0.0493306255	0.815558739	0.116581403	0.539409107	-0.895905381	0.171263547	0.106362475	0.111836019	36.53209
11.21	3	0.0465950405	0.816510986	0.11612826	0.538555269	-1.11935996	0.349036832	0.107017251	0.14086969	36.535714
11.22	3	0.0444603966	0.81735761	0.115677287	0.537746416	-1.33986853	0.584736237	0.107571083	0.125073885	36.392319
11.23	3	0.0421154427	0.818018426	0.11520267	0.537059431	-1.54878595	0.906358346	0.108185526	0.133899583	35.732226
11.24	3	0.0394673588	0.818530389	0.114718567	0.536342579	-1.72285118	1.29514448	0.108870645	0.10797836	36.097772
11.25	3	0.0371636658	0.818875936	0.114232995	0.536293347	-1.75759274	1.74961741	0.109389345	0.102029159	36.182978
11.26	3	0.034524893	0.819080221	0.113764927	0.536661498	-1.71852617	2.18113551	0.109707413	0.0915437168	36.434835
11.27	3	0.0308679162	0.819205499	0.113316913	0.537379325	-1.60761258	2.51294111	0.109633456	0.120209156	36.032703
11.28	3	0.0269439994	0.819396668	0.112862497	0.537974709	-1.36588763	2.75174597	0.109175034	0.0917945534	36.563818
11.29	3	0.0227988831	0.819549605	0.112494062	0.538881937	-1.20004938	2.85487745	0.108635836	0.0905638548	36.107689
11.3	3	0.0196166109	0.81965336	0.112193677	0.540033585	-1.07557446	2.82314718	0.107917609	0.11197484	35.15293
11.31	3	0.0179791366	0.819753775	0.112033027	0.54142744	-1.05273744	2.64053512	0.107059615	0.122712248	34.84462
11.32	3	0.0183273373	0.819846772	0.112017903	0.543246228	-1.10893421	2.32204216	0.106017191	0.1260282	35.282565
11.33	3	0.0212605841	0.819854198	0.112169342	0.545340443	-1.29575162	1.95662845	0.105120462	0.132531774	34.832693
11.34	3	0.0263738069	0.819735064	0.112450502	0.547240053	-1.59952386	1.67692538	0.104549491	0.112207991	34.708998
11.35	3	0.0320598011	0.819610956	0.11286703	0.549088754	-1.90010012	1.37241404	0.104149273	0.0855308268	46.853131
11.36	3	0.036437528	0.819606285	0.113432905	0.550534003	-2.23621149	1.05569958	0.103964611	0.25885213	48.821015
11.37	3	0.0394003191	0.819699159	0.114152663	0.551514481	-2.59061854	0.731130953	0.103904068	0.135157385	37.196706
11.38	3	0.0404364106	0.819828097	0.11498131	0.552115414	-2.98766926	0.428470372	0.103936318	0.11039732	36.595039
11.39	3	0.0416490549	0.819959581	0.115904705	0.552273724	-3.45106411	0.172797767	0.104203043	0.203224646	35.627385
11.4	3	0.0448011899	0.820046979	0.116890665	0.552163859	-3.89058761	-0.0371963263	0.104609835	0.123496979	35.004196
11.41	3	0.0485308504	0.820077245	0.117947288	0.551719752	-4.28181053	-0.223544865	0.105040754	0.106323529	36.228809
11.42	3	0.0530627252	0.819992829	0.119058445	0.551068077	-4.6589357	-0.379473976	0.105433858	0.114783318	36.315036
11.43	3	0.0580334518	0.8197822	0.12016768	0.550296377	-5.00826827	-0.46486499	0.106102216	0.190318497	36.524667
11.44	3	0.0625951843	0.819507196	0.121281208	0.549353328	-5.28152423	-0.543284687	0.106742684	0.152202824	41.166486
11.45	3	0.0664131587	0.819110195	0.122351406	0.548291343	-5.53129563	-0.56247055	0.107585634	0.174101891	36.829722
11.46	3	0.0678703411	0.818579733	0.123351821	0.547065619	-5.72223095	-0.536690021	0.108523038	0.142081812	35.100759
11.47	3	0.0677839855	0.81797795	0.124311889	0.545608117	-5.85999744	-0.492088375	0.109550502	0.103852808	35.343657
11.48	3	0.0649316589	0.817331811	0.125196916	0.543767859	-5.90823601	-0.475384323	0.110373301	0.172962681	35.374681
11.49	3	0.06036444	0.816644494	0.125924584	0.54204118	-5.67089977	-0.345515966	0.111104905	0.0656152951	35.476484
11.5	3	0.0543578165	0.816007539	0.12648055	0.540485026	-5.19402221	-0.14735398	0.111743701	0.130172527	35.181383
11.51	3	0.0475828683	0.815516794	0.126901907	0.538938672	-4.50545537	0.103889115	0.112333654	0.164385106	35.398289
11.52	3	0.0403442588	0.815104166	0.127180655	0.537740653	-3.80962152	0.381606646	0.112940914	0.107843458	34.909874
11.53	3	0.0317158221	0.814742493	0.127342799	0.53688906	-3.07232177	0.653335721	0.113170947	0.127365439	34.896033
11.54	3	0.0231322309	0.814344163	0.127440886	0.536030457	-2.43696031	1.0107228	0.113630483	0.0987322946	34.699133
11.55	3	0.0168704506	0.813976247	0.127440592	0.535535852	-1.83393415	1.34711851	0.11398496	0.123062882	34.275764
11.56	3	0.01362701	0.813595643	0.127344194	0.535576873	-1.24451454	1.62582441	0.114059665	0.12268952	35.369662
11.57	3	0.0132445656	0.813165627	0.127106454	0.536244896	-0.667663816	1.86500846	0.113693086	0.131027094	34.494151
11.58	3	0.0153538422	0.812743045	0.126746629	0.537439295	-0.12955338	2.01907612	0.112908775	0.0853936831	34.108906
11.59	3	0.0184652295	0.812388935	0.126300005	0.538981602	0.368031489	2.08268408	0.11180355	0.0771611113	35.166214
11.6	3	0.0218141101	0.812118921	0.125713844	0.540404706	0.879640556	2.14081166	0.110379256	0.139250833	34.54783
11.61	3	0.0245974418	0.811866221	0.125079721	0.541879062	1.20731535	2.12938464	0.108815816	0.149854499	34.813484
11.62	3	0.0267480282	0.811685572	0.124433212	0.543260189	1.37223141	2.0751832	0.107380527	0.137095932	34.910649
11.63	3	0.0278880648	0.811645234	0.123774941	0.544337712	1.42699749	1.99542505	0.105754694	0.123968031	34.886791
11.64	3	0.0284863104	0.811814552	0.123195904	0.544985498	1.37719728	1.89644479	0.104561734	0.0496685669	41.775425
11.65	3	0.0285778812	0.812197771	0.122700336	0.545078263	1.22737851	1.79747987	0.103990212	0.117422254	34.232197
11.66	3	0.028871093	0.812785453	0.122289618	0.544660745	0.983163306	1.69707293	0.10380544	0.114145925	36.982946
11.67	3	0.0289734936	0.81355728	0.12196542	0.543718776	0.67027863	1.5918331	0.103759339	0.0747912731	34.184742
11.68	3	0.0286308685	0.814462839	0.12171427	0.54241075	0.346195235	1.51706844	0.103850832	0.109861196	34.747428
11.69	3	0.0272411635	0.815432715	0.121494419	0.540818091	-0.0299313731	1.51098638	0.104037218	0.0881850546	35.303871
11.7	3	0.0252416808	0.816497445	0.121300485	0.53889053	-0.426740075	1.58422334	0.104371519	0.129081915	36.032162
11.71	3	0.0226121363	0.817603311	0.121127749	0.536725483	-0.775698619	1.73898482	0.104853684	0.0997606948	36.94691
11.72	3	0.0196883913	0.81868859	0.120964722	0.534379598	-1.13000484	1.9738823	0.105682947	0.129005871	36.298529
11.73	3	0.0169322217	0.819738168	0.120716266	0.532324822	-1.42568885	2.156887	0.106673745	0.160219732	36.006645
11.74	3	0.0143800508	0.820677973	0.120428044	0.530133652	-1.80778148	2.19690904	0.107793394	0.103849192	36.625608
11.75	3	0.0124785654	0.82161215	0.120129437	0.528303161	-2.16831919	2.19916302	0.10897415	0.10996043	35.81286
11.76	3	0.0110653403	0.822678817	0.119781919	0.526393763	-2.41370534	2.20729075	0.110123625	0.116757452	35.357336
11.77	3	0.00959045873	0.823749283	0.119419297	0.524774134	-2.66325678	2.14282428	0.111025116	0.0668924634	36.094312
11.78	3	0.0092707207	0.824864191	0.119072558	0.523445904	-2.87469062	2.02209936	0.11175023	0.071921559	34.973039
11.79	3	0.0101933045	0.82601027	0.118722251	0.52254409	-3.01073558	1.85147851	0.112293784	0.0915064293	35.571908
11.8	3	0.0108258882	0.827153788	0.1183215	0.522054514	-3.05270397	1.68834175	0.11251608	0.114522464	38.077959
11.81	3	0.0111312083	0.828378144	0.117869078	0.521948817	-2.97634477	1.45312889	0.112223813	0.160487039	34.946632
11.82	3	0.0117650926	0.829551668	0.117391657	0.52190494	-2.94275911	1.27764994	0.111749387	0.128036769	35.30823
11.83	3	0.0132741238	0.830670838	0.116853104	0.522642186	-2.90332112	1.08112665	0.111067451	0.0871757596	35.289061
11.84	3	0.015488776	0.831746904	0.116204554	0.523954209	-2.81491038	0.901299232	0.110455936	0.137613081	35.360227
11.85	3	0.018204038	0.832846049	0.115516744	0.524906177	-2.75525849	0.648933364	0.109802932	0.14659516	34.830144
11.86	3	0.0202384969	0.833892469	0.114703621	0.526089104	-2.70035217	0.456512845	0.109341116	0.109605345	34.710751
11.87	3	0.0220993239	0.834937649	0.113793502	0.527413342	-2.62181927	0.312991276	0.10890369	0.126677825	35.387448
11.88	3	0.0237154872	0.836019676	0.112786407	0.528721635	-2.47507371	0.202905372	0.108381827	0.133838707	35.287238
11.89	3	0.0256648662	0.837155223	0.111654323	0.529838625	-2.21732978	0.0672719794	0.10744742	0.172686066	35.078326
11.9	3	0.0281989928	0.838256535	0.110508903	0.531201895	-2.02769853	-0.0312385452	0.106403278	0.102466425	35.139918
11.91	3	0.0305308044	0.839381714	0.109391024	0.532621083	-1.86334194	-0.116490061	0.105329816	0.100887966	35.56668
11.92	3	0.0322634869	0.840613486	0.108333697	0.533937802	-1.68377268	-0.234080539	0.104137172	0.0878102277	35.463803
11.93	3	0.0324748977	0.842006141	0.107368163	0.535051732	-1.53960248	-0.370790186	0.103509736	0.124931799	36.54075
11.94	3	0.0319615311	0.843579615	0.106532476	0.535834367	-1.47194507	-0.533091436	0.103240683	0.18120316	35.980896
11.95	3	0.030227786	0.845368885	0.105859868	0.536157088	-1.48765839	-0.727992119	0.103157368	0.14232087	35.572201
11.96	3	0.0270998559	0.847380954	0.105251237	0.53633645	-1.49729506	-0.818140146	0.103470648	0.084146161	37.433266
11.97	3	0.0235195703	0.849576262	0.104685155	0.53643937	-1.42728848	-0.826394682	0.103862668	0.119466062	35.676821
11.98	3	0.0201992341	0.851955084	0.104159762	0.536415086	-1.25635091	-0.764801826	0.104141513	0.0764902397	36.035431
11.99	3	0.017854796	0.854311196	0.103660028	0.537082134	-1.18273428	-0.715745573	0.104352068	0.128975509	36.555271
12	3	0.0169309805	0.856666287	0.103182803	0.538288652	-1.06176229	-0.663759146	0.104355045	0.0946734131	35.479551
12.01	3	0.0162446574	0.859046724	0.102692141	0.539566323	-0.826179936	-0.660774647	0.104339542	0.0592030372	35.841645
12.02	3	0.0153077873	0.861375854	0.102224662	0.540880116	-0.608646092	-0.561308642	0.104721527	0.132222421	35.627187
12.03	3	0.0153028457	0.863672794	0.101747106	0.542703804	-0.370795316	-0.447909954	0.105048278	0.131080319	34.221777
12.04	3	0.0161664183	0.865916689	0.101237534	0.544909267	-0.124718375	-0.345588655	0.105192848	0.0776303557	35.119678
12.05	3	0.0176544958	0.868061421	0.100764997	0.547068984	-0.00852588763	-0.322510635	0.105276722	0.0767264988	34.526281
12.06	3	0.0195639741	0.870122099	0.100261102	0.549324133	0.112874928	-0.304480843	0.105109169	0.0803694015	33.674139
12.07	3	0.0202579046	0.87204237	0.0997433563	0.551625014	0.160914393	-0.29944746	0.104992357	0.0965805859	35.904531
12.08	3	0.0202288859	0.873859053	0.0991880636	0.553968145	0.175185585	-0.289306593	0.104774166	0.0970168757	35.31916
12.09	3	0.0199881228	0.875610543	0.0986210906	0.556250321	0.139836763	-0.274838579	0.104499509	0.0404378994	35.313807
12.1	3	0.0195566725	0.877385417	0.0980479112	0.557818974	0.137287912	-0.195038032	0.104569185	0.18066976	34.039041
12.11	3	0.0185796506	0.879204248	0.0975602164	0.558903335	0.0829810405	-0.137642314	0.105008275	0.163374373	34.063317
12.12	3	0.0169356062	0.881051008	0.0971361947	0.559597636	0.0094152745	-0.113436725	0.105325928	0.134186361	33.846786
12.13	3	0.0145457639	0.882901222	0.0967298748	0.559967114	-0.0373682373	-0.0716885035	0.105482827	0.170491321	34.072188
12.14	3	0.0116933204	0.884747524	0.0963007635	0.560032152	-0.0378179819	0.0045705559	0.105350809	0.11479168	33.286171
12.15	3	0.00877309088	0.886577531	0.0958517089	0.559769041	-0.0381263362	0.102120563	0.105024652	0.140423006	34.608989
12.16	3	0.00724536374	0.888425978	0.0954464828	0.559166353	-0.0539106188	0.211176219	0.104993654	0.0997212346	34.766564
12.17	3	0.00955085658	0.890228841	0.0950122076	0.55832859	-0.0442070674	0.379805389	0.105450082	0.131837142	35.367366
12.18	3	0.0129048486	0.892034684	0.0945774163	0.557268994	0.0184476266	0.569235205	0.105831068	0.0872274185	34.836043
12.19	3	0.0159032228	0.89382126	0.0940743129	0.556218626	0.147767429	0.828967304	0.10599575	0.158693279	34.897274
12.2	3	0.0199551073	0.895552579	0.0935398508	0.555074632	0.273102715	1.15398722	0.10653514	0.127420707	34.800499
12.21	3	0.023011443	0.897199374	0.0930473868	0.553408019	0.282723165	1.43125025	0.106948949	0.111727549	34.397276
12.22	3	0.0264731623	0.898831467	0.0926101166	0.55164895	0.31386647	1.70071601	0.107546336	0.133599802	34.435759
12.23	3	0.0303150853	0.900476096	0.0922346986	0.549658719	0.306751523	1.93561735	0.108159662	0.177058022	35.363811
12.24	3	0.0334122711	0.902158984	0.0918933022	0.547464374	0.284600889	2.1673702	0.108685081	0.104541381	34.98368
12.25	3	0.0349723211	0.903841845	0.0916110886	0.545006079	0.235037269	2.39729334	0.10937804	0.112538983	35.037716
12.26	3	0.0351273092	0.905532363	0.091399694	0.542162555	0.14877607	2.59404682	0.110030082	0.0876343505	35.31292
12.27	3	0.0326564157	0.907236759	0.0912869281	0.538947028	0.0014083525	2.73359932	0.110319676	0.125903011	35.555306
12.28	3	0.0290868805	0.908972522	0.0913099889	0.535447627	-0.0787097154	2.76757899	0.11045873	0.0935591097	37.325338
12.29	3	0.02454736	0.910664491	0.0913888069	0.531753994	-0.138226313	2.70935716	0.110332597	0.138529919	36.307703
12.3	3	0.0204475238	0.912291694	0.0915702439	0.527688016	-0.150019547	2.75959273	0.110570975	0.0870212117	36.327344
12.31	3	0.0191493968	0.91374746	0.0919245977	0.523913014	-0.278266378	2.73244983	0.111093445	0.0915549525	35.862895
12.32	3	0.0206553859	0.914969902	0.0924232248	0.520533323	-0.46717614	2.63123453	0.111677685	0.0785310137	34.527519
12.33	3	0.0243505075	0.915929469	0.0930261551	0.517553572	-0.698295399	2.43193651	0.112135784	0.133397053	34.375213
12.34	3	0.030224829	0.916539422	0.0937094475	0.515138715	-0.953973511	2.20443166	0.112507949	0.113904145	34.722243
12.35	3	0.0362633686	0.916822238	0.0944113388	0.513271731	-1.21925312	1.95523689	0.112871383	0.148002598	34.158907
12.36	3	0.0407354294	0.916772976	0.0952257505	0.511584124	-1.6091042	1.74790409	0.113562044	0.0643459163	34.334707
12.37	3	0.0442899932	0.916504508	0.0961140874	0.510417651	-1.90401298	1.50161489	0.11440231	0.138683085	42.909749
12.38	3	0.0473634623	0.915983901	0.0970161532	0.509730555	-2.14810792	1.23918103	0.115086572	0.0795187493	35.350263
12.39	3	0.0487095396	0.915271917	0.0979442749	0.509368056	-2.30824251	0.952366239	0.115550117	0.111738628	34.18672
12.4	3	0.0476877656	0.914603239	0.0987863383	0.508602798	-2.24239505	0.530634072	0.115365428	0.150621745	34.527601
12.41	3	0.0443418205	0.913849136	0.0996274226	0.508074452	-2.18340281	0.147608878	0.115178831	0.114334655	34.57065
12.42	3	0.040149389	0.912997501	0.100467559	0.507784372	-2.13546491	-0.183155442	0.114996511	0.0877428928	35.35065
12.43	3	0.0345776835	0.91206834	0.101266985	0.507666301	-2.05893276	-0.509519292	0.114708282	0.121783414	35.791269
12.44	3	0.0275464517	0.911141417	0.102072057	0.507499197	-1.9750499	-0.853786456	0.114311543	0.180856893	35.174655
12.45	3	0.0193253362	0.910255467	0.102900418	0.507280609	-1.88162337	-1.20686618	0.113762622	0.140855938	35.932147
12.46	3	0.0130246454	0.909361781	0.103547623	0.507626865	-1.62122424	-1.37438002	0.113012486	0.133981803	36.045963
12.47	3	0.00969844861	0.9084778	0.104009129	0.508429309	-1.30669693	-1.34728498	0.112502219	0.119896056	37.848296
12.48	3	0.01240635	0.907579102	0.104282633	0.509657821	-0.948782704	-1.15422864	0.112105905	0.111310716	36.103351
12.49	3	0.0178564242	0.906770551	0.10436159	0.51103201	-0.416129918	-0.857732681	0.111566047	0.10405032	35.645302
12.5	3	0.0232350861	0.905980982	0.10436248	0.513082192	-0.0631790735	-0.554794245	0.111021872	0.0817750417	36.091081
12.51	3	0.028872753	0.905195359	0.104226203	0.515662725	0.230611387	-0.218879528	0.110328478	0.119112394	35.387143
12.52	3	0.0357348963	0.904489376	0.103989364	0.518655818	0.451652288	0.0690521687	0.109564045	0.0941098011	34.98079
12.53	3	0.0421287225	0.90384304	0.103802968	0.521097673	0.484403758	0.251302307	0.108718969	0.0846549604	34.387885
12.54	3	0.0474277006	0.90338011	0.10354059	0.52383626	0.533400375	0.351880282	0.107425656	0.109503943	34.041708
12.55	3	0.0525659247	0.903089362	0.103233818	0.526593641	0.57300134	0.407274618	0.106222283	0.12364717	34.263741
12.56	3	0.0577153409	0.902916874	0.102847992	0.529402103	0.62117237	0.446009627	0.105101496	0.0854621387	34.053285
12.57	3	0.0634077976	0.902870255	0.102439496	0.532262903	0.670568036	0.503878628	0.104418893	0.136219785	34.553153
12.58	3	0.068418102	0.903001445	0.102032858	0.535033206	0.735418645	0.59866572	0.104206916	0.0785783031	35.024689
12.59	3	0.0726968798	0.903260649	0.101565328	0.537838955	0.854209609	0.715918407	0.104111179	0.0947520141	34.853288
12.6	3	0.0754485141	0.90373519	0.10109798	0.54037098	1.029053	0.856239409	0.104099376	0.128214444	35.675487
12.61	3	0.0783628333	0.904430938	0.100657613	0.542537609	1.21911774	1.01384592	0.104306293	0.0897303501	35.2197
12.62	3	0.0797877019	0.905306358	0.100256725	0.544178365	1.39384055	1.20535153	0.104640912	0.114467896	34.785469
12.63	3	0.0793211387	0.90632662	0.0999026829	0.545278059	1.56532401	1.44180025	0.105077652	0.156861305	34.327706
12.64	3	0.0779231065	0.90747666	0.0996035165	0.545912368	1.6922288	1.69078547	0.105613426	0.0873579108	35.064172
12.65	3	0.0770039808	0.908789089	0.0994209872	0.545996472	1.80253788	1.93932366	0.106511	0.0932691061	35.003239
12.66	3	0.0753709801	0.910222242	0.0993308114	0.54549639	1.82161841	2.14661799	0.107402785	0.095222362	35.002954
12.67	3	0.0717381176	0.911751266	0.0993331135	0.544546753	1.75530746	2.3265055	0.108369364	0.0965986119	35.806771
12.68	3	0.0679335501	0.9133461	0.0994049342	0.543370583	1.61630729	2.47754716	0.109349472	0.130426476	35.383886
12.69	3	0.0654068148	0.91489827	0.0995105861	0.54211162	1.36805195	2.60849756	0.110521908	0.136141155	36.132617
12.7	3	0.0648274843	0.916388733	0.0996927576	0.540762567	1.00380289	2.74592352	0.112455516	0.157418852	35.785922
12.71	3	0.0646725745	0.917781417	0.09989523	0.539366137	0.530877264	2.88350596	0.114478247	0.111654203	35.573226
12.72	3	0.065373541	0.919101027	0.100015755	0.538498372	0.197249157	2.91603265	0.116117215	0.13968722	35.677031
12.73	3	0.0645994777	0.920499155	0.0999707683	0.537838637	0.0994050607	2.92924307	0.117154731	0.130359747	35.761605
12.74	3	0.0643199584	0.92189082	0.0997949007	0.537638041	0.0320296566	2.87654736	0.118207171	0.103501047	38.098608
12.75	3	0.0635584139	0.923263677	0.0994371625	0.537765258	0.0502423214	2.78188111	0.118928843	0.100242144	40.257337
12.76	3	0.0605457743	0.92454023	0.0989135441	0.537760237	0.0493880232	2.54845357	0.119199976	0.101670319	44.95203
12.77	3	0.0563128427	0.925865396	0.0982080373	0.537870336	0.161994352	2.33946	0.119145603	0.131586436	36.870774
12.78	3	0.0517741798	0.927161023	0.0974770093	0.53831391	0.233378302	2.23773605	0.119184749	0.101807562	35.067912
12.79	3	0.047351066	0.928471141	0.0968000212	0.538884721	0.221047666	2.16219401	0.119428996	0.0988430911	35.288435
12.8	3	0.0444756445	0.929763899	0.0961561033	0.539512894	0.173376552	2.12640676	0.119899268	0.0970191853	36.091097
12.81	3	0.0416957968	0.931049213	0.0955672396	0.540169928	0.0836514013	2.10622929	0.120243472	0.0806947864	37.090716
12.82	3	0.0397491214	0.932306151	0.0950439739	0.54078407	-0.0485577077	2.03175393	0.120383863	0.144528858	38.213236
12.83	3	0.0388945011	0.933497047	0.0945465491	0.54143462	-0.1584488	1.93795002	0.120296581	0.0771515961	40.915675
12.84	3	0.0377244663	0.934589936	0.0940375068	0.542219207	-0.224246276	1.758625	0.119551048	0.143846352	39.82673
12.85	3	0.0362942394	0.935691734	0.0935836386	0.542312308	-0.253162013	1.60051375	0.118613919	0.136967497	40.772932
12.86	3	0.0352264765	0.936705583	0.0931851153	0.54246571	-0.300811592	1.37745805	0.117374848	0.103379854	39.394428
12.87	3	0.0360303593	0.937647642	0.0928495921	0.542526226	-0.381798746	1.14157381	0.116429542	0.170122195	32.596098
12.88	3	0.0381778032	0.93852546	0.0925751815	0.542432539	-0.527782242	0.890572058	0.115674799	0.138671313	37.964038
12.89	3	0.0412205058	0.939344801	0.092366988	0.542085776	-0.676118209	0.649397603	0.115161016	0.0847790681	39.381609
12.9	3	0.0438678682	0.940106909	0.0921855916	0.541435407	-0.817760857	0.43765459	0.114782825	0.0816217329	32.321456
12.91	3	0.0437922504	0.940861262	0.0920059186	0.540309141	-0.937636887	0.242701412	0.114281471	0.133291305	33.407861
12.92	3	0.0430758255	0.941604707	0.0918198862	0.538825288	-1.006627	0.0700342352	0.113911452	0.108123931	33.764636
12.93	3	0.0423943052	0.94224067	0.0916067704	0.537310351	-1.08597275	-0.0815646929	0.113643032	0.173111593	34.001415
12.94	3	0.0416654189	0.942759562	0.0914130367	0.535874354	-1.21039542	-0.228332903	0.113474333	0.0942933147	34.322512
12.95	3	0.0409734029	0.943187356	0.0911836992	0.534418452	-1.30905995	-0.33813943	0.113280179	0.125714259	34.202525
12.96	3	0.0410858905	0.943435164	0.0909948316	0.533555001	-1.50897321	-0.516647128	0.113117116	0.150632465	34.816149
12.97	3	0.042397833	0.943557051	0.0907749013	0.532932431	-1.71065632	-0.892486533	0.112601668	0.143887412	35.593714
12.98	3	0.0425151191	0.943353917	0.0904557038	0.533203639	-1.90471913	-0.997870128	0.112278398	0.12839664	35.59651
12.99	3	0.0431645868	0.942983407	0.0900442481	0.534728946	-1.98226648	-0.99106237	0.112145152	0.110779487	34.935802
13	3	0.0443034673	0.942537098	0.0895386367	0.537281454	-1.95154027	-0.891025744	0.11217387	0.0853917662	34.485209
13.01	3	0.0444700885	0.942026132	0.0888995831	0.540506736	-1.82736898	-0.750477769	0.112020657	0.111991713	34.976619
13.02	3	0.0456727471	0.941517344	0.0881233118	0.544232878	-1.58871765	-0.579465593	0.111740248	0.105054601	34.904324
13.03	3	0.0461881715	0.941038982	0.087255177	0.548275148	-1.30980566	-0.333279186	0.111332944	0.155611324	35.543295
13.04	3	0.04701636	0.940672243	0.0863828155	0.552184592	-0.984123139	-0.049446815	0.111073144	0.106110991	35.52671
13.05	3	0.0469460899	0.940460931	0.0855371987	0.555994954	-0.625838406	0.227408201	0.111007169	0.136962544	34.393835
13.06	3	0.0462692847	0.940388748	0.0847276691	0.559671569	-0.257577585	0.475414798	0.111007908	0.070514326	35.248048
13.07	3	0.0455677243	0.940420307	0.0839896103	0.562727911	0.0169332641	0.602509426	0.110902944	0.0752077738	35.099714
13.08	3	0.0447062881	0.940544869	0.0832728414	0.565410796	0.268790811	0.748477344	0.110926679	0.117819436	34.652346
13.09	3	0.0424113593	0.940817828	0.0826277252	0.567583821	0.508919001	0.947534906	0.111276388	0.133031805	33.932627
13.1	3	0.0384463234	0.941232771	0.082066412	0.569218693	0.720623381	1.146582	0.111659387	0.150246127	34.872436
13.11	3	0.0343727074	0.941758166	0.0815703976	0.570435758	0.908277816	1.33385312	0.111958003	0.162525465	34.684382
13.12	3	0.031157824	0.94237058	0.0810989404	0.571351222	1.09791262	1.49454559	0.11190311	0.0911619938	35.127102
13.13	3	0.0287217304	0.943073945	0.0807047833	0.571841798	1.24608199	1.59479412	0.111646431	0.117212567	35.107425
13.14	3	0.0266637872	0.943875506	0.0803751092	0.571757262	1.36743296	1.64773549	0.11118086	0.144756608	35.00503
13.15	3	0.0260494424	0.944807353	0.0801422963	0.571145482	1.49537623	1.64684217	0.110608469	0.129801292	35.298375
13.16	3	0.0283842507	0.945854445	0.0799728895	0.570017614	1.62112085	1.63985859	0.110133531	0.119994181	36.277959
13.17	3	0.0326941944	0.947017727	0.0798860818	0.568456991	1.73277111	1.62361498	0.109917356	0.0437656713	34.973351
13.18	3	0.0382069032	0.948290029	0.0798732682	0.566454945	1.8357533	1.56083367	0.109589702	0.114983843	34.72796
13.19	3	0.0446070725	0.949664171	0.0799494302	0.564114597	1.89854023	1.46076807	0.109408549	0.131840174	34.983888
13.2	3	0.050713037	0.951049911	0.0800904556	0.561451317	1.83039305	1.30649699	0.109319542	0.123760347	35.187617
13.21	3	0.0561182078	0.952455765	0.0803334185	0.558361297	1.69502878	1.10265803	0.109443089	0.12600347	36.83799
13.22	3	0.0608959169	0.953874484	0.0806709025	0.555120407	1.4912462	0.827672213	0.109665827	0.19675215	35.714092
13.23	3	0.0650184474	0.955261951	0.0810553841	0.551780467	1.21450366	0.508205707	0.109821567	0.170888262	35.680805
13.24	3	0.0675302032	0.956632699	0.0813961824	0.547980009	0.968471681	0.316413786	0.110152195	0.145187188	36.421735
13.25	3	0.0676990421	0.957901675	0.0817642695	0.544300811	0.603261253	0.106182534	0.110370371	0.098248615	36.356916
13.26	3	0.0654596781	0.958851365	0.0821391602	0.541483413	0.0727993396	0.153043197	0.110684129	0.130606323	36.431092
13.27	3	0.0612049499	0.959465951	0.0825251515	0.53929803	-0.53335218	0.248018184	0.111208377	0.113408128	36.485981
13.28	3	0.0556922475	0.959879205	0.0828974774	0.538071059	-1.0286197	0.465352455	0.112099602	0.122065158	36.88327
13.29	3	0.0486244141	0.960137246	0.0832954364	0.537584752	-1.46963024	0.683153311	0.112971706	0.143445535	37.242088
13.3	3	0.0404710323	0.960288398	0.0838027287	0.537695996	-1.881649	0.808277691	0.113619145	0.114747972	36.043345
13.31	3	0.0308938219	0.960332137	0.0844640662	0.53824395	-2.30460957	0.838401688	0.114202674	0.120801778	36.398158
13.32	3	0.0203048699	0.960300857	0.085291894	0.539061495	-2.77181633	0.813243459	0.114885772	0.0946161484	38.965191
13.33	3	0.0113945157	0.960199206	0.0861219239	0.53976455	-3.09165499	0.807675756	0.115343493	0.114432301	38.736117
13.34	3	0.0121007947	0.959998363	0.0869804807	0.540666108	-3.33981779	0.77836691	0.115749222	0.077327891	37.466775
13.35	3	0.0217658649	0.959747838	0.0879380003	0.541499302	-3.56000159	0.76477912	0.116265095	0.178008309	34.831265
13.36	3	0.0333595754	0.959526152	0.0890449347	0.542080564	-3.71122305	0.747264701	0.117172053	0.146283595	37.747671
13.37	3	0.0441377872	0.959347554	0.0902243518	0.542356402	-3.74158552	0.711273243	0.118188478	0.149121674	36.680949
13.38	3	0.0536332682	0.959209887	0.0915206752	0.541917711	-3.77541746	0.720149222	0.119229545	0.143517901	38.918194
13.39	3	0.0615517869	0.959128898	0.0928459925	0.541327605	-3.65436816	0.674330081	0.119976566	0.147567366	41.316427
13.4	3	0.067646803	0.959144936	0.0941883782	0.540436336	-3.41653957	0.577807531	0.120548237	0.112163568	34.000836
13.41	3	0.0722670172	0.959225394	0.0954975936	0.539256821	-3.08298894	0.432981942	0.120865036	0.100146686	34.301323
13.42	3	0.07485561	0.959387907	0.0967799197	0.537774257	-2.72574766	0.279236259	0.121195845	0.105678716	35.095444
13.43	3	0.0751738013	0.959628044	0.0980035199	0.536061807	-2.36992569	0.116227321	0.121321762	0.129216289	34.633936
13.44	3	0.0730357329	0.959971671	0.0991838105	0.534137489	-2.00078485	-0.0655112716	0.121189818	0.118223201	34.68546
13.45	3	0.0688707613	0.960433097	0.100372699	0.532027363	-1.66272762	-0.241131145	0.121218531	0.0634788795	34.860241
13.46	3	0.062828077	0.961005893	0.101600935	0.529725356	-1.39062841	-0.37642251	0.121424218	0.158820581	35.467403
13.47	3	0.0560935505	0.961659569	0.102860191	0.527254427	-1.17720418	-0.495432224	0.1217913	0.123845204	35.849128
13.48	3	0.0496366342	0.96233752	0.104084641	0.524733705	-1.00560429	-0.604993827	0.12210442	0.156080154	35.814738
13.49	3	0.0427311949	0.963077618	0.105047362	0.523008109	-0.674159156	-0.546395131	0.122085305	0.0924117594	35.196675
13.5	3	0.0355154854	0.963949704	0.105762195	0.521596221	-0.114167431	-0.421092162	0.121668984	0.106850554	35.378294
13.51	3	0.0295390573	0.964968423	0.106270602	0.520532715	0.494071477	-0.198989561	0.12121818	0.140950345	35.862447
13.52	3	0.0262504417	0.965990859	0.106540133	0.520369214	0.966784704	0.0169818609	0.12064469	0.0716054602	35.474938
13.53	3	0.0259975655	0.96700443	0.106691707	0.520600709	1.29808107	0.315015612	0.120320774	0.107539564	36.764509
13.54	3	0.0281890648	0.967995705	0.106604567	0.521907879	1.63543353	0.584034568	0.119836465	0.0762935825	35.867919
13.55	3	0.0316354579	0.968949031	0.106282742	0.524038592	1.89486414	0.84873429	0.119319042	0.0950375272	34.63881
13.56	3	0.0348008695	0.969935674	0.105829341	0.52694033	2.07243372	1.06910502	0.118801972	0.099666214	35.793202
13.57	3	0.0361124435	0.971005374	0.105330213	0.530402695	2.12205435	1.19514432	0.118301685	0.114527287	39.357679
13.58	3	0.036637796	0.972163891	0.104821694	0.534196149	2.08933113	1.21987933	0.117779367	0.0935206861	34.31027
13.59	3	0.035537404	0.973355178	0.104401916	0.537618226	1.83570155	1.06675172	0.117403979	0.0642709977	34.446429
13.6	3	0.0343914175	0.974689771	0.104004708	0.540731677	1.68945736	1.0079578	0.117342608	0.121871494	36.259142
13.61	3	0.0333119319	0.976083806	0.103713979	0.543805858	1.51418505	0.929196403	0.117706278	0.0870396749	38.516595
13.62	3	0.0322475241	0.97757345	0.103507842	0.546582804	1.37729244	0.865771486	0.118236025	0.130819396	35.694325
13.63	3	0.0318375853	0.979115922	0.103383873	0.549028926	1.26480709	0.822573163	0.119055865	0.139108399	42.934713
13.64	3	0.0318613599	0.980700765	0.103352363	0.55111915	1.10594621	0.759772855	0.120089961	0.149618804	42.580247
13.65	3	0.0323963453	0.982310309	0.103383213	0.552853232	0.958159438	0.705517499	0.121180927	0.14103119	33.217926
13.66	3	0.0335484169	0.983917972	0.103430945	0.5544097	0.831539798	0.651407369	0.122121746	0.131559527	40.844985
13.67	3	0.0336542566	0.985522543	0.103469512	0.555846934	0.738304065	0.602691963	0.122812462	0.0776601887	33.579759
13.68	3	0.0335682099	0.987133851	0.103489062	0.557190395	0.660853327	0.545523844	0.123266114	0.150207184	36.809016
13.69	3	0.0330832825	0.988731645	0.103496771	0.558472805	0.575104934	0.468824226	0.123535859	0.132761793	34.720956
13.7	3	0.0335137413	0.990305083	0.103526644	0.55963967	0.485725676	0.375096492	0.123811944	0.0991276427	35.619458
13.71	3	0.0335920503	0.9918337	0.10359446	0.560590133	0.367364707	0.252057065	0.12406988	0.12385592	38.712401
13.72	3	0.0345189238	0.993361796	0.103719247	0.561233931	0.25084825	0.117770084	0.124435413	0.0648052199	41.920706
13.73	3	0.0354405628	0.994846177	0.103861974	0.561552877	0.119751226	-0.0331676853	0.124816807	0.178842631	40.393147
13.74	3	0.0364456315	0.996316306	0.104027816	0.561474015	0.00854643709	-0.185464118	0.125199302	0.0870262194	33.725141
13.75	3	0.0369803907	0.99778341	0.104167251	0.560977815	-0.00338531456	-0.324834782	0.125216326	0.101865862	34.071702
13.76	3	0.0366522034	0.99921944	0.104252335	0.560038841	0.0108568828	-0.442308684	0.125067553	0.109675614	35.171536
13.77	3	0.0343133727	1.00057539	0.104236434	0.558609444	0.0136112811	-0.534526675	0.124672112	0.0850388503	38.005159
13.78	3	0.0307350919	1.00185853	0.104164903	0.5567136	-0.0192717233	-0.59662361	0.124267401	0.108485789	38.257089
13.79	3	0.0282900511	1.00309143	0.104064955	0.554132592	-0.0827696031	-0.630496678	0.123953156	0.156715067	34.601997
13.8	3	0.0281210411	1.00416792	0.104020792	0.551448391	-0.244325979	-0.546446469	0.123959697	0.0828306196	42.674103
13.81	3	0.0284794901	1.0052073	0.103994559	0.548953307	-0.353947736	-0.437248525	0.124007065	0.0943778937	34.443873
13.82	3	0.0303123085	1.00623208	0.104054827	0.546563415	-0.480221691	-0.357069478	0.124312713	0.131217406	34.932998
13.83	3	0.0314376536	1.0071756	0.104112344	0.544497874	-0.594607863	-0.232815085	0.124657355	0.0941097158	37.875867
13.84	3	0.031698938	1.00802807	0.104178626	0.542758216	-0.726714613	-0.0887227762	0.124822641	0.106605628	35.15376
13.85	3	0.031643261	1.00873706	0.104233456	0.541440315	-0.882418291	0.0591934984	0.12484982	0.0983678425	35.452614
13.86	3	0.0315249557	1.00936069	0.104297846	0.540309152	-1.04790057	0.249667465	0.124999426	0.0891414189	33.969566
13.87	3	0.0310729076	1.00984564	0.104363052	0.539433984	-1.2490439	0.436463819	0.125332996	0.0921652963	35.251155
13.88	3	0.0306323057	1.01027028	0.10445029	0.538552599	-1.41775714	0.59397953	0.125678055	0.127719928	38.99783
13.89	3	0.0300598834	1.01064255	0.104553077	0.537688238	-1.51308557	0.73788151	0.125991606	0.114944763	38.233321
13.9	3	0.0280703882	1.01110625	0.10471279	0.536352824	-1.46558481	0.743849157	0.126237788	0.15577958	35.026581
13.91	3	0.0260603867	1.01148006	0.104985093	0.534566472	-1.5345584	0.888624973	0.126911622	0.119316307	35.858709
13.92	3	0.0237965312	1.01184126	0.105245157	0.532843925	-1.50374658	1.00597194	0.127240159	0.098710409	35.991092
13.93	3	0.0220600665	1.01215057	0.105420506	0.531315672	-1.37586252	1.1087336	0.127239534	0.14285885	36.067892
13.94	3	0.0209371497	1.01245082	0.105548627	0.529830734	-1.1943253	1.23774176	0.127274511	0.129425773	36.772314
13.95	3	0.0198097931	1.01272721	0.105607167	0.528416766	-0.992243671	1.42457294	0.127631759	0.119306554	40.744612
13.96	3	0.0187358843	1.01293188	0.105747489	0.52738011	-0.805771201	1.57223174	0.128080255	0.14818156	39.17427
13.97	3	0.0175342678	1.01311599	0.105955375	0.526482643	-0.609228187	1.66120087	0.128553815	0.181675375	37.959746
13.98	3	0.0162775676	1.01328044	0.106309156	0.52570711	-0.479432995	1.65477318	0.128828168	0.151641797	34.508989
13.99	3	0.015937334	1.01338766	0.106828873	0.525132268	-0.433182878	1.55097961	0.129132038	0.0965514924	35.983926
14	3	0.017059621	1.01340114	0.107364333	0.525088289	-0.308899439	1.50629035	0.129548384	0.0868645213	36.549058
14.01	3	0.0196319862	1.01341699	0.1079321	0.525564051	-0.127927236	1.47178291	0.129781196	0.122205879	39.435869
14.02	3	0.0240457748	1.01344483	0.108493708	0.526032768	0.143231945	1.46834022	0.12993655	0.147792334	43.076994
14.03	3	0.02802677	1.01337933	0.108933015	0.527217414	0.463414118	1.54430866	0.129877483	0.110097115	37.470647
14.04	3	0.0310397145	1.01314624	0.109302429	0.528972172	0.727851534	1.67932813	0.129896197	0.116350773	33.615459
14.05	3	0.03269703	1.01283455	0.109566611	0.530753938	0.995506225	1.94327388	0.130033715	0.0981433626	43.600229
14.06	3	0.0325025338	1.01242606	0.109824596	0.532980813	1.18489385	2.1376425	0.129877216	0.114290685	32.808122
14.07	3	0.0323060461	1.01194095	0.110055927	0.535528194	1.34736141	2.23314956	0.12946923	0.140910054	36.61304
14.08	3	0.0330380159	1.01142412	0.110347294	0.538295189	1.43666027	2.20073118	0.128857727	0.100904564	34.100992
14.09	3	0.0343434023	1.01093845	0.110774512	0.541122404	1.44892651	2.03210908	0.128376009	0.103316	35.413577
14.1	3	0.0357688475	1.01041907	0.111292856	0.543540379	1.31920589	1.8078118	0.128230882	0.186016593	38.575279
14.11	3	0.0363349294	1.00994521	0.111933581	0.545495511	1.10272534	1.50587614	0.128094974	0.177128457	41.546431
14.12	3	0.036504307	1.00954465	0.112668013	0.546961744	0.865529797	1.1677494	0.127928698	0.122733533	32.201006
14.13	3	0.0364231587	1.00922234	0.113494115	0.547959623	0.610427849	0.810207195	0.127774703	0.081498065	33.164134
14.14	3	0.03573851	1.00894287	0.114331564	0.548600575	0.375063808	0.463847437	0.127544432	0.124314112	34.478608
14.15	3	0.0346455958	1.00873064	0.115153536	0.548978833	0.226064538	0.178638566	0.127250778	0.0941931788	33.782752
14.16	3	0.0336573626	1.00862349	0.115921805	0.549083299	0.191381648	-0.0257506235	0.126818501	0.12121872	38.378876
14.17	3	0.0336757563	1.00860372	0.116682659	0.548970482	0.199832633	-0.205216238	0.126334303	0.131718363	34.393075
14.18	3	0.0339246069	1.00863137	0.117378155	0.548756853	0.279852845	-0.301859297	0.125799164	0.104367394	39.498664
14.19	3	0.0344786344	1.00862641	0.118095691	0.547928329	0.216515597	-0.436268877	0.125404228	0.124818812	34.471372
14.2	3	0.0357544286	1.00862502	0.118754721	0.547141832	0.220400716	-0.447918201	0.125175908	0.178478425	34.731764
14.21	3	0.0360792014	1.00856632	0.119349443	0.546297439	0.203685644	-0.357467857	0.125082182	0.135255404	34.261903
14.22	3	0.0368935016	1.00840516	0.119839801	0.545286523	0.166194434	-0.173086336	0.12507107	0.146204131	35.565506
14.23	3	0.0380366928	1.00814325	0.120059552	0.544831239	0.222072868	-0.000984774539	0.124756949	0.115746986	35.712183
14.24	3	0.0392059041	1.00777269	0.120048298	0.544910315	0.324395227	0.129425885	0.124242643	0.123932708	36.093088
14.25	3	0.0409325776	1.00735302	0.119832326	0.545331851	0.486858	0.217762111	0.123593012	0.0635823174	34.839836
14.26	3	0.0420540256	1.00698654	0.119399056	0.545858294	0.811880474	0.309771822	0.122869304	0.0871225659	35.692817
14.27	3	0.0416600699	1.00661383	0.118758891	0.546524723	1.14009493	0.389969921	0.122348077	0.150737134	34.999287
14.28	3	0.0423148099	1.00610874	0.11796439	0.54782189	1.26901155	0.601216044	0.121972593	0.136180983	35.762963
14.29	3	0.0438346913	1.00552314	0.11709847	0.549511499	1.23850707	0.84808219	0.121950874	0.103132336	41.447435
14.3	3	0.0456933477	1.00484461	0.116150746	0.551556743	1.12420866	1.13725292	0.122149161	0.103015821	42.892818
14.31	3	0.0480466817	1.00410518	0.115119927	0.553835871	0.966018445	1.44639171	0.122487988	0.0665661909	38.219715
14.32	3	0.0503225585	1.00335649	0.114066628	0.556326475	0.761930498	1.78415853	0.122981853	0.1260535	38.558868
14.33	3	0.0523660466	1.00264622	0.11300697	0.558954792	0.57056756	2.09373955	0.123270093	0.0665789062	35.549162
14.34	3	0.054013003	1.00202713	0.111990276	0.561598555	0.374829483	2.368281	0.123701692	0.0844291448	38.829369
14.35	3	0.0541644397	1.00153414	0.11118195	0.563597731	0.0670782493	2.69409968	0.124623193	0.172811778	32.495869
14.36	3	0.0535804059	1.0012017	0.110480592	0.565518105	-0.180489883	2.92057747	0.125371458	0.147229408	34.963912
14.37	3	0.0527825302	1.00107333	0.109981929	0.566994891	-0.425533958	3.04143406	0.126355644	0.166962934	37.851964
14.38	3	0.0512580919	1.00110809	0.10968903	0.567868222	-0.675088852	3.08176656	0.127489172	0.158450296	38.788761
14.39	3	0.0492127157	1.00125994	0.109507304	0.568081303	-0.875110323	3.03664567	0.128384652	0.113795955	33.051394
14.4	3	0.0468573273	1.00154758	0.109458872	0.567754864	-1.01342453	2.90726275	0.129165175	0.0871878708	35.539664
14.41	3	0.0441877526	1.00194084	0.109517294	0.566940011	-1.11584341	2.7059845	0.129814577	0.121006288	38.759116
14.42	3	0.0413827048	1.0024013	0.109670208	0.565747848	-1.22278097	2.48436699	0.130378536	0.0713886944	41.155532
14.43	3	0.0377559281	1.00287583	0.10982058	0.564251643	-1.28885667	2.26243029	0.13067015	0.093746254	41.062535
14.44	3	0.0342575338	1.00330631	0.109956191	0.562558986	-1.34545575	2.0712208	0.130879365	0.190189835	41.17235
14.45	3	0.0310336902	1.00370706	0.110064533	0.560741041	-1.34250747	1.9072636	0.131029372	0.125181159	41.054092
14.46	3	0.0287693055	1.00412376	0.110227595	0.558813298	-1.32646084	1.75299087	0.131106657	0.152354178	37.530395
14.47	3	0.0275501708	1.00453296	0.110382806	0.556766697	-1.30240056	1.61561322	0.131106202	0.0730224532	37.206196
14.48	3	0.0269901332	1.00496399	0.110556227	0.554557164	-1.21877614	1.46246047	0.130794396	0.163497946	38.038367
14.49	3	0.0258695813	1.00544182	0.110766607	0.552152883	-1.06828182	1.28632724	0.130469658	0.145786764	32.97686
14.5	3	0.0230626729	1.00595301	0.11098652	0.549478395	-0.920853922	1.12306166	0.13042523	0.146224737	33.695003
14.51	3	0.0185568808	1.0065386	0.11128624	0.546378557	-0.802967167	0.975557479	0.130662265	0.116863217	34.2805
14.52	3	0.0123299435	1.00716537	0.111545894	0.54298376	-0.664369521	0.832714852	0.130987338	0.128104136	40.795808
14.53	3	0.00904585439	1.00770089	0.111647929	0.54035098	-0.428515462	0.752008546	0.131446598	0.131676565	37.521267
14.54	3	0.0157754439	1.008173	0.111486525	0.538295646	-0.0650005308	0.65296536	0.131664758	0.108927155	40.726905
14.55	3	0.0244109442	1.00856706	0.111263644	0.536573231	0.112655155	0.609804816	0.131767685	0.155076936	41.22284
14.56	3	0.0328126555	1.00889061	0.110877469	0.535636525	0.260533033	0.545163111	0.131487178	0.0728105261	40.62368
14.57	3	0.0406011364	1.009186	0.110362091	0.535417583	0.344384809	0.407647153	0.130764924	0.118613304	40.635426
14.58	3	0.0464029213	1.00942772	0.109740492	0.535812698	0.330556551	0.259513735	0.129787593	0.0766990882	39.695207
14.59	3	0.0507155682	1.00959999	0.109016674	0.536729434	0.224654437	0.148323617	0.128692201	0.120256426	42.530533
14.6	3	0.0548253068	1.00975461	0.108304545	0.537976846	0.0872856834	0.0417862302	0.127619319	0.165781202	36.63831
14.61	3	0.0592951687	1.01001771	0.107646444	0.539018972	0.0550457931	0.0461741859	0.126919197	0.11574183	33.288052
14.62	3	0.0636393734	1.01029393	0.10703792	0.540098236	-0.0374331374	0.0640717154	0.126419947	0.111444574	33.862753
14.63	3	0.0669271326	1.01050736	0.106540725	0.540617759	-0.262203434	-0.0031357768	0.126206027	0.0625595042	34.275435
14.64	3	0.0704067839	1.01069141	0.106038617	0.541273459	-0.358717595	0.0528670311	0.126117756	0.137092719	34.45466
14.65	3	0.0731413755	1.01082004	0.105561239	0.541798051	-0.408313454	0.210517393	0.126402415	0.174494395	36.554307
14.66	3	0.0754287328	1.01090277	0.105098036	0.542174169	-0.411882572	0.42904485	0.126833867	0.124016129	35.80834
14.67	3	0.0770640772	1.01088548	0.104650273	0.542371029	-0.42971743	0.690628979	0.12750537	0.0959397983	35.076839
14.68	3	0.0779771075	1.01078789	0.104209071	0.542427637	-0.412116179	1.02390848	0.128237237	0.128778953	35.314276
14.69	3	0.0778865214	1.01061633	0.103778145	0.542397769	-0.383535974	1.36548365	0.12878004	0.126964772	36.1269
14.7	3	0.0767557566	1.01030978	0.103305994	0.542258262	-0.351306957	1.71997836	0.129110338	0.124693311	35.74912
14.71	3	0.0742756954	1.00990521	0.10284841	0.541961667	-0.345504367	2.03670138	0.129229407	0.167794643	36.520286
14.72	3	0.0705554153	1.00944779	0.102396605	0.541609047	-0.26863459	2.18868167	0.128878039	0.137494252	37.457276
14.73	3	0.0658295758	1.00895274	0.101983424	0.541114231	-0.222488792	2.17810075	0.128370452	0.107912214	35.870429
14.74	3	0.0613488893	1.00858356	0.101673558	0.540156162	-0.0847612811	2.08842778	0.12812528	0.163514606	35.691572
14.75	3	0.0566013533	1.00832769	0.101458649	0.539196805	0.111886811	1.81785771	0.127763685	0.0917611803	35.605656
14.76	3	0.0512520154	1.00807977	0.101301478	0.538696052	0.295441199	1.56284674	0.127469272	0.0956029873	34.971147
14.77	3	0.0472679379	1.0079033	0.101163725	0.538771742	0.569172614	1.31462693	0.126979091	0.134732777	35.655335
14.78	3	0.0437238074	1.00780271	0.101058977	0.53917118	0.855400988	1.05100992	0.126323699	0.127827966	34.927224
14.79	3	0.0405111055	1.00775705	0.101009523	0.539831488	1.05227385	0.817492573	0.125791513	0.113748413	33.722906
14.8	3	0.0365218888	1.00770355	0.100986508	0.540708723	1.13477378	0.578862797	0.125121938	0.123881887	34.800762
14.81	3	0.0321524287	1.00761739	0.101039406	0.541637563	1.11910792	0.514922747	0.124828654	0.0914412121	34.32908
14.82	3	0.0286275442	1.00752431	0.101021565	0.542907013	1.09256519	0.563237733	0.12459253	0.0883204662	34.212817
14.83	3	0.026620031	1.0074343	0.101032798	0.54471235	0.982909718	0.713286723	0.124479023	0.133976191	33.787119
14.84	3	0.024170381	1.0074147	0.101044064	0.546198873	0.896708281	0.812691387	0.124209892	0.109626404	33.972522
14.85	3	0.0235903366	1.00740425	0.101160597	0.547883997	0.668635465	1.02589339	0.124204368	0.150885722	35.170761
14.86	3	0.0252993438	1.0074935	0.101480027	0.549525004	0.334946	1.29607483	0.124574923	0.132067846	33.981817
14.87	3	0.0281919458	1.00768105	0.102001602	0.550888491	-0.0453959859	1.58662148	0.125452807	0.171418199	40.010892
14.88	3	0.0303307383	1.00797586	0.102735026	0.552009422	-0.458027286	1.88216029	0.126719982	0.131706473	33.21157
14.89	3	0.0320021096	1.00838836	0.103681187	0.552717899	-0.803591164	2.12961394	0.127972461	0.112701745	33.316424
14.9	3	0.0336745299	1.00886156	0.104771613	0.553027056	-1.07109331	2.33673941	0.12935187	0.152630161	33.75052
14.91	3	0.0360760935	1.00938565	0.105965269	0.553047948	-1.2568468	2.49901931	0.130703451	0.112237753	33.580189
14.92	3	0.0384107157	1.00996718	0.107253121	0.55283138	-1.36446523	2.60785827	0.13192058	0.0807450242	34.626114
14.93	3	0.040990978	1.0105892	0.108573182	0.552419058	-1.41145538	2.66731844	0.132845732	0.110384066	35.543191
14.94	3	0.0437115747	1.01124425	0.109873999	0.551797407	-1.3994916	2.7170345	0.133657678	0.11078893	38.277307
14.95	3	0.0451544222	1.01195858	0.111151474	0.55087072	-1.28574717	2.6904905	0.134139285	0.124642251	35.40019
14.96	3	0.0459679596	1.0127393	0.112426946	0.549639669	-1.1022558	2.60184012	0.134496927	0.149514861	35.295448
14.97	3	0.0473279794	1.01355082	0.11375739	0.547692959	-0.944585379	2.54048422	0.134910425	0.167013979	35.522478
14.98	3	0.0483483681	1.01441889	0.115043223	0.545562411	-0.763115697	2.40432098	0.13512872	0.164716894	35.686252
14.99	3	0.0491910642	1.01532474	0.116270089	0.543220857	-0.592907016	2.25649882	0.135331594	0.127759665	35.77751
15	3	0.049673405	1.01609456	0.117371415	0.541231993	-0.622791155	2.05560875	0.135496854	0.101895793	35.747717
15.01	3	0.0495083009	1.01672012	0.118322171	0.539555242	-0.785862697	1.81473421	0.135555945	0.0784842812	35.602906
15.02	3	0.0474306433	1.01720939	0.118929888	0.538741556	-0.914721672	1.71237663	0.135578793	0.0796326269	35.235319
15.03	3	0.0437974118	1.01758418	0.11922619	0.538450697	-1.01357092	1.63437475	0.135446574	0.0942072178	35.789188
15.04	3	0.0397900553	1.01793726	0.119347144	0.538624909	-1.07394905	1.58656	0.13540874	0.106742107	38.858435
15.05	3	0.035554418	1.01831639	0.119340322	0.53923066	-1.09731787	1.54138856	0.135377129	0.0961375891	35.319958
15.06	3	0.0300035989	1.01877025	0.119177785	0.540224369	-1.02775509	1.48570202	0.135131627	0.0944310907	34.812505
15.07	3	0.0239609298	1.01923251	0.118854555	0.541358046	-0.865308926	1.49429689	0.134676779	0.131472085	35.937471
15.08	3	0.0177932316	1.01975318	0.118269672	0.543010396	-0.529453345	1.48973425	0.133842522	0.101882229	40.054803
15.09	3	0.0120996743	1.02033811	0.117522241	0.544939839	-0.161031413	1.46286479	0.13280891	0.105881101	37.782653
15.1	3	0.00840056109	1.0209712	0.116708217	0.546819175	0.177609117	1.40372857	0.131793267	0.135121391	40.575287
15.11	3	0.00614152904	1.0217479	0.115902897	0.548213163	0.531292752	1.34495331	0.130865649	0.0983191195	40.046211
15.12	3	0.00692349045	1.02261676	0.115092892	0.549225926	0.854893336	1.2687801	0.129811927	0.160022748	36.586382
15.13	3	0.00970278989	1.02360267	0.114318583	0.549779166	1.16971987	1.18745914	0.128702055	0.124926754	36.866987
15.14	3	0.013864088	1.02473455	0.113604393	0.549904082	1.4787785	1.11559036	0.127611733	0.166208095	37.301859
15.15	3	0.0190545853	1.02593365	0.112918356	0.549723659	1.73734839	1.01979554	0.126461894	0.191173694	31.991699
15.16	3	0.0251914337	1.02718403	0.112313448	0.549248513	1.89341479	0.859277688	0.125328014	0.123079381	33.352917
15.17	3	0.0307160321	1.02843729	0.111727705	0.548595084	1.92189178	0.695747292	0.124288833	0.132459784	37.479955
15.18	3	0.0348697292	1.02966314	0.111134773	0.547791712	1.85809124	0.556328529	0.123346635	0.129922335	37.111487
15.19	3	0.0378678249	1.03085957	0.110553338	0.546956053	1.70518192	0.440577834	0.122583894	0.149875994	39.931574
15.2	3	0.0416853463	1.0320243	0.110059963	0.546081966	1.4651038	0.317624597	0.122288551	0.183550323	32.206429
15.21	3	0.0459922907	1.03312004	0.10957917	0.545161086	1.19611018	0.213586646	0.122314494	0.146883688	33.126147
15.22	3	0.0504865383	1.03411947	0.109101431	0.544080914	0.945151957	0.159204266	0.122804231	0.210238268	34.382658
15.23	3	0.0529918327	1.03502783	0.108677716	0.542770953	0.692201089	0.119864606	0.123507225	0.168271818	33.965953
15.24	3	0.054688625	1.03554637	0.108182521	0.542308691	0.294389818	0.401316158	0.124662281	0.123536191	34.805774
15.25	3	0.053074433	1.03578063	0.107813644	0.542000469	-0.296068333	0.779554597	0.125794659	0.129484374	43.031114
15.26	3	0.0505857374	1.03579645	0.10750219	0.542492186	-0.769471636	1.21434251	0.127034068	0.142464812	35.062944
15.27	3	0.0467702543	1.03566006	0.107292218	0.543488242	-1.19070743	1.6613896	0.128236603	0.0750316944	35.627393
15.28	3	0.0427466194	1.03541235	0.107201538	0.544731348	-1.53076603	2.04571977	0.129018792	0.105865417	42.454163
15.29	3	0.0374031236	1.03511542	0.107222903	0.545850626	-1.74266186	2.4213624	0.129638731	0.146941741	33.647384
15.3	3	0.0332370835	1.03479116	0.107456279	0.546904518	-1.96449826	2.69209077	0.130304828	0.102908816	33.811714
15.31	3	0.0318725123	1.03445216	0.107918462	0.548139994	-2.08826393	2.88183707	0.131108136	0.0994577587	34.162341
15.32	3	0.0331069681	1.03406977	0.108509527	0.549484207	-2.20116395	2.99744353	0.131962761	0.0827732516	34.10123
15.33	3	0.0363466113	1.03368025	0.109211517	0.550796007	-2.24875661	3.01848469	0.132510358	0.0897767219	36.306118
15.34	3	0.0412146491	1.0333371	0.1099877	0.552000988	-2.19944814	2.90546608	0.132741903	0.141656249	33.904186
15.35	3	0.0459993123	1.03305458	0.110730019	0.553052177	-2.02075592	2.71461628	0.132727986	0.120268797	34.320788
15.36	3	0.0497650951	1.03277877	0.111460726	0.553414746	-1.8130111	2.57959012	0.132649093	0.134248555	33.875572
15.37	3	0.0518546614	1.03255694	0.112020847	0.553726863	-1.4910448	2.41145646	0.132302493	0.133641073	33.987187
15.38	3	0.0524308992	1.03241332	0.11242705	0.553754673	-1.10236739	2.20548742	0.131616253	0.133895454	33.796258
15.39	3	0.0519936282	1.03233851	0.112704736	0.55338385	-0.711247659	1.9860095	0.130668282	0.138086663	40.354724
15.4	3	0.0507575881	1.03235438	0.112862742	0.552747378	-0.299519142	1.76946909	0.129688929	0.11481772	38.833476
15.41	3	0.0485801756	1.0324829	0.112923049	0.551735599	0.147770417	1.5403131	0.12865663	0.113401422	38.158418
15.42	3	0.0459029268	1.03275728	0.112940019	0.550313412	0.621571566	1.28923765	0.127622671	0.103623025	34.559246
15.43	3	0.0426766937	1.03314356	0.11292714	0.548554145	1.08261778	1.06065994	0.126726192	0.144625502	35.20428
15.44	3	0.0400349059	1.0336152	0.112865919	0.546475407	1.50107898	0.862796475	0.125821842	0.151140292	34.986541
15.45	3	0.0368315054	1.03415816	0.112757174	0.544125855	1.80369145	0.725338134	0.125284439	0.138136986	34.2966
15.46	3	0.0342357521	1.03473773	0.112601543	0.541664364	1.96962504	0.657007803	0.125045845	0.143594864	35.069976
15.47	3	0.0329627393	1.03534364	0.112418779	0.539098848	2.01860503	0.634664211	0.125108216	0.13817101	35.510766
15.48	3	0.0335955642	1.03602805	0.112181115	0.536040101	2.09952405	0.524554912	0.125073328	0.0990377409	43.234963
15.49	3	0.0367661738	1.03678593	0.111718818	0.533703694	2.28240249	0.630275713	0.124943486	0.099568646	34.830575
15.5	3	0.0412291255	1.03751583	0.111095093	0.532500584	2.34085956	0.766413947	0.124543739	0.0938906489	36.376004
15.51	3	0.0459106663	1.03825416	0.110355664	0.532165085	2.35973417	0.91439541	0.123896246	0.0828369871	38.486625
15.52	3	0.050493918	1.0389156	0.109638554	0.532349922	2.21135699	1.14881294	0.123413857	0.104727968	33.521194
15.53	3	0.0544179893	1.03956491	0.10888924	0.53340392	2.04406313	1.35864895	0.122792166	0.11637001	33.623911
15.54	3	0.0585183735	1.04016488	0.108124732	0.535215418	1.85118099	1.58890445	0.122008535	0.121597623	33.494489
15.55	3	0.0630769821	1.04074777	0.107400026	0.537653565	1.60426711	1.84357955	0.121373497	0.0996660558	33.596973
15.56	3	0.0676794107	1.04135476	0.106731475	0.540373165	1.36774712	2.03994494	0.120644042	0.0915751131	39.77943
15.57	3	0.0710930018	1.04190794	0.106225479	0.542922834	0.979213037	2.11873442	0.119727559	0.115432617	38.815221
15.58	3	0.0723900133	1.04254093	0.105935267	0.545386853	0.621748064	2.13804891	0.11860357	0.135548622	32.966214
15.59	3	0.0717787084	1.04325986	0.105838198	0.54763773	0.291202604	2.08734637	0.117380107	0.0799047568	38.818218
15.6	3	0.0695564659	1.04409863	0.105875179	0.549232675	0.0968972075	2.08451311	0.116192527	0.127633293	31.85448
15.61	3	0.0659375512	1.04504152	0.106084741	0.550692979	-0.0836421981	2.00241778	0.114932604	0.150404815	37.444382
15.62	3	0.0614198665	1.0460131	0.106367607	0.552240076	-0.249736439	1.90482523	0.113694354	0.138666175	37.947522
15.63	3	0.0560057206	1.04705706	0.106819382	0.553662966	-0.433409401	1.78574444	0.112672434	0.150231262	32.28314
15.64	3	0.0502849334	1.04822548	0.107446298	0.554819761	-0.574518066	1.62748603	0.111733427	0.118970125	40.188686
15.65	3	0.0447947887	1.04950062	0.108231314	0.555683187	-0.698786398	1.44532826	0.110854236	0.125172621	33.368061
15.66	3	0.0391981137	1.05092571	0.1091745	0.556041184	-0.787064172	1.25096896	0.110058682	0.121489074	39.656711
15.67	3	0.0334311992	1.05244025	0.110188293	0.556059468	-0.834095614	1.07990851	0.109299343	0.070850157	41.101858
15.68	3	0.0275171329	1.05402107	0.111216153	0.555781812	-0.8825566	0.954588687	0.108831528	0.0817284477	32.590521
15.69	3	0.022092568	1.05565504	0.112308291	0.555271907	-0.967407449	0.868101939	0.108956125	0.139023958	33.013347
15.7	3	0.0178350901	1.05733796	0.113403615	0.554557204	-1.03099876	0.850961125	0.109237411	0.115489309	37.420735
15.71	3	0.0151852944	1.05902975	0.114422802	0.553612653	-1.03583147	0.911436315	0.109556414	0.156529801	33.435112
15.72	3	0.0139836168	1.06073712	0.115352837	0.552473205	-0.955199651	1.05652145	0.10980719	0.123859843	32.771973
15.73	3	0.0134856825	1.06235571	0.116252444	0.550887432	-1.02007513	1.16976953	0.110223379	0.203662779	33.600372
15.74	3	0.0131421545	1.06392718	0.117074727	0.549321984	-1.03906989	1.3245318	0.110678974	0.113236591	34.015281
15.75	3	0.0130587816	1.06541912	0.117839226	0.547688886	-1.08573997	1.47263953	0.1110861	0.0850350088	34.429021
15.76	3	0.0139293936	1.06685101	0.118410815	0.546481899	-1.04895343	1.54019515	0.111273495	0.0855139306	35.483039
15.77	3	0.0173030214	1.06804031	0.118811449	0.546030402	-1.16124198	1.66172224	0.111881211	0.113272185	38.852273
15.78	3	0.0215407803	1.06913481	0.119103201	0.545521217	-1.21347444	1.87326277	0.112974862	0.111763524	42.196639
15.79	3	0.0259703992	1.06993925	0.119184851	0.54566498	-1.3174932	2.02499955	0.113562402	0.0924411108	40.09196
15.8	3	0.0278773048	1.07048656	0.119141496	0.54646838	-1.46004364	2.13080732	0.113728075	0.127040607	40.343218
15.81	3	0.0301572924	1.07074623	0.118894884	0.547745653	-1.59644303	2.22403558	0.11376249	0.138663563	33.622066
15.82	3	0.0333575178	1.07079893	0.118483771	0.549317037	-1.69700693	2.26227126	0.113746026	0.101521756	33.300386
15.83	3	0.0368895338	1.07068479	0.117974893	0.55099331	-1.77044592	2.24503868	0.11361538	0.0997233112	33.18772
15.84	3	0.0415203096	1.0704757	0.117447805	0.552543979	-1.8498247	2.16521696	0.113568742	0.0966637381	32.97994
15.85	3	0.0468296334	1.07024582	0.116951964	0.553713205	-1.93692672	2.08842567	0.113551172	0.195741836	34.006638
15.86	3	0.0536091618	1.06997218	0.116604236	0.55417781	-2.14374341	2.0853782	0.114092379	0.131448052	33.741148
15.87	3	0.0602330327	1.06978626	0.116484202	0.554157503	-2.30779798	2.02915843	0.114487585	0.143968998	33.914951
15.88	3	0.065282414	1.06970879	0.116570753	0.553541109	-2.47278196	1.91202338	0.114801126	0.133790435	34.586564
15.89	3	0.0684682113	1.06977692	0.116873251	0.552214424	-2.63680122	1.71988419	0.115097299	0.135498876	35.551881
15.9	3	0.0709887826	1.06997842	0.117396691	0.550304227	-2.84365222	1.48836166	0.115667524	0.0866077537	34.121609
15.91	3	0.0712510669	1.07030714	0.118064796	0.54785022	-3.06757348	1.19324378	0.116130303	0.137666108	34.54173
15.92	3	0.0704681736	1.0707263	0.118837521	0.544904374	-3.35421653	0.899337068	0.117022276	0.12813942	41.275505
15.93	3	0.0680563759	1.07122471	0.119692242	0.541663682	-3.63389991	0.596854931	0.118059751	0.13511527	33.559952
15.94	3	0.0646148014	1.0718128	0.12061602	0.538232419	-3.82594771	0.244787002	0.119104413	0.116374691	34.086496
15.95	3	0.0610607993	1.07248349	0.121628819	0.534732596	-3.95083242	-0.15101309	0.120265304	0.10772134	34.275285
15.96	3	0.0567745509	1.07320342	0.122637632	0.531339038	-3.97220343	-0.576191163	0.121361997	0.132390363	35.267087
15.97	3	0.0517797319	1.07393553	0.123618996	0.528146389	-3.94460679	-0.977804937	0.122609102	0.17364589	35.182059
15.98	3	0.0461455342	1.07462286	0.12428292	0.526050371	-3.63609421	-1.07480133	0.124073491	0.120791212	36.192969
15.99	3	0.0406246698	1.07534604	0.124757474	0.523957729	-3.1034969	-0.923729365	0.125806712	0.119022262	36.428767
16	3	0.0357891444	1.07599847	0.12499848	0.523460518	-2.58826893	-0.699590204	0.127319823	0.103291401	36.223855
16.01	3	0.0324013917	1.07651896	0.125038197	0.524119219	-2.11782728	-0.416670944	0.128596222	0.125645115	36.313351
16.02	3	0.0300895715	1.076943	0.124921798	0.525626787	-1.70248444	-0.0918572115	0.129658078	0.128407256	37.000586
16.03	3	0.0283064903	1.07734705	0.124735186	0.527698844	-1.32623776	0.210740015	0.130357133	0.0615759306	39.61671
16.04	3	0.0279011911	1.07775328	0.124418351	0.530332635	-0.928382618	0.521062403	0.130798393	0.124739045	39.358929
16.05	3	0.0284524211	1.07817295	0.123934767	0.53330763	-0.533508093	0.839400862	0.130956136	0.116048287	38.604984
16.06	3	0.0299980923	1.07867871	0.123328108	0.5364412	-0.103564046	1.11055657	0.130799521	0.143855396	39.049552
16.07	3	0.0325782742	1.07927669	0.122656952	0.539197606	0.300210579	1.23350575	0.130377051	0.0838557358	37.785967
16.08	3	0.0362032624	1.07999526	0.121925756	0.542017248	0.695565136	1.32680376	0.130028459	0.0835419844	33.397315
16.09	3	0.0399836537	1.08082063	0.121092285	0.544704188	1.06433107	1.38610344	0.129615489	0.0863932196	39.700221
16.1	3	0.0440191517	1.08172173	0.120315728	0.546928423	1.30520688	1.45116097	0.129449203	0.168574486	32.210702
16.11	3	0.0477731823	1.08276689	0.119549246	0.54887557	1.5188029	1.42995803	0.129013393	0.0973433717	33.030206
16.12	3	0.0510576563	1.08397232	0.118828547	0.55009118	1.7128675	1.41607848	0.128522896	0.164272036	34.052595
16.13	3	0.0531926604	1.08532019	0.118163833	0.550713092	1.82408564	1.40565185	0.127975103	0.105989193	39.617453
16.14	3	0.0529977418	1.08677237	0.117573658	0.550830063	1.85138961	1.391093	0.127322549	0.0814020294	41.814612
16.15	3	0.0509926143	1.08833263	0.117074464	0.550471932	1.79976465	1.37486968	0.126690522	0.105675142	32.808323
16.16	3	0.0481067287	1.08996655	0.11663113	0.549842464	1.71194216	1.37790793	0.126085786	0.107157516	33.669415
16.17	3	0.04414251	1.09164064	0.116232924	0.549048535	1.60567678	1.37477412	0.125291645	0.105208454	34.212475
16.18	3	0.0401578902	1.09336474	0.115928464	0.548033684	1.48592765	1.40363057	0.124718942	0.126159634	34.27829
16.19	3	0.0364671652	1.09508164	0.115650369	0.546808696	1.38791025	1.52262948	0.1245516	0.128844153	34.463962
16.2	3	0.0330173595	1.09676857	0.1154623	0.545323533	1.23642584	1.68349967	0.1249395	0.102402607	34.338507
16.21	3	0.0294366406	1.09838762	0.115330166	0.543644353	1.01199302	1.82845561	0.125508302	0.182610841	35.452997
16.22	3	0.026796459	1.09995526	0.115197413	0.541819602	0.776309252	1.96230863	0.126062494	0.0729421172	35.338864
16.23	3	0.0246703374	1.10147214	0.115091433	0.539884295	0.522574158	2.05584188	0.126505919	0.13155174	35.391645
16.24	3	0.0221031827	1.1029509	0.115048895	0.537871313	0.23656791	2.13735772	0.126954199	0.0868130403	35.039359
16.25	3	0.0197651834	1.10436941	0.114892251	0.536458141	0.113283361	2.16777869	0.12702786	0.111091183	35.232153
16.26	3	0.0189632723	1.10581946	0.114683113	0.535494737	0.113784331	2.3310962	0.127155691	0.0926131627	34.763018
16.27	3	0.0195393916	1.10701848	0.114417486	0.535284359	-0.0701825333	2.39073708	0.127146102	0.104401476	35.068811
16.28	3	0.0209188208	1.10804051	0.114140116	0.536102494	-0.287529512	2.50434732	0.127331441	0.120272919	35.726288
16.29	3	0.0235078066	1.10896411	0.113927846	0.537563522	-0.518018415	2.62058313	0.127772269	0.110768937	35.83896
16.3	3	0.0286875131	1.10981828	0.11379377	0.539619324	-0.728001701	2.72612065	0.128400924	0.071933141	35.194858
16.31	3	0.0362357692	1.11057268	0.113736081	0.541956593	-0.938852872	2.80204459	0.129258231	0.119286819	34.902318
16.32	3	0.0453510895	1.11122312	0.113736498	0.544508622	-1.11200927	2.85065587	0.130132497	0.0904177157	35.188975
16.33	3	0.0539813621	1.1117669	0.113782638	0.546925164	-1.26570868	2.89961787	0.13088783	0.0891513925	34.768452
16.34	3	0.0603461361	1.11219806	0.113764189	0.549365533	-1.31877272	2.8938425	0.131112584	0.131216622	34.700753
16.35	3	0.0647789921	1.11256179	0.113721327	0.551401299	-1.30095639	2.85499604	0.131117518	0.145681652	33.848032
16.36	3	0.0673480274	1.1129163	0.113670503	0.552725066	-1.21963464	2.79958805	0.130928075	0.203247766	34.391537
16.37	3	0.0689910059	1.11328854	0.1135984	0.55336441	-1.10564206	2.74675642	0.130856238	0.148572908	34.203561
16.38	3	0.0698312002	1.11366776	0.113558908	0.553506653	-1.02743806	2.72618597	0.131019255	0.124189863	34.205934
16.39	3	0.0705753561	1.11403782	0.113504706	0.553282992	-0.955484115	2.72419737	0.131413062	0.130721307	34.6165
16.4	3	0.0706240118	1.11441267	0.113387762	0.552849455	-0.873028922	2.76317358	0.131991978	0.139292984	34.399825
16.41	3	0.070188224	1.11482925	0.113210453	0.552067682	-0.704014504	2.74997833	0.132350244	0.172480888	34.605841
16.42	3	0.069360007	1.11530089	0.112945586	0.551060444	-0.447770128	2.69055037	0.13256134	0.11373047	34.80499
16.43	3	0.0674920314	1.1158235	0.112586467	0.549896384	-0.155731747	2.60993179	0.132590987	0.0953644437	34.57241
16.44	3	0.0649449986	1.11639319	0.112182333	0.548559866	0.149759011	2.4942059	0.132468599	0.134331843	35.068166
16.45	3	0.0616140536	1.11705559	0.111771395	0.546990462	0.45228665	2.33599579	0.132299647	0.123240264	43.823037
16.46	3	0.0578153597	1.11780141	0.111424199	0.545205193	0.68459828	2.1747755	0.132305292	0.147471453	34.082951
16.47	3	0.0538077431	1.1186179	0.111108033	0.543244664	0.85435655	2.0290487	0.132417402	0.161103035	34.520705
16.48	3	0.0491434034	1.11953389	0.11087533	0.540971032	0.990588058	1.89264721	0.132625211	0.150413084	43.936135
16.49	3	0.0433827149	1.12055781	0.110714653	0.538434542	1.10899643	1.76678945	0.132822433	0.0819456647	35.480032
16.5	3	0.0363787295	1.12148139	0.11056247	0.536546319	0.988075462	1.51661623	0.132832297	0.06882794	37.865225
16.51	3	0.0280263181	1.12234622	0.11029288	0.535860019	0.940824083	1.38971633	0.132793276	0.150430835	34.807475
16.52	3	0.0195321542	1.1231203	0.10997522	0.535630967	0.878499362	1.35074532	0.132965006	0.10243913	35.379066
16.53	3	0.0109641842	1.12389951	0.10961904	0.536508248	0.862843444	1.39936531	0.132957757	0.128940729	34.842934
16.54	3	0.00582794736	1.12471612	0.109274709	0.538253182	0.888387367	1.46812894	0.13274576	0.0908293818	35.15512
16.55	3	0.0087381866	1.12553371	0.108892668	0.54069795	0.946440312	1.54928902	0.132479849	0.12010845	38.288918
16.56	3	0.013189111	1.12628112	0.108391153	0.543749922	1.02023946	1.68532257	0.132310192	0.123803657	39.406456
16.57	3	0.0160854253	1.12699841	0.107788964	0.547163631	1.12606397	1.83427122	0.132157251	0.0704333622	39.769204
16.58	3	0.0181973863	1.12767015	0.107105511	0.55068054	1.16490492	1.94882808	0.132021243	0.136839732	33.880784
16.59	3	0.0199431924	1.12828733	0.106381169	0.55424051	1.14289845	2.03885847	0.131976464	0.060061173	34.093689
16.6	3	0.0222937074	1.12889159	0.105598962	0.557589634	1.14533825	2.08044416	0.13163559	0.168762619	34.741723
16.61	3	0.024760546	1.12950899	0.104835049	0.56010526	1.16569993	2.16809192	0.131402034	0.175438452	34.721725
16.62	3	0.0276795204	1.13009362	0.104145299	0.5620566	1.07308211	2.19279774	0.131300567	0.157144718	34.990216
16.63	3	0.0311501835	1.13062358	0.103477817	0.563430815	0.935904683	2.16240952	0.131082899	0.151199773	35.750761
16.64	3	0.034173137	1.13110203	0.102836977	0.564174955	0.77928608	2.10455017	0.130748514	0.0676373088	35.046554
16.65	3	0.0366384751	1.13156219	0.102248775	0.564258186	0.617461549	2.04315265	0.130391773	0.107336089	35.598168
16.66	3	0.0383670721	1.13200176	0.101690282	0.563786672	0.45900468	1.98173564	0.129941918	0.0981023472	43.065331
16.67	3	0.0390292087	1.13244842	0.101193298	0.562721739	0.311526058	1.92619175	0.129490655	0.104507895	34.217919
16.68	3	0.037528918	1.1328948	0.100705959	0.561117771	0.159462813	1.89473418	0.12894138	0.118267664	33.878339
16.69	3	0.0355238835	1.13335641	0.100261473	0.558981086	0.00686725117	1.87582334	0.128417479	0.1453756	35.076069
16.7	3	0.0337961284	1.13384936	0.0998714318	0.556390237	-0.120344472	1.86510858	0.127915235	0.0995934986	35.533273
16.71	3	0.0308246466	1.13437863	0.099565383	0.553379299	-0.226845622	1.86893114	0.127390239	0.142534885	35.545422
16.72	3	0.0278375939	1.1349215	0.0993574036	0.550035199	-0.328602868	1.88620513	0.127037632	0.115853701	36.051552
16.73	3	0.0257267392	1.13549	0.0993136958	0.546362149	-0.451667048	1.86602583	0.126853077	0.129687897	35.575048
16.74	3	0.024772604	1.13608853	0.0994259688	0.54238081	-0.590843833	1.78141591	0.126726306	0.164795206	35.50022
16.75	3	0.0236140503	1.13685881	0.0995058568	0.538790442	-0.545385522	1.57542515	0.12627721	0.108842334	39.978689
16.76	3	0.0218716043	1.13754671	0.0994373373	0.53635365	-0.55253055	1.47332328	0.125952466	0.11305342	35.148898
16.77	3	0.0196999814	1.13820139	0.0992630123	0.53414823	-0.56835306	1.4329385	0.125707889	0.0606580502	34.688705
16.78	3	0.0193346897	1.13881654	0.0989549701	0.533038895	-0.531920928	1.42166474	0.125462554	0.0694580676	35.39633
16.79	3	0.020593381	1.13939833	0.0986197341	0.532887923	-0.523485576	1.39265328	0.12538766	0.12177575	42.794604
16.8	3	0.0238227092	1.1399176	0.0981797804	0.533764262	-0.507424697	1.3737556	0.12533651	0.0918293896	33.82008
16.81	3	0.0259957397	1.14041515	0.0977465358	0.535496483	-0.465937354	1.35851489	0.125068366	0.0968850652	34.693928
16.82	3	0.0271146732	1.14084876	0.0973410765	0.537742636	-0.476997458	1.38654169	0.124832084	0.120756345	34.763381
16.83	3	0.0288343784	1.14125439	0.0970131225	0.540354211	-0.503502031	1.42334516	0.124649659	0.0771014065	34.000718
16.84	3	0.0301911157	1.1415347	0.0967764613	0.54291935	-0.652192246	1.52967491	0.124618366	0.12672758	35.211846
16.85	3	0.0308977972	1.14191174	0.096691973	0.544941569	-0.706180912	1.501644	0.124436367	0.1529482	33.844533
16.86	3	0.031751297	1.14226379	0.0967685937	0.546744777	-0.85559284	1.52357859	0.124678506	0.129088695	33.474867
16.87	3	0.0323742204	1.1426191	0.096927237	0.548190656	-1.02331587	1.5792618	0.12508903	0.084954124	34.811495
16.88	3	0.0326713867	1.14294807	0.0970938741	0.549397868	-1.19508085	1.66748534	0.125475251	0.102217874	39.921962
16.89	3	0.0331732467	1.14326668	0.0972924498	0.550245044	-1.32800341	1.79730907	0.12595248	0.134992107	34.141397
16.9	3	0.0333699612	1.14358643	0.097549666	0.550711849	-1.4676587	1.95718915	0.126464505	0.0902730437	34.590103
16.91	3	0.0336060458	1.14392317	0.0978450437	0.550794169	-1.58759427	2.10957888	0.126864833	0.137279195	34.252593
16.92	3	0.0336358054	1.14424036	0.0981010902	0.550620654	-1.68472478	2.27052321	0.127031295	0.0788682756	42.353483
16.93	3	0.0331777873	1.14457158	0.098416202	0.550152811	-1.79034698	2.42579176	0.127232632	0.0982014379	35.031789
16.94	3	0.0323096943	1.14491923	0.098740005	0.549584808	-1.89183621	2.57153092	0.127409998	0.106665125	39.75879
16.95	3	0.0309800938	1.14530143	0.0990316676	0.549027426	-1.96905413	2.71719958	0.127642722	0.110187371	36.472394
16.96	3	0.0290662433	1.14572893	0.0993296556	0.548296025	-1.98248168	2.84391106	0.127673373	0.136018164	35.540536
16.97	3	0.026853967	1.14628178	0.0997153665	0.54725761	-1.89198863	2.89589211	0.127693861	0.177918024	39.975561
16.98	3	0.02395699	1.14693048	0.100159998	0.545857037	-1.70888118	2.88452288	0.127535943	0.130338509	34.573619
16.99	3	0.0209242153	1.1476713	0.100668219	0.544135673	-1.47545628	2.8323514	0.127416232	0.0447504151	41.864879
17	3	0.0177040226	1.14849696	0.101177064	0.542132961	-1.167095	2.72924106	0.127063486	0.126327818	38.920072
17.01	3	0.0130976029	1.14935391	0.10175152	0.539393076	-0.91684533	2.66053845	0.126684968	0.125082225	34.651337
17.02	3	0.00749209671	1.15027569	0.102426584	0.536800775	-0.739815584	2.49753415	0.126309683	0.136774899	34.670481
17.03	3	0.00201661543	1.15131261	0.103046328	0.534964405	-0.472471431	2.4548828	0.126211382	0.0905209757	42.986386
17.04	3	0.00489828256	1.15245721	0.10361619	0.53374563	-0.195095621	2.47367213	0.126334245	0.0672483171	33.613269
17.05	3	0.011061471	1.15378126	0.104202074	0.532588441	0.147685775	2.47835085	0.126384733	0.156845621	34.940382
17.06	3	0.0172097834	1.15515204	0.104797816	0.531891813	0.373787441	2.53793575	0.126463977	0.110171861	34.050218
17.07	3	0.0222688722	1.15657684	0.105454627	0.531783445	0.539051782	2.62647181	0.126607017	0.11418209	33.744549
17.08	3	0.0268346301	1.15806196	0.106181036	0.532238187	0.686129484	2.66761139	0.126536026	0.124226636	34.401456
17.09	3	0.0313416906	1.15959911	0.106929382	0.533047154	0.836818188	2.67502724	0.126386468	0.100477096	33.667633
17.1	3	0.0353288916	1.16109095	0.107627521	0.534096108	0.951124771	2.70829506	0.126360556	0.138006841	34.254203
17.11	3	0.0388647058	1.16265191	0.108350961	0.534691869	1.14353275	2.81569133	0.126408091	0.115958762	34.408208
17.12	3	0.0420842173	1.16413176	0.1090164	0.53534452	1.31675857	2.8881236	0.126350494	0.131495553	34.158122
17.13	3	0.0442768952	1.16548911	0.10960429	0.535982398	1.43041414	2.95274759	0.126393247	0.154526	34.515323
17.14	3	0.0456038005	1.1667391	0.110121987	0.536672643	1.46062889	3.00157193	0.126506096	0.0891884884	34.964265
17.15	3	0.0467100593	1.16792462	0.11066138	0.537164238	1.39400573	2.9757756	0.126568956	0.171867046	34.471785
17.16	3	0.0477300315	1.16908908	0.111270195	0.53727997	1.21670079	2.88115793	0.126723336	0.121364053	41.190884
17.17	3	0.0489773425	1.17027654	0.111969469	0.53708416	0.949821345	2.73750219	0.127034398	0.112211898	36.032212
17.18	3	0.0493382646	1.17142393	0.11270388	0.536654822	0.590065703	2.57816294	0.127414085	0.121753486	36.004306
17.19	3	0.0489277394	1.17253236	0.113490058	0.535956768	0.172413977	2.40196762	0.127856246	0.136785774	34.616797
17.2	3	0.047922122	1.17363259	0.114326812	0.535062179	-0.2516821	2.24155108	0.128384617	0.0990617531	34.604319
17.21	3	0.0467921181	1.17470173	0.115173312	0.534017657	-0.646560121	2.11632693	0.12899286	0.0694118071	34.419264
17.22	3	0.0462805663	1.17577999	0.116005851	0.532970968	-0.95261141	2.02678346	0.129490655	0.1663198	33.49761
17.23	3	0.0463688789	1.17686715	0.116683008	0.532456242	-0.972887327	1.8815254	0.129746768	0.165130484	34.694239
17.24	3	0.0463096752	1.17792839	0.11728451	0.532006985	-0.909186835	1.54186598	0.129708649	0.086975033	34.430941
17.25	3	0.044864085	1.17907551	0.117701681	0.531834157	-0.574598128	1.22096993	0.129287887	0.116432781	34.705529
17.26	3	0.0423946961	1.18011052	0.117852811	0.532569751	-0.274628711	1.01450375	0.12878828	0.0859776315	35.507995
17.27	3	0.0384358208	1.18097874	0.117791413	0.534018446	-0.0356502354	0.837589002	0.128024042	0.151091053	34.265031
17.28	3	0.0340484348	1.18174066	0.117582041	0.535947532	0.22065219	0.686920285	0.127150556	0.105574251	33.708591
17.29	3	0.0302625826	1.18243384	0.117265935	0.538242599	0.431635322	0.54014019	0.126184486	0.122814491	34.61873
17.3	3	0.0277782121	1.1830785	0.116873028	0.540765421	0.557687036	0.422927082	0.125150031	0.151378602	34.113723
17.31	3	0.0274308676	1.18367461	0.116456753	0.543400569	0.608312124	0.338073068	0.124064798	0.0783433418	32.852537
17.32	3	0.029953368	1.18422747	0.11600287	0.546076139	0.623719344	0.281961795	0.12295166	0.0673569277	34.604151
17.33	3	0.0346351887	1.18479488	0.115609945	0.548651924	0.62689774	0.231913608	0.121908601	0.0984300534	41.017693
17.34	3	0.0410511643	1.18538536	0.115262449	0.551075658	0.627337798	0.174076515	0.120756777	0.0811414526	40.059761
17.35	3	0.0467738704	1.18596522	0.114952908	0.553423208	0.568996856	0.146467429	0.119407354	0.153675616	41.050673
17.36	3	0.0514953564	1.18658858	0.114796105	0.555626508	0.445306662	0.141860501	0.118123668	0.0864522771	38.624605
17.37	3	0.0547823251	1.18731527	0.114698296	0.557045898	0.384659169	0.0756643993	0.116884914	0.158267413	38.760055
17.38	3	0.0579426356	1.18809855	0.114765263	0.558269164	0.219154116	0.066485579	0.116035088	0.137654151	39.799823
17.39	3	0.0604356633	1.18893348	0.114975718	0.559217389	-0.0264962662	0.108302147	0.115567056	0.131980507	31.565197
17.4	3	0.0617729204	1.18977084	0.115228187	0.559887255	-0.356225131	0.214845417	0.115167213	0.0911169573	32.213724
17.41	3	0.0619104184	1.19061122	0.115466584	0.560218045	-0.744467949	0.396804345	0.115014503	0.105073555	33.816887
17.42	3	0.061334547	1.19144449	0.115724017	0.560025129	-1.14243123	0.640464436	0.115285659	0.135777312	33.120601
17.43	3	0.0603704662	1.1922805	0.116022873	0.559338311	-1.50909555	0.902144829	0.115965642	0.135111555	34.224415
17.44	3	0.0593636835	1.19312059	0.116277307	0.558000684	-1.8017054	1.13779235	0.116704341	0.200537064	35.208916
17.45	3	0.0576256898	1.19399939	0.116569498	0.556009535	-2.01895481	1.34084602	0.117539892	0.164950501	34.147707
17.46	3	0.0552678246	1.19493449	0.11695543	0.553432167	-2.16530238	1.48956937	0.118415746	0.176912309	35.087444
17.47	3	0.0525812522	1.19592113	0.117395897	0.550188973	-2.25751241	1.551879	0.119387274	0.175418479	34.566085
17.48	3	0.0494588454	1.19691246	0.117847731	0.546522164	-2.27592918	1.6186474	0.120454448	0.190128475	34.56526
17.49	3	0.0462381813	1.1979045	0.118313093	0.542438746	-2.2399424	1.67119593	0.121598576	0.0640482822	34.853704
17.5	3	0.0438096098	1.19894006	0.118839457	0.537882673	-2.12749024	1.65157033	0.122874425	0.111112273	36.069319
17.51	3	0.0419479721	1.1997855	0.119441035	0.533616526	-2.16431415	1.48222429	0.124094471	0.10776271	35.291345
17.52	3	0.0406118607	1.20048341	0.119988775	0.53016673	-2.14216126	1.35998445	0.125433352	0.0845918469	35.105642
17.53	3	0.0398397694	1.20095164	0.120434763	0.527206356	-2.16507362	1.37539682	0.126783306	0.0869199446	39.623132
17.54	3	0.0396361002	1.20129742	0.12079255	0.52506805	-2.09479022	1.29428169	0.12750136	0.135653139	34.890888
17.55	3	0.0405428681	1.20141519	0.121056379	0.524282863	-2.06365302	1.28210581	0.128087321	0.0998850055	40.812693
17.56	3	0.0418778599	1.20132936	0.121171471	0.524766649	-2.02818283	1.33360278	0.12849448	0.0806620988	41.419226
17.57	3	0.0439958546	1.20103616	0.121186164	0.526327288	-2.022792	1.42746306	0.128926718	0.0799055862	32.595348
17.58	3	0.0461546727	1.20052636	0.121018803	0.528823892	-2.01489763	1.56792266	0.129259948	0.125453353	32.747688
17.59	3	0.048412399	1.19988914	0.120723728	0.531997117	-1.96094889	1.72337508	0.129479286	0.106237016	32.788109
17.6	3	0.0502511203	1.19924743	0.120353786	0.534503154	-1.858892	1.87262103	0.129760469	0.199345564	33.558732
17.61	3	0.0509256806	1.19861435	0.120009757	0.537324242	-1.72807648	2.0577462	0.130074687	0.0903362866	33.367241
17.62	3	0.0506647935	1.19805755	0.119835276	0.539915489	-1.62388258	2.26155604	0.130640507	0.142638897	36.217877
17.63	3	0.0489630014	1.19759816	0.119879128	0.542108974	-1.58238431	2.42368552	0.131245759	0.100662953	36.569172
17.64	3	0.0464325029	1.19721729	0.120116572	0.543958179	-1.59563187	2.54638077	0.131903549	0.0786818254	59.189084
17.65	3	0.0433378372	1.19693012	0.120569742	0.545368899	-1.65600694	2.63772385	0.132686605	0.113317655	36.897679
17.66	3	0.0395250033	1.19676527	0.121236011	0.546280492	-1.75079674	2.70976926	0.133626225	0.110731309	36.666722
17.67	3	0.0340564412	1.19670279	0.122056866	0.546855873	-1.8670694	2.77343	0.134528104	0.0974412927	39.456853
17.68	3	0.0279130338	1.19675216	0.123055091	0.547053113	-1.97601735	2.81322771	0.135275573	0.164710963	39.05067
17.69	3	0.0216382103	1.19693731	0.124167029	0.54698659	-2.02347612	2.86295101	0.135907785	0.151521117	34.71499
17.7	3	0.0156793847	1.19725645	0.125380769	0.546544454	-2.0181153	2.92566785	0.1364286	0.113598357	35.410718
17.71	3	0.0104781099	1.19767725	0.126659007	0.545734401	-2.01325453	3.02141145	0.136914874	0.166528266	35.145692
17.72	3	0.0075247122	1.19819759	0.127901456	0.545141896	-2.00133556	3.03564372	0.137293549	0.17472549	35.840995
17.73	3	0.00761788462	1.19879322	0.129084447	0.544760469	-1.99893981	2.96078727	0.137619042	0.123550633	35.227484
17.74	3	0.00899526756	1.1994821	0.130165368	0.54456608	-1.95315881	2.77721453	0.137848822	0.111810921	35.301681
17.75	3	0.00993197777	1.2002959	0.131110097	0.544398706	-1.8136632	2.51382202	0.137978576	0.11977344	36.863777
17.76	3	0.0107533752	1.20122493	0.13191057	0.544140612	-1.64977186	2.15972463	0.138060353	0.149634113	33.60984
17.77	3	0.0119720693	1.20199831	0.13255853	0.54466993	-1.65912162	1.96336231	0.138420852	0.145661114	34.826097
17.78	3	0.01246632	1.202661	0.133003495	0.545721642	-1.72390358	1.83694835	0.138682205	0.0617686933	37.891052
17.79	3	0.0123081499	1.20321944	0.133249269	0.547104793	-1.83719014	1.76456033	0.13893819	0.073180247	37.618259
17.8	3	0.0120508153	1.2036812	0.133281766	0.548701009	-1.9574809	1.73815992	0.139158249	0.120748177	42.05386
17.81	3	0.0117553405	1.20406296	0.133071492	0.550473774	-2.04134658	1.74627172	0.139282005	0.108620505	36.791228
17.82	3	0.0110785031	1.20439502	0.132707305	0.552216144	-2.11687232	1.77392241	0.139356179	0.126395678	32.38421
17.83	3	0.0105351254	1.20468759	0.132236743	0.554014897	-2.15869149	1.81761388	0.139366764	0.0997342788	39.2049
17.84	3	0.0100822421	1.20497747	0.131701312	0.555857021	-2.13655194	1.83907293	0.13913358	0.0714146069	38.618558
17.85	3	0.0098179005	1.20525076	0.131254819	0.557153284	-2.18368872	1.90716404	0.138841443	0.119404173	34.173952
17.86	3	0.0105415908	1.20557161	0.130867706	0.558353523	-2.15060649	1.89716194	0.138154184	0.121238053	41.039798
17.87	3	0.0139610984	1.20598409	0.130640036	0.559329647	-2.06099985	1.77993064	0.137160526	0.118224905	38.648642
17.88	3	0.0188108884	1.20647552	0.130634051	0.560020326	-1.96981937	1.55565845	0.13597098	0.149482558	32.64829
17.89	3	0.0250579328	1.20697267	0.130840957	0.560296283	-1.95278484	1.32708865	0.134913834	0.16078886	37.326577
17.9	3	0.0314727872	1.20742964	0.131251671	0.560222108	-2.05049753	1.15788802	0.134360214	0.167611625	32.237891
17.91	3	0.0381853081	1.20785699	0.131802989	0.559610431	-2.23197829	1.043922	0.134137193	0.13880489	32.681088
17.92	3	0.0457900221	1.20828566	0.132464558	0.558668643	-2.42435336	0.942088129	0.134116652	0.14105184	33.698638
17.93	3	0.0523361603	1.20871384	0.133149875	0.557343714	-2.58730278	0.843730926	0.133990518	0.127667387	34.735355
17.94	3	0.0578646183	1.20914788	0.133866634	0.555637329	-2.72035343	0.727976959	0.133739823	0.111503742	35.707629
17.95	3	0.0628038366	1.20955005	0.134534782	0.553525678	-2.84812411	0.637978549	0.133547422	0.127038359	39.130621
17.96	3	0.066320398	1.2098899	0.135078082	0.551115099	-2.97757507	0.607944593	0.133480286	0.148630964	37.812631
17.97	3	0.0685136976	1.21017826	0.135548863	0.548400827	-3.13401691	0.607674819	0.133617184	0.160294408	35.222838
17.98	3	0.0679017056	1.21039689	0.135892013	0.545452006	-3.28421001	0.672056612	0.133972764	0.160527167	34.388019
17.99	3	0.0636952809	1.21056453	0.136093392	0.542431018	-3.39570085	0.775216521	0.134454168	0.115151461	35.196073
18	3	0.0593686302	1.21075208	0.136005973	0.540078839	-3.22519938	1.10440545	0.13530533	0.101932296	34.864817
18.01	3	0.0536075406	1.21095704	0.135647629	0.538667982	-2.89977128	1.49161559	0.135957368	0.143612021	35.281201
18.02	3	0.0491492811	1.21117399	0.135033654	0.538003739	-2.4565484	1.88951251	0.136359699	0.132508477	37.270871
18.03	3	0.0464942532	1.21137879	0.134319906	0.537583985	-2.04924809	2.35436193	0.136845306	0.0836854034	38.868694
18.04	3	0.0432649411	1.21168824	0.133573799	0.537880248	-1.60540571	2.73531067	0.137092965	0.0794339253	38.581751
18.05	3	0.040175654	1.21212206	0.132842234	0.538667458	-1.20501416	3.03043539	0.137360381	0.0848009223	38.122022
18.06	3	0.0380755915	1.21266945	0.132152859	0.53978682	-0.893173094	3.18996703	0.137581899	0.0916385857	37.115983
18.07	3	0.0357911974	1.21332948	0.131478423	0.541205994	-0.658839216	3.26466025	0.137850575	0.0884015096	40.826955
18.08	3	0.0321576456	1.21411213	0.130843408	0.542919547	-0.502180014	3.23490494	0.138132786	0.0735646542	37.116192
18.09	3	0.0286673549	1.21511327	0.130201203	0.544430171	-0.26640494	3.19789172	0.138425636	0.0847236887	32.59096
18.1	3	0.0253251698	1.21624178	0.129639856	0.545892166	-0.135333557	3.08913199	0.138586278	0.178014305	40.658422
18.11	3	0.0233253386	1.21748642	0.129207171	0.547006393	-0.0586698388	2.93708396	0.138748867	0.121925299	32.543261
18.12	3	0.0217961636	1.21888446	0.128907261	0.547922743	0.0237620083	2.79236262	0.138871487	0.100390075	32.878066
18.13	3	0.0208266654	1.22040953	0.128732669	0.54864856	0.0909854286	2.68313916	0.139164516	0.108624375	33.445287
18.14	3	0.0205711058	1.22206141	0.128639046	0.549212299	0.211034664	2.61042961	0.139380004	0.129784471	33.960564
18.15	3	0.0212726536	1.22384939	0.128634973	0.549552564	0.360915579	2.55436566	0.139517661	0.0754462625	34.365034
18.16	3	0.0222392794	1.22579354	0.128750191	0.549583755	0.528900043	2.52686311	0.139683339	0.107742076	34.702943
18.17	3	0.022374679	1.22780732	0.128930995	0.549410235	0.654755344	2.51735323	0.139803043	0.114580264	34.475667
18.18	3	0.0223446586	1.22986912	0.129150123	0.548980483	0.738313173	2.50456343	0.139835571	0.116464406	35.406658
18.19	3	0.0222615303	1.23195458	0.129381386	0.548283461	0.75407952	2.48147205	0.139804449	0.0820575354	42.926887
18.2	3	0.0226968775	1.23404931	0.129641697	0.547422801	0.70585929	2.45488574	0.139836769	0.108262189	35.382851
18.21	3	0.023152544	1.23615788	0.129989647	0.546305103	0.573314172	2.4107841	0.139990531	0.0985693581	35.21486
18.22	3	0.0240202505	1.23827497	0.130425916	0.54493689	0.346001235	2.33454103	0.140210544	0.0857962689	35.706239
18.23	3	0.0246800896	1.24036423	0.13094596	0.543319255	0.0316664713	2.23310707	0.140524733	0.12991197	38.729127
18.24	3	0.02467883	1.24234907	0.131492954	0.541575644	-0.358988888	2.11396443	0.140904701	0.115271674	39.191511
18.25	3	0.0235687423	1.24423965	0.132132906	0.539668774	-0.792140538	1.98035704	0.14139215	0.0692037964	39.526022
18.26	3	0.02203953	1.24609657	0.132752297	0.537918814	-0.989747742	1.76740281	0.141648065	0.123982443	37.990186
18.27	3	0.0198425614	1.24803937	0.133370528	0.535975983	-0.944872729	1.5134218	0.141822698	0.0815943708	38.87877
18.28	3	0.0170633118	1.2498432	0.133902678	0.534650918	-0.949119671	1.31663665	0.142172734	0.092482154	34.13216
18.29	3	0.0141472698	1.25150355	0.134392102	0.533624826	-0.992596271	1.09368484	0.14261003	0.091222082	34.238884
18.3	3	0.0115181229	1.25304274	0.134769988	0.533135413	-0.931779357	0.898933568	0.142989388	0.101809252	34.983125
18.31	3	0.00941247878	1.25444976	0.135000702	0.533274449	-0.83951955	0.776467412	0.143333597	0.0915852751	38.178862
18.32	3	0.00765570741	1.25562589	0.135074607	0.533997833	-0.816908827	0.730554544	0.143764421	0.137968458	34.583287
18.33	3	0.00621909111	1.25659313	0.134994272	0.535196221	-0.840024282	0.750778166	0.144096925	0.0684905361	33.936116
18.34	3	0.0036020458	1.25735545	0.134782269	0.536702648	-0.919733141	0.817952085	0.144286222	0.0678666341	34.299372
18.35	3	0.00253520828	1.25791258	0.134359535	0.53841014	-0.994519946	0.93066809	0.144367151	0.136205256	39.311699
18.36	3	0.0055362629	1.2584445	0.133839391	0.539612653	-0.965133097	0.971672889	0.144285882	0.141882406	40.806118
18.37	3	0.00979619403	1.25893262	0.133348447	0.54064046	-0.919641748	0.998422131	0.144181133	0.154510585	33.867995
18.38	3	0.0151301592	1.25940398	0.132893101	0.541517858	-0.853817481	1.0025872	0.143990154	0.0953929544	36.886384
18.39	3	0.0199599065	1.25987065	0.132480097	0.542368022	-0.767051223	0.966810974	0.143710179	0.115067165	33.456271
18.4	3	0.0244169894	1.26035732	0.132151322	0.543115091	-0.700822255	0.895684196	0.143470385	0.138969769	33.849124
18.41	3	0.027638535	1.2608401	0.132030076	0.543333768	-0.746530007	0.884626476	0.143484132	0.117292515	34.51479
18.42	3	0.0300584632	1.26136942	0.131980924	0.543653054	-0.752613587	0.804129845	0.143261467	0.0910584015	35.186034
18.43	3	0.0320332553	1.26189657	0.131973784	0.544074811	-0.770506265	0.719544255	0.143003055	0.145037935	36.496839
18.44	3	0.0333031582	1.26247564	0.132084412	0.544422784	-0.761355033	0.608367298	0.142871109	0.161088084	34.729908
18.45	3	0.0339980397	1.26312131	0.132356809	0.544623391	-0.712724386	0.471926956	0.142897288	0.1319106	34.462114
18.46	3	0.0336740355	1.26382944	0.132744466	0.544659032	-0.624912438	0.31415086	0.142976476	0.135464213	34.582068
18.47	3	0.0330000239	1.26459178	0.133252415	0.544341288	-0.518276867	0.119708662	0.143057989	0.112293208	34.910606
18.48	3	0.0333247528	1.26537014	0.133827442	0.543782689	-0.441835411	-0.0963364187	0.143155206	0.127893572	35.049432
18.49	3	0.0348854584	1.26613247	0.134430172	0.54306054	-0.416321378	-0.300802925	0.143247362	0.122471675	34.681055
18.5	3	0.0374401591	1.26677976	0.135070719	0.542628308	-0.61748164	-0.562686904	0.143283082	0.0894809396	35.293147
18.51	3	0.0395736391	1.26737342	0.135592262	0.543166635	-0.772807693	-0.692837247	0.143288155	0.144078212	37.63195
18.52	3	0.0405617607	1.26797269	0.135978364	0.544049146	-0.832083835	-0.827209177	0.143038596	0.125984556	40.626289
18.53	3	0.0396198214	1.26860492	0.136276918	0.545283943	-0.802231958	-0.863205597	0.142723516	0.150419642	44.004347
18.54	3	0.036793952	1.26927756	0.136555742	0.546502235	-0.71940139	-0.786790778	0.142446843	0.0558715629	39.642271
18.55	3	0.0318647357	1.27003872	0.136765724	0.547778383	-0.519814316	-0.658625453	0.142049981	0.0895974952	33.839904
18.56	3	0.0272265245	1.27084627	0.137014702	0.549030941	-0.303081927	-0.433045132	0.141928985	0.106393872	34.364717
18.57	3	0.0238331931	1.27168644	0.137247816	0.550158175	-0.0661223069	-0.142480167	0.141925581	0.0722458719	32.83275
18.58	3	0.0232352197	1.2725775	0.13745244	0.551091002	0.17383626	0.172112058	0.142050073	0.0672272393	33.972239
18.59	3	0.0245474858	1.27350317	0.137587228	0.551831578	0.415122699	0.494402685	0.142155577	0.104799073	33.365272
18.6	3	0.0259332096	1.27449027	0.137715948	0.552221484	0.642046348	0.816278655	0.142183456	0.127822438	32.601069
18.61	3	0.0264633015	1.27554928	0.137810836	0.552166999	0.900821269	1.15221859	0.142041795	0.100610011	33.019205
18.62	3	0.0273992319	1.27668238	0.137954392	0.551615299	1.15190546	1.45821873	0.141817535	0.132614652	32.747475
18.63	3	0.0290509935	1.27784483	0.138171162	0.550445202	1.34386385	1.70110014	0.141579846	0.119214672	33.617581
18.64	3	0.0310201721	1.27902958	0.138488494	0.548588027	1.46949691	1.86722714	0.141285979	0.0953249311	34.713687
18.65	3	0.0340978142	1.28022526	0.138936517	0.546004941	1.54042927	1.95814007	0.141089056	0.159247989	35.357616
18.66	3	0.0374688624	1.28139443	0.139455045	0.542749687	1.55757901	1.97062515	0.140907844	0.0885421493	34.570028
18.67	3	0.0398830311	1.28245831	0.139990879	0.538977712	1.4771213	1.92734397	0.140772648	0.0900370014	35.711525
18.68	3	0.0423749463	1.28341852	0.140547917	0.534930296	1.32936419	1.85062998	0.140863913	0.160977651	35.817354
18.69	3	0.0442864582	1.28423581	0.141101619	0.530679952	1.10828439	1.74855815	0.141192104	0.143169008	35.548023
18.7	3	0.0446953876	1.28489632	0.141601266	0.526412326	0.825222918	1.62913248	0.141572205	0.096572101	39.194787
18.71	3	0.0441928405	1.28543476	0.142021879	0.522146604	0.543444765	1.5051927	0.141887526	0.124436173	35.386622
18.72	3	0.0426880529	1.2858543	0.142387643	0.518000165	0.274008237	1.37910081	0.14214349	0.155283576	36.537625
18.73	3	0.040139986	1.28634614	0.142551088	0.514075777	0.28836822	1.22845283	0.142135503	0.140240362	42.798822
18.74	3	0.0370821614	1.28653819	0.142447043	0.511937557	0.123736869	1.19313277	0.142279065	0.0799909164	35.386051
18.75	3	0.0333965729	1.28645926	0.14221536	0.510942374	-0.164136164	1.14332595	0.142405113	0.114339406	34.974753
18.76	3	0.0301976402	1.28620695	0.141897701	0.511151168	-0.361255755	1.11411366	0.142389974	0.0853166704	35.559337
18.77	3	0.0276011652	1.2858282	0.141641987	0.512271787	-0.540332781	1.09551662	0.142422719	0.105993342	34.868365
18.78	3	0.0272428341	1.28536534	0.141430006	0.514320934	-0.652148196	1.12089322	0.14248534	0.078760885	34.756153
18.79	3	0.0296456002	1.28487122	0.141292771	0.517129521	-0.691938363	1.13384303	0.142475316	0.0851520763	34.549817
18.8	3	0.0349251927	1.28438464	0.141353271	0.520356196	-0.691661332	1.13779151	0.14267135	0.112704351	34.671744
18.81	3	0.0412645205	1.28392526	0.141634476	0.523961311	-0.694809435	1.07944318	0.142914049	0.0991064151	34.840963
18.82	3	0.047911892	1.28351082	0.142084151	0.5272624	-0.723915262	1.15195594	0.143471397	0.111775391	34.634624
18.83	3	0.0537768622	1.28309804	0.142540137	0.530865038	-0.737175595	1.2318177	0.143975664	0.114848204	34.730068
18.84	3	0.0577253486	1.28267042	0.142992241	0.534441651	-0.74922534	1.24468698	0.144284959	0.0854270609	33.781481
18.85	3	0.0601207603	1.28226061	0.143464467	0.537782082	-0.733037053	1.21978181	0.144483483	0.129613168	35.66176
18.86	3	0.0605188793	1.28187143	0.143996997	0.540665452	-0.741754085	1.17572356	0.144602251	0.154605841	35.006844
18.87	3	0.0596861233	1.28154732	0.144660106	0.54286285	-0.763796508	1.09599038	0.144711127	0.134046945	34.056687
18.88	3	0.0577013247	1.28128809	0.145398555	0.544537263	-0.791620819	0.988927654	0.144754388	0.131679992	34.838674
18.89	3	0.054154714	1.28111782	0.146249692	0.545626303	-0.80863477	0.859633667	0.144713229	0.17334223	35.954135
18.9	3	0.0502588176	1.28099269	0.147118232	0.546320564	-0.826916008	0.730207561	0.144641582	0.179683842	34.856483
18.91	3	0.0458916166	1.28087748	0.147919722	0.546564684	-0.868830015	0.630208675	0.144528265	0.120978266	35.993755
18.92	3	0.0414755188	1.28077661	0.148691493	0.546318991	-0.940185898	0.545362452	0.144406529	0.0760470285	35.882102
18.93	3	0.0392891746	1.28065092	0.149416003	0.545583804	-1.08167176	0.50172543	0.144490806	0.16271692	35.20221
18.94	3	0.0389412286	1.28048581	0.150047583	0.544491448	-1.253797	0.447869933	0.144621765	0.181231658	36.386835
18.95	3	0.0390851926	1.28026814	0.150509312	0.543149229	-1.43147633	0.422004733	0.144780781	0.123295839	36.743813
18.96	3	0.0396493603	1.27997022	0.150733498	0.541691588	-1.62935167	0.466969212	0.145019762	0.105086231	35.411623
18.97	3	0.0403808116	1.27959963	0.150679012	0.540176851	-1.83321273	0.596647035	0.145340124	0.134801289	35.815394
18.98	3	0.0415260781	1.27921752	0.150426042	0.538625349	-1.97064884	0.745826856	0.145677536	0.157167218	35.744895
18.99	3	0.0423418304	1.27883559	0.149960299	0.537102492	-2.05156762	0.904264515	0.145966352	0.0804860302	35.970201
19	3	0.0437046373	1.27846688	0.149391585	0.535523844	-2.10484265	1.04966352	0.146292093	0.126574352	37.091732
19.01	3	0.044579486	1.27820362	0.148711193	0.534067525	-2.02749316	1.23853058	0.146532229	0.100385268	36.592401
19.02	3	0.0449430715	1.27796334	0.147899879	0.532992629	-2.0152575	1.35236356	0.146594032	0.0757607683	40.406775
19.03	3	0.0451086616	1.27773378	0.147002817	0.531608657	-2.01571974	1.46860792	0.146644269	0.110846443	35.883283
19.04	3	0.0444894354	1.27753096	0.145971921	0.530901585	-1.98992582	1.50305143	0.146470635	0.0975050714	35.121754
19.05	3	0.0429778607	1.27732388	0.144855108	0.530809293	-1.99259638	1.50662562	0.146177689	0.0704417274	34.697109
19.06	3	0.0415556352	1.2771433	0.143720333	0.53112227	-1.99422212	1.52340563	0.14586337	0.100029416	34.740251
19.07	3	0.0394941175	1.27700958	0.142634594	0.53165985	-2.00873943	1.56667847	0.145624955	0.0675693882	34.986694
19.08	3	0.0362261562	1.27692733	0.141621905	0.532338847	-2.02326051	1.59077713	0.145325141	0.0740661705	35.524982
19.09	3	0.0333402746	1.27689064	0.140655104	0.533204866	-2.04543315	1.58426961	0.144969109	0.0875913519	34.996068
19.1	3	0.0299811851	1.27690619	0.139803365	0.534144406	-2.06846024	1.52419102	0.144573515	0.118360851	34.242917
19.11	3	0.0257982968	1.27699862	0.139115159	0.534941534	-2.05652793	1.37539384	0.14406292	0.0975968759	34.188444
19.12	3	0.0230342306	1.27721819	0.138594777	0.535241197	-1.94711575	1.23270744	0.14368051	0.0949755498	34.810704
19.13	3	0.0213975434	1.27752568	0.138370697	0.535380547	-1.79702607	0.989745498	0.143332596	0.137721423	34.289585
19.14	3	0.0195734099	1.27786053	0.138297034	0.53541836	-1.62510735	0.737993127	0.143192422	0.0954021531	34.130133
19.15	3	0.0169215355	1.2781543	0.138328351	0.535227548	-1.49232064	0.481337247	0.143216397	0.130540086	35.281951
19.16	3	0.0147127428	1.27844493	0.13838839	0.534889707	-1.32438689	0.264919889	0.143331243	0.136498315	35.525908
19.17	3	0.0133380161	1.27875381	0.138500057	0.534307224	-1.09398944	0.114155486	0.143624688	0.115675819	35.045595
19.18	3	0.0142582724	1.27905582	0.138608203	0.533618749	-0.814699378	0.0199737852	0.143953988	0.12475616	35.655704
19.19	3	0.0179227682	1.27937182	0.138698801	0.532915436	-0.477839908	-0.0372991656	0.144228745	0.0891017226	35.12638
19.2	3	0.022339775	1.27959267	0.138762935	0.531708174	-0.246618437	-0.185437551	0.144279116	0.129514071	35.810174
19.21	3	0.0263008431	1.27967988	0.138657341	0.531102608	-0.0621560201	-0.135698193	0.144395723	0.0966425045	35.621428
19.22	3	0.030244978	1.27962003	0.138401694	0.530995399	0.00611339727	0.114918657	0.1446253	0.1639442	35.409531
19.23	3	0.0332024218	1.27948517	0.13798683	0.531649931	0.0704454045	0.447309198	0.144809799	0.118952999	35.624461
19.24	3	0.0351342259	1.27926543	0.137396002	0.53294475	0.0977049831	0.829186355	0.14479903	0.0872672256	35.638913
19.25	3	0.0364571767	1.27894519	0.136685862	0.534702376	0.0678865412	1.22264403	0.144729004	0.0890878178	35.828594
19.26	3	0.0369700965	1.27861855	0.136007573	0.536369139	0.0666666224	1.65398346	0.144769321	0.0887309688	35.43814
19.27	3	0.0384930029	1.2782692	0.13540697	0.537974755	0.0143248725	1.92380281	0.144748634	0.124242882	35.31039
19.28	3	0.0404547096	1.27782859	0.134892622	0.539793963	-0.113684437	2.16511179	0.144793842	0.0745229571	35.303287
19.29	3	0.0428585746	1.27730035	0.134581713	0.54170153	-0.314106076	2.3449442	0.144981626	0.121499806	34.064401
19.3	3	0.0465730821	1.2766601	0.134485978	0.543606098	-0.591435077	2.41211287	0.145171972	0.0764487014	34.71185
19.31	3	0.0503597079	1.275976	0.134617299	0.545350706	-0.898735057	2.38660141	0.145412666	0.127103403	34.406673
19.32	3	0.0537275883	1.27521306	0.134874006	0.546688783	-1.27855196	2.35590703	0.145690168	0.112810162	33.580389
19.33	3	0.0568557201	1.27440306	0.135244563	0.54794615	-1.61688951	2.27525469	0.145932281	0.101151472	33.982821
19.34	3	0.0586568479	1.27355745	0.135689099	0.548969362	-1.93211261	2.16809953	0.146055305	0.0906825784	33.586894
19.35	3	0.0585638751	1.27272429	0.136264982	0.549481706	-2.20844897	2.04448445	0.146107886	0.166225423	33.845815
19.36	3	0.0572502172	1.27191363	0.136908182	0.549409164	-2.40676195	1.90055423	0.146010364	0.122971643	34.294344
19.37	3	0.0547050985	1.27113126	0.137566536	0.548960307	-2.49988101	1.72561231	0.145697111	0.131672911	33.616382
19.38	3	0.0516096453	1.27035242	0.138200166	0.548398782	-2.52626576	1.55919551	0.14528178	0.155385112	34.135749
19.39	3	0.0488336675	1.26955768	0.138831483	0.547637928	-2.54979737	1.43575873	0.144985624	0.131552557	35.261143
19.4	3	0.0463934618	1.2686979	0.139400657	0.546650024	-2.58560112	1.37184146	0.144798915	0.132760142	34.856966
19.41	3	0.0438619243	1.26779085	0.140036113	0.545338246	-2.67332539	1.41262764	0.145058955	0.162860885	34.019393
19.42	3	0.0420886699	1.26683618	0.140679247	0.543745046	-2.79630176	1.53711072	0.14559239	0.106043818	34.344402
19.43	3	0.040777524	1.26584179	0.141318436	0.541950069	-2.96832613	1.70984592	0.14615459	0.152294889	35.329478
19.44	3	0.0393503726	1.26478223	0.141882171	0.540082047	-3.18957696	1.93008059	0.146678152	0.129142639	34.669099
19.45	3	0.0375384127	1.26374026	0.142331568	0.537835357	-3.31816184	2.04660213	0.146924139	0.162470632	35.514207
19.46	3	0.0359691396	1.26264971	0.142780357	0.535819337	-3.46743122	2.14787616	0.147065624	0.136676181	35.45851
19.47	3	0.0342033782	1.2615516	0.143206604	0.533941151	-3.58047618	2.2479953	0.147210513	0.147598319	34.754179
19.48	3	0.0324527567	1.26048481	0.143612891	0.532140379	-3.5965867	2.29835119	0.147296221	0.129433222	34.905618
19.49	3	0.0309021852	1.25936951	0.144085552	0.529730187	-3.63729317	2.41435214	0.147581091	0.108522077	35.482999
19.5	3	0.0289042232	1.25831495	0.144274866	0.528217806	-3.38093641	2.63383181	0.147846368	0.0742596717	35.350844
19.51	3	0.0271238708	1.25718581	0.144174046	0.528152329	-3.16990693	2.83444661	0.148021745	0.100880093	35.561524
19.52	3	0.0254768693	1.25605838	0.143858847	0.529116547	-2.89082673	2.9752476	0.147980613	0.0755722836	35.473552
19.53	3	0.0237372416	1.25496233	0.143412427	0.530645953	-2.57095491	3.07146767	0.147923156	0.0993452762	34.563817
19.54	3	0.0213494345	1.25393574	0.142888449	0.532351744	-2.22203666	3.13039746	0.147920875	0.128602778	34.251368
19.55	3	0.0188023958	1.25300216	0.14231038	0.534391315	-1.84463731	3.157806	0.147856365	0.0991720594	34.440358
19.56	3	0.0159953886	1.25221475	0.141738081	0.536615561	-1.4343299	3.12091321	0.147626375	0.123344342	34.055515
19.57	3	0.0132487056	1.25157303	0.141174431	0.539044511	-1.01762015	3.04248277	0.147320061	0.0981602683	34.978932
19.58	3	0.0115405988	1.25107919	0.140646017	0.541514892	-0.618630656	2.95939465	0.147107776	0.0953893636	33.733421
19.59	3	0.0109804764	1.25078779	0.14024026	0.543783261	-0.2581829	2.84988248	0.146948145	0.0920573043	32.825488
19.6	3	0.0114263698	1.25064511	0.139931702	0.545576116	0.0281843056	2.81809185	0.147052526	0.131001745	33.868002
19.61	3	0.0125485154	1.25070038	0.139765155	0.547103145	0.31600151	2.72718659	0.147192056	0.120103151	33.903484
19.62	3	0.0140818484	1.25094325	0.139802809	0.548060138	0.560178458	2.58561783	0.147413628	0.16632946	33.704434
19.63	3	0.0157667008	1.25134969	0.13997102	0.548501435	0.795370646	2.41567817	0.147569739	0.119138931	34.334611
19.64	3	0.0172816622	1.2519386	0.140282589	0.548377909	1.03109368	2.23839523	0.147631055	0.138816465	34.310731
19.65	3	0.0175499899	1.25272036	0.140726233	0.547780552	1.3044328	2.03266536	0.14742921	0.152220801	34.14178
19.66	3	0.0167462773	1.25368307	0.141313201	0.546840573	1.59068113	1.80895468	0.14701976	0.102399628	34.730399
19.67	3	0.0153496996	1.25477358	0.141994303	0.545745953	1.8276279	1.57322915	0.146426806	0.115437482	34.510814
19.68	3	0.013367961	1.25600875	0.142748868	0.54463135	2.0439255	1.40001125	0.14584814	0.183284633	34.367248
19.69	3	0.0113114536	1.25739136	0.143641458	0.543503694	2.22136551	1.25973845	0.145353772	0.100485617	34.832279
19.7	3	0.0120752549	1.25889995	0.144691289	0.542310682	2.31711472	1.11074597	0.144909445	0.0981570388	39.187504
19.71	3	0.0154717263	1.26051474	0.145925955	0.541065438	2.32935513	0.949387395	0.144541265	0.0891649694	39.611039
19.72	3	0.0184658248	1.26213951	0.147298753	0.540013254	2.19238651	0.773044288	0.144388482	0.129961249	34.207675
19.73	3	0.0211136277	1.2638442	0.148717025	0.538736172	2.09826836	0.734926435	0.144510214	0.143187311	34.468484
19.74	3	0.0226456977	1.26546409	0.150083199	0.537821038	1.86923872	0.69298837	0.144598787	0.137059668	35.528386
19.75	3	0.0222919579	1.26692417	0.151479524	0.536511345	1.40054394	0.530997154	0.144715535	0.132338387	34.869093
19.76	3	0.0222444003	1.2682989	0.152721794	0.535745442	1.06414724	0.371311192	0.144752235	0.0868101903	34.931067
19.77	3	0.0222220998	1.26959019	0.153822478	0.535235671	0.785121634	0.233999158	0.144732102	0.10416617	34.850346
19.78	3	0.022943707	1.27073926	0.154820681	0.53483289	0.478700166	0.118321577	0.144846972	0.126791243	35.162806
19.79	3	0.0247921692	1.27172769	0.155651801	0.534759265	0.13851978	0.0666863841	0.145100942	0.109692016	34.908712
19.8	3	0.0269326894	1.27257589	0.156384996	0.534952525	-0.188036349	0.00850432578	0.14541904	0.131826104	34.830631
19.81	3	0.0282251072	1.2733521	0.156902837	0.535359498	-0.431732441	-0.0294589522	0.145612995	0.129733429	35.0658
19.82	3	0.0280130812	1.2740683	0.15717719	0.53614212	-0.570139462	-0.0499768514	0.145645762	0.130865593	34.546639
19.83	3	0.0268063154	1.27472283	0.157266071	0.53712486	-0.64466484	-0.107002253	0.14549883	0.108064077	34.30199
19.84	3	0.0246780218	1.27528227	0.157145875	0.538565421	-0.653433767	-0.111704745	0.145376122	0.0988649191	34.165292
19.85	3	0.021442671	1.27581753	0.156986937	0.539752893	-0.681274752	-0.130789979	0.145257257	0.239065323	34.913929
19.86	3	0.0188212365	1.27636825	0.156919113	0.540583878	-0.705444262	-0.175343355	0.14514955	0.142168783	33.810906
19.87	3	0.0174677651	1.27693859	0.156952973	0.541159364	-0.720692541	-0.253368296	0.145012767	0.113173344	37.532492
19.88	3	0.0174474393	1.27751597	0.157084414	0.541570222	-0.76363079	-0.340232997	0.14495862	0.0919007123	33.807937
19.89	3	0.0192774493	1.27809459	0.157343134	0.5419018	-0.86120576	-0.436958031	0.145052758	0.172922929	34.399529
19.9	3	0.0218772848	1.27865906	0.157653682	0.542198062	-1.00145901	-0.522525241	0.145178464	0.136288672	34.017695
19.91	3	0.0247959911	1.27922094	0.157998154	0.542404948	-1.13718123	-0.644675843	0.145119107	0.131557771	34.448055
19.92	3	0.0281609049	1.27977189	0.158343332	0.542627079	-1.24975847	-0.803030912	0.144876954	0.0679825393	34.616631
19.93	3	0.0327815689	1.28031719	0.158697859	0.542915181	-1.34995788	-0.979731784	0.144569019	0.10470956	34.745187
19.94	3	0.0378484323	1.28079391	0.159077484	0.542816509	-1.55178919	-1.03828599	0.144530147	0.112506203	35.117033
19.95	3	0.0432877125	1.28127083	0.159356999	0.542877477	-1.70274916	-1.09380961	0.144473239	0.131406973	34.394822
19.96	3	0.0486439144	1.28174669	0.159517542	0.543030074	-1.78581378	-1.16187806	0.14435831	0.156424484	38.521802
19.97	3	0.0533843392	1.28221683	0.159523828	0.543179077	-1.8166368	-1.20063784	0.144290679	0.192035181	34.480091
19.98	3	0.0577126746	1.28268832	0.159431137	0.543177122	-1.82734577	-1.20346398	0.144337612	0.120026271	34.484329
19.99	3	0.0612654042	1.28318753	0.159210034	0.542850589	-1.79349417	-1.18276801	0.144351512	0.114963432	34.930469
20	3	0.0629766482	1.28375379	0.158799206	0.542575982	-1.61319021	-1.01381796	0.1444712	0.137019762	34.942844
