time_s	goal_index	ee_error_m	base_x_m	base_y_m	base_z_m	roll_deg	pitch_deg	clearance_m	action_delta_l2	update_ms
0.01	0	0.392772597	-3.0069426e-05	-2.33435268e-07	0.542684651	-0.000669024605	0.00964301326	0.151347604	0	0.856861996
0.02	0	0.391640298	-0.000153426754	-7.92190516e-07	0.541078611	-0.00245719502	0.0283601632	0.151444449	0.0314106072	0.592921999
0.03	0	0.389258627	-0.000420071186	-1.70538216e-06	0.53883733	-0.00572817781	0.0572823654	0.151710794	0.0313853004	0.536303
0.04	0	0.385463992	-0.000867563529	-2.93695337e-06	0.536078874	-0.0107602467	0.0988968156	0.152171904	0.0313382457	0.533154001
0.05	0	0.380252862	-0.00152206397	-4.38711684e-06	0.532923455	-0.0177416043	0.156080721	0.152816138	0.0312720128	0.550386001
0.06	0	0.373743853	-0.00239969755	-5.89288344e-06	0.529489498	-0.0267634492	0.231271565	0.153605449	0.0311935725	0.552261998
0.07	0	0.366142227	-0.00350809537	-7.23074631e-06	0.525889261	-0.0378153921	0.325816978	0.154488246	0.0311137998	0.530411002
0.08	0	0.357706363	-0.00484805137	-8.1233429e-06	0.522225079	-0.0507881706	0.439571022	0.155411219	0.0310462936	0.534947001
0.09	0	0.348717084	-0.00641521593	-8.25159238e-06	0.518586766	-0.0654826542	0.570759073	0.156327846	0.0310056286	0.591137999
0.1	0	0.339444965	-0.00819137159	-7.64447776e-06	0.515009819	-0.0808080321	0.713402202	0.157203585	0.0351689386	0.554151004
0.11	0	0.330137082	-0.0101560212	-6.550382e-06	0.511514523	-0.0956719146	0.860774208	0.158015278	0.0368003586	0.594550998
0.12	0	0.321162805	-0.0122286559	9.11848566e-06	0.50770161	-0.119081918	0.906449518	0.158796106	0.0386112704	0.541379995
0.13	0	0.312584361	-0.0144986721	2.3453254e-05	0.504123705	-0.135315737	0.993482839	0.159455355	0.0407153936	0.542005
0.14	0	0.304020959	-0.0168298403	1.22183968e-05	0.500129798	-0.125433376	1.19827469	0.159962654	0.0428489983	0.582905996
0.15	0	0.295912586	-0.0193301571	-1.42262156e-06	0.496398971	-0.121512127	1.36385492	0.16042876	0.0447993248	0.545584
0.16	0	0.288265463	-0.0219686438	-1.80041159e-05	0.492827801	-0.116921609	1.49516986	0.160846901	0.0469462726	0.544085997
0.17	0	0.281067473	-0.0247371099	-3.90014133e-05	0.489407281	-0.111064981	1.59551506	0.161215613	0.0348347391	0.528968994
0.18	0	0.274290827	-0.0276502813	-6.47493623e-05	0.486207351	-0.105787044	1.66978438	0.161535594	0.0365621585	0.53374
0.19	0	0.267886336	-0.0307246436	-9.47343302e-05	0.483300939	-0.10328363	1.72081707	0.161808371	0.0389204128	0.547816002
0.2	0	0.261788905	-0.0339765146	-0.000127715613	0.480757442	-0.105838738	1.75031591	0.162034874	0.0416985985	0.656698998
0.21	0	0.255925244	-0.0374206022	-0.000161765728	0.478639447	-0.115616802	1.75921187	0.162214776	0.0448814238	0.610878997
0.22	0	0.25030501	-0.0410366916	-0.000252552159	0.476747424	-0.0821039481	1.69139124	0.162350511	0.0484623834	0.573523997
0.23	0	0.244385971	-0.0446982375	-0.000274763323	0.474411216	-0.143081902	1.71495794	0.162422444	0.0525888564	0.500449001
0.24	0	0.238501858	-0.048684727	-0.000288779682	0.472969047	-0.196379506	1.71934304	0.162449965	0.0439834574	0.549123004
0.25	0	0.232608628	-0.0529394403	-0.000295209302	0.472246165	-0.254615352	1.70429426	0.16242338	0.0421223362	0.538433
0.26	0	0.226693022	-0.05741165	-0.000289492663	0.472113566	-0.319401406	1.6627187	0.162333832	0.0427406071	0.516807995
0.27	0	0.220772074	-0.0620587723	-0.00026772782	0.472472536	-0.390043489	1.58781067	0.162172539	0.0442281158	0.562129004
0.28	0	0.214886198	-0.0668425939	-0.000226950459	0.473237872	-0.465030974	1.47409978	0.161930969	0.0460968217	0.552669997
0.29	0	0.209089807	-0.0717269674	-0.000164972819	0.474329006	-0.542556892	1.31773455	0.16160107	0.0482100228	0.545801995
0.3	0	0.203442246	-0.0766770586	-8.03140072e-05	0.475666658	-0.620748526	1.1166339	0.161175351	0.0505267682	0.530493999
0.31	0	0.198000083	-0.0816596283	2.79068498e-05	0.477172764	-0.69787186	0.870676797	0.160646826	0.0530282336	0.529627003
0.32	0	0.192782725	-0.0865695509	0.00014802876	0.478238039	-0.767129085	0.585000983	0.160022217	0.055697126	0.511211998
0.33	0	0.18777084	-0.0914759561	0.000241473174	0.479296266	-0.780234147	0.318464321	0.159313857	0.0584105831	0.536671003
0.34	0	0.182992735	-0.0963967494	0.000360211714	0.480485287	-0.825179035	0.00960618966	0.158472824	0.0608648742	0.559627995
0.35	0	0.178479973	-0.101243194	0.000509140778	0.481551873	-0.87997294	-0.338957406	0.157494388	0.0893508347	0.530803001
0.36	0	0.174253829	-0.105950273	0.000693966436	0.482313815	-0.944433203	-0.727497485	0.156369989	0.0927112051	0.517830005
0.37	0	0.17032509	-0.110499446	0.00093670698	0.482685644	-1.02229257	-1.15686915	0.155084796	0.0961989143	0.516911998
0.38	0	0.166673336	-0.11490207	0.00124978408	0.482641303	-1.1176809	-1.61582114	0.153629209	0.0998345812	0.553809004
0.39	0	0.163243568	-0.119185477	0.00164222735	0.482160138	-1.22723796	-2.08626723	0.151998677	0.103599542	0.565057002
0.4	0	0.159965462	-0.123402085	0.00213418796	0.481192596	-1.38314696	-2.55956441	0.150178578	0.107455652	0.519991998
0.41	0	0.156713627	-0.12756974	0.00272107491	0.47983599	-1.55261383	-3.02263161	0.148156568	0.111502022	0.521310001
0.42	0	0.153372136	-0.131754759	0.00342202458	0.478058761	-1.77178352	-3.46830306	0.145917131	0.0874348654	0.529746998
0.43	0	0.14976224	-0.13601302	0.00424116826	0.475921292	-2.03958637	-3.88461153	0.143454312	0.10457489	0.512696999
0.44	0	0.145559912	-0.140324054	0.00516503878	0.473610046	-2.28513579	-4.26025999	0.140768551	0.109301531	0.520581001
0.45	0	0.140379023	-0.144767815	0.00616228696	0.471255865	-2.50201296	-4.55607797	0.137888849	0.114272753	0.518261004
0.46	0	0.133785913	-0.149372631	0.00720569114	0.468950869	-2.67477493	-4.75710005	0.134818744	0.119382338	0.533581995
0.47	0	0.125431764	-0.154053762	0.00816223273	0.466413268	-2.68333273	-4.92815113	0.131485773	0.12463107	0.521419999
0.48	0	0.114688731	-0.158965749	0.00911361592	0.464186619	-2.66867264	-4.95713611	0.128003532	0.130115863	0.540091998
0.49	0	0.101112813	-0.164048961	0.0100357036	0.462216388	-2.59085395	-4.86435006	0.124409846	0.105790513	0.512156999
0.5	0	0.0847334009	-0.169168798	0.0111577161	0.460355567	-2.66105618	-4.86909697	0.12047571	0.0979061133	0.503381001
0.51	0	0.0659677922	-0.174498046	0.0123233263	0.459137923	-2.68402492	-4.79855301	0.11651081	0.0969772133	0.538326
0.52	0	0.0478384991	-0.179881564	0.0135154007	0.458372774	-2.6838106	-4.6770554	0.112956226	0.0578357238	0.540050998
0.53	0	0.0415354604	-0.185270744	0.0147423016	0.457832677	-2.7134971	-4.48308363	0.109969214	0.0571743401	0.529755001
0.54	0	0.0574240396	-0.190589239	0.0159708612	0.457554618	-2.69915333	-4.30271605	0.107289123	0.0515250674	0.542816997
0.55	0	0.08499899	-0.195802749	0.0171905557	0.457441394	-2.66443564	-4.13699251	0.104758698	0.0450091653	0.583055997
0.56	0	0.115065993	-0.20081796	0.0183830158	0.457315955	-2.61254217	-3.93793937	0.103255468	0.0407473426	0.556936
0.57	0	0.142170033	-0.205612924	0.0195373912	0.457095501	-2.54702738	-3.7104107	0.102557137	0.0400864506	0.557911997
0.58	0	0.16479073	-0.210169059	0.0206460273	0.456773844	-2.47778431	-3.49304514	0.102336011	0.0401424782	0.546988005
0.59	0	0.183661475	-0.214510319	0.0216635714	0.456189994	-2.34735942	-3.30778208	0.102497557	0.0426247239	0.524513998
0.6	0	0.200025557	-0.218574847	0.0226360053	0.455484785	-2.26494436	-3.16686765	0.102924344	0.103127136	0.518674999
0.61	0	0.21402265	-0.222388674	0.0235659882	0.454514646	-2.2566934	-3.04283228	0.103499853	0.097877764	0.520820999
0.62	0	0.225216359	-0.225900071	0.0243606566	0.45313821	-2.16444587	-2.94604134	0.104053179	0.0933898212	0.532919999
0.63	0	0.233420788	-0.229227458	0.0251174783	0.451562967	-2.18285646	-2.8917632	0.104484476	0.0900445462	0.540319998
0.64	0	0.238525047	-0.232457367	0.0258197659	0.449670408	-2.2306171	-2.86056011	0.104813444	0.0873183997	0.528130993
0.65	0	0.240625634	-0.235614046	0.0264502786	0.447565662	-2.2321597	-2.8902495	0.10500924	0.0850655996	0.531433005
0.66	0	0.239857068	-0.238815863	0.0270339864	0.445193546	-2.24994632	-2.94236137	0.104781075	0.0831427322	0.515332002
0.67	0	0.236551622	-0.242030422	0.0276192932	0.442689939	-2.36556069	-2.95906342	0.104756423	0.0253645044	0.541629997
0.68	0	0.230474394	-0.245351459	0.0281836303	0.439971547	-2.4929929	-2.94332348	0.104831085	0.0827903928	0.509011006
0.69	0	0.221998282	-0.248805818	0.0287379799	0.437082114	-2.63297126	-2.8930967	0.104967176	0.0836721446	0.506235003
0.7	0	0.20896581	-0.252365566	0.0293681387	0.434344688	-2.86623373	-2.81716479	0.104659075	0.106758871	0.517616005
0.71	0	0.192354725	-0.256070933	0.0300344344	0.432166918	-3.08931807	-2.74115218	0.104334508	0.104820561	0.551672005
0.72	0	0.173581625	-0.259939382	0.0308369817	0.43026115	-3.41428604	-2.69075767	0.104102986	0.1013392	0.532138001
0.73	0	0.154417403	-0.264109669	0.0317001878	0.429286344	-3.68287757	-2.57712787	0.10402337	0.100825585	0.518588997
0.74	0	0.136966781	-0.268514795	0.0325443079	0.42894166	-3.84358598	-2.35869766	0.104132623	0.0631498751	0.530805002
0.75	0	0.125491145	-0.272980785	0.0332840254	0.428990942	-3.92237547	-2.27501758	0.104166266	0.039494424	0.516797001
0.76	0	0.12262662	-0.277673357	0.0341169667	0.429959128	-4.07933386	-2.19531778	0.104229459	0.0250216018	0.547964999
0.77	0	0.128572032	-0.282491893	0.0350361549	0.43168645	-4.25981199	-2.16954933	0.104180931	0.041050004	0.529708996
0.78	0	0.139551772	-0.287346518	0.0360241875	0.433986306	-4.44496218	-2.21257005	0.10481637	0.069457956	0.572292003
0.79	0	0.150482447	-0.292049175	0.0371683915	0.436254703	-4.73856151	-2.24664714	0.106467354	0.0693789238	0.538008004
0.8	0	0.160221258	-0.296725685	0.038361785	0.438960758	-4.97285584	-2.38844786	0.108643396	0.0693535667	0.566498995
0.81	0	0.171004245	-0.301350272	0.0396141122	0.442043455	-5.1853445	-2.64527781	0.109936124	0.0609848446	0.558754
0.82	0	0.1836466	-0.305941901	0.0409189559	0.445338371	-5.34427913	-2.97949352	0.110181547	0.0553926548	0.541004003
0.83	0	0.197333597	-0.310460688	0.0423060261	0.448840421	-5.52661728	-3.42689623	0.109602102	0.0276565926	0.519401001
0.84	0	0.211907161	-0.314893805	0.0437769416	0.452440448	-5.71664652	-3.95819081	0.108581306	0.0371509773	0.525892996
0.85	0	0.224233209	-0.319183592	0.0453359679	0.455907092	-5.88026856	-4.54897672	0.10769975	0.101678087	0.509836005
0.86	0	0.232845477	-0.323367757	0.047008304	0.458961642	-6.08164656	-5.17253803	0.107639175	0.113150343	0.507612996
0.87	0	0.241123322	-0.327451677	0.0487853825	0.461814855	-6.23754509	-5.82112278	0.107463427	0.0952033146	0.536687003
0.88	0	0.250818976	-0.331457777	0.0506849709	0.464371601	-6.37938342	-6.48422054	0.106891337	0.0962462995	0.507368
0.89	0	0.262136678	-0.335403443	0.0527160394	0.46656666	-6.52110818	-7.1455702	0.1059692	0.0931964605	0.601268002
0.9	0	0.271408988	-0.339324533	0.0548858691	0.468188426	-6.7177798	-7.7745722	0.10564721	0.106559264	0.590014002
0.91	0	0.281480738	-0.343281203	0.0572001185	0.469235822	-6.97095348	-8.36381311	0.105273012	0.0929972594	0.602837004
0.92	0	0.291642317	-0.347255845	0.0596408662	0.469916923	-7.19685622	-8.90375382	0.104755612	0.0207722238	0.542110996
0.93	0	0.301598784	-0.351308951	0.0622182165	0.47001592	-7.4724365	-9.37105304	0.104593427	0.0814062771	0.533409002
0.94	0	0.311838131	-0.355402713	0.0648830639	0.469813473	-7.73418369	-9.75352786	0.104608195	0.0817185512	0.582226996
0.95	0	0.322456368	-0.35950885	0.0675034399	0.469096815	-7.90633446	-10.0861072	0.104705384	0.0836014732	0.574922997
0.96	0	0.333295672	-0.363804346	0.0701808913	0.468240789	-8.08535645	-10.295502	0.104845277	0.0852353339	0.583688998
0.97	0	0.344255242	-0.368126498	0.0729601485	0.466830348	-8.30718951	-10.4872657	0.104909435	0.0872869123	0.528229
0.98	0	0.354182046	-0.372746632	0.0757360176	0.465499327	-8.40708166	-10.5148847	0.105074359	0.0903702888	0.572823999
0.99	0	0.364237646	-0.377587235	0.0784716001	0.46416462	-8.39358865	-10.4154849	0.105303143	0.0611290021	0.539627996
1	0	0.370739239	-0.382557446	0.0811238685	0.46272229	-8.27195337	-10.2159193	0.106183565	0.0733068092	0.5513
1.01	0	0.373045091	-0.387588376	0.0836659299	0.461134507	-8.05531745	-9.95203986	0.107648567	0.0602271651	0.589655996
1.02	0	0.374641328	-0.392637281	0.0860934831	0.459429047	-7.76316074	-9.6568675	0.108727795	0.0327616224	0.570056996
1.03	0	0.375913288	-0.39766716	0.0883994623	0.457603596	-7.41716807	-9.35381358	0.109237128	0.0229770741	0.560105
1.04	0	0.374580248	-0.402624203	0.0905689238	0.455618428	-7.03797864	-9.04869932	0.110005922	0.0694252664	0.553076999
1.05	0	0.372672335	-0.40752361	0.0925745751	0.453391029	-6.57394327	-8.75944298	0.110785871	0.0603201363	0.542533999
1.06	0	0.370249175	-0.412334916	0.0944456393	0.451120045	-6.27617068	-8.53307625	0.11130278	0.0584655877	0.561638997
1.07	0	0.366929872	-0.417026036	0.0961990299	0.448802183	-6.05283035	-8.37929205	0.111492199	0.0575267954	0.580786
1.08	0	0.363568206	-0.421608353	0.0978458676	0.446347428	-5.93191712	-8.25683527	0.110849483	0.0570513554	0.547935
1.09	0	0.358351972	-0.426044756	0.0993707109	0.443849483	-5.84440358	-8.21667645	0.10948466	0.0568070587	0.556293002
1.1	0	0.351558372	-0.430280736	0.100767473	0.441212631	-5.80315133	-8.23414749	0.107812948	0.106881998	0.534793005
1.11	0	0.344097754	-0.434325837	0.102002933	0.438296142	-5.74869923	-8.28728258	0.10617382	0.10124009	0.531988
1.12	0	0.336287758	-0.438138412	0.103134004	0.435221714	-5.77150783	-8.36564809	0.105360364	0.111207212	0.575844002
1.13	0	0.330564268	-0.441761364	0.104164786	0.431935347	-5.87527095	-8.44570337	0.105009276	0.10282508	0.571956996
1.14	0	0.326433788	-0.445247324	0.105102891	0.428441119	-6.04782662	-8.51836061	0.104323219	0.0999023553	0.532824997
1.15	0	0.325096577	-0.448652379	0.105927596	0.424577066	-6.224641	-8.5235448	0.103930907	0.0954929108	0.513874002
1.16	0	0.325991905	-0.452044046	0.106660385	0.420340609	-6.40250112	-8.44667979	0.103759345	0.0914230424	0.532651
1.17	0	0.325795668	-0.454830193	0.107353797	0.418122738	-6.13893383	-7.90740021	0.103910072	0.0430100076	0.562356996
1.18	0	0.326741454	-0.45739093	0.10800917	0.415164875	-5.99334483	-7.47178681	0.104183337	0.08012054	0.541025998
1.19	0	0.32762486	-0.459884519	0.108659007	0.412368408	-6.04055713	-6.98052569	0.10468978	0.090620412	0.571675002
1.2	0	0.328860983	-0.462375065	0.109224558	0.409705314	-6.12796482	-6.54712461	0.105192725	0.0939546865	0.571728997
1.21	0	0.329133465	-0.464691028	0.109864195	0.408557677	-6.0974302	-6.03374051	0.104805309	0.0863200154	0.600507003
1.22	0	0.330152206	-0.467090112	0.110560251	0.407990077	-6.1921959	-5.58584177	0.104301875	0.0950326467	0.575410006
1.23	0	0.331298023	-0.469612286	0.111289394	0.407938383	-6.29400733	-5.14905497	0.104077647	0.105862551	0.577177998
1.24	0	0.332526866	-0.47207484	0.112210296	0.408139444	-6.62876013	-4.72423762	0.103845731	0.0628763417	0.596604994
1.25	0	0.334239815	-0.474682432	0.113259298	0.409181014	-6.94363711	-4.43659773	0.103717401	0.0611380632	0.545524999
1.26	0	0.33538428	-0.47735459	0.114404949	0.410893155	-7.25524889	-4.26682829	0.104111685	0.0702664967	0.523078001
1.27	0	0.336242327	-0.480023105	0.115627271	0.413141188	-7.55214239	-4.20541947	0.105070696	0.0695375696	0.547219999
1.28	0	0.338026845	-0.482655483	0.11692644	0.415885941	-7.824378	-4.26801983	0.105872158	0.0666394723	0.572192002
1.29	0	0.340100356	-0.485251783	0.118303698	0.419060592	-8.06788446	-4.45227851	0.105779356	0.0594450154	0.528653996
1.3	0	0.342243572	-0.487832405	0.119736623	0.422524685	-8.24500844	-4.71712129	0.104782114	0.0578689863	0.523340997
1.31	0	0.344956124	-0.490314651	0.1212225	0.426186604	-8.42685682	-5.04116889	0.104025694	0.0495657908	0.581444998
1.32	0	0.348311212	-0.492671808	0.122774292	0.42957051	-8.65402276	-5.41483001	0.103819688	0.0410097797	0.597293001
1.33	0	0.352028233	-0.494970898	0.124347442	0.433110386	-8.82154961	-5.78243389	0.10374151	0.0425019241	0.557594001
1.34	0	0.356002961	-0.497111057	0.125976008	0.436318921	-9.03311679	-6.07466075	0.103950943	0.0110014052	0.536947999
1.35	0	0.360785642	-0.499105771	0.127631911	0.439485262	-9.2125332	-6.43610594	0.104315586	0.100637045	0.559444998
1.36	0	0.366821821	-0.50094157	0.129304585	0.44244798	-9.34847795	-6.84905066	0.104506713	0.0981747359	0.520287998
1.37	0	0.374494351	-0.502605967	0.130996642	0.445116167	-9.44925622	-7.29910759	0.10469728	0.0871963414	0.506099001
1.38	0	0.3837286	-0.504102126	0.132713532	0.44743635	-9.51948699	-7.77335597	0.105029442	0.0974352087	0.523645998
1.39	0	0.394274973	-0.505486186	0.134493594	0.449481052	-9.56407449	-8.31557961	0.104540791	0.0924956586	0.531894002
1.4	0	0.40725108	-0.506799259	0.13634673	0.451017047	-9.63953813	-8.8948634	0.104074931	0.0868697419	0.546107003
1.41	0	0.421795239	-0.508046513	0.138276447	0.452307236	-9.68872742	-9.49308331	0.10372547	0.07959029	0.544927003
1.42	0	0.437465482	-0.509319389	0.14031431	0.453100103	-9.78100973	-10.1065187	0.103842418	0.0568384911	0.530972
1.43	0	0.451906785	-0.510656648	0.142435036	0.453788988	-9.89322305	-10.687628	0.104184129	0.0899340368	0.545912
1.44	0	0.464643773	-0.51207315	0.144634699	0.454336713	-10.0502406	-11.2392086	0.10463765	0.0909207184	0.549479999
1.45	0	0.478178285	-0.513597339	0.14696501	0.454428598	-10.2583858	-11.7912925	0.104982958	0.0923328432	0.553217003
1.46	0	0.490388153	-0.515425414	0.149396806	0.454623121	-10.4330001	-12.2243127	0.105366393	0.0940437872	0.531089994
1.47	0	0.502150339	-0.517603479	0.151929104	0.45488532	-10.5466764	-12.5332512	0.106058985	0.103953334	0.525276002
1.48	0	0.513147445	-0.520127973	0.154468826	0.455058695	-10.4933958	-12.7343059	0.106959618	0.104675673	0.514523999
1.49	0	0.52165165	-0.523023922	0.15707346	0.455323464	-10.4166108	-12.8114758	0.107578763	0.0668634574	0.519836001
1.5	0	0.52748693	-0.526234588	0.159714628	0.455614768	-10.278436	-12.7779152	0.107983653	0.0502946018	0.561340996
1.51	0	0.532290239	-0.529680773	0.162349273	0.455875	-10.0783019	-12.6635712	0.108550811	0.0579582261	0.540678004
1.52	0	0.533621625	-0.533283782	0.164935858	0.456030649	-9.82966903	-12.4848512	0.109565076	0.0696537122	0.520838999
1.53	0	0.533653456	-0.53700248	0.167468848	0.456085415	-9.55069175	-12.2717027	0.110605224	0.058021119	0.531889993
1.54	0	0.532773364	-0.540796681	0.169943367	0.456030049	-9.26125218	-12.0471719	0.111403441	0.0572778692	0.517274006
1.55	0	0.530773859	-0.544627336	0.172355357	0.455847917	-8.98006798	-11.828153	0.111869423	0.0569125236	0.520146001
1.56	0	0.527732266	-0.548257948	0.174639897	0.454834946	-8.73677693	-11.7381288	0.111934948	0.0567311858	0.521747999
1.57	0	0.521761616	-0.55197897	0.176890027	0.453889695	-8.57007905	-11.6202646	0.111347845	0.0566441497	0.530336001
1.58	0	0.513667787	-0.555734378	0.179097579	0.452834793	-8.45506358	-11.4930867	0.110234103	0.0566059242	0.521749003
1.59	0	0.50476073	-0.559458537	0.18124908	0.45159192	-8.39741341	-11.3588484	0.108909938	0.059909132	0.504534
1.6	0	0.497115069	-0.563064655	0.183328558	0.450081191	-8.39254789	-11.2206791	0.107878258	0.108438661	0.516482003
1.61	0	0.489192425	-0.566532745	0.185332711	0.448221532	-8.45735604	-11.0604778	0.107367556	0.10641886	0.509308004
1.62	0	0.482888718	-0.569908547	0.187244341	0.445982141	-8.50417806	-10.8982603	0.106484927	0.102334678	0.541213994
1.63	0	0.478289151	-0.573198811	0.189110993	0.443414983	-8.63811134	-10.7116384	0.105053141	0.102138174	0.533267994
1.64	0	0.474205109	-0.57643368	0.190898373	0.440374041	-8.77649247	-10.4785409	0.103344676	0.10040548	0.492234001
1.65	0	0.471401453	-0.579586902	0.192618524	0.436814197	-8.98204137	-10.1493284	0.102743562	0.105662075	0.536174004
1.66	0	0.468838606	-0.582207125	0.194554538	0.434653071	-8.89473024	-9.48305403	0.102685112	0.0938553465	0.543032998
1.67	0	0.467337108	-0.584388333	0.196370933	0.43218032	-8.90885764	-8.77628612	0.102775038	0.0454437063	0.506796998
1.68	0	0.466953041	-0.58657083	0.198214567	0.429450653	-9.04518333	-8.03498697	0.102991816	0.0900404864	0.549654003
1.69	0	0.467646771	-0.588731289	0.200108795	0.426441746	-9.30671152	-7.29078928	0.103286173	0.0989256481	0.541082998
1.7	0	0.468301353	-0.590747471	0.202081532	0.423683868	-9.72212962	-6.66692001	0.103699958	0.107996224	0.572112003
1.71	0	0.468427117	-0.592723302	0.204176977	0.421270391	-10.2015851	-6.16120831	0.104454142	0.109559185	0.566199997
1.72	0	0.468241737	-0.594721608	0.206370403	0.419164466	-10.6677028	-5.70111993	0.105875678	0.111297942	0.538326996
1.73	0	0.468863672	-0.596857893	0.208830085	0.417822174	-11.1862572	-5.36642199	0.106509071	0.113086682	0.550138997
1.74	0	0.470153496	-0.598923246	0.211430516	0.417405036	-11.4842199	-5.157519	0.106664642	0.0779668634	0.566291004
1.75	0	0.471527763	-0.600896795	0.214314465	0.417205115	-12.0048427	-4.95998202	0.106762428	0.0603004858	0.591914002
1.76	0	0.472956881	-0.602984085	0.217453153	0.417781588	-12.4903203	-4.89442494	0.106987972	0.0703317536	0.545981005
1.77	0	0.474960793	-0.605096849	0.22079329	0.418951647	-12.9554668	-4.9450571	0.107575897	0.0695869879	0.534159
1.78	0	0.47835687	-0.607199452	0.224317301	0.420625718	-13.3966275	-5.11810541	0.107929403	0.0680138902	0.533862003
1.79	0	0.482845339	-0.609339695	0.227994043	0.422326734	-13.8175054	-5.39643182	0.107880988	0.0567859415	0.519917994
1.8	0	0.488109055	-0.611482928	0.231868469	0.424599787	-14.2447239	-5.78031062	0.107382459	0.0496342561	0.558751999
1.81	0	0.494281224	-0.613669064	0.235918259	0.427192938	-14.6348545	-6.22954494	0.106617074	0.0460059623	0.537697997
1.82	0	0.501643247	-0.615887732	0.24013022	0.429999799	-14.9974303	-6.73916533	0.10569647	0.0442159034	0.526741998
1.83	0	0.510429402	-0.618130221	0.244495486	0.432943812	-15.3412373	-7.30091767	0.10469632	0.0424985544	0.543750997
1.84	0	0.521263063	-0.620362408	0.248978252	0.435896662	-15.6796686	-7.87174055	0.104162493	0.0315367267	0.538120999
1.85	0	0.532991781	-0.6223092	0.253505456	0.438801324	-16.0284388	-8.28459528	0.104165092	0.104889124	0.522524002
1.86	0	0.545845215	-0.624151646	0.257943944	0.44130611	-16.3007368	-8.77114542	0.104368193	0.10989426	0.519319001
1.87	0	0.55857989	-0.625937975	0.262435493	0.44361098	-16.6306466	-9.28462642	0.104599428	0.104165824	0.529937002
1.88	0	0.568682436	-0.627726026	0.266955052	0.445398754	-17.0099703	-9.82106398	0.104679054	0.102561687	0.542521004
1.89	0	0.575692886	-0.629495763	0.27154178	0.447011178	-17.4374995	-10.3674026	0.104651621	0.100570724	0.585766997
1.9	0	0.579986298	-0.631236806	0.276164917	0.448281401	-17.9021358	-10.9249447	0.104612705	0.0988997717	0.544414994
1.91	0	0.582493488	-0.633007987	0.280793348	0.448900486	-18.4051545	-11.4912363	0.104646582	0.0974447097	0.553950005
1.92	0	0.583712795	-0.634799791	0.285487267	0.449270965	-18.9527486	-12.0488408	0.104702723	0.056716187	0.560260007
1.93	0	0.585087524	-0.63670895	0.290233474	0.449014176	-19.5289953	-12.6098267	0.104862044	0.097400415	0.528386998
1.94	0	0.58610029	-0.638692169	0.295097749	0.448630574	-20.1491539	-13.1614487	0.10495874	0.0987799641	0.548719996
1.95	0	0.583425446	-0.640152996	0.300160732	0.450021991	-20.3497126	-13.3127556	0.104802927	0.0920692763	0.539834
1.96	0	0.580477007	-0.641758229	0.305193717	0.451205661	-20.5322145	-13.3603247	0.104782719	0.0944792076	0.534445004
1.97	0	0.578214629	-0.643397597	0.3101506	0.451663722	-20.8063225	-13.4397188	0.10480688	0.0964294648	0.513214
1.98	0	0.576663194	-0.645258693	0.315270438	0.452084918	-21.0811972	-13.4247781	0.104923556	0.104616592	0.524672003
1.99	0	0.575175371	-0.647365791	0.320576211	0.452432469	-21.3372666	-13.3666064	0.10438343	0.0590551168	0.556965999
2	0	0.576062859	-0.649608467	0.32596409	0.452519682	-21.5359781	-13.2052741	0.104289902	0.0495729305	0.524951
2.01	0	0.5800168	-0.651937555	0.331426528	0.452376073	-21.7520072	-12.9804079	0.104232114	0.0360865142	0.585526002
2.02	0	0.58752123	-0.654310462	0.336936711	0.451937966	-21.9251827	-12.6948424	0.104371357	0.0497422661	0.545898001
2.03	0	0.600047103	-0.65669307	0.342492069	0.451208775	-22.0663029	-12.3737293	0.104421945	0.057311519	0.533940998
2.04	0	0.616191494	-0.659004238	0.348087218	0.450254263	-22.2798078	-12.069721	0.104842997	0.0693040259	0.542444999
2.05	0	0.63294555	-0.661205998	0.353715629	0.449046043	-22.5287342	-11.7876981	0.106443098	0.0692962706	0.562028996
2.06	0	0.649069656	-0.663331952	0.359393391	0.447576147	-22.7809945	-11.565853	0.108658971	0.0509331156	0.510211001
2.07	0	0.663163639	-0.665388858	0.365129042	0.445833105	-23.045582	-11.4157244	0.111373764	0.0693016256	0.526848999
2.08	0	0.675215649	-0.6673208	0.370889604	0.443594481	-23.3905418	-11.290261	0.11443126	0.0693060062	0.526147
2.09	0	0.687469943	-0.669204626	0.37678821	0.441242342	-23.8186423	-11.3018913	0.116853726	0.0693129758	0.551254001
2.1	0	0.698469034	-0.671016717	0.382779517	0.438588949	-24.3211214	-11.4164794	0.118315315	0.11093173	0.534502004
2.11	0	0.709899782	-0.672743753	0.388854528	0.435525459	-24.8952977	-11.6228343	0.118563335	0.113172682	0.505167001
2.12	0	0.720313848	-0.673834351	0.395575014	0.433787091	-25.0403905	-11.4928567	0.11822107	0.107609697	0.507758006
2.13	0	0.728362307	-0.674440152	0.402262465	0.431889563	-25.2735477	-11.379891	0.117238983	0.103868035	0.500255002
2.14	0	0.734518651	-0.67479046	0.408979606	0.429686264	-25.5789804	-11.282513	0.116384116	0.101253749	0.586706999
2.15	0	0.73589101	-0.674813802	0.415806066	0.427179184	-25.9644502	-11.1933748	0.11605989	0.1065898	0.512640996
2.16	0	0.73245637	-0.674532522	0.422709163	0.424334064	-26.4345054	-11.0874296	0.116386616	0.105332435	0.522618
2.17	0	0.727743377	-0.6739976	0.429726742	0.421221334	-26.9828478	-10.9599051	0.116683264	0.0660784062	0.516416003
2.18	0	0.722278784	-0.673247222	0.436896804	0.417863974	-27.6145463	-10.819228	0.11674911	0.100337737	0.499512003
2.19	0	0.715791863	-0.672285961	0.444245955	0.414281926	-28.3257118	-10.6662776	0.116517801	0.100315924	0.528493998
2.2	0	0.707720935	-0.671085421	0.451832222	0.410786764	-29.1123013	-10.5688507	0.115915223	0.0970617615	0.529887002
2.21	0	0.696717506	-0.669715309	0.459669986	0.407372012	-29.9366605	-10.504291	0.115394985	0.109761515	0.518230001
2.22	0	0.685671883	-0.668226724	0.467795697	0.404094159	-30.7890046	-10.4930979	0.114658353	0.102910653	0.543224
2.23	0	0.675629615	-0.666514263	0.476190506	0.401030817	-31.6707131	-10.5523847	0.113562393	0.101988965	0.532444996
2.24	0	0.667554891	-0.664613449	0.484593192	0.397358556	-32.7221872	-10.6852088	0.112176215	0.0650065449	0.520523994
2.25	0	0.661674572	-0.662520393	0.493651653	0.394345139	-33.6434065	-10.8125075	0.110538231	0.0506697751	0.600920997
2.26	0	0.659162138	-0.660406676	0.503114312	0.391559022	-34.7686721	-10.9778109	0.108649941	0.0461110609	0.612076998
2.27	0	0.659207864	-0.658155268	0.512876925	0.388855256	-36.0148955	-11.1747276	0.106148077	0.0516218581	0.574792
2.28	0	0.662921254	-0.655995323	0.522712997	0.385686788	-37.3265284	-11.4282011	0.103324154	0.0703038793	0.534688006
2.29	0	0.672248502	-0.653616963	0.532747393	0.38244236	-38.6659864	-11.5569948	0.102023703	0.059442324	0.527666001
2.3	0	0.684951554	-0.651135171	0.542872601	0.378869878	-40.0599217	-11.6340937	0.101634105	0.0586174415	0.523472998
2.31	0	0.699104195	-0.648582135	0.553104526	0.374946521	-41.5228746	-11.6807192	0.101784911	0.0582780495	0.542784997
2.32	0	0.713351422	-0.645964264	0.563488037	0.370685725	-43.0624302	-11.7062585	0.102206567	0.0581771667	0.536260006
2.33	0	0.726939496	-0.64312507	0.573841615	0.365714936	-44.7141183	-11.6443267	0.102871399	0.0581950763	0.514697
2.34	0	0.740749705	-0.640401995	0.58433506	0.360216442	-46.4438404	-11.6314195	0.103502467	0.058284852	0.486151999
2.35	0	0.75325384	-0.637335899	0.595454983	0.354870648	-48.2075566	-11.5285741	0.104012517	0.109123241	0.550106
2.36	0	0.765015082	-0.634126687	0.606690208	0.349111499	-50.1451598	-11.4127238	0.104358247	0.106854537	0.523650997
2.37	0	0.774600414	-0.6308869	0.617668112	0.342325375	-52.207197	-11.2609404	0.104554812	0.104866517	0.485014003
2.38	0	0.78345786	-0.627400899	0.628873663	0.335247162	-54.4578869	-11.0553858	0.104645325	0.103194775	0.524134004
2.39	0	0.791325111	-0.62389021	0.639797782	0.327139889	-56.8188436	-10.8093227	0.104681245	0.101371134	0.487468998
2.4	0	0.799807761	-0.620370155	0.650465135	0.318001369	-59.2481531	-10.5216321	0.104763587	0.099894497	0.47508
2.41	0	0.808364814	-0.616091161	0.661650087	0.309043539	-61.7668541	-10.0596041	0.104803777	0.106319506	0.589611001
2.42	0	0.81771321	-0.611554671	0.672829701	0.299498001	-64.437902	-9.54834347	0.104512509	0.0709538779	0.526440999
2.43	0	0.830314199	-0.607010548	0.683741229	0.288989047	-67.1469575	-9.00428325	0.104523062	0.106306601	0.507858997
2.44	0	0.846132205	-0.60249526	0.694477733	0.277541596	-69.8620883	-8.43886914	0.104626004	0.101049404	0.482156996
2.45	0	0.864754328	-0.597749444	0.705464887	0.265733927	-72.584527	-7.70833669	0.104749058	0.101192666	0.557439002
2.46	0	0.886917178	-0.593190747	0.7163902	0.253172203	-75.3859224	-6.91323597	0.104330938	0.107569126	0.538954999
2.47	0	0.911237885	-0.585028149	0.725764982	0.246419932	-78.0531765	-5.18513406	0.103997942	0.100344148	0.604543995
2.48	0	0.943578952	-0.576941194	0.734910039	0.238867301	-80.6035496	-3.45491697	0.103814592	0.100713268	0.528271994
2.49	0	0.984008944	-0.568916017	0.743760217	0.230657202	-83.0888335	-1.7051552	0.103699012	0.0654438909	0.505190001
2.5	0	1.02885279	-0.560987093	0.752317883	0.221921023	-85.4904517	0.0978689656	0.103895589	0.0654319261	0.514863001
2.51	0	1.07775633	-0.553239527	0.760644228	0.212724672	-87.8519747	1.96121333	0.104158347	0.062614682	0.507455996
2.52	0	1.12825801	-0.554312472	0.76473414	0.216707239	-91.6766918	1.77524374	0.10477167	0.0621572879	0.602437998
2.53	0	1.18301808	-0.555302843	0.768915924	0.219746851	-95.0783702	1.55686954	0.105425316	0.0568572271	0.529355006
2.54	0	1.24167885	-0.556173174	0.773155988	0.22180019	-98.1309229	1.32947874	0.106060404	0.0574889893	0.537131004
2.55	0	1.30309183	-0.556901775	0.777484016	0.222924928	-100.875116	1.09046274	0.106740053	0.0567376794	0.519019995
2.56	0	1.36417689	-0.557647224	0.781873092	0.223310158	-103.380875	0.833939356	0.108062338	0.0620544649	0.488409001
2.57	0	1.42314153	-0.558587873	0.786336038	0.223089595	-105.720836	0.55568479	0.109827334	0.063776998	0.477938003
2.58	0	1.4791383	-0.559273762	0.79111912	0.223439482	-107.815706	0.449812387	0.111885592	0.0650780037	0.550659999
2.59	0	1.53174125	-0.559877337	0.796084532	0.223708025	-109.810025	0.354950029	0.113933266	0.0653206877	0.554853999
2.6	0	1.58073862	-0.560556063	0.801237131	0.223860178	-111.724531	0.252898691	0.115797898	0.113098321	0.529700999
2.61	0	1.62642445	-0.561302157	0.806591253	0.223900727	-113.566433	0.147350372	0.11732124	0.110992329	0.497446999
2.62	0	1.66962097	-0.561855371	0.812217312	0.223359857	-115.265794	0.130167764	0.118260261	0.109163665	0.503458999
2.63	0	1.71035251	-0.562985745	0.817848208	0.222875301	-117.072138	-0.0411852048	0.118729759	0.107267176	0.526693002
2.64	0	1.74870044	-0.563941837	0.823820142	0.222673804	-118.786265	-0.103571961	0.118782967	0.106222799	0.577665
2.65	0	1.78424983	-0.564891488	0.830057731	0.222278357	-120.43664	-0.137778938	0.118531314	0.10502506	0.651703995
2.66	0	1.81664133	-0.5656537	0.836609039	0.221324436	-121.96225	-0.0758651334	0.117998811	0.101526265	0.675280004
2.67	0	1.81865364	-0.566788558	0.843116174	0.220643893	-123.357679	-0.0890713554	0.116126529	0.0670581752	0.760425995
2.68	0	1.8179922	-0.567685378	0.849933284	0.219651122	-124.638249	-0.00619156928	0.113451374	0.103744515	0.785697004
2.69	0	1.81644178	-0.568630009	0.856973997	0.217577874	-125.76139	0.0255855954	0.110496637	0.100987828	0.749085004
2.7	0	1.81592051	-0.569652551	0.863980666	0.216536881	-127.174076	0.155710532	0.107559983	0.100034497	0.906683999
2.71	0	1.81625894	-0.570654098	0.87108482	0.215186177	-128.55718	0.302281981	0.104889922	0.100896259	0.936285003
2.72	0	1.81768836	-0.571514365	0.878351031	0.213468346	-129.758276	0.492655872	0.102711508	0.102287115	0.881038999
2.73	0	1.81961652	-0.572338969	0.885639612	0.211517702	-130.835012	0.717086052	0.101543737	0.10374942	0.870632
2.74	0	1.82067597	-0.573428749	0.892547691	0.209123389	-131.995226	0.745618566	0.10111083	0.0685804428	1.052329
2.75	0	1.8217311	-0.574292629	0.899378914	0.207278221	-133.102986	0.90009021	0.101126893	0.0682538744	0.952964001
2.76	0	1.82683655	-0.575079081	0.906159979	0.205170379	-134.107069	1.05890513	0.101778429	0.0528340932	1.131265
2.77	0	1.82634317	-0.576918245	0.909607785	0.206653678	-134.955015	0.788228482	0.102898311	0.0627052996	1.24418701
2.78	0	1.8290541	-0.578769949	0.912859644	0.207540663	-135.698404	0.441333387	0.104061126	0.0519126661	1.01472699
2.79	0	1.82844824	-0.580578312	0.916118625	0.207542845	-136.360996	0.0541383612	0.10463466	0.0480536814	1.047921
2.8	0	1.82769381	-0.582551194	0.918806801	0.207648475	-136.882564	-0.449191998	0.105071177	0.0456539527	1.163693
2.81	0	1.83044481	-0.584080468	0.922010322	0.20793877	-137.456126	-0.778451866	0.104426213	0.043999653	1.060419
2.82	0	1.83160666	-0.585362714	0.925355788	0.20790068	-137.94129	-1.07140085	0.103986403	0.0405633826	1.16714901
2.83	0	1.83126828	-0.586502501	0.928798733	0.207519679	-138.383914	-1.32318976	0.10362985	0.0291534689	1.083089
2.84	0	1.8304369	-0.587546189	0.932289744	0.206260032	-138.684122	-1.64506137	0.10343518	0.0216946632	1.051669
2.85	0	1.83306745	-0.58876082	0.935027963	0.206668875	-139.045281	-1.97715839	0.103610063	0.0937995404	1.153683
2.86	0	1.8336595	-0.589742583	0.937808865	0.206667717	-139.329914	-2.30381747	0.10372785	0.0908666877	1.091178
2.87	0	1.83389917	-0.590599218	0.940612796	0.206350016	-139.599308	-2.60004377	0.103880023	0.0884166584	1.08599599
2.88	0	1.83401574	-0.591317547	0.943430463	0.20571194	-139.863061	-2.87134745	0.104014338	0.0863215225	1.066411
2.89	0	1.83411145	-0.591898044	0.946253047	0.204765764	-140.131848	-3.11961366	0.104108277	0.0858758339	1.141187
2.9	0	1.83424331	-0.592344834	0.949069743	0.203523741	-140.415115	-3.34720384	0.104155572	0.086006937	1.12364
2.91	0	1.83419069	-0.593282312	0.951062902	0.203508327	-140.513579	-3.70443636	0.104400348	0.0851760269	1.155151
2.92	0	1.83420833	-0.594338382	0.953029257	0.20265045	-140.513296	-4.10535291	0.104598706	0.0339848922	1.114597
2.93	0	1.83457994	-0.594833862	0.955284689	0.202166813	-140.780591	-4.38342891	0.104616904	0.0915700364	1.14012601
2.94	0	1.8340696	-0.595190895	0.95762952	0.201231465	-141.206674	-4.62680785	0.104820721	0.0927329926	1.156813
2.95	0	1.83351063	-0.595537154	0.960047756	0.19979133	-141.735645	-4.80343583	0.104606453	0.0923547853	1.156977
2.96	0	1.83074431	-0.596298401	0.961970523	0.199534838	-142.065182	-5.11753173	0.105408299	0.0961986987	1.126364
2.97	0	1.82568076	-0.597177642	0.963830969	0.198849599	-142.331609	-5.50559741	0.106605176	0.103844523	1.119468
2.98	0	1.82063186	-0.598060128	0.965795224	0.198741724	-142.762182	-5.80270022	0.107424768	0.10101974	1.20061
2.99	0	1.81686759	-0.599013109	0.967674499	0.198609383	-143.220442	-6.11171012	0.107798446	0.0624917967	1.310422
3	0	1.81472843	-0.600088281	0.969367386	0.198754941	-143.579232	-6.4287066	0.107615524	0.0478357174	1.15814
3.01	0	1.81340895	-0.601001224	0.971268234	0.198418761	-144.031743	-6.67385239	0.106614487	0.0421145648	1.31795
3.02	0	1.8122846	-0.601912953	0.973295147	0.197612692	-144.594157	-6.83929254	0.105618139	0.0483566926	1.237085
3.03	0	1.81145032	-0.602766437	0.975094395	0.197494265	-145.069213	-7.11278913	0.105218804	0.0367351464	1.335733
3.04	0	1.8098989	-0.603691776	0.976764655	0.197257607	-145.480633	-7.39189788	0.105172574	0.028627932	1.315965
3.05	0	1.80780481	-0.604658954	0.978379792	0.197058977	-145.917235	-7.65898377	0.105264592	0.0230499561	1.384967
3.06	0	1.80517747	-0.605775888	0.979882209	0.197168688	-146.407249	-7.92990438	0.105173686	0.057007567	1.279106
3.07	0	1.80223885	-0.606873152	0.981410913	0.197312431	-146.952095	-8.19493965	0.104784771	0.057079639	1.238346
3.08	0	1.80028777	-0.607903845	0.983081858	0.197028148	-147.514541	-8.38102445	0.103565717	0.0574732886	1.302321
3.09	0	1.79825151	-0.608755631	0.984843048	0.196899174	-148.044914	-8.60924892	0.102978845	0.0572563401	1.324978
3.1	0	1.79588926	-0.609274507	0.986678645	0.196256227	-148.496348	-8.92933459	0.103163658	0.106507796	1.317491
3.11	0	1.79300688	-0.609920983	0.988628923	0.19607297	-148.987289	-9.17636156	0.103663202	0.101140442	1.28071501
3.12	0	1.79016982	-0.61066081	0.990462294	0.195755295	-149.46175	-9.45140005	0.104398615	0.104008146	1.375584
3.13	0	1.7869138	-0.611631015	0.992177523	0.195484109	-149.95543	-9.70334669	0.104695606	0.10237376	1.161217
3.14	0	1.78076471	-0.612435883	0.994112085	0.19478466	-150.604	-9.88458621	0.105065226	0.100784205	1.130384
3.15	0	1.77316924	-0.612996619	0.996243949	0.194633775	-151.153756	-10.1562654	0.105799805	0.0993508681	1.226938
3.16	0	1.76333176	-0.61345901	0.99851779	0.194440885	-151.724103	-10.4416352	0.106818264	0.0980195073	1.255765
3.17	0	1.75110507	-0.613793339	1.00089046	0.193762709	-152.273659	-10.7995165	0.108097559	0.0575984372	1.185978
3.18	0	1.73798913	-0.614692663	1.00318525	0.193505263	-152.926798	-11.1318091	0.108912655	0.0975174774	1.273986
3.19	0	1.72680518	-0.615898314	1.00546925	0.193147638	-153.642409	-11.4869113	0.108995455	0.0990869798	1.270403
3.2	0	1.71785963	-0.617148363	1.00793563	0.192009736	-154.515077	-11.7852602	0.108155586	0.100974757	1.240235
3.21	0	1.7114457	-0.618673508	1.01039966	0.191519925	-155.307436	-12.2240417	0.107229533	0.102829884	1.226377
3.22	0	1.70626437	-0.620235401	1.01292335	0.19051225	-156.072171	-12.757164	0.106196826	0.104520818	1.231229
3.23	0	1.70143535	-0.621782821	1.01577862	0.189814365	-157.020258	-13.2271766	0.10509191	0.106400191	1.262604
3.24	0	1.69536906	-0.623158	1.01879454	0.188615283	-157.958299	-13.6415712	0.103465744	0.0736995991	1.235431
3.25	0	1.68910264	-0.624767796	1.02187318	0.187424339	-158.926519	-14.0924641	0.102719564	0.0625728973	1.288648
3.26	0	1.68509417	-0.626471366	1.02502203	0.186048013	-159.924277	-14.5757222	0.102551348	0.0570081805	1.327034
3.27	0	1.68431257	-0.628239664	1.0282486	0.184497474	-160.960973	-15.096159	0.102750278	0.058691611	1.2857
3.28	0	1.68469875	-0.630131411	1.03155494	0.182896774	-162.012332	-15.6267153	0.102914476	0.0592287591	1.248732
3.29	0	1.68516842	-0.632036057	1.03497901	0.181035826	-163.176841	-16.1544576	0.103124309	0.0578696346	1.24910699
3.3	0	1.68563951	-0.633738705	1.03871569	0.179471192	-164.54769	-16.6008161	0.103334028	0.0572052899	1.356236
3.31	0	1.68615654	-0.63538209	1.04254353	0.177678582	-166.059685	-17.0283215	0.104066939	0.0691993651	1.28508901
3.32	0	1.68800463	-0.637321677	1.04653378	0.17597708	-167.496705	-17.4736543	0.104916042	0.0579403611	1.363683
3.33	0	1.68611305	-0.639275729	1.05061333	0.173736721	-169.077264	-17.82939	0.10406777	0.0572447712	1.317003
3.34	0	1.68558266	-0.641334446	1.05490462	0.171783197	-170.676838	-18.2671956	0.103895063	0.0569008811	1.272968
3.35	0	1.68526685	-0.643447818	1.05925738	0.16930826	-172.291734	-18.7725415	0.103994793	0.108264238	1.22253
3.36	0	1.68461427	-0.645728125	1.06373029	0.16698913	-174.046035	-19.2018121	0.103760629	0.0921373621	1.405707
3.37	0	1.68194061	-0.647924498	1.06839607	0.164478923	-175.912442	-19.6240655	0.103559583	0.0984587853	1.461642
3.38	0	1.68132294	-0.647376572	1.0719147	0.165416975	-176.430431	-19.4363222	0.103314216	0.101914987	1.55452399
3.39	0	1.68028105	-0.646707389	1.07548025	0.165822706	-176.85735	-19.2685464	0.103539231	0.100233642	1.345254
3.4	0	1.67670105	-0.64604996	1.07905831	0.165624898	-177.163925	-19.0841462	0.103455789	0.106508297	1.504308
3.41	0	1.6720939	-0.645662438	1.08197687	0.165443946	-178.252048	-19.0487201	0.10391282	0.105225471	1.426179
3.42	0	1.66762818	-0.644820305	1.08442966	0.16576221	-179.230487	-18.9000957	0.104435626	0.0692828373	1.630699
3.43	0	1.66399422	-0.644644376	1.0862869	0.166987191	-179.977983	-18.9062466	0.105441229	0.111290055	1.46597
3.44	0	1.66010776	-0.644210072	1.08822491	0.167495369	179.511626	-18.9023632	0.106020037	0.109485487	1.132252
3.45	0	1.65266291	-0.644141848	1.09005741	0.166901157	179.119739	-18.9162049	0.105776231	0.10936655	1.108674
3.46	0	1.64489104	-0.643160452	1.09193175	0.166351075	179.150079	-18.8846529	0.105837432	0.110177129	1.20587
3.47	0	1.63735202	-0.643135715	1.09301206	0.167095079	178.680134	-18.8175998	0.106471468	0.110015168	1.145277
3.48	0	1.62956637	-0.642871868	1.09420652	0.167114756	178.431516	-18.7375579	0.107164752	0.111956146	0.907756003
3.49	0	1.62068384	-0.642627867	1.09542557	0.166108057	178.261374	-18.660508	0.108047516	0.0868075671	0.749876002
3.5	0	1.61112577	-0.642448328	1.09641622	0.166725181	177.879326	-18.6628514	0.108911398	0.0751712714	0.954597999
3.51	0	1.59983969	-0.642321155	1.09720112	0.167101535	177.555436	-18.6452431	0.109932182	0.0659764076	0.830828001
3.52	0	1.58682731	-0.642228477	1.09776229	0.167326895	177.313872	-18.612821	0.11105344	0.058876657	0.851053002
3.53	0	1.57208545	-0.642191369	1.09808935	0.167459946	177.166768	-18.5711984	0.11219488	0.0570217833	0.891887001
3.54	0	1.55555005	-0.642214706	1.09817668	0.167526067	177.120328	-18.5243564	0.113277238	0.0573166079	0.956867996
3.55	0	1.53678923	-0.642222129	1.09805508	0.167454297	177.157909	-18.4823586	0.11438316	0.0693361808	0.906907
3.56	0	1.51836109	-0.641586615	1.09807884	0.167798274	177.143621	-18.5362241	0.115213107	0.056573496	0.854292004
3.57	0	1.49960568	-0.640906628	1.09821241	0.167198776	177.367392	-18.5527075	0.115094169	0.0586185729	0.779592003
3.58	0	1.48152617	-0.640725477	1.09826803	0.167588635	177.343593	-18.5925146	0.114721379	0.0585675414	0.916615005
3.59	0	1.4621273	-0.640289968	1.09830377	0.167793614	177.328683	-18.6318316	0.1144315	0.059949426	0.853828999
3.6	0	1.44127195	-0.63974618	1.09828999	0.167669084	177.258032	-18.7267905	0.114400838	0.111043363	0.800545
3.61	0	1.42142851	-0.639264497	1.0983547	0.167918197	177.196687	-18.7402299	0.114099436	0.113206961	1.434633
3.62	0	1.40115172	-0.638581432	1.0984065	0.168050035	177.163922	-18.7683988	0.114011646	0.1124978	1.331185
3.63	0	1.38016094	-0.637879118	1.09838744	0.167927941	177.065765	-18.8596806	0.114123685	0.109542493	1.170665
3.64	0	1.36008682	-0.63758347	1.09827515	0.168077142	177.001015	-18.9330556	0.113722576	0.115090042	1.372348
3.65	0	1.33984312	-0.637286465	1.09842525	0.167735908	177.029214	-18.8764846	0.112184482	0.105457615	1.29347
3.66	0	1.31951099	-0.637378047	1.09848441	0.168240178	176.940914	-18.9314345	0.110412954	0.100218862	1.17634401
3.67	0	1.29844398	-0.637523913	1.09845806	0.168777726	176.891115	-18.9868792	0.108165815	0.0593692469	1.108346
3.68	0	1.27710154	-0.637458699	1.09844092	0.168783107	177.061826	-19.0095261	0.105614784	0.105459715	1.323853
3.69	0	1.25588865	-0.637556554	1.09833297	0.169238164	177.028315	-19.0669427	0.103481022	0.107907036	1.435882
3.7	0	1.23505784	-0.637498711	1.09838659	0.169369567	176.74206	-19.1881609	0.102629714	0.115090042	1.359881
3.71	0	1.21508678	-0.6374318	1.09824015	0.169507922	176.827764	-19.1826179	0.102868301	0.116552524	1.424332
3.72	0	1.19653576	-0.636883598	1.09805517	0.169998071	176.825689	-19.3270074	0.103280272	0.116929403	1.434018
3.73	0	1.17880172	-0.636621923	1.09787546	0.169821088	176.942277	-19.458308	0.103846559	0.120010753	1.263937
3.74	0	1.16242624	-0.636483381	1.09811451	0.169684236	176.895653	-19.4317517	0.104227187	0.0910107636	1.032561
3.75	0	1.14717796	-0.635890357	1.09838449	0.169707678	176.480962	-19.5651801	0.104634622	0.077568993	0.980527999
3.76	0	1.13380657	-0.635381574	1.09844079	0.170098841	176.220108	-19.6300776	0.104596506	0.0808424181	1.187002
3.77	0	1.12400532	-0.635051419	1.0985132	0.170004659	176.072369	-19.654545	0.104573297	0.0697713172	1.234248
3.78	0	1.11836111	-0.634373157	1.09851416	0.170239772	175.850566	-19.7562087	0.104553468	0.0616209471	1.112606
3.79	0	1.11579685	-0.633814061	1.09848191	0.169864041	175.828835	-19.7910058	0.105024248	0.0708673718	0.779089998
3.8	0	1.11365435	-0.632614491	1.09830913	0.170341801	175.666327	-19.9556164	0.106625708	0.0800033462	1.005685
3.81	0	1.11201685	-0.631311217	1.0980529	0.169949759	175.622332	-20.1107486	0.109016532	0.0703257583	0.890901996
3.82	0	1.11087905	-0.629828889	1.09745466	0.170457847	175.500597	-20.2666473	0.111928645	0.0754671748	0.934542004
3.83	0	1.11143746	-0.628215915	1.09675487	0.170002864	175.600585	-20.3909463	0.114700666	0.0721039093	0.707856001
3.84	0	1.11396082	-0.627299302	1.09690646	0.169955892	175.87139	-20.297034	0.11421116	0.0769677318	1.14347
3.85	0	1.11530719	-0.627226513	1.09674021	0.170562934	175.923486	-20.3495564	0.113122756	0.12176704	1.011638
3.86	0	1.11283424	-0.627287032	1.09652147	0.170995008	176.088923	-20.3428	0.111838592	0.116402781	0.787614001
3.87	0	1.10831222	-0.627332133	1.09643115	0.170778583	176.473065	-20.2778521	0.111215321	0.112840645	0.763308999
3.88	0	1.10051954	-0.626871785	1.09600669	0.170616382	176.504903	-20.3710263	0.111580201	0.110289854	0.699602999
3.89	0	1.09355954	-0.62679696	1.0955366	0.171107742	176.679481	-20.3691387	0.111079455	0.108321765	1.060597
3.9	0	1.08687356	-0.626674694	1.09506877	0.171474754	176.893785	-20.3456153	0.11022447	0.106708095	0.943827006
3.91	0	1.08071132	-0.626337159	1.09457659	0.171760611	177.129038	-20.3214823	0.109672305	0.104970475	0.902989996
3.92	0	1.07457358	-0.626195757	1.09412026	0.172107548	177.307636	-20.2920142	0.109315312	0.0779353903	1.133092
3.93	0	1.07000907	-0.626499159	1.09362012	0.172227338	177.490548	-20.3470851	0.108587009	0.100406617	0.753206994
3.94	0	1.06678086	-0.626283588	1.0935451	0.172228974	177.634416	-20.2713384	0.107085543	0.100440695	0.836831001
3.95	0	1.06454452	-0.626420521	1.09355484	0.172654775	177.73553	-20.2268704	0.105908272	0.110315391	1.122404
3.96	0	1.06426405	-0.626583994	1.09345824	0.172955885	177.879778	-20.1979892	0.104757187	0.111508544	0.985799998
3.97	0	1.06648255	-0.626843193	1.09328653	0.173216394	178.088889	-20.181086	0.103520743	0.108873917	1.096197
3.98	0	1.06869201	-0.626777477	1.09319903	0.172997048	177.976656	-20.120836	0.103101981	0.108571801	0.741970005
3.99	0	1.07065959	-0.626571771	1.09308713	0.173161392	178.027674	-20.0938484	0.103285049	0.0745652263	0.874707999
4	0	1.07163956	-0.626227605	1.09287184	0.173246357	178.083881	-20.0794979	0.104178478	0.0622320486	0.844632996
4.01	0	1.07203765	-0.625780466	1.09260292	0.173267956	178.175266	-20.0729338	0.105568325	0.0584334139	0.843813003
4.02	0	1.07367107	-0.625281376	1.0924116	0.173123729	178.23885	-20.1034309	0.107419406	0.0802127262	1.086628
4.03	0	1.07748033	-0.625238484	1.09220277	0.173296593	178.371492	-20.1029034	0.108631801	0.0607113527	0.932490002
4.04	0	1.08291535	-0.625060898	1.09194134	0.172722044	178.640406	-20.0321202	0.10859356	0.0588624767	0.889398005
4.05	0	1.09000957	-0.625037118	1.09171849	0.173012704	178.840557	-20.0272354	0.10871941	0.0571559189	1.086387
4.06	0	1.0962582	-0.624958741	1.09148511	0.173205165	179.004253	-20.0119654	0.109131125	0.0593521532	0.932151997
4.07	0	1.10045603	-0.624753694	1.09132814	0.173249209	179.113022	-20.0140248	0.110040332	0.0569636519	0.738905997
4.08	0	1.10189867	-0.624817735	1.09122086	0.173544887	179.205691	-19.9853888	0.110409484	0.0567962862	0.816158004
4.09	0	1.1005598	-0.624887203	1.0910367	0.173664269	179.31431	-19.9800944	0.11045938	0.0720585659	0.941357001
4.1	0	1.09864495	-0.624961473	1.09098384	0.173784662	179.374098	-19.9659982	0.110091695	0.11618023	1.202106
4.11	0	1.0964672	-0.625042549	1.09088618	0.173812305	179.466909	-19.9667997	0.10947772	0.11255962	1.094914
4.12	0	1.09393384	-0.625071013	1.09092421	0.173824996	179.49005	-19.9563416	0.108881218	0.112494248	1.212595
4.13	0	1.08978618	-0.624847646	1.09092402	0.173929096	179.445165	-19.9629041	0.109392376	0.10401315	1.09821
4.14	0	1.08563768	-0.624654015	1.09105637	0.173619971	179.414412	-19.9210624	0.109670324	0.101940952	1.325749
4.15	0	1.08271837	-0.624686965	1.09110656	0.17375874	179.367991	-19.9270947	0.109797909	0.106253651	1.268295
4.16	0	1.08095755	-0.624732568	1.09110104	0.173851155	179.374829	-19.9475391	0.109591722	0.101198378	1.05605899
4.17	0	1.08018168	-0.624840026	1.09110936	0.174067183	179.345698	-19.9390511	0.10907351	0.0609024665	1.16519
4.18	0	1.07920737	-0.624847528	1.09141154	0.173658326	179.198704	-19.8880393	0.108965835	0.106343365	1.09927
4.19	0	1.07704189	-0.624586202	1.09147346	0.17387375	179.072383	-19.8801781	0.109193215	0.103085764	1.073746
4.2	0	1.07563526	-0.62458465	1.09142775	0.174098565	179.039729	-19.8939461	0.109030839	0.10286517	1.171683
4.21	0	1.07552702	-0.624656789	1.09124157	0.174261615	179.094153	-19.9179012	0.108503214	0.10399682	1.160123
4.22	0	1.07515047	-0.624452583	1.09134875	0.17395322	179.011161	-19.8548154	0.108206406	0.107891655	0.895891993
4.23	0	1.07565069	-0.62400836	1.09132905	0.174152438	179.016746	-19.8297459	0.108363036	0.113374155	1.125509
4.24	0	1.07531306	-0.623596702	1.09130427	0.174116225	178.963523	-19.8483832	0.109097241	0.0749746742	0.749202998
4.25	0	1.07564724	-0.623642586	1.09103576	0.174263799	179.033074	-19.8752744	0.109348938	0.072535851	1.106148
4.26	0	1.07529188	-0.623748409	1.09081712	0.174453544	179.072505	-19.8767973	0.109262526	0.0584916053	1.13269701
4.27	0	1.07430386	-0.623798846	1.09052144	0.174424642	179.202168	-19.8984899	0.109093941	0.0583814934	0.908649999
4.28	0	1.07435145	-0.623845458	1.09039029	0.174516559	179.30782	-19.8859568	0.108798294	0.0591290764	1.119206
4.29	0	1.07581524	-0.624042155	1.09030348	0.174659047	179.418867	-19.8649583	0.108253751	0.0572783305	1.112651
4.3	0	1.0789372	-0.624429019	1.09020347	0.174812063	179.613682	-19.8502106	0.107366535	0.057865497	0.931996998
4.31	0	1.08154572	-0.624479195	1.09016639	0.174439783	179.643449	-19.7636806	0.106888262	0.0586133939	0.727423998
4.32	0	1.08272486	-0.624369263	1.09006282	0.174484194	179.718236	-19.7724756	0.107137973	0.0575873811	0.787519995
4.33	0	1.08249663	-0.6241751	1.09003379	0.174410714	179.736547	-19.7969055	0.108077644	0.0571744811	0.736301998
4.34	0	1.08154534	-0.623876125	1.0898253	0.17449725	179.827537	-19.7953797	0.109285572	0.0569378401	0.911704003
4.35	0	1.07987991	-0.62397909	1.08963104	0.174680919	179.865968	-19.794221	0.109914976	0.115705841	1.436442
4.36	0	1.07915198	-0.62428217	1.08946225	0.174586588	179.929898	-19.8439296	0.109953199	0.106617405	0.846565999
4.37	0	1.07968835	-0.624407267	1.08936086	0.174740566	-179.985056	-19.8232488	0.109586993	0.10415006	0.916047
4.38	0	1.08132286	-0.624236266	1.08944575	0.174367117	-179.888814	-19.726499	0.108539108	0.102102054	0.970449
4.39	0	1.08475183	-0.624495202	1.08945766	0.174712589	-179.819743	-19.704108	0.107560124	0.100348325	1.26086301
4.4	0	1.08777044	-0.624580606	1.08946717	0.174496603	-179.836243	-19.7614338	0.107258244	0.106506118	1.098923
4.41	0	1.08938439	-0.624460759	1.0893784	0.174661896	-179.876256	-19.7594048	0.107590116	0.0984692501	0.849464996
4.42	0	1.08944531	-0.624151285	1.08922156	0.174784679	-179.919096	-19.7582719	0.108524075	0.0575305882	0.890937001
4.43	0	1.09035253	-0.624158794	1.08923263	0.174909326	-179.957107	-19.7580947	0.108994581	0.0976581646	1.102399
4.44	0	1.09011207	-0.62421157	1.08909425	0.174943822	-179.918179	-19.7730663	0.109142412	0.10702899	1.013366
4.45	0	1.08872478	-0.624143656	1.08937393	0.17467905	179.97458	-19.7210737	0.109250493	0.109902085	1.263533
4.46	0	1.08738946	-0.624200513	1.08953721	0.174920824	179.925676	-19.697994	0.108978132	0.104062466	1.264365
4.47	0	1.08590096	-0.624215688	1.0896361	0.175019422	179.924215	-19.7086698	0.108507326	0.108853095	1.125981
4.48	0	1.08348747	-0.624195477	1.08985146	0.174900168	179.707839	-19.7454418	0.109125375	0.110300958	1.10860899
4.49	0	1.08205229	-0.623830193	1.09000857	0.174573216	179.666719	-19.6646056	0.109130592	0.0790696881	1.145314
4.5	0	1.08199658	-0.623837614	1.09007107	0.174862206	179.610856	-19.6665613	0.108965716	0.0685178945	1.248319
4.51	0	1.08244142	-0.6238836	1.09008081	0.175084778	179.562412	-19.6731232	0.108609768	0.0641300378	1.172095
4.52	0	1.08495728	-0.62397906	1.09007284	0.175253278	179.557787	-19.688292	0.107914749	0.0653429045	1.11320399
4.53	0	1.08792038	-0.623812432	1.09008436	0.174943439	179.542142	-19.6327284	0.107489438	0.0612118471	0.780880997
4.54	0	1.08968306	-0.623338233	1.09002951	0.175035473	179.491318	-19.6336378	0.107747528	0.0589979147	0.811718004
4.55	0	1.09007964	-0.622717305	1.09000507	0.174925526	179.397239	-19.6632894	0.108714226	0.0578556952	0.752562002
4.56	0	1.08897605	-0.622783743	1.08977859	0.175043768	179.46323	-19.6987312	0.109095594	0.0696087044	0.998682997
4.57	0	1.08786495	-0.622930413	1.08943903	0.175079302	179.620635	-19.7361034	0.108935202	0.0678528308	1.016743
4.58	0	1.08661116	-0.622997568	1.08934234	0.175222568	179.714451	-19.7230337	0.108414556	0.0614948531	1.171421
4.59	0	1.0841118	-0.623046503	1.08931308	0.175251217	179.774606	-19.7148991	0.108113827	0.0644982639	1.088553
4.6	0	1.08229523	-0.623127906	1.08929856	0.175288914	179.839587	-19.7096514	0.107868169	0.10958179	1.013586
4.61	0	1.08115246	-0.623326699	1.08924497	0.175309094	179.957145	-19.7128625	0.107688642	0.107048144	1.179319
4.62	0	1.08198513	-0.623674884	1.08931014	0.175386428	179.984078	-19.7043164	0.107287261	0.107846822	1.120561
4.63	0	1.08527663	-0.624061767	1.08938647	0.175655635	-179.934458	-19.6580633	0.106466983	0.103310661	1.118001
4.64	0	1.08879385	-0.624479758	1.08943844	0.174981842	-179.900265	-19.60519	0.105921144	0.102934869	0.679910001
4.65	0	1.09100644	-0.624468782	1.08945372	0.175061239	-179.884148	-19.6113654	0.106123315	0.100137223	0.855785001
4.66	0	1.09183798	-0.624284743	1.08940629	0.175077866	-179.88194	-19.6155474	0.106964013	0.0981298567	0.849464006
4.67	0	1.09163363	-0.624071061	1.08944874	0.174953959	-179.925984	-19.6502968	0.108367236	0.0573396116	0.735602996
4.68	0	1.09300408	-0.624081783	1.08923941	0.175048986	-179.843425	-19.6772496	0.109280336	0.0979110004	1.180757
4.69	0	1.09609043	-0.624242987	1.089161	0.175318899	-179.77832	-19.6642413	0.109533242	0.0989571243	1.092363
4.7	0	1.09935211	-0.624433927	1.08912662	0.174447576	-179.678579	-19.6678915	0.109211058	0.109411559	1.092659
4.71	0	1.10415906	-0.624461462	1.08914037	0.17479328	-179.652655	-19.647283	0.109005682	0.111907612	1.35672899
4.72	0	1.11145248	-0.624563469	1.08916985	0.175091033	-179.651202	-19.6365273	0.108584524	0.10719456	1.260073
4.73	0	1.11849186	-0.62456715	1.08920769	0.175183286	-179.666082	-19.6310807	0.108316726	0.108034448	0.853234997
4.74	0	1.12316146	-0.624335587	1.08929407	0.17503554	-179.805362	-19.6747385	0.108919378	0.0742286879	0.812000006
4.75	0	1.12558727	-0.62430093	1.08921282	0.175133697	-179.793734	-19.6774051	0.109161599	0.0620004513	0.878958999
4.76	0	1.12353738	-0.624292129	1.08900316	0.17515794	-179.727196	-19.7060774	0.108943182	0.0582535241	0.824824994
4.77	0	1.11692886	-0.624032927	1.08898715	0.174886879	-179.762648	-19.6430052	0.108537035	0.0571471253	0.897926999
4.78	0	1.10886107	-0.624031737	1.08902557	0.17497555	-179.772126	-19.6386861	0.108276997	0.0704946592	1.50539
4.79	0	1.10143028	-0.623711971	1.08900301	0.175113852	-179.83057	-19.64847	0.108608942	0.0598115776	0.944808999
4.8	0	1.09602973	-0.62374506	1.08902274	0.175143013	-179.872714	-19.66214	0.108632284	0.0581786894	0.907007998
4.81	0	1.09264276	-0.62394208	1.08898524	0.175339627	-179.88255	-19.6621448	0.108134692	0.0573811812	0.895008001
4.82	0	1.09108044	-0.624143478	1.08898693	0.174548495	-179.879856	-19.6516241	0.106802564	0.0570053112	0.842016001
4.83	0	1.09173216	-0.624363556	1.08903133	0.174976058	-179.884031	-19.6443393	0.105484545	0.0567905825	1.004022
4.84	0	1.09389905	-0.624384857	1.08912339	0.175119371	-179.982087	-19.6495691	0.104684066	0.0696912891	1.14824501
4.85	0	1.09486427	-0.624255211	1.08915761	0.175154016	179.879523	-19.6621418	0.104595186	0.109368679	0.886484995
4.86	0	1.09379522	-0.623914688	1.08908647	0.175191142	179.689548	-19.687861	0.105486065	0.113322479	1.058175
4.87	0	1.09149947	-0.623451913	1.08909877	0.174973413	179.462351	-19.7394328	0.106978772	0.106206966	0.763240001
4.88	0	1.08899618	-0.622877666	1.08889353	0.174865747	179.371395	-19.7643649	0.108483166	0.10312342	0.740828997
4.89	0	1.08807482	-0.622401439	1.08855715	0.174729675	179.36325	-19.8119605	0.109760427	0.0978110423	1.065835
4.9	0	1.08893886	-0.622452727	1.08841375	0.174921319	179.368191	-19.8180893	0.110171354	0.0990184832	0.820861002
4.91	0	1.0911896	-0.62254892	1.08826372	0.174079799	179.466106	-19.7937196	0.109556469	0.0974733612	0.803828996
4.92	0	1.09527784	-0.622793798	1.08824387	0.174470979	179.509284	-19.7894986	0.108836448	0.0600829514	1.120738
4.93	0	1.09859242	-0.622914276	1.08837154	0.174545107	179.4723	-19.7940182	0.108431924	0.0976753682	0.734114998
4.94	0	1.09971726	-0.622905349	1.08834754	0.174685592	179.486568	-19.7822822	0.108201999	0.098859303	0.882902001
4.95	0	1.09841913	-0.622633568	1.0880675	0.174642292	179.565072	-19.8026751	0.108575579	0.100294573	0.821617999
4.96	0	1.09516263	-0.62262703	1.08807173	0.174825599	179.54387	-19.7840215	0.108753504	0.101952061	0.757559996
4.97	0	1.09173996	-0.622742526	1.08822186	0.174874778	179.489963	-19.787766	0.108561318	0.105279902	1.067469
4.98	0	1.08896338	-0.622781493	1.0881655	0.174965372	179.555668	-19.7781751	0.10817979	0.10585003	1.018565
4.99	0	1.08683811	-0.622815384	1.0881853	0.175040547	179.58003	-19.7563042	0.10796967	0.0774006493	1.317589
5	0	1.08577488	-0.622935483	1.08820671	0.175164234	179.610762	-19.727962	0.107801556	0.0637051346	1.289367
5.01	0	1.08708661	-0.623359047	1.08835964	0.175209175	179.590897	-19.7262319	0.107327791	0.0642178123	1.071094
5.02	0	1.08864069	-0.623279192	1.0884957	0.174887148	179.699669	-19.658003	0.106918618	0.0579280575	0.895821002
5.03	0	1.09194703	-0.623411735	1.08858498	0.175061618	179.746518	-19.6446829	0.106678085	0.0593842347	0.939902005
5.04	0	1.09494465	-0.623503596	1.08872698	0.174977685	179.71457	-19.6645942	0.106844796	0.0588924647	0.754694003
5.05	0	1.0967457	-0.623386486	1.08868998	0.175002163	179.724611	-19.6617186	0.107373325	0.0577922926	0.825429001
5.06	0	1.09708952	-0.62309264	1.08858317	0.174997221	179.738978	-19.6594474	0.108366726	0.057234734	0.811323996
5.07	0	1.09873162	-0.623038577	1.08852252	0.175048725	179.780423	-19.6696541	0.109104167	0.0577545271	1.228704
5.08	0	1.10165709	-0.623159375	1.08846621	0.175155269	179.811266	-19.6702857	0.10928685	0.0451951548	1.128206
5.09	0	1.10563512	-0.62343716	1.08836997	0.174919014	179.804743	-19.7366535	0.109341227	0.0709949865	1.120415
5.1	0	1.10846865	-0.623199133	1.0884592	0.174652398	179.858309	-19.6655338	0.109217519	0.109235267	1.088581
5.11	0	1.11194008	-0.623230486	1.08842828	0.174834445	179.878114	-19.6602111	0.109086966	0.107643592	0.904581
5.12	0	1.11386138	-0.623233978	1.08839377	0.174924	179.889454	-19.6546238	0.108981442	0.104566245	0.848269003
5.13	0	1.11311074	-0.623234447	1.08836475	0.17499528	179.894692	-19.6497656	0.108869432	0.102293765	0.892755001
5.14	0	1.10975568	-0.623228639	1.08833907	0.175051713	179.899551	-19.6455619	0.108770184	0.100426627	0.872541001
5.15	0	1.10437176	-0.623224497	1.08831978	0.175101547	179.90573	-19.6424493	0.108651155	0.107256848	1.045056
5.16	0	1.09901166	-0.623245951	1.08831767	0.17516198	179.915098	-19.6436271	0.108253484	0.0985135152	1.009384
5.17	0	1.09409122	-0.623011448	1.08820662	0.175230184	179.894491	-19.6502306	0.108385394	0.0576156473	0.951413
5.18	0	1.09070626	-0.623247668	1.08804967	0.175014064	179.886405	-19.726997	0.108382347	0.0976260394	0.853869999
5.19	0	1.08856826	-0.622955358	1.08818558	0.174781071	179.909691	-19.6415867	0.107492283	0.098861271	0.906585999
5.2	0	1.08855793	-0.623166374	1.08821862	0.175241003	179.952096	-19.6121179	0.106496736	0.100292181	1.196537
5.21	0	1.0881602	-0.623351637	1.08824741	0.175015712	179.902272	-19.6839488	0.106060344	0.109488714	1.139168
5.22	0	1.08662473	-0.623260841	1.08815345	0.175247939	179.851726	-19.6715753	0.106091353	0.104810587	0.863603003
5.23	0	1.08386866	-0.622986432	1.08797076	0.175373881	179.790269	-19.6676267	0.106693214	0.106353255	0.876457001
5.24	0	1.08131745	-0.622705374	1.08789597	0.174947554	179.710907	-19.5802181	0.107358555	0.0830286534	1.34880299
5.25	0	1.08093899	-0.622697627	1.08775474	0.175051289	179.68263	-19.6277169	0.107769391	0.0640592324	0.980548
5.26	0	1.08294171	-0.622829922	1.08776494	0.175258303	179.638977	-19.6431181	0.107586459	0.0593143937	0.921166997
5.27	0	1.08750431	-0.623041506	1.08774464	0.175476038	179.632314	-19.6440617	0.106869643	0.0576686184	0.930848
5.28	0	1.0948755	-0.623386851	1.08787388	0.175544079	179.567655	-19.654873	0.105893905	0.0574608603	1.124296
5.29	0	1.10212569	-0.623267981	1.08794533	0.175196524	179.632126	-19.6034496	0.10532667	0.0567773938	0.750475003
5.3	0	1.10676223	-0.622761798	1.08788463	0.175284028	179.569333	-19.5958374	0.105932585	0.0715261611	1.061068
5.31	0	1.10906453	-0.622117165	1.08789348	0.17516038	179.409783	-19.6312134	0.107750413	0.0707804552	1.053926
5.32	0	1.11057505	-0.621431848	1.08765564	0.175182075	179.4024	-19.6408643	0.109786507	0.0634511686	0.831994999
5.33	0	1.11246542	-0.621539851	1.08740028	0.175357517	179.414972	-19.7170414	0.11063997	0.0684508035	1.117488
5.34	0	1.11425344	-0.621484067	1.08738336	0.175137413	179.245471	-19.7185617	0.110816551	0.0600041525	1.161789
5.35	0	1.11738989	-0.621204105	1.08720762	0.174660682	179.168244	-19.6146411	0.110424329	0.112919368	1.26744
5.36	0	1.11865913	-0.621394441	1.08719311	0.174906349	179.23324	-19.6239446	0.109819727	0.113161584	1.023829
5.37	0	1.11524199	-0.621512297	1.08705283	0.175030794	179.31419	-19.643491	0.109127387	0.111460401	0.826115
5.38	0	1.10771505	-0.621554639	1.08700732	0.175056844	179.36284	-19.6395322	0.108569587	0.105786256	0.872803997
5.39	0	1.09737418	-0.62155127	1.08697051	0.175072608	179.398024	-19.6382307	0.108244469	0.102383185	1.044647
5.4	0	1.08800299	-0.621296683	1.0868355	0.175080004	179.443845	-19.6410943	0.108328366	0.10044244	0.921523999
5.41	0	1.08143573	-0.621437816	1.08682076	0.175152755	179.470262	-19.6479536	0.108199517	0.0982035633	0.833153004
5.42	0	1.07741189	-0.621978101	1.0869268	0.175290886	179.44535	-19.6583172	0.10749978	0.0573345981	0.844732
5.43	0	1.07519861	-0.621916134	1.08705787	0.175016525	179.620816	-19.6070287	0.10580832	0.0975685081	0.870189004
5.44	0	1.07555761	-0.622247725	1.08711556	0.175452657	179.706395	-19.5813494	0.104267725	0.0988264181	0.916979996
5.45	0	1.0772889	-0.622656381	1.08731638	0.175076092	179.608412	-19.6710139	0.103745414	0.102798422	1.136564
5.46	0	1.07935026	-0.622578905	1.08741551	0.175201688	179.565879	-19.6424284	0.103676865	0.102990651	0.798649999
5.47	0	1.0811381	-0.62242148	1.08745937	0.17524184	179.496095	-19.6298401	0.104041772	0.104294972	0.781563998
5.48	0	1.08222715	-0.622068648	1.08731045	0.175104565	179.461229	-19.6564442	0.104917078	0.106107872	0.961491998
5.49	0	1.08396791	-0.621642412	1.08736977	0.174942693	179.325503	-19.6905395	0.106234547	0.0729054394	1.004603
5.5	0	1.08781303	-0.621606487	1.08724219	0.174929299	179.319303	-19.7155027	0.107077366	0.0613630786	0.931128001
5.51	0	1.09312909	-0.621290104	1.08707161	0.174316804	179.428678	-19.6857453	0.107222198	0.0594067822	0.998375996
5.52	0	1.10101874	-0.621423229	1.08706138	0.174555071	179.445657	-19.6900054	0.107297146	0.0587309371	1.209555
5.53	0	1.10871316	-0.621425173	1.08708738	0.174606794	179.437188	-19.6972353	0.107492208	0.0575375621	0.818510998
5.54	0	1.11450124	-0.621157123	1.08702561	0.174631218	179.4278	-19.7038347	0.108140134	0.0570295505	0.875933998
5.55	0	1.11776128	-0.620694885	1.08697524	0.174475763	179.364543	-19.7356935	0.10940198	0.0567909208	0.768617996
5.56	0	1.12121144	-0.620784521	1.08684366	0.17461989	179.400539	-19.7515193	0.109785875	0.0566743512	0.836899002
5.57	0	1.12077313	-0.620898034	1.08659715	0.174702476	179.518833	-19.7696736	0.109563976	0.0566206935	0.866158
5.58	0	1.11532786	-0.620936929	1.08644568	0.17481899	179.582506	-19.7735649	0.10913854	0.0565939133	0.878819999
5.59	0	1.10616505	-0.620755526	1.08640459	0.174453077	179.647765	-19.70447	0.108634481	0.05695438	1.086771
5.6	0	1.09644823	-0.620601555	1.08623528	0.174479077	179.710646	-19.7262929	0.108415723	0.108184111	0.939368001
5.61	0	1.0885386	-0.620611245	1.08619261	0.174565538	179.726627	-19.7334267	0.10818818	0.105853857	0.919296006
5.62	0	1.08304778	-0.620869123	1.08611276	0.174828834	179.758906	-19.7270711	0.107492495	0.103771735	0.943292005
5.63	0	1.07981409	-0.621391403	1.08615993	0.175043589	179.729448	-19.7252395	0.106275143	0.101910417	0.859784996
5.64	0	1.07858977	-0.621416895	1.08625294	0.174832898	179.822164	-19.6706791	0.104379681	0.100232345	0.869907999
5.65	0	1.07990812	-0.621610798	1.0866029	0.174704839	179.710564	-19.7079825	0.103444235	0.0987140101	1.094313
5.66	0	1.08148354	-0.621466876	1.08672666	0.174782873	179.613897	-19.6951414	0.103187254	0.0973303467	0.833326005
5.67	0	1.08239253	-0.621312852	1.08670406	0.174794998	179.544257	-19.7065483	0.103353637	0.056579764	0.796901004
5.68	0	1.08213252	-0.62107198	1.08662487	0.174882522	179.445937	-19.7150155	0.104039094	0.0973297466	0.835161001
5.69	0	1.08081803	-0.620729157	1.08648955	0.174413221	179.328491	-19.8266399	0.105357628	0.0987097292	0.752134998
5.7	0	1.08151559	-0.620467153	1.08640324	0.174620328	179.295154	-19.8089232	0.106322537	0.107898244	1.321785
5.71	0	1.08479305	-0.620449828	1.08633564	0.174790961	179.301176	-19.800466	0.106792748	0.102632139	0.887353999
5.72	0	1.09041651	-0.620185307	1.08635687	0.174411952	179.323968	-19.7117985	0.106546528	0.0984572941	1.025271
5.73	0	1.09594836	-0.620122455	1.08619802	0.174501213	179.381307	-19.7305578	0.106728866	0.108458209	0.994206006
5.74	0	1.0997943	-0.619954869	1.08618739	0.174417185	179.370821	-19.7646968	0.107479415	0.0742715266	0.761899006
5.75	0	1.10177605	-0.619585962	1.08591813	0.174464428	179.436047	-19.7707138	0.108565357	0.0620008656	0.824670002
5.76	0	1.10489505	-0.619362115	1.08570219	0.174514662	179.515803	-19.7859793	0.109518269	0.0616161542	1.062823
5.77	0	1.10892028	-0.619454231	1.08558847	0.17461788	179.542911	-19.8031431	0.109766466	0.0625069861	1.092355
5.78	0	1.1136804	-0.619557139	1.08544004	0.174624009	179.63022	-19.8179254	0.109704198	0.0670388214	1.148904
5.79	0	1.11496433	-0.619590423	1.08540933	0.174670763	179.634915	-19.8286801	0.109469199	0.063724201	0.888431001
5.8	0	1.11134489	-0.619392517	1.08538131	0.174318564	179.60575	-19.7685743	0.109075262	0.0601780119	0.781232004
5.81	0	1.10405542	-0.6194233	1.0853618	0.174405496	179.61636	-19.7724948	0.108820998	0.0583700166	0.881125001
5.82	0	1.09431364	-0.61942289	1.08532618	0.174442917	179.624762	-19.7773391	0.108740492	0.0574572262	0.819232002
5.83	0	1.08498506	-0.619459031	1.08531516	0.174506781	179.634767	-19.7855928	0.108436088	0.0570912039	1.009235
5.84	0	1.07688196	-0.619235043	1.08521379	0.174554751	179.640407	-19.7898492	0.108508052	0.0567782942	0.886456997
5.85	0	1.07085928	-0.619362128	1.08521514	0.174596649	179.638525	-19.7982882	0.108367339	0.108232717	0.862200999
5.86	0	1.0665898	-0.619769277	1.085163	0.174872189	179.736674	-19.7896137	0.107547836	0.105869209	0.922446001
5.87	0	1.06332334	-0.619935579	1.0852474	0.174563472	179.700139	-19.7180056	0.105966125	0.10377801	0.79998
5.88	0	1.06177831	-0.62004749	1.08537679	0.174721563	179.743199	-19.7030725	0.104775616	0.101911762	1.040364
5.89	0	1.06177669	-0.620358663	1.08547597	0.1749682	179.822	-19.6937295	0.103578266	0.100239338	0.898680999
5.9	0	1.06112985	-0.620448966	1.08564387	0.174853919	179.722666	-19.7235276	0.103235456	0.0987117633	0.752185006
5.91	0	1.05948321	-0.620334427	1.08560376	0.174900513	179.672239	-19.7220687	0.103314084	0.0973283645	0.855218001
5.92	0	1.05704454	-0.620070081	1.08547845	0.174943727	179.615131	-19.7255014	0.103984315	0.0565702978	0.842091002
5.93	0	1.05458268	-0.61967246	1.08516541	0.174803182	179.630373	-19.7634046	0.105051135	0.0973252878	0.795361004
5.94	0	1.05376307	-0.619583786	1.08520738	0.174880586	179.586949	-19.7689388	0.105850616	0.0991140345	1.086811
5.95	0	1.05378132	-0.619296784	1.08547694	0.174277028	179.44045	-19.7073218	0.10582023	0.10022838	0.768768004
5.96	0	1.05584014	-0.619438194	1.08559107	0.174604392	179.432354	-19.7015121	0.105658692	0.109575058	1.086124
5.97	0	1.0598662	-0.619801255	1.08567119	0.174904152	179.505251	-19.707052	0.105030095	0.104464208	1.002502
5.98	0	1.06403135	-0.619900401	1.08588719	0.174852915	179.411716	-19.7164479	0.104821142	0.106250475	0.739056995
5.99	0	1.06727323	-0.619795789	1.08587642	0.174893988	179.333045	-19.7161955	0.105189421	0.0730332867	0.871620003
6	0	1.06926642	-0.619420989	1.08573143	0.174767426	179.325832	-19.746156	0.106186427	0.0612904235	0.809282996
6.01	0	1.07007426	-0.618921009	1.08571433	0.174578872	179.239538	-19.7688268	0.107780426	0.0578554046	0.822911999
6.02	0	1.07225549	-0.618719644	1.0855932	0.174603865	179.255501	-19.7817773	0.108925541	0.0569191036	1.015102
6.03	0	1.07596996	-0.618833966	1.08553751	0.174651516	179.263006	-19.7938587	0.109424626	0.0567677013	1.050845
6.04	0	1.08128155	-0.618626249	1.08548906	0.174074042	179.464287	-19.731506	0.108854252	0.056651501	0.964300001
6.05	0	1.08761268	-0.618841511	1.08540836	0.174387888	179.536614	-19.7236633	0.108386511	0.0400589923	0.948082998
6.06	0	1.09299807	-0.618829417	1.08534889	0.174457585	179.582128	-19.7277394	0.108225077	0.0565914225	0.805362994
6.07	0	1.09623179	-0.618537015	1.08521704	0.174498415	179.631315	-19.7318027	0.108670099	0.0565812907	0.857232997
6.08	0	1.09730007	-0.61815876	1.08509471	0.174404384	179.641866	-19.7596743	0.109690631	0.0565744974	0.775712004
6.09	0	1.09645942	-0.61823549	1.08494093	0.174537524	179.680165	-19.7736397	0.110121423	0.0565693527	0.885055
6.1	0	1.09352865	-0.618358532	1.08471454	0.174571128	179.788576	-19.7949181	0.110126938	0.115430424	1.060202
6.11	0	1.09032633	-0.618482835	1.08464707	0.174648741	179.843828	-19.7926914	0.109677681	0.112411527	1.180083
6.12	0	1.08697984	-0.618572905	1.08462414	0.174681713	179.8883	-19.7871983	0.108999918	0.106545102	0.915238998
6.13	0	1.08382467	-0.618609372	1.08463226	0.174671216	179.918012	-19.7830651	0.108424174	0.109561574	1.272555
6.14	0	1.08168135	-0.618616113	1.08463667	0.174663608	179.933823	-19.7815227	0.108108449	0.104309695	1.08292
6.15	0	1.07884904	-0.618582549	1.08462251	0.174657057	179.924422	-19.781563	0.108098312	0.100842934	1.027652
6.16	0	1.07525683	-0.618382537	1.08454224	0.174654772	179.87207	-19.7889634	0.108672864	0.105226794	1.193537
6.17	0	1.07333623	-0.618299908	1.08438701	0.174565809	179.853189	-19.8248445	0.109210657	0.0590019558	1.04495
6.18	0	1.0734421	-0.618511596	1.08461078	0.174650403	179.717756	-19.8399451	0.10930554	0.103367845	0.899353996
6.19	0	1.07405036	-0.618227687	1.08474738	0.174470935	179.68554	-19.7700597	0.108892217	0.106520777	1.148827
6.2	0	1.07585764	-0.618203932	1.0847799	0.174663454	179.664021	-19.7594068	0.108800941	0.107948619	1.100894
6.21	0	1.08048197	-0.618253636	1.08471612	0.174798321	179.683975	-19.7706243	0.108536282	0.109497472	0.931075003
6.22	0	1.08852406	-0.618437029	1.08493527	0.174880086	179.571219	-19.7794983	0.10808949	0.109966939	0.813218001
6.23	0	1.09761675	-0.61823089	1.08498677	0.174619052	179.590772	-19.7000656	0.107903252	0.107420927	0.938623998
6.24	0	1.10522657	-0.61773253	1.08493206	0.174723493	179.564395	-19.6884953	0.108471689	0.0757339562	0.834947001
6.25	0	1.11073065	-0.617831723	1.08480684	0.174694775	179.584654	-19.735431	0.108786656	0.0628633099	0.782329997
6.26	0	1.11135289	-0.617882659	1.08479702	0.174844554	179.549589	-19.7626604	0.108562355	0.0586620251	0.873671001
6.27	0	1.10708355	-0.617918011	1.08480468	0.174901199	179.523381	-19.7760101	0.108127518	0.0573232145	0.820208996
6.28	0	1.10126762	-0.617754517	1.08491509	0.174535929	179.561452	-19.7111187	0.107650989	0.0568725637	0.774328
6.29	0	1.09524516	-0.617210495	1.08490979	0.17460252	179.534914	-19.6998159	0.108046928	0.0723738503	1.298484
6.3	0	1.09076984	-0.616963845	1.08486937	0.174491796	179.528619	-19.7471959	0.108718928	0.0442273814	0.877374005
6.31	0	1.08878451	-0.617128592	1.08489476	0.174734157	179.540501	-19.7604104	0.108914665	0.0568924553	1.002673
6.32	0	1.08834671	-0.617249916	1.0848991	0.174849995	179.561137	-19.7464063	0.108800897	0.05806814	1.127149
6.33	0	1.08972796	-0.617718002	1.08499183	0.174993721	179.538403	-19.7374216	0.108245606	0.057495929	0.990039996
6.34	0	1.09030333	-0.617665817	1.08510943	0.17468934	179.697798	-19.6647115	0.10758783	0.0573923013	0.736202004
6.35	0	1.08877879	-0.617563596	1.08511024	0.174746648	179.731563	-19.663248	0.107641902	0.108393031	0.853693993
6.36	0	1.08558123	-0.617382158	1.08513931	0.174630907	179.706663	-19.6930685	0.108292892	0.105958576	0.750318999
6.37	0	1.08322074	-0.617075429	1.08501258	0.174697667	179.772053	-19.6970537	0.109004519	0.103999525	1.13693
6.38	0	1.08075594	-0.617124783	1.08492082	0.174778518	179.787763	-19.7062417	0.109562662	0.10993575	1.351352
6.39	0	1.07995848	-0.617223346	1.08483338	0.174883817	179.814252	-19.711351	0.109730689	0.101666626	1.275296
6.4	0	1.0811927	-0.617529415	1.08469452	0.175072544	179.914151	-19.7163907	0.109268568	0.100394166	0.869247997
6.41	0	1.08419277	-0.617584314	1.0847944	0.174745314	179.880206	-19.6453015	0.108133705	0.0982051269	1.124551
6.42	0	1.08992614	-0.617874971	1.08487573	0.175069363	179.946489	-19.6318939	0.106969823	0.0574080381	0.809511002
6.43	0	1.09503671	-0.618103232	1.08490508	0.174794052	179.939311	-19.7125918	0.106416791	0.0975572819	0.716513001
6.44	0	1.09786641	-0.618048938	1.08474987	0.175146972	179.821274	-19.7039766	0.10686094	0.106516842	1.119269
6.45	0	1.09898436	-0.617880884	1.08469408	0.174984062	179.687658	-19.6228085	0.108352785	0.107931339	1.049725
6.46	0	1.09871682	-0.617345662	1.0846378	0.175152468	179.553951	-19.618279	0.110168573	0.105789711	0.858300002
6.47	0	1.09672585	-0.617506207	1.08454568	0.175179514	179.532686	-19.6908023	0.110904023	0.105652129	0.754171997
6.48	0	1.0948245	-0.617467851	1.08489874	0.17487786	179.474016	-19.6608502	0.110894563	0.106756717	0.979154
6.49	0	1.09380698	-0.617622003	1.08509922	0.175104398	179.479842	-19.6312734	0.110563304	0.080490708	1.277059
6.5	0	1.09391561	-0.617767159	1.08522741	0.175190962	179.516477	-19.6133169	0.110181907	0.057280795	1.093636
6.51	0	1.09574714	-0.618143045	1.0853834	0.174945863	179.491809	-19.6748585	0.109888226	0.0528311022	1.056965
6.52	0	1.1000813	-0.618153271	1.08544073	0.175074319	179.515373	-19.6726776	0.109588547	0.06955164	1.177595
6.53	0	1.10449324	-0.617949511	1.08554877	0.174787884	179.544534	-19.6088197	0.109344499	0.0694107194	0.839573004
6.54	0	1.10744369	-0.617968973	1.0855758	0.174921828	179.547834	-19.6036041	0.109274228	0.0655171383	0.894964003
6.55	0	1.10782483	-0.617994226	1.08558997	0.17500866	179.547875	-19.6009972	0.109146495	0.0611099459	0.912028001
6.56	0	1.10554198	-0.61800897	1.0855889	0.175068414	179.550362	-19.5999094	0.109015153	0.0588371647	0.883184999
6.57	0	1.1010601	-0.618021082	1.08558389	0.175113031	179.555642	-19.6005536	0.108866448	0.0576931577	0.854744998
6.58	0	1.09659568	-0.618055846	1.08560535	0.175167459	179.560261	-19.6036017	0.108450166	0.0573153752	1.041097
6.59	0	1.09241056	-0.617805697	1.08552342	0.175205275	179.55945	-19.6086192	0.10850161	0.0568395245	1.142142
6.6	0	1.08958985	-0.617826289	1.08554603	0.175182735	179.549248	-19.6178446	0.108503352	0.108248364	1.034525
6.61	0	1.08858055	-0.618194266	1.08565017	0.175260902	179.504915	-19.6313024	0.108068266	0.105913263	1.095478
6.62	0	1.08702312	-0.61809229	1.0857794	0.174866205	179.649299	-19.5836069	0.10746805	0.103817591	0.757057001
6.63	0	1.08364497	-0.617905261	1.08573947	0.174946455	179.655518	-19.585754	0.107496362	0.101937106	0.828499004
6.64	0	1.0807867	-0.617617272	1.08566003	0.174998726	179.66923	-19.5931994	0.107753728	0.0968475179	1.085187
6.65	0	1.07713097	-0.617389779	1.08561211	0.174913534	179.652366	-19.6279378	0.108373123	0.0987368671	0.943235995
6.66	0	1.07478617	-0.617456896	1.08550835	0.17503032	179.666111	-19.6495276	0.108606389	0.0973978518	1.183478
6.67	0	1.07405557	-0.617746278	1.08533861	0.175239027	179.783997	-19.669302	0.108184715	0.0567109796	1.14519
6.68	0	1.07502356	-0.618160497	1.08535229	0.175435282	179.777577	-19.6704294	0.107291176	0.0973381401	0.983513004
6.69	0	1.07580408	-0.61802939	1.08531104	0.17517342	179.966667	-19.6137636	0.106410926	0.0987103425	0.762952994
6.7	0	1.07486267	-0.617791419	1.08512078	0.175279644	-179.939936	-19.6067571	0.106284242	0.100228677	0.828710006
6.71	0	1.0724911	-0.61747482	1.08505329	0.175145732	-179.924623	-19.6454613	0.106937648	0.101905892	0.748065002
6.72	0	1.06970401	-0.616973411	1.08460768	0.17512999	-179.804476	-19.6724026	0.108058862	0.111952762	1.01845
6.73	0	1.06834568	-0.616935309	1.08441599	0.17533391	-179.754228	-19.6731208	0.108642189	0.106533573	0.850046003
6.74	0	1.06845502	-0.617260086	1.08421092	0.175224363	-179.672545	-19.7426128	0.108686952	0.0732410425	0.839508
6.75	0	1.0693715	-0.617224664	1.08435959	0.174814532	-179.775627	-19.6887507	0.108002312	0.0614037973	0.818949004
6.76	0	1.07156845	-0.617404472	1.08452996	0.175120554	-179.753628	-19.660193	0.107417952	0.0612820172	1.089561
6.77	0	1.07579812	-0.61772867	1.08466782	0.175344911	-179.682126	-19.6465878	0.106600985	0.0591304935	1.090807
6.78	0	1.07988819	-0.617744039	1.08456367	0.175288826	-179.623324	-19.6585317	0.106203797	0.0578750842	0.829747005
6.79	0	1.08259335	-0.617599366	1.08442414	0.175355938	-179.631102	-19.6631939	0.106606028	0.0571874072	0.888030001
6.8	0	1.08367822	-0.61728466	1.0843763	0.175248853	-179.677843	-19.6910434	0.10773776	0.056868892	0.740515999
6.81	0	1.08365641	-0.616779482	1.08415167	0.175262282	-179.641155	-19.6845808	0.109143708	0.0584946238	1.016296
6.82	0	1.08467052	-0.616819402	1.08395934	0.175437417	-179.598808	-19.6803384	0.10972558	0.056749362	0.841804002
6.83	0	1.08699491	-0.616870015	1.08379137	0.17458557	-179.47247	-19.6457802	0.109565512	0.0567270486	0.799115995
6.84	0	1.09082019	-0.61704521	1.08380631	0.174902005	-179.450701	-19.6484239	0.109338649	0.0566434713	0.939525999
6.85	0	1.0966205	-0.617371555	1.08378595	0.175238329	-179.407012	-19.6306725	0.108636714	0.108184128	1.231537
6.86	0	1.10136564	-0.617461725	1.08388962	0.17520717	-179.424796	-19.6393159	0.108279082	0.105877649	0.792373001
6.87	0	1.10348409	-0.617476197	1.08390837	0.175241592	-179.423438	-19.640259	0.108071961	0.103782805	0.881312
6.88	0	1.10263373	-0.617473537	1.08391126	0.175261507	-179.429282	-19.644	0.107969141	0.101913246	0.860515
6.89	0	1.0993879	-0.617183504	1.08380067	0.175277918	-179.440253	-19.6463149	0.108469933	0.100233721	0.814965999
6.9	0	1.0946706	-0.617228276	1.08379677	0.175329308	-179.454787	-19.6532464	0.108656034	0.0987838807	1.018543
6.91	0	1.08998187	-0.617363056	1.08393689	0.175310753	-179.505954	-19.6723031	0.108416981	0.0973391265	0.890117
6.92	0	1.08529915	-0.617385635	1.08393476	0.175392677	-179.487979	-19.6638407	0.107896206	0.0565891777	0.960373996
6.93	0	1.08131109	-0.617384305	1.08392119	0.175448467	-179.462895	-19.6517386	0.1075133	0.0973311263	0.947453002
6.94	0	1.07806317	-0.61732011	1.08369911	0.175355154	-179.402649	-19.6771655	0.107374458	0.0998156887	1.061144
6.95	0	1.07540457	-0.617449192	1.08390905	0.175459258	-179.501541	-19.6623464	0.107374628	0.100229639	1.214517
6.96	0	1.07384589	-0.617207443	1.08405777	0.175078385	-179.579835	-19.5733126	0.106652959	0.103230372	1.102545
6.97	0	1.07426074	-0.617357743	1.08428424	0.174843084	-179.684082	-19.6597454	0.106516758	0.104792483	0.935571006
6.98	0	1.07407331	-0.617265531	1.08432895	0.175003059	-179.75203	-19.6498467	0.106621922	0.107039266	0.856575003
6.99	0	1.07264311	-0.617049205	1.08432585	0.175049262	-179.822907	-19.6493492	0.1070955	0.0736015676	0.905157998
7	0	1.07023861	-0.616720798	1.08426674	0.175028356	-179.881947	-19.6582143	0.107926556	0.0616189961	0.861923007
7.01	0	1.06925773	-0.616709599	1.08412509	0.174985178	-179.88767	-19.6983126	0.108471731	0.0580510761	1.062998
7.02	0	1.06992743	-0.616881305	1.08408674	0.175138889	-179.889362	-19.7041076	0.10841644	0.0570003758	1.195621
7.03	0	1.07154171	-0.617195899	1.08420836	0.175158868	-179.959143	-19.7196762	0.108073868	0.0569365575	1.174662
7.04	0	1.07315221	-0.617052224	1.08428723	0.174764008	-179.872643	-19.6624183	0.107779355	0.0585218691	0.907691996
7.05	0	1.0735814	-0.616759655	1.08427148	0.174856355	-179.86444	-19.6577548	0.108140075	0.0588398723	1.002491
7.06	0	1.07513539	-0.616745502	1.08427724	0.174890068	-179.867001	-19.6808853	0.108461332	0.0570252732	1.094452
7.07	0	1.07759239	-0.616790646	1.08427644	0.174976957	-179.870353	-19.6892994	0.108689087	0.0567445933	1.335834
7.08	0	1.08134166	-0.616816491	1.08429124	0.175053159	-179.876686	-19.6909134	0.108887377	0.0565713571	1.344976
7.09	0	1.08741243	-0.616853033	1.08429956	0.175124691	-179.876913	-19.6907412	0.109001838	0.0516907345	1.284023
7.1	0	1.09374036	-0.616882672	1.08429096	0.175151445	-179.883098	-19.689484	0.109065039	0.113849438	1.032993
7.11	0	1.09857861	-0.6169194	1.08428636	0.175169276	-179.890769	-19.6864402	0.109003603	0.108995168	0.858997999
7.12	0	1.10096563	-0.616947756	1.08428219	0.175177991	-179.896239	-19.6818889	0.10887049	0.105357244	0.913457996
7.13	0	1.10084603	-0.616967193	1.08427759	0.175183983	-179.897739	-19.6774984	0.108711944	0.102706334	0.914978998
7.14	0	1.10032327	-0.617010112	1.08428891	0.175211366	-179.892409	-19.6772583	0.108279485	0.100597786	1.157673
7.15	0	1.09966857	-0.616772809	1.08418224	0.175233923	-179.918169	-19.6805867	0.108414329	0.0988960061	1.157856
7.16	0	1.09741115	-0.616443696	1.0842387	0.174612924	-179.960111	-19.6060154	0.109089397	0.0974270984	0.930910006
7.17	0	1.09562235	-0.61653941	1.08424233	0.174868861	-179.969128	-19.6216754	0.109443844	0.0566879197	1.13908
7.18	0	1.09510684	-0.616660409	1.08410685	0.175040309	-179.898538	-19.6376855	0.109475679	0.0999513628	1.13092
7.19	0	1.0955331	-0.616907571	1.08423132	0.175177033	-179.963703	-19.6441047	0.109395958	0.0987795533	1.242289
7.2	0	1.09541036	-0.616899751	1.08420436	0.175343858	-179.915658	-19.6294863	0.109320866	0.107916034	1.212292
7.21	0	1.09681687	-0.61693207	1.08420666	0.17547704	-179.890867	-19.6154781	0.109183706	0.107035463	1.22568999
7.22	0	1.09760236	-0.616837121	1.0844991	0.175007236	-179.940638	-19.5559929	0.109004722	0.106273568	0.919815997
7.23	0	1.09651143	-0.616865236	1.08453549	0.175250549	-179.930927	-19.5426075	0.108862963	0.107088557	0.976561998
7.24	0	1.09472019	-0.616912853	1.08445729	0.175342643	-179.886809	-19.5490315	0.108720248	0.0730574083	1.177127
7.25	0	1.09414681	-0.616955784	1.08449454	0.175429261	-179.894582	-19.5480465	0.108520207	0.0622099739	1.346295
7.26	0	1.09562726	-0.616989241	1.08453776	0.175463449	-179.906719	-19.5525458	0.108340244	0.0595003397	1.33131
7.27	0	1.09915608	-0.617046367	1.08458153	0.175501456	-179.933718	-19.5581691	0.108244062	0.0583873896	1.390013
7.28	0	1.10583593	-0.617226723	1.08462541	0.175639728	-179.955393	-19.5595507	0.10787648	0.0672544658	0.869347001
7.29	0	1.11251061	-0.617304844	1.08481722	0.175487163	179.948888	-19.588504	0.107812546	0.0620167364	0.770403996
7.3	0	1.11740511	-0.617073275	1.08478193	0.175448579	179.852077	-19.5965956	0.108240217	0.0593307033	1.117643
7.31	0	1.11826432	-0.617083962	1.0846776	0.175445945	179.82816	-19.6341298	0.108192801	0.0580203209	0.991227003
7.32	0	1.11379502	-0.616911597	1.08464621	0.175196212	179.726079	-19.5884188	0.107918395	0.0693825568	1.08393199
7.33	0	1.10641483	-0.616460641	1.08462199	0.175195985	179.660488	-19.5777192	0.108591284	0.0602323622	0.904476001
7.34	0	1.09722821	-0.616567569	1.08456816	0.175101917	179.631128	-19.6249492	0.108867129	0.0583890296	0.885436995
7.35	0	1.08840995	-0.61658553	1.08460143	0.175147162	179.608516	-19.6305954	0.108708656	0.108655344	0.933698997
7.36	0	1.08105421	-0.616510718	1.08460775	0.175135609	179.604981	-19.6306281	0.10854205	0.106081415	0.941601997
7.37	0	1.07592387	-0.616709516	1.08456331	0.175309475	179.640208	-19.6178809	0.108017873	0.103883871	0.941275997
7.38	0	1.07240737	-0.616770888	1.08471467	0.174846048	179.58666	-19.5401114	0.106710469	0.101963934	0.846522002
7.39	0	1.0714045	-0.617175981	1.08489297	0.175275953	179.64836	-19.5150554	0.105305457	0.100258644	0.951304006
7.4	0	1.07284072	-0.617917582	1.08510809	0.175363577	179.663509	-19.5531472	0.103706727	0.0987243023	1.089276
7.41	0	1.07379135	-0.617958758	1.08512603	0.175461122	179.669981	-19.5529262	0.102968125	0.0973323686	0.833023005
7.42	0	1.07337582	-0.617860146	1.08506592	0.175487441	179.631914	-19.5548427	0.102935257	0.0565801558	0.851469005
7.43	0	1.07144577	-0.617625768	1.08497639	0.174970838	179.545865	-19.6670332	0.10377458	0.0973284903	0.721550001
7.44	0	1.06889624	-0.617254227	1.08482242	0.175201376	179.468701	-19.6464099	0.104968998	0.0987102865	0.817027998
7.45	0	1.06836496	-0.61705565	1.08476063	0.175326048	179.442045	-19.6319658	0.105811254	0.100556151	1.088034
7.46	0	1.06985786	-0.616713546	1.08479952	0.174856488	179.395523	-19.5271702	0.105805493	0.101932079	0.886548994
7.47	0	1.07404778	-0.616925116	1.08483445	0.175150313	179.432475	-19.5365481	0.105613774	0.103778056	0.934711999
7.48	0	1.08027551	-0.617518549	1.08490502	0.175004638	179.442011	-19.6275539	0.105275397	0.106914767	1.163387
7.49	0	1.08614013	-0.617456563	1.08493122	0.175158129	179.410642	-19.6066301	0.105282066	0.0741021833	0.870333999
7.5	0	1.09048766	-0.617200801	1.08484382	0.175231989	179.358926	-19.5983377	0.105940912	0.0619010076	0.851874996
7.51	0	1.09299658	-0.616734348	1.08468413	0.175211967	179.320814	-19.5983262	0.107179862	0.0581716695	0.782907999
7.52	0	1.09694224	-0.616503835	1.0846433	0.175130602	179.311452	-19.6227054	0.108257612	0.0570664557	0.87294
7.53	0	1.10256744	-0.616535709	1.08472203	0.175020588	179.275192	-19.6552802	0.109101416	0.0569728975	1.16744
7.54	0	1.11085662	-0.616250192	1.08475745	0.174534415	179.355015	-19.5659975	0.109008564	0.0586447566	1.064289
7.55	0	1.12193383	-0.616429593	1.08473518	0.174850477	179.426652	-19.5615932	0.108726257	0.0533389715	1.010948
7.56	0	1.13071683	-0.616684264	1.08464753	0.175110315	179.529766	-19.5756342	0.108054802	0.0571157292	0.831015001
7.57	0	1.13321027	-0.616742067	1.08456628	0.175215223	179.547039	-19.5970996	0.107321203	0.0693168312	1.123526
7.58	0	1.13000197	-0.616725531	1.08454215	0.175197991	179.557937	-19.5940167	0.106733539	0.0693076872	1.155065
7.59	0	1.12269405	-0.616441365	1.08439598	0.175290362	179.512618	-19.6132229	0.107417065	0.0608047647	1.177918
7.6	0	1.11310717	-0.616153421	1.08421919	0.174493077	179.474257	-19.6321089	0.109233891	0.115357149	0.900739004
7.61	0	1.10589518	-0.616191968	1.08425223	0.174719614	179.413077	-19.6510286	0.110129299	0.113241471	1.497705
7.62	0	1.10133635	-0.616230106	1.08427173	0.174863742	179.387232	-19.6550406	0.11041608	0.111217431	0.938721001
7.63	0	1.0996502	-0.616355038	1.08424687	0.175045917	179.390499	-19.6405421	0.110245189	0.107595072	0.937595003
7.64	0	1.10043816	-0.616171379	1.08436307	0.174709337	179.393347	-19.5589461	0.109178793	0.103100948	0.856809005
7.65	0	1.10214441	-0.616492056	1.0844726	0.175057931	179.413472	-19.5279622	0.10826804	0.104920219	1.335589
7.66	0	1.10453701	-0.616821575	1.08464943	0.174867035	179.335393	-19.585432	0.10785482	0.0944543001	1.063905
7.67	0	1.10941747	-0.6168004	1.0847133	0.175016099	179.305861	-19.5762763	0.107493363	0.0591916887	1.06953
7.68	0	1.11421745	-0.616662424	1.0847106	0.175088195	179.262865	-19.5696823	0.107531833	0.101549011	0.807141005
7.69	0	1.11604271	-0.616671669	1.08471421	0.17518209	179.253026	-19.5676476	0.107336693	0.100772734	0.878892999
7.7	0	1.11422106	-0.616406244	1.08463318	0.174633843	179.169683	-19.6804049	0.108182229	0.101229343	0.753419998
7.71	0	1.10927101	-0.616360508	1.08459477	0.174920214	179.184813	-19.6569361	0.108342671	0.102390596	1.011204
7.72	0	1.10407326	-0.616286107	1.0845541	0.175054393	179.205007	-19.6308567	0.108310185	0.103996774	0.982507001
7.73	0	1.10049426	-0.615985529	1.08465225	0.174633372	179.267597	-19.5231475	0.107905163	0.105953977	0.906121997
7.74	0	1.0993284	-0.616136961	1.08465711	0.174959333	179.303399	-19.5174055	0.107491099	0.0708027573	0.948510002
7.75	0	1.10082243	-0.616508315	1.08460653	0.175236137	179.413233	-19.5223822	0.106652679	0.0527514885	1.039773
7.76	0	1.10459783	-0.616858429	1.08465857	0.175356513	179.40904	-19.5287568	0.105688249	0.0453329472	1.100967
7.77	0	1.10713269	-0.6168523	1.08459337	0.17532203	179.44561	-19.535283	0.105183204	0.0568813151	0.798943001
7.78	0	1.10699835	-0.616623334	1.08441659	0.175340386	179.403988	-19.5480804	0.105615301	0.0694916294	1.141627
7.79	0	1.10470321	-0.616197405	1.08415621	0.175347261	179.318585	-19.5700409	0.106978288	0.069300031	1.039707
7.8	0	1.10185527	-0.615754779	1.08386121	0.174410585	179.295183	-19.5726108	0.10862319	0.0617813036	0.685677005
7.81	0	1.10159519	-0.61584107	1.08386006	0.174693882	179.258381	-19.598628	0.109546695	0.0591769543	0.9383
7.82	0	1.10410454	-0.616023452	1.08379547	0.174980752	179.274027	-19.5966764	0.109689369	0.0578611236	0.968178996
7.83	0	1.10947946	-0.616304329	1.08369551	0.175292304	179.337557	-19.5782354	0.10915917	0.0547559277	0.936985998
7.84	0	1.11700688	-0.616689566	1.08363426	0.175160069	179.366547	-19.6287784	0.108544301	0.0533065681	1.031751
7.85	0	1.12225364	-0.616498941	1.08362443	0.174947695	179.390573	-19.5768142	0.10775517	0.109662795	0.761295996
7.86	0	1.12218355	-0.616504251	1.0836028	0.175035155	179.412613	-19.5754151	0.107084966	0.113149378	1.134727
7.87	0	1.11813932	-0.61624478	1.08345859	0.175235163	179.364484	-19.6050514	0.107965514	0.111237662	1.130872
7.88	0	1.1101228	-0.616082904	1.08342359	0.175000243	179.303754	-19.570765	0.108218677	0.108277087	0.801827999
7.89	0	1.09958333	-0.616108343	1.0834301	0.175044001	179.291467	-19.5786132	0.108277575	0.100266904	1.03957899
7.9	0	1.08970038	-0.615970548	1.0833896	0.175049536	179.277695	-19.5856157	0.108331282	0.100329347	0.889603005
7.91	0	1.08242845	-0.616024456	1.08337128	0.175102763	179.281973	-19.5918365	0.108220369	0.0981338797	0.920377002
7.92	0	1.07809076	-0.616493746	1.08349119	0.175233425	179.230514	-19.6032063	0.107592756	0.057248457	0.836799001
7.93	0	1.07606958	-0.616393571	1.08360703	0.17492881	179.37771	-19.5559111	0.105967859	0.0975200162	0.860327003
7.94	0	1.07672971	-0.616640878	1.08363314	0.175301321	179.424059	-19.5346534	0.104559563	0.0951450131	0.904118999
7.95	0	1.07877419	-0.616952202	1.08376585	0.174923951	179.332439	-19.6274563	0.103987969	0.0950264561	1.15307501
7.96	0	1.08066675	-0.616831389	1.08381964	0.175078051	179.277937	-19.6003967	0.103872308	0.103047858	0.797483
7.97	0	1.08165749	-0.616610581	1.0837999	0.175155836	179.200704	-19.5896952	0.104288304	0.104314441	0.802501003
7.98	0	1.08151585	-0.616183338	1.08359611	0.175026627	179.167062	-19.6164921	0.105210084	0.106109194	0.767908001
7.99	0	1.08324941	-0.616056784	1.08367672	0.174976452	179.100178	-19.6404075	0.106018558	0.0729699246	1.03304999
8	0	1.08777119	-0.616128627	1.08367114	0.175037222	179.091175	-19.6523509	0.10634234	0.0603338256	0.926157001
8.01	0	1.0949521	-0.616232859	1.08365344	0.174096657	179.094884	-19.6500281	0.105975504	0.0497274263	0.998322997
8.02	0	1.10162091	-0.61613191	1.08363079	0.174299396	179.104068	-19.6512392	0.106025588	0.0569197698	0.879626998
8.03	0	1.10594846	-0.615808543	1.08353539	0.1743985	179.114213	-19.6552873	0.106649745	0.0566628496	0.874402002
8.04	0	1.10762112	-0.615283984	1.08337281	0.174443112	179.139395	-19.6608311	0.107829058	0.0565990577	0.883768
8.05	0	1.10559113	-0.615322319	1.08326836	0.174552635	179.148494	-19.6844408	0.108261374	0.0692909191	0.978543001
8.06	0	1.10258562	-0.615397757	1.08331186	0.174508543	179.126385	-19.7168702	0.108433269	0.0581771866	0.971863999
8.07	0	1.10031307	-0.615355132	1.08320623	0.174569359	179.167939	-19.720539	0.108455542	0.0449869795	1.12131301
8.08	0	1.09769736	-0.615468948	1.08309497	0.17476356	179.217476	-19.718999	0.108353381	0.0692820928	1.131394
8.09	0	1.0969897	-0.615297805	1.08296005	0.174306521	179.366606	-19.6719378	0.107721161	0.0580042298	0.887914997
8.1	0	1.09900272	-0.615442376	1.0829488	0.174518626	179.399264	-19.6699638	0.107204862	0.104722795	0.930890004
8.11	0	1.1035049	-0.615548826	1.08296337	0.174636674	179.410659	-19.6675303	0.106752086	0.104746393	1.25554601
8.12	0	1.10759237	-0.615545397	1.08299931	0.174634044	179.402904	-19.6712261	0.106684102	0.106059821	0.894988996
8.13	0	1.10979473	-0.615332481	1.08295608	0.174616864	179.375019	-19.6769085	0.107163013	0.103056593	0.855186998
8.14	0	1.10989253	-0.614928832	1.08285107	0.17457997	179.351081	-19.6833076	0.108146292	0.10080777	0.880838998
8.15	0	1.11131511	-0.615104115	1.08271008	0.174502316	179.36653	-19.7419588	0.108593213	0.0989994288	0.905300003
8.16	0	1.11345714	-0.615163269	1.08268883	0.174634879	179.362149	-19.7533043	0.108681705	0.096622413	1.257698
8.17	0	1.11754805	-0.614948604	1.08277204	0.174286747	179.389856	-19.679888	0.108324407	0.0505726538	1.03774
8.18	0	1.11960212	-0.615051861	1.08281675	0.174530736	179.418517	-19.6681968	0.107922739	0.0980657166	0.843289999
8.19	0	1.11706032	-0.615385598	1.08281905	0.174317091	179.413583	-19.7471184	0.107538008	0.0990682142	0.740228999
8.2	0	1.1098413	-0.615319949	1.08275479	0.174512205	179.451498	-19.7198039	0.107177517	0.100401559	0.853268
8.21	0	1.10007829	-0.615047923	1.08258502	0.174660194	179.493835	-19.710401	0.107553395	0.0988353825	0.800171001
8.22	0	1.0919036	-0.614795561	1.08241065	0.174735002	179.542927	-19.7070047	0.107933524	0.103804321	0.894284
8.23	0	1.08673294	-0.614947415	1.08237458	0.174836713	179.55321	-19.7126088	0.10791681	0.105861539	0.850708995
8.24	0	1.08412525	-0.615138175	1.08234847	0.173857889	179.596068	-19.7155061	0.106907357	0.0727616088	0.791368999
8.25	0	1.08417956	-0.615334165	1.08223054	0.174330068	179.687808	-19.6995729	0.105867843	0.0551007431	0.917117002
8.26	0	1.08685524	-0.61561634	1.08211169	0.174713761	179.779607	-19.6767631	0.104606548	0.0466597009	0.986922998
8.27	0	1.08876257	-0.615642102	1.08207005	0.174763582	179.803939	-19.6748022	0.103898339	0.0568759007	0.832835001
8.28	0	1.08850495	-0.61546594	1.08196001	0.174787742	179.770882	-19.6863716	0.103977871	0.0566533743	0.828030999
8.29	0	1.08614643	-0.615085797	1.08178701	0.174795555	179.72096	-19.7005299	0.104770318	0.056594969	0.819279005
8.3	0	1.08252495	-0.61459943	1.08157619	0.17442178	179.673459	-19.7857223	0.106160607	0.0565768591	0.715957998
8.31	0	1.0812907	-0.614427948	1.08144732	0.174563694	179.678541	-19.7886591	0.107057707	0.0565870147	0.920103004
8.32	0	1.08280148	-0.614526139	1.08138354	0.174739615	179.683103	-19.7886098	0.10728601	0.0565846373	0.950280999
8.33	0	1.08662509	-0.614282148	1.0814444	0.174358024	179.69835	-19.7144098	0.106587442	0.0556672022	0.872614997
8.34	0	1.09320425	-0.614397455	1.08147011	0.174603933	179.725698	-19.7105058	0.105991563	0.0501044497	1.059556
8.35	0	1.09920432	-0.614405384	1.08138239	0.174613376	179.765623	-19.723767	0.105739899	0.108251444	0.811242004
8.36	0	1.10273699	-0.614197195	1.08122532	0.174657802	179.762472	-19.7341581	0.106168515	0.105878188	0.898194994
8.37	0	1.10352751	-0.613781372	1.08112517	0.174508894	179.707523	-19.7709726	0.107325489	0.103782224	0.754552006
8.38	0	1.10250306	-0.613210768	1.08086213	0.174540346	179.765978	-19.7722094	0.108740194	0.101913303	0.830913006
8.39	0	1.10266091	-0.613254112	1.0806453	0.174701397	179.825501	-19.7788288	0.109312047	0.10464592	0.920254999
8.4	0	1.1045488	-0.613500914	1.08042687	0.174557049	179.909945	-19.8416252	0.109459221	0.0992046598	0.793792002
8.41	0	1.10841377	-0.613282551	1.08046096	0.174228855	179.962115	-19.7649912	0.108874211	0.0975718255	0.915212004
8.42	0	1.11476535	-0.613372094	1.08050312	0.174477502	-179.993492	-19.7487068	0.108450565	0.0662542668	1.430471
8.43	0	1.11916734	-0.613502151	1.08050164	0.174790933	-179.985586	-19.7498747	0.107922993	0.0989089865	0.954818002
8.44	0	1.11838688	-0.613526736	1.08034656	0.174875403	-179.958782	-19.7733608	0.10737584	0.106547792	1.104448
8.45	0	1.11265019	-0.613427382	1.08036228	0.174794929	179.960512	-19.730548	0.10697219	0.107966758	1.108154
8.46	0	1.10352215	-0.613163776	1.08048701	0.174634209	179.656704	-19.8022063	0.108482141	0.109508856	1.031617
8.47	0	1.09303944	-0.61284167	1.08036678	0.17435935	179.649898	-19.7528671	0.108981725	0.111218636	0.943861
8.48	0	1.08408612	-0.612752898	1.08014456	0.174428266	179.683529	-19.7744483	0.109299339	0.111798496	0.946418004
8.49	0	1.07806169	-0.612801912	1.08015886	0.174651206	179.66031	-19.7493183	0.109274213	0.0769891311	0.946400003
8.5	0	1.0749842	-0.613094352	1.08016916	0.175020364	179.680459	-19.713157	0.108564458	0.0636175417	0.974311995
8.51	0	1.07406941	-0.613289595	1.08032972	0.174673709	179.59274	-19.6303581	0.10705758	0.0590628581	0.854379003
8.52	0	1.07604134	-0.613649143	1.0805328	0.175051519	179.618461	-19.589825	0.105526948	0.0533265569	0.955273004
8.53	0	1.08059534	-0.61420243	1.08079148	0.175048568	179.59678	-19.6177411	0.104063845	0.0469229213	1.019692
8.54	0	1.08411196	-0.614152679	1.08086778	0.175064467	179.576558	-19.6072936	0.10337174	0.0567551178	0.853580001
8.55	0	1.08522883	-0.613892913	1.08081558	0.175108184	179.481327	-19.6104253	0.103801823	0.0695832689	1.055452
8.56	0	1.08430055	-0.613491699	1.08082696	0.174928093	179.255227	-19.6641654	0.105451135	0.0694032748	1.04038
8.57	0	1.08356611	-0.613111198	1.08060836	0.174315887	179.242063	-19.5849669	0.107203668	0.0628159166	0.737441995
8.58	0	1.08548736	-0.613044495	1.08035145	0.174427728	179.245693	-19.6460253	0.108553227	0.0597993721	1.02136401
8.59	0	1.09067904	-0.613205484	1.08027215	0.174706241	179.241892	-19.6498392	0.109051366	0.0582473898	0.913406999
8.6	0	1.0991321	-0.613499056	1.08015843	0.175000462	179.286148	-19.634484	0.108763276	0.108615965	0.907248002
8.61	0	1.10666435	-0.613845568	1.08003346	0.174876739	179.337049	-19.6741074	0.108258605	0.106447694	0.895814999
8.62	0	1.10955574	-0.613853096	1.08002861	0.174943327	179.33989	-19.6704723	0.107687455	0.104004973	0.776608998
8.63	0	1.10901235	-0.61364414	1.08006144	0.174561392	179.376156	-19.5891174	0.108183584	0.109534017	1.012646
8.64	0	1.10361941	-0.613683622	1.08005781	0.174710888	179.357945	-19.6038897	0.108317773	0.101411456	0.950207002
8.65	0	1.09656107	-0.613654133	1.080037	0.174794574	179.324935	-19.6157766	0.108317083	0.106520371	1.196422
8.66	0	1.08965772	-0.613390386	1.07989137	0.174844506	179.271088	-19.6303171	0.108842764	0.0999390865	1.216912
8.67	0	1.0852243	-0.613388314	1.07989596	0.174882845	179.254906	-19.6354087	0.109228248	0.0674723132	1.122721
8.68	0	1.08376262	-0.614035393	1.07990801	0.174752754	179.239463	-19.7174216	0.109066497	0.100975813	0.823461996
8.69	0	1.08406798	-0.613856013	1.08000691	0.174694492	179.329986	-19.6551481	0.10843086	0.100483856	1.205678
8.7	0	1.08549146	-0.613793292	1.07997793	0.174829562	179.375328	-19.635848	0.108094663	0.100349315	1.126715
8.71	0	1.08533775	-0.61372086	1.07993922	0.174898568	179.395155	-19.6228644	0.108161088	0.102955253	0.857104002
8.72	0	1.08292446	-0.613595092	1.08002957	0.174754202	179.345038	-19.6525142	0.108756493	0.104270889	0.757267
8.73	0	1.07900501	-0.613320901	1.07983627	0.174823894	179.38696	-19.6474769	0.10950374	0.106085686	0.892512006
8.74	0	1.07378763	-0.613366059	1.07951501	0.174827818	179.474522	-19.6785647	0.109873605	0.0730271577	0.936192999
8.75	0	1.0689438	-0.61341468	1.07943189	0.174923359	179.521362	-19.6739008	0.109755053	0.0463622585	1.062293
8.76	0	1.06524276	-0.61321073	1.07949931	0.174446073	179.597218	-19.5911495	0.109300877	0.0578188622	0.871806995
8.77	0	1.06287713	-0.613483245	1.07948178	0.174705534	179.676914	-19.6039559	0.108748978	0.0569011024	0.942726998
8.78	0	1.06154279	-0.613648838	1.07953013	0.174756437	179.67964	-19.6223237	0.10818876	0.0566590242	1.011744
8.79	0	1.06135264	-0.613877458	1.07952295	0.175068055	179.729169	-19.6097482	0.107349328	0.0566045516	1.249533
8.8	0	1.06020239	-0.613938303	1.07944958	0.175106235	179.789019	-19.6125463	0.106798222	0.056584452	0.789190002
8.81	0	1.05759958	-0.613803679	1.07932977	0.175121457	179.821041	-19.611554	0.106740751	0.0565803219	0.823661001
8.82	0	1.05400086	-0.613467038	1.07917549	0.175114422	179.859461	-19.609727	0.107186078	0.0565775216	0.842908994
8.83	0	1.05179263	-0.613401501	1.07912959	0.175125077	179.872093	-19.6269993	0.107542723	0.0566530866	0.916072
8.84	0	1.05109343	-0.613645878	1.07919079	0.175190841	179.831971	-19.6489875	0.107425552	0.0566529032	1.080138
8.85	0	1.05165798	-0.613481937	1.07923836	0.174782532	179.962706	-19.591457	0.106346483	0.108215545	0.988837004
8.86	0	1.05389735	-0.613434176	1.07921701	0.174886799	-179.964545	-19.5934338	0.105813413	0.112602328	1.134719
8.87	0	1.05531255	-0.613301045	1.07914774	0.174914854	-179.945904	-19.6037983	0.105861245	0.104446253	0.841420006
8.88	0	1.05525067	-0.613075145	1.07917494	0.174772984	-179.991945	-19.6467903	0.106588963	0.102236631	0.746127
8.89	0	1.05423732	-0.61270286	1.07897231	0.174816983	-179.963254	-19.6584063	0.107612081	0.100395346	0.825120005
8.9	0	1.05441037	-0.612606849	1.07884296	0.174900872	-179.924179	-19.6747273	0.108351077	0.0987986874	0.763983
8.91	0	1.05448971	-0.612393874	1.07867366	0.174923497	-179.883043	-19.6844744	0.109179335	0.105288821	1.176749
8.92	0	1.05554014	-0.612471452	1.07864788	0.175007198	-179.893471	-19.6959224	0.109590719	0.0584343951	1.092465
8.93	0	1.05779256	-0.612749086	1.07854749	0.175157242	-179.787472	-19.7078302	0.109396172	0.0979262204	0.973814
8.94	0	1.06063192	-0.612624979	1.07869422	0.174826748	-179.86761	-19.6321369	0.108580367	0.0947168699	1.060812
8.95	0	1.06346822	-0.61263122	1.07868458	0.174953483	-179.846922	-19.6271085	0.10820581	0.100400938	0.804038005
8.96	0	1.06490884	-0.612524411	1.07862045	0.17508054	-179.865635	-19.6220747	0.108443442	0.101987648	0.815879997
8.97	0	1.06487355	-0.612307956	1.0785001	0.174678512	-179.877917	-19.7161253	0.109349258	0.103804737	0.718563002
8.98	0	1.06541447	-0.612301544	1.07858724	0.174924334	-179.91608	-19.7025116	0.109698422	0.105856274	0.960505
8.99	0	1.0670525	-0.612326857	1.07862731	0.175083265	-179.922161	-19.6775231	0.109674135	0.0727622164	1.006118
9	0	1.06769103	-0.612068402	1.07876657	0.174685761	-179.884071	-19.5866014	0.109400808	0.0611324087	0.785955002
9.01	0	1.06607234	-0.612131806	1.07879868	0.174870206	-179.879191	-19.5874358	0.109215278	0.0577631264	0.887116003
9.02	0	1.0644395	-0.612212039	1.07883207	0.174974342	-179.856343	-19.5907834	0.108925182	0.0568738454	0.859034
9.03	0	1.06371434	-0.612290411	1.07885188	0.175057034	-179.831089	-19.5939438	0.108616834	0.0566465348	0.872208999
9.04	0	1.06207354	-0.61226466	1.07883155	0.175074657	-179.817282	-19.5995672	0.108539733	0.0565887772	0.802868999
9.05	0	1.05924824	-0.612077647	1.07874737	0.175069259	-179.797879	-19.6048195	0.108834019	0.0565738101	0.813363004
9.06	0	1.05511657	-0.612124056	1.0787972	0.175071649	-179.836615	-19.623137	0.10900056	0.0693034898	1.10894
9.07	0	1.05175351	-0.612165453	1.07881176	0.175134877	-179.826257	-19.6255414	0.108929867	0.0578485104	1.134278
9.08	0	1.04981063	-0.612196852	1.07881883	0.175178774	-179.811924	-19.6257513	0.10881215	0.0692982154	1.267864
9.09	0	1.04901975	-0.612257522	1.07882111	0.175280046	-179.820832	-19.6214572	0.108652835	0.0590216538	1.18315
9.1	0	1.04961889	-0.612283545	1.07887107	0.17527269	-179.830069	-19.6235679	0.108479195	0.112950293	1.106884
9.11	0	1.05134498	-0.612444325	1.07889617	0.175414041	-179.848238	-19.6176077	0.10803084	0.108263764	1.142133
9.12	0	1.05424939	-0.612639931	1.07894266	0.174605014	-179.872106	-19.5997015	0.106964057	0.104988916	0.862536006
9.13	0	1.05684995	-0.612607667	1.07899638	0.174774054	-179.905593	-19.6015271	0.106512788	0.102512825	0.834211001
9.14	0	1.05819223	-0.612385813	1.07896292	0.174867636	-179.961585	-19.6048911	0.106731079	0.100534063	0.857446998
9.15	0	1.05816777	-0.611963086	1.07886685	0.174911315	179.990012	-19.6101708	0.107583921	0.0988622069	0.851126999
9.16	0	1.05726466	-0.611463875	1.07882018	0.1747956	179.922734	-19.6419433	0.108964724	0.0974002124	0.764413002
9.17	0	1.05719724	-0.611531785	1.07858866	0.174893353	179.955136	-19.6796764	0.109637024	0.0497023577	0.911023002
9.18	0	1.05673673	-0.611647808	1.07820978	0.174960445	-179.919959	-19.7159694	0.109893128	0.0973732066	0.89517
9.19	0	1.05745126	-0.611787041	1.07818112	0.175159492	-179.900044	-19.7016133	0.109701531	0.0987294683	1.062543
9.2	0	1.05948739	-0.611540268	1.07830192	0.174788014	-179.80004	-19.6120583	0.108716374	0.100235704	1.072784
9.21	0	1.06124055	-0.61161532	1.07819137	0.174925093	-179.712022	-19.6209281	0.10820064	0.10325165	0.989884
9.22	0	1.06160626	-0.611499374	1.07824328	0.17483614	-179.71253	-19.6539587	0.10843284	0.103951432	0.749817002
9.23	0	1.06255862	-0.611553517	1.07815485	0.174984208	-179.667256	-19.6577061	0.108467716	0.105928233	0.801394999
9.24	0	1.06471568	-0.611729651	1.07796553	0.175058301	-179.544287	-19.6776646	0.10825029	0.0727714915	0.882264998
9.25	0	1.06598783	-0.611636097	1.07797797	0.175040112	-179.538507	-19.679549	0.108356188	0.0611974884	0.756369001
9.26	0	1.06580585	-0.611394287	1.07785843	0.175046301	-179.506079	-19.6753228	0.108815057	0.057792984	0.847256997
9.27	0	1.06367985	-0.611399447	1.07779802	0.175102944	-179.510687	-19.6784016	0.109013839	0.0568872005	0.863325004
9.28	0	1.06170916	-0.61146518	1.07779451	0.175137326	-179.499189	-19.6812814	0.108907322	0.0566527839	0.997941999
9.29	0	1.05937739	-0.611473375	1.07778111	0.175145651	-179.501148	-19.6793763	0.108881802	0.0639920042	1.31796
9.3	0	1.05840719	-0.611549308	1.07777552	0.175220438	-179.494902	-19.6728261	0.108684179	0.0578937725	1.199587
9.31	0	1.05911082	-0.611757062	1.07775313	0.175414301	-179.478833	-19.6538008	0.108092263	0.0572028327	1.068331
9.32	0	1.05997358	-0.612001184	1.07774453	0.17464653	-179.508456	-19.6311471	0.107298148	0.0694550584	1.04332899
9.33	0	1.06051627	-0.611939659	1.07785227	0.174798874	-179.548924	-19.6284716	0.107087699	0.0593756801	0.959291996
9.34	0	1.06256702	-0.611963937	1.07795608	0.174933049	-179.572349	-19.6268256	0.106937192	0.0580114376	0.987640997
9.35	0	1.06427026	-0.611833809	1.07799543	0.174962093	-179.603217	-19.6289761	0.107137484	0.108624459	1.029983
9.36	0	1.06492104	-0.611523536	1.07797174	0.174946579	-179.63091	-19.6328042	0.107828867	0.106021185	1.024098
9.37	0	1.06665212	-0.611497654	1.07802057	0.174904323	-179.656561	-19.6639746	0.108414228	0.103985332	1.011157
9.38	0	1.07008502	-0.611628187	1.07801001	0.175023512	-179.647811	-19.6684424	0.108543285	0.102027647	1.20689401
9.39	0	1.07387767	-0.611780371	1.07797054	0.175165033	-179.635083	-19.6584272	0.10848888	0.106552302	1.349727
9.4	0	1.07970142	-0.612172023	1.07795422	0.175019261	-179.629953	-19.7153556	0.108160926	0.0997330841	0.956389995
9.41	0	1.08530233	-0.611983061	1.0780402	0.174766136	-179.596169	-19.6463612	0.108066288	0.0978257708	0.834890998
9.42	0	1.08900968	-0.611564245	1.07802489	0.174889815	-179.614021	-19.6298159	0.108620982	0.0569902478	0.837877
9.43	0	1.09053344	-0.611602581	1.07804897	0.174999884	-179.65653	-19.6394656	0.108942216	0.0974455091	0.810439
9.44	0	1.09172586	-0.611921018	1.07804597	0.174743894	-179.680687	-19.7370584	0.108940346	0.0987678285	0.722390003
9.45	0	1.09063871	-0.611866079	1.0780909	0.174937983	-179.694497	-19.7086255	0.108816938	0.107916423	1.146898
9.46	0	1.08708757	-0.611821156	1.07810206	0.175054518	-179.699734	-19.682905	0.108718884	0.103026547	1.078519
9.47	0	1.0831409	-0.61182077	1.07811109	0.175147493	-179.69561	-19.6706746	0.108382	0.104256021	1.130867
9.48	0	1.07930981	-0.611581776	1.07796793	0.1752353	-179.748798	-19.6733991	0.108739549	0.108696955	1.074596
9.49	0	1.07631051	-0.611341418	1.07779893	0.174281981	-179.76213	-19.6753647	0.109534581	0.0729711671	0.941904997
9.5	0	1.07390027	-0.611381333	1.07783887	0.174549305	-179.807831	-19.6797237	0.110149989	0.0625409438	1.312805
9.51	0	1.07284473	-0.611577615	1.07783677	0.174858229	-179.832276	-19.6676969	0.110172059	0.0629860562	1.220391
9.52	0	1.07342938	-0.611938526	1.07781716	0.175219696	-179.824869	-19.6405014	0.109477479	0.0575422552	1.099976
9.53	0	1.07568884	-0.612314409	1.07782812	0.1746719	-179.84155	-19.6193036	0.10878427	0.0693448314	0.921842002
9.54	0	1.07645457	-0.612306837	1.07787124	0.174768154	-179.852056	-19.6250122	0.108545918	0.0616150136	0.878931998
9.55	0	1.07514419	-0.612080453	1.07784166	0.174802506	-179.879893	-19.6273896	0.108890742	0.0590884115	0.874279001
9.56	0	1.07183101	-0.612093072	1.07786507	0.17486534	-179.920946	-19.6389535	0.109123552	0.0578158714	0.880384003
9.57	0	1.06668857	-0.612112227	1.07787894	0.174923559	-179.945916	-19.644667	0.109188533	0.0571830606	0.852603996
9.58	0	1.06031262	-0.612133517	1.0778935	0.174972727	-179.959447	-19.6454703	0.109133368	0.056994509	1.00863
9.59	0	1.05455608	-0.612198398	1.0779365	0.175026102	-179.950074	-19.6454184	0.108782774	0.0567523406	1.124263
9.6	0	1.05006692	-0.612231119	1.07798152	0.175020254	-179.939396	-19.6457171	0.10845725	0.108231251	0.870220996
9.61	0	1.04681105	-0.612436299	1.07796849	0.175192445	-179.926088	-19.6332554	0.107837494	0.105868205	0.894404002
9.62	0	1.04454873	-0.612905725	1.07806165	0.175344148	-179.978614	-19.6300071	0.106776272	0.103774365	0.831190999
9.63	0	1.04327857	-0.612921885	1.07820988	0.175032468	-179.895651	-19.5731841	0.105016017	0.101910532	0.999048003
9.64	0	1.04380833	-0.613369693	1.07845884	0.175173353	-179.974893	-19.5798153	0.10353728	0.100234888	0.750001003
9.65	0	1.04423163	-0.613322329	1.07865452	0.175216894	179.925422	-19.5676804	0.102917788	0.0987121421	0.834795996
9.66	0	1.0438186	-0.613133171	1.07874404	0.175244848	179.76928	-19.5712967	0.1032098	0.105228929	1.211365
9.67	0	1.04275968	-0.612819089	1.07882829	0.174744095	179.575904	-19.6704652	0.104331614	0.0578991145	0.747361999
9.68	0	1.04167451	-0.612402015	1.07877704	0.17486208	179.441382	-19.6623096	0.105659834	0.0977081061	0.792366001
9.69	0	1.04093485	-0.611882259	1.07866332	0.174871585	179.364005	-19.6596026	0.107222836	0.101441285	1.00983999
9.7	0	1.04177907	-0.611827319	1.07851394	0.174632005	179.310872	-19.7438395	0.108492606	0.100519511	0.878617
9.71	0	1.04338692	-0.611474373	1.07857614	0.174243882	179.337615	-19.6469971	0.108572017	0.102814822	0.863704998
9.72	0	1.04620614	-0.61171451	1.07855589	0.174626767	179.419389	-19.6401532	0.108321465	0.104212597	0.945485997
9.73	0	1.05050206	-0.612058171	1.07851796	0.17446852	179.499849	-19.7139095	0.10800605	0.106095119	1.041517
9.74	0	1.05416446	-0.61196422	1.07850379	0.174605513	179.522562	-19.6893108	0.1079959	0.0732140804	0.946811
9.75	0	1.05617717	-0.611661089	1.07838384	0.174648614	179.554548	-19.6722233	0.108539342	0.061534828	0.821983005
9.76	0	1.05670399	-0.611246768	1.07818848	0.174656046	179.60623	-19.6663374	0.109566981	0.0579746745	0.806611002
9.77	0	1.05522625	-0.611237172	1.07805431	0.174758832	179.605579	-19.6741387	0.110069278	0.0696848407	1.0465
9.78	0	1.05354458	-0.61136376	1.07806734	0.174769231	179.606583	-19.6879746	0.110050293	0.0582571289	1.072311
9.79	0	1.05181358	-0.611468776	1.07797877	0.174813287	179.70037	-19.6896419	0.10963562	0.0578887644	1.032096
9.8	0	1.05031962	-0.611512768	1.07796722	0.174839564	179.747128	-19.6798774	0.109237459	0.0569581834	1.21437
9.81	0	1.04833982	-0.611495421	1.07793256	0.174872659	179.7459	-19.6715678	0.109106465	0.0613005701	1.170472
9.82	0	1.047097	-0.611619336	1.07787657	0.175050014	179.755216	-19.6581301	0.108714361	0.0589569579	1.188788
9.83	0	1.04598009	-0.611428671	1.07792104	0.174732976	179.745192	-19.5866786	0.108005726	0.0575951295	1.318793
9.84	0	1.04654329	-0.611624084	1.07798951	0.174968738	179.766849	-19.590775	0.107306251	0.0613600629	1.170473
9.85	0	1.04897177	-0.611771984	1.07817517	0.174905427	179.721277	-19.6183719	0.106783696	0.109525001	1.128527
9.86	0	1.05089494	-0.611665994	1.07817836	0.174915959	179.684987	-19.6234608	0.106658113	0.106487594	0.799882
9.87	0	1.05140922	-0.611327306	1.07809364	0.174880272	179.642503	-19.6292608	0.107153641	0.104089749	0.825023999
9.88	0	1.05076702	-0.610834451	1.07794684	0.174821933	179.622246	-19.6384228	0.108172601	0.102067246	0.826439995
9.89	0	1.04966432	-0.610349514	1.07770304	0.174513276	179.612083	-19.7168469	0.109639405	0.100309905	0.720917997
9.9	0	1.04910752	-0.610399067	1.07763713	0.174655389	179.59022	-19.7329591	0.110351388	0.102200586	1.284804
9.91	0	1.04887857	-0.610515586	1.07757218	0.174783161	179.637907	-19.7295415	0.110327528	0.0987239048	1.24128901
9.92	0	1.04919925	-0.610299459	1.07762744	0.174369698	179.719845	-19.6481898	0.109921738	0.0576060508	1.091547
9.93	0	1.04883624	-0.610403868	1.07751005	0.174575753	179.780461	-19.6601418	0.109837383	0.105240885	1.039348
9.94	0	1.04928055	-0.61059779	1.07746069	0.174889034	179.796235	-19.6472991	0.109462985	0.100579697	1.122586
9.95	0	1.05068235	-0.61120722	1.0774117	0.174813018	179.816628	-19.7169623	0.108739805	0.0954262636	1.040492
9.96	0	1.05385076	-0.61121633	1.07749859	0.174929465	179.851863	-19.685255	0.108226953	0.10366372	1.110648
9.97	0	1.0562845	-0.611083153	1.07750997	0.174967577	179.84641	-19.6643072	0.108256639	0.104976771	0.848714997
9.98	0	1.05718956	-0.610851046	1.07762265	0.174773553	179.77554	-19.6903633	0.108991217	0.106431196	0.828669996
9.99	0	1.05694148	-0.610482231	1.07738529	0.17472128	179.809852	-19.7035925	0.110016384	0.0731721899	0.800513
10	0	1.05472201	-0.610518611	1.07732895	0.174825103	179.777549	-19.705012	0.110434622	0.0730717622	1.239481
10.01	0	1.05267692	-0.610368251	1.0772839	0.174336698	179.915727	-19.6656636	0.110126226	0.0603367345	1.20661601
10.02	0	1.05076114	-0.610497241	1.07732471	0.174522644	179.935282	-19.665391	0.109848694	0.0457878582	1.171705
10.03	0	1.04965324	-0.61076456	1.07747942	0.174616987	179.898055	-19.6744465	0.109396739	0.0573362212	1.048529
10.04	0	1.04895769	-0.611006982	1.07756202	0.174945545	179.919316	-19.6482477	0.108584316	0.0442403628	1.217483
10.05	0	1.04779923	-0.611049029	1.07759623	0.174992129	179.934005	-19.6352993	0.108039614	0.0574483854	0.951171001
10.06	0	1.04590755	-0.610993276	1.07757006	0.174980925	179.942256	-19.6360535	0.107848432	0.0429048849	1.11205701
10.07	0	1.04365116	-0.6107328	1.07749232	0.174951892	179.961194	-19.6358667	0.108116057	0.0566158693	0.915744
10.08	0	1.04242855	-0.610714908	1.07750925	0.174922941	179.958148	-19.6590762	0.108334227	0.0566465285	1.386322
10.09	0	1.04228402	-0.610637344	1.07744422	0.174949819	-179.998059	-19.665458	0.108413807	0.0566098691	1.262423
10.1	0	1.04262064	-0.610784161	1.07745724	0.175008148	179.98399	-19.6787732	0.108218729	0.108223634	1.09313799
10.11	0	1.04282765	-0.61096877	1.07742633	0.175099593	-179.983537	-19.6891096	0.10780259	0.106058369	1.294794
10.12	0	1.04274832	-0.610773571	1.07747563	0.174738197	179.994428	-19.630251	0.107596361	0.104506581	0.935885
10.13	0	1.04215657	-0.610466335	1.07748052	0.174798443	179.969931	-19.6284717	0.107949353	0.102500163	1.045871
10.14	0	1.04235672	-0.610368675	1.07757967	0.174745924	179.91935	-19.6607487	0.108466868	0.102832317	1.290549
10.15	0	1.04363264	-0.610428246	1.07756839	0.174879543	179.910945	-19.673397	0.108609728	0.100444484	1.193624
10.16	0	1.04608074	-0.610699663	1.07753413	0.175047244	179.987309	-19.6870177	0.108208943	0.0982255989	0.946585002
10.17	0	1.04848562	-0.610684448	1.07755222	0.17506914	179.982422	-19.6800655	0.108021487	0.0584842085	0.927273002
10.18	0	1.05038654	-0.610563921	1.07772222	0.174861623	179.887239	-19.7226502	0.108679776	0.105488399	0.750794999
10.19	0	1.05355655	-0.61021683	1.07751473	0.174974298	179.897023	-19.7125412	0.109782105	0.106735675	1.042655
10.2	0	1.05724616	-0.609830918	1.07726674	0.174259911	-179.96057	-19.6657426	0.109994209	0.104816548	0.938356003
10.21	0	1.05929837	-0.60994236	1.07725781	0.174573559	-179.977289	-19.6689592	0.110117605	0.104252057	0.838451997
10.22	0	1.0589653	-0.61012224	1.077395	0.174644653	179.947099	-19.6872725	0.110055285	0.104905085	0.747040998
10.23	0	1.05635902	-0.610155636	1.07741436	0.174840358	179.961255	-19.6745669	0.109828698	0.106398944	0.859308995
10.24	0	1.05377444	-0.610290526	1.07731389	0.174930946	-179.927554	-19.6734173	0.109329674	0.0731244147	0.906378998
10.25	0	1.04988804	-0.610321199	1.07729322	0.174981003	-179.898973	-19.662721	0.108939428	0.0617078569	0.993988004
10.26	0	1.04633485	-0.610421953	1.07742148	0.174944429	-179.902821	-19.6691043	0.108528505	0.0578927873	1.144689
10.27	0	1.0427036	-0.610360071	1.07741969	0.174927168	-179.908512	-19.6656057	0.108492819	0.06568038	1.380707
10.28	0	1.04026765	-0.61044499	1.07739026	0.175033183	-179.896685	-19.6581467	0.108311454	0.0585789172	1.18217101
10.29	0	1.03913665	-0.610504072	1.07740632	0.175059384	-179.868091	-19.6552367	0.108067839	0.057490079	1.152498
10.3	0	1.03854759	-0.610714683	1.07737992	0.175267661	-179.851763	-19.6380171	0.107488446	0.0570818823	1.18782499
10.31	0	1.03757867	-0.610974989	1.07738062	0.174520205	-179.873835	-19.6163396	0.106599583	0.0605480764	1.086463
10.32	0	1.03666603	-0.610893574	1.07746924	0.174659812	-179.915556	-19.6157777	0.106427476	0.0635719388	1.028919
10.33	0	1.03696906	-0.610940495	1.07756473	0.174810633	-179.94042	-19.6165491	0.106334267	0.0621422673	1.036248
10.34	0	1.03735878	-0.610878997	1.07762333	0.174862702	-179.993206	-19.6223927	0.10649466	0.0593565793	0.999588003
10.35	0	1.03801194	-0.61063827	1.07759975	0.174872646	179.927802	-19.6347301	0.107334587	0.115347437	1.157641
10.36	0	1.03959552	-0.610571889	1.07764874	0.174855265	179.861877	-19.6543725	0.108002978	0.108676401	1.128845
10.37	0	1.04204695	-0.610889351	1.07769281	0.174675788	179.794234	-19.7274117	0.10824491	0.105196095	1.043964
10.38	0	1.04439228	-0.610880748	1.07768963	0.174822737	179.772787	-19.7363604	0.108306331	0.109483576	1.434535
10.39	0	1.0480734	-0.610630328	1.07775335	0.174479738	179.760353	-19.6671767	0.107843209	0.10307646	1.023369
10.4	0	1.05280261	-0.61059413	1.07778334	0.174604506	179.735512	-19.664733	0.107796826	0.10650939	1.070729
10.41	0	1.05791841	-0.610402168	1.07774146	0.174658638	179.702963	-19.6676402	0.108197997	0.101507733	0.826677002
10.42	0	1.06264117	-0.610016214	1.07761159	0.174701284	179.66991	-19.6732542	0.109189218	0.060062532	0.811421
10.43	0	1.06576581	-0.610213008	1.0774768	0.174526765	179.644594	-19.7557039	0.109704673	0.105224758	0.789291997
10.44	0	1.06680721	-0.610199701	1.07755551	0.174671329	179.597821	-19.7473601	0.109876001	0.102128446	1.040065
10.45	0	1.06761856	-0.610041832	1.07770947	0.174401243	179.626997	-19.6721194	0.109466024	0.101884759	0.998096002
10.46	0	1.06818696	-0.610133094	1.0777552	0.174576735	179.642513	-19.6695353	0.10896502	0.102710113	1.155766
10.47	0	1.0669651	-0.610038031	1.07772941	0.174146586	179.60904	-19.7672862	0.109324406	0.104161678	0.819960995
10.48	0	1.06556542	-0.610014192	1.07772873	0.174384495	179.611169	-19.7483898	0.109319592	0.106029498	1.102541
10.49	0	1.06218208	-0.609959328	1.07770341	0.174500126	179.616778	-19.7310698	0.109282234	0.0830207536	1.20181801
10.5	0	1.05883213	-0.60993911	1.07768947	0.174574734	179.633768	-19.7221823	0.109188338	0.0698524685	1.474242
10.51	0	1.05672707	-0.609928508	1.0776822	0.174617322	179.650721	-19.7182055	0.109113891	0.0643561235	1.081799
10.52	0	1.05619293	-0.610107618	1.07764384	0.174839491	179.678364	-19.7013977	0.108664659	0.0602421388	1.12838999
10.53	0	1.05569095	-0.609965019	1.07767219	0.174531547	179.700347	-19.6440735	0.108476415	0.0693506148	0.979418997
10.54	0	1.05442564	-0.609753324	1.07766772	0.17457902	179.680384	-19.6511734	0.108794211	0.0622985532	0.942245999
10.55	0	1.05437678	-0.609741471	1.0777811	0.174490031	179.612675	-19.6946069	0.109237987	0.0641994543	1.249758
10.56	0	1.05613501	-0.609840195	1.07781102	0.17469245	179.612172	-19.6989702	0.109236798	0.0640998534	1.167646
10.57	0	1.0592927	-0.609990839	1.07780279	0.174840919	179.653922	-19.7014697	0.109006136	0.0570673512	1.263545
10.58	0	1.06253781	-0.609938602	1.07775792	0.174844002	179.661921	-19.6998462	0.108986497	0.0668394147	1.06354
10.59	0	1.06710057	-0.609704341	1.07762042	0.174903931	179.652066	-19.704266	0.109612049	0.0692832622	1.03385
10.6	0	1.07031269	-0.609456801	1.07769824	0.174471891	179.618349	-19.6503559	0.109827462	0.113979861	0.707612999
10.61	0	1.07101513	-0.609606251	1.07782849	0.174483254	179.53521	-19.6824601	0.109962439	0.10878948	0.755223999
10.62	0	1.06914768	-0.609646202	1.07782985	0.17459131	179.531432	-19.6789177	0.109912524	0.105254967	0.866281
10.63	0	1.06530449	-0.609710074	1.07772177	0.174649672	179.591361	-19.6850067	0.109730111	0.103010217	0.909765004
10.64	0	1.06149941	-0.609783354	1.07772283	0.174743182	179.620785	-19.6779717	0.109265511	0.100698286	1.147248
10.65	0	1.05786383	-0.609830406	1.07775213	0.174791579	179.64971	-19.6723232	0.10867863	0.0988865162	1.053961
10.66	0	1.05453289	-0.609705622	1.07772362	0.17479086	179.660165	-19.6684925	0.108637494	0.0985839847	1.266179
10.67	0	1.05240034	-0.609798235	1.07769798	0.174917085	179.67367	-19.6601957	0.108503948	0.0589088759	1.154111
10.68	0	1.05155878	-0.610246947	1.07784428	0.175053465	179.603293	-19.666625	0.107947759	0.0979976474	1.004087
10.69	0	1.05056261	-0.610085655	1.07794519	0.174800299	179.767827	-19.6087052	0.107197917	0.0990327253	0.845486997
10.7	0	1.05043563	-0.610195659	1.07797912	0.175055907	179.809624	-19.5903799	0.106664249	0.100391806	0.935930002
10.71	0	1.04987034	-0.610395353	1.0779636	0.17478821	179.797712	-19.6695862	0.106540244	0.10199706	0.725646998
10.72	0	1.04847339	-0.610305126	1.07787685	0.174992355	179.799121	-19.6490187	0.106719273	0.103806698	0.827614
10.73	0	1.04811101	-0.610282711	1.0778983	0.175105295	179.802918	-19.6325659	0.106795888	0.105861375	1.016396
10.74	0	1.0473687	-0.610154884	1.07786136	0.175136769	179.811751	-19.6216836	0.107058916	0.0732222364	0.996983996
10.75	0	1.04768982	-0.610186096	1.07786958	0.175175098	179.814675	-19.6208211	0.107175592	0.0611303021	1.286938
10.76	0	1.04940437	-0.610368736	1.07782409	0.175322019	179.838909	-19.6096773	0.106883336	0.0576558668	1.22617
10.77	0	1.05265044	-0.610587802	1.07778569	0.174485499	179.882157	-19.5840855	0.105921248	0.0569356416	0.802564005
10.78	0	1.05543659	-0.610576798	1.07782202	0.174655988	179.887964	-19.5859542	0.10555735	0.0566945307	0.869542993
10.79	0	1.05676289	-0.610351652	1.07777137	0.174742733	179.869641	-19.588013	0.105868145	0.0566125118	0.932303003
10.8	0	1.05657825	-0.609903907	1.07767497	0.174777273	179.85569	-19.5898865	0.106803562	0.0565890923	0.867355004
10.81	0	1.05547882	-0.609409671	1.07760411	0.174694266	179.812704	-19.618265	0.108273265	0.0565784586	0.755945002
10.82	0	1.05584396	-0.609308057	1.07738307	0.174748411	179.853911	-19.6549583	0.109271685	0.0566511973	1.005945
10.83	0	1.05759915	-0.609454226	1.0772835	0.174909852	179.866244	-19.6646413	0.109571009	0.0565688057	1.159077
10.84	0	1.0607543	-0.609972448	1.07717822	0.174858532	179.89931	-19.7266598	0.109179551	0.0568921778	1.006748
10.85	0	1.06347301	-0.609811171	1.07726788	0.174660396	179.989221	-19.6714456	0.108742155	0.10830499	0.990943998
10.86	0	1.06439555	-0.609504152	1.07721953	0.17471569	-179.982976	-19.6577335	0.108903227	0.105920317	0.779900001
10.87	0	1.06323166	-0.609482242	1.0771572	0.174786193	-179.974949	-19.6615491	0.10898428	0.103807387	0.859710999
10.88	0	1.06010162	-0.609481614	1.07714392	0.174819142	-179.978628	-19.6666858	0.108997383	0.101910666	0.967063999
10.89	0	1.05692943	-0.609532444	1.07717506	0.174863592	-179.967224	-19.6706711	0.108723814	0.100253845	1.199043
10.9	0	1.05433998	-0.60932894	1.0771197	0.174861246	-179.938117	-19.67013	0.108775014	0.0987183312	1.070112
10.91	0	1.05258416	-0.608995881	1.07716607	0.174672582	-179.961934	-19.6991771	0.109399959	0.104159252	1.028011
10.92	0	1.05156823	-0.609025761	1.07708577	0.174779648	-179.956768	-19.7098632	0.10972919	0.0577016548	1.18508
10.93	0	1.05099145	-0.60934269	1.07691317	0.174997895	-179.85821	-19.7237988	0.109415635	0.0976494935	0.972226997
10.94	0	1.05043555	-0.609276877	1.07702001	0.174738682	-179.936655	-19.6493305	0.108324198	0.0988701959	0.906076006
10.95	0	1.0496737	-0.609307812	1.07702052	0.174895682	-179.919542	-19.6421833	0.107685766	0.100317108	0.819861001
10.96	0	1.04784075	-0.609291111	1.07714023	0.174829215	-179.98583	-19.6664721	0.107613269	0.101949613	0.728806997
10.97	0	1.04527	-0.609040096	1.0768988	0.1747968	-179.954475	-19.6842502	0.107911521	0.103787671	0.787872996
10.98	0	1.04417605	-0.608747587	1.07675716	0.174898852	-179.952534	-19.6848083	0.108734798	0.113256673	1.116753
10.99	0	1.04410605	-0.608726104	1.07676921	0.174928751	-179.983985	-19.6998839	0.10925233	0.0740021211	0.974871
11	0	1.044548	-0.609192365	1.07676862	0.174796588	179.996736	-19.7773706	0.109134716	0.0618415508	1.019821
11.01	0	1.04440052	-0.608996405	1.0768835	0.174563979	-179.979076	-19.7249038	0.108783321	0.0594752279	0.973170005
11.02	0	1.04481074	-0.60902443	1.07691641	0.174638791	-179.942726	-19.719957	0.108515652	0.0570526377	1.139878
11.03	0	1.04431827	-0.608848229	1.0768605	0.1746388	-179.921899	-19.7173029	0.108690781	0.0569689385	0.789074002
11.04	0	1.04302231	-0.608566937	1.07673481	0.174631138	-179.892115	-19.7195905	0.109301325	0.0567462328	0.771662999
11.05	0	1.0403468	-0.608583773	1.07666299	0.174711922	-179.908537	-19.7298721	0.10955127	0.0566755995	0.947211003
11.06	0	1.0382975	-0.60870781	1.07673193	0.174707843	-179.918406	-19.7435073	0.109520744	0.0566363975	0.989663997
11.07	0	1.03691788	-0.608808858	1.07674748	0.174893999	-179.867524	-19.7200521	0.109172505	0.0566077744	1.157261
11.08	0	1.03562762	-0.609135925	1.07672043	0.175137048	-179.751517	-19.7021881	0.108322534	0.0565840875	1.004422
11.09	0	1.03410606	-0.60902355	1.07677643	0.174864847	-179.697408	-19.6172516	0.106829345	0.0565728562	1.083582
11.1	0	1.03290128	-0.609176946	1.07690302	0.17486759	-179.716262	-19.6293305	0.106038881	0.108284358	0.916875004
11.11	0	1.03258834	-0.60927704	1.07696329	0.175005741	-179.696792	-19.6204232	0.105432769	0.109052723	1.202485
11.12	0	1.03218229	-0.609216879	1.07698045	0.175010355	-179.712985	-19.6227829	0.105266442	0.104103047	0.842099995
11.13	0	1.03178097	-0.608982692	1.07683427	0.174897612	-179.706895	-19.6501812	0.105667711	0.102074269	0.848489995
11.14	0	1.03212688	-0.608962718	1.07688003	0.174956027	-179.729422	-19.6574112	0.106006983	0.1003161	0.835188002
11.15	0	1.03296014	-0.609062906	1.07692333	0.175075994	-179.760086	-19.6598941	0.106036328	0.0952899241	1.197979
11.16	0	1.03379678	-0.609071845	1.07712247	0.174921369	-179.86532	-19.696445	0.106440596	0.10522455	1.100046
11.17	0	1.0348803	-0.608839422	1.07704785	0.174975688	-179.958101	-19.6986439	0.107401684	0.069288393	1.14527
11.18	0	1.0362468	-0.608466843	1.07682175	0.174819572	-179.974305	-19.731704	0.10868639	0.100892119	0.870996999
11.19	0	1.03809401	-0.608406984	1.07693554	0.17481169	179.963567	-19.7488979	0.109663621	0.100384219	0.983288002
11.2	0	1.03977079	-0.608156636	1.077315	0.174107199	179.846927	-19.6877704	0.109780516	0.101053719	1.069232
11.21	0	1.04218315	-0.608305179	1.07743028	0.174580034	179.870354	-19.6565757	0.109566946	0.10231637	1.119713
11.22	0	1.04443021	-0.608331995	1.07732615	0.17474612	179.925733	-19.6488323	0.109391684	0.103845289	0.936903001
11.23	0	1.04729599	-0.608445143	1.07709098	0.174803387	-179.937615	-19.666098	0.109070485	0.106091971	0.958324999
11.24	0	1.04837208	-0.608405676	1.07710153	0.174894434	-179.953021	-19.6529678	0.108876709	0.0729199226	0.807566001
11.25	0	1.0479327	-0.608136246	1.0770033	0.174939205	-179.946033	-19.6414693	0.109272134	0.061218884	0.847235999
11.26	0	1.0456398	-0.608125666	1.07696135	0.174995299	-179.97343	-19.6439312	0.109413519	0.0578060464	0.783536998
11.27	0	1.04368506	-0.608205097	1.07697501	0.175024367	-179.94429	-19.6425117	0.109224153	0.0568951001	0.864782
11.28	0	1.04071712	-0.608216599	1.0769742	0.175024423	-179.941334	-19.640892	0.109023497	0.0694056013	1.046536
11.29	0	1.038384	-0.608273348	1.07700745	0.175024705	-179.908794	-19.6389768	0.108725048	0.0581330746	1.016897
11.3	0	1.03674368	-0.608259016	1.07702778	0.175011034	-179.895959	-19.6378639	0.108600449	0.0453337117	1.231281
11.31	0	1.03521345	-0.608271628	1.07701326	0.175063776	-179.918574	-19.6400092	0.108534308	0.0567775056	1.354107
11.32	0	1.03391526	-0.608439616	1.07699401	0.175265618	-179.928443	-19.6308645	0.108062222	0.0595648971	1.117098
11.33	0	1.03195164	-0.608661038	1.0770209	0.174466871	-179.928581	-19.6099922	0.106929959	0.0436871602	0.874790996
11.34	0	1.03010369	-0.608829564	1.07704586	0.174867118	-179.933702	-19.5977847	0.105926007	0.0412929601	1.23423499
11.35	0	1.02903643	-0.60883749	1.07713154	0.17495712	-179.984053	-19.5978413	0.105515867	0.115461512	1.071075
11.36	0	1.02858362	-0.608675112	1.07714206	0.174998384	179.950402	-19.6049795	0.105775212	0.107799567	1.023178
11.37	0	1.02895528	-0.608665311	1.07731231	0.174902273	179.876538	-19.6394919	0.106108259	0.101017976	1.129344
11.38	0	1.02978161	-0.608633514	1.07732204	0.17495934	179.838644	-19.6470131	0.106364854	0.10252659	1.367009
11.39	0	1.03098592	-0.608586604	1.07731283	0.174998243	179.80614	-19.6514912	0.106679413	0.102866779	1.313081
11.4	0	1.03368197	-0.60863486	1.07733213	0.175093391	179.802337	-19.6480379	0.106768289	0.104304027	1.09397199
11.41	0	1.03847909	-0.608773852	1.07735591	0.175249158	179.813278	-19.6333034	0.106529699	0.100042321	1.191397
11.42	0	1.04432317	-0.60874377	1.07750778	0.174752649	179.696806	-19.5727912	0.106618111	0.0593512116	0.727295002
11.43	0	1.04988718	-0.608429293	1.07739138	0.174790784	179.677401	-19.5915442	0.107319255	0.0981426763	0.783855001
11.44	0	1.05448082	-0.608046906	1.07725162	0.174886122	179.619381	-19.5974075	0.108663847	0.0991140019	0.863832
11.45	0	1.05815399	-0.60766579	1.0770189	0.174525337	179.600464	-19.6964627	0.110464876	0.100433122	0.714804002
11.46	0	1.06193431	-0.607705895	1.07708366	0.174819271	179.545102	-19.7072741	0.111196561	0.101988769	0.960782003
11.47	0	1.06378864	-0.607516819	1.07721748	0.174604084	179.590578	-19.6439553	0.111114692	0.103822888	1.02412
11.48	0	1.0630728	-0.607619699	1.07719711	0.174851696	179.613874	-19.6189623	0.110859148	0.105874253	0.980334997
11.49	0	1.06186594	-0.607809423	1.07712285	0.174964946	179.72331	-19.6157852	0.110256334	0.0728254643	1.127733
11.5	0	1.06049531	-0.607973871	1.07720895	0.174988088	179.748078	-19.6117513	0.109568514	0.0611740619	1.130198
11.51	0	1.05917433	-0.608028089	1.07725248	0.17503784	179.80281	-19.5975904	0.108952996	0.0577793874	0.999349999
11.52	0	1.05618658	-0.607862156	1.07718953	0.175001221	179.847087	-19.5931958	0.108899555	0.0568716592	0.848494004
11.53	0	1.0518112	-0.607626621	1.07717391	0.17484854	179.83752	-19.6184077	0.109439524	0.0566452087	0.753041
11.54	0	1.04852657	-0.607664492	1.07706106	0.174928891	179.872547	-19.6296091	0.109673813	0.0566261177	1.025608
11.55	0	1.04632288	-0.607880468	1.07689618	0.175177422	179.937967	-19.6205206	0.109278483	0.0565743079	1.161115
11.56	0	1.04493113	-0.607838676	1.07679225	0.174704149	-179.860756	-19.5606699	0.107900174	0.0565715596	0.980682002
11.57	0	1.04331736	-0.607908711	1.07684399	0.17482554	-179.845158	-19.5713049	0.107220241	0.0566456951	0.869598
11.58	0	1.04280137	-0.607828254	1.07684414	0.174919505	-179.822155	-19.5754864	0.106996775	0.0693069077	1.080666
11.59	0	1.0416157	-0.607652139	1.07692503	0.174814035	-179.881767	-19.6121893	0.107389176	0.0578737846	0.779604998
11.6	0	1.0411341	-0.607672168	1.07686572	0.174926718	-179.892956	-19.6282753	0.107572998	0.108537291	0.928341004
11.61	0	1.04152858	-0.607822545	1.07678087	0.175134757	-179.884506	-19.6304949	0.107298068	0.106011287	0.864135996
11.62	0	1.04150149	-0.607824616	1.07662702	0.175093933	-179.849954	-19.6524921	0.10713249	0.103849023	0.875856997
11.63	0	1.0407614	-0.607656583	1.07651307	0.175127413	-179.843513	-19.6509747	0.107340268	0.101948615	0.874333004
11.64	0	1.03956436	-0.607297159	1.07636256	0.175119266	-179.817391	-19.6467502	0.107956997	0.100252098	0.849655
11.65	0	1.03868685	-0.606821503	1.07631635	0.174950818	-179.831125	-19.672137	0.109200366	0.106669767	1.10908
11.66	0	1.03826017	-0.606892734	1.07620951	0.175048967	-179.819102	-19.6910105	0.109703588	0.0915522594	1.250995
11.67	0	1.03735914	-0.606960507	1.07598969	0.175080051	-179.749771	-19.7101331	0.109919217	0.0692883675	1.05009
11.68	0	1.03665924	-0.606714554	1.07599414	0.174690407	-179.734076	-19.6246752	0.109564006	0.0996857152	0.902059001
11.69	0	1.03680942	-0.606984688	1.07597974	0.174989388	-179.635395	-19.628358	0.109043352	0.0998596405	0.940743004
11.7	0	1.03765342	-0.607430562	1.07607787	0.175201885	-179.674061	-19.6342355	0.108162764	0.100775058	0.851785
11.71	0	1.0400643	-0.607776552	1.07616343	0.175541727	-179.552923	-19.6263668	0.106908846	0.102288253	1.123731
11.72	0	1.04328264	-0.608145291	1.07621142	0.174821125	-179.517468	-19.6516396	0.106410486	0.111223667	0.949952999
11.73	0	1.04550683	-0.608009449	1.07609839	0.17510444	-179.531438	-19.6369035	0.10672337	0.107238082	0.891523996
11.74	0	1.04683734	-0.607716565	1.07590141	0.175250981	-179.549434	-19.632803	0.107765852	0.0737420266	0.903763997
11.75	0	1.04757103	-0.607282788	1.07578045	0.17516423	-179.569816	-19.6534062	0.109296497	0.0616993355	0.774993001
11.76	0	1.04871666	-0.607355915	1.07573325	0.175231791	-179.594359	-19.6713032	0.109990329	0.0584729533	1.138535
11.77	0	1.05061992	-0.607135989	1.07577482	0.174777647	-179.543375	-19.5994081	0.109923101	0.0574123177	1.136613
11.78	0	1.05289481	-0.607287087	1.07574272	0.17493713	-179.49134	-19.614478	0.109864205	0.0567206442	1.241537
11.79	0	1.05647676	-0.607481733	1.07569443	0.175146066	-179.465231	-19.607648	0.10950569	0.0592249616	1.050828
11.8	0	1.05956684	-0.607587312	1.07560719	0.175143883	-179.409087	-19.6233516	0.109233999	0.0579397193	0.814466002
11.81	0	1.06081779	-0.607643886	1.07571085	0.175179119	-179.452535	-19.6198468	0.109022171	0.0572404041	0.757374
11.82	0	1.05980897	-0.607652605	1.07573491	0.175232718	-179.470728	-19.612046	0.108825991	0.0569031383	0.842756999
11.83	0	1.05687279	-0.607655725	1.07575574	0.175268968	-179.481547	-19.6070833	0.108650296	0.0567347127	0.857855994
11.84	0	1.05257034	-0.607657597	1.07577684	0.175292897	-179.485506	-19.6046789	0.108476215	0.0566486186	1.019009
11.85	0	1.04931853	-0.607403723	1.07574307	0.175286061	-179.464743	-19.60007	0.108666904	0.108200393	1.134709
11.86	0	1.04650033	-0.607483172	1.07581154	0.17528175	-179.467483	-19.6117155	0.108483577	0.105853331	0.835531006
11.87	0	1.04325519	-0.607480232	1.07600602	0.175072286	-179.541484	-19.6461508	0.108720356	0.111208398	1.07225101
11.88	0	1.04095513	-0.607543434	1.07607295	0.17520678	-179.550722	-19.6390231	0.108672058	0.102731241	0.922485
11.89	0	1.03954508	-0.607777624	1.07612442	0.1754685	-179.541115	-19.6160721	0.108077521	0.100641006	0.918011996
11.9	0	1.03890984	-0.607761686	1.07622771	0.175039457	-179.429842	-19.55404	0.1066589	0.0989152254	0.840116998
11.91	0	1.03994144	-0.608173289	1.07642133	0.17523145	-179.486288	-19.5655863	0.105424268	0.0974653132	1.151904
11.92	0	1.04102849	-0.608205625	1.07652427	0.175319193	-179.513705	-19.5607864	0.104653139	0.0566585481	0.851744997
11.93	0	1.0412146	-0.608171021	1.07673762	0.17517663	-179.644173	-19.6059327	0.104786703	0.0973502535	0.754537999
11.94	0	1.04059444	-0.607848999	1.07652349	0.175144149	-179.660484	-19.6349688	0.105448085	0.0987214057	0.759171002
11.95	0	1.03941395	-0.607457093	1.07638905	0.17522449	-179.740774	-19.6372587	0.106693156	0.100234336	0.810912999
11.96	0	1.0395793	-0.607440502	1.07624307	0.174974531	-179.766755	-19.7205802	0.107686829	0.101926938	0.901063002
11.97	0	1.04091215	-0.607471926	1.07634823	0.17514821	-179.832851	-19.7183291	0.108068457	0.104176816	1.054943
11.98	0	1.043347	-0.607232371	1.07646139	0.174741116	-179.866073	-19.6268642	0.108011427	0.106705846	0.997332994
11.99	0	1.04598928	-0.607392284	1.07667209	0.174766904	-179.969918	-19.6568861	0.108161648	0.0733041515	1.20527
12	0	1.04795993	-0.607311827	1.07662584	0.174816709	-179.978282	-19.6594296	0.108434042	0.0627629895	0.892998003
12.01	0	1.04900083	-0.6071047	1.07653712	0.174831923	-179.964419	-19.6568597	0.109058024	0.059161336	1.076523
12.02	0	1.05057808	-0.607192474	1.07648641	0.174930175	-179.943299	-19.6593212	0.109289478	0.0573453184	1.152606
12.03	0	1.05238864	-0.607253732	1.07643859	0.174988249	-179.920761	-19.6556729	0.109396577	0.0577420465	1.3438
12.04	0	1.0551535	-0.607310037	1.07642927	0.175033871	-179.904989	-19.650464	0.109440541	0.058463378	1.440839
12.05	0	1.05988177	-0.607537797	1.0765923	0.175012751	-179.952269	-19.6602074	0.109307132	0.0645456917	1.162513
12.06	0	1.06704014	-0.607715423	1.07672485	0.175239389	-179.927494	-19.6324551	0.108820922	0.0606229828	0.883209999
12.07	0	1.07436179	-0.607617796	1.07681448	0.174804635	-179.802028	-19.5602343	0.108508484	0.0586048088	0.760758005
12.08	0	1.07959544	-0.607200268	1.07701281	0.174715401	-179.87692	-19.5851454	0.109345793	0.0693609893	1.000228
12.09	0	1.08261259	-0.607226795	1.07698887	0.174894481	-179.905089	-19.5903117	0.10976023	0.0633469465	0.957589997
12.1	0	1.08292352	-0.607255328	1.07694263	0.175006851	-179.912615	-19.5891863	0.109876395	0.112474463	0.879781997
12.11	0	1.08087983	-0.607297488	1.07688982	0.175086756	-179.908826	-19.5842703	0.109788441	0.108013145	0.954632
12.12	0	1.07693826	-0.607343797	1.07685625	0.175145692	-179.899973	-19.577592	0.10956561	0.104854489	0.901205
12.13	0	1.07306329	-0.607422207	1.07687153	0.175197166	-179.885985	-19.5750068	0.109048097	0.108719572	1.264307
12.14	0	1.06899488	-0.607467874	1.07693799	0.17519429	-179.884016	-19.5754172	0.108464674	0.0983151917	1.146134
12.15	0	1.06524347	-0.607242969	1.07686158	0.175228287	-179.948729	-19.58613	0.10874525	0.103205294	1.178367
12.16	0	1.06268721	-0.607256266	1.07679217	0.17492291	-179.997709	-19.6561597	0.109130776	0.0995795814	0.9355
12.17	0	1.0614327	-0.607305847	1.07687003	0.175119715	179.960549	-19.6584148	0.109207484	0.0542064121	1.23737
12.18	0	1.05976106	-0.607062018	1.07700123	0.17481008	179.960065	-19.583949	0.109064906	0.0997205253	0.935807002
12.19	0	1.05707321	-0.607068724	1.07699635	0.174964482	179.946955	-19.5857445	0.10909812	0.0989967302	0.946250002
12.2	0	1.05447931	-0.607182102	1.07723903	0.174909397	179.838863	-19.6153774	0.109279242	0.101491909	1.198513
12.21	0	1.05299217	-0.607197852	1.07720038	0.175074702	179.87602	-19.6039825	0.109097053	0.10395441	1.054846
12.22	0	1.05217387	-0.60724893	1.07702516	0.175116645	179.970532	-19.6128447	0.108745138	0.102482337	1.057047
12.23	0	1.05218837	-0.607281227	1.07709264	0.175221313	179.963887	-19.5959158	0.108462874	0.106585829	1.119824
12.24	0	1.05121728	-0.607282209	1.07727348	0.17512335	179.879185	-19.6084838	0.108511237	0.0732664762	0.905892004
12.25	0	1.04923348	-0.607041531	1.0772331	0.175113819	179.827734	-19.6046764	0.109000683	0.0730755118	1.058703
12.26	0	1.04785712	-0.606875316	1.07722923	0.175074842	179.768894	-19.609748	0.109587527	0.0582497104	1.427204
12.27	0	1.04801778	-0.606991212	1.07719062	0.175102561	179.771971	-19.6310887	0.109747081	0.0642984037	1.19001001
12.28	0	1.04945862	-0.606817286	1.07731631	0.174693725	179.766288	-19.5679647	0.109446229	0.0604710346	1.19023
12.29	0	1.05134245	-0.606860966	1.07737562	0.174807222	179.730931	-19.5778861	0.109422755	0.0575151488	1.255516
12.3	0	1.05260181	-0.606887416	1.07739269	0.174850966	179.700009	-19.5891766	0.109492069	0.0692910027	1.149467
12.31	0	1.05246214	-0.606920887	1.07739019	0.174893414	179.680246	-19.5982615	0.109503526	0.0685484973	1.021507
12.32	0	1.05274237	-0.606979095	1.07739995	0.174946074	179.688182	-19.6026094	0.109362256	0.0627277812	1.23367801
12.33	0	1.05419101	-0.607023913	1.07741553	0.174980969	179.703911	-19.6051005	0.109199065	0.0596648439	1.064397
12.34	0	1.05712279	-0.607171406	1.07738775	0.175138598	179.726116	-19.5953658	0.108805833	0.058114122	1.04222701
12.35	0	1.05937466	-0.607278248	1.07732858	0.174877628	179.711567	-19.6514011	0.10871537	0.108582714	0.744481003
12.36	0	1.06009708	-0.607096858	1.07726025	0.174914659	179.709133	-19.6404259	0.108980298	0.106044368	0.864201997
12.37	0	1.05922653	-0.606682982	1.07713408	0.174893914	179.731796	-19.6283995	0.109706069	0.103865187	0.822754002
12.38	0	1.05901676	-0.606720455	1.07706379	0.17498507	179.751301	-19.6302422	0.109983606	0.101954616	0.840238004
12.39	0	1.05753274	-0.606775899	1.07701209	0.175017683	179.771729	-19.6317594	0.109992347	0.103003466	1.06233
12.4	0	1.05646506	-0.606855845	1.07696633	0.175052742	179.816603	-19.6303634	0.109788184	0.0991528344	1.000265
12.41	0	1.05643684	-0.607061934	1.07705454	0.175032113	179.807348	-19.6404846	0.109447436	0.0975477001	0.952392002
12.42	0	1.05764642	-0.606852004	1.07708546	0.174508766	-179.992091	-19.57531	0.108333205	0.0567546005	0.938477002
12.43	0	1.05797166	-0.606842548	1.07707717	0.174718365	-179.958387	-19.5710718	0.10792715	0.0973795712	0.852203004
12.44	0	1.05676724	-0.606688141	1.07700573	0.174842662	-179.943404	-19.571139	0.108027826	0.0987360097	0.875664999
12.45	0	1.05422797	-0.606453421	1.07703966	0.174738846	-179.9813	-19.6118633	0.108754223	0.100241371	0.791141996
12.46	0	1.05271482	-0.606149994	1.0767269	0.174744167	-179.891053	-19.6439667	0.109535275	0.101918926	1.111173
12.47	0	1.05216973	-0.606181527	1.07667743	0.174948096	-179.895008	-19.6388274	0.109897542	0.103766921	1.174691
12.48	0	1.05246302	-0.606682923	1.07659086	0.174898987	-179.880442	-19.7051462	0.109641222	0.105844508	1.0881
12.49	0	1.05328751	-0.60651654	1.07678873	0.174716885	-179.884432	-19.6428092	0.108547502	0.0727510592	0.946525004
12.5	0	1.05365407	-0.606518056	1.07688178	0.174799194	-179.895342	-19.6309679	0.107992433	0.0611244082	0.848535994
12.51	0	1.05254076	-0.606358342	1.07688716	0.174794081	-179.909709	-19.6307842	0.107938364	0.0577566657	0.866879003
12.52	0	1.05010552	-0.606057821	1.07693981	0.174614584	-179.971537	-19.6645926	0.108549514	0.0568706461	0.780019
12.53	0	1.04713934	-0.605651848	1.07678775	0.17462919	-179.952082	-19.6714974	0.109435381	0.0566452875	0.859637999
12.54	0	1.04452726	-0.605731583	1.07658603	0.174651156	-179.913589	-19.710476	0.109886039	0.0566195945	1.22832
12.55	0	1.04261934	-0.605848346	1.07656958	0.174736031	-179.88183	-19.7153278	0.109790471	0.0578452063	1.143281
12.56	0	1.04152643	-0.605928682	1.07655369	0.174786695	-179.851002	-19.71309	0.109557277	0.0571973491	1.093687
12.57	0	1.04095756	-0.60626524	1.07664184	0.174888607	-179.887251	-19.7177812	0.108963065	0.0568768453	1.172327
12.58	0	1.04042902	-0.60613053	1.07677822	0.174537538	-179.772882	-19.6667381	0.107889181	0.0566076031	1.196176
12.59	0	1.03960504	-0.606131108	1.07680253	0.174635618	-179.761816	-19.6639098	0.107456813	0.0588542008	1.01311
12.6	0	1.03855608	-0.605952209	1.07676853	0.174681395	-179.786042	-19.6684703	0.107736733	0.110139622	1.038341
12.61	0	1.03856699	-0.605978048	1.07685502	0.17464488	-179.821717	-19.6966238	0.10799908	0.107278678	1.101244
12.62	0	1.03954914	-0.606004853	1.07686579	0.174690389	-179.846554	-19.7103202	0.108151187	0.104922782	1.346604
12.63	0	1.04074321	-0.606001716	1.07685281	0.174733635	-179.896069	-19.7202122	0.108355173	0.109510018	1.329268
12.64	0	1.04294724	-0.605983269	1.07687867	0.174754351	-179.946829	-19.7276158	0.108592639	0.0973395864	1.074908
12.65	0	1.04758224	-0.60604032	1.07689521	0.174812769	-179.969981	-19.7346558	0.108580694	0.106529602	1.176359
12.66	0	1.05417395	-0.605833061	1.07687736	0.174473634	179.942109	-19.677929	0.108514016	0.0978771138	1.309855
12.67	0	1.06448928	-0.605873125	1.07694606	0.174626373	179.910795	-19.6850108	0.10847203	0.06935992	0.954445
12.68	0	1.0757924	-0.605878304	1.0770052	0.174226244	179.822292	-19.7889748	0.108942962	0.102579322	0.773729
12.69	0	1.08635478	-0.605640322	1.0768252	0.174579414	179.725567	-19.7895934	0.110201554	0.106522076	1.001491
12.7	0	1.09474663	-0.605503269	1.07685444	0.174592418	179.691847	-19.7540838	0.110706105	0.107925148	0.939997
12.71	0	1.09778719	-0.605529076	1.07684568	0.174824365	179.633651	-19.7705612	0.110510225	0.109476435	1.158387
12.72	0	1.09535029	-0.605431957	1.07673336	0.174757877	179.51852	-19.7442977	0.110042122	0.111247401	1.031485
12.73	0	1.08861531	-0.605453162	1.07663119	0.173801844	179.394382	-19.7643803	0.109545836	0.109562807	0.848639
12.74	0	1.07958858	-0.60539122	1.07660647	0.174043311	179.406151	-19.7423614	0.109268715	0.0805657746	0.891967
12.75	0	1.07140155	-0.605076288	1.07645451	0.174251668	179.396251	-19.7378024	0.109635483	0.0657297897	1.131547
12.76	0	1.06443322	-0.605089476	1.0764386	0.174359826	179.392308	-19.7358269	0.10943186	0.0602086633	0.916061006
12.77	0	1.05815081	-0.604849477	1.07632683	0.174383384	179.397502	-19.7364992	0.109598221	0.0581032837	0.961834005
12.78	0	1.05349177	-0.604993091	1.07626348	0.174503568	179.414602	-19.7287618	0.109482039	0.0572548152	0.921769999
12.79	0	1.05028314	-0.605508064	1.07627602	0.174696343	179.384381	-19.7241876	0.108745238	0.0568882225	0.811635997
12.8	0	1.04832479	-0.605549114	1.07634462	0.174416009	179.526513	-19.6541892	0.107036677	0.0567239494	1.027917
12.81	0	1.04839661	-0.606241715	1.0764294	0.174464912	179.581576	-19.699254	0.105445268	0.0566417754	0.837430001
12.82	0	1.04789767	-0.606284472	1.07646856	0.174605271	179.599812	-19.6753847	0.104373619	0.0566065913	0.847208998
12.83	0	1.0460086	-0.606171655	1.07645729	0.174680056	179.533688	-19.6720929	0.104336131	0.0693944223	1.104762
12.84	0	1.0432096	-0.605895968	1.07635091	0.174751937	179.411291	-19.683238	0.105345134	0.0692941349	1.034178
12.85	0	1.04073066	-0.605583308	1.07639846	0.174148249	179.247268	-19.640356	0.10680907	0.111128416	0.693358998
12.86	0	1.04000573	-0.605383616	1.07640289	0.174255693	179.158795	-19.663248	0.108086502	0.106132262	1.157801
12.87	0	1.04145133	-0.605479063	1.07638662	0.174401344	179.120604	-19.6819789	0.10865818	0.107967015	0.918049998
12.88	0	1.0449133	-0.605736498	1.07635438	0.174671425	179.13095	-19.6737176	0.108430951	0.104021719	0.918138001
12.89	0	1.05068069	-0.606033643	1.07632809	0.173984033	179.112249	-19.6603286	0.107615211	0.102593682	0.869292002
12.9	0	1.05877392	-0.60602541	1.07633287	0.174146139	179.14761	-19.6597339	0.1070983	0.101151037	1.141288
12.91	0	1.06583525	-0.60583715	1.07625419	0.174205369	179.153974	-19.6587299	0.107230363	0.098504163	0.865217997
12.92	0	1.07030951	-0.60544803	1.07607656	0.17424582	179.155248	-19.662957	0.108073716	0.0575067759	1.05887699
12.93	0	1.07229801	-0.60498497	1.07596934	0.17412671	179.118948	-19.6993822	0.10955062	0.0976014259	0.947852001
12.94	0	1.07277048	-0.604514305	1.07553044	0.174130153	179.219706	-19.7314184	0.111151128	0.098869135	0.749662002
12.95	0	1.07140884	-0.604547752	1.07529324	0.17443202	179.24793	-19.7155527	0.111852222	0.100302342	0.817745
12.96	0	1.0691143	-0.604670191	1.07508831	0.173715204	179.385351	-19.7172988	0.111670172	0.102349603	1.115594
12.97	0	1.06634665	-0.604865661	1.07509664	0.174070052	179.424689	-19.7015601	0.111120297	0.104952278	1.106371
12.98	0	1.06321426	-0.605077353	1.07527886	0.174157306	179.396285	-19.7010605	0.110440367	0.0992879776	1.15952
12.99	0	1.0595319	-0.605122799	1.07536642	0.174314644	179.429077	-19.6770647	0.109786977	0.0794224038	1.342659
13	0	1.05628064	-0.60515827	1.07533823	0.174382934	179.482528	-19.6705745	0.109361193	0.0641192369	0.962730002
13.01	0	1.05194833	-0.605131788	1.07531835	0.174400604	179.482387	-19.6709943	0.109265521	0.0594776004	0.873190002
13.02	0	1.04861611	-0.605256541	1.07527171	0.174571355	179.498347	-19.6656997	0.10894303	0.0577552366	0.764248005
13.03	0	1.0468037	-0.605533505	1.07520021	0.174856265	179.541385	-19.6469827	0.108119911	0.0570647812	0.820342997
13.04	0	1.04495861	-0.605808939	1.07512615	0.174193039	179.602476	-19.6144551	0.10732042	0.0568038501	0.713886999
13.05	0	1.04182383	-0.605698187	1.07509676	0.174335001	179.614787	-19.6222954	0.107080103	0.0566838201	0.917751997
13.06	0	1.03803336	-0.605403848	1.07500671	0.174399889	179.630177	-19.6262896	0.107355347	0.0566268572	0.836092993
13.07	0	1.03561789	-0.605382419	1.0749566	0.174505752	179.646693	-19.6434373	0.10753615	0.0566373719	1.072282
13.08	0	1.03453409	-0.605633875	1.07501651	0.17464164	179.612342	-19.6652646	0.107288777	0.0565916	1.001672
13.09	0	1.03416689	-0.605807098	1.07505991	0.174896584	179.628529	-19.6556498	0.106747859	0.0569516244	1.382662
13.1	0	1.03539867	-0.606130344	1.07512088	0.175069752	179.703611	-19.6515313	0.105856132	0.109003079	0.990869994
13.11	0	1.03672583	-0.606172369	1.07520914	0.174664969	179.6284	-19.602628	0.10535917	0.106245381	0.722397999
13.12	0	1.03724535	-0.605920567	1.07513968	0.174624254	179.605649	-19.6199561	0.105511432	0.10396539	0.797803004
13.13	0	1.0369145	-0.605535368	1.07505587	0.174635456	179.556472	-19.6273716	0.106328889	0.102005325	0.880029002
13.14	0	1.03779751	-0.605468057	1.07495441	0.174468986	179.537968	-19.6936981	0.107095517	0.1003035	0.916088
13.15	0	1.04021532	-0.605519034	1.07495003	0.174621814	179.519192	-19.6980173	0.107387892	0.0990090062	1.01681901
13.16	0	1.04234611	-0.60547665	1.07494245	0.174661888	179.508387	-19.6951987	0.107642455	0.0996684967	1.110831
13.17	0	1.04367169	-0.605242611	1.0748182	0.174691644	179.509156	-19.6915221	0.108373606	0.0692970377	1.088562
13.18	0	1.04597439	-0.605211017	1.07489966	0.174654374	179.484495	-19.7090725	0.10901808	0.098338519	1.130409
13.19	0	1.04905623	-0.604898154	1.07494226	0.174246697	179.551897	-19.6115747	0.109144811	0.0987519165	1.327825
13.2	0	1.05380423	-0.604986746	1.07487363	0.17449187	179.619902	-19.6187374	0.109346567	0.0979830313	1.264611
13.21	0	1.05838833	-0.605315442	1.07477467	0.174278669	179.641836	-19.7131098	0.109550214	0.105453903	0.860212
13.22	0	1.06325893	-0.605302503	1.07478829	0.174515152	179.661863	-19.6890466	0.109378256	0.108886717	1.150883
13.23	0	1.06588532	-0.605243896	1.07479685	0.174634341	179.658178	-19.6676734	0.109261735	0.109639604	0.882627006
13.24	0	1.06605513	-0.604943408	1.07467523	0.174716611	179.653793	-19.6641659	0.109921895	0.0754545574	0.888135
13.25	0	1.06400416	-0.604964843	1.07465225	0.174758285	179.627954	-19.6662467	0.110237208	0.0627051321	0.775141998
13.26	0	1.06000537	-0.605004738	1.07459606	0.174786601	179.634002	-19.6648292	0.11027035	0.0587544611	0.938709003
13.27	0	1.05608188	-0.604836887	1.07448899	0.174212262	179.788408	-19.6193124	0.109678651	0.0574488243	1.060596
13.28	0	1.05213839	-0.604933249	1.07454689	0.17440478	179.811348	-19.6228597	0.109101017	0.0568491282	0.973400005
13.29	0	1.0485716	-0.604794366	1.07455636	0.174469533	179.829589	-19.6249999	0.108955752	0.0567089453	1.130114
13.3	0	1.04563552	-0.604783306	1.07463255	0.174454441	179.820155	-19.6473055	0.109002596	0.0566263458	1.134747
13.31	0	1.0433293	-0.604892913	1.07465836	0.174649061	179.809738	-19.6480262	0.108898292	0.0630017053	1.332755
13.32	0	1.04195459	-0.60518559	1.07466879	0.174993538	179.816627	-19.6277395	0.108247089	0.0582044275	1.012875
13.33	0	1.04180236	-0.605831321	1.07471968	0.175042337	179.803687	-19.6654396	0.107092378	0.0574237404	0.731634005
13.34	0	1.04129305	-0.605749725	1.0747595	0.174914737	179.852905	-19.6180433	0.106095425	0.0569912874	0.767610996
13.35	0	1.03965258	-0.605526304	1.07475991	0.174892851	179.846545	-19.6102517	0.105843273	0.108291508	0.892392003
13.36	0	1.03711431	-0.60512721	1.07470319	0.174841688	179.832515	-19.6099558	0.106253482	0.105900709	0.838389999
13.37	0	1.03437419	-0.604715026	1.07458553	0.174511697	179.795158	-19.6822427	0.107312208	0.103793192	0.702725003
13.38	0	1.03226164	-0.604211732	1.07437983	0.174526629	179.796394	-19.6916219	0.108640236	0.109714941	1.158885
13.39	0	1.03106031	-0.603971942	1.07429215	0.174478501	179.767774	-19.7289469	0.10992407	0.107961561	1.087596
13.4	0	1.0308592	-0.604041721	1.07418821	0.174589379	179.762954	-19.7517858	0.110452109	0.101982045	0.998716998
13.41	0	1.03090361	-0.604258838	1.07406931	0.174825652	179.804614	-19.74616	0.110144564	0.0989632438	0.926611996
13.42	0	1.031292	-0.604549539	1.07398137	0.173994938	179.889978	-19.726715	0.10890336	0.0579434127	0.809748002
13.43	0	1.03340195	-0.604779156	1.07387622	0.174466735	179.973499	-19.7004708	0.107712802	0.0977205279	0.949953996
13.44	0	1.03758609	-0.604861791	1.07389713	0.174623653	-179.977725	-19.6852893	0.10683003	0.100525645	1.228667
13.45	0	1.04128423	-0.604908704	1.07386221	0.174246435	-179.990824	-19.7790955	0.106811216	0.100496213	0.749398001
13.46	0	1.04330513	-0.604735386	1.07371788	0.174539776	179.962564	-19.7598187	0.107447037	0.102022724	0.865618
13.47	0	1.0438013	-0.604415147	1.07350961	0.174699528	179.943969	-19.7471866	0.108596579	0.103822861	0.765534001
13.48	0	1.04523602	-0.603978587	1.07328865	0.174776757	179.980764	-19.7396642	0.110053683	0.113405367	1.06926
13.49	0	1.04678019	-0.603466401	1.07327289	0.174200932	179.990287	-19.6521835	0.110474174	0.0739854494	1.099521
13.5	0	1.04923415	-0.603768217	1.07328309	0.174275192	-179.985763	-19.7090275	0.11065841	0.0618429521	0.902205
13.51	0	1.0525563	-0.604199862	1.07341766	0.1743873	179.952418	-19.7352932	0.110321459	0.0582060058	0.890392002
13.52	0	1.05488388	-0.604225005	1.07340017	0.174516075	-179.993501	-19.7157739	0.110010846	0.0571586128	0.799791
13.53	0	1.05505932	-0.604258131	1.07325254	0.174584663	-179.911668	-19.7126898	0.109724956	0.0567827614	0.804454001
13.54	0	1.05284521	-0.604243443	1.07316889	0.174674497	-179.877822	-19.6980953	0.10947317	0.0566500925	0.873564
13.55	0	1.04873747	-0.604245043	1.07314393	0.174716842	-179.862438	-19.6916881	0.109254362	0.0566040324	0.870162003
13.56	0	1.04343752	-0.604246876	1.07313875	0.174744196	-179.851797	-19.6885411	0.109046575	0.056584917	0.815952
13.57	0	1.03972443	-0.604015733	1.07306989	0.174778201	-179.821461	-19.6833533	0.109339027	0.0693004253	1.470304
13.58	0	1.03668789	-0.604101787	1.0731318	0.174816275	-179.821821	-19.6882356	0.109206292	0.0579935986	1.098134
13.59	0	1.0341171	-0.604211785	1.07333167	0.174728579	-179.871373	-19.7051745	0.109021083	0.057274491	1.187246
13.6	0	1.03208388	-0.604296281	1.07342191	0.174864565	-179.875899	-19.6862375	0.10869395	0.108363324	1.132438
13.61	0	1.02989296	-0.604529454	1.07348774	0.175008913	-179.852668	-19.6787937	0.108169022	0.105845046	1.297159
13.62	0	1.02770524	-0.604338759	1.07357339	0.174677559	-179.887972	-19.6097132	0.107025287	0.105049584	1.112703
13.63	0	1.026182	-0.604302885	1.07371453	0.174720458	-179.936507	-19.6057913	0.106603647	0.109476008	1.129669
13.64	0	1.02571553	-0.604419902	1.07381235	0.174857123	-179.974629	-19.6067741	0.106209149	0.10293907	0.923330001
13.65	0	1.02559352	-0.604432371	1.0739594	0.174461852	179.915279	-19.6951326	0.106465845	0.106511461	0.864925998
13.66	0	1.0265498	-0.604427554	1.07399367	0.17463435	179.878081	-19.6891636	0.106539637	0.101394778	0.82316
13.67	0	1.02746623	-0.60428231	1.07400944	0.174723002	179.828905	-19.6767681	0.106756896	0.0599680228	0.81297
13.68	0	1.0281386	-0.603991626	1.07395997	0.17476763	179.796609	-19.6662004	0.107321298	0.0983173967	0.814694002
13.69	0	1.02968669	-0.603939805	1.07394258	0.174855843	179.793158	-19.6649407	0.107720137	0.0992054603	0.930155002
13.7	0	1.03225159	-0.604312884	1.07390919	0.174630699	179.787455	-19.7499478	0.107814524	0.100535807	0.839804001
13.71	0	1.0348906	-0.604076902	1.07401515	0.174444271	179.849271	-19.665481	0.10783978	0.102033068	0.783697003
13.72	0	1.03642181	-0.603754243	1.07395461	0.174593876	179.874134	-19.6490223	0.108391142	0.103826396	0.856829007
13.73	0	1.03717096	-0.603395698	1.07390038	0.174505999	179.856133	-19.6749476	0.109482618	0.105871977	0.750323001
13.74	0	1.03620024	-0.603443008	1.07360912	0.17459389	179.905401	-19.7077157	0.109941293	0.0732419326	0.967421001
13.75	0	1.03515548	-0.603524206	1.07351443	0.174685719	179.958507	-19.7101798	0.109910199	0.0611465592	1.052549
13.76	0	1.03463582	-0.603646297	1.07331038	0.174676636	-179.918113	-19.7285928	0.109663162	0.0577700268	1.043257
13.77	0	1.03465458	-0.603805751	1.07324108	0.174823304	-179.869036	-19.7118694	0.109176799	0.0568740753	1.16342
13.78	0	1.03464968	-0.604050035	1.07313384	0.175044281	-179.825986	-19.6855353	0.108387107	0.0407033284	1.160253
13.79	0	1.03546013	-0.604321777	1.07304082	0.17428804	-179.766513	-19.6387801	0.107078332	0.0565961673	0.854444006
13.8	0	1.03588024	-0.604346947	1.07308106	0.174440941	-179.737676	-19.640716	0.106468745	0.0566251656	0.817607004
13.81	0	1.03537711	-0.604168425	1.07305113	0.17453043	-179.731112	-19.6403736	0.106556774	0.0565939386	0.832104997
13.82	0	1.03410939	-0.603791699	1.07298214	0.174579251	-179.72261	-19.6398467	0.107276951	0.056582454	0.834833001
13.83	0	1.03270643	-0.603388562	1.0729543	0.174513272	-179.745997	-19.6664072	0.108523739	0.0565757787	0.761256
13.84	0	1.03167498	-0.603269643	1.07296869	0.174423177	-179.80084	-19.7226312	0.10972494	0.063654083	1.116995
13.85	0	1.03162912	-0.603327664	1.07286024	0.174586294	-179.772564	-19.7312383	0.110194171	0.108849822	0.943695995
13.86	0	1.03198996	-0.603612563	1.07274578	0.174793087	-179.661338	-19.7328726	0.109864193	0.10617845	0.953342998
13.87	0	1.03262253	-0.603480921	1.0727226	0.174494996	-179.585353	-19.6568197	0.108698954	0.103931793	0.963029997
13.88	0	1.03517825	-0.603591701	1.07269808	0.174567361	-179.489391	-19.664369	0.107929076	0.101988087	1.13742999
13.89	0	1.03714157	-0.603525588	1.07264939	0.174603209	-179.45529	-19.6681404	0.107690939	0.10030219	0.982045996
13.9	0	1.03774369	-0.603275465	1.07267205	0.174464509	-179.482078	-19.7024017	0.108207158	0.09873097	0.737189999
13.91	0	1.03753624	-0.602781726	1.07246967	0.174520518	-179.454422	-19.7026083	0.10929471	0.105224442	1.070641
13.92	0	1.03757618	-0.602813605	1.07237092	0.174684624	-179.458042	-19.7132611	0.10981002	0.0581379635	1.10643
13.93	0	1.03836182	-0.603125994	1.07225809	0.174488525	-179.436399	-19.7992309	0.109967564	0.0977772249	0.973126997
13.94	0	1.03862139	-0.603083323	1.07229828	0.174733339	-179.482402	-19.7830115	0.109991371	0.106506443	1.241506
13.95	0	1.0394735	-0.602771224	1.07236074	0.174394246	-179.531691	-19.687822	0.109381875	0.101935472	1.059549
13.96	0	1.04239881	-0.602926799	1.07237968	0.17471681	-179.52728	-19.671061	0.108747639	0.102731879	1.195921
13.97	0	1.0453449	-0.603100973	1.07237685	0.174471282	-179.554804	-19.7466015	0.108482159	0.104162487	0.727418002
13.98	0	1.04721138	-0.603046727	1.07230847	0.174704789	-179.619991	-19.7364964	0.108720674	0.106033831	0.853161
13.99	0	1.04768335	-0.602802859	1.0721696	0.174810896	-179.666892	-19.7318161	0.109473285	0.0728843559	0.788580001
14	0	1.04640844	-0.602534712	1.07229044	0.174394232	-179.668769	-19.6587327	0.109620161	0.0611984184	0.792723004
14.01	0	1.0448319	-0.602653206	1.07234455	0.17457009	-179.655666	-19.6664482	0.109455926	0.0578448659	1.13789101
14.02	0	1.04365915	-0.602739859	1.07239097	0.174646972	-179.634203	-19.6703084	0.109164649	0.0548879728	1.215237
14.03	0	1.04332849	-0.602957536	1.07253198	0.174667402	-179.669915	-19.6852583	0.108793626	0.0566546722	0.949703994
14.04	0	1.04400827	-0.602939168	1.07258602	0.174685797	-179.657841	-19.6812731	0.108581465	0.0693411144	1.166855
14.05	0	1.04347947	-0.602828554	1.07257546	0.174670436	-179.678931	-19.6833526	0.108778243	0.058055905	0.842431997
14.06	0	1.0415785	-0.602620722	1.07250449	0.174646474	-179.698089	-19.6894078	0.109348973	0.0573065568	0.865955997
14.07	0	1.04038199	-0.602670174	1.07247483	0.174719461	-179.705294	-19.6964746	0.109634888	0.0569338376	0.833838007
14.08	0	1.03844198	-0.602684651	1.07244483	0.174763856	-179.721164	-19.6986137	0.109758093	0.0568691359	0.999042997
14.09	0	1.03727306	-0.602828634	1.07236195	0.174801843	-179.65509	-19.7114094	0.109596216	0.0566622007	1.145964
14.1	0	1.03691717	-0.603073692	1.07242157	0.174967247	-179.682948	-19.6952466	0.109023865	0.108200239	1.194398
14.11	0	1.03632138	-0.60293388	1.07252748	0.1746341	-179.652789	-19.6058543	0.10842451	0.105855548	0.982960999
14.12	0	1.03653526	-0.602662687	1.07268174	0.17470841	-179.663472	-19.5920509	0.108474163	0.111210878	1.05863901
14.13	0	1.03600967	-0.602390914	1.07283881	0.174652804	-179.753809	-19.6116865	0.109077496	0.102736669	0.756572001
14.14	0	1.03500675	-0.60243788	1.07280429	0.174726027	-179.775367	-19.6355889	0.109328135	0.0928102433	1.15102
14.15	0	1.03250249	-0.602448899	1.07278162	0.174789546	-179.80236	-19.6439871	0.109393456	0.0989787077	1.020138
14.16	0	1.03047294	-0.60248922	1.07277821	0.174849453	-179.793771	-19.6451315	0.10932551	0.0974293788	1.175751
14.17	0	1.02897491	-0.602518785	1.07276124	0.174939638	-179.790713	-19.6408315	0.109242352	0.05853395	1.507947
14.18	0	1.02721264	-0.602649353	1.07269248	0.175202485	-179.7891	-19.6251923	0.10885743	0.090280971	1.118161
14.19	0	1.02566848	-0.602852614	1.072657	0.174310542	-179.771729	-19.6169948	0.107746399	0.0992799741	0.905385001
14.2	0	1.0246163	-0.603011319	1.07259322	0.174805332	-179.726465	-19.5904167	0.106766287	0.0922607596	1.302424
14.21	0	1.02384561	-0.603034624	1.0726278	0.174964334	-179.714395	-19.5800528	0.106164247	0.102696032	0.999633005
14.22	0	1.02422431	-0.603201987	1.0728772	0.174991494	-179.785907	-19.5986005	0.105732092	0.103878037	0.914290998
14.23	0	1.0245942	-0.603115579	1.07289775	0.175059614	-179.811625	-19.5897319	0.105590857	0.105938663	0.823263996
14.24	0	1.02465365	-0.602853731	1.07282013	0.175058336	-179.838087	-19.5916697	0.106067874	0.0728197206	0.807191005
14.25	0	1.02515554	-0.602774433	1.07273552	0.174733516	-179.878931	-19.6757541	0.106860659	0.0589419772	0.858601001
14.26	0	1.02604017	-0.602508319	1.07262309	0.174819475	-179.942299	-19.6799161	0.10802895	0.0703492017	1.23062301
14.27	0	1.0278575	-0.602420958	1.07260646	0.174846741	-179.970832	-19.6865848	0.108814517	0.0618398983	1.262735
14.28	0	1.02994138	-0.602430755	1.07259054	0.1748899	179.990091	-19.68956	0.109285085	0.0443692435	1.372637
14.29	0	1.03265597	-0.60214423	1.07267767	0.174404455	179.962558	-19.6121314	0.108968935	0.0608211767	1.14384
14.3	0	1.03749673	-0.602355414	1.07277113	0.174675958	179.970072	-19.6045961	0.108567706	0.058713259	1.055672
14.31	0	1.04478335	-0.602719375	1.07285558	0.174896009	-179.970031	-19.6047744	0.107823825	0.0577362599	0.791512997
14.32	0	1.05216334	-0.60276293	1.07298182	0.174818064	179.977296	-19.6220738	0.107603218	0.0571296688	0.744679994
14.33	0	1.05795799	-0.602516951	1.07292683	0.174855245	179.94157	-19.6242039	0.10810092	0.0568209026	1.03552
14.34	0	1.06156029	-0.602078901	1.07292178	0.174681112	179.868684	-19.6482965	0.109245813	0.0525924732	1.014675
14.35	0	1.06372583	-0.601466976	1.07270538	0.1746149	179.89512	-19.6597423	0.110803968	0.115351918	1.01377699
14.36	0	1.06396678	-0.601630978	1.07242462	0.17464184	179.928737	-19.7016258	0.111457785	0.106855325	0.717094998
14.37	0	1.06196624	-0.601778327	1.07239693	0.174716079	179.921883	-19.6975773	0.111526085	0.104270069	0.756663001
14.38	0	1.05819218	-0.601857317	1.07260422	0.174317917	179.903157	-19.6437749	0.111163316	0.109601811	0.984322003
14.39	0	1.05433857	-0.602024364	1.07275163	0.174577022	179.95213	-19.6195095	0.110474559	0.102409262	1.174267
14.4	0	1.04920616	-0.6021191	1.07279607	0.174683537	-179.991871	-19.604694	0.109861943	0.106510308	1.191639
14.41	0	1.04412288	-0.60220252	1.07281785	0.174765698	-179.954001	-19.59851	0.109208114	0.100628498	0.931505005
14.42	0	1.03992189	-0.602076516	1.07275485	0.174827916	-179.941472	-19.5996797	0.109162639	0.059332032	0.907868001
14.43	0	1.03673773	-0.60201612	1.07286006	0.174732895	-179.965612	-19.6257425	0.109377312	0.098126706	0.862790002
14.44	0	1.03423144	-0.60221442	1.07275816	0.174871268	-179.91444	-19.6440881	0.109299731	0.0950141041	0.93953
14.45	0	1.03220338	-0.60259668	1.07286782	0.175092438	179.977627	-19.6402133	0.108710791	0.10132587	0.963391001
14.46	0	1.030738	-0.602481104	1.07304279	0.174739829	-179.9275	-19.5967119	0.107161232	0.102354281	1.04438701
14.47	0	1.02924433	-0.602641093	1.07333142	0.174724355	179.96715	-19.6164292	0.106343427	0.104044935	0.946284003
14.48	0	1.02716562	-0.602521692	1.07338915	0.174779083	179.891734	-19.6098917	0.106013297	0.106102964	0.804576004
14.49	0	1.02469068	-0.602196095	1.07326828	0.174647367	179.853996	-19.6351933	0.106296192	0.0729333716	0.774743996
14.5	0	1.02333624	-0.602147687	1.07339553	0.174610941	179.775573	-19.6622823	0.106590584	0.0615148166	0.929258997
14.51	0	1.02263363	-0.602243209	1.07347454	0.174722439	179.733821	-19.6776144	0.1065343	0.0439470953	1.092491
14.52	0	1.02289077	-0.602585723	1.07364324	0.174730869	179.641962	-19.7097468	0.106044626	0.0569128482	1.031963
14.53	0	1.02369394	-0.602454176	1.07367745	0.17446145	179.692651	-19.6581999	0.105765835	0.0696153667	1.16944899
14.54	0	1.02389649	-0.602135736	1.07362076	0.174509746	179.699407	-19.6553611	0.106135063	0.066312096	0.984562997
14.55	0	1.02508197	-0.602107039	1.07355017	0.174562998	179.725222	-19.6718683	0.106457907	0.0573724833	1.045247
14.56	0	1.02750132	-0.602308886	1.07361222	0.174611799	179.702268	-19.6924429	0.106490947	0.0570656095	1.154722
14.57	0	1.03153624	-0.602613911	1.07366431	0.174798975	179.793785	-19.6890567	0.10606378	0.0569801585	1.024932
14.58	0	1.03543082	-0.602624483	1.07376799	0.174702987	179.764272	-19.6976133	0.106016059	0.0572516952	0.730324005
14.59	0	1.03828664	-0.602397267	1.0736841	0.174702667	179.776135	-19.6859474	0.106437703	0.0568863552	0.836372004
14.6	0	1.03983206	-0.601948482	1.07354534	0.174657298	179.797926	-19.676579	0.107466538	0.108269957	0.802126997
14.61	0	1.04055112	-0.601476384	1.07333208	0.174359049	179.832568	-19.7359152	0.109045843	0.105898515	0.748860002
14.62	0	1.04107737	-0.60092816	1.07306313	0.174367211	179.882046	-19.7356466	0.110877835	0.111210218	1.106662
14.63	0	1.0407128	-0.600958789	1.07284682	0.174560103	179.873039	-19.7386789	0.111826921	0.109512917	1.02887399
14.64	0	1.0406746	-0.600883531	1.07287198	0.174171973	179.887353	-19.6704161	0.11177513	0.103250951	0.847737996
14.65	0	1.04134911	-0.601137497	1.07288782	0.174390657	179.963237	-19.6729131	0.111386536	0.100229653	0.902240005
14.66	0	1.04298858	-0.601683759	1.07289503	0.174322671	-179.969435	-19.7308836	0.110679195	0.0980839887	0.846360002
14.67	0	1.0458375	-0.601856939	1.07292091	0.174719372	-179.896438	-19.7216826	0.109673182	0.05720665	0.914552998
14.68	0	1.05012076	-0.601714845	1.07307153	0.17455749	-179.82157	-19.6448446	0.108228409	0.0975181641	1.041566
14.69	0	1.0538085	-0.601741857	1.07330928	0.174466976	-179.872608	-19.6624026	0.107702904	0.0987971987	0.79495
14.7	0	1.05559134	-0.60154824	1.07324209	0.174609779	-179.857153	-19.6572933	0.107810216	0.100270615	0.861340995
14.71	0	1.0552408	-0.601182545	1.07294905	0.174516242	-179.810056	-19.6857654	0.108512029	0.101924795	0.755244
14.72	0	1.05345349	-0.600746576	1.07287705	0.174447412	-179.837104	-19.7045226	0.109703188	0.103773942	0.798881003
14.73	0	1.05251045	-0.600859115	1.0729034	0.174492877	-179.870512	-19.7335368	0.110220284	0.105957735	1.027367
14.74	0	1.05263146	-0.60093179	1.07270665	0.174596667	-179.779942	-19.7386837	0.110221743	0.0727686503	1.103016
14.75	0	1.05396896	-0.600777763	1.0724966	0.173957607	-179.513965	-19.6893658	0.109356383	0.0611207628	0.969018001
14.76	0	1.05426991	-0.600764122	1.07251264	0.174212273	-179.48806	-19.6757736	0.109018142	0.0702537949	1.220786
14.77	0	1.05261286	-0.600749247	1.07256426	0.174328587	-179.507841	-19.6758509	0.108880325	0.0582794345	0.842961999
14.78	0	1.05122614	-0.600477555	1.07252431	0.17447418	-179.55646	-19.6820752	0.109479704	0.0695390036	1.095587
14.79	0	1.04830169	-0.600509307	1.07258297	0.174532381	-179.617482	-19.692701	0.109782555	0.0611158188	0.948802
14.8	0	1.04494504	-0.600631435	1.07282183	0.174463201	-179.729293	-19.7184736	0.109975072	0.0571295203	1.238717
14.81	0	1.0426874	-0.600670458	1.07295636	0.174567479	-179.766597	-19.7086817	0.109945956	0.062759356	1.26226
14.82	0	1.04176702	-0.600852173	1.07305265	0.174794447	-179.78654	-19.6873767	0.109502946	0.0595975745	1.153456
14.83	0	1.04207174	-0.600757224	1.07320698	0.174321905	-179.688075	-19.6258897	0.108220295	0.0580737318	0.960915
14.84	0	1.04251006	-0.601010936	1.07347057	0.174468268	-179.816015	-19.6426484	0.107476953	0.0693745642	0.902566004
14.85	0	1.04263459	-0.600945211	1.07364978	0.174547647	-179.912464	-19.6362354	0.107128037	0.110262817	0.894458994
14.86	0	1.04203933	-0.600651255	1.07374485	0.174587807	179.984413	-19.6333556	0.107405046	0.10688909	0.854420003
14.87	0	1.04073588	-0.600154486	1.07389389	0.174412176	179.833008	-19.660629	0.108381319	0.103816116	0.929673995
14.88	0	1.04089517	-0.599995054	1.073867	0.174467143	179.774028	-19.6778696	0.109051862	0.102359487	0.967288004
14.89	0	1.04221578	-0.599823483	1.07371198	0.174406427	179.779301	-19.7117638	0.109525644	0.100672625	1.028936
14.9	0	1.04458264	-0.599898932	1.07370258	0.174533511	179.753168	-19.7171366	0.10961273	0.0988229457	1.164139
14.91	0	1.0481312	-0.600115889	1.07363923	0.174787157	179.760566	-19.7011977	0.109156115	0.0974264058	0.997381001
14.92	0	1.05113722	-0.600348656	1.07354813	0.174006456	179.827169	-19.673689	0.108721882	0.0566501067	0.671693
14.93	0	1.0518164	-0.600144193	1.07350253	0.174239117	179.832385	-19.6682559	0.108869716	0.0973452399	0.855867002
14.94	0	1.05065689	-0.599798839	1.07338086	0.174381943	179.852168	-19.6608292	0.109502853	0.0987189911	0.851436998
14.95	0	1.04770607	-0.599831965	1.07335237	0.174546005	179.822485	-19.668036	0.109821884	0.100232801	0.823631999
14.96	0	1.04485143	-0.600157801	1.07331676	0.174332877	179.833637	-19.7571912	0.10976796	0.102011236	1.018103
14.97	0	1.04279936	-0.600142276	1.07334794	0.174530807	179.859094	-19.7371004	0.109518205	0.103764944	1.071646
14.98	0	1.04188773	-0.600256102	1.0733297	0.174806234	179.893813	-19.7013839	0.10898699	0.105884191	1.03427099
14.99	0	1.04058417	-0.600062293	1.07337732	0.174480985	179.925091	-19.6180699	0.108702028	0.0830898974	1.12603899
15	0	1.03850715	-0.599745869	1.07340036	0.174540139	179.905663	-19.6143401	0.109200651	0.0731311765	1.170115
15.01	0	1.03761154	-0.599916755	1.07342307	0.174461565	179.875735	-19.6718863	0.10953983	0.0627148972	1.03299
15.02	0	1.03803442	-0.60008358	1.07342441	0.174709178	179.888462	-19.6819248	0.109340005	0.059369317	1.096058
15.03	0	1.03998619	-0.600394173	1.07342003	0.175007578	179.927079	-19.6607912	0.108554289	0.0579123337	1.06667401
15.04	0	1.04366578	-0.600736287	1.07343158	0.174333996	179.959896	-19.6236489	0.107154447	0.0572081412	0.792316998
15.05	0	1.04698252	-0.600746459	1.07346992	0.174460632	179.985853	-19.6228709	0.106479798	0.0569163201	0.912420001
15.06	0	1.04871278	-0.600534118	1.07338469	0.174570925	179.9559	-19.6282882	0.106818719	0.0693424295	1.276257
15.07	0	1.04919439	-0.600323972	1.07341321	0.17449735	179.89854	-19.6567951	0.107630632	0.0446449931	0.964298997
15.08	0	1.04898279	-0.599958594	1.07326891	0.17453083	179.90401	-19.6626703	0.10868775	0.0577206256	0.888905
15.09	0	1.04828898	-0.59954089	1.0731545	0.174422537	179.889172	-19.6933133	0.110081679	0.0571400742	0.768474994
15.1	0	1.04882675	-0.599658648	1.07291891	0.1745058	179.953476	-19.726208	0.110654286	0.108325201	1.03047
15.11	0	1.04981806	-0.599783976	1.0728177	0.174601094	-179.993071	-19.7272772	0.110546783	0.10592075	1.235967
15.12	0	1.05157137	-0.599655611	1.07271293	0.173992563	-179.783342	-19.6691814	0.110012802	0.103799745	0.981146004
15.13	0	1.05141908	-0.59970695	1.07269029	0.174227589	-179.765841	-19.6672027	0.109799895	0.101971455	1.101741
15.14	0	1.05140849	-0.599782127	1.07272521	0.17437026	-179.769948	-19.6688667	0.109601609	0.100243608	0.884967005
15.15	0	1.04991954	-0.599810827	1.0727552	0.174459365	-179.789793	-19.6714287	0.109495946	0.0987161754	0.866552997
15.16	0	1.04644903	-0.599830269	1.07277565	0.174531203	-179.808311	-19.6736486	0.109392507	0.0973280108	0.859304004
15.17	0	1.04134409	-0.599837372	1.0727861	0.17460336	-179.819021	-19.6735442	0.109295735	0.0569078435	1.001543
15.18	0	1.0368225	-0.599889858	1.07282066	0.1747005	-179.802707	-19.6701288	0.109028515	0.0973296095	1.240086
15.19	0	1.03341788	-0.599798337	1.07301163	0.17454045	-179.835028	-19.7013735	0.109137633	0.0987537987	1.068094
15.2	0	1.03105185	-0.599699621	1.07292981	0.174647837	-179.790148	-19.6911348	0.109200899	0.100242926	1.119368
15.21	0	1.02911609	-0.59990539	1.07273622	0.174822139	-179.69151	-19.6997736	0.108914729	0.101929073	1.016876
15.22	0	1.02685732	-0.599799034	1.07283959	0.174478512	-179.734753	-19.6186911	0.10783942	0.103793273	1.00690599
15.23	0	1.02445276	-0.599869806	1.07284261	0.174699156	-179.703579	-19.6132193	0.107184144	0.105842503	0.940705002
15.24	0	1.02171853	-0.599976649	1.07279613	0.174445832	-179.706038	-19.6931032	0.107039311	0.0727998208	0.905329005
15.25	0	1.01985741	-0.599962534	1.07280987	0.174660138	-179.710783	-19.6844901	0.106783981	0.0611887648	1.164304
15.26	0	1.01844283	-0.600077979	1.07279873	0.174943887	-179.713812	-19.6637258	0.106189374	0.0477584722	1.221601
15.27	0	1.01779255	-0.600300309	1.07280382	0.175219644	-179.706792	-19.6373697	0.105215459	0.0569977773	1.083953
15.28	0	1.01683398	-0.600186648	1.07284985	0.174983679	-179.750619	-19.5729643	0.104177717	0.0693443366	1.023065
15.29	0	1.01628986	-0.60008011	1.07308227	0.174874573	-179.852737	-19.5956384	0.103980082	0.0578848662	0.768990998
15.3	0	1.01602843	-0.5997456	1.07304702	0.174812936	-179.902767	-19.6099693	0.104383226	0.0572131724	0.791669998
15.31	0	1.01568262	-0.599586414	1.07306595	0.174826964	-179.995816	-19.6270797	0.104997795	0.057053883	1.146838
15.32	0	1.01615774	-0.599514411	1.07299052	0.174772765	179.957867	-19.6619313	0.105606131	0.0598589224	1.129084
15.33	0	1.01816586	-0.599422362	1.07303848	0.174792995	179.927619	-19.6690692	0.106101094	0.0462947115	1.084308
15.34	0	1.02157766	-0.599490119	1.0730915	0.174838675	179.913272	-19.6767129	0.106347366	0.0568649074	1.165226
15.35	0	1.02664581	-0.599808997	1.07328004	0.174832552	179.844317	-19.6922997	0.10624561	0.108733416	1.136936
15.36	0	1.03389793	-0.59974403	1.07332498	0.174755045	179.847462	-19.6896873	0.106365058	0.113150969	1.030901
15.37	0	1.04067361	-0.599530395	1.07331478	0.174665931	179.809903	-19.6881404	0.107058602	0.105973664	0.827931006
15.38	0	1.04587312	-0.599150126	1.07322884	0.174570984	179.776706	-19.6904555	0.108311425	0.103029238	0.870543001
15.39	0	1.04958543	-0.598733225	1.07306711	0.174199949	179.754729	-19.7640037	0.110112792	0.100827075	0.729902
15.4	0	1.05089847	-0.598716092	1.07300092	0.174374249	179.6967	-19.7772628	0.111015692	0.0990193497	0.893045995
15.41	0	1.04995645	-0.598463673	1.07306009	0.174076554	179.737438	-19.7121164	0.111138205	0.0974815835	0.792371
15.42	0	1.04862014	-0.598592624	1.07306338	0.174348422	179.784921	-19.6910728	0.110810947	0.0569389769	1.25269499
15.43	0	1.04720662	-0.598764489	1.07299116	0.174476488	179.898055	-19.6886085	0.110191343	0.106100522	1.343854
15.44	0	1.04394463	-0.598792637	1.07305439	0.174596148	179.889566	-19.6627279	0.109775082	0.106548291	1.06876
15.45	0	1.04049957	-0.598940018	1.07333807	0.174545629	179.812871	-19.6729764	0.109430413	0.103635933	0.948355002
15.46	0	1.03689408	-0.598784179	1.07331908	0.174592614	179.806444	-19.7030961	0.109977682	0.109473912	1.13910301
15.47	0	1.03418341	-0.598583679	1.07350182	0.174206954	179.755536	-19.6164552	0.110120315	0.108110516	1.210379
15.48	0	1.03232882	-0.598804586	1.07379215	0.174232361	179.652362	-19.6542289	0.110175815	0.108588228	1.098606
15.49	0	1.03100408	-0.599025217	1.07394751	0.174489953	179.657727	-19.6639879	0.109767712	0.0743650132	1.045155
15.5	0	1.02926949	-0.599283768	1.07404221	0.174829153	179.633958	-19.6543823	0.108915535	0.0474124385	1.057118
15.51	0	1.02820299	-0.599583883	1.07416795	0.174174641	179.629266	-19.6369256	0.107429633	0.0582477134	0.909229006
15.52	0	1.02696934	-0.599578991	1.07419644	0.174303727	179.638927	-19.6345915	0.106576313	0.0574384318	0.825954005
15.53	0	1.02518511	-0.599385178	1.07416731	0.174344572	179.63106	-19.6354966	0.106358323	0.0569411964	0.824395
15.54	0	1.02302047	-0.598977256	1.07409317	0.174346471	179.625504	-19.6390644	0.106775713	0.05674671	0.842050998
15.55	0	1.02108191	-0.598510654	1.07404683	0.174221795	179.579255	-19.6733102	0.107782855	0.0568570488	0.927747002
15.56	0	1.0203314	-0.598417162	1.07388422	0.174322354	179.604094	-19.7006234	0.108396022	0.0566104984	1.194581
15.57	0	1.01930192	-0.598474025	1.07384197	0.174372073	179.55296	-19.7338005	0.10873873	0.0694071559	0.994529997
15.58	0	1.01869872	-0.598653472	1.07374244	0.174558908	179.623083	-19.7449732	0.108451219	0.0580150284	0.933413998
15.59	0	1.01825514	-0.598440752	1.07377165	0.174233231	179.664668	-19.682634	0.107413016	0.0572901943	0.946100998
15.6	0	1.01844909	-0.598552596	1.07380276	0.17445168	179.675896	-19.6765589	0.106742987	0.115469653	1.18870301
15.61	0	1.0203855	-0.598512078	1.07373298	0.174430327	179.736121	-19.68948	0.106358209	0.108594369	1.035475
15.62	0	1.02257232	-0.598467547	1.07372303	0.174452115	179.721462	-19.6960892	0.106412353	0.11154326	1.176741
15.63	0	1.02636646	-0.598495939	1.07374398	0.17449925	179.718759	-19.7034134	0.106484797	0.105827679	1.181751
15.64	0	1.03048516	-0.598391462	1.07370099	0.174503224	179.729066	-19.7055526	0.106859576	0.105143502	0.964824001
15.65	0	1.03606914	-0.598141092	1.07357183	0.174542203	179.747344	-19.7100266	0.107846876	0.104388379	1.077569
15.66	0	1.04114889	-0.597842617	1.07352556	0.174380637	179.735451	-19.7376524	0.109311098	0.102080985	0.734412999
15.67	0	1.04570595	-0.597672299	1.07338058	0.174413101	179.746631	-19.744023	0.110757371	0.0706272021	1.090611
15.68	0	1.05134274	-0.598094111	1.07325765	0.174277868	179.774251	-19.8204267	0.111417068	0.100120936	1.06685
15.69	0	1.05874528	-0.597852766	1.07336053	0.174093628	179.865044	-19.7381038	0.111288768	0.101630741	1.218849
15.7	0	1.06741871	-0.59797849	1.07343847	0.174414514	179.921976	-19.6967407	0.110858348	0.108469316	1.074262
15.71	0	1.0737862	-0.598059018	1.07336608	0.174551787	-179.997937	-19.6787559	0.110442348	0.105140772	0.867618997
15.72	0	1.07660925	-0.598117781	1.07345509	0.174582289	179.954821	-19.6703305	0.110218526	0.099584443	0.957226002
15.73	0	1.07606045	-0.598097253	1.07344026	0.17471755	179.974599	-19.6432914	0.11001189	0.0997743373	1.104598
15.74	0	1.07295844	-0.598121435	1.07327947	0.174754834	-179.950978	-19.6425735	0.109775909	0.0702493273	0.953713999
15.75	0	1.06799541	-0.59810751	1.07326174	0.174810443	-179.937134	-19.6276874	0.109530147	0.0615308775	0.884110996
15.76	0	1.06166166	-0.598106486	1.07328528	0.174808559	-179.938607	-19.6235142	0.109282144	0.0579837287	0.830650002
15.77	0	1.05614142	-0.597817674	1.07322599	0.174797977	-179.940077	-19.6219012	0.109359633	0.0569522222	1.132836
15.78	0	1.05165292	-0.597434673	1.07321824	0.174649465	-179.965586	-19.6410039	0.10975886	0.0566923866	0.847814998
15.79	0	1.04847105	-0.597496013	1.07307147	0.174653063	-179.92492	-19.6646284	0.109863227	0.0566134825	0.917556004
15.8	0	1.04637302	-0.59773743	1.07292097	0.174907158	-179.889408	-19.6523203	0.109413037	0.0565990093	0.904505003
15.81	0	1.0453161	-0.597993932	1.07280985	0.174162249	-179.812485	-19.6170392	0.10805315	0.0565744726	1.00448
15.82	0	1.04534422	-0.598026877	1.07287267	0.174352444	-179.797027	-19.6201776	0.107228334	0.069818742	1.12451601
15.83	0	1.0441116	-0.597941931	1.07289519	0.174438892	-179.83689	-19.6251071	0.10696149	0.0581316796	0.878252999
15.84	0	1.04115165	-0.597665829	1.07287066	0.174474942	-179.891233	-19.6328137	0.107243272	0.0573406667	0.915735
15.85	0	1.03715488	-0.5972654	1.0728031	0.174462655	-179.936981	-19.6458567	0.107974912	0.108381883	0.831172998
15.86	0	1.03452635	-0.596902224	1.07270132	0.174186936	-179.973136	-19.7231921	0.108960248	0.105929812	1.108932
15.87	0	1.03345557	-0.596861878	1.07264974	0.174315504	179.999838	-19.7393339	0.109505776	0.11124152	1.460944
15.88	0	1.03343208	-0.597028253	1.0725778	0.1745864	179.990627	-19.7371348	0.1093503	0.103037696	1.135487
15.89	0	1.03455398	-0.597326201	1.0725114	0.17492221	-179.984027	-19.7133483	0.108497344	0.100854649	0.960436999
15.9	0	1.03560435	-0.597642464	1.07243255	0.174292996	-179.947413	-19.6789843	0.107685051	0.0989828634	0.678402001
15.91	0	1.03511365	-0.59748476	1.07238722	0.17440786	-179.935465	-19.6803536	0.1074715	0.09746134	0.871661003
15.92	0	1.03347466	-0.597155625	1.07225559	0.174491682	-179.923257	-19.6796372	0.107908483	0.0566840903	0.820347996
15.93	0	1.03125778	-0.596771651	1.07220351	0.174405619	-179.942429	-19.7114356	0.108932477	0.0973583308	0.726585997
15.94	0	1.03051741	-0.596661156	1.07187366	0.1744411	-179.861766	-19.7500344	0.109715823	0.10787844	1.272985
15.95	0	1.03091106	-0.596762804	1.07187785	0.174653208	-179.888284	-19.7434138	0.109984071	0.101231054	1.189912
15.96	0	1.03221767	-0.597383073	1.07189885	0.174569962	-179.882797	-19.8131747	0.109576752	0.102382917	0.982600999
15.97	0	1.03402347	-0.597166561	1.07199929	0.174471627	-179.903217	-19.7557787	0.108580289	0.103545221	1.403485
15.98	0	1.03628523	-0.597123589	1.07204069	0.174550583	-179.882913	-19.7276141	0.108158643	0.10727558	0.819576999
15.99	0	1.03756696	-0.596956225	1.07200992	0.17455284	-179.870593	-19.7156952	0.10829765	0.0737788554	0.825339994
16	0	1.0377083	-0.596626896	1.0719159	0.174509795	-179.850788	-19.7130106	0.109007118	0.0617334424	0.859744003
16.01	0	1.03880074	-0.596633584	1.07180414	0.174321129	-179.811235	-19.7742344	0.109659956	0.0580890438	0.784243006
16.02	0	1.03880896	-0.596657362	1.0718002	0.174392352	-179.828298	-19.7759265	0.109953	0.0570036357	1.03673001
16.03	0	1.0393054	-0.596706131	1.071823	0.17444975	-179.817664	-19.770734	0.109950404	0.0567604531	1.013215
16.04	0	1.0407704	-0.596829472	1.07182033	0.174584088	-179.790011	-19.7534982	0.109638964	0.0566564457	1.016397
16.05	0	1.04325804	-0.596672675	1.07194653	0.174191066	-179.731903	-19.6825123	0.109138655	0.0693020597	1.058656
16.06	0	1.04384002	-0.596680898	1.07199247	0.17429209	-179.75278	-19.6922296	0.108988103	0.0580982755	0.916976998
16.07	0	1.0423878	-0.596426164	1.07194651	0.174349777	-179.770731	-19.6988473	0.109469732	0.0573239397	0.859767999
16.08	0	1.03884601	-0.596456026	1.07195393	0.174399122	-179.823377	-19.7176052	0.109732042	0.0569398047	0.792067003
16.09	0	1.03565881	-0.596525795	1.07198101	0.174478769	-179.817793	-19.7207892	0.109670253	0.0567517582	0.819542998
16.1	0	1.03146952	-0.596557535	1.07197362	0.174496708	-179.819653	-19.7232232	0.109530419	0.108283553	1.016577
16.11	0	1.02817651	-0.596603812	1.07198565	0.174502984	-179.806046	-19.7255247	0.109356936	0.109292048	1.47668
16.12	0	1.02592342	-0.596744097	1.07196513	0.174640025	-179.795535	-19.7158249	0.108940357	0.104282767	1.174354
16.13	0	1.02436436	-0.597140706	1.07206144	0.174786814	-179.858411	-19.7123835	0.108087883	0.102163954	0.996966999
16.14	0	1.02351013	-0.597095768	1.07221954	0.174445008	-179.761812	-19.6523912	0.106463901	0.1003574	0.916781995
16.15	0	1.02264005	-0.597143829	1.07230647	0.174545503	-179.770815	-19.6451295	0.105608693	0.0987745058	0.853796999
16.16	0	1.02115171	-0.597085103	1.07249857	0.17443443	-179.859757	-19.6759244	0.105507958	0.0973575716	0.762493
16.17	0	1.01926108	-0.596809371	1.07243693	0.174487764	-179.900972	-19.6774134	0.105918992	0.056596023	0.893516997
16.18	0	1.01757792	-0.596448244	1.07219776	0.174404062	-179.882917	-19.7109823	0.106803014	0.097332779	0.812290004
16.19	0	1.01720964	-0.596369823	1.07229482	0.174405313	-179.922933	-19.7394927	0.107604232	0.104010433	1.282269
16.2	0	1.01749195	-0.596616518	1.07254685	0.174395597	179.95506	-19.7809268	0.107926195	0.100783854	1.134841
16.21	0	1.01758303	-0.596797722	1.07260065	0.174768952	-179.991903	-19.7706232	0.107555401	0.0937347826	1.051727
16.22	0	1.01834256	-0.596752396	1.07256149	0.174443503	-179.80419	-19.7111399	0.106373286	0.104029062	0.957224998
16.23	0	1.01945568	-0.596747409	1.0726793	0.174453722	-179.806322	-19.712744	0.105960218	0.106231406	0.959219004
16.24	0	1.02177616	-0.596782163	1.07271106	0.174605484	-179.780607	-19.6981818	0.105626058	0.0729695167	0.796419001
16.25	0	1.02383702	-0.596650212	1.07264774	0.174627784	-179.767852	-19.6954357	0.105700697	0.0612312369	0.865242
16.26	0	1.02515963	-0.596324665	1.07250778	0.174615323	-179.762785	-19.6990349	0.106395281	0.0578098009	0.833279999
16.27	0	1.02594248	-0.595909406	1.07231762	0.174249108	-179.753482	-19.7775859	0.107741381	0.0568961212	0.711598004
16.28	0	1.02644472	-0.59542293	1.0720747	0.174298986	-179.720514	-19.7783398	0.109247338	0.0575044978	0.920291997
16.29	0	1.02719303	-0.595382669	1.07188947	0.17448729	-179.694589	-19.7770798	0.109950351	0.0565980246	1.27609
16.3	0	1.0273684	-0.595385509	1.07182074	0.174539747	-179.713265	-19.7796054	0.110355274	0.0693041513	1.05701
16.31	0	1.02799954	-0.595098537	1.07190905	0.174022706	-179.695828	-19.6950412	0.11005562	0.0579689171	0.903447995
16.32	0	1.02975113	-0.595280954	1.07195519	0.174315394	-179.670984	-19.6929491	0.109663557	0.0572628248	0.933309006
16.33	0	1.03222347	-0.595545206	1.07199771	0.174512172	-179.615948	-19.6992189	0.109120496	0.0568422684	1.08644801
16.34	0	1.03635321	-0.595819809	1.0721523	0.174631092	-179.67964	-19.7024589	0.108459681	0.0593941659	1.129967
16.35	0	1.0428263	-0.596009795	1.07226647	0.1748607	-179.665828	-19.6741466	0.107604868	0.108917645	0.902448999
16.36	0	1.04907813	-0.595993475	1.07243067	0.17473032	-179.727211	-19.688641	0.107337484	0.106222842	0.755005996
16.37	0	1.05363136	-0.595684781	1.07240523	0.174789647	-179.74261	-19.6837397	0.10776767	0.103949653	1.119623
16.38	0	1.05599209	-0.595147801	1.07232123	0.174755706	-179.752893	-19.6738511	0.108772191	0.0977296091	1.000579
16.39	0	1.05674646	-0.594603417	1.07214082	0.174468785	-179.760327	-19.7328054	0.11028554	0.100285871	0.721301003
16.4	0	1.0558237	-0.594611434	1.0721058	0.174652819	-179.781833	-19.7479864	0.110964045	0.0987379901	0.849358003
16.41	0	1.05462162	-0.594441615	1.07226911	0.174352192	-179.711629	-19.6879376	0.110705454	0.0973398001	0.897482998
16.42	0	1.05344258	-0.594582415	1.07234288	0.17460175	-179.68201	-19.667651	0.110244678	0.0658641609	1.430503
16.43	0	1.05024772	-0.594659323	1.07234215	0.174745908	-179.671809	-19.6497316	0.109827471	0.10523373	1.283288
16.44	0	1.04705315	-0.594979266	1.07235539	0.174490177	-179.681615	-19.7298191	0.109509808	0.101401195	0.935518001
16.45	0	1.04245693	-0.594941301	1.0724239	0.174664991	-179.700583	-19.6998074	0.10927831	0.100241125	0.964963001
16.46	0	1.03874543	-0.594933322	1.07248648	0.174779281	-179.708012	-19.6784818	0.109107723	0.10420035	1.373265
16.47	0	1.03662925	-0.595022307	1.07252095	0.174955199	-179.717955	-19.6581623	0.108792972	0.106206928	1.088236
16.48	0	1.0357619	-0.595181976	1.07257586	0.174039522	-179.765086	-19.6547434	0.107956346	0.103880531	1.17632
16.49	0	1.03504987	-0.595075858	1.07268843	0.17426249	-179.822879	-19.6444065	0.10776127	0.0797222244	0.967706001
16.5	0	1.03558003	-0.59490007	1.07279643	0.174355207	-179.883225	-19.6428737	0.107889393	0.0682020442	1.11462
16.51	0	1.03544467	-0.594687221	1.07284651	0.174361885	-179.969889	-19.6556111	0.10840676	0.0615170368	0.780079004
16.52	0	1.03623338	-0.594733885	1.07288423	0.1744232	179.985785	-19.6781503	0.108725032	0.0587737547	0.771947001
16.53	0	1.03651788	-0.594766881	1.07285748	0.174491696	179.947107	-19.6924873	0.108925231	0.0414317939	1.026397
16.54	0	1.03782611	-0.594655854	1.07284147	0.174471774	179.952731	-19.7026529	0.109128005	0.0571519414	1.071924
16.55	0	1.03823622	-0.594473307	1.07288657	0.174312886	179.909306	-19.7356665	0.10970095	0.0573851531	0.743130004
16.56	0	1.03860802	-0.594525891	1.07282561	0.174391718	179.934881	-19.7444709	0.109796696	0.0570170176	1.122831
16.57	0	1.03687348	-0.59452318	1.07274922	0.174430262	179.950341	-19.7456234	0.109779622	0.0567777336	0.835881998
16.58	0	1.03502436	-0.594580614	1.07257033	0.174438292	-179.96231	-19.758459	0.109624238	0.0566711346	0.761841002
16.59	0	1.03384048	-0.594647249	1.07254132	0.174560933	-179.936728	-19.7421461	0.109347042	0.0566159048	0.792530001
16.6	0	1.03181511	-0.594606934	1.07254523	0.174546551	-179.945061	-19.737337	0.109255622	0.108191142	0.788015001
16.61	0	1.02915412	-0.594361376	1.07250216	0.174496198	-179.949963	-19.7315647	0.109602757	0.113148612	1.12022
16.62	0	1.02749783	-0.59439195	1.0725211	0.174512105	-179.965233	-19.7376205	0.10977279	0.104595719	0.997114003
16.63	0	1.02690594	-0.594530897	1.07252758	0.174651554	-179.969575	-19.7280308	0.109554254	0.103720682	1.439005
16.64	0	1.02604428	-0.594505899	1.07271557	0.174174238	179.946272	-19.6465729	0.108668462	0.0933149916	1.040296
16.65	0	1.02522854	-0.594488797	1.07282272	0.174328039	179.926456	-19.6407656	0.108281126	0.0993055023	1.007379
16.66	0	1.02412869	-0.594379757	1.0727495	0.174318742	179.934216	-19.6599323	0.108327818	0.0976930469	0.985938001
16.67	0	1.0238997	-0.594432525	1.07280332	0.174453962	179.9255	-19.6615338	0.108321364	0.0568646806	1.16159
16.68	0	1.02411226	-0.594548967	1.07281429	0.174704211	179.925277	-19.6470789	0.108082855	0.0891436854	1.215613
16.69	0	1.02540349	-0.594893605	1.07299811	0.174822222	179.855812	-19.6538521	0.107537577	0.0987445121	0.956002004
16.7	0	1.0282802	-0.595130953	1.07312006	0.175147845	179.949231	-19.6398349	0.106615197	0.100285799	0.77436
16.71	0	1.03134275	-0.59538796	1.07321569	0.174362678	-179.964957	-19.6456742	0.106059171	0.10192372	0.658587
16.72	0	1.03272305	-0.595140745	1.07310782	0.17462879	-179.934682	-19.6208064	0.106187521	0.103768783	0.879267995
16.73	0	1.03273784	-0.594731175	1.07291728	0.174767609	-179.903421	-19.607446	0.10700834	0.105844352	0.874091005
16.74	0	1.03193544	-0.594236043	1.07278116	0.174689229	-179.89432	-19.628467	0.108376953	0.0727494362	0.803953
16.75	0	1.03250225	-0.593824086	1.07270709	0.174521656	-179.861775	-19.6771137	0.109900218	0.0612248927	1.044906
16.76	0	1.03371137	-0.593892138	1.07250016	0.174654244	-179.824021	-19.6996388	0.110607135	0.0698595461	1.424538
16.77	0	1.03532688	-0.594028352	1.07223666	0.174702903	-179.71918	-19.7243354	0.110807798	0.0498022074	1.248413
16.78	0	1.03728034	-0.593793541	1.07216438	0.174314908	-179.68403	-19.6501179	0.110203944	0.0591068336	1.146551
16.79	0	1.04095463	-0.594109568	1.0721379	0.174606201	-179.589431	-19.6533392	0.109449037	0.0578099285	0.818537999
16.8	0	1.0440675	-0.59413508	1.07211272	0.174666255	-179.578934	-19.6554233	0.108997166	0.0571750334	0.903936001
16.81	0	1.04560198	-0.593928259	1.07204123	0.174678594	-179.572873	-19.6568718	0.109082431	0.0568658993	0.842793997
16.82	0	1.04491303	-0.593939228	1.0720202	0.174708001	-179.590604	-19.6700232	0.109111169	0.0567147268	0.912051
16.83	0	1.04207716	-0.593962477	1.07186586	0.174692183	-179.555119	-19.6935933	0.109063499	0.0566399781	0.819615001
16.84	0	1.037694	-0.593944316	1.07189456	0.174748372	-179.569719	-19.6879254	0.108981136	0.0566037243	0.874999998
16.85	0	1.03447494	-0.59369836	1.07189826	0.174755172	-179.536617	-19.6764941	0.10917866	0.108187818	0.788769998
16.86	0	1.0321074	-0.593767846	1.07196643	0.174774997	-179.534306	-19.6827219	0.109079369	0.105865194	0.926248998
16.87	0	1.03052852	-0.593931138	1.07213897	0.174743392	-179.587179	-19.6959482	0.108868246	0.103779403	0.928949004
16.88	0	1.02817536	-0.593897215	1.07214418	0.174777532	-179.591507	-19.6870567	0.10878004	0.101979935	1.009025
16.89	0	1.02507615	-0.593787436	1.07207392	0.174777436	-179.575301	-19.6829729	0.108916956	0.100271086	0.969301997
16.9	0	1.02269942	-0.593773998	1.07207435	0.174807825	-179.578728	-19.6823062	0.109055526	0.100216764	1.291218
16.91	0	1.02127041	-0.593931971	1.07205639	0.175006503	-179.569214	-19.6656949	0.108761976	0.0981244601	1.173288
16.92	0	1.01969318	-0.593914297	1.0722434	0.174558897	-179.655826	-19.5818291	0.107763053	0.0420998957	0.986468003
16.93	0	1.01953359	-0.594263445	1.07246181	0.174941203	-179.615444	-19.5656038	0.106699117	0.0975268115	0.941886006
16.94	0	1.01949625	-0.594652103	1.07264887	0.174713825	-179.624225	-19.6433092	0.106051768	0.0989521251	0.930876995
16.95	0	1.01902182	-0.59465916	1.07269691	0.174971531	-179.708014	-19.6215151	0.106019189	0.100313731	0.808858
16.96	0	1.01943351	-0.594645362	1.07281345	0.175092255	-179.745809	-19.5985711	0.105967802	0.101952125	0.774483
16.97	0	1.01952693	-0.594481469	1.07285817	0.175126963	-179.791633	-19.584538	0.106252489	0.103786321	0.815708998
16.98	0	1.02063905	-0.594272611	1.07305392	0.174921602	-179.864177	-19.6134364	0.106941433	0.105913216	1.059376
16.99	0	1.02251755	-0.594256787	1.07297722	0.174988388	-179.856865	-19.6197063	0.107337189	0.0727808081	0.925065004
17	0	1.02358954	-0.594179655	1.07274148	0.17490233	-179.82359	-19.6472138	0.107766116	0.0611505303	0.772421001
17.01	0	1.02368842	-0.59409071	1.07272832	0.17492507	-179.872065	-19.6459608	0.108234068	0.0702606744	1.18624399
17.02	0	1.02400932	-0.593816724	1.07276071	0.174436051	-179.875421	-19.5523382	0.108768228	0.0581976015	0.943755003
17.03	0	1.02493545	-0.593802065	1.07279252	0.174612564	-179.890413	-19.5696365	0.109183734	0.0573131681	1.070406
17.04	0	1.02684498	-0.593960733	1.07278495	0.174825699	-179.891324	-19.574448	0.109102342	0.0569178061	1.182592
17.05	0	1.02885274	-0.59408375	1.07275492	0.175001387	-179.903584	-19.5701074	0.108858519	0.0630079616	1.319731
17.06	0	1.03238302	-0.594343369	1.07288996	0.175053741	-179.962075	-19.5818424	0.108392774	0.0588533537	1.070661
17.07	0	1.03594082	-0.594281753	1.07292267	0.175045985	-179.976856	-19.5751525	0.108178097	0.0577031054	0.821531998
17.08	0	1.03852613	-0.593954179	1.07276504	0.174920321	-179.953532	-19.5906783	0.108570187	0.0571276815	0.814806001
17.09	0	1.03977456	-0.593502641	1.07264627	0.174885627	-179.959718	-19.5903036	0.10951192	0.0568430994	0.863951995
17.1	0	1.03918999	-0.593519885	1.07260935	0.174926527	-179.991859	-19.6060559	0.109983729	0.115338038	1.111349
17.11	0	1.03828367	-0.593659899	1.07272341	0.174881042	179.970787	-19.6265616	0.109953826	0.107029643	1.034744
17.12	0	1.03766354	-0.593829779	1.07297511	0.174736402	179.895575	-19.6538175	0.109770881	0.104359634	1.07882899
17.13	0	1.03791968	-0.593824824	1.07303748	0.174791643	179.899699	-19.6373036	0.109566817	0.103827555	1.389818
17.14	0	1.03723111	-0.593794557	1.07295879	0.17478885	179.924823	-19.6363467	0.109512139	0.101276133	0.987282001
17.15	0	1.03497193	-0.593752911	1.07294278	0.174821258	179.914715	-19.628108	0.109516865	0.0992321521	1.05934199
17.16	0	1.03303081	-0.593740116	1.07294002	0.174861572	179.921627	-19.6215602	0.109478086	0.100969244	1.340203
17.17	0	1.03234609	-0.593762702	1.07293518	0.174957348	179.934652	-19.6115906	0.109329918	0.0597072649	1.06071901
17.18	0	1.0327273	-0.593914393	1.07289547	0.175237281	179.963223	-19.5929186	0.108823175	0.0930490848	1.101001
17.19	0	1.03325039	-0.594098745	1.07284387	0.174420462	179.956674	-19.5980263	0.10865074	0.106511198	1.032041
17.2	0	1.03278423	-0.593880561	1.0728165	0.174658743	179.946251	-19.5808996	0.108885548	0.102605898	1.012561
17.21	0	1.03329404	-0.593878974	1.07281419	0.174840605	179.951555	-19.5736298	0.108997494	0.103027581	1.183959
17.22	0	1.03514911	-0.593900771	1.07282721	0.174967023	179.949727	-19.5716748	0.109041868	0.107743437	1.345071
17.23	0	1.03876442	-0.594207591	1.07301452	0.175036774	179.865402	-19.5889024	0.108777072	0.108213128	0.944779
17.24	0	1.04219237	-0.594162048	1.07295952	0.175081997	179.882674	-19.5793204	0.108625555	0.0744783273	0.771970997
17.25	0	1.04442269	-0.593946254	1.07269879	0.174951023	179.937405	-19.602006	0.108919096	0.0621285775	0.751461004
17.26	0	1.04512008	-0.593577699	1.07251873	0.174960309	179.953712	-19.599708	0.109753419	0.0582767794	0.831546
17.27	0	1.04648723	-0.593591454	1.07242573	0.17505861	179.97336	-19.598266	0.110089601	0.0571293738	0.741472002
17.28	0	1.04906566	-0.593681158	1.07243644	0.175071084	179.97445	-19.603941	0.110107395	0.056770591	0.898908998
17.29	0	1.05060716	-0.593547931	1.0726276	0.174509931	179.963892	-19.5354019	0.109905247	0.056650598	0.723917998
17.3	0	1.04971539	-0.593595871	1.07266626	0.174723617	179.968214	-19.5345942	0.109751011	0.0566056542	0.862181994
17.31	0	1.04648515	-0.593639958	1.07256982	0.174824286	-179.988169	-19.5437712	0.109583396	0.0565857755	0.833669001
17.32	0	1.0415287	-0.59366403	1.07253141	0.174916073	-179.976381	-19.544932	0.109418464	0.0566565584	1.060029
17.33	0	1.0368416	-0.593725265	1.07253577	0.174999611	-179.950135	-19.5475249	0.109020337	0.0565725483	1.254929
17.34	0	1.03271013	-0.593565225	1.07246057	0.175030881	-179.939235	-19.5507942	0.109147338	0.0573181136	1.06838
17.35	0	1.02989849	-0.593690245	1.07252795	0.175037288	-179.96285	-19.5653143	0.109133669	0.108895865	0.859429005
17.36	0	1.02823038	-0.593984115	1.07257531	0.175288825	-179.947793	-19.5489624	0.108570597	0.106202493	0.917559002
17.37	0	1.02642463	-0.594319037	1.07265047	0.174608204	-179.961621	-19.5260113	0.107615453	0.111206873	0.856407998
17.38	0	1.02586056	-0.594345424	1.07269634	0.17473303	-179.936269	-19.532116	0.107025097	0.10350423	1.069231
17.39	0	1.02678698	-0.594502201	1.07272623	0.174936596	-179.919658	-19.5293624	0.106423717	0.101026406	1.149934
17.4	0	1.02738511	-0.594508518	1.07274671	0.174977192	-179.925626	-19.5340369	0.106173691	0.0993454069	0.966870997
17.41	0	1.02722428	-0.594316905	1.07266044	0.175019762	-179.967241	-19.5450604	0.106670771	0.104149494	1.07022699
17.42	0	1.0265308	-0.594017997	1.07271707	0.174852461	179.945713	-19.5861674	0.107782678	0.0594874705	0.965897998
17.43	0	1.02711756	-0.593996237	1.07248288	0.174874442	179.965099	-19.6204156	0.108500538	0.0981402694	1.099648
17.44	0	1.02850956	-0.593993364	1.07249894	0.175002155	179.923339	-19.6146991	0.108963475	0.0987208575	1.165726
17.45	0	1.03116807	-0.593743859	1.07242663	0.174402159	-179.961706	-19.5604164	0.108502707	0.10231893	0.801016002
17.46	0	1.03547842	-0.593768532	1.07264089	0.174493103	-179.991833	-19.5852389	0.108449462	0.102917575	1.070105
17.47	0	1.03918724	-0.593667969	1.07264525	0.17462121	179.98327	-19.5839296	0.108659861	0.104252193	1.03794
17.48	0	1.0412199	-0.593438873	1.07274699	0.174486121	179.904567	-19.6225364	0.109460411	0.106103179	0.729754
17.49	0	1.04360089	-0.593454755	1.0725908	0.17461702	179.934275	-19.6371721	0.109836546	0.0729299218	0.944618005
17.5	0	1.04444048	-0.593502175	1.07231918	0.174643843	-179.974321	-19.6620091	0.109947829	0.0612201908	1.165901
17.51	0	1.0430958	-0.593496918	1.07225412	0.174732781	-179.950745	-19.6514317	0.109913979	0.0578060283	1.065957
17.52	0	1.04147865	-0.593556622	1.07224874	0.174782106	-179.915488	-19.6467882	0.109627857	0.0568956464	1.232623
17.53	0	1.04037576	-0.593594779	1.07225497	0.17479481	-179.881294	-19.6444466	0.10932065	0.0553430945	1.213747
17.54	0	1.03835665	-0.593399742	1.07220149	0.174745078	-179.860571	-19.6415967	0.109489804	0.0692978654	1.136361
17.55	0	1.03721676	-0.59346464	1.07232236	0.174704828	-179.903985	-19.6590217	0.109631491	0.0641764108	1.312252
17.56	0	1.03758058	-0.593540704	1.0724168	0.174827327	-179.914432	-19.6506597	0.109545665	0.0567354278	1.484371
17.57	0	1.039678	-0.593783544	1.07250972	0.175091639	-179.914012	-19.6248155	0.108990034	0.0611289816	1.016029
17.58	0	1.04176161	-0.594029856	1.07259637	0.174380142	-179.900158	-19.5897155	0.108460143	0.0588473432	0.691950998
17.59	0	1.04223355	-0.593871745	1.072584	0.174512661	-179.920575	-19.594582	0.108478439	0.057696654	0.873166995
17.6	0	1.04126943	-0.593496803	1.07251713	0.17454742	-179.936193	-19.5963109	0.109054552	0.108470373	0.845495
17.61	0	1.03931902	-0.593031422	1.07239778	0.174558454	-179.937377	-19.603937	0.110075873	0.105988356	0.813676001
17.62	0	1.0382675	-0.593201051	1.07224165	0.174600003	-179.891562	-19.6503529	0.110480555	0.103838971	0.974634
17.63	0	1.03760982	-0.59335554	1.07227792	0.174678024	-179.889922	-19.6584736	0.110338759	0.101979447	1.132023
17.64	0	1.03751429	-0.593537174	1.07242845	0.174656109	-179.931121	-19.6698359	0.110078363	0.100246746	1.178932
17.65	0	1.03812417	-0.593747349	1.07252325	0.17493367	-179.909684	-19.642111	0.109444082	0.0987207475	1.005672
17.66	0	1.03800623	-0.593696624	1.07262201	0.174495547	-179.752503	-19.5733253	0.10879264	0.0973320373	0.806609998
17.67	0	1.0359917	-0.593578874	1.07272772	0.174485996	-179.77284	-19.6020487	0.108932376	0.0565729097	0.803340998
17.68	0	1.03298333	-0.593338919	1.07258005	0.174621607	-179.726658	-19.6029632	0.109381198	0.0973261709	0.801752001
17.69	0	1.03082085	-0.593420882	1.07260303	0.174741412	-179.732985	-19.6190541	0.109583389	0.0987101846	1.125039
17.7	0	1.02974931	-0.593643329	1.07248388	0.174981711	-179.620674	-19.6218239	0.109264634	0.100228635	0.974293005
17.71	0	1.02896949	-0.593993195	1.07250299	0.175196042	-179.639815	-19.6154473	0.108567685	0.093834076	0.970190995
17.72	0	1.02923233	-0.593862775	1.07252449	0.174854995	-179.452476	-19.5564974	0.107110569	0.103772568	0.912538999
17.73	0	1.02929201	-0.593866399	1.07251488	0.174979274	-179.401027	-19.5491727	0.106409986	0.105842278	0.839634005
17.74	0	1.02833574	-0.593739196	1.07260785	0.174857247	-179.428605	-19.584021	0.106481562	0.0727479097	0.769389
17.75	0	1.02653388	-0.593382127	1.07243641	0.174875347	-179.408236	-19.5905592	0.107057654	0.0611192851	0.847026
17.76	0	1.02454777	-0.593018915	1.0722102	0.174564972	-179.385352	-19.6723628	0.10822907	0.0590078587	0.977238
17.77	0	1.02396527	-0.592638497	1.0720014	0.17465628	-179.324838	-19.6768413	0.109329391	0.0570721909	1.098588
17.78	0	1.02399836	-0.592634975	1.07183249	0.174838541	-179.293539	-19.6775998	0.109839115	0.0567746577	0.963646999
17.79	0	1.02415369	-0.592904239	1.07174147	0.175045913	-179.292565	-19.6747779	0.109625423	0.0566497754	0.859551001
17.8	0	1.02469598	-0.593215076	1.07169045	0.174263886	-179.274047	-19.648368	0.108670246	0.0659439067	0.900455998
17.81	0	1.02512563	-0.59334269	1.07168045	0.174570917	-179.28265	-19.6410121	0.108084273	0.0692835671	1.109057
17.82	0	1.02701032	-0.593565154	1.07171009	0.174851562	-179.299288	-19.6250083	0.107352871	0.0607586166	1.024455
17.83	0	1.02935589	-0.593678653	1.07188329	0.174844771	-179.431193	-19.6562777	0.10739726	0.0693379636	1.000472
17.84	0	1.03136496	-0.593580667	1.07187559	0.174912284	-179.554384	-19.6679869	0.108013424	0.0629427804	0.838045002
17.85	0	1.03274637	-0.593279129	1.07182385	0.174883012	-179.659222	-19.6789759	0.109124351	0.109894431	0.787339995
17.86	0	1.03518063	-0.592971969	1.07176506	0.173883343	-179.686357	-19.6577603	0.109776954	0.106704156	0.843381
17.87	0	1.03884446	-0.593067206	1.07181727	0.174160244	-179.720881	-19.6770011	0.110128922	0.105734208	1.369345
17.88	0	1.04229792	-0.593213434	1.07180129	0.174434354	-179.757207	-19.6706261	0.110138206	0.103093766	0.925689004
17.89	0	1.04491341	-0.593261917	1.07181758	0.174532846	-179.772816	-19.6669266	0.110054018	0.100822388	1.01607999
17.9	0	1.04574905	-0.593316018	1.07184933	0.174614434	-179.785444	-19.6613641	0.109847666	0.0990095388	1.004148
17.91	0	1.04457765	-0.593420221	1.07205271	0.174562291	-179.861375	-19.6749342	0.109682189	0.105251344	1.147024
17.92	0	1.04322662	-0.593454203	1.07212534	0.174690948	-179.852779	-19.6584008	0.10924789	0.0591942595	1.065507
17.93	0	1.04235443	-0.593277694	1.07207256	0.174800055	-179.853291	-19.6462133	0.10932944	0.0980933089	1.218961
17.94	0	1.04248837	-0.593506833	1.07199975	0.174588329	-179.841273	-19.7145807	0.109382326	0.0990888784	0.930556998
17.95	0	1.04378298	-0.593610633	1.07210862	0.174921682	-179.861811	-19.6975346	0.109041236	0.100413602	1.032086
17.96	0	1.04426988	-0.593429463	1.07223679	0.17465419	-179.8688	-19.60839	0.108663031	0.101989155	0.802974006
17.97	0	1.04305167	-0.593253094	1.07244331	0.174568879	-179.97307	-19.6297151	0.10896042	0.103804929	0.797323999
17.98	0	1.0405626	-0.592963561	1.07230543	0.174561728	-179.986333	-19.6424439	0.109539414	0.105862	0.834576
17.99	0	1.03897974	-0.593043386	1.07208664	0.17457072	-179.933162	-19.6796704	0.109770678	0.0727623919	1.09127899
18	0	1.03866716	-0.593168936	1.07213371	0.17476706	-179.960813	-19.6623417	0.10956611	0.061126962	1.134875
18.01	0	1.03954341	-0.593458043	1.07233123	0.174834006	179.953292	-19.6621188	0.109066053	0.0595094651	1.320013
18.02	0	1.0400925	-0.593266629	1.07246802	0.17448939	179.997922	-19.5883084	0.108606472	0.0579901608	0.939601996
18.03	0	1.04151874	-0.593322182	1.07253737	0.174637015	179.996294	-19.5923716	0.108320641	0.0571966445	0.806239994
18.04	0	1.04218011	-0.593275785	1.07252163	0.174669965	179.99286	-19.6014023	0.108262531	0.0568577505	0.865103997
18.05	0	1.04143746	-0.593013818	1.07243759	0.174666877	179.999375	-19.6080504	0.108637809	0.0567053763	0.890351999
18.06	0	1.04161808	-0.592985432	1.07245172	0.174654171	179.993871	-19.6343745	0.108963827	0.0566349416	0.771491003
18.07	0	1.04336304	-0.593109138	1.07242843	0.174814036	-179.987308	-19.6376195	0.108883681	0.056639092	0.974935996
18.08	0	1.04444452	-0.593106937	1.07239443	0.174818596	-179.979812	-19.6431691	0.108864552	0.0565859829	0.802404
18.09	0	1.04402736	-0.592911683	1.07228007	0.17479174	-179.955054	-19.646063	0.109161652	0.0565767633	0.778316004
18.1	0	1.04404394	-0.592547723	1.072137	0.174379063	-179.938678	-19.7276388	0.110062112	0.115449016	0.907311005
18.11	0	1.04258009	-0.59252465	1.072148	0.174531322	-179.971744	-19.7288827	0.110516441	0.106997147	1.038307
18.12	0	1.04124582	-0.59255472	1.07212228	0.174662129	-179.964427	-19.7077416	0.110557452	0.104149608	1.253443
18.13	0	1.04076843	-0.592273397	1.07218082	0.174248527	-179.950042	-19.6192199	0.110265345	0.108938679	1.476367
18.14	0	1.04182828	-0.592455617	1.07224801	0.17457876	-179.937419	-19.5995352	0.10989712	0.101873964	1.079471
18.15	0	1.04234154	-0.592475513	1.07225105	0.174675825	-179.944144	-19.5947213	0.109743781	0.106581035	1.060214
18.16	0	1.04142832	-0.592495419	1.07221954	0.174751472	-179.949331	-19.5965905	0.109671817	0.100389685	0.876612998
18.17	0	1.03866356	-0.592517189	1.07219803	0.17483189	-179.948756	-19.596335	0.109553583	0.05913621	0.841109999
18.18	0	1.0342712	-0.592530179	1.07218349	0.17491318	-179.944119	-19.5933511	0.1094224	0.098058044	1.052531
18.19	0	1.03023303	-0.59282824	1.07217231	0.174630817	-179.937917	-19.6809736	0.109173389	0.0990726293	0.997622999
18.2	0	1.02725236	-0.592797693	1.07210629	0.174886545	-179.907665	-19.6555383	0.109163326	0.100401437	1.057156
18.21	0	1.02571743	-0.592599232	1.07219841	0.174526403	-179.867453	-19.5440227	0.109304873	0.10199197	1.024103
18.22	0	1.02425092	-0.592789942	1.07234008	0.174726319	-179.945771	-19.5608192	0.109383736	0.103811171	1.118708
18.23	0	1.02287852	-0.593041365	1.07242969	0.175231685	-179.929887	-19.5559529	0.108756786	0.105869075	1.180934
18.24	0	1.02176959	-0.593057539	1.07256799	0.174954585	-179.771446	-19.5211245	0.107195212	0.0727670978	0.903691005
18.25	0	1.02038409	-0.593189803	1.07276022	0.174968558	-179.820567	-19.5282548	0.106369012	0.0611267215	0.749450999
18.26	0	1.01830457	-0.593117021	1.07281369	0.174974335	-179.859625	-19.5274269	0.106058993	0.0577581513	0.861213004
18.27	0	1.01589175	-0.592848294	1.07279884	0.174937923	-179.895158	-19.5311179	0.106359034	0.05687157	0.823573995
18.28	0	1.01368824	-0.592728369	1.07266499	0.174831675	-179.93585	-19.5732619	0.106920902	0.0655641047	1.10517599
18.29	0	1.01212901	-0.592684483	1.07272536	0.174857824	179.980822	-19.588815	0.107442775	0.063949001	1.164114
18.3	0	1.01131408	-0.592643586	1.07278095	0.174873316	179.903099	-19.6008547	0.107912886	0.0692621821	1.113636
18.31	0	1.0115239	-0.59274183	1.07283277	0.174954527	179.867749	-19.6096337	0.107956641	0.0672392332	0.911120005
18.32	0	1.01266252	-0.592942232	1.07291347	0.175116677	179.844473	-19.6038018	0.107499156	0.0620265105	1.002603
18.33	0	1.01524727	-0.593182448	1.07301361	0.1742878	179.799545	-19.5915222	0.106432243	0.0593054481	0.800061003
18.34	0	1.02045783	-0.593173151	1.07314111	0.174448122	179.786671	-19.5871022	0.105820285	0.0584295124	1.09859
18.35	0	1.02573708	-0.592966327	1.07317465	0.17447679	179.732595	-19.5897584	0.105943759	0.108568929	0.803308998
18.36	0	1.02960026	-0.59251643	1.07312769	0.174463915	179.675633	-19.5984225	0.106856158	0.106038787	0.858359002
18.37	0	1.03194911	-0.591956412	1.07307855	0.174293016	179.581199	-19.6359974	0.108443784	0.103863626	0.764306002
18.38	0	1.03349596	-0.591392029	1.07282937	0.174268141	179.601488	-19.6625865	0.110210062	0.101954841	0.782424999
18.39	0	1.03525112	-0.59153	1.07251427	0.174308121	179.650887	-19.7207648	0.111017463	0.10025051	0.990032
18.4	0	1.03757276	-0.591650462	1.07245732	0.174415603	179.667435	-19.7255356	0.111190572	0.0987240594	1.171291
18.41	0	1.04075786	-0.591911267	1.07249923	0.17446307	179.656972	-19.731663	0.1109292	0.0973306311	1.011442
18.42	0	1.04308966	-0.591701057	1.07244845	0.174027639	179.883622	-19.6591413	0.110365444	0.0565731056	0.912397001
18.43	0	1.04540946	-0.591774908	1.07240376	0.174323214	179.934372	-19.6432188	0.110016128	0.0973272093	0.914967997
18.44	0	1.0459936	-0.59181675	1.0724036	0.174488137	179.933273	-19.6340118	0.109774927	0.0987107697	0.930499999
18.45	0	1.04417646	-0.592061935	1.07234051	0.174263562	179.920438	-19.7159298	0.109659056	0.100229288	0.760739
18.46	0	1.04027452	-0.591996346	1.07236086	0.174466331	179.909169	-19.6892709	0.109523582	0.101904675	0.926498004
18.47	0	1.03500094	-0.591953778	1.07236	0.174593392	179.909983	-19.6683853	0.109383794	0.103772723	1.06804
18.48	0	1.03084191	-0.59172008	1.07229086	0.174665735	179.937963	-19.6547628	0.109557613	0.10655654	1.251047
18.49	0	1.02760794	-0.59178424	1.07236018	0.174683949	179.928491	-19.6621432	0.109470857	0.0728459949	0.833569
18.5	0	1.02525831	-0.591974528	1.07234143	0.174759221	179.993831	-19.6691189	0.109096433	0.0611759415	0.902818007
18.51	0	1.02365859	-0.592334641	1.07243803	0.174863393	179.942578	-19.6694291	0.108387498	0.0597415678	1.056775
18.52	0	1.02267001	-0.592176712	1.07257135	0.174561487	179.995769	-19.6016991	0.106917567	0.0572329423	1.04993
18.53	0	1.0234775	-0.592194768	1.07269316	0.174589775	-179.990747	-19.5987233	0.106124175	0.0693779867	1.064984
18.54	0	1.02349115	-0.592163691	1.07289099	0.174424574	179.90983	-19.6384477	0.106058572	0.058948186	0.783919
18.55	0	1.0223326	-0.591928343	1.07285142	0.174426386	179.849795	-19.6488362	0.106445773	0.0577424136	0.896541002
18.56	0	1.02051887	-0.591583344	1.07267283	0.174328493	179.830301	-19.6805938	0.10730051	0.0571470294	0.809464
18.57	0	1.01987372	-0.591544723	1.0726598	0.174397313	179.803536	-19.6959613	0.107897131	0.0568643409	0.949060995
18.58	0	1.01907627	-0.591448442	1.07260114	0.174423238	179.792992	-19.7060003	0.108411285	0.0568481972	1.058258
18.59	0	1.01839681	-0.591432787	1.07258479	0.174454783	179.764246	-19.7150713	0.108821208	0.0584902195	1.23757699
18.6	0	1.01865637	-0.591551892	1.07255381	0.174582149	179.764333	-19.7099033	0.108780913	0.109186131	1.308106
18.61	0	1.0197587	-0.591428937	1.07256234	0.174012418	179.893747	-19.6563062	0.107871065	0.10634697	1.003385
18.62	0	1.02262744	-0.591609639	1.07263607	0.174271285	179.89127	-19.6497315	0.107199092	0.105591555	1.45714
18.63	0	1.02561603	-0.591697782	1.07282993	0.174263968	179.815725	-19.667365	0.106912524	0.102892961	0.806001997
18.64	0	1.02777858	-0.591543185	1.07284004	0.174322657	179.753607	-19.6704564	0.107188056	0.100724065	0.845032999
18.65	0	1.02881371	-0.59117148	1.07277541	0.174339862	179.702051	-19.6733961	0.108089512	0.0989587386	0.857020001
18.66	0	1.02901713	-0.590694391	1.07274506	0.174195629	179.631194	-19.7008119	0.109494082	0.0974503422	0.765737997
18.67	0	1.03009365	-0.590571076	1.07252528	0.174224418	179.662049	-19.7323036	0.110482394	0.0502258612	1.137649
18.68	0	1.03212905	-0.590733394	1.072206	0.174301192	179.78506	-19.7689437	0.110819417	0.0973554944	1.077041
18.69	0	1.03468099	-0.59052652	1.07227356	0.173967333	179.775711	-19.6793521	0.110274619	0.0987232913	1.077367
18.7	0	1.03900274	-0.590737684	1.07236647	0.174415333	179.835631	-19.6447474	0.10957509	0.100241704	1.050148
18.71	0	1.04263826	-0.590949561	1.07239793	0.174275759	179.856149	-19.6993454	0.109200746	0.101909222	0.743678
18.72	0	1.0445554	-0.590866955	1.07223241	0.174509376	179.944823	-19.6927633	0.109237429	0.10376773	0.857747
18.73	0	1.04440177	-0.590590375	1.07200089	0.174610607	-179.957127	-19.6872449	0.109739999	0.105845012	0.826609998
18.74	0	1.042146	-0.59056569	1.07183136	0.1747093	-179.915631	-19.6828404	0.10994591	0.0727522355	0.891996999
18.75	0	1.03981848	-0.590813286	1.07168864	0.174497737	-179.844907	-19.749325	0.109773878	0.0703827051	0.901600004
18.76	0	1.03598238	-0.590623486	1.07174241	0.174259533	-179.802766	-19.6831733	0.109442592	0.0587438574	1.006073
18.77	0	1.0320888	-0.590668096	1.07176125	0.174382619	-179.771299	-19.6813073	0.109066529	0.0573608075	1.219764
18.78	0	1.02902982	-0.590478753	1.07170648	0.174440851	-179.74644	-19.6788126	0.109175558	0.0577595638	1.351241
18.79	0	1.02701374	-0.5905051	1.07172816	0.174486716	-179.763048	-19.6882831	0.109280586	0.0610811121	1.395159
18.8	0	1.0256746	-0.590736462	1.07172673	0.174758796	-179.782131	-19.6764384	0.10889812	0.0542934471	1.253042
18.81	0	1.02371272	-0.5909947	1.07171829	0.174606714	-179.821659	-19.7254138	0.108541757	0.0576005127	0.882173001
18.82	0	1.02135472	-0.590950202	1.07168769	0.174685739	-179.875488	-19.7196421	0.108646977	0.0693110884	1.151523
18.83	0	1.01980625	-0.590653563	1.07172616	0.17425955	-179.923147	-19.6291935	0.108409638	0.0598874676	1.02193499
18.84	0	1.01942348	-0.590782707	1.07176645	0.174552109	-179.938226	-19.62544	0.108083322	0.054501216	1.211548
18.85	0	1.02021259	-0.591067157	1.07182343	0.174887093	-179.935624	-19.608398	0.107265655	0.108611292	0.957343
18.86	0	1.02087672	-0.591274745	1.07187761	0.174719575	-179.974145	-19.6539814	0.106731906	0.106056151	0.728228006
18.87	0	1.02079531	-0.591217677	1.07184836	0.17478634	179.982018	-19.6521371	0.1067042	0.103870781	0.871808996
18.88	0	1.0199412	-0.590936525	1.07174467	0.174802592	179.950755	-19.6502501	0.107289537	0.101957616	0.833413003
18.89	0	1.01875076	-0.590464097	1.07161277	0.174750069	179.955274	-19.6476172	0.1083097	0.100254854	0.742610995
18.9	0	1.01879395	-0.590302725	1.07156738	0.174683944	179.967719	-19.6758551	0.109201555	0.101965662	1.207075
18.91	0	1.01964952	-0.590475598	1.07160615	0.174698901	179.93292	-19.7025566	0.10953772	0.0977365786	1.201038
18.92	0	1.02036489	-0.590309313	1.07156595	0.174207138	-179.910627	-19.6501786	0.109063594	0.0551619734	1.043228
18.93	0	1.02214997	-0.590478674	1.07155796	0.174534916	-179.888908	-19.6398685	0.10863229	0.0986389869	1.177377
18.94	0	1.02522164	-0.590764514	1.07178733	0.174661831	-179.988045	-19.6483002	0.108173233	0.0997455458	1.3472
18.95	0	1.03053177	-0.590699188	1.071813	0.174663404	-179.987438	-19.6487136	0.108009921	0.101694583	1.061743
18.96	0	1.03539912	-0.590581495	1.07184218	0.174740025	179.919093	-19.6457258	0.108500275	0.105904049	0.860494001
18.97	0	1.03888964	-0.590354356	1.07183099	0.174265736	179.822296	-19.7447776	0.109667918	0.105716504	0.730859996
18.98	0	1.04015271	-0.590273618	1.07183669	0.174465451	179.748945	-19.7287693	0.110268753	0.106791383	0.844990995
18.99	0	1.03918028	-0.58999265	1.07191323	0.174179575	179.762199	-19.6494732	0.110317242	0.0734278801	0.768748003
19	0	1.0362135	-0.590031991	1.07192631	0.17438789	179.768909	-19.641062	0.110247973	0.0730644255	1.198686
19.01	0	1.03338894	-0.590123645	1.07195931	0.174522118	179.811171	-19.6329648	0.109840475	0.0607333522	1.248403
19.02	0	1.03083418	-0.590203663	1.07199881	0.174586756	179.860435	-19.6293141	0.109292627	0.0583807565	1.110189
19.03	0	1.02898415	-0.590083572	1.0719634	0.17458267	179.89001	-19.630719	0.10928751	0.0642141068	1.421779
19.04	0	1.02805748	-0.590250128	1.07206378	0.174600439	179.850163	-19.6452904	0.109221003	0.0604385522	0.988307998
19.05	0	1.02647048	-0.590234139	1.07205807	0.174642924	179.841208	-19.6440983	0.109255272	0.0584912647	1.009227
19.06	0	1.02412752	-0.590147801	1.07198545	0.174645004	179.849772	-19.6465893	0.109454303	0.0575246709	1.047354
19.07	0	1.02275726	-0.590175822	1.07196407	0.174691383	179.85802	-19.650305	0.109525327	0.0582629655	1.393554
19.08	0	1.02236161	-0.590366459	1.07191292	0.174909431	179.881284	-19.6362023	0.1091236	0.0577139212	1.070832
19.09	0	1.02295136	-0.590595612	1.07188504	0.1741288	179.898975	-19.615337	0.10815862	0.0606009214	1.134218
19.1	0	1.02525968	-0.59061293	1.07195742	0.174305287	179.92369	-19.6121305	0.107626397	0.1089526	1.198976
19.11	0	1.02686496	-0.590477741	1.0719667	0.174363697	179.892109	-19.6148625	0.107632044	0.107839258	0.848199001
19.12	0	1.02713187	-0.590167588	1.07191298	0.174381988	179.851049	-19.6213429	0.10819347	0.104766996	0.812747006
19.13	0	1.02641397	-0.589755815	1.07180597	0.174381223	179.823612	-19.6316146	0.109198304	0.102406296	0.835585
19.14	0	1.0253644	-0.589353862	1.07162404	0.174116572	179.808837	-19.7088574	0.110570918	0.100478678	0.745325
19.15	0	1.02488975	-0.589395049	1.07162262	0.174323393	179.782783	-19.7296905	0.111152683	0.0992088139	1.45997
19.16	0	1.02508587	-0.589490804	1.07156192	0.174518919	179.799268	-19.7152664	0.111121391	0.0976481045	1.229988
19.17	0	1.02558296	-0.589233985	1.07166374	0.174145986	179.868208	-19.6195106	0.110176392	0.0568410299	1.132952
19.18	0	1.02731181	-0.589485031	1.07170999	0.174597021	179.925544	-19.590455	0.109217063	0.0974030587	1.035411
19.19	0	1.02855297	-0.589767724	1.07170426	0.17447102	179.932292	-19.6507578	0.108613791	0.0987471753	0.766313999
19.2	0	1.02862653	-0.589754756	1.07162401	0.174702241	179.963737	-19.640764	0.108468828	0.100246947	0.854049998
19.21	0	1.02740009	-0.589543831	1.07146232	0.174821861	-179.991108	-19.6330226	0.108869645	0.101913474	0.872676996
19.22	0	1.02542575	-0.589218085	1.0714032	0.174696146	-179.982064	-19.6547927	0.10975861	0.103768764	0.789092999
19.23	0	1.02413077	-0.589281284	1.07127007	0.174816818	-179.93436	-19.6614411	0.11005531	0.105848768	1.03989201
19.24	0	1.02274236	-0.589109017	1.07106205	0.174234822	-179.732675	-19.6187929	0.109942897	0.0821916485	1.017841
19.25	0	1.02196786	-0.589227078	1.07106172	0.174455257	-179.714112	-19.6316579	0.109845368	0.062391497	1.140344
19.26	0	1.02228545	-0.589348363	1.07108969	0.17457733	-179.67988	-19.6368064	0.109546265	0.0584673483	1.020769
19.27	0	1.02328329	-0.589549405	1.07106855	0.174784016	-179.656138	-19.6294983	0.109001342	0.0571974096	1.17833701
19.28	0	1.02357896	-0.589612621	1.07114315	0.174748184	-179.693997	-19.6410547	0.108728208	0.0568371918	0.971222995
19.29	0	1.02449792	-0.589530256	1.07115376	0.17473942	-179.677079	-19.6397679	0.108681288	0.0566958758	1.084974
19.3	0	1.02430669	-0.58930542	1.07108654	0.174710648	-179.681265	-19.643678	0.109079258	0.0566490226	0.784418
19.31	0	1.0234741	-0.588919904	1.07086179	0.174581646	-179.649705	-19.6733393	0.11003443	0.0692980142	1.170261
19.32	0	1.02282523	-0.588954585	1.07084399	0.174746749	-179.686928	-19.6710031	0.110463561	0.0581622017	0.945293999
19.33	0	1.0222234	-0.589065172	1.07097147	0.174789553	-179.774654	-19.6760637	0.110596005	0.0455888376	1.229555
19.34	0	1.02206743	-0.589414502	1.07124048	0.174822021	-179.907185	-19.6887762	0.110240684	0.0587271887	0.989118998
19.35	0	1.02212293	-0.589231581	1.07154943	0.174467099	-179.80452	-19.6191674	0.109018325	0.102227889	1.119758
19.36	0	1.02355979	-0.589486316	1.07172007	0.17479238	-179.782676	-19.5872734	0.107913452	0.106123568	0.957437995
19.37	0	1.02487568	-0.589601416	1.0718897	0.174739835	-179.837549	-19.601227	0.10727997	0.10390483	0.756237998
19.38	0	1.0253215	-0.589454171	1.07189712	0.174772824	-179.870022	-19.6029072	0.107281399	0.10197457	0.868751995
19.39	0	1.0247024	-0.58907759	1.07183089	0.174748041	-179.898541	-19.6037167	0.107921782	0.100263327	0.868352996
19.4	0	1.02354935	-0.588634241	1.07178565	0.174591979	-179.95334	-19.6341053	0.109107156	0.0987268818	0.783213
19.41	0	1.02359694	-0.588518097	1.07156874	0.174589396	-179.913658	-19.6685977	0.109939517	0.097333886	0.939115998
19.42	0	1.02404951	-0.588611235	1.07149736	0.174740586	-179.921567	-19.6747286	0.110221425	0.0454498205	1.193449
19.43	0	1.02518629	-0.589066864	1.07143482	0.174560676	-179.917886	-19.7575963	0.110067587	0.102472187	1.189236
19.44	0	1.02595977	-0.58888717	1.07151756	0.174503645	-179.909586	-19.696639	0.109847622	0.106508324	1.043071
19.45	0	1.0254452	-0.588872192	1.07150284	0.174670886	-179.914317	-19.6731751	0.109695978	0.103161127	1.049011
19.46	0	1.02341368	-0.588868327	1.07147919	0.174771337	-179.913971	-19.6577957	0.109523219	0.10333154	1.07046901
19.47	0	1.02132506	-0.58893223	1.07137894	0.174781978	-179.849148	-19.6659998	0.109269612	0.105492852	1.248357
19.48	0	1.02030829	-0.588933754	1.07157447	0.174703151	-179.879102	-19.67559	0.109273966	0.10852159	0.945167005
19.49	0	1.02022677	-0.589010454	1.07169507	0.174857015	-179.888057	-19.6602489	0.109053787	0.0746570247	1.143385
19.5	0	1.02067057	-0.588758592	1.07180493	0.174429057	-179.874638	-19.5903069	0.108185577	0.0613399632	1.35754199
19.51	0	1.02271655	-0.589060306	1.07194546	0.174701954	-179.835372	-19.5948808	0.10732574	0.0592520858	0.974353999
19.52	0	1.02451713	-0.589184461	1.07212008	0.174635965	-179.918195	-19.6241985	0.10687059	0.057619464	0.769993996
19.53	0	1.02533791	-0.589062984	1.07211272	0.174655455	-179.972237	-19.6351553	0.106930246	0.0570143798	0.861597997
19.54	0	1.02501378	-0.588708753	1.07202927	0.174631373	179.981773	-19.643141	0.107624054	0.0567694095	0.841526999
19.55	0	1.02409043	-0.588278276	1.07187948	0.174282326	179.942042	-19.7193778	0.108922242	0.0566628096	0.703293998
19.56	0	1.02474527	-0.587784973	1.07170169	0.174315381	179.970142	-19.7225275	0.110313941	0.0685756152	1.098424
19.57	0	1.02505644	-0.587809704	1.07154681	0.174481832	179.960278	-19.7325655	0.111023836	0.0423246512	1.133737
19.58	0	1.02575006	-0.588005624	1.07150443	0.174578462	179.946234	-19.7410712	0.111108011	0.0573832123	0.957501994
19.59	0	1.02661153	-0.587877339	1.07149219	0.174035702	-179.881111	-19.6851652	0.110324602	0.0455688729	1.21604
19.6	0	1.02679127	-0.588010897	1.07160234	0.174151242	-179.901417	-19.6948085	0.10994953	0.115340649	1.016112
19.61	0	1.02564302	-0.588055607	1.07163388	0.174268941	-179.899476	-19.690785	0.109639693	0.108316826	1.03915
19.62	0	1.02300516	-0.588076996	1.07163107	0.1743412	-179.897221	-19.6916878	0.109395446	0.105034694	1.03222
19.63	0	1.02073486	-0.588137099	1.07165141	0.174400086	-179.865648	-19.6937504	0.109063435	0.102530774	1.230342
19.64	0	1.01874905	-0.588069313	1.07164878	0.174415297	-179.859902	-19.6942554	0.109074325	0.100988197	1.208092
19.65	0	1.01782011	-0.588145209	1.07164873	0.174529381	-179.855577	-19.6920833	0.108963585	0.100746997	1.154145
19.66	0	1.01776124	-0.58837517	1.07164204	0.174785624	-179.847307	-19.6736178	0.108415557	0.0983464703	1.171191
19.67	0	1.01833137	-0.588934982	1.07167699	0.17469605	-179.8737	-19.7293401	0.107611553	0.0439726726	1.220023
19.68	0	1.01991879	-0.588752018	1.07178035	0.174566342	-179.870686	-19.6670619	0.106323744	0.0982749057	0.889052004
19.69	0	1.02202336	-0.588725071	1.07182381	0.174663732	-179.85789	-19.6475071	0.105716464	0.0991823597	0.847955002
19.7	0	1.0232149	-0.588571773	1.07201037	0.174496549	-179.94924	-19.6824997	0.106019928	0.1004554	0.743288001
19.71	0	1.0235212	-0.588205954	1.07187241	0.17458203	-179.938197	-19.6818506	0.106815584	0.102013743	0.858913001
19.72	0	1.023154	-0.587738171	1.07153341	0.174457916	-179.878561	-19.7156834	0.108086389	0.103817854	0.766098005
19.73	0	1.02392406	-0.587583981	1.0714546	0.174500081	-179.861368	-19.7322497	0.109088343	0.105867234	0.888905
19.74	0	1.02543142	-0.587635493	1.07149638	0.174487331	-179.911177	-19.7561187	0.10972594	0.0733177357	1.249667
19.75	0	1.02795746	-0.587739783	1.07156239	0.173424744	-179.891165	-19.7605377	0.109417176	0.0626149639	0.840876004
19.76	0	1.03217238	-0.587870817	1.07156216	0.173849618	-179.8575	-19.749662	0.1090022	0.058534491	0.939764999
19.77	0	1.0361792	-0.587852381	1.07151453	0.17400566	-179.848778	-19.745635	0.108761409	0.0572577189	0.859082
19.78	0	1.03882041	-0.587609301	1.07141654	0.174088663	-179.840113	-19.7424331	0.108994722	0.0568355532	0.895259
19.79	0	1.0397779	-0.58716648	1.07127842	0.174136621	-179.817665	-19.7374852	0.109732714	0.0566815937	0.904955996
19.8	0	1.03874031	-0.587168499	1.07114561	0.174273166	-179.812993	-19.7448558	0.110065219	0.0566200096	0.902534004
19.81	0	1.03747544	-0.587277473	1.07116721	0.17433772	-179.809927	-19.7522168	0.109939049	0.0565934347	1.11228901
19.82	0	1.03446609	-0.587307842	1.07116283	0.174398834	-179.795598	-19.7456672	0.109732967	0.0565825992	1.129526
19.83	0	1.03142264	-0.587388399	1.0710707	0.174423071	-179.717461	-19.7528991	0.109352087	0.0565743424	1.1658
19.84	0	1.02901647	-0.587401493	1.07111148	0.17448738	-179.704055	-19.739611	0.109051076	0.0527684272	1.210151
19.85	0	1.02760841	-0.587576199	1.07112338	0.174699386	-179.690323	-19.7153017	0.108467849	0.108179615	0.996590003
19.86	0	1.02732777	-0.587991265	1.0712226	0.174843987	-179.7377	-19.7066299	0.107504115	0.105842818	0.854038
19.87	0	1.02663029	-0.587899021	1.07130173	0.174594509	-179.670474	-19.629509	0.106639269	0.103764909	0.785071999
19.88	0	1.02452278	-0.587679655	1.07135315	0.174636097	-179.678602	-19.6225953	0.106525117	0.101904728	0.893898003
19.89	0	1.02155274	-0.58736546	1.0714477	0.174510312	-179.745348	-19.6497243	0.107104081	0.100228493	0.788768004
19.9	0	1.01993179	-0.587375236	1.07134272	0.174576989	-179.732717	-19.6733125	0.107427383	0.0987233277	0.895259996
19.91	0	1.0196476	-0.587513359	1.07128021	0.174783568	-179.720417	-19.6713618	0.107283423	0.0973359021	0.951995004
19.92	0	1.01911728	-0.587512894	1.07126963	0.174828535	-179.727002	-19.6703815	0.107217526	0.0576190619	1.01902
19.93	0	1.01801982	-0.587435277	1.0710258	0.174726643	-179.680244	-19.7020005	0.107434119	0.0976378596	0.975085997
19.94	0	1.01791601	-0.58741211	1.07120109	0.174759564	-179.733334	-19.7001756	0.10772159	0.106552562	1.222198
19.95	0	1.01800506	-0.587389795	1.07126302	0.174850698	-179.790072	-19.6897751	0.108045371	0.105785842	1.119434
19.96	0	1.01884611	-0.587200838	1.07154364	0.174239867	-179.987265	-19.627576	0.107821007	0.10486892	1.030936
19.97	0	1.02204258	-0.587394132	1.07176087	0.174610825	-179.998944	-19.6069231	0.107408078	0.105217619	1.035092
19.98	0	1.02556066	-0.587441499	1.07176529	0.174695935	-179.984991	-19.6082685	0.107183989	0.106606675	0.985081999
19.99	0	1.02833962	-0.587378661	1.071721	0.174804123	179.972453	-19.6104636	0.1075393	0.0734108599	0.802499999
20	0	1.02996787	-0.587138387	1.0717521	0.174663424	179.8868	-19.6472081	0.108564425	0.0615092863	0.790013997
