time_s	ee_error_m	orientation_error	base_x_m	base_y_m	base_z_m	roll_deg	pitch_deg	clearance_m	leg_action_delta_l2	arm_action_delta_l2	update_ms
0.01	0.299542773	0.0199920948	3.72108454e-05	-6.66724044e-06	0.542697952	0.002653073	-0.041790267	0.306018779	0	0	20.868681
0.02	0.297874721	0.0201609047	8.9007752e-05	-3.32563432e-05	0.541179037	0.008138062	-0.12763522	0.305525182	0.0473689927	0.0219161047	17.653155
0.03	0.295157372	0.0205195424	0.000102761798	-3.75670634e-05	0.539213944	-0.01538687	-0.231908622	0.304909218	0.0946929399	0.0218930746	16.749588
0.04	0.291400502	0.0211486507	8.34304393e-05	1.29188098e-05	0.536951922	-0.0885518048	-0.373151551	0.304103417	0.071499426	0.0218492853	15.153178
0.05	0.2866542	0.0220825656	-5.69771887e-05	0.000124925777	0.534642649	-0.185703533	-0.510991923	0.303182313	0.0816430951	0.0218063943	16.008805
0.06	0.280988028	0.0232912519	-0.000382396217	0.000276689419	0.532322446	-0.289211373	-0.613805638	0.302349797	0.0728421816	0.0217626925	16.352507
0.07	0.274516302	0.0247736744	-0.000910153237	0.000460559924	0.530161145	-0.391467779	-0.665423615	0.301588193	0.0591725913	0.0216892738	16.212171
0.08	0.267363552	0.026537492	-0.00163356048	0.000686955594	0.528354831	-0.498508556	-0.648657214	0.300848733	0.0734688572	0.0215763461	16.081594
0.09	0.259940912	0.0285430235	-0.00246359383	0.000944962377	0.526284667	-0.609577606	-0.755571652	0.299973015	0.0726962407	0.0214154011	14.41306
0.1	0.252283906	0.0307383166	-0.00352794287	0.00122547007	0.524894215	-0.695697357	-0.731731813	0.299148134	0.0435594512	0.0214599616	15.644572
0.11	0.244610567	0.0331271598	-0.00471668276	0.00153325799	0.523991882	-0.77341357	-0.677860642	0.298214934	0.064316728	0.021381045	16.519213
0.12	0.236639671	0.0353399481	-0.00595924086	0.00184687402	0.522959677	-0.82272915	-0.456392	0.298226692	0.0501028764	0.0213438117	15.834558
0.13	0.228796334	0.0377571832	-0.00723433098	0.00216672708	0.522384954	-0.850197142	-0.295056966	0.297837142	0.0559175831	0.0208714826	16.250351
0.14	0.221199266	0.0402960206	-0.00851287055	0.0024845422	0.522122214	-0.847152287	-0.161503677	0.297316854	0.0426713919	0.02070046	17.305316
0.15	0.213921257	0.0428359263	-0.00979595586	0.00282356335	0.522063427	-0.834276328	-0.0277980135	0.296891301	0.0492020579	0.0206860325	16.518495
0.16	0.206990253	0.0452666238	-0.0110412697	0.00315475852	0.522080509	-0.792041889	0.110534872	0.296683902	0.0601179817	0.0207079264	16.111053
0.17	0.2004442	0.0475704582	-0.0122220766	0.00346647221	0.522192771	-0.715906451	0.242363754	0.296632138	0.0442082014	0.0207086771	14.644809
0.18	0.194299253	0.0497642831	-0.0133709892	0.00374101035	0.522477196	-0.617176778	0.370433691	0.296699561	0.0529192752	0.0207297508	15.224938
0.19	0.188574657	0.0518605324	-0.014475787	0.00397967836	0.522922647	-0.510652126	0.478863189	0.296844597	0.0461236038	0.0207911382	14.891523
0.2	0.183323634	0.0537670019	-0.015496168	0.00426956771	0.523132815	-0.502859132	0.501960361	0.297149147	0.0575967986	0.0209452149	14.766573
0.21	0.178482116	0.0555663195	-0.0165007393	0.00451570237	0.523677887	-0.471419224	0.551379958	0.297520242	0.0552147193	0.0213195184	18.137113
0.22	0.173969368	0.0572882347	-0.0174940269	0.00470484003	0.524532692	-0.418694518	0.621839079	0.297983928	0.0570124022	0.0216185977	17.572627
0.23	0.16939901	0.0585653136	-0.0184151067	0.00481335337	0.524838546	-0.285587385	0.752797908	0.299289591	0.0672620439	0.0218751978	19.32077
0.24	0.164966651	0.0599882236	-0.0193418884	0.00490015774	0.525677093	-0.238066839	0.858153426	0.300312102	0.0630757817	0.0215841036	19.347953
0.25	0.160686866	0.0615613984	-0.0202025991	0.0049819019	0.526803873	-0.24354506	0.907319325	0.301104083	0.0613171797	0.0216881368	17.947556
0.26	0.156573297	0.0632118454	-0.0209916832	0.00504169089	0.52809497	-0.2721891	0.910046143	0.30177774	0.0444367448	0.0221552173	17.675939
0.27	0.152621921	0.064829349	-0.0217279482	0.00506045905	0.529372272	-0.310162994	0.871379403	0.302228976	0.0661755837	0.0228247429	16.900883
0.28	0.148785332	0.0664093532	-0.0224342869	0.00503953582	0.530754882	-0.354245994	0.832404347	0.302714699	0.0677854374	0.0235777606	17.174503
0.29	0.144999555	0.0679484771	-0.0230963199	0.00498337786	0.532196726	-0.387272138	0.794084469	0.303249571	0.0346912413	0.0242357006	17.081006
0.3	0.141250867	0.0694410246	-0.0236493031	0.00490400623	0.533533632	-0.418636993	0.712218193	0.303771393	0.0629832692	0.0247917437	14.855571
0.31	0.137492035	0.0709082937	-0.024124127	0.00479472427	0.534841722	-0.440855343	0.611858959	0.304288069	0.0487965077	0.0254425704	16.260314
0.32	0.133648525	0.0723901519	-0.0245522263	0.00465096476	0.536211795	-0.456207945	0.517345758	0.304803789	0.0383847794	0.0260653171	16.456322
0.33	0.129656358	0.0738686642	-0.0249358308	0.00447358771	0.537512792	-0.458697425	0.413773432	0.305352948	0.0634677028	0.0265739294	15.735273
0.34	0.125501614	0.0753649113	-0.0253091985	0.00421655403	0.538721067	-0.419986347	0.284525472	0.305899957	0.0775920072	0.0270281261	15.853839
0.35	0.121134178	0.0768938445	-0.0257005104	0.00387561083	0.539870148	-0.336171826	0.14967182	0.306454302	0.0504227123	0.0275558523	16.913054
0.36	0.116315002	0.0782166711	-0.0259970304	0.00356063413	0.540444485	-0.299535099	0.0506805461	0.307328125	0.0730151216	0.0280354826	17.151159
0.37	0.111118304	0.079608075	-0.0263146016	0.00320289004	0.540858856	-0.247465835	-0.0775870296	0.30800263	0.0797521146	0.0278581488	15.96371
0.38	0.105451556	0.0810544935	-0.0266950684	0.00283367026	0.541059158	-0.217848677	-0.18912125	0.308432858	0.068738723	0.0279245058	14.668969
0.39	0.0992597342	0.0825583469	-0.0271145499	0.00246024584	0.540959175	-0.220748712	-0.286154401	0.308861175	0.133663814	0.0278236879	15.348485
0.4	0.0925216043	0.0841658508	-0.0275676035	0.00208081571	0.540575104	-0.244666899	-0.374076145	0.309217603	0.0972707732	0.0275415903	13.863485
0.41	0.0851959699	0.0859005361	-0.0280797118	0.00169951019	0.539927203	-0.292743088	-0.435257725	0.309507192	0.0798451098	0.0271580887	15.731048
0.42	0.0772592642	0.0878198609	-0.0286617699	0.0013268007	0.539094891	-0.367043238	-0.46222777	0.309684598	0.0413768467	0.0265726005	15.038985
0.43	0.0687441994	0.0899720668	-0.0293193551	0.000954249169	0.538121485	-0.451074903	-0.472236208	0.309685673	0.0863066835	0.0258142206	16.241405
0.44	0.0596925972	0.092347634	-0.0300325709	0.000588687687	0.536980411	-0.538911078	-0.463939086	0.309515526	0.0874552886	0.025086424	16.277028
0.45	0.0501859109	0.0949213572	-0.0307971103	0.000231839105	0.535641919	-0.628837622	-0.445577535	0.309178739	0.0890979972	0.0243256607	13.620222
0.46	0.0403275825	0.0976798845	-0.0316249903	-0.000105015042	0.534152337	-0.738513991	-0.402648808	0.308433099	0.104637376	0.0235791771	16.226369
0.47	0.0303373273	0.10059394	-0.0325137342	-0.000429045208	0.532503991	-0.853443643	-0.34906085	0.307510189	0.109159165	0.0227428956	15.723673
0.48	0.0205798766	0.103811823	-0.0334828307	-0.000833112999	0.531189014	-0.812597371	-0.185456938	0.306524803	0.106435478	0.0219523843	14.745922
0.49	0.0126939215	0.107178964	-0.0344825242	-0.00140035934	0.529861805	-0.564313985	0.0193408408	0.305548399	0.061870635	0.0205464505	17.762222
0.5	0.0127540723	0.111060459	-0.0356374545	-0.0019620169	0.529434253	-0.406260408	0.231682451	0.304199596	0.047463934	0.0190572389	14.483604
0.51	0.0207505439	0.115301452	-0.0369282854	-0.00249553017	0.529714845	-0.30410463	0.442368047	0.302625951	0.0728510363	0.0186645303	14.66196
0.52	0.0306388313	0.119738551	-0.0382566627	-0.0029493024	0.530307276	-0.312040321	0.688106315	0.300933029	0.0539511115	0.00527998193	13.772768
0.53	0.0402120002	0.124363384	-0.039630339	-0.00338575876	0.531447456	-0.288598367	0.881520158	0.298861292	0.068552199	0.00493736423	15.311103
0.54	0.048669855	0.12891441	-0.0410609899	-0.00381644887	0.532957756	-0.244799838	1.0446977	0.296557766	0.0513241783	0.00389391869	15.086077
0.55	0.0556463774	0.13314219	-0.0425309974	-0.0042290517	0.534739069	-0.186641142	1.17903832	0.294153615	0.0331644371	0.00284007718	15.550437
0.56	0.0609543925	0.136777298	-0.0440070446	-0.00462129342	0.536663559	-0.119307126	1.28844449	0.291845289	0.0409364964	0.00232406083	14.579529
0.57	0.0644757213	0.139565626	-0.0454796587	-0.00497106908	0.538651725	-0.066701776	1.33506333	0.289785645	0.0547349932	0.00272204245	16.2421
0.58	0.066139214	0.141251299	-0.0469420068	-0.00526461175	0.540559895	-0.0228918499	1.31783284	0.288200711	0.0620483267	0.00393078886	17.565942
0.59	0.0659434633	0.141691715	-0.048391442	-0.00550089158	0.542360099	0.0102979149	1.24193416	0.287258635	0.0345162689	0.00550944248	17.349746
0.6	0.0639161357	0.140585278	-0.0497503989	-0.00577388174	0.543420212	0.109921629	1.1988031	0.287399962	0.100847265	0.00718396823	17.542849
0.61	0.0602427115	0.138184395	-0.0511142795	-0.00596760677	0.544255414	0.137614703	1.1042752	0.288413542	0.113433793	0.007458818	17.585837
0.62	0.0551297528	0.134664789	-0.0524866072	-0.00611365196	0.544820279	0.135483977	0.992867989	0.290329161	0.0979028012	0.00804724498	18.152386
0.63	0.0488623555	0.130243632	-0.0538860551	-0.00620145769	0.545057668	0.0968704284	0.854671184	0.293044936	0.0755316695	0.00847941933	17.432597
0.64	0.0418386039	0.125238561	-0.0553748871	-0.0062378912	0.545067671	0.0447646575	0.717599712	0.296428149	0.126814078	0.00887726525	16.249322
0.65	0.034533313	0.11997089	-0.0569215599	-0.00624346777	0.544844325	0.0196237165	0.588321601	0.30026589	0.11719248	0.00912262478	16.136669
0.66	0.0274501938	0.114695164	-0.0585204921	-0.00622470959	0.544316317	0.00121837684	0.460579472	0.30420435	0.0905450456	0.00917484888	16.229942
0.67	0.0211832689	0.109674771	-0.060143475	-0.00618729103	0.543501993	-0.00630112149	0.331926663	0.307651875	0.073741203	0.00912644406	15.306069
0.68	0.0164093777	0.105093835	-0.0617764483	-0.00613958933	0.542366943	0.0130512635	0.200771467	0.310906476	0.125976658	0.00903782063	15.583109
0.69	0.0137506181	0.10109406	-0.0634017103	-0.00608543599	0.540913681	0.0656308939	0.0706778552	0.313823865	0.13100735	0.00890764551	19.138994
0.7	0.0131886133	0.0977694494	-0.0650027256	-0.0060166642	0.539164042	0.141111863	-0.066975782	0.316264046	0.0960941614	0.00872683962	18.176707
0.71	0.0139411828	0.0951703049	-0.0666049022	-0.00594986385	0.537187536	0.269895386	-0.182835308	0.318212004	0.0943223047	0.0086161167	17.299021
0.72	0.0150910393	0.0932584551	-0.0681904806	-0.00589580912	0.534908446	0.442097286	-0.280800883	0.319641443	0.131705534	0.0084451392	15.861704
0.73	0.0162467637	0.0919591453	-0.0697389129	-0.00585923631	0.532242744	0.639447354	-0.372395761	0.320351096	0.122699574	0.00829820241	16.809731
0.74	0.0174735621	0.091189398	-0.0712422516	-0.00583993477	0.529152748	0.839562796	-0.468104046	0.32065822	0.0699858444	0.00828217303	15.172914
0.75	0.0188473912	0.0914256408	-0.0729206111	-0.00583444785	0.527203718	0.948073766	-0.44404616	0.320412719	0.0586946993	0.0084751519	17.896448
0.76	0.0207524614	0.0924058077	-0.0746914201	-0.00577201558	0.525854921	0.937880848	-0.395522307	0.319686006	0.0333074699	0.00835809624	15.085612
0.77	0.0239163624	0.093998948	-0.076553242	-0.00575970047	0.525079906	0.965876292	-0.235328166	0.318807866	0.0422195562	0.008127786	17.595471
0.78	0.0279048001	0.0961265346	-0.0784064413	-0.00569833894	0.524992703	0.904989679	-0.0754700644	0.317509389	0.0720543329	0.0075707908	18.832724
0.79	0.0325886697	0.0986123786	-0.0801846815	-0.00559218128	0.525404681	0.816885362	0.0270971228	0.315827501	0.0959719947	0.00704036987	16.271553
0.8	0.0375335895	0.101279045	-0.0818887413	-0.00544913604	0.526268943	0.708754541	0.0975457008	0.313933632	0.0397211749	0.0064999934	14.320104
0.81	0.042298799	0.103912773	-0.0835307073	-0.0052672618	0.527472544	0.578594793	0.141853218	0.311985528	0.0462542882	0.00613596253	16.31727
0.82	0.0465443098	0.106338258	-0.0851123431	-0.00505502389	0.528962372	0.445154057	0.168704994	0.310126274	0.0433500523	0.00610175552	15.378063
0.83	0.0499834838	0.108374751	-0.0866485529	-0.00482136893	0.530643699	0.322519022	0.181835171	0.308488637	0.0436600437	0.0063380606	15.074569
0.84	0.0523701004	0.109811494	-0.0881708214	-0.00456346235	0.532312888	0.184928319	0.192458481	0.307228055	0.0435601308	0.00676109069	16.36393
0.85	0.0535450923	0.110400294	-0.0896338292	-0.00421222731	0.533514794	-0.0319279057	0.305845097	0.306733093	0.113595432	0.00715436811	15.125229
0.86	0.0536730985	0.110309457	-0.0910993411	-0.0038899044	0.534705745	-0.158734618	0.382720481	0.306641445	0.113367995	0.00633056075	16.114911
0.87	0.0527772715	0.109574853	-0.0925634919	-0.00359779516	0.535802549	-0.238236397	0.427837229	0.30696788	0.0888701236	0.00599143318	14.547587
0.88	0.0509739821	0.10828675	-0.0940206024	-0.00335701091	0.536799002	-0.254011748	0.426329607	0.307628285	0.103694947	0.00598886481	14.015302
0.89	0.0484103135	0.106552618	-0.0954483478	-0.00316805896	0.537669629	-0.214813697	0.366820175	0.308520033	0.0487669529	0.00636961821	15.079199
0.9	0.0452846575	0.104509763	-0.0968843	-0.00301874144	0.538495667	-0.156650037	0.278908258	0.309603531	0.0730262405	0.00709966321	14.874249
0.91	0.0418024689	0.102246514	-0.098346567	-0.00289989348	0.53923544	-0.0916854063	0.191819862	0.310878481	0.0805050277	0.00792811448	15.934447
0.92	0.0381752689	0.0998401414	-0.099834712	-0.00280757153	0.53983499	-0.0205414849	0.113253738	0.312315159	0.0818957809	0.00854039281	14.806105
0.93	0.0346073937	0.0973790801	-0.101392908	-0.00275785841	0.540332581	0.0771611861	0.045705918	0.313866831	0.133457607	0.00890718742	15.6373
0.94	0.0313346891	0.094926011	-0.103057322	-0.00273706823	0.540699358	0.164400442	0.0126079373	0.315535239	0.0916914795	0.00911328481	15.265705
0.95	0.0285939395	0.092556454	-0.104790618	-0.00272671345	0.540900423	0.20958184	0.0115783195	0.317250183	0.0931376429	0.00905743295	17.246287
0.96	0.0264771319	0.0902960578	-0.106595555	-0.0027445975	0.540835102	0.239898638	0.0168237125	0.318952897	0.104111063	0.00884006704	16.658185
0.97	0.0249718086	0.0881604499	-0.108394282	-0.00280220727	0.54032767	0.279342674	-0.0149345081	0.32053294	0.134161336	0.00866595695	13.971131
0.98	0.0240651431	0.0862026259	-0.110145304	-0.0028874662	0.539362534	0.321419603	-0.0850637746	0.32192556	0.150178711	0.00867630807	14.318825
0.99	0.0236318389	0.0844482701	-0.111831051	-0.00300139885	0.537923941	0.384518575	-0.199213858	0.323090953	0.0554514354	0.00878974334	16.138395
1	0.0237847059	0.0832841666	-0.113603869	-0.00320494351	0.537165315	0.433730839	-0.269010415	0.323853542	0.0469923239	0.00897404732	14.416927
1.01	0.024302234	0.082634581	-0.115370151	-0.00348817766	0.536801	0.483849233	-0.3442671	0.324224466	0.0519379402	0.00898363914	16.770116
1.02	0.0250705202	0.082359622	-0.117149695	-0.00384315727	0.536625627	0.526970913	-0.414386876	0.324329763	0.0690634851	0.00902060731	13.890693
1.03	0.0259965918	0.0822965694	-0.118923633	-0.00424165795	0.536385011	0.56107151	-0.4671501	0.324304986	0.0426638851	0.00897568669	16.210953
1.04	0.027092824	0.0824618877	-0.120687104	-0.00470539039	0.536323083	0.579184056	-0.52390596	0.324068907	0.039804222	0.00867182365	15.933761
1.05	0.0283038105	0.0828394791	-0.122516204	-0.00526497283	0.536607693	0.615335759	-0.557825509	0.323716262	0.0897959851	0.008500581	15.036378
1.06	0.0296630627	0.0833804421	-0.12439748	-0.00591597611	0.537236829	0.66186452	-0.572767617	0.32328343	0.0319528202	0.00838175103	16.399876
1.07	0.0311742598	0.0840084941	-0.126308985	-0.00662810086	0.538131438	0.703758673	-0.57233283	0.322819884	0.0479130821	0.00832364384	14.811574
1.08	0.0327737875	0.0846289223	-0.128234008	-0.00739698018	0.539161624	0.737971387	-0.561721648	0.322386443	0.0388783311	0.00829366073	14.418296
1.09	0.0344003604	0.0851892214	-0.130227864	-0.00820256021	0.54035674	0.772464501	-0.537202328	0.322029363	0.0792670048	0.00826985421	15.638013
1.1	0.0359744604	0.0854571385	-0.13220545	-0.00894105676	0.541121531	0.698021051	-0.617872133	0.321647861	0.102883755	0.00829404332	15.840453
1.11	0.0374110035	0.0856217474	-0.134221954	-0.00969145151	0.542038491	0.64255108	-0.653988681	0.321384747	0.108984691	0.00907042695	14.134917
1.12	0.0385614307	0.0854976123	-0.136182282	-0.0105244202	0.542463569	0.700436039	-0.58450789	0.321597471	0.107160825	0.00937769796	15.929114
1.13	0.0395957869	0.0852150185	-0.138160795	-0.0113464639	0.5430124	0.710824082	-0.522138505	0.32189404	0.09945891	0.0083025828	14.640642
1.14	0.0404897113	0.0847618686	-0.140171468	-0.0121474984	0.543552106	0.690535563	-0.460690437	0.322323207	0.0699908742	0.00780599213	16.210651
1.15	0.0412563528	0.084167713	-0.142185542	-0.012922777	0.544049935	0.64064061	-0.411808982	0.322826791	0.0849104785	0.0075968032	17.505823
1.16	0.0419186558	0.0834556977	-0.144223292	-0.0136807885	0.544475157	0.583219489	-0.358994096	0.323423384	0.0744812903	0.00763915375	16.171833
1.17	0.0425183435	0.082651869	-0.146328756	-0.0144259998	0.544844884	0.537849202	-0.282441309	0.324137853	0.0823830817	0.00772274346	14.791937
1.18	0.0430816013	0.0817986015	-0.148513632	-0.0151525421	0.545234305	0.481496604	-0.1974654	0.324895715	0.0872668727	0.00776224292	16.537981
1.19	0.0436459858	0.0809306698	-0.150768535	-0.0158584302	0.54565224	0.427773291	-0.112689429	0.325650371	0.1021419	0.00796066835	16.050561
1.2	0.0441932131	0.0800406968	-0.153055662	-0.0165263176	0.545997697	0.362439695	-0.0566390393	0.326335093	0.0982196367	0.00832621669	14.239698
1.21	0.0447393997	0.0791497817	-0.155346014	-0.0171492413	0.546268423	0.30000645	-0.0297984926	0.326921053	0.135843735	0.00892308822	18.004949
1.22	0.0452307663	0.0782214466	-0.157623072	-0.0177194381	0.546358729	0.221990667	-0.047066076	0.327396646	0.123532548	0.00963608583	16.092493
1.23	0.0456331077	0.0772225849	-0.159885089	-0.0182346828	0.546210156	0.126223444	-0.109266474	0.327776434	0.102121166	0.0104768249	17.125663
1.24	0.0458680928	0.0761058409	-0.16207107	-0.0186609478	0.545708211	-0.0158313788	-0.261339432	0.327981157	0.0941253513	0.0114026466	16.224731
1.25	0.0458973322	0.0750465577	-0.164291632	-0.0188690538	0.545522508	-0.264774824	-0.281515365	0.328310854	0.0642966798	0.0126278699	15.601616
1.26	0.0459352253	0.0740876035	-0.166512619	-0.0189563837	0.545836649	-0.481443283	-0.315838685	0.32856361	0.0703496529	0.0128345546	16.412012
1.27	0.045867776	0.0730503074	-0.168749086	-0.0189835085	0.546075656	-0.640940091	-0.289325425	0.329097506	0.0611689397	0.0131344423	16.120871
1.28	0.0456832622	0.0719600185	-0.171020772	-0.0189336883	0.546476982	-0.744383534	-0.240083178	0.32977804	0.136105346	0.0126425887	15.345367
1.29	0.0453024441	0.0707788065	-0.173333742	-0.0187911081	0.546877223	-0.827108269	-0.182464553	0.330591691	0.0840017326	0.0120674447	15.76974
1.3	0.0447677854	0.069548546	-0.175670509	-0.0185636569	0.547276605	-0.887520375	-0.129753717	0.33146578	0.0537825251	0.0115346851	16.892984
1.31	0.0441045998	0.0683009206	-0.178054551	-0.0182622599	0.547646595	-0.934712382	-0.0721737722	0.332383214	0.0598487662	0.0110905854	16.350224
1.32	0.0433541447	0.0670816535	-0.180492598	-0.0178952101	0.548017499	-0.984700941	-0.0307865399	0.333244377	0.0458584266	0.0106866914	14.168086
1.33	0.0425598251	0.0659514378	-0.18299168	-0.0174487119	0.54845679	-1.05289382	0.0196577731	0.334034398	0.0768031047	0.0105191592	14.786744
1.34	0.0418140114	0.0649321855	-0.185520333	-0.0169350378	0.548931375	-1.12441745	0.0543854565	0.334690216	0.0399813438	0.0103911922	14.885041
1.35	0.0412223695	0.064037559	-0.188049767	-0.0163830724	0.549410041	-1.16073668	0.0797976252	0.335239594	0.11520593	0.0104302954	16.942533
1.36	0.0407723703	0.0632136084	-0.190553923	-0.0158237954	0.549720645	-1.1626456	0.0995822045	0.335742735	0.0947927552	0.0104347735	16.580663
1.37	0.0404375128	0.0624082645	-0.193029187	-0.0152642309	0.549784051	-1.14407506	0.121059309	0.336244507	0.10371121	0.0102960869	15.617709
1.38	0.040229476	0.0616013328	-0.195499601	-0.0147131034	0.549655831	-1.11959494	0.158791258	0.336791155	0.0976610123	0.0100036537	16.8164
1.39	0.04019171	0.0607556154	-0.197965239	-0.0141787109	0.549268984	-1.07594843	0.204606464	0.337416485	0.11699415	0.0095621437	14.072305
1.4	0.0403795287	0.059880586	-0.200412431	-0.0136732866	0.548683796	-1.01433131	0.236483321	0.338069009	0.0795010967	0.00906060421	16.835778
1.41	0.0408244903	0.0589760621	-0.2028193	-0.0132049431	0.547848899	-0.92943049	0.233698832	0.338709618	0.103853939	0.0087284909	15.780789
1.42	0.0415512209	0.0580698933	-0.205228413	-0.0127892371	0.546865299	-0.806218778	0.204199456	0.33933926	0.0552124905	0.00863969043	15.270323
1.43	0.0425603671	0.0571982852	-0.207713515	-0.012427746	0.545895718	-0.663960549	0.190246956	0.340013171	0.105170076	0.00874496183	14.701296
1.44	0.0438393511	0.0563791289	-0.210320496	-0.0121435347	0.54505601	-0.482027168	0.194239542	0.340749987	0.117499801	0.00883520795	15.970175
1.45	0.0453521892	0.0556234147	-0.213012455	-0.0119266334	0.544361377	-0.281653609	0.208715042	0.341126415	0.123883087	0.00899655356	17.016942
1.46	0.0470188963	0.0547935423	-0.215706964	-0.0116684529	0.543185185	-0.182168413	0.307734668	0.341640272	0.102377776	0.00925849148	14.476886
1.47	0.0488172163	0.0539489202	-0.21848891	-0.0114934194	0.54210107	-0.0551991708	0.384107578	0.342127879	0.120788	0.00880050253	16.436876
1.48	0.0507200367	0.0530976602	-0.221313599	-0.0113896385	0.540971506	0.0669127294	0.44400757	0.342609057	0.11712844	0.00888848741	15.895106
1.49	0.0526628952	0.0522162531	-0.224140087	-0.0113441351	0.539614705	0.178573858	0.476463345	0.343084153	0.0821320112	0.00920396915	16.587093
1.5	0.054621055	0.0514234724	-0.227059879	-0.0114570838	0.538557029	0.424747153	0.671852777	0.343970488	0.0693141097	0.00963049048	16.576045
1.51	0.0566605764	0.0507022996	-0.230034753	-0.0116536154	0.537972248	0.631025747	0.808760925	0.344496188	0.0588451536	0.00920144639	15.52746
1.52	0.0587884057	0.0501246011	-0.233034403	-0.0118952298	0.53796321	0.765914647	0.898323894	0.344587548	0.0722481329	0.00933391821	17.842161
1.53	0.0608698013	0.0496892789	-0.23605235	-0.0121795763	0.538417752	0.865407002	0.950945193	0.344468026	0.02743894	0.00979979014	16.17443
1.54	0.062744272	0.0493398514	-0.239076131	-0.0125085889	0.539153338	0.945192391	0.967871642	0.344218196	0.0482615999	0.0105635417	15.180521
1.55	0.0642571071	0.0490039715	-0.242067176	-0.012879238	0.540036736	1.00168726	0.915388659	0.343800726	0.0843026153	0.01155953	14.146016
1.56	0.0652986843	0.0485880417	-0.245045315	-0.0132279675	0.540904575	1.00833314	0.861320733	0.343445951	0.0615408043	0.0129654942	14.378634
1.57	0.0657338611	0.0480532448	-0.248010999	-0.0135928549	0.541967175	0.994127571	0.750509961	0.343000844	0.0860634924	0.0140692271	14.220735
1.58	0.0654647014	0.0473352398	-0.250935942	-0.0139595203	0.543070809	0.9579719	0.584645449	0.342527722	0.0528357365	0.0155538711	16.230172
1.59	0.064429025	0.0463878476	-0.253832605	-0.0143203985	0.544168728	0.903407425	0.389565081	0.342126511	0.0270284904	0.0172196534	15.449147
1.6	0.0625907208	0.0451648108	-0.256735029	-0.014663541	0.545183282	0.833580809	0.206167037	0.341935052	0.115903938	0.0187624185	13.832233
1.61	0.0599697848	0.0436456875	-0.259669638	-0.0149940591	0.546100649	0.742474529	0.048949952	0.341935479	0.0663289314	0.0198028722	17.38079
1.62	0.0566656096	0.0418571789	-0.262613307	-0.0152959484	0.546938585	0.62237354	-0.112005531	0.341761709	0.0987361711	0.0203708408	15.684619
1.63	0.0528198036	0.0398562589	-0.265575742	-0.0155812341	0.547662134	0.495758496	-0.258821074	0.341706765	0.0919442688	0.0209100529	16.143993
1.64	0.0486454784	0.0377168832	-0.268545815	-0.0158484127	0.548262232	0.37103377	-0.393877985	0.341738415	0.0662510083	0.0212285687	15.726127
1.65	0.044394678	0.0355132932	-0.271503157	-0.0160977095	0.548684431	0.252455214	-0.516421971	0.341842779	0.0691852496	0.0213973731	14.788107
1.66	0.0403508437	0.0333178244	-0.274463416	-0.0163382692	0.548937162	0.156453899	-0.615992196	0.341901787	0.082228809	0.0213959913	16.562861
1.67	0.0367916133	0.0311797494	-0.277414328	-0.016598642	0.548916013	0.0968146643	-0.673977005	0.341718177	0.0787422851	0.0211868795	14.602679
1.68	0.0339347861	0.029070855	-0.280311077	-0.0168110276	0.548224533	-0.0470607738	-0.802085905	0.341350924	0.122807713	0.0205481462	16.157723
1.69	0.0320725428	0.0271224952	-0.283220244	-0.0170537261	0.547290289	-0.113793272	-0.859564918	0.341174044	0.149572904	0.0206453136	14.679017
1.7	0.0312682246	0.0253391771	-0.286135876	-0.0173253094	0.546085158	-0.132669492	-0.858496382	0.341112495	0.0860615814	0.0199299873	17.773245
1.71	0.0314917616	0.0237273339	-0.289086105	-0.0176333535	0.544668584	-0.0976242158	-0.791049086	0.340729605	0.112224141	0.0188043818	16.59366
1.72	0.032587395	0.0222799801	-0.292085108	-0.0179783657	0.542994778	-0.0361214703	-0.66120267	0.340388145	0.113747409	0.0174326533	15.999231
1.73	0.0343859586	0.0209826524	-0.29513017	-0.0183642713	0.540906549	0.0346263446	-0.477945387	0.340118866	0.14581982	0.0160382801	16.436634
1.74	0.0367893499	0.0198431788	-0.298252319	-0.0187942038	0.538458356	0.108847969	-0.224599994	0.339951548	0.107493576	0.0147496414	15.637887
1.75	0.0398105131	0.0190145879	-0.30146877	-0.0192774005	0.536861948	0.118953367	0.12140051	0.33968824	0.0589380354	0.0136279976	15.328844
1.76	0.0435326254	0.0185033438	-0.304677673	-0.0197982002	0.535815398	0.102676337	0.501975603	0.339017019	0.0460782895	0.0127316878	14.568804
1.77	0.0479222699	0.0182996966	-0.307814677	-0.0203285741	0.535209931	0.0283754438	0.863131601	0.338073932	0.0801655248	0.0120731319	14.832588
1.78	0.0530210793	0.0183630071	-0.3108777	-0.0208963664	0.53475641	-0.0436167993	1.20006397	0.337072106	0.0571276091	0.0116744479	13.848612
1.79	0.0586457887	0.0186712164	-0.313857323	-0.0214793561	0.53468111	-0.183752342	1.46679244	0.335780113	0.0435864778	0.0113093762	15.458927
1.8	0.06470954	0.0191889416	-0.316766532	-0.0220788004	0.53494748	-0.344883442	1.65228119	0.334235377	0.037545536	0.0113787932	18.688855
1.81	0.0709783164	0.0198590564	-0.319603028	-0.0226908018	0.535545675	-0.522667031	1.75886004	0.332475055	0.0513396996	0.012016955	17.848737
1.82	0.0771370679	0.0206014502	-0.322368925	-0.0232989086	0.536464786	-0.726770905	1.767144	0.330427123	0.071761268	0.0132835386	15.323589
1.83	0.0828844816	0.0213242797	-0.325081551	-0.0239017327	0.537659641	-0.923208018	1.68515845	0.328145789	0.0564339763	0.0153952425	14.868121
1.84	0.0876813633	0.0218551226	-0.327770104	-0.0243628947	0.538546188	-1.26356672	1.64955424	0.326102048	0.061784561	0.0181192422	15.137006
1.85	0.091535413	0.0221258732	-0.330458019	-0.0248374939	0.539712949	-1.51518501	1.54467731	0.323794171	0.122114766	0.0198685137	17.81108
1.86	0.0942313861	0.0220707347	-0.333148568	-0.0253473519	0.540902496	-1.66145809	1.4220735	0.321494151	0.142155847	0.0220266119	15.846084
1.87	0.0956241805	0.021651903	-0.335865717	-0.0259024384	0.542049335	-1.73620777	1.29824182	0.319235155	0.113884682	0.0237466689	16.244294
1.88	0.095701457	0.0208706485	-0.33862787	-0.0265047079	0.543105859	-1.74177752	1.1914723	0.317074111	0.0633417707	0.0250599066	16.290064
1.89	0.0945442359	0.0197621251	-0.341445252	-0.0271427268	0.544009945	-1.69150683	1.11543351	0.31506033	0.0866015691	0.025902335	13.688402
1.9	0.0923378515	0.0183918405	-0.344332477	-0.0278320478	0.544794779	-1.55176476	1.06360449	0.313182647	0.109588478	0.0262670113	14.231585
1.91	0.0893014472	0.0168466734	-0.347262878	-0.0285699935	0.545396534	-1.33316946	1.0255656	0.311439887	0.0689013167	0.026384707	13.785186
1.92	0.0856803504	0.0152139882	-0.35023418	-0.0293410221	0.545775712	-1.04608127	1.01422917	0.309901434	0.0727282139	0.0264119751	16.680689
1.93	0.0817142572	0.0135667773	-0.353234897	-0.0301533886	0.545889859	-0.697983402	1.00930441	0.308514493	0.121028034	0.0262089537	15.920361
1.94	0.0776394728	0.0119736281	-0.356231569	-0.030999705	0.545730164	-0.314808403	1.00228722	0.307257667	0.0936288175	0.0261047948	15.01267
1.95	0.0736594029	0.010481553	-0.359205909	-0.0318799257	0.54529055	0.0771356934	0.985184469	0.306099584	0.0825218332	0.0261624764	16.902368
1.96	0.0699165439	0.00911600656	-0.362145687	-0.0328074524	0.54454006	0.488712763	0.939729388	0.304983759	0.0973755568	0.0264634811	18.009821
1.97	0.0665051676	0.00787849225	-0.36501033	-0.0337529453	0.543302942	0.885513372	0.882342397	0.303979924	0.146470092	0.0271661652	16.156114
1.98	0.0634862479	0.00676675406	-0.367789329	-0.0347250539	0.541658024	1.26384457	0.800661057	0.302981574	0.145915887	0.0277773415	17.050812
1.99	0.0611147698	0.00579426409	-0.370532213	-0.0355814	0.540119486	1.42982922	0.615483713	0.301427043	0.0845586453	0.0285068809	15.683076
2	0.0592783078	0.00527202404	-0.373198465	-0.0362827902	0.538522331	1.43708964	0.385754884	0.300744449	0.074109774	0.0289136045	15.59191
2.01	0.0571413971	0.00490734831	-0.375928155	-0.0369671916	0.537512333	1.42153674	0.292651714	0.300794946	0.0569485688	0.0307212729	17.562675
2.02	0.0542323416	0.00458071496	-0.378651353	-0.0376426783	0.536541057	1.45047898	0.214668307	0.301144408	0.051440951	0.0316862661	18.151495
2.03	0.0506101053	0.0041961554	-0.381392634	-0.0382596962	0.53591781	1.41324026	0.188450855	0.301594129	0.0438683463	0.0328533475	14.224002
2.04	0.0466131269	0.00370879186	-0.384170754	-0.0388216565	0.535549651	1.31753288	0.231768193	0.302076947	0.0666094699	0.0338592505	15.028559
2.05	0.0430517971	0.0031697234	-0.386966736	-0.0393349573	0.535439529	1.20128788	0.278113101	0.302440039	0.0740041783	0.0344321747	17.106716
2.06	0.0409517147	0.00262363931	-0.389762894	-0.0397904029	0.535535967	1.06671804	0.319576764	0.302705885	0.04399694	0.0352915121	16.440491
2.07	0.0411510298	0.00211315262	-0.392534622	-0.0401861564	0.535804583	0.938899249	0.35412573	0.302900596	0.0420793329	0.036248423	17.79081
2.08	0.0438691246	0.00166730521	-0.395274079	-0.0405333953	0.536249032	0.829820886	0.387880032	0.303052178	0.0432102796	0.0370909273	15.710949
2.09	0.048670111	0.00130586859	-0.397956789	-0.0408426858	0.536873771	0.733067378	0.411175238	0.303153698	0.0447064237	0.0376744524	16.097345
2.1	0.0545700706	0.000972811649	-0.40055545	-0.0412083739	0.536957167	0.749363631	0.51565335	0.303464745	0.103677916	0.0380149972	14.360561
2.11	0.0611160435	0.000729883463	-0.403125977	-0.0415462277	0.537142934	0.730732663	0.570952662	0.303534155	0.0963949989	0.0370771894	14.572641
2.12	0.067689973	0.000563554281	-0.405684889	-0.0418609376	0.537309132	0.715895223	0.594771262	0.303510201	0.0830040142	0.0366853693	14.249662
2.13	0.0740028994	0.000459890894	-0.408254461	-0.0421491571	0.537417164	0.694663626	0.592862914	0.303451237	0.0967375636	0.0363349422	17.427599
2.14	0.0799772478	0.000398895351	-0.410899736	-0.0424214611	0.537453292	0.674905163	0.595035818	0.303421293	0.113139434	0.0358736866	17.176968
2.15	0.0856904812	0.000370400065	-0.41361847	-0.0426778839	0.537400938	0.65477982	0.589178826	0.303399088	0.121111278	0.0351946376	18.03577
2.16	0.091279986	0.000363828389	-0.416425829	-0.0429236742	0.5373661	0.650322399	0.591564588	0.303395697	0.0995316165	0.0342923307	14.451388
2.17	0.0970936424	0.000368481666	-0.419316968	-0.0430754244	0.536940981	0.537039571	0.515536384	0.303298619	0.0605979063	0.0330909261	15.796666
2.18	0.103267681	0.000376217703	-0.422349539	-0.0432045626	0.536680714	0.458010727	0.47269614	0.303294433	0.127890241	0.0317715554	16.209025
2.19	0.110012445	0.000379554476	-0.425472092	-0.0432930017	0.536512041	0.389467242	0.428366459	0.303290585	0.130159061	0.0300648631	15.62353
2.2	0.117459827	0.000369455613	-0.428699346	-0.0433468715	0.536392711	0.332492175	0.397305827	0.303295816	0.123844525	0.0280686016	15.402188
2.21	0.125639484	0.000345750586	-0.431999055	-0.0433644803	0.536236977	0.28008157	0.373103977	0.30327965	0.0999406032	0.0259442015	16.865137
2.22	0.13451398	0.00031826922	-0.435379826	-0.0433331821	0.535919534	0.233923122	0.34489057	0.303233153	0.194920868	0.0238101149	15.175269
2.23	0.14396902	0.000303944155	-0.438797474	-0.0432536383	0.53535396	0.195549409	0.303545111	0.303142119	0.0961377457	0.0218333102	15.988333
2.24	0.15386791	0.000322566741	-0.442235112	-0.0431318028	0.534471067	0.155986081	0.248640713	0.30299993	0.0989699462	0.0201639401	17.063615
2.25	0.163861662	0.000388893138	-0.445784896	-0.0428325315	0.533869926	-0.0182976634	0.357161162	0.302983486	0.0440763343	0.0191095778	15.243743
2.26	0.173713084	0.000542347212	-0.449346131	-0.0425168482	0.533957992	-0.12158803	0.434279412	0.302739881	0.0663773205	0.0190557109	14.20231
2.27	0.183357489	0.000770649828	-0.452863443	-0.0421546302	0.534496134	-0.21113534	0.47239365	0.302379269	0.0452991944	0.0196920159	14.957641
2.28	0.192961048	0.00108996106	-0.45631482	-0.0417549701	0.535019765	-0.307434018	0.52488078	0.302134863	0.0888759665	0.0207015395	15.710414
2.29	0.202582733	0.00150730568	-0.45969077	-0.04128013	0.535863361	-0.414439996	0.572031554	0.301861615	0.0836471686	0.0202927979	15.538172
2.3	0.212180648	0.00203069423	-0.462968537	-0.0407340456	0.53689557	-0.527313581	0.619423686	0.301623459	0.0352471237	0.0164708129	15.120892
2.31	0.220741927	0.00248833459	-0.466147619	-0.040141344	0.538065166	-0.635797312	0.662467421	0.301524453	0.0428921864	0.010844794	13.922034
2.32	0.226527383	0.00260922216	-0.469182096	-0.0395168483	0.539273201	-0.722130639	0.66042496	0.30157034	0.0867443405	0.0382548598	15.703603
2.33	0.229130588	0.00232740907	-0.472108121	-0.0388671103	0.540537398	-0.796751962	0.634658192	0.302116884	0.0683854022	0.0300403533	15.331607
2.34	0.229943141	0.00194547227	-0.474973981	-0.0382074756	0.54178667	-0.865437367	0.567087811	0.302463677	0.0582574128	0.00751237814	14.925761
2.35	0.231661777	0.00194913575	-0.477818655	-0.0375405302	0.54308775	-0.931724418	0.485257497	0.301985557	0.109723138	0.0450454856	15.10233
2.36	0.234846187	0.00229272006	-0.48062688	-0.0368607515	0.544323268	-1.00161658	0.395706433	0.301256839	0.10709506	0.0425519238	14.829135
2.37	0.239550382	0.00290010589	-0.483388113	-0.0361723708	0.545455467	-1.06797178	0.316226678	0.300672477	0.0743963931	0.0359073222	14.532498
2.38	0.242142362	0.00302343201	-0.486123583	-0.0354899355	0.546443148	-1.14272257	0.237783544	0.300588876	0.135062568	0.0545743433	17.023953
2.39	0.242167078	0.00269677506	-0.488824436	-0.0348221238	0.547274046	-1.22354918	0.121615006	0.300611606	0.102794034	0.03882665	15.243611
2.4	0.241049602	0.00213347399	-0.491542715	-0.0341884745	0.547919369	-1.28725848	-0.0137438027	0.30074497	0.0843867278	0.0238956431	15.930879
2.41	0.242287832	0.00203397305	-0.494319877	-0.0335988877	0.548356104	-1.34217519	-0.137332327	0.300562584	0.0838871433	0.0460653028	14.868074
2.42	0.24681459	0.00245182099	-0.497127403	-0.0330650117	0.548550562	-1.34367906	-0.262742375	0.300185385	0.0623496802	0.0431066329	16.547835
2.43	0.254708885	0.00342296206	-0.499986589	-0.0326069255	0.548499118	-1.2872297	-0.376793557	0.299857121	0.131139466	0.0415971334	15.487642
2.44	0.261701887	0.0041031182	-0.502931687	-0.0322330231	0.548252552	-1.22508068	-0.47186333	0.299976218	0.106972317	0.0533084677	15.556285
2.45	0.266359423	0.00434267616	-0.505953091	-0.0319287818	0.547846125	-1.20053695	-0.576691816	0.300163162	0.0914857246	0.0457805397	15.198955
2.46	0.268306534	0.00408151864	-0.509026154	-0.0316809856	0.547173216	-1.22354316	-0.702353463	0.300797488	0.119443013	0.0324624004	17.910998
2.47	0.267743822	0.00343785707	-0.51210759	-0.0314726778	0.546109926	-1.28804613	-0.866788751	0.301709656	0.121223718	0.0277866289	15.717642
2.48	0.265626772	0.00274135275	-0.515203056	-0.0312883031	0.544670434	-1.38203828	-1.06830659	0.302562482	0.12549566	0.0178506355	15.788687
2.49	0.265230825	0.00268154992	-0.518327677	-0.0311353695	0.542807929	-1.4884958	-1.30348435	0.302102617	0.112089617	0.056883747	15.44903
2.5	0.267005468	0.00334800401	-0.52158836	-0.0312213462	0.541201745	-1.39965647	-1.33084225	0.30083949	0.0812957394	0.0567496647	16.068437
2.51	0.266595673	0.00370609473	-0.524911451	-0.0315609547	0.5396171	-1.1455813	-1.21174018	0.300459536	0.069088924	0.0487201286	15.19586
2.52	0.262410028	0.00326108677	-0.528331346	-0.0320139136	0.538639294	-0.961485936	-1.09672316	0.300634097	0.0489929173	0.0458298316	14.597094
2.53	0.254355054	0.00215414314	-0.531769731	-0.0325753693	0.538251704	-0.825304014	-0.979317069	0.301373238	0.0671958174	0.0482162149	15.83583
2.54	0.24728011	0.00157704732	-0.535158104	-0.0332198468	0.538169388	-0.704537986	-0.860158977	0.301119331	0.0653177689	0.0569485977	16.648489
2.55	0.242751349	0.00141596959	-0.538480613	-0.0339078177	0.538164397	-0.595465721	-0.678707874	0.300777574	0.0550377923	0.0568863053	14.410304
2.56	0.241517298	0.00156807157	-0.541723303	-0.0346502936	0.53824666	-0.413575057	-0.459488364	0.300638774	0.0415255576	0.0519727972	15.796625
2.57	0.243550511	0.00210210695	-0.54489085	-0.0354157058	0.538375765	-0.19758914	-0.209812474	0.300660134	0.0469842951	0.0463416302	17.019015
2.58	0.245403025	0.00235124479	-0.547953749	-0.036179107	0.538716954	-0.0307673206	0.057906283	0.301215017	0.044055607	0.0567117777	14.92074
2.59	0.245643349	0.00218623529	-0.550907331	-0.0369330741	0.5392334	0.067131743	0.271121384	0.301818536	0.0566505907	0.0566695	16.04727
2.6	0.243733302	0.00174561743	-0.553722167	-0.0376663642	0.539783231	0.118350915	0.396011122	0.302233633	0.110914726	0.0496726785	14.103857
2.61	0.238954042	0.000956917552	-0.556395315	-0.0383679283	0.540301354	0.147521644	0.44924205	0.303503756	0.101702014	0.064164715	15.601063
2.62	0.235406774	0.00060764712	-0.558930187	-0.0390471613	0.540755757	0.176520843	0.4311182	0.303637012	0.111155069	0.0573100302	15.664833
2.63	0.23377219	0.00063418609	-0.561382041	-0.0397950091	0.540688083	0.341971536	0.464083529	0.302711646	0.0554872104	0.0531105898	14.066798
2.64	0.234452745	0.00106264257	-0.563811141	-0.0405066708	0.540756019	0.457745275	0.444247778	0.300235007	0.110578627	0.0567452918	16.352971
2.65	0.23352094	0.00114514285	-0.566210929	-0.0411776961	0.540829166	0.554538575	0.413141323	0.299142269	0.105249815	0.0640150665	15.008265
2.66	0.230082099	0.000735478519	-0.568604631	-0.0418082398	0.540916782	0.613514135	0.365940177	0.299302864	0.0750981788	0.0566784938	15.197648
2.67	0.224825147	0.000171742263	-0.57103328	-0.0424122287	0.540987999	0.650307705	0.34050102	0.301021589	0.077938105	0.0651026322	15.367947
2.68	0.22183571	2.93751321e-05	-0.573521989	-0.0429774272	0.541084636	0.659907749	0.330219662	0.302280587	0.118783594	0.0545536625	15.96404
2.69	0.221826497	5.18346048e-05	-0.576047378	-0.0434919242	0.541008667	0.656467436	0.341578633	0.3032272	0.113726116	0.0460734328	13.788649
2.7	0.224838867	7.26267977e-05	-0.57859508	-0.0439405159	0.540752908	0.629442353	0.348402554	0.303739071	0.0792672609	0.0506541925	15.683995
2.71	0.230002219	0.000118820602	-0.581130805	-0.0442990179	0.540179791	0.568775342	0.327999035	0.304129361	0.105578999	0.0291500278	18.265566
2.72	0.236443925	0.00031809496	-0.583644011	-0.0445659549	0.539305431	0.447692156	0.21042057	0.302428644	0.137587813	0.0204096052	13.832028
2.73	0.245109476	0.000700259219	-0.586073587	-0.0447390346	0.537965251	0.364660624	0.0890329486	0.301741114	0.166047412	0.0228180298	16.379413
2.74	0.257026226	0.001521769	-0.588415276	-0.0448141525	0.536133705	0.300013819	-0.0493320826	0.301484883	0.0890534463	0.037382935	16.085158
2.75	0.26902002	0.00240473966	-0.590789508	-0.0446414048	0.534618434	0.051325247	-0.00484703129	0.302064107	0.0431815128	0.0656264594	15.74476
2.76	0.281859959	0.00352898828	-0.593277423	-0.0443664102	0.533878994	-0.192317975	0.119648726	0.302711083	0.105820395	0.0231269947	15.543252
2.77	0.296683896	0.00550011072	-0.595820428	-0.0439497162	0.533586161	-0.514981922	0.291168595	0.30294888	0.0571233668	0.0430164822	16.914434
2.78	0.309036587	0.00707094957	-0.59836501	-0.0434159175	0.533767984	-0.799235459	0.487448769	0.303705964	0.0449378704	0.0569460696	15.847799
2.79	0.316789251	0.00719110883	-0.600895576	-0.0428531427	0.534029135	-0.969036355	0.716344972	0.306225122	0.079258386	0.0693438486	17.731627
2.8	0.320145877	0.0059772962	-0.603416502	-0.0422277362	0.534542617	-1.08380529	0.884267062	0.309668167	0.0702901867	0.0573234455	15.603825
2.81	0.324313456	0.00554569349	-0.605980047	-0.0415495491	0.535271903	-1.18318423	0.985077808	0.311568116	0.0463331953	0.0596136142	19.170076
2.82	0.328638694	0.00557608918	-0.608590459	-0.0408481117	0.536343749	-1.22969511	1.04505945	0.311702251	0.0453251659	0.0374220787	16.835966
2.83	0.332574781	0.00585099911	-0.611207945	-0.0401443794	0.537690449	-1.22419642	1.06947935	0.310670837	0.0561823832	0.0261535239	14.274174
2.84	0.335457869	0.00609642616	-0.613805475	-0.0394391316	0.539166543	-1.1884003	1.05711432	0.309099223	0.0379652923	0.0202129552	14.386824
2.85	0.33691881	0.00614081454	-0.616360431	-0.0387396648	0.54055803	-1.10381593	1.00866896	0.307442041	0.146526317	0.0153462171	18.360152
2.86	0.33857613	0.00666537572	-0.618813517	-0.037930963	0.541405101	-1.0887846	0.998758545	0.305905402	0.115828663	0.0409303935	14.480659
2.87	0.336867725	0.00617758831	-0.621245385	-0.0371454347	0.542142215	-1.0140496	0.958587935	0.305364062	0.0836763476	0.0584708736	15.344318
2.88	0.332005833	0.00488196452	-0.623653177	-0.0363905812	0.542746752	-0.908444762	0.872674287	0.305656827	0.0837114341	0.0439829373	16.741487
2.89	0.326347354	0.00362718417	-0.626019346	-0.0356458929	0.543208034	-0.80087086	0.749377721	0.305231015	0.137114848	0.031051994	14.370732
2.9	0.320704385	0.00262937222	-0.628349721	-0.0349023247	0.54345206	-0.705760989	0.602456844	0.303949093	0.114462076	0.0262178554	14.525318
2.91	0.316970703	0.00233298758	-0.630666986	-0.0341678315	0.54355361	-0.614830746	0.437049296	0.301879665	0.0497170482	0.0426271934	16.609899
2.92	0.311935796	0.00169278597	-0.632979679	-0.0334571992	0.543534392	-0.528030538	0.262969295	0.30074612	0.0496012153	0.0656680267	18.510107
2.93	0.308431555	0.00130887428	-0.635297062	-0.0327656096	0.543434254	-0.431515709	0.103720024	0.300003694	0.156939034	0.0472095901	18.309937
2.94	0.305520001	0.000763433684	-0.637596079	-0.0321208391	0.54313785	-0.312125959	-0.0269558991	0.300180962	0.13308801	0.0423742394	17.901884
2.95	0.302942074	0.00029134179	-0.639888053	-0.0315148143	0.542676364	-0.203559868	-0.148029036	0.300705412	0.106921295	0.0692822954	16.018876
2.96	0.303119567	0.000167989367	-0.642134907	-0.0309416901	0.541944023	-0.0920289512	-0.269876602	0.300937938	0.106960098	0.0493746256	16.183346
2.97	0.306396609	0.000268601972	-0.644305023	-0.0303890267	0.540829414	0.0330420612	-0.382541836	0.300986424	0.10678447	0.0448464246	17.300201
2.98	0.312618755	0.000681182448	-0.646433146	-0.0298614195	0.539347665	0.160990102	-0.463091599	0.301029485	0.127724139	0.0424573916	17.575552
2.99	0.320674966	0.00137339003	-0.648547015	-0.0293544177	0.537470073	0.291411147	-0.486022804	0.301461243	0.0772560319	0.0109024461	19.778011
3	0.330340785	0.00251750694	-0.650664713	-0.0290210695	0.535704239	0.530333023	-0.330714429	0.302240862	0.069109235	0.0189806431	15.215245
3.01	0.340632389	0.00417581585	-0.652788654	-0.0287204855	0.534521949	0.604445112	-0.196863006	0.301220158	0.0620307707	0.0147178299	18.140328
3.02	0.348997893	0.00528718841	-0.654859306	-0.0284927474	0.533511295	0.698442922	-0.0973286968	0.300764252	0.0585591619	0.0402142228	17.174123
3.03	0.353820426	0.00530969183	-0.656841045	-0.0283391904	0.532880529	0.728743654	-0.0401623125	0.301404972	0.0631119064	0.058014081	15.996086
3.04	0.354753993	0.00415651119	-0.658735176	-0.028227297	0.53262592	0.714768972	-0.00354761432	0.30366578	0.0442874247	0.0693055651	16.814212
3.05	0.355105626	0.00319796141	-0.660575324	-0.0281233272	0.532579631	0.612178611	0.0572643021	0.305394486	0.0529318625	0.0311535952	16.240656
3.06	0.354940296	0.00242484085	-0.662337809	-0.0280526495	0.532957333	0.520706807	0.0581147325	0.30589473	0.0458846576	0.0376120229	15.501104
3.07	0.353081893	0.00149290593	-0.664061027	-0.0280207554	0.533677958	0.421508289	0.0249329031	0.306941157	0.055634331	0.0692826942	16.495489
3.08	0.352432897	0.00115644101	-0.665783184	-0.0280420717	0.534654777	0.334035645	-0.0264135478	0.306965544	0.0440918254	0.0512634796	16.257398
3.09	0.353281203	0.00132158823	-0.667538275	-0.0280909689	0.535808482	0.229442767	-0.0660554293	0.305753599	0.0854235578	0.045871232	15.822017
3.1	0.355254108	0.00192022093	-0.669273572	-0.0281640739	0.537001675	0.127673197	-0.112287019	0.303607379	0.13209017	0.0429907184	16.466563
3.11	0.358192646	0.00292154746	-0.670913179	-0.0281641584	0.537606936	-0.0776699964	-0.264536687	0.300789722	0.105815746	0.041518633	17.851468
3.12	0.358061166	0.00310551244	-0.672422714	-0.028267473	0.537698693	-0.0929153933	-0.306184653	0.30010809	0.106195005	0.0693138516	14.843094
3.13	0.356993259	0.00292127771	-0.67389098	-0.028380429	0.537730279	-0.0704371632	-0.322070454	0.299995076	0.111389147	0.0266490118	15.616301
3.14	0.357168555	0.00303645741	-0.675351831	-0.0284861857	0.537596772	-0.0162582252	-0.313088148	0.299939699	0.0868909016	0.0436523558	16.190438
3.15	0.358547479	0.00332320607	-0.676816673	-0.028577785	0.537255638	0.0841157337	-0.282243487	0.300095808	0.119165757	0.0192793802	13.864804
3.16	0.362030998	0.00411102298	-0.67826731	-0.028643097	0.536662408	0.208040216	-0.238103093	0.300228087	0.0998385065	0.0410461873	14.941017
3.17	0.365321614	0.00441557359	-0.679715499	-0.0286479289	0.535836037	0.314727423	-0.195359284	0.300853968	0.0678761518	0.0406326392	14.251356
3.18	0.370632596	0.00529769663	-0.681191261	-0.0286045947	0.534871678	0.388640647	-0.153106357	0.301128974	0.0945494562	0.0404427966	18.470725
3.19	0.374785127	0.00590458618	-0.682730131	-0.0285302983	0.533787846	0.397823256	-0.130905	0.301020021	0.123294226	0.056754208	14.79922
3.2	0.375927108	0.00538169213	-0.684306214	-0.0284102402	0.532547831	0.353867139	-0.131481299	0.302105231	0.12666887	0.0694444707	16.53106
3.21	0.374253861	0.00386983937	-0.685927536	-0.0282478375	0.531135582	0.255731312	-0.13914492	0.304590277	0.118954152	0.0685492507	14.707964
3.22	0.374235999	0.0032100855	-0.68761578	-0.0280563555	0.529607305	0.101248452	-0.153323569	0.305794474	0.13492314	0.0597777038	16.1539
3.23	0.376588153	0.00357842199	-0.689403316	-0.0278450249	0.528059706	-0.0875248023	-0.149657552	0.305285833	0.168915628	0.0515316389	16.515395
3.24	0.378125532	0.00387037124	-0.691462787	-0.0276591449	0.527820789	-0.25463488	-0.0657273882	0.303781959	0.0501554302	0.0462209575	15.155482
3.25	0.379350237	0.00422971245	-0.693629861	-0.0274860621	0.527960325	-0.427911951	0.0477716914	0.302041706	0.066046829	0.0182588983	14.133164
3.26	0.379879737	0.0044608503	-0.695924166	-0.0273344791	0.528723622	-0.58527116	0.146296969	0.300218914	0.0904614061	0.01243741	16.374044
3.27	0.378456648	0.00390305679	-0.698267964	-0.0272102836	0.529873122	-0.699342887	0.23378704	0.299227923	0.0595498637	0.0410241163	14.509656
3.28	0.376546592	0.00322457775	-0.700611358	-0.0271296284	0.531281846	-0.767041477	0.307637901	0.298601595	0.0524952078	0.0071307157	16.090769
3.29	0.374652146	0.00256749532	-0.702911054	-0.0271066035	0.53281626	-0.784340173	0.352947997	0.298242644	0.0444577673	0.00842820555	14.918346
3.3	0.37162942	0.00167379972	-0.705141354	-0.0271242926	0.534457378	-0.797011711	0.353972506	0.298447401	0.0400180106	0.0693512366	16.055287
3.31	0.369209079	0.00116242945	-0.707315909	-0.0271743897	0.536208861	-0.811468077	0.309740272	0.29885602	0.0575416089	0.0582004293	14.350749
3.32	0.367472299	0.000945305962	-0.709435716	-0.027209025	0.537892639	-0.845051225	0.242996145	0.299133363	0.108010799	0.0573779232	15.464134
3.33	0.366168515	0.000882786127	-0.711521946	-0.0272257234	0.539444087	-0.911437592	0.157844981	0.299104895	0.0895836685	0.056967639	16.086536
3.34	0.365089202	0.00087356147	-0.713577154	-0.027220075	0.540798923	-0.980134733	0.0539303939	0.298918541	0.0408106515	0.0567635078	15.10452
3.35	0.36504226	0.000854833819	-0.715612662	-0.0271936303	0.541872362	-1.00886253	-0.006740019	0.299164504	0.0827932836	0.0566626649	14.393923
3.36	0.364458518	0.000582831424	-0.717621144	-0.0271449508	0.542710357	-1.01535516	-0.0338757226	0.299894682	0.0955231912	0.0590012317	17.347239
3.37	0.363256087	0.000331118895	-0.719586801	-0.0270636885	0.543346276	-1.03164447	-0.0929080835	0.298995478	0.12961995	0.058655709	13.314333
3.38	0.363181364	0.000270120211	-0.721484544	-0.0269527103	0.543782816	-1.04274929	-0.163014771	0.298060015	0.0665647734	0.0578211863	15.927152
3.39	0.364032031	0.000354777539	-0.723325035	-0.0268172485	0.544058823	-1.0586292	-0.24778381	0.297173364	0.0678856804	0.0571968039	16.508943
3.4	0.364212587	0.000257017101	-0.725076276	-0.0266415141	0.543948521	-1.06784112	-0.314928236	0.297209495	0.0862519508	0.057909483	16.893086
3.41	0.364239511	8.86025284e-05	-0.726775654	-0.0264389938	0.543413719	-1.02988581	-0.355996477	0.298015232	0.0789306503	0.0593588112	16.395376
3.42	0.365545946	8.84887959e-05	-0.728466676	-0.0262261835	0.542591238	-0.978077938	-0.402998569	0.298185007	0.0919364972	0.0579940004	15.637715
3.43	0.367813366	0.000192370628	-0.730123729	-0.0259974288	0.541573408	-0.944472305	-0.456184281	0.298071933	0.125247852	0.0573278898	15.888681
3.44	0.3705477	0.000431228382	-0.731734133	-0.0257442725	0.540413353	-0.930603871	-0.517097819	0.298068828	0.111151591	0.0570160647	14.351656
3.45	0.371876452	0.000424065764	-0.733336655	-0.0254843102	0.539208431	-0.909605913	-0.577846921	0.29912489	0.14029626	0.0694096913	16.877934
3.46	0.371634299	0.000283566752	-0.734952142	-0.0252006045	0.53790999	-0.894236506	-0.654361456	0.299546666	0.103227214	0.0590674713	16.651676
3.47	0.372058907	0.000261642307	-0.736534856	-0.024912289	0.536473099	-0.855656703	-0.760796042	0.299957231	0.100572954	0.0573467525	15.280441
3.48	0.373220131	0.000302947674	-0.73810137	-0.0246127554	0.534801542	-0.814575517	-0.89312327	0.300219414	0.153976439	0.0497331828	15.212116
3.49	0.374155908	0.000373871662	-0.739727759	-0.0244942181	0.53350583	-0.607156871	-0.881721562	0.300576803	0.0456026208	0.0455214837	15.666799
3.5	0.37387731	0.000374934457	-0.741459975	-0.0244005873	0.533088737	-0.453435754	-0.876501704	0.300019985	0.074757926	0.0696938075	15.436895
3.51	0.372476239	0.000363739365	-0.743226415	-0.0243253133	0.532809582	-0.315330086	-0.85046624	0.298716422	0.0594879258	0.0592657795	14.890436
3.52	0.371386122	0.000470000405	-0.744907539	-0.0242810774	0.532969316	-0.145534322	-0.814966833	0.298353367	0.0647913754	0.0581320738	16.145984
3.53	0.371453467	0.000572795128	-0.746531808	-0.0242916411	0.533603758	0.0321703887	-0.776992764	0.297820449	0.0502056643	0.0575366477	14.769177
3.54	0.372308582	0.000549117154	-0.748095179	-0.0243338203	0.534563626	0.179904687	-0.727920521	0.297286515	0.0543834572	0.0572115743	14.640485
3.55	0.373702968	0.000492793298	-0.749587661	-0.0244137802	0.53581388	0.327354432	-0.678811864	0.297005879	0.0498883944	0.0500723827	18.732185
3.56	0.374549749	0.000558539382	-0.751057603	-0.0245071515	0.537231349	0.481439838	-0.576428409	0.297819168	0.0470642254	0.0569090934	15.950403
3.57	0.375692315	0.000574812376	-0.752520438	-0.0246231466	0.538842824	0.621116888	-0.459310364	0.298550483	0.0579818588	0.052399567	15.292688
3.58	0.376474724	0.000689518302	-0.753948579	-0.0247591275	0.540521526	0.735825208	-0.355762509	0.299432428	0.0592781834	0.0694325249	14.92396
3.59	0.377650891	0.000729383406	-0.755329479	-0.0248857467	0.542266429	0.792779314	-0.294309058	0.299948895	0.0776796607	0.0441195199	15.435941
3.6	0.379707736	0.000651464205	-0.756633292	-0.0249255272	0.543538701	0.737781934	-0.349970831	0.300168914	0.142877473	0.0421970502	16.272013
3.61	0.3813821	0.00046511409	-0.757869113	-0.0250707738	0.544300561	0.828735759	-0.287599373	0.30074905	0.100974538	0.0411517001	14.200603
3.62	0.383287495	0.000297328958	-0.75908765	-0.0252012323	0.545044021	0.913919674	-0.214387896	0.301369446	0.0922617561	0.0568103932	17.189594
3.63	0.384590325	0.000228545028	-0.760304801	-0.025309102	0.545625585	0.982307207	-0.14447161	0.302213995	0.113487784	0.0566933293	15.125102
3.64	0.384450336	0.000179022825	-0.761571843	-0.0254003728	0.546087302	0.992253638	-0.144098046	0.301212152	0.103443581	0.0566293631	15.790848
3.65	0.384413792	0.000137689076	-0.762870402	-0.0254613233	0.546285472	1.02530421	-0.123929147	0.30119696	0.0866777702	0.056595403	13.577268
3.66	0.385026651	0.000108245975	-0.76420716	-0.0254826849	0.546226511	1.06319473	-0.0984612436	0.301594829	0.0443062524	0.0565794317	16.212762
3.67	0.386518595	8.18535386e-05	-0.765635271	-0.0254676784	0.546015376	1.07625902	-0.0757468261	0.301964146	0.0588311228	0.069283053	17.102587
3.68	0.388729086	5.98825942e-05	-0.767190673	-0.0254147098	0.545693943	1.06024143	-0.0309539359	0.302382942	0.0992796529	0.057997851	15.893439
3.69	0.392695988	5.77194753e-05	-0.768830991	-0.0253211448	0.545384108	1.00286531	0.0146961892	0.302949174	0.0825613934	0.0572845177	15.205813
3.7	0.398033175	0.000229613624	-0.770565879	-0.0251944371	0.545052518	0.90307008	0.0598563633	0.304009946	0.112843271	0.0569375499	13.954905
3.71	0.402423271	0.000416044701	-0.772440051	-0.0250351	0.544701586	0.760080598	0.100732531	0.304492703	0.113599671	0.056774264	17.967474
3.72	0.405653313	0.000467498984	-0.774446357	-0.0248346347	0.544176266	0.572138989	0.1271616	0.304346477	0.114425537	0.0567032012	13.864074
3.73	0.408151542	0.000407128486	-0.776570261	-0.0245858568	0.54347251	0.347881382	0.141799741	0.303744372	0.100453495	0.0566778694	18.501049
3.74	0.411787312	0.000600304804	-0.778796925	-0.0243039404	0.542478751	0.104935011	0.16081407	0.302610838	0.0935984706	0.0566759523	18.788837
3.75	0.41569485	0.000675103903	-0.781140717	-0.0240812997	0.541635056	0.0150516962	0.121063676	0.30203056	0.0646591818	0.0566878555	14.868014
3.76	0.418990891	0.000554661925	-0.783621628	-0.0238226247	0.541233681	-0.0897438381	0.101272052	0.302321796	0.059806201	0.069385261	15.067241
3.77	0.42264469	0.00054891583	-0.786118946	-0.0235740132	0.540881943	-0.129573052	0.0985207168	0.303459921	0.076131073	0.0581140681	16.701291
3.78	0.426739499	0.000654390519	-0.788673792	-0.0232746419	0.540711852	-0.255120682	0.0413315796	0.30458829	0.0567976488	0.0573896127	15.271944
3.79	0.430855834	0.00083591229	-0.791219932	-0.0229308869	0.540673568	-0.391005607	-0.0611889115	0.305490893	0.0648331013	0.0570195239	13.815271
3.8	0.433241495	0.000622487258	-0.793742932	-0.0225806368	0.540710206	-0.477911799	-0.172044468	0.30696769	0.0582248605	0.0693563612	15.790622
3.81	0.435411379	0.000548007528	-0.796294019	-0.0222234389	0.540840539	-0.531462162	-0.289586756	0.307070263	0.0484864513	0.0589597348	14.967073
3.82	0.436676287	0.000491983271	-0.798893707	-0.0218544371	0.541093109	-0.56630472	-0.398858244	0.305724378	0.0491063536	0.0474811886	17.589654
3.83	0.436994417	0.000387557758	-0.801568916	-0.0214604133	0.541483978	-0.610158556	-0.481067771	0.303513333	0.053654122	0.0571752878	13.588198
3.84	0.438038253	0.000382017964	-0.804268193	-0.0210572617	0.541942144	-0.632409176	-0.541843077	0.301929659	0.039748205	0.0568724075	15.626001
3.85	0.439265133	0.000317085058	-0.80691618	-0.0206272484	0.542212932	-0.642605923	-0.583738719	0.301203982	0.119414907	0.0410399817	15.178075
3.86	0.440511127	0.000170616473	-0.809530534	-0.0201706164	0.542224398	-0.611416923	-0.58324047	0.301492193	0.112457799	0.0692857976	13.933874
3.87	0.442826202	0.000157845567	-0.812152396	-0.019686165	0.542179092	-0.563680881	-0.583479442	0.301458657	0.0955153209	0.058460816	14.840906
3.88	0.445954021	0.000272071935	-0.814813688	-0.0191748111	0.54219479	-0.540823053	-0.57949485	0.301225369	0.0750437442	0.0575035757	16.411235
3.89	0.450249405	0.000552221588	-0.817451787	-0.0187216702	0.541607229	-0.414234619	-0.629952142	0.301220783	0.104852167	0.0570328644	13.931024
3.9	0.45410441	0.000684871711	-0.82013812	-0.0182047331	0.541093759	-0.371249073	-0.561895032	0.302062831	0.0766626952	0.056805082	14.070577
3.91	0.457702965	0.00066566325	-0.822859825	-0.0176464171	0.540565698	-0.368653217	-0.432232568	0.303174536	0.0880605023	0.0567012195	16.000182
3.92	0.461117971	0.000784537569	-0.825650634	-0.0170628831	0.540066029	-0.416153817	-0.309850378	0.302360932	0.0413945324	0.0564192405	13.530776
3.93	0.465244388	0.000821029434	-0.828458479	-0.0164899576	0.539373687	-0.437530489	-0.159820938	0.302155359	0.123212101	0.0487882271	14.536793
3.94	0.471747297	0.00140647644	-0.831312913	-0.015945668	0.538574256	-0.433018826	-0.0162264735	0.301546508	0.118367075	0.0445908822	18.234025
3.95	0.478944975	0.00207932117	-0.834190093	-0.0154489626	0.537566261	-0.38418289	0.099758371	0.30122928	0.143383741	0.042402451	18.771889
3.96	0.486631035	0.00291982181	-0.837079729	-0.014993361	0.536286156	-0.303686891	0.183080923	0.300975063	0.0926404551	0.0113588699	17.347338
3.97	0.495263311	0.00428423783	-0.839989941	-0.0145916239	0.534691275	-0.180581297	0.221824919	0.300718212	0.145374036	0.0350089068	16.138437
3.98	0.501966051	0.00489331562	-0.842881763	-0.0142303127	0.532628731	-0.0414076669	0.223421314	0.301910338	0.115127302	0.0635356751	15.113552
3.99	0.506153894	0.00422953963	-0.845744832	-0.0137713115	0.530692121	-0.0719816143	0.0762145289	0.304214777	0.0890810723	0.06946067	18.149075
4	0.510502893	0.00405163915	-0.848629417	-0.0133949005	0.529438159	-0.10068237	0.0782713076	0.306042671	0.0423663242	0.0536970983	15.777706
4.01	0.515921264	0.0047268021	-0.851526559	-0.0131501556	0.528943708	-0.0717836737	0.115272716	0.306439508	0.0762659406	0.0473238384	16.706123
4.02	0.522370509	0.00623310143	-0.854416756	-0.0130243644	0.528994868	0.00133795449	0.124054038	0.305531539	0.0798248267	0.0438319434	14.878522
4.03	0.526421382	0.00671659358	-0.857259262	-0.0129959554	0.529593715	0.050173392	0.121395833	0.305473562	0.0427947075	0.069387262	15.697637
4.04	0.530232966	0.00731498132	-0.860050299	-0.0130785585	0.530717155	0.109054138	0.100254948	0.304961184	0.051926926	0.0495334007	14.174231
4.05	0.534602956	0.0084603015	-0.862770177	-0.0132541009	0.532202469	0.155491762	0.0587097518	0.303707773	0.0515199248	0.044938917	14.026641
4.06	0.537238704	0.00880592277	-0.865463971	-0.013519042	0.533926635	0.199459439	0.00796338518	0.302220229	0.0423940102	0.042495545	15.921796
4.07	0.537705868	0.00788551045	-0.868159546	-0.0138566078	0.535741303	0.239689053	-0.0270859538	0.301672209	0.0646135201	0.0412396105	13.611677
4.08	0.53684572	0.00630514482	-0.870844725	-0.0142672759	0.537597956	0.276003715	-0.0497921312	0.301656587	0.0343947786	0.0406084707	14.87508
4.09	0.537499257	0.0056644289	-0.873471296	-0.0147258348	0.539456031	0.28907711	-0.113837616	0.301234672	0.075790848	0.0402970504	14.197648
4.1	0.539641075	0.00601079277	-0.87604439	-0.0153090927	0.540767148	0.429448955	-0.0793061528	0.300983912	0.129603117	0.0401465071	15.388533
4.11	0.543206793	0.00697866262	-0.878548058	-0.0159111914	0.54202302	0.527673896	-0.0598122095	0.30071318	0.0932377275	0.0400751933	13.567479
4.12	0.54579929	0.00706065237	-0.880981335	-0.0165165765	0.543065322	0.60902557	-0.0323022133	0.301263757	0.0980699286	0.0400451294	13.638164
4.13	0.5474421	0.00634865051	-0.883398851	-0.0171264429	0.543881993	0.675144379	0.0257960897	0.302338121	0.089658951	0.0400367636	14.434697
4.14	0.550226812	0.00651056413	-0.885798943	-0.0177352036	0.544627327	0.71261289	0.0711478281	0.302729501	0.101947316	0.0565923887	15.622687
4.15	0.55429802	0.00745362557	-0.888206024	-0.0183321315	0.545222673	0.738862224	0.117829649	0.302732539	0.0548212639	0.0419847599	15.915935
4.16	0.557261412	0.00761672814	-0.890620891	-0.018905202	0.545540482	0.786965023	0.174813738	0.303232445	0.107102129	0.0410186515	15.285282
4.17	0.559054533	0.00695890727	-0.893054534	-0.0194400563	0.545708857	0.819504219	0.22467779	0.303966681	0.0868576751	0.0405443028	16.010386
4.18	0.560164234	0.00611272421	-0.895537876	-0.0199435652	0.545783231	0.819267229	0.253718495	0.30390126	0.119116127	0.0403183147	14.87869
4.19	0.562439054	0.00612721187	-0.898040105	-0.020425485	0.5456816	0.795889636	0.271681552	0.303473607	0.128819415	0.0402161601	15.652387
4.2	0.565903787	0.00696969932	-0.900541405	-0.0208605547	0.545327362	0.736458091	0.271167634	0.302712558	0.127270496	0.0401743138	14.584523
4.21	0.568015655	0.0069732367	-0.903028645	-0.0212207908	0.544616594	0.647375119	0.243779158	0.302544303	0.102893378	0.040161086	16.631889
4.22	0.569043646	0.00624684185	-0.90548753	-0.0214908444	0.543426479	0.532906612	0.170199641	0.302746849	0.127992686	0.0283411279	15.482926
4.23	0.570778125	0.00608784524	-0.907911243	-0.021667398	0.541778673	0.396200752	0.0184365853	0.302730073	0.0938233863	0.0566874083	15.508366
4.24	0.573657624	0.00652351795	-0.910323175	-0.0217755938	0.539681696	0.281925087	-0.162932729	0.302476127	0.0980100372	0.0421551915	16.265642
4.25	0.57747945	0.00739892387	-0.912849112	-0.0217932059	0.538435519	0.139797143	-0.25545795	0.302312163	0.0653684567	0.0411895988	15.166681
4.26	0.58068695	0.00757952634	-0.915489316	-0.0217292305	0.537864917	0.0267386341	-0.27105542	0.302772548	0.0619135813	0.0262230086	16.523807
4.27	0.584057244	0.00760793646	-0.918190012	-0.0216401466	0.53740301	-0.0509086577	-0.206079207	0.303515736	0.0641229348	0.00739204303	15.316058
4.28	0.588535576	0.00807332149	-0.920953393	-0.0214298469	0.537535421	-0.123391517	-0.135807322	0.303804914	0.101777343	0.0160856656	14.925335
4.29	0.594531146	0.00966873877	-0.923737404	-0.0211182137	0.53820713	-0.210731835	-0.106916258	0.30240794	0.053108361	0.0278480665	15.788589
4.3	0.601196301	0.0116682489	-0.926518814	-0.0207335295	0.53916648	-0.287590936	-0.0968668552	0.301274123	0.0708149057	0.0313953803	19.026444
4.31	0.608284519	0.0138612926	-0.929278382	-0.0203268052	0.540198939	-0.302697382	-0.103980172	0.300573623	0.0728102034	0.0316649922	16.481341
4.32	0.615777126	0.0161819816	-0.932039332	-0.0199530693	0.54122685	-0.253910638	-0.103982588	0.300344349	0.0878480034	0.030881496	14.151459
4.33	0.623897424	0.018730433	-0.93483641	-0.0196216387	0.542195475	-0.176165255	-0.0813829476	0.300471889	0.0326966839	0.0311833817	14.361282
4.34	0.632974656	0.0217262696	-0.937676305	-0.0193371878	0.543021938	-0.0834999128	-0.0370500217	0.300778886	0.0596693232	0.0330087287	15.789932
4.35	0.643265205	0.0254402839	-0.940545456	-0.0191075785	0.543661517	0.0111254729	0.0360290681	0.301139272	0.112448578	0.0357755638	14.531812
4.36	0.654928205	0.0300888109	-0.943415289	-0.0189362588	0.54405505	0.113753191	0.117637679	0.301427335	0.0994119957	0.0392407654	15.240761
4.37	0.667864747	0.0357459011	-0.946302544	-0.0188275391	0.544190206	0.197909565	0.212590536	0.301610421	0.0744572919	0.0400108612	15.618878
4.38	0.681782371	0.0423656725	-0.949196877	-0.0187740044	0.544051779	0.255152499	0.318495411	0.301676651	0.0929657655	0.0400073419	17.256042
4.39	0.696274466	0.0497908937	-0.95209553	-0.0187739295	0.543710878	0.282740671	0.426755515	0.301616435	0.0815863031	0.0400048739	14.938878
4.4	0.71092127	0.0577834502	-0.954978343	-0.018826967	0.543179285	0.260692529	0.520423723	0.301422208	0.06536005	0.0400028836	18.840686
4.41	0.725346481	0.066139353	-0.957866516	-0.0189229468	0.542540319	0.183797702	0.609506487	0.30114036	0.0990405503	0.0400013094	16.706493
4.42	0.739264289	0.0746927719	-0.960836583	-0.0190669146	0.541901119	0.061027948	0.715006469	0.300829526	0.0594453187	0.0400001937	15.904588
4.43	0.752479734	0.0833545134	-0.963915114	-0.0192474187	0.54128021	-0.111389492	0.858812286	0.300527193	0.0936613904	0.0400002499	17.554645
4.44	0.760034328	0.0867433028	-0.967055002	-0.0195462952	0.540168247	-0.152052841	0.921515173	0.301386635	0.170166882	0.0692834123	16.024196
4.45	0.766238961	0.0893196215	-0.970260405	-0.0198865041	0.539063976	-0.249068547	1.00025723	0.302213691	0.10494038	0.0434589972	17.690195
4.46	0.773056338	0.0931008872	-0.97350378	-0.0202839597	0.53790522	-0.341660304	1.0663036	0.302513435	0.0900265651	0.0417394437	14.928039
4.47	0.780950104	0.0985524601	-0.976796549	-0.0207699287	0.536652227	-0.388473993	1.09710276	0.302219032	0.104435813	0.0408771874	15.587956
4.48	0.789665834	0.105381359	-0.98012173	-0.0213387408	0.53525172	-0.408314297	1.08371322	0.301449622	0.140683691	0.0404597702	18.295446
4.49	0.79885578	0.113365845	-0.983434963	-0.021870638	0.533261497	-0.524920795	1.12692945	0.300644023	0.0898534659	0.0402684695	15.059343
4.5	0.807749285	0.12177838	-0.986804388	-0.0224721518	0.532431914	-0.544434875	1.19492412	0.299518017	0.0737820642	0.0401814573	15.76884
4.51	0.815783957	0.129214058	-0.990184076	-0.02313342	0.532343764	-0.51134567	1.24111455	0.298821717	0.0693357833	0.0401366313	14.465379
4.52	0.823398388	0.135707304	-0.993540865	-0.0238770655	0.532825078	-0.416836489	1.26768721	0.298617397	0.0618706037	0.0401085769	16.192327
4.53	0.831411234	0.141903494	-0.996833679	-0.0247077733	0.533665549	-0.265695055	1.28505805	0.298871469	0.0685428119	0.0400834968	15.184682
4.54	0.840671071	0.148574268	-1.00007007	-0.0256414688	0.53474156	-0.0362567938	1.28556476	0.299462783	0.0462857833	0.0400588931	15.638038
4.55	0.851827816	0.156429158	-1.00325229	-0.0266719818	0.536076975	0.218923079	1.26724885	0.300196338	0.0674909937	0.0400428877	13.651921
4.56	0.860352718	0.160203861	-1.00642942	-0.0277887753	0.537493425	0.457763831	1.20186459	0.301347973	0.052966235	0.0646371944	17.339641
4.57	0.86472622	0.158797491	-1.00966738	-0.0290007681	0.539045027	0.685880808	1.10652088	0.302684317	0.0696463956	0.0692975466	15.728712
4.58	0.864558727	0.151805166	-1.01293041	-0.0302719693	0.540464846	0.876121159	0.980853882	0.30485422	0.128018746	0.0604987919	15.144004
4.59	0.866670465	0.147878723	-1.01613625	-0.0315516684	0.5417195	0.996177724	0.8717122	0.306163215	0.0746604851	0.060827443	16.307851
4.6	0.873468765	0.14996589	-1.01921454	-0.0328485027	0.542854806	1.08050443	0.748740077	0.306135271	0.103026096	0.0512733969	15.987127
4.61	0.884621203	0.15783794	-1.0221526	-0.0341526085	0.543740825	1.15462762	0.633065265	0.305141037	0.125797162	0.0458699432	13.850762
4.62	0.894806246	0.164954571	-1.02500935	-0.0354516841	0.544323662	1.20138497	0.529262891	0.303692802	0.114360766	0.0429758585	15.905786
4.63	0.900194268	0.166255301	-1.02787948	-0.0367471887	0.544610857	1.21206119	0.452725537	0.303658708	0.0798380068	0.0692829824	15.57266
4.64	0.899980911	0.160568653	-1.03072753	-0.0380318508	0.544553525	1.18229194	0.384682865	0.305310949	0.130244149	0.0692860341	16.475177
4.65	0.897169731	0.152018322	-1.03359674	-0.0393251593	0.544352096	1.11569043	0.346777412	0.306573961	0.0944235802	0.0601251178	16.695097
4.66	0.89754549	0.147975354	-1.03644462	-0.0406340741	0.543993024	1.035934	0.330942171	0.307039423	0.11422764	0.0508861596	17.893541
4.67	0.902586423	0.150189482	-1.03920153	-0.0419494631	0.543485526	0.950909699	0.30205779	0.306489909	0.0742451479	0.0456950444	15.310599
4.68	0.911468938	0.157623258	-1.04189874	-0.0432548727	0.542840654	0.844808805	0.244126458	0.305064256	0.133289836	0.0429400445	15.039755
4.69	0.922649989	0.168443966	-1.0445303	-0.0445481816	0.542034255	0.725411918	0.154502891	0.303103778	0.103735017	0.041538014	16.735972
4.7	0.929653003	0.174072601	-1.04717422	-0.0458336987	0.54098152	0.604146129	0.0448910759	0.302179306	0.127446189	0.0693699995	14.155926
4.71	0.930421958	0.171511424	-1.04988788	-0.0471212791	0.539648487	0.494714955	-0.0653914812	0.302842279	0.111520881	0.0693961606	16.854541
4.72	0.925565139	0.16147582	-1.05264697	-0.0484077554	0.538027896	0.380430301	-0.176432976	0.305003147	0.134703212	0.0694279209	15.458822
4.73	0.923052494	0.154496472	-1.05533326	-0.0496984211	0.53614454	0.289038518	-0.293347275	0.306217785	0.115558775	0.0694697691	17.606694
4.74	0.926098208	0.154609235	-1.05790313	-0.0509849514	0.533915841	0.204512828	-0.427489305	0.305859988	0.0621571158	0.0578996596	14.168679
4.75	0.934262022	0.161795649	-1.06053749	-0.0522064774	0.532580587	0.132350571	-0.444011216	0.304379289	0.0416848507	0.0498013793	15.146937
4.76	0.945696249	0.173601089	-1.06320534	-0.0533382539	0.531753857	-0.0113468098	-0.425157049	0.302164329	0.0678071771	0.045288585	17.249152
4.77	0.954686328	0.182673166	-1.06594932	-0.05439723	0.531417338	-0.137844003	-0.380975953	0.299848482	0.039001704	0.0428229247	16.944222
4.78	0.957591347	0.184049116	-1.06884562	-0.0554379692	0.531326117	-0.189773976	-0.271957873	0.299448835	0.1064199	0.0694725971	16.705756
4.79	0.953857716	0.176600776	-1.07189883	-0.056374835	0.531697942	-0.301028434	-0.184347453	0.300712413	0.0434562948	0.0694339288	15.182312
4.8	0.946849062	0.165124962	-1.07504861	-0.0572127601	0.53251355	-0.432252584	-0.125038959	0.301550332	0.0427778235	0.0595329927	15.065152
4.81	0.942829708	0.157798795	-1.07817451	-0.0579744722	0.533704035	-0.561367268	-0.0994624629	0.30157081	0.0500418533	0.050595584	13.648486
4.82	0.94378143	0.156922658	-1.08117615	-0.0586458325	0.535117726	-0.700594099	-0.0973379321	0.300644265	0.0930927686	0.0455205562	16.407352
4.83	0.949186	0.161730478	-1.08407696	-0.0592463961	0.536695579	-0.844719254	-0.0997362343	0.298968185	0.0288066341	0.0428007479	13.661386
4.84	0.957445094	0.169707527	-1.08688696	-0.059775953	0.538387886	-0.929918995	-0.0688037947	0.297743252	0.0361516064	0.0413938313	16.518399
4.85	0.967521137	0.179429046	-1.08959914	-0.0601463638	0.539581127	-1.10246145	0.0869989852	0.29732778	0.110443392	0.0332289222	14.954226
4.86	0.978438148	0.188985045	-1.09221849	-0.0605790364	0.540295138	-1.01696516	0.145617593	0.297592548	0.0591195607	0.0232523122	14.419513
4.87	0.986128113	0.193856918	-1.09481956	-0.0609612659	0.540945924	-0.923186157	0.225690904	0.298583091	0.0971148208	0.0692860195	14.5878
4.88	0.989028764	0.1923403	-1.09741508	-0.0612904925	0.541434649	-0.826788265	0.30297115	0.300332414	0.0814959509	0.0692913533	14.951608
4.89	0.987088234	0.184257442	-1.10002612	-0.0615785298	0.541653003	-0.719189645	0.375572841	0.303360192	0.0614869989	0.0692971326	13.707683
4.9	0.987538235	0.179501681	-1.10256243	-0.0618245783	0.541706924	-0.593721002	0.425748784	0.30541842	0.0718365899	0.0676430032	15.750409
4.91	0.993092692	0.181814235	-1.10497677	-0.0620264508	0.541530069	-0.443902156	0.454837181	0.306037072	0.121305806	0.055220377	16.357939
4.92	1.00282097	0.190203107	-1.10730707	-0.0621852606	0.541143623	-0.28303148	0.478219066	0.305501706	0.0389010303	0.0387057028	14.138586
4.93	1.01168189	0.198012034	-1.10965622	-0.0623156643	0.540549316	-0.124769277	0.501504625	0.304355774	0.13313151	0.0442504158	17.49966
4.94	1.0157439	0.19970298	-1.11209862	-0.0624295352	0.539732378	0.0308789685	0.543228117	0.304553079	0.112031645	0.0693511788	16.431938
4.95	1.01401003	0.193774611	-1.11466979	-0.0625545886	0.538688796	0.21150074	0.596058201	0.306433373	0.102696407	0.0693565357	14.172053
4.96	1.00789511	0.182791613	-1.11733911	-0.0626896678	0.537430347	0.396011989	0.636526199	0.308603804	0.10552474	0.0554737211	16.557632
4.97	1.00420808	0.176067119	-1.12004472	-0.062827662	0.536039353	0.579776462	0.686430961	0.309657893	0.103717831	0.0606135529	14.02371
4.98	1.00516965	0.176054554	-1.1228075	-0.0628798631	0.5349709	0.568696871	0.683420208	0.308818171	0.115155785	0.0512364161	15.73474
4.99	1.01029572	0.181859294	-1.12566214	-0.0628413412	0.534200116	0.430298345	0.609655006	0.306491624	0.103430799	0.0459724147	15.155059
5	1.01753784	0.191309137	-1.12861461	-0.0628666065	0.534292376	0.360623218	0.618361316	0.303681504	0.0939131703	0.0355056325	18.211746
5.01	1.02473558	0.201236484	-1.13161718	-0.0629376783	0.534649927	0.328765745	0.669688452	0.300845654	0.0352849907	0.0250269504	16.646428
5.02	1.0273393	0.205230939	-1.13476118	-0.0630348321	0.535673441	0.259047636	0.736450822	0.298230757	0.103102812	0.0407581492	16.425802
5.03	1.02302788	0.199925081	-1.13803616	-0.0631592817	0.53707527	0.180815559	0.79216674	0.297160564	0.0654728366	0.069350031	17.576346
5.04	1.01773055	0.193056949	-1.1413024	-0.0632709322	0.538733463	0.0856249651	0.820378922	0.296568879	0.0680956482	0.046890429	15.248147
5.05	1.01430714	0.18781454	-1.14448404	-0.0633721567	0.540505766	0.0116772616	0.832273782	0.29636781	0.0577251183	0.0330704145	16.321207
5.06	1.01392377	0.185135654	-1.14753845	-0.0634585875	0.542275552	-0.0214205515	0.834668563	0.296612205	0.0531447474	0.0231319424	15.346849
5.07	1.01438549	0.182166841	-1.15042265	-0.0636163795	0.543340576	0.113472456	0.924296568	0.298072836	0.0601497383	0.0409655585	17.861412
5.08	1.01450222	0.177533038	-1.1531999	-0.0637523538	0.544377853	0.20396137	0.948982267	0.299576052	0.026318283	0.0471118298	16.275081
5.09	1.01352608	0.171435173	-1.15589984	-0.0638646908	0.545329145	0.221167303	0.904718238	0.300714859	0.0436173984	0.0692822661	17.91694
5.1	1.01220924	0.165152704	-1.15851811	-0.0639748583	0.546165641	0.210828842	0.811689454	0.3009744	0.0884315579	0.0489756058	13.594563
5.11	1.01064864	0.158847545	-1.16106987	-0.0640873031	0.546876002	0.190552396	0.685470955	0.30074325	0.067830665	0.0446323055	14.013369
5.12	1.00868009	0.152361569	-1.16353691	-0.0641982932	0.547403337	0.167542446	0.527214423	0.30033055	0.116581463	0.0423464229	14.164715
5.13	1.00606353	0.145331355	-1.16593668	-0.0642943065	0.547673104	0.135854417	0.347697092	0.300096851	0.11986785	0.0412007649	15.877816
5.14	1.00281533	0.137795761	-1.1683622	-0.0643776236	0.547771472	0.0883591698	0.168486973	0.300031106	0.113335569	0.0407504364	17.715092
5.15	1.00152963	0.132989071	-1.17078399	-0.0644519983	0.547786472	0.0405218859	-0.00533670637	0.299797918	0.0987865825	0.0137473024	14.171942
5.16	0.99999662	0.127960158	-1.17324813	-0.0645068473	0.54762339	-0.0222259798	-0.163041742	0.299779604	0.0560091924	0.0407093594	15.085167
5.17	0.997543416	0.121830009	-1.17574601	-0.0645328449	0.54724966	-0.0985787362	-0.303155945	0.300055982	0.0532021256	0.040194411	15.539698
5.18	0.994326437	0.114848751	-1.17829478	-0.0645365398	0.546774164	-0.188680699	-0.42196851	0.300475815	0.0972125569	0.0401069017	15.764613
5.19	0.989849157	0.107201166	-1.18089059	-0.0645309623	0.546124215	-0.291620241	-0.536564029	0.300973286	0.11985977	0.0566168149	16.33381
5.2	0.988423231	0.10348496	-1.18345415	-0.064509356	0.54529685	-0.393024651	-0.648189174	0.300942657	0.141474694	0.0423509055	15.921303
5.21	0.990829311	0.104306687	-1.18601331	-0.0644949	0.544393706	-0.459527669	-0.716700118	0.300339296	0.122379092	0.0414301151	15.94942
5.22	0.996303143	0.108514524	-1.18855401	-0.0644841683	0.543309008	-0.468374362	-0.723862463	0.299640392	0.114291779	0.0409345656	15.971361
5.23	1.00404352	0.114958173	-1.19105642	-0.0644626851	0.541936578	-0.436723413	-0.680167457	0.299114172	0.118800071	0.040617967	15.234622
5.24	1.00917466	0.118063823	-1.19351513	-0.0644264717	0.540216489	-0.371503363	-0.595306101	0.299386282	0.0948907936	0.0533391505	15.053257
5.25	1.01104035	0.116655928	-1.19592305	-0.0645295182	0.538673234	-0.166118002	-0.61067074	0.300098164	0.0545092404	0.0416870269	17.214309
5.26	1.01101909	0.113375417	-1.19839322	-0.0646105911	0.53786699	-0.0512093887	-0.564827875	0.300183429	0.0801461181	0.0582111451	15.212583
5.27	1.00949553	0.108613574	-1.20090246	-0.06463002	0.537296199	-0.0704806373	-0.53009186	0.299933656	0.0546896289	0.0443370539	16.572527
5.28	1.01040336	0.107222645	-1.20340695	-0.0646724987	0.537083389	-0.0345303978	-0.429181126	0.299753468	0.110927426	0.0423243009	17.638144
5.29	1.01432697	0.109626366	-1.20585997	-0.0646984476	0.53730625	-0.0451521883	-0.341309694	0.299027745	0.0938676341	0.0412674809	16.901346
5.3	1.0204613	0.114873802	-1.20825203	-0.0647236104	0.537780853	-0.0817853318	-0.276557009	0.297754163	0.0407528103	0.0391204535	14.849371
5.31	1.02364514	0.116543292	-1.21065057	-0.0647598855	0.538395679	-0.100658944	-0.213875548	0.297264855	0.055107047	0.0566963733	14.705322
5.32	1.02325605	0.113835186	-1.21303513	-0.0647898599	0.539094287	-0.117596908	-0.143346685	0.297516745	0.0518286495	0.0566408506	13.898578
5.33	1.02051481	0.108550352	-1.21539755	-0.0648305386	0.539906916	-0.121569964	-0.0999169458	0.297625709	0.0544723904	0.0491213144	13.735327
5.34	1.01970657	0.10559688	-1.21766993	-0.0648811614	0.540841111	-0.123049042	-0.100532259	0.297467672	0.0407313182	0.0385921553	14.519068
5.35	1.01884981	0.102825285	-1.21990384	-0.0649338387	0.541770511	-0.153838948	-0.118371204	0.29698841	0.133649833	0.0338291692	16.826601
5.36	1.01747296	0.099909891	-1.22207601	-0.0648925168	0.542187157	-0.309275875	-0.0587935915	0.296569664	0.0972995461	0.0256656341	15.990233
5.37	1.01434907	0.0954951311	-1.22421876	-0.0648887442	0.542671635	-0.416907901	-0.0643763303	0.296039246	0.0995562275	0.0412115781	16.65254
5.38	1.00919141	0.0892115432	-1.22636667	-0.0649386357	0.543120817	-0.470347962	-0.112999395	0.295954337	0.110662601	0.0469107078	18.904458
5.39	1.00165674	0.0811120855	-1.22857025	-0.0650520688	0.543527531	-0.50580376	-0.173917468	0.296763326	0.103091248	0.061256813	19.892386
5.4	0.991765779	0.0711612987	-1.23084349	-0.0652302393	0.543834126	-0.535833291	-0.232813262	0.298827727	0.0814392188	0.0692822052	19.626986
5.41	0.981951498	0.061780245	-1.23317652	-0.0654784525	0.544038066	-0.554132704	-0.288051106	0.300275187	0.0947432616	0.0550250959	17.660213
5.42	0.973299124	0.0539441213	-1.23553429	-0.0658116925	0.54409818	-0.53177854	-0.379985395	0.300713001	0.0750312407	0.0457496506	18.702152
5.43	0.964594287	0.0463106214	-1.23794292	-0.0662299089	0.543962322	-0.490235175	-0.489912483	0.301837677	0.128955276	0.0692842213	22.239271
5.44	0.958818667	0.0416335132	-1.24036643	-0.0667407642	0.543631571	-0.421791599	-0.628985985	0.303083934	0.0971895368	0.0677986271	21.6531
5.45	0.957129817	0.0406808048	-1.24287004	-0.067340224	0.543132078	-0.355394398	-0.766595444	0.302762097	0.116831328	0.0559181876	19.764663
5.46	0.95897657	0.0428084331	-1.24544984	-0.0680201794	0.542504893	-0.284717493	-0.904998553	0.300983369	0.143448234	0.0484124005	20.08503
5.47	0.963373873	0.0469915619	-1.24803117	-0.0687673501	0.541576252	-0.191178214	-1.06488142	0.298413441	0.147388131	0.0443143049	20.608172
5.48	0.968209547	0.0511286029	-1.2506017	-0.0695801249	0.540212214	-0.0721079025	-1.22816976	0.297045734	0.1156732	0.0575211049	19.940029
5.49	0.969041668	0.0511675001	-1.25320955	-0.0704400624	0.53837342	0.0419693489	-1.38324134	0.2973194	0.0519959287	0.0692820395	20.472293
5.5	0.965446027	0.047690352	-1.25590527	-0.0715314201	0.536818246	0.250462779	-1.34034978	0.298881353	0.0808309827	0.0587267029	21.620655
5.51	0.959491425	0.0417509597	-1.25869543	-0.0726935689	0.535834374	0.412389301	-1.23566853	0.30090827	0.0480645699	0.0693163889	20.5951
5.52	0.957265307	0.0386196095	-1.26146676	-0.0739378956	0.535034963	0.620432287	-1.10574896	0.302402139	0.0376527867	0.0587599189	19.591791
5.53	0.959821091	0.0392264515	-1.26414317	-0.0752283417	0.534587352	0.773860071	-0.942918183	0.303109865	0.0721966262	0.0501197937	21.195787
5.54	0.966473321	0.0428564058	-1.26673765	-0.0765375005	0.534454275	0.874842243	-0.761339248	0.303328825	0.056960643	0.0452892626	21.342046
5.55	0.976373982	0.0488712018	-1.26929331	-0.0778646346	0.534678157	0.929714114	-0.527902454	0.30340549	0.0676808056	0.0427260745	19.582258
5.56	0.985349127	0.0534099969	-1.27181169	-0.0791969497	0.535029826	0.947110713	-0.256638941	0.304019955	0.0750245846	0.041402741	21.776983
5.57	0.992743863	0.0565496538	-1.27428059	-0.0805333903	0.535662517	0.923459653	-0.0288072682	0.303878732	0.0497512386	0.06934859	21.648964
5.58	0.996611729	0.0561992111	-1.2767044	-0.0818422801	0.536327158	0.816924639	0.179715082	0.305127687	0.0581004801	0.069327511	23.047482
5.59	0.996816884	0.0522333567	-1.27908307	-0.0831570584	0.537179748	0.732430695	0.331634293	0.307915651	0.0767163875	0.0693113508	22.785953
5.6	0.994733923	0.0464247353	-1.28142979	-0.0844868442	0.538158228	0.639095465	0.435932202	0.311057702	0.124639284	0.066737014	21.83663
5.61	0.995811226	0.0442689982	-1.2836165	-0.0859051709	0.538657352	0.660840658	0.560642376	0.312810369	0.0993989636	0.0637245541	22.059835
5.62	1.00105591	0.0463890065	-1.28573676	-0.0873186821	0.53931625	0.606493919	0.598649143	0.312077	0.128879562	0.0601746773	21.113648
5.63	1.009243	0.0516237158	-1.28781803	-0.0887230717	0.539981954	0.524417148	0.58206625	0.309729667	0.0686543788	0.0474423608	22.023961
5.64	1.0177801	0.0573827255	-1.2898897	-0.0901367658	0.540564427	0.453130812	0.557774731	0.308272702	0.103787192	0.0668507793	20.663249
5.65	1.02151697	0.0587209442	-1.29201835	-0.0915895874	0.540933573	0.423057965	0.563974784	0.308650618	0.130363253	0.0695944089	20.611059
5.66	1.01994612	0.0549560298	-1.29421472	-0.0930703355	0.541073748	0.424359658	0.58582245	0.310807487	0.0917241708	0.0695656731	21.259559
5.67	1.01497491	0.0483295586	-1.29646243	-0.094577157	0.541159001	0.423470856	0.587631714	0.313375542	0.0709256831	0.0673060613	21.607874
5.68	1.01275183	0.0448584892	-1.29869535	-0.0961001459	0.541192648	0.41074505	0.554280872	0.314118584	0.11056473	0.0660632914	20.133471
5.69	1.01405351	0.0451699785	-1.30091478	-0.0976226628	0.541108125	0.370124784	0.483896356	0.31269839	0.133898346	0.0541594739	19.298519
5.7	1.01784843	0.0481091285	-1.30311252	-0.0991414256	0.540865409	0.322549675	0.385155324	0.309702845	0.099100516	0.047466215	22.056941
5.71	1.02279818	0.0521893324	-1.30528439	-0.100647724	0.540456389	0.28477311	0.262663735	0.305983979	0.121892432	0.037981684	23.863778
5.72	1.0242442	0.0527269245	-1.30745701	-0.102122191	0.539686245	0.258378318	0.123956855	0.304035627	0.119912601	0.0694741043	20.212304
5.73	1.02139783	0.0492801328	-1.30960386	-0.103569193	0.538446139	0.247596336	-0.039062821	0.303696235	0.146464164	0.0589823067	20.274422
5.74	1.01638145	0.043745997	-1.31167195	-0.104965411	0.536666451	0.24541941	-0.232215469	0.303660025	0.0827588953	0.0739111973	20.134411
5.75	1.01440346	0.0413785226	-1.31380023	-0.106097928	0.535270206	0.0439896848	-0.223781718	0.302937406	0.0766727196	0.0612245842	23.336028
5.76	1.01589835	0.0422630567	-1.31597122	-0.107096956	0.53458955	-0.11702502	-0.190162757	0.30100142	0.0356983342	0.0460134709	24.711486
5.77	1.01754212	0.0426882201	-1.31816845	-0.107924398	0.534287585	-0.303466581	-0.143248995	0.299723184	0.0668249072	0.0308384843	22.387309
5.78	1.01785135	0.0414232488	-1.32038952	-0.108614052	0.534456749	-0.396451726	-0.056819497	0.299350234	0.045035051	0.0591156743	20.52974
5.79	1.01731083	0.0391373977	-1.32257317	-0.109228193	0.534771604	-0.371017793	0.0837368805	0.299622862	0.0471777795	0.0583695879	19.265669
5.8	1.01665539	0.0363996268	-1.32466684	-0.109717851	0.535382653	-0.340786892	0.19031122	0.299867224	0.0535200235	0.048301425	18.986636
5.81	1.01739031	0.0345360002	-1.32665835	-0.110084971	0.536099201	-0.336229251	0.234444979	0.29974926	0.0865053911	0.0325730395	20.534842
5.82	1.02134937	0.0354301212	-1.32852541	-0.110374343	0.537052574	-0.284477504	0.261273398	0.299068094	0.0607852601	0.0513590412	20.622846
5.83	1.0280628	0.0387599769	-1.33027828	-0.110602595	0.538208151	-0.20796634	0.271147017	0.297801318	0.0300573345	0.0512551024	20.586997
5.84	1.03324901	0.0404376436	-1.33200376	-0.110787326	0.539297118	-0.111463064	0.260134845	0.297225569	0.0812317708	0.0692965485	18.557315
5.85	1.03602129	0.0396981211	-1.33371716	-0.110985281	0.540170371	0.0333084112	0.271681927	0.297950547	0.106227648	0.0692891456	22.605299
5.86	1.0394813	0.0395871711	-1.33538187	-0.111225462	0.540828177	0.221124997	0.282092121	0.298987404	0.0715331409	0.0585234552	20.833866
5.87	1.04530139	0.0417821948	-1.33698015	-0.111529814	0.541262288	0.464327006	0.27508777	0.299799163	0.100714123	0.0630332429	21.567145
5.88	1.04986433	0.0429386039	-1.33857668	-0.111906688	0.541436367	0.733837058	0.284662016	0.301095366	0.116247756	0.0620696994	22.57071
5.89	1.05224256	0.0420529659	-1.34015015	-0.112364773	0.541322711	1.04637193	0.30445918	0.30339582	0.118463833	0.0692824423	21.818761
5.9	1.0563665	0.0429455628	-1.34167743	-0.112900903	0.54105762	1.37165616	0.325010012	0.305555692	0.0677883299	0.0591582646	20.709268
5.91	1.06286037	0.0463385148	-1.34313534	-0.11349159	0.540716504	1.65742702	0.344317446	0.307062521	0.110293513	0.0505416042	19.074555
5.92	1.0676668	0.0482103392	-1.34456589	-0.114139744	0.540259281	1.92671747	0.367244652	0.308832288	0.0706061393	0.0692820805	20.741068
5.93	1.07258637	0.0505462629	-1.34596278	-0.114811227	0.539682376	2.11717855	0.392570363	0.310795381	0.120117616	0.0759713217	21.195623
5.94	1.07419467	0.0502056901	-1.34733446	-0.115454509	0.538883031	2.19447348	0.415514999	0.313058662	0.139924182	0.0693494619	21.073331
5.95	1.07180932	0.0467184754	-1.34870827	-0.116032624	0.53782299	2.1328193	0.432389828	0.31558936	0.0757011302	0.0665140497	20.708992
5.96	1.06735735	0.04168469	-1.35003864	-0.116520901	0.536390125	1.95599532	0.443904232	0.317507628	0.102134983	0.0781032915	20.373815
5.97	1.06560918	0.0396985752	-1.35129602	-0.116907635	0.534619302	1.68639716	0.428019986	0.317830095	0.150189279	0.069881126	19.34201
5.98	1.06696409	0.0410861442	-1.35249049	-0.117182518	0.532476562	1.34022497	0.378451106	0.316596224	0.119855485	0.0634417226	20.332306
5.99	1.07046693	0.0449117253	-1.35365045	-0.117352664	0.529894095	0.95582565	0.303303429	0.314333026	0.0904543556	0.060034803	21.58017
6	1.07121171	0.046526337	-1.35493733	-0.117496276	0.528084437	0.666165676	0.28710641	0.31230654	0.0702137142	0.0698208391	20.375119
6.01	1.06824223	0.0447007473	-1.35628206	-0.117588171	0.526831929	0.426790991	0.315043707	0.311193797	0.0626910069	0.0695465692	19.953736
6.02	1.0660236	0.0435962104	-1.35769293	-0.117642809	0.525989224	0.279378122	0.331665754	0.309956409	0.0755754748	0.053442003	22.175373
6.03	1.06536115	0.0439259963	-1.35916143	-0.117576191	0.525440916	0.0650171076	0.383505505	0.308206596	0.0372058934	0.0549037139	19.97998
6.04	1.06548272	0.0448127632	-1.36069002	-0.117398394	0.525439186	-0.113625418	0.413410535	0.305717177	0.0519251708	0.0458042353	21.414437
6.05	1.06695649	0.0466151466	-1.36227593	-0.117097863	0.525978459	-0.289376304	0.430849959	0.302571842	0.0518360762	0.0569155568	22.699588
6.06	1.0662705	0.0457402764	-1.36398563	-0.116699281	0.52706706	-0.453277578	0.456163161	0.299673351	0.0775003128	0.0692895187	21.177968
6.07	1.06307623	0.0417495905	-1.36582785	-0.116250799	0.528615337	-0.557519274	0.497583431	0.297828943	0.0287176995	0.0692857007	21.041601
6.08	1.05885022	0.0362303472	-1.36778866	-0.115823336	0.530420267	-0.537191424	0.522711693	0.29671571	0.0328569127	0.0652051648	20.071853
6.09	1.05472759	0.0306146898	-1.36980454	-0.115352841	0.532557223	-0.542850005	0.495546533	0.295515122	0.0462514944	0.0729055387	20.55339
6.1	1.05289733	0.0270284428	-1.37171581	-0.114916278	0.533841057	-0.45269256	0.453825638	0.295543102	0.11336908	0.0800000001	20.922878
6.11	1.05102979	0.0231102087	-1.37370384	-0.11446268	0.535330669	-0.359415473	0.39588131	0.296305823	0.101456142	0.078131016	22.024689
6.12	1.05133242	0.0204908008	-1.37574857	-0.113981365	0.536828086	-0.267368545	0.340514004	0.297630798	0.12273228	0.08	21.594333
6.13	1.05384956	0.0196487991	-1.37785093	-0.113502058	0.538175429	-0.17083439	0.263079165	0.298431976	0.0761786176	0.08	21.226082
6.14	1.05750985	0.020237604	-1.38005651	-0.113026766	0.539347564	-0.0743589953	0.15752988	0.297457436	0.0937305124	0.0705413197	19.05195
6.15	1.06166187	0.0218585903	-1.3823825	-0.112571316	0.540264417	0.0340673278	0.0377620515	0.295064763	0.10593185	0.0631667863	21.695072
6.16	1.06680517	0.0247577252	-1.38478006	-0.112110919	0.540846805	0.145277898	-0.113236417	0.291526641	0.120182247	0.0629153345	23.105311
6.17	1.06981918	0.0258134915	-1.38728345	-0.111662989	0.541097686	0.303862957	-0.240574868	0.289846548	0.0602279094	0.0774142914	22.242144
6.18	1.07054875	0.0247709079	-1.38992751	-0.111217544	0.541052228	0.501268983	-0.334912141	0.28987824	0.0961131236	0.0727365065	20.756243
6.19	1.06979251	0.0226861938	-1.392704	-0.110796568	0.540803299	0.685029727	-0.433006214	0.290697703	0.0963322911	0.0716754318	20.621838
6.2	1.07003561	0.02154038	-1.39558106	-0.110398854	0.540406505	0.849695156	-0.552200961	0.292286225	0.0842154658	0.0704649565	23.084141
6.21	1.06881727	0.0194528366	-1.39857532	-0.110039451	0.539739241	1.02200992	-0.678992183	0.2946231	0.11796179	0.0698641678	21.636188
6.22	1.06576944	0.016191744	-1.40164377	-0.109735919	0.53880666	1.20623705	-0.819418672	0.29752247	0.0841439053	0.0695678874	21.22529
6.23	1.06411533	0.0143900687	-1.40474836	-0.109487617	0.53767343	1.41121414	-0.978091169	0.299308568	0.12376002	0.0697356288	22.159566
6.24	1.06198777	0.0121389384	-1.40786659	-0.109298543	0.536297621	1.64949612	-1.14060893	0.301616321	0.0786473763	0.0800000001	23.100456
6.25	1.05935267	0.00926137587	-1.4109616	-0.109179146	0.534665832	1.92153319	-1.29752201	0.304735655	0.0838439795	0.0680621015	22.622658
6.26	1.05681087	0.00616769511	-1.41407661	-0.109055127	0.533217338	1.9670218	-1.31136495	0.308782355	0.0532904559	0.0800000001	21.837514
6.27	1.05538652	0.00351326446	-1.41715937	-0.108897601	0.5318765	1.88902106	-1.21858902	0.313487976	0.074330855	0.08	21.481286
6.28	1.05617961	0.00176689043	-1.42019137	-0.10872591	0.530692158	1.72662722	-1.14156904	0.318236734	0.0445733724	0.08	22.676579
6.29	1.05903842	0.00157857326	-1.42320117	-0.108600157	0.529993955	1.58360445	-1.00056346	0.321052108	0.0542066855	0.0704436553	21.385634
6.3	1.06271313	0.00190964396	-1.42616813	-0.1084656	0.529689467	1.42621467	-0.819366313	0.322713951	0.0535550802	0.08	20.38611
6.31	1.06714698	0.0026943576	-1.42908746	-0.108297788	0.529755708	1.23619357	-0.63113928	0.322670412	0.0407237352	0.0799999999	20.530094
6.32	1.07159161	0.00355642424	-1.43195404	-0.108150347	0.529866704	1.09364424	-0.371606864	0.322334103	0.0786420566	0.08	20.918343
6.33	1.07633067	0.00433412421	-1.4347501	-0.107956563	0.530304912	0.920496802	-0.136809841	0.32195154	0.0321407225	0.08	21.617031
6.34	1.08186082	0.00533204834	-1.43750406	-0.107730867	0.5310626	0.73489234	0.0718179161	0.320877759	0.0391056805	0.08	21.35755
6.35	1.08840149	0.00683805238	-1.44014308	-0.107460568	0.531886412	0.532901843	0.212000543	0.318848907	0.129566695	0.0800000001	21.894783
6.36	1.09650836	0.00899468877	-1.44263652	-0.107166654	0.532646205	0.325824094	0.31812585	0.317345433	0.0923941135	0.08	19.726244
6.37	1.10461077	0.0105714584	-1.44495497	-0.106863812	0.533204672	0.138352224	0.369696752	0.317732509	0.128397562	0.0758212299	20.903144
6.38	1.11169851	0.0110199911	-1.44714135	-0.106559462	0.533543088	-0.0136346305	0.357806018	0.319668421	0.0815971914	0.08	20.172681
6.39	1.1177083	0.0104076543	-1.44918009	-0.106109479	0.533077395	-0.262186845	0.394692023	0.323678797	0.110073053	0.0737836032	21.027736
6.4	1.12365829	0.00934058241	-1.45112884	-0.105706834	0.53254129	-0.384055891	0.341869778	0.328520154	0.107231696	0.0694344977	21.295357
6.41	1.13005743	0.00829013982	-1.4530464	-0.105344751	0.531876103	-0.446625827	0.240456794	0.333894689	0.076847165	0.08	23.166897
6.42	1.13714779	0.00783793269	-1.45500176	-0.104964375	0.531077498	-0.502468884	0.113560829	0.338445312	0.143304454	0.079127408	23.17282
6.43	1.14390704	0.00774885103	-1.45705913	-0.104557869	0.530218626	-0.566192081	-0.0512881188	0.341314494	0.0829661372	0.0712418625	21.800538
6.44	1.14978964	0.00807962139	-1.45926208	-0.1041278	0.529378536	-0.647334327	-0.245665335	0.34234076	0.0754975813	0.069314376	24.285961
6.45	1.15479384	0.00905505714	-1.46161216	-0.10365702	0.52860142	-0.759042205	-0.462265709	0.3417072	0.0745220971	0.0697341309	22.156938
6.46	1.15904695	0.0109163987	-1.46411625	-0.103128698	0.527976495	-0.923383773	-0.694924976	0.339374461	0.094925836	0.070333537	19.500035
6.47	1.1633537	0.0129849195	-1.46662333	-0.102519123	0.527443825	-1.13665492	-0.933053787	0.337638733	0.117353229	0.08	21.296088
6.48	1.16488807	0.0130267784	-1.46920737	-0.101983363	0.527567209	-1.21886013	-0.97167418	0.337984322	0.142752044	0.0800000001	23.519859
6.49	1.16382031	0.0107927978	-1.47173115	-0.101596778	0.527811386	-1.05247627	-0.946941314	0.340026145	0.0699130588	0.0744824393	21.17543
6.5	1.16131314	0.00739891638	-1.47413422	-0.101291122	0.528475484	-0.819807315	-0.830089282	0.343269144	0.127257582	0.0781191094	23.403514
6.51	1.15890406	0.0041286768	-1.47638282	-0.101050783	0.529449743	-0.522220229	-0.645350284	0.347045886	0.0470776755	0.08	22.811241
6.52	1.15724008	0.00199371689	-1.47857101	-0.100786528	0.530510181	-0.458445149	-0.360760417	0.34980907	0.036566918	0.0702908595	19.402529
6.53	1.1561323	0.00109929972	-1.48070286	-0.100516408	0.531962259	-0.420227774	-0.131913989	0.349911777	0.0667741001	0.0800000001	20.039734
6.54	1.15559204	0.000999891506	-1.48276054	-0.100253905	0.533614592	-0.404091208	0.0674532149	0.347772569	0.0799756867	0.0614115735	20.416037
6.55	1.15646382	0.00174369703	-1.48475837	-0.10002202	0.535480866	-0.389909204	0.261992354	0.343997794	0.0754635245	0.0706313885	20.458651
6.56	1.159422	0.00331963677	-1.48665614	-0.0998325768	0.537451145	-0.359125543	0.481995812	0.339419981	0.0680895246	0.0652362939	20.249828
6.57	1.16364982	0.00506438565	-1.48844808	-0.0996285553	0.539102182	-0.390243679	0.641536283	0.334107589	0.0835299263	0.08	20.669507
6.58	1.16872557	0.00592227924	-1.49000297	-0.0995561646	0.54083418	-0.274739538	0.827051614	0.331168596	0.049719814	0.08	20.210211
6.59	1.17567427	0.00661414753	-1.49132781	-0.0996245201	0.542512579	-0.0608022947	1.0072329	0.330842796	0.0373314428	0.0800000001	20.510834
6.6	1.18299015	0.00648590148	-1.49242095	-0.0998062168	0.543852755	0.188335148	1.17840744	0.332799895	0.124905061	0.0797858868	19.491446
6.61	1.19138676	0.0068265237	-1.49336839	-0.100071043	0.544878105	0.398972232	1.30556872	0.335061718	0.133704971	0.08	22.842569
6.62	1.19958988	0.00682979467	-1.49424097	-0.100420436	0.545521557	0.578241752	1.40895553	0.338016414	0.145827863	0.08	22.491519
6.63	1.20749882	0.00753671718	-1.49512124	-0.10084102	0.545782576	0.696091933	1.46786554	0.33924213	0.0782145919	0.08	23.116413
6.64	1.21504802	0.009138973	-1.49606874	-0.101307776	0.545725554	0.719139348	1.46163969	0.338233771	0.130603583	0.0799999999	20.081288
6.65	1.22145316	0.0106364367	-1.49709902	-0.101818888	0.545352568	0.698509861	1.42737909	0.336496994	0.0852678866	0.08	21.763337
6.66	1.22727412	0.0113086378	-1.49813735	-0.10239481	0.544669549	0.681602065	1.38466459	0.336355831	0.095112599	0.08	21.737636
6.67	1.23266052	0.0109257487	-1.49917057	-0.103048144	0.543684185	0.687002275	1.34494012	0.338678558	0.0430904578	0.08	21.763823
6.68	1.2382453	0.0111141443	-1.50031724	-0.103760349	0.542537514	0.63527315	1.27706083	0.340397589	0.085199261	0.0800000001	23.630238
6.69	1.2426369	0.0113286221	-1.50161851	-0.104533318	0.541245672	0.525173999	1.19271935	0.340966136	0.0793035396	0.074907677	21.366183
6.7	1.24576981	0.0114250854	-1.50304669	-0.105384068	0.539826661	0.405717786	1.10764579	0.34076582	0.114507045	0.0718956524	20.189461
6.71	1.24797563	0.0113474312	-1.50454882	-0.106300967	0.538252539	0.289220275	1.01289971	0.34025238	0.116132219	0.0700888189	20.667887
6.72	1.24953522	0.0110411864	-1.50610499	-0.10728379	0.536516609	0.193265394	0.904699249	0.339856115	0.0989889937	0.069295143	21.519707
6.73	1.25079643	0.010549928	-1.50765085	-0.108304924	0.534505323	0.124265395	0.753451514	0.339782121	0.135445815	0.0659178831	22.579226
6.74	1.25213479	0.0102027617	-1.50921274	-0.109367953	0.532249357	0.0887335358	0.557813093	0.339787113	0.101717014	0.0601376212	23.068832
6.75	1.25345102	0.0103485962	-1.5109829	-0.110466875	0.530869041	-0.00474197233	0.45502076	0.339592731	0.0637286699	0.0625784521	23.427085
6.76	1.25502263	0.0113421954	-1.51291987	-0.111576104	0.530166856	-0.131138433	0.416163235	0.338879228	0.0364879221	0.0714129968	23.931765
6.77	1.25738152	0.0136541032	-1.51494004	-0.112721053	0.529444646	-0.231894018	0.442769577	0.337848288	0.0431896812	0.0782296132	20.881937
6.78	1.26048735	0.0173310804	-1.51712658	-0.113874572	0.529349248	-0.342793478	0.491110583	0.336293056	0.0549400855	0.0750734658	22.412787
6.79	1.26396264	0.021989139	-1.51938921	-0.114997535	0.529710881	-0.460901729	0.507962196	0.334452603	0.0583341562	0.0721779217	21.44325
6.8	1.2639593	0.0239099897	-1.52169767	-0.116126062	0.530497481	-0.531692886	0.510879243	0.334232677	0.0623503276	0.062634401	22.679013
6.81	1.26182924	0.0246785063	-1.52407907	-0.117241085	0.531740635	-0.585125661	0.477783443	0.334690744	0.0546820054	0.0746583261	21.735008
6.82	1.25599534	0.0222170012	-1.52644068	-0.118315451	0.53322411	-0.617577276	0.393889178	0.336272413	0.0809152278	0.0799999999	20.6252
6.83	1.24982708	0.0198137805	-1.52875649	-0.119301483	0.53463194	-0.690496665	0.288594351	0.337671311	0.0473812452	0.08	20.891177
6.84	1.24387404	0.0177488069	-1.53106242	-0.120279149	0.536182065	-0.659589602	0.094318104	0.337964745	0.0576400401	0.0705247476	20.691637
6.85	1.2372238	0.0149608182	-1.53331236	-0.121262082	0.537740296	-0.547321023	-0.137902161	0.337302919	0.111084285	0.0748162016	21.53429
6.86	1.23095172	0.0119784453	-1.53549611	-0.122262807	0.539198471	-0.359104975	-0.402540369	0.33580458	0.0913015644	0.0712294173	20.413494
6.87	1.22720379	0.0103686014	-1.53764782	-0.123286584	0.540515807	-0.110595853	-0.685543836	0.332224789	0.104890218	0.0606155529	19.702827
6.88	1.22726576	0.0109853163	-1.53981241	-0.124276353	0.541729638	0.104301861	-0.945529101	0.326185797	0.0743429331	0.0716515053	20.162724
6.89	1.23015731	0.0128972488	-1.54199509	-0.125186206	0.542789196	0.236124189	-1.17418321	0.318077062	0.0843310971	0.070453032	19.887264
6.9	1.23524035	0.0154138165	-1.54416919	-0.125995289	0.543624648	0.283247299	-1.35433215	0.308630054	0.0994759385	0.0698582749	20.206371
6.91	1.24182976	0.0174650892	-1.54620894	-0.12676338	0.543749814	0.376411908	-1.5702526	0.300437728	0.0713522308	0.0799999999	20.254651
6.92	1.2496165	0.0196332396	-1.54826381	-0.127425661	0.54373743	0.322422878	-1.6916303	0.292589111	0.0421031276	0.0716499747	20.712413
6.93	1.25889368	0.0218271558	-1.55030255	-0.127999015	0.543448915	0.186047212	-1.71959663	0.287046685	0.108086585	0.0800000001	21.092715
6.94	1.26919723	0.0240353124	-1.55238101	-0.128488612	0.542949964	-0.0311874158	-1.64302044	0.283518377	0.0876807996	0.08	21.365411
6.95	1.27982334	0.0263171874	-1.55452901	-0.128945908	0.542224789	-0.298304409	-1.46745138	0.282176308	0.117742012	0.0780503783	20.571759
6.96	1.29055417	0.0286440008	-1.55676114	-0.129371533	0.541381879	-0.585726718	-1.22892603	0.281501902	0.097595535	0.08	22.426423
6.97	1.30083164	0.0306465312	-1.55903859	-0.129774771	0.540351322	-0.854863334	-0.976891503	0.281004065	0.105770185	0.08	22.06473
6.98	1.31012645	0.0325813995	-1.5613451	-0.130164765	0.539074025	-1.09598176	-0.731089202	0.281010421	0.112472245	0.0750084099	20.384779
6.99	1.31831972	0.0341594167	-1.56368843	-0.130652571	0.538084332	-1.11553198	-0.406469932	0.280699186	0.0725913923	0.08	20.610808
7	1.32520033	0.0356286904	-1.56601935	-0.131136648	0.537768468	-1.07009153	-0.129344619	0.280500823	0.055225273	0.0747878296	21.755371
7.01	1.33010951	0.036336672	-1.56837178	-0.131639412	0.537938431	-0.915975342	0.0552925902	0.278157696	0.0660038925	0.0720324755	25.03869
7.02	1.33340992	0.0364802555	-1.57069855	-0.132057808	0.537996134	-0.886463748	0.306299648	0.277215671	0.0533869129	0.08	24.610009
7.03	1.33591574	0.0363383226	-1.57299063	-0.132500952	0.538181233	-0.788396825	0.492379695	0.276863368	0.0842083131	0.08	23.119798
7.04	1.33721491	0.0361548091	-1.57519147	-0.132982033	0.538414195	-0.680106642	0.618050686	0.277525741	0.078568324	0.0727394036	20.33002
7.05	1.33724394	0.0357769805	-1.57730964	-0.133494895	0.538675614	-0.535938225	0.67145035	0.278739894	0.0345724586	0.0609990987	23.113505
7.06	1.33619038	0.0351593701	-1.57933162	-0.134020633	0.538860445	-0.338820988	0.659547948	0.280387794	0.0811053028	0.0598865757	21.051791
7.07	1.33468221	0.0343832232	-1.58122342	-0.134559217	0.538914155	-0.0798770617	0.602939584	0.283620498	0.0339995548	0.0729659976	20.990578
7.08	1.33310926	0.0333253136	-1.58304519	-0.135119212	0.538992315	0.179514198	0.537876647	0.288402412	0.0732357241	0.08	20.419434
7.09	1.33130184	0.0319042631	-1.58480988	-0.135717375	0.539083958	0.427929561	0.459761328	0.29408335	0.0332644845	0.08	20.070247
7.1	1.327693	0.0300847272	-1.58657457	-0.136372174	0.539082622	0.691827196	0.376145403	0.298048147	0.0982364421	0.08	22.411558
7.11	1.32334993	0.0280921875	-1.58832113	-0.136996133	0.538882494	0.879708461	0.311658481	0.302219345	0.137385506	0.08	21.954508
7.12	1.31885124	0.0260894563	-1.59002821	-0.137560907	0.538487164	0.961144331	0.27408908	0.307279288	0.0750989265	0.08	19.546902
7.13	1.31366596	0.0237795317	-1.59168773	-0.138059965	0.537855892	0.933575882	0.270166404	0.313649366	0.0796576421	0.08	20.718098
7.14	1.30799882	0.0210282505	-1.59332297	-0.138502291	0.536997671	0.842091481	0.321055816	0.321219404	0.0884453908	0.08	20.271923
7.15	1.301505	0.0183881586	-1.59500696	-0.138921094	0.536026312	0.740057509	0.405718965	0.32715522	0.115484492	0.0794908995	21.821869
7.16	1.29582823	0.0159984433	-1.59671174	-0.139276547	0.534996874	0.603422628	0.531658331	0.332604046	0.0827119144	0.08	23.625038
7.17	1.29054296	0.0142227571	-1.59847721	-0.139483222	0.533414832	0.304154402	0.564440646	0.336084575	0.0419889476	0.0731174418	21.857873
7.18	1.28592151	0.0124757237	-1.60029943	-0.139621133	0.532048832	0.0119587084	0.667174156	0.339636211	0.110980757	0.08	21.609173
7.19	1.28225671	0.010119373	-1.60215346	-0.139658871	0.530817393	-0.316011263	0.823203969	0.343827882	0.139719768	0.08	20.258436
7.2	1.28014514	0.00723582995	-1.60402289	-0.139584726	0.529576904	-0.682067311	1.02568149	0.348488352	0.101183817	0.08	21.239766
7.21	1.28158903	0.00500447405	-1.60589794	-0.139390835	0.528289272	-1.0867874	1.25773582	0.352788607	0.0972055046	0.08	22.506455
7.22	1.28676772	0.00377412187	-1.60767166	-0.139185882	0.526456214	-1.39825331	1.56979034	0.356593564	0.161534715	0.08	21.764466
7.23	1.29554581	0.00349999902	-1.60945637	-0.139065262	0.525127594	-1.52112521	1.73046919	0.359103225	0.132241312	0.08	24.727886
7.24	1.30512656	0.00326894459	-1.611269	-0.139053547	0.524196056	-1.49125768	1.69872709	0.360281344	0.0722532402	0.08	24.265914
7.25	1.31662806	0.00353038092	-1.61316428	-0.138979812	0.523988762	-1.41931387	1.65261611	0.361126697	0.0938701614	0.08	22.98101
7.26	1.3301396	0.00430040637	-1.61503645	-0.1388576	0.524228576	-1.319749	1.5612948	0.361856609	0.0867661744	0.08	22.242983
7.27	1.34528377	0.00547590355	-1.61686737	-0.138708901	0.524777861	-1.17918688	1.45405306	0.362803037	0.0700638044	0.08	21.868615
7.28	1.36178707	0.0069970153	-1.61865408	-0.13852761	0.525512893	-1.04544789	1.34875749	0.364079853	0.0524093301	0.08	21.094118
7.29	1.37931008	0.00880776973	-1.62038976	-0.138335589	0.526537359	-0.880205618	1.27157654	0.365865648	0.0311211727	0.08	22.236484
7.3	1.39786277	0.0109500079	-1.6220916	-0.138126302	0.52774156	-0.735573594	1.22149584	0.368089416	0.0298421107	0.08	20.881266
7.31	1.41737604	0.0134543481	-1.62373124	-0.13790882	0.529185811	-0.575869562	1.21652786	0.370871729	0.0308237634	0.08	18.660936
7.32	1.43806747	0.0164371067	-1.62528258	-0.137675694	0.5306572	-0.440622337	1.24214261	0.372954398	0.0481251085	0.08	19.060534
7.33	1.46013844	0.0200155371	-1.62675053	-0.137450473	0.532114747	-0.324925976	1.30351373	0.37494664	0.0477888243	0.08	19.501333
7.34	1.48387157	0.0243613597	-1.62809905	-0.137219878	0.53349526	-0.255732592	1.40405256	0.376824397	0.0498299158	0.08	20.022795
7.35	1.50834553	0.0291641225	-1.62928119	-0.137112075	0.534147371	-0.0212858307	1.41544104	0.378894034	0.116878412	0.08	18.783299
7.36	1.5311629	0.0327395027	-1.6303617	-0.137041197	0.534707811	0.223459083	1.47858548	0.382600612	0.109091167	0.08	19.360371
7.37	1.55414221	0.0366545349	-1.63131635	-0.137022603	0.535084722	0.514413748	1.56254513	0.386522572	0.0727581516	0.08	18.312843
7.38	1.57764792	0.0414396133	-1.6321614	-0.137062294	0.535217739	0.856405853	1.65601485	0.390572757	0.0524308514	0.0800000001	21.715902
7.39	1.599346	0.0449983609	-1.63293625	-0.137166271	0.535052806	1.23132831	1.76733805	0.395946273	0.0671984858	0.0799999999	19.446092
7.4	1.62097503	0.0491479971	-1.63365536	-0.137345155	0.534545953	1.63219287	1.89781373	0.400820669	0.0817739647	0.08	20.466009
7.41	1.64031897	0.0519293803	-1.63438244	-0.137605129	0.533828553	2.04138452	2.03910144	0.405372757	0.0775259691	0.0746336101	21.27519
7.42	1.65913473	0.0552379133	-1.63514118	-0.137967497	0.532937932	2.48335731	2.16511778	0.409375382	0.0837207526	0.08	19.985524
7.43	1.67759305	0.0594287369	-1.63598065	-0.138440522	0.531956814	2.93914506	2.29105213	0.412524574	0.111610477	0.08	19.539904
7.44	1.69539904	0.0642530112	-1.63691391	-0.139033019	0.530856595	3.40552832	2.41426481	0.415061449	0.107610446	0.08	22.230003
7.45	1.709592	0.0670443999	-1.63795907	-0.139692599	0.529517658	3.74326333	2.49870008	0.418219759	0.13123317	0.08	17.709557
7.46	1.72215706	0.0703051124	-1.6391642	-0.140291936	0.52850997	3.64369224	2.43203046	0.418381949	0.108577607	0.08	20.625374
7.47	1.73340533	0.0742351004	-1.64059209	-0.140742242	0.52795705	3.13667253	2.21656936	0.414686237	0.155209127	0.08	20.538986
7.48	1.74006964	0.0757413845	-1.6422642	-0.140939569	0.52750454	2.1693178	1.88727223	0.41083285	0.130496607	0.08	18.781967
7.49	1.74163618	0.0744418777	-1.64426199	-0.140865896	0.527288343	0.989695908	1.38877668	0.407676972	0.0658127329	0.0751346901	19.677475
7.5	1.73781844	0.0709804965	-1.64665765	-0.140714835	0.527928409	-0.038366398	0.928368308	0.406158207	0.086894399	0.08	19.123481
7.51	1.72887685	0.0660524204	-1.64939691	-0.140504715	0.529129665	-0.894843385	0.460803574	0.405965347	0.0607727616	0.08	19.01908
7.52	1.71688832	0.0608942444	-1.65244168	-0.140184732	0.530757023	-1.69308947	0.0179365249	0.406208198	0.0796258765	0.08	19.615364
7.53	1.70560998	0.0585465331	-1.65570539	-0.139767937	0.532831886	-2.3946254	-0.37164945	0.404761313	0.0709140778	0.0799999999	19.945577
7.54	1.69420041	0.0557844133	-1.65910182	-0.139303325	0.535438883	-3.00332804	-0.671333008	0.401136303	0.0702834369	0.08	18.222814
7.55	1.68311054	0.0522776693	-1.66250769	-0.138854268	0.537952616	-3.43241693	-0.781727927	0.395924823	0.0539905683	0.0752429432	20.092099
7.56	1.67316285	0.0486056954	-1.66601406	-0.138352131	0.540895195	-3.84496616	-0.81358819	0.388093931	0.0702149281	0.0712957768	28.985809
7.57	1.66507714	0.0452528619	-1.66957739	-0.137790722	0.544056607	-4.2177885	-0.778212516	0.377888073	0.062796292	0.0714188336	22.333595
7.58	1.65979058	0.0433822184	-1.67323052	-0.137190763	0.547322009	-4.52015363	-0.700108387	0.364478004	0.0715683873	0.08	23.289642
7.59	1.65615968	0.042504415	-1.67701379	-0.136526121	0.550205684	-4.82530181	-0.676323638	0.34903728	0.0617230994	0.08	19.065235
7.6	1.65202407	0.0418868214	-1.68098008	-0.135868862	0.55304031	-4.95620723	-0.609494556	0.334217933	0.129285858	0.08	21.496028
7.61	1.64638508	0.0412434499	-1.68509158	-0.135232078	0.555640872	-4.94758707	-0.525216667	0.321346062	0.0839670342	0.08	25.952987
7.62	1.63923916	0.0404735326	-1.68930093	-0.134600159	0.557909581	-4.83670116	-0.458590189	0.310956373	0.0520974134	0.08	18.55132
7.63	1.63105984	0.0388465176	-1.69347334	-0.134020267	0.559724914	-4.6157944	-0.423959075	0.302848126	0.0916592769	0.08	20.384184
7.64	1.62514642	0.0371014687	-1.69747067	-0.133529246	0.561031241	-4.22811796	-0.395060491	0.294589583	0.0566105342	0.0696909971	21.273644
7.65	1.62263809	0.0360390709	-1.70127956	-0.133121994	0.561909257	-3.74158248	-0.351617792	0.285820614	0.0676722564	0.08	19.738865
7.66	1.62197859	0.0357528102	-1.70499558	-0.132773001	0.56226545	-3.21490173	-0.315242869	0.27689213	0.0818925954	0.08	20.66254
7.67	1.6209893	0.0354612078	-1.7087173	-0.132479772	0.562144244	-2.66555112	-0.284878984	0.26907133	0.0710415885	0.08	20.27122
7.68	1.61824373	0.0345368499	-1.71251513	-0.132234371	0.561604318	-2.12354993	-0.279115276	0.263267806	0.1022752	0.08	22.029767
7.69	1.61348847	0.0327830191	-1.7163985	-0.132029901	0.56068908	-1.60085656	-0.324975578	0.259699838	0.130117965	0.08	19.861929
7.7	1.60885324	0.0306653474	-1.72028384	-0.131867383	0.559375907	-1.00841966	-0.378274204	0.257390216	0.137064763	0.08	20.333457
7.71	1.60503645	0.0290326936	-1.72413744	-0.131780469	0.557631781	-0.361826254	-0.438985935	0.256294753	0.113029194	0.08	22.816552
7.72	1.60378486	0.0275971848	-1.72788761	-0.13174967	0.555455831	0.341589955	-0.499068606	0.253735763	0.101439173	0.08	21.057517
7.73	1.60586495	0.026404993	-1.7314896	-0.131729798	0.552826923	1.04206581	-0.58087121	0.249028156	0.117120433	0.08	20.903449
7.74	1.61134262	0.025568221	-1.73496212	-0.13168025	0.54972947	1.70329096	-0.683247383	0.242409704	0.0615360964	0.08	23.807662
7.75	1.61985904	0.0252295454	-1.73844143	-0.131470417	0.547015579	1.98078852	-0.563952522	0.234515303	0.049758121	0.08	22.586142
7.76	1.63064412	0.0262602204	-1.74191734	-0.131149815	0.545102793	2.01636204	-0.380974338	0.227253549	0.0687198913	0.08	24.080235
7.77	1.64227826	0.0274131054	-1.74532512	-0.130796521	0.543366521	2.0201182	-0.0628584056	0.2201473	0.0377363178	0.08	23.405569
7.78	1.65473357	0.0284583337	-1.74873725	-0.130307678	0.542208268	1.86973004	0.228070401	0.213054615	0.0378586404	0.0669604553	23.25907
7.79	1.66603381	0.0291655912	-1.75216425	-0.129684567	0.541645337	1.64929118	0.497398249	0.207724382	0.0606191743	0.0619609908	22.539056
7.8	1.67627934	0.0296285178	-1.75561233	-0.128927341	0.541514514	1.38517576	0.74377512	0.204293897	0.0471870018	0.0600500092	25.001614
7.81	1.68579861	0.0300358578	-1.75905375	-0.128047098	0.541674996	1.11755095	0.963468238	0.20287622	0.0782401325	0.0625281671	23.530551
7.82	1.69464625	0.0304918439	-1.76250708	-0.12705515	0.542117115	0.82741739	1.13631841	0.203302424	0.0299197201	0.060259942	22.776735
7.83	1.70250685	0.0311407867	-1.76600004	-0.125964849	0.542890495	0.501581783	1.23807558	0.2055626	0.0546539533	0.0568840476	22.796046
7.84	1.70844458	0.0319279642	-1.76957375	-0.124836592	0.543918979	0.181282926	1.24955157	0.209933011	0.0592866436	0.0652120915	22.811268
7.85	1.7116476	0.0329079429	-1.77316969	-0.123608697	0.544509574	-0.230911089	1.25053161	0.216788956	0.0982514948	0.0693324466	22.61992
7.86	1.71255007	0.03417066	-1.77682122	-0.12240199	0.545087013	-0.500586829	1.18380654	0.226965577	0.140008121	0.078809608	23.300066
7.87	1.71196047	0.0357052178	-1.78053247	-0.121211981	0.545693262	-0.671792636	1.06247859	0.239903203	0.153731403	0.0703014128	22.275638
7.88	1.71335071	0.0374984307	-1.78418874	-0.120086186	0.546273751	-0.710977665	0.943372357	0.251956464	0.151999797	0.071737073	22.543707
7.89	1.71572306	0.0390167155	-1.78781503	-0.119066203	0.546762046	-0.59977169	0.830152898	0.263466362	0.0694311061	0.0800000001	23.126285
7.9	1.71950745	0.0397472177	-1.7913955	-0.118221204	0.547072993	-0.316831007	0.750903795	0.272760325	0.0844282213	0.0799999999	19.356679
7.91	1.72416206	0.0394327827	-1.79495947	-0.117585214	0.547289238	0.116280358	0.701905427	0.27964311	0.108002079	0.08	21.939626
7.92	1.7275897	0.0384641908	-1.79863237	-0.117104702	0.54744754	0.523338954	0.666875644	0.28605525	0.0945395572	0.08	20.486183
7.93	1.73167331	0.0373335168	-1.8022869	-0.116757063	0.547532043	0.894939951	0.624173527	0.29017983	0.155935225	0.0698288687	23.198528
7.94	1.73699256	0.0360152189	-1.80588333	-0.116512048	0.547455823	1.19029335	0.569086817	0.2926188	0.118757302	0.0800000001	21.563402
7.95	1.74331379	0.0355172538	-1.80946757	-0.116278549	0.547168251	1.29850906	0.460792811	0.293679229	0.133000667	0.0800000001	21.965728
7.96	1.75228917	0.0359712249	-1.81297363	-0.116046294	0.546619432	1.27693837	0.312696334	0.292451652	0.100496205	0.0789952795	22.2093
7.97	1.7634283	0.0370239566	-1.81641633	-0.115840793	0.545760437	1.18173022	0.160999243	0.289321144	0.123747554	0.08	21.222874
7.98	1.77594879	0.0383262467	-1.81979836	-0.115648859	0.544601103	1.04125236	0.0333248991	0.284941255	0.115387443	0.08	22.564916
7.99	1.79051296	0.0400709973	-1.82311597	-0.115440254	0.543142066	0.839876837	-0.0564355351	0.279615774	0.04648576	0.08	22.526045
8	1.80702359	0.0422873856	-1.82629127	-0.115353763	0.541917488	0.743236889	0.042524301	0.274233823	0.0678910307	0.0749910725	23.192254
8.01	1.82198586	0.0449457682	-1.82944638	-0.115397718	0.540544834	0.761517095	0.227537659	0.271307703	0.082678836	0.0721359403	23.738591
8.02	1.83544366	0.0484997723	-1.83261858	-0.115389878	0.539721122	0.578016411	0.353045371	0.269724185	0.0783174862	0.0672776521	20.112402
8.03	1.84765411	0.053065536	-1.83581131	-0.115289818	0.539308924	0.238808866	0.440130044	0.269389268	0.0576851218	0.0699778743	20.868783
8.04	1.85810404	0.057880084	-1.83900033	-0.115087387	0.539127492	-0.224024536	0.480334113	0.271226218	0.0852811546	0.08	21.087059
8.05	1.86648777	0.0627110643	-1.84217885	-0.114759671	0.538950157	-0.795669043	0.519903634	0.275520205	0.0666247003	0.069529871	21.212111
8.06	1.87280122	0.0670505284	-1.84527936	-0.114346818	0.538882685	-1.35035884	0.490280777	0.281382246	0.0594451585	0.0693135674	23.048287
8.07	1.87800574	0.0707976441	-1.84825295	-0.113870295	0.53890054	-1.86495512	0.410542875	0.287465346	0.0537017276	0.0728540176	21.593942
8.08	1.88150375	0.07311732	-1.85112233	-0.113457382	0.538983702	-2.24223874	0.282508679	0.292298052	0.0537483543	0.0700802266	20.086624
8.09	1.88283458	0.0737040697	-1.8539314	-0.11314868	0.539337644	-2.49926973	0.12907304	0.295012947	0.0936836104	0.0707373755	22.389957
8.1	1.88201092	0.0729209144	-1.85665681	-0.112928721	0.539820651	-2.67443285	-0.0534607201	0.29604586	0.0821270872	0.08	22.835157
8.11	1.8795797	0.0710440248	-1.85930855	-0.112814108	0.540381983	-2.77971609	-0.254062684	0.294784079	0.0882552944	0.0694452498	19.155744
8.12	1.87622574	0.0692959466	-1.8619195	-0.11278274	0.541022897	-2.83144408	-0.472210411	0.290937765	0.115377244	0.08	22.329641
8.13	1.87147505	0.0675964779	-1.86450611	-0.112887761	0.541245507	-2.73893664	-0.623124698	0.286186225	0.107061828	0.0799999999	20.863127
8.14	1.8646184	0.0652078338	-1.86716344	-0.112926878	0.541087724	-2.81056993	-0.917412977	0.281923487	0.0752711383	0.0786131483	21.371928
8.15	1.85627367	0.0625741345	-1.86990437	-0.113031126	0.541116476	-2.77691754	-1.16875416	0.275759333	0.0930682034	0.0755757168	22.796849
8.16	1.84738069	0.059142108	-1.87266934	-0.113252524	0.541150832	-2.57502382	-1.36529874	0.270456449	0.0920418385	0.0705731537	21.110308
8.17	1.8394508	0.0555466021	-1.87540567	-0.113607499	0.54108909	-2.18635646	-1.50206141	0.265766822	0.0509187675	0.0785136446	22.086687
8.18	1.83433043	0.0530505202	-1.87810821	-0.114059131	0.540918381	-1.640457	-1.57590599	0.261359082	0.101948781	0.0783049886	21.771296
8.19	1.83332046	0.0519584004	-1.88079705	-0.114562374	0.540638432	-0.954890672	-1.5781737	0.254977308	0.135690272	0.08	22.540308
8.2	1.836294	0.0519660032	-1.88345054	-0.115046995	0.540157992	-0.188911952	-1.53287575	0.244209188	0.0774015072	0.0738139662	20.721388
8.21	1.83945626	0.0518453995	-1.88616737	-0.115455014	0.539410262	0.52859216	-1.49523155	0.234728154	0.159792124	0.08	21.445955
8.22	1.84222595	0.0511389334	-1.88891632	-0.115779148	0.53832559	1.14318325	-1.49590209	0.226484361	0.111892997	0.069633984	21.309297
8.23	1.84425784	0.0498504905	-1.89174459	-0.116030665	0.536939671	1.63548875	-1.52942563	0.219778858	0.105396095	0.0696489647	21.150482
8.24	1.84537971	0.0482096416	-1.89477365	-0.116112732	0.535823911	1.7736352	-1.39519088	0.214994838	0.109520371	0.0758318327	20.579232
8.25	1.84466639	0.0460869363	-1.89792853	-0.116010514	0.534806687	1.64740535	-1.14614582	0.212512483	0.0626529127	0.0799999999	22.294894
8.26	1.84295275	0.0441733039	-1.90113249	-0.115831879	0.534322207	1.46204139	-0.919971898	0.212514946	0.0720464388	0.0711831737	20.065861
8.27	1.83963916	0.0420894525	-1.90435819	-0.115619902	0.534067408	1.29453858	-0.679782065	0.214635103	0.0675400757	0.075298402	19.290577
8.28	1.8338993	0.0401280152	-1.90757481	-0.115405978	0.533832417	1.17693478	-0.408461943	0.219692034	0.096854014	0.08	20.30949
8.29	1.82742716	0.0386559082	-1.91072509	-0.115133588	0.5338193	1.01411196	-0.171661329	0.226557057	0.0376919695	0.08	20.104808
8.3	1.82288458	0.0378834729	-1.91374162	-0.114817897	0.533992135	0.859212732	0.055577185	0.232401347	0.0619441108	0.08	19.115096
8.31	1.82198954	0.0380357702	-1.91655179	-0.114478803	0.534418855	0.73096	0.243509197	0.235776721	0.0874259389	0.08	19.879991
8.32	1.82236639	0.038653815	-1.91929937	-0.114130328	0.535131796	0.612799464	0.409244502	0.238967844	0.0634609841	0.08	17.661948
8.33	1.82506469	0.0388217157	-1.92186028	-0.113827315	0.535949885	0.576047244	0.549720102	0.239716092	0.0862923966	0.08	18.247465
8.34	1.8294257	0.0392324846	-1.92426108	-0.11360363	0.536870673	0.631620608	0.66067187	0.239692899	0.0526936749	0.0800000001	20.189617
8.35	1.83593975	0.0393344319	-1.92647797	-0.113459326	0.537763669	0.769694582	0.749262346	0.238142731	0.130288734	0.08	18.948905
8.36	1.84369072	0.0390241555	-1.92850113	-0.113272915	0.538027186	0.895121897	0.931513321	0.236048377	0.0911560896	0.0800000001	19.328517
8.37	1.85289164	0.039395492	-1.93044119	-0.113183325	0.538324781	1.12773491	1.08865781	0.235672407	0.12377097	0.0799999999	20.551033
8.38	1.86236248	0.0394300478	-1.93236953	-0.113195066	0.538668148	1.38617989	1.23533022	0.236041834	0.105716857	0.08	18.576448
8.39	1.86952546	0.0390085126	-1.9343927	-0.113251812	0.539016612	1.56665255	1.3461716	0.238625298	0.0925976374	0.08	20.162193
8.4	1.87375952	0.0385877451	-1.93654832	-0.113352197	0.539341099	1.63852004	1.40134159	0.243223224	0.0649978086	0.08	19.979413
8.41	1.87588103	0.0386604094	-1.93880514	-0.113508935	0.539629852	1.67194488	1.43646649	0.249546016	0.0721764894	0.0765879369	17.755088
8.42	1.87742178	0.0391989618	-1.94106422	-0.113742939	0.539810031	1.72621675	1.46967577	0.256220621	0.0710455539	0.0729534024	19.632479
8.43	1.87630611	0.0395228379	-1.94339979	-0.114017316	0.539912247	1.73472954	1.46889241	0.264949416	0.105650698	0.08	20.113359
8.44	1.87363271	0.0386915768	-1.94571933	-0.114373177	0.539900468	1.76714586	1.44561763	0.273719379	0.081835435	0.08	21.163334
8.45	1.87150823	0.0367777252	-1.94790221	-0.114775123	0.539690342	1.80208407	1.41411459	0.280729072	0.105012073	0.08	20.694532
8.46	1.86985218	0.0338968818	-1.94990652	-0.115212347	0.539193988	1.852988	1.36037266	0.285842661	0.103640096	0.0799999999	20.877988
8.47	1.86959404	0.0318921054	-1.95177782	-0.115577947	0.538421365	1.77950656	1.27694281	0.288368726	0.121415539	0.08	21.15867
8.48	1.87221379	0.0307929745	-1.95346167	-0.115842638	0.537366549	1.59873182	1.18607769	0.287790641	0.147678767	0.0747935616	21.794844
8.49	1.87728743	0.0302320178	-1.95494106	-0.116014449	0.535929265	1.3744636	1.09270533	0.284584439	0.0869636858	0.08	21.401827
8.5	1.88254306	0.0288740323	-1.95638217	-0.11618153	0.535301653	1.19309292	1.03600779	0.280787411	0.0871879932	0.08	18.929961
8.51	1.88879118	0.0271189466	-1.95774187	-0.116306739	0.535208182	1.02882781	0.98852001	0.27667656	0.0505772164	0.0800000001	20.730129
8.52	1.89695275	0.0258754412	-1.95902995	-0.116390533	0.535128763	0.898322961	0.908091691	0.270989274	0.0813054976	0.0799999999	18.66435
8.53	1.90609881	0.0251440248	-1.96021337	-0.116355681	0.535360118	0.687747578	0.739363612	0.264463465	0.0904130955	0.08	18.73801
8.54	1.91539132	0.0256262098	-1.96146746	-0.116135018	0.535945069	0.353799264	0.544033171	0.257326297	0.0699114113	0.08	19.673791
8.55	1.92413471	0.026495608	-1.96277282	-0.115784054	0.5368793	0.0235423562	0.343747822	0.251118623	0.0328762559	0.08	19.173593
8.56	1.93121603	0.0274789398	-1.96416294	-0.115328384	0.538061171	-0.235804275	0.128666198	0.247174893	0.0538687338	0.071005081	18.097025
8.57	1.9349269	0.0283929431	-1.96576858	-0.114796001	0.539470088	-0.467210769	-0.0796677087	0.245640858	0.0607951248	0.08	17.984185
8.58	1.93442805	0.0288431416	-1.96764251	-0.114231059	0.541078696	-0.645813874	-0.283887091	0.246122825	0.0466627302	0.08	18.56287
8.59	1.93039943	0.0287160234	-1.96977037	-0.113672985	0.542763483	-0.709520437	-0.445308987	0.249112457	0.0521236306	0.08	19.953794
8.6	1.92297773	0.0279155311	-1.97211467	-0.113059894	0.54397017	-0.779696478	-0.696965694	0.253868996	0.140277612	0.08	19.964789
8.61	1.91206572	0.0263968754	-1.97466852	-0.112526113	0.545238875	-0.686776329	-0.87831394	0.260876852	0.106001821	0.0715140502	20.06787
8.62	1.89865178	0.0235180483	-1.97736666	-0.112082132	0.546390838	-0.420188326	-0.993884064	0.268685125	0.0968239472	0.08	21.884738
8.63	1.88542658	0.0202684487	-1.98013639	-0.111787733	0.54744193	0.0316668165	-1.01832863	0.277470751	0.10448987	0.0772382528	18.612348
8.64	1.87452605	0.0171260412	-1.98289556	-0.111653441	0.548293114	0.638178919	-0.962316765	0.286315642	0.0548446099	0.08	17.929513
8.65	1.86708707	0.0145331509	-1.9856143	-0.111634114	0.548984139	1.25825612	-0.864505578	0.293646511	0.0421334477	0.08	19.301307
8.66	1.86182866	0.0125401545	-1.9883184	-0.111698046	0.549434428	1.85616223	-0.751980969	0.30112073	0.0649618073	0.08	20.522265
8.67	1.85784501	0.01053753	-1.99108985	-0.111830356	0.549675381	2.41202349	-0.616142487	0.308399347	0.0378861369	0.0697436022	19.86429
8.68	1.85439608	0.00799796026	-1.99396471	-0.112002979	0.549688691	2.8969183	-0.477260093	0.315076464	0.102039962	0.08	20.143338
8.69	1.8502674	0.00510205258	-1.99701062	-0.11221028	0.549477609	3.2722274	-0.358766956	0.321738132	0.119075081	0.08	21.906528
8.7	1.84665191	0.00258058528	-2.00016209	-0.112453783	0.548931478	3.58757493	-0.240684991	0.329100795	0.130394108	0.08	22.562306
8.71	1.84443494	0.0012525033	-2.00333252	-0.11265961	0.547972953	3.79563435	-0.122242803	0.338972691	0.118520069	0.08	21.745559
8.72	1.84427712	0.000888196313	-2.00645799	-0.112849807	0.546604525	3.92577715	-0.0137884934	0.348597023	0.151241701	0.08	22.341222
8.73	1.84567715	0.00191887413	-2.0095539	-0.113033206	0.54485678	3.99411788	0.0573999212	0.35821124	0.0784331581	0.08	23.234201
8.74	1.84801925	0.00378536893	-2.01257018	-0.113086703	0.543075309	3.8238676	0.230926057	0.369674382	0.0927755122	0.08	20.681364
8.75	1.8532935	0.00671372843	-2.01540214	-0.112989429	0.541253138	3.49112431	0.471111949	0.378895114	0.0785904734	0.08	18.937343
8.76	1.86080874	0.00913223359	-2.01797258	-0.112857439	0.539843371	3.21026366	0.668986962	0.385732358	0.0696223766	0.08	19.266782
8.77	1.87162259	0.0115209936	-2.02025873	-0.112700144	0.538771729	2.97832058	0.842316767	0.38872519	0.039804666	0.08	21.167754
8.78	1.88577958	0.0140950803	-2.02224267	-0.11254766	0.537863211	2.83411793	1.03160457	0.388005066	0.0647718101	0.08	20.558105
8.79	1.90181973	0.0170392762	-2.0240586	-0.112360343	0.537024327	2.68270739	1.17333706	0.385734987	0.034547597	0.08	20.314494
8.8	1.91644626	0.0191306426	-2.02577974	-0.11221214	0.53640733	2.6119669	1.32002419	0.385729143	0.058980009	0.08	18.28718
8.81	1.92956029	0.0207660626	-2.02747538	-0.112105816	0.535958982	2.59510045	1.44970643	0.3888319	0.05828136	0.08	20.463886
8.82	1.94245391	0.0226320063	-2.02916971	-0.112052861	0.535745495	2.60369992	1.56418906	0.394211257	0.069952119	0.08	19.836971
8.83	1.95547216	0.0247842185	-2.03090791	-0.111977712	0.5356886	2.49443514	1.66075632	0.401388612	0.059971669	0.08	18.508415
8.84	1.96979741	0.0272930029	-2.03262257	-0.111904712	0.53598622	2.34387557	1.76893627	0.408751666	0.0544905083	0.08	20.009093
8.85	1.98657002	0.0300359144	-2.03417008	-0.111873322	0.535989422	2.25096213	1.76894388	0.414521985	0.108780304	0.08	21.581437
8.86	2.00752545	0.0344572009	-2.03563193	-0.111826632	0.536202414	2.09106943	1.83059191	0.416761496	0.0699084684	0.08	21.653423
8.87	2.02920537	0.037886015	-2.03697583	-0.111592749	0.536035962	1.6669152	2.00800742	0.418208759	0.0911378179	0.08	19.232902
8.88	2.05161829	0.0423079275	-2.03837536	-0.111375406	0.536077977	1.30213288	2.12465664	0.417041764	0.0946705874	0.08	19.479474
8.89	2.07343499	0.0478418135	-2.0399125	-0.111207617	0.536261841	1.02588458	2.17415409	0.413794593	0.0925380871	0.08	23.543118
8.9	2.09275081	0.0544577257	-2.04170065	-0.111138432	0.536510801	0.885677138	2.14209278	0.411168563	0.0778618606	0.08	20.883408
8.91	2.1089326	0.0623528352	-2.0437949	-0.111183105	0.53663377	0.892417296	2.04088877	0.410402761	0.086988257	0.08	20.693411
8.92	2.11852611	0.0673804992	-2.04617707	-0.111278824	0.536624108	0.927271999	1.87295636	0.411371281	0.0885060162	0.0784521869	21.234406
8.93	2.12031729	0.0684444921	-2.04881105	-0.111401755	0.536416982	0.970452297	1.61133084	0.414387894	0.119693906	0.08	20.543392
8.94	2.1150338	0.0661916018	-2.05167466	-0.111546804	0.536019606	1.02483533	1.25142014	0.418691177	0.0936526061	0.08	24.642356
8.95	2.10383689	0.061602175	-2.05477786	-0.111704945	0.535449847	1.07674829	0.821602909	0.42352816	0.107123586	0.08	23.409181
8.96	2.09111222	0.0586335789	-2.05809981	-0.111893027	0.534718641	1.1884637	0.353167795	0.42437814	0.123149412	0.08	23.2835
8.97	2.07873889	0.0562152883	-2.06148789	-0.112036769	0.533865593	1.22623815	-0.116522795	0.42216971	0.0841136822	0.08	23.839899
8.98	2.06691738	0.0535408644	-2.06489202	-0.112084383	0.532860977	1.11189387	-0.540198052	0.419123361	0.117700406	0.08	25.218442
8.99	2.05753905	0.0506187956	-2.06832196	-0.112145456	0.532814444	0.974554006	-0.756369886	0.415035061	0.0718770715	0.08	21.044159
9	2.05182122	0.0474988153	-2.07168912	-0.112267201	0.533233874	0.938501258	-0.860956364	0.408947672	0.0833912199	0.08	21.201838
9.01	2.05036011	0.0443915205	-2.07492552	-0.112430212	0.534141827	0.955517706	-0.833922637	0.39809177	0.0543922382	0.08	25.420169
9.02	2.05326005	0.0417272705	-2.07803704	-0.112655794	0.535412673	1.03832533	-0.709498655	0.385893459	0.0420849569	0.08	22.337704
9.03	2.05957122	0.0404489347	-2.08103349	-0.112976219	0.536782224	1.18108215	-0.546565935	0.375262332	0.0570035779	0.08	22.962443
9.04	2.06970778	0.041095813	-2.08386982	-0.11338617	0.538164081	1.37854281	-0.349025832	0.365915699	0.0541486819	0.08	22.905789
9.05	2.08372652	0.0438018442	-2.08653446	-0.113885476	0.539520433	1.59971525	-0.124852896	0.357860075	0.03108531	0.0728311103	21.654501
9.06	2.10167595	0.0487464382	-2.08908716	-0.114498269	0.54092566	1.84669325	0.140791476	0.351212281	0.0689164011	0.08	22.982457
9.07	2.12326184	0.0558148455	-2.09148871	-0.115193318	0.54238134	2.07374181	0.409700712	0.346226241	0.0704211245	0.0751604379	21.530392
9.08	2.14640116	0.0639630419	-2.09378466	-0.115966108	0.543876513	2.29559156	0.636966051	0.343733005	0.0231748885	0.0684009103	22.844053
9.09	2.16786191	0.0716441368	-2.09609725	-0.116759326	0.545355113	2.40092231	0.819309763	0.344574983	0.0412250431	0.08	21.493348
9.1	2.19028669	0.0812508114	-2.09838014	-0.117556398	0.54671842	2.39211573	0.937361148	0.347061103	0.122459184	0.0794373622	20.154446
9.11	2.21089032	0.0903448953	-2.10061501	-0.11835072	0.547369457	2.25594047	1.11321962	0.353237737	0.0857348204	0.08	19.837648
9.12	2.23029213	0.0973846261	-2.10280909	-0.119022216	0.547973455	1.91003455	1.22125659	0.360447604	0.122072035	0.08	21.939223
9.13	2.24944011	0.102609407	-2.10492008	-0.119584339	0.54852772	1.45518696	1.30755319	0.367045024	0.0905939592	0.08	22.62375
9.14	2.26883153	0.107282095	-2.10705282	-0.120090104	0.548982204	0.986140159	1.41589555	0.37408861	0.0815962422	0.08	20.738862
9.15	2.28926037	0.112614471	-2.10918509	-0.120552047	0.549147378	0.540554345	1.52037601	0.382055347	0.0922594341	0.0795839932	21.436263
9.16	2.31136798	0.119489662	-2.1113186	-0.120987837	0.54901476	0.142814863	1.61972393	0.391164613	0.0497750273	0.08	20.309543
9.17	2.33328721	0.126644494	-2.11350237	-0.121355627	0.548585045	-0.294286115	1.7072704	0.401774207	0.0424842837	0.08	20.874841
9.18	2.35476577	0.136527871	-2.11583412	-0.121672561	0.547908909	-0.749686598	1.77001935	0.412155002	0.107997538	0.08	21.885022
9.19	2.37723381	0.149427044	-2.11820382	-0.121906133	0.54701597	-1.17123295	1.82024374	0.420270627	0.136927749	0.08	20.68139
9.2	2.40096561	0.164630501	-2.1205396	-0.122036971	0.545963187	-1.51342452	1.87311565	0.425475739	0.10890916	0.08	20.343085
9.21	2.42353198	0.179016355	-2.12287602	-0.122014766	0.544779087	-1.85235349	1.92516547	0.427834032	0.147181995	0.08	20.906126
9.22	2.44137375	0.186254672	-2.12522736	-0.121816488	0.543405472	-2.20190682	1.95279514	0.428765029	0.111970775	0.08	22.384715
9.23	2.45645251	0.189993829	-2.12758839	-0.121471022	0.541735792	-2.53120452	1.95625643	0.426605749	0.0915920766	0.08	23.953476
9.24	2.47012381	0.192633994	-2.13007623	-0.121148572	0.540207495	-2.65108994	1.86480948	0.421937527	0.0715620996	0.08	23.556145
9.25	2.48190223	0.191504889	-2.13263907	-0.120887094	0.538726346	-2.5950675	1.64981338	0.417161421	0.111532417	0.08	26.035067
9.26	2.49316908	0.190193908	-2.13534807	-0.120574191	0.53790556	-2.42318847	1.49859054	0.412327693	0.0612534916	0.08	20.022852
9.27	2.5043692	0.191101457	-2.13822004	-0.120300352	0.537228277	-2.11584533	1.39581822	0.408571408	0.0346363388	0.08	19.831684
9.28	2.51515346	0.194488469	-2.14136207	-0.120071875	0.536954537	-1.68158562	1.28028187	0.406820153	0.0527698278	0.08	19.667191
9.29	2.52516821	0.199935602	-2.1447294	-0.119868228	0.536994091	-1.21802545	1.16951983	0.407198006	0.088069894	0.08	20.895824
9.3	2.53366737	0.20643924	-2.14830805	-0.119709774	0.537301689	-0.728827302	1.06798406	0.409614156	0.0526943729	0.08	19.902354
9.31	2.5401056	0.21276028	-2.15209831	-0.119627998	0.537871692	-0.215190789	0.970261438	0.413659744	0.0511084665	0.08	20.522633
9.32	2.54264629	0.214133229	-2.15601984	-0.119584761	0.538663589	0.190958472	0.884192576	0.417773324	0.0463190871	0.08	19.130043
9.33	2.54241825	0.214570009	-2.16012883	-0.119584776	0.539730119	0.439357885	0.839410562	0.422192303	0.102223496	0.08	20.247172
9.34	2.53834179	0.209494182	-2.16437468	-0.119593181	0.541020669	0.488316308	0.824287382	0.425633107	0.0405651225	0.08	20.542527
9.35	2.53148059	0.199288118	-2.16867897	-0.119616639	0.542437949	0.363653899	0.807017687	0.42793504	0.199717095	0.08	22.554219
9.36	2.52386006	0.18657731	-2.1729032	-0.11960703	0.542972763	0.0916430089	0.800223295	0.429205748	0.0833283083	0.08	22.002251
9.37	2.51513294	0.172573961	-2.17717676	-0.11960119	0.543804529	-0.230077862	0.789450904	0.429770398	0.0810941225	0.08	20.135322
9.38	2.50625578	0.15775511	-2.18143849	-0.11960158	0.544710631	-0.576705387	0.770735301	0.429757768	0.0877876854	0.08	21.78821
9.39	2.49781388	0.142693764	-2.18569225	-0.119617256	0.545618976	-0.915115882	0.729532793	0.429052758	0.0915869533	0.0730359526	22.728318
9.4	2.49356851	0.132494468	-2.1899067	-0.119664841	0.546317089	-1.23545975	0.662611136	0.428229772	0.0920477942	0.08	20.499868
9.41	2.49231723	0.123615854	-2.19407856	-0.119741124	0.546747258	-1.55418107	0.593014248	0.427052395	0.0993686317	0.08	20.21405
9.42	2.49422926	0.115645888	-2.1981547	-0.119838282	0.546846749	-1.85790975	0.509802506	0.425329542	0.0971160311	0.08	19.678429
9.43	2.50245007	0.112916991	-2.2021283	-0.119961964	0.546550629	-2.13875728	0.410641121	0.423238816	0.139082184	0.08	21.265589
9.44	2.51560251	0.112652748	-2.20597363	-0.120140276	0.545821334	-2.30015404	0.297991723	0.420460551	0.140695842	0.08	20.516771
9.45	2.53337143	0.114278183	-2.20962315	-0.120371283	0.544573552	-2.33758452	0.158490518	0.416835578	0.138989013	0.08	20.082831
9.46	2.55852767	0.12231041	-2.2130463	-0.120654994	0.542798894	-2.29457125	-0.0252538738	0.41269834	0.111990761	0.08	21.786129
9.47	2.59043193	0.137398989	-2.21628652	-0.120988682	0.540511996	-2.23166529	-0.270073259	0.408479283	0.136416966	0.08	20.814713
9.48	2.623442	0.152353882	-2.21943507	-0.12129807	0.537801248	-2.29636216	-0.539335236	0.404036953	0.130980019	0.08	22.467753
9.49	2.65768433	0.17014166	-2.22264892	-0.121684719	0.535527169	-2.39181259	-0.600011994	0.399755261	0.0868699769	0.0719370199	22.870691
9.5	2.6938326	0.192349153	-2.22583378	-0.122176506	0.533482252	-2.3910865	-0.529856626	0.395697649	0.0842207514	0.08	20.369895
9.51	2.72994565	0.21667658	-2.22902226	-0.12266028	0.532331096	-2.39006766	-0.450022118	0.391859218	0.0534304539	0.08	21.951448
9.52	2.76438235	0.241842678	-2.23215408	-0.123138617	0.531932164	-2.33001434	-0.356222	0.387266972	0.0586424137	0.08	21.477609
9.53	2.79628555	0.266811694	-2.23522513	-0.123585557	0.532043038	-2.29324796	-0.194345426	0.381197511	0.0295580939	0.0716793133	19.604028
9.54	2.82181462	0.281543088	-2.23816065	-0.124024826	0.532750286	-2.22079027	-0.0792310573	0.372941784	0.0829074754	0.0799999999	19.909684
9.55	2.84087791	0.286242948	-2.24100034	-0.124511654	0.533824746	-2.06060733	-0.0289304781	0.363705813	0.0546511375	0.08	20.480726
9.56	2.85696589	0.289282031	-2.24376546	-0.12508681	0.535104785	-1.78516489	-0.031950206	0.354531936	0.047432021	0.08	19.701774
9.57	2.87112853	0.29442912	-2.24648793	-0.125679307	0.536707748	-1.56095595	-0.0979399053	0.345334819	0.0552930492	0.08	19.188572
9.58	2.8802633	0.294461539	-2.2492327	-0.12627185	0.538548552	-1.39316275	-0.211713683	0.335342136	0.0428801535	0.08	22.456202
9.59	2.88735406	0.296154158	-2.25204745	-0.126869445	0.540535723	-1.35562998	-0.313398337	0.325304869	0.0555640337	0.08	22.060238
9.6	2.89342348	0.298809974	-2.25490135	-0.127536659	0.542727906	-1.27898404	-0.423456272	0.31595686	0.151906616	0.08	19.432506
9.61	2.89915828	0.303240714	-2.25787067	-0.128170287	0.544391612	-1.29224321	-0.629372888	0.307853225	0.144017665	0.08	19.177881
9.62	2.90116413	0.302399142	-2.26094192	-0.128904929	0.545843231	-1.27747688	-0.677732026	0.298938977	0.120615128	0.08	18.233889
9.63	2.90234662	0.30325638	-2.26422125	-0.129638958	0.547452259	-1.32524107	-0.647455748	0.290023342	0.0859094708	0.08	19.913866
9.64	2.90347165	0.307200993	-2.26766206	-0.130367838	0.548970214	-1.42041642	-0.563480006	0.281489675	0.105580163	0.08	20.358956
9.65	2.90320221	0.308794809	-2.27131969	-0.131095509	0.550196913	-1.50898192	-0.413293542	0.274600277	0.0840380637	0.08	19.600562
9.66	2.90175713	0.308521988	-2.27517195	-0.131840983	0.550964828	-1.54938611	-0.214929376	0.271201746	0.0585675072	0.08	19.404633
9.67	2.89943226	0.307774522	-2.27923307	-0.132609307	0.551207171	-1.53220785	0.00626326521	0.272272337	0.0722906665	0.08	19.945967
9.68	2.89649302	0.307416983	-2.28346434	-0.133405768	0.550934892	-1.44610152	0.218347113	0.277828719	0.11515315	0.08	19.517931
9.69	2.89341111	0.30775792	-2.28779698	-0.134211779	0.550209825	-1.33395747	0.398882776	0.28580034	0.116471474	0.08	20.352831
9.7	2.89080301	0.309163876	-2.29214455	-0.135012181	0.549097186	-1.24229289	0.544001547	0.294180216	0.121823374	0.08	20.163997
9.71	2.88774139	0.310931291	-2.29650592	-0.135812208	0.547768191	-1.19797177	0.654101034	0.300681821	0.137950396	0.08	21.368915
9.72	2.88391352	0.311707474	-2.30085109	-0.136596255	0.546185987	-1.21703274	0.714865626	0.304214372	0.13178703	0.08	22.015126
9.73	2.88051819	0.313175155	-2.30512136	-0.137345283	0.544253759	-1.3102497	0.709005617	0.304937342	0.10203102	0.0696733673	18.597298
9.74	2.87694102	0.312968655	-2.30930371	-0.138046594	0.541912212	-1.47280047	0.643111679	0.302592716	0.0991364857	0.08	22.606077
9.75	2.87253743	0.310046047	-2.31348534	-0.138672279	0.540600082	-1.70667435	0.604427527	0.29670862	0.0558245466	0.08	21.926151
9.76	2.86693095	0.30492755	-2.31764499	-0.139292178	0.539794408	-1.91991579	0.582948452	0.288490373	0.0567827765	0.08	18.785648
9.77	2.86165165	0.299762781	-2.32180818	-0.139852038	0.539478871	-2.17704148	0.519766506	0.278897398	0.052924676	0.08	20.412933
9.78	2.85824432	0.299348368	-2.32596612	-0.140371022	0.539534914	-2.40730165	0.433594719	0.269564066	0.0440182467	0.08	21.217455
9.79	2.85582535	0.299555582	-2.33015612	-0.140872007	0.539668279	-2.55893145	0.349842708	0.262345768	0.0525157615	0.08	19.454789
9.8	2.85366205	0.300043013	-2.33437648	-0.141391639	0.539895845	-2.54372394	0.270030542	0.258412107	0.0556128054	0.08	19.436379
9.81	2.85179994	0.301021814	-2.33863305	-0.141961161	0.540109621	-2.33158672	0.171560577	0.258472464	0.0493601227	0.08	20.361623
9.82	2.8502757	0.302545777	-2.34292955	-0.142613507	0.54027993	-1.90948782	0.0675561341	0.262580479	0.0650633838	0.08	20.734134
9.83	2.84949373	0.304965893	-2.3472754	-0.143369347	0.54048658	-1.33707559	-0.0190268547	0.270109795	0.0604028031	0.08	18.17933
9.84	2.850111	0.307497636	-2.35160219	-0.14426194	0.540824376	-0.654221109	-0.0497481293	0.279554503	0.0463076825	0.0706831629	22.145793
9.85	2.85137361	0.307452632	-2.3558552	-0.145282303	0.541306901	0.0432668938	-0.0179205934	0.289460052	0.0918449245	0.06847486	20.085112
9.86	2.85363734	0.304628491	-2.35996513	-0.146470954	0.541340229	0.824002022	-0.0762786247	0.299711367	0.0818046269	0.0676618187	19.198166
9.87	2.85446383	0.297783086	-2.36398691	-0.14759812	0.541129588	1.2568363	0.0569877689	0.307547248	0.0987924062	0.0622148888	18.062345
9.88	2.85527835	0.28790215	-2.3679362	-0.148772711	0.541280271	1.55197213	0.199720373	0.313556762	0.0907189614	0.0693022643	18.667326
9.89	2.85755734	0.278255624	-2.37180334	-0.149940664	0.541548095	1.64948298	0.354958548	0.317575305	0.112881058	0.0693410526	19.469684
9.9	2.86293987	0.271539551	-2.37558192	-0.151068142	0.541862545	1.55393599	0.519179079	0.319777752	0.0542947641	0.0695578306	20.321323
9.91	2.87264899	0.269462743	-2.37926892	-0.152133876	0.5421919	1.29478678	0.691926674	0.320443011	0.0641070752	0.0698190057	21.381162
9.92	2.88713775	0.272685278	-2.38288223	-0.153123844	0.542534323	0.928256226	0.879239417	0.319877022	0.0747485354	0.0700963804	23.839214
9.93	2.90658709	0.281401045	-2.38640974	-0.154028434	0.542785221	0.48042195	1.08456481	0.318245964	0.129556935	0.0704777928	20.038183
9.94	2.93131875	0.299230936	-2.38982496	-0.154800419	0.542782369	-0.098272792	1.26685755	0.315830331	0.0970292335	0.08	20.701545
9.95	2.95995686	0.326419173	-2.39312876	-0.155404225	0.542569966	-0.855940066	1.40626155	0.312586881	0.132985396	0.08	21.608606
9.96	2.99142467	0.358500186	-2.39624037	-0.15583823	0.542134984	-1.72592106	1.5272439	0.307955932	0.128306143	0.08	18.615967
9.97	3.02608295	0.393759006	-2.39905335	-0.156106021	0.541353038	-2.63962594	1.63473996	0.301803933	0.133222165	0.08	20.3207
9.98	3.06073003	0.427950894	-2.40163245	-0.156203319	0.540162806	-3.53659103	1.68256997	0.295185611	0.119073435	0.08	19.076756
9.99	3.09475678	0.466387223	-2.40399844	-0.156119709	0.538514979	-4.45247171	1.63442357	0.288466416	0.0726198646	0.08	21.95453
10	3.1253931	0.497533474	-2.40622326	-0.155875159	0.537597854	-5.10256813	1.56504195	0.27895566	0.0541900802	0.0799999999	20.342648
