time_s	ee_error_m	orientation_error	base_x_m	base_y_m	base_z_m	roll_deg	pitch_deg	clearance_m	leg_action_delta_l2	arm_action_delta_l2	update_ms
0.01	0.299490918	0.0199789391	1.83754202e-05	-3.22974891e-07	0.542737436	-0.00618621241	-0.0103586942	0.306110587	0	0	22.272345
0.02	0.297632828	0.0201058955	7.25712976e-05	-1.22740651e-05	0.541246175	-0.0123541441	-0.0195313592	0.305884416	0.0762884886	0.0219104747	18.958759
0.03	0.294483106	0.0203883095	0.000142018117	-1.74181789e-05	0.53919815	-0.0276380254	-0.00223187803	0.30576777	0.076737458	0.0218483491	17.806157
0.04	0.289943753	0.0209212716	0.000251032728	2.77793009e-05	0.536687269	-0.0861927334	0.0185031041	0.305675955	0.0783295411	0.0217000917	21.770154
0.05	0.28397664	0.0217648291	0.000352290039	0.000132697758	0.53390879	-0.171100547	0.0668252136	0.305599722	0.0662432404	0.0214643217	18.173896
0.06	0.276610201	0.0229273978	0.000410447699	0.000273244096	0.530886316	-0.255281247	0.152574239	0.305599332	0.0667589176	0.0211345212	19.186964
0.07	0.26794755	0.0244367452	0.00041731135	0.000442690325	0.527807323	-0.332519091	0.284623461	0.305555684	0.0515196886	0.0207010237	23.048282
0.08	0.258143566	0.0263329627	0.000376397836	0.000653165079	0.524932909	-0.408979825	0.475774217	0.305307127	0.0802508637	0.0201708562	19.662046
0.09	0.247530707	0.0286035681	0.000334836185	0.00082269069	0.522002211	-0.41542317	0.626318862	0.304724005	0.0614176523	0.0195575647	18.629134
0.1	0.236398567	0.0311773816	0.000277285698	0.0010795947	0.519079887	-0.492560194	0.765358381	0.303894005	0.0531428822	0.0190071845	19.614503
0.11	0.225039352	0.0340627495	0.000231438086	0.00135342589	0.51662516	-0.54035253	0.936453502	0.302623895	0.0748452758	0.0184873237	20.974835
0.12	0.213662127	0.0371983955	0.000201071812	0.00163715336	0.514703127	-0.573343638	1.16630343	0.301067611	0.0735600162	0.0179814161	24.675574
0.13	0.202118587	0.0402008535	0.000254690683	0.00191245903	0.512577247	-0.590108121	1.52758029	0.30018677	0.0525459092	0.0174321472	19.494796
0.14	0.190798701	0.0433884185	0.000399362287	0.00217804618	0.51088649	-0.574281754	1.86306909	0.298912311	0.0821076206	0.0164707686	22.54243
0.15	0.179820168	0.0466764596	0.000611963166	0.00245946058	0.509508947	-0.549124535	2.20075961	0.297546076	0.0531725746	0.0157095129	20.413586
0.16	0.169266088	0.0499359836	0.000920726888	0.00272548642	0.508295221	-0.492106618	2.54465072	0.296289035	0.05872638	0.0150194408	18.533245
0.17	0.159263862	0.0531424325	0.00133437169	0.00296448829	0.507314224	-0.397170329	2.87729596	0.295077568	0.0544919171	0.01433556	22.745747
0.18	0.149924551	0.0562869749	0.0018004755	0.00315158893	0.506666155	-0.274636434	3.19641033	0.293902224	0.0732002156	0.0137339582	22.436205
0.19	0.141347862	0.0593399675	0.00232217352	0.00329421277	0.506351556	-0.147298495	3.48705952	0.29276524	0.056835906	0.0132572488	17.09934
0.2	0.13355205	0.0622333143	0.00291267638	0.00339795191	0.506359955	-0.0379137134	3.76209809	0.291756554	0.0479754525	0.0129517778	19.877135
0.21	0.126728343	0.0648010481	0.00355597533	0.00346227803	0.506054763	0.0449030109	3.87867511	0.290933825	0.0618965242	0.012740175	17.506186
0.22	0.120782001	0.0671353968	0.00415587069	0.00346228431	0.506365631	0.129531767	4.04520132	0.290269512	0.0746123103	0.0130479211	17.037291
0.23	0.115096282	0.0688336769	0.00482236155	0.00345472198	0.506516374	0.211358336	4.35362842	0.290602023	0.0640683601	0.0132119608	18.08622
0.24	0.11005577	0.0705591561	0.00544290701	0.00340089196	0.507299588	0.25312415	4.59911367	0.290716378	0.0470079146	0.0124944608	20.735731
0.25	0.105710432	0.0723302531	0.00612171041	0.00331931176	0.508490176	0.258574674	4.75227715	0.290618322	0.0752945874	0.0124223374	18.428833
0.26	0.102082431	0.0740999464	0.00681650052	0.00321595172	0.510093409	0.24041434	4.84204551	0.290404624	0.0551551516	0.012918083	19.131456
0.27	0.0991592828	0.0757272129	0.00753429543	0.0030786599	0.511844079	0.212088391	4.85958743	0.290226401	0.0680803836	0.0137632034	20.728498
0.28	0.0968846018	0.0772078264	0.00825617489	0.00290869613	0.513888482	0.171488418	4.85114494	0.290099825	0.0788668971	0.0148525161	17.829852
0.29	0.0951650143	0.0785362146	0.00902810778	0.00270333192	0.516153474	0.139051962	4.8173304	0.290036579	0.0577846709	0.0159706686	17.129188
0.3	0.0939483563	0.0797362036	0.00989705831	0.00248121433	0.518528804	0.0971186102	4.72636437	0.289974539	0.0588048631	0.0170793886	19.161886
0.31	0.0931524082	0.0808343584	0.0108354291	0.00222924045	0.521020817	0.057318671	4.58990725	0.289931809	0.0445895	0.0183384404	18.919202
0.32	0.092648342	0.0818577393	0.0118109554	0.00194760629	0.523649483	0.0138280898	4.43269616	0.289952779	0.0301102383	0.0196778377	18.127631
0.33	0.092041881	0.0825019289	0.0129217952	0.00170655038	0.525742219	-0.0443422367	4.30075789	0.290527857	0.0745329046	0.0209675694	18.67485
0.34	0.0915034883	0.0832459972	0.0140120966	0.00141357738	0.527881793	-0.0951244675	4.08225361	0.290937804	0.0666011442	0.0215101338	18.172474
0.35	0.0909312989	0.0841081889	0.0150718187	0.00107337913	0.530001011	-0.138710908	3.81528393	0.291246385	0.0402336753	0.0226538236	17.600312
0.36	0.0902140901	0.0850252378	0.0161163899	0.000704224121	0.531884837	-0.189617607	3.50395263	0.29151634	0.0745649692	0.0239710182	19.939594
0.37	0.0892095317	0.0859719738	0.0171251468	0.000305884291	0.533472694	-0.257377434	3.17838673	0.291793835	0.0732141428	0.0252727607	20.002866
0.38	0.0877478204	0.0869892725	0.018030059	-0.000112232151	0.53481029	-0.357527452	2.87346437	0.291959933	0.0574935977	0.0263191989	19.549494
0.39	0.0856704541	0.0881198127	0.0188604457	-0.000544839966	0.535812714	-0.482618435	2.58935055	0.292012955	0.119969896	0.0269660213	17.868643
0.4	0.0828725362	0.0894603883	0.0196434956	-0.000999708409	0.5364867	-0.607595375	2.31188171	0.29192672	0.088002757	0.0272264281	18.210755
0.41	0.0792398162	0.091059767	0.0203700536	-0.00147294344	0.536837269	-0.730104235	2.05605921	0.29168643	0.0869547786	0.0272806198	18.880995
0.42	0.0747050714	0.0930031983	0.0210577383	-0.00195101875	0.536935565	-0.852891268	1.82227668	0.291198629	0.0465632984	0.0270509441	16.940403
0.43	0.0692674381	0.0953638152	0.0217165249	-0.00243319895	0.5368414	-0.968038857	1.59685147	0.290370536	0.0833226301	0.0266270368	17.125786
0.44	0.0629600601	0.0981296989	0.0223789892	-0.00291177491	0.53651331	-1.06204811	1.37596065	0.289197736	0.0966570943	0.0261947634	17.062034
0.45	0.0558422705	0.101271949	0.0230410591	-0.00337810097	0.535946521	-1.14780194	1.16107293	0.287700712	0.0923336522	0.0257235818	19.588293
0.46	0.0479511568	0.104753613	0.0236612018	-0.00381580462	0.535203123	-1.24937128	0.988342846	0.285972773	0.103902981	0.0251952509	19.50551
0.47	0.0393926441	0.108579076	0.0242427944	-0.00423769255	0.534330129	-1.35032482	0.839624923	0.28399186	0.121483892	0.0243427896	18.921856
0.48	0.0302951389	0.11270995	0.02478695	-0.00464275152	0.533341255	-1.42562661	0.711314067	0.281796576	0.0923084309	0.0234322561	17.935949
0.49	0.0206711656	0.117308596	0.0252483168	-0.00512854922	0.53283624	-1.29710939	0.761968029	0.279497855	0.0675576532	0.0224998377	16.274159
0.5	0.0108549213	0.12241202	0.0255262776	-0.00567921852	0.532763659	-1.08208832	0.825295861	0.276975997	0.0595346789	0.0204049864	16.251263
0.51	0.00334257738	0.128012631	0.0256152706	-0.00622842913	0.533333279	-0.906177094	0.961921005	0.2742964	0.0900418715	0.0192167292	18.835913
0.52	0.0106526849	0.133983902	0.0255765539	-0.00677464209	0.534411068	-0.749827369	1.12546198	0.271382301	0.0621393877	0.00227708854	18.371046
0.53	0.0197697878	0.139879312	0.0254700906	-0.00726070146	0.535558719	-0.663924291	1.33012206	0.26841483	0.0514106858	0.0025534728	16.037961
0.54	0.0279487083	0.14560648	0.0252795605	-0.0077627876	0.537001583	-0.518395306	1.50168731	0.265263721	0.0406764901	0.00289754203	19.956485
0.55	0.0347951294	0.150889018	0.0250093087	-0.00828374779	0.53863737	-0.336558625	1.65300838	0.26208128	0.0467580211	0.00267740479	20.240027
0.56	0.0401411377	0.155427632	0.0246792348	-0.00881741484	0.54029909	-0.134064931	1.78654723	0.259066737	0.0620101713	0.00224196223	18.841887
0.57	0.043894632	0.159052537	0.0242962578	-0.00935553586	0.542005085	0.0657970081	1.86657396	0.256326958	0.0659990698	0.00187431579	19.476436
0.58	0.0460288217	0.161565538	0.023873286	-0.00989190983	0.543657201	0.263630063	1.89553351	0.25406254	0.0609930987	0.00173423632	20.372323
0.59	0.0465807738	0.162907258	0.0234273535	-0.0104303214	0.545302207	0.456198395	1.87240055	0.252393424	0.0620586099	0.00236267813	18.379223
0.6	0.0456326925	0.16275817	0.0230429681	-0.0110350842	0.546327912	0.714151317	1.88219997	0.251741366	0.0971284349	0.00354572583	18.955671
0.61	0.0433888622	0.161376555	0.0226561558	-0.0116049381	0.547089863	0.874585833	1.84944682	0.25198131	0.100202965	0.00370300819	18.363579
0.62	0.0400210287	0.158953475	0.022269268	-0.0121640038	0.54758769	0.983542603	1.80336848	0.25312754	0.0866832603	0.00394987968	17.280374
0.63	0.0357487353	0.155688797	0.0218879335	-0.0127043819	0.547745416	1.0329297	1.72386038	0.255084363	0.0687705654	0.00400764181	18.129622
0.64	0.0308539126	0.151891773	0.0214764271	-0.0132309117	0.547680294	1.04442797	1.63719549	0.257702448	0.128959884	0.00407022977	20.165324
0.65	0.0256314272	0.147853643	0.0210835161	-0.0137575147	0.547384703	1.04752687	1.53981602	0.260747542	0.115974306	0.00402116853	19.444248
0.66	0.020385865	0.143773678	0.0207184702	-0.0142873325	0.546769773	1.01639897	1.42029325	0.264014904	0.0966125412	0.00389730841	17.270213
0.67	0.0154147202	0.139877274	0.0204148067	-0.0148230775	0.545851463	0.959294077	1.27637679	0.267249884	0.0749568318	0.00377507128	18.488803
0.68	0.0109760668	0.136319299	0.0201949845	-0.0153689633	0.544599298	0.898573904	1.10795036	0.270253726	0.110750853	0.00368481744	18.769226
0.69	0.00732724753	0.133220281	0.0200783952	-0.0159296783	0.543018273	0.847220905	0.921648561	0.272858456	0.139644237	0.00355810437	20.8833
0.7	0.00481487496	0.130692629	0.0200598905	-0.0164938057	0.541201328	0.804576979	0.718073392	0.274911744	0.0966038129	0.00339062646	19.900506
0.71	0.00395244779	0.128778331	0.0201128414	-0.0170711498	0.539205193	0.806525637	0.527020355	0.276271367	0.0968065745	0.00328267113	20.406516
0.72	0.004704166	0.127449028	0.0202467639	-0.0176739269	0.53698958	0.85496836	0.355560823	0.27705446	0.120089685	0.00308574375	18.607899
0.73	0.00624352107	0.126611807	0.0204761519	-0.0182990387	0.534438668	0.930192793	0.188447128	0.2773747	0.12374979	0.00293298066	16.876708
0.74	0.00822386714	0.126194479	0.0207869755	-0.0189455243	0.531545401	1.01727464	0.0225835395	0.277274845	0.079767462	0.00311162476	19.673852
0.75	0.0104912102	0.126787267	0.0208851228	-0.0195601673	0.529856196	1.03404623	0.0302115222	0.276616431	0.0558889089	0.00372379579	17.646426
0.76	0.0130436622	0.128106058	0.0208600411	-0.0200762443	0.528785384	0.931272786	0.066965611	0.27548098	0.0449293498	0.00437656049	17.627785
0.77	0.0162003863	0.130165524	0.0207374684	-0.0205589933	0.528613038	0.82215144	0.211902587	0.273975062	0.0725115249	0.00475929673	18.944003
0.78	0.0198336322	0.132595253	0.0206063786	-0.0210625324	0.528806672	0.745922001	0.462553542	0.272263419	0.0580665972	0.00517261601	18.575247
0.79	0.0235087157	0.135406133	0.0205360889	-0.0215082038	0.529581612	0.629716072	0.657287724	0.270180147	0.0863077077	0.00594800737	17.747611
0.8	0.0269862482	0.138440429	0.0205121111	-0.0219072613	0.530944812	0.498830607	0.824552057	0.267891924	0.0461348429	0.00575720743	17.114671
0.81	0.0299860239	0.141422748	0.0205363799	-0.0222505984	0.532699681	0.351785844	0.96524302	0.265584836	0.0524632068	0.00504179872	18.465438
0.82	0.0322930774	0.144128223	0.0206140193	-0.0225312261	0.534716546	0.207299165	1.07209679	0.263402438	0.0415191189	0.00419014788	16.676063
0.83	0.0337667262	0.146380609	0.0207451713	-0.0227637642	0.536907335	0.0878248642	1.16092889	0.261494743	0.052294451	0.00343532859	20.064766
0.84	0.034314828	0.148012144	0.0209231446	-0.0229570102	0.539113447	-0.00115458029	1.22837442	0.260005666	0.0505460425	0.00314500273	18.992652
0.85	0.0338691104	0.148654871	0.0211719946	-0.0230411205	0.540754802	-0.148883322	1.34128814	0.25927305	0.125995783	0.0032818834	16.326761
0.86	0.0325960587	0.148551523	0.0214930622	-0.0231077586	0.542097068	-0.233143818	1.41333424	0.259129577	0.111927665	0.00321178151	17.989691
0.87	0.0305837877	0.147786315	0.0218978842	-0.0231582327	0.543087207	-0.28343513	1.44193889	0.259520019	0.0982709602	0.00300152706	18.541811
0.88	0.0279821228	0.146502398	0.0223893843	-0.0232088322	0.543749527	-0.2880107	1.41239262	0.260315388	0.0940996569	0.00268894804	18.352988
0.89	0.0249476692	0.14485283	0.0229733183	-0.023259509	0.544126104	-0.257273102	1.32141779	0.261360637	0.0613529258	0.00243246326	19.281998
0.9	0.0216404487	0.14300316	0.0236227977	-0.0233015732	0.54432547	-0.218094168	1.19287597	0.262527759	0.068242079	0.00240670664	18.922126
0.91	0.0182311284	0.14106358	0.0243130643	-0.0233326184	0.544356643	-0.172459735	1.05513917	0.263751808	0.0911094238	0.00260435465	18.37329
0.92	0.0148998818	0.13916445	0.0250314501	-0.0233569623	0.544261391	-0.120669663	0.915255079	0.2649393	0.0601751322	0.00276942773	19.125408
0.93	0.0118334736	0.137427806	0.0257268052	-0.0233919828	0.544111026	-0.055009534	0.779155683	0.266023581	0.119013045	0.00285741995	20.058069
0.94	0.00921409899	0.135911257	0.0263550986	-0.0234358346	0.543903253	-0.00766458389	0.671819856	0.266993272	0.0773664246	0.00291455224	19.632719
0.95	0.00730654993	0.134707879	0.02694235	-0.023484791	0.543659591	0.0119400146	0.581639761	0.267749015	0.106206174	0.00279782362	17.287548
0.96	0.00636355421	0.133833509	0.0274608229	-0.0235548074	0.543326681	0.0273314334	0.498775698	0.268284013	0.10072367	0.00269095315	19.53413
0.97	0.0063624888	0.133256616	0.027986787	-0.0236513408	0.542739116	0.0603617409	0.383435873	0.268527952	0.125952384	0.00272295233	17.38454
0.98	0.00706387293	0.132978801	0.0285312526	-0.0237615003	0.541928405	0.099256757	0.249119291	0.268453441	0.13180243	0.0029931341	18.682075
0.99	0.00813975572	0.132978873	0.0291067761	-0.0238892645	0.540891523	0.16346043	0.0912053884	0.268056709	0.0706509061	0.00337981792	19.605115
1	0.00971312281	0.133357146	0.0296258636	-0.0239880035	0.539980082	0.118569166	-0.13472475	0.267166784	0.043088314	0.00384806201	18.811308
1.01	0.011244953	0.134238538	0.0300582497	-0.0241600476	0.539597861	0.155956022	-0.28797891	0.265917229	0.0612883891	0.0045130334	19.316809
1.02	0.013051254	0.135278913	0.0304248282	-0.0243333812	0.539244854	0.135999211	-0.33632796	0.264645919	0.0745830706	0.00491639766	17.856556
1.03	0.0146139358	0.136488695	0.0306972906	-0.0246134328	0.539008343	0.225727414	-0.406307369	0.263323009	0.0579886015	0.00458716261	17.210557
1.04	0.0163609629	0.137888755	0.0308966058	-0.0249396882	0.539103549	0.261661342	-0.419872981	0.261967486	0.0572350719	0.00457863534	18.958832
1.05	0.0181101349	0.139506832	0.0309625608	-0.0253366194	0.539697383	0.300783343	-0.367858223	0.260657988	0.107771054	0.00455723948	19.877953
1.06	0.0197704892	0.141242109	0.0309680614	-0.0258010079	0.540632344	0.348768848	-0.292586692	0.259418924	0.0437620585	0.00456809373	17.955059
1.07	0.0212928162	0.142996774	0.0309320603	-0.0263157506	0.541841274	0.392437714	-0.191077299	0.258309183	0.0679827017	0.00458733936	17.524088
1.08	0.0225765215	0.144678937	0.0308681208	-0.0269003873	0.543236884	0.448468966	-0.0843189263	0.257361614	0.0416531136	0.0045911841	17.853352
1.09	0.0235747142	0.146222234	0.0307727986	-0.0275469408	0.544782265	0.515301399	0.0180711315	0.256587729	0.0468600095	0.00464068488	16.096876
1.1	0.02422958	0.147479391	0.0307077934	-0.0282482487	0.546230365	0.575716972	0.0796244587	0.255987522	0.100569436	0.00470551238	17.969674
1.11	0.024523767	0.148369411	0.0306882517	-0.0289623018	0.547493815	0.604866301	0.119923417	0.255587618	0.113255529	0.00470588199	17.18115
1.12	0.0243597431	0.148696199	0.0307884474	-0.0297509614	0.548131091	0.691300367	0.20845279	0.255606997	0.125858554	0.00454446904	20.29333
1.13	0.0239702219	0.148749976	0.0309802513	-0.0305554421	0.548623305	0.727587748	0.265806063	0.255756499	0.12368561	0.0041600902	19.781553
1.14	0.0233796016	0.148608922	0.0312387961	-0.0313705152	0.548997552	0.734292203	0.306742226	0.256023357	0.0601441148	0.00379413256	18.311738
1.15	0.0226251995	0.148332337	0.0315767921	-0.0321965381	0.549260925	0.718085546	0.328623998	0.256347462	0.106179732	0.00339630084	16.245273
1.16	0.0217341413	0.147945882	0.0319936123	-0.0330429228	0.549380438	0.703065233	0.345017368	0.256716639	0.100997562	0.00298055287	16.904268
1.17	0.020781956	0.147531116	0.0324308692	-0.0339113699	0.549469923	0.702072382	0.381619734	0.257122843	0.0739607922	0.00261250141	19.668398
1.18	0.0198672856	0.14716596	0.0328615546	-0.0348026574	0.549602996	0.703353595	0.436345703	0.257521497	0.0672490547	0.00233878563	17.173972
1.19	0.0190575309	0.146912507	0.0332759542	-0.0357166742	0.549815315	0.717577929	0.505674954	0.257868234	0.0845267545	0.00220675418	18.370726
1.2	0.0183931179	0.146743145	0.0337126889	-0.0366263003	0.549988242	0.710664328	0.543806588	0.258090588	0.100335134	0.00219941842	18.116389
1.21	0.0178673777	0.146684898	0.034187416	-0.0375229387	0.550155505	0.697458441	0.556754529	0.258135033	0.128011912	0.00200646158	18.401121
1.22	0.017465845	0.146700788	0.0347178479	-0.0384049577	0.550251422	0.679781973	0.54288566	0.258000156	0.121799309	0.00175322463	18.191181
1.23	0.0171711485	0.146731253	0.0352917418	-0.0392622188	0.550214412	0.653911394	0.500983106	0.257721623	0.125872104	0.00161418765	19.480194
1.24	0.0169230013	0.146710589	0.0359367572	-0.0400646351	0.549964853	0.588016863	0.392675769	0.257271812	0.090968977	0.00171419659	17.712163
1.25	0.0166883945	0.146603106	0.0366460552	-0.0408184624	0.549499925	0.50365605	0.229206272	0.256683489	0.0680757113	0.00201844407	18.566469
1.26	0.0166265408	0.146337614	0.0373219776	-0.0414836183	0.548859969	0.366904874	0.274652443	0.256394248	0.0646601026	0.0026869259	18.240791
1.27	0.0167559929	0.146194299	0.0379838097	-0.04198751	0.548400579	0.147982137	0.369655796	0.25614153	0.0813635846	0.00302449613	17.931625
1.28	0.0171780286	0.146343863	0.0385748201	-0.0423851913	0.548262956	-0.0242856922	0.462699279	0.255852785	0.0573252759	0.00414361177	16.236915
1.29	0.0177504195	0.146567421	0.0391191278	-0.042650321	0.548068597	-0.212610248	0.513582299	0.255570877	0.0724568512	0.0048319642	21.413125
1.3	0.0184965272	0.146944512	0.0395894093	-0.0428042334	0.548019509	-0.355671537	0.559256273	0.255225972	0.0427732944	0.00506024522	20.132298
1.31	0.0192958471	0.147391616	0.0399438495	-0.0428268448	0.548058285	-0.496669505	0.602468925	0.254842644	0.0775911998	0.00509955663	20.620876
1.32	0.0200817076	0.147956601	0.0401687611	-0.0427243628	0.548318944	-0.625408854	0.622416155	0.25432625	0.0642206417	0.00509110778	18.920199
1.33	0.0207857676	0.148666734	0.0402602687	-0.042466899	0.548939828	-0.761301199	0.656275488	0.253664086	0.114302911	0.00493778619	18.000248
1.34	0.0213665389	0.149456175	0.0402407096	-0.0420563502	0.549840927	-0.8992464	0.679279648	0.252874531	0.0487635336	0.00494520889	20.130044
1.35	0.021759316	0.150206432	0.0401613899	-0.0415009949	0.550870613	-1.04734417	0.667960716	0.251996399	0.133908676	0.00509042797	18.629549
1.36	0.0219749938	0.15074383	0.0400540102	-0.0408195217	0.551789623	-1.17416426	0.63799704	0.251179785	0.0979441559	0.00534052345	19.082287
1.37	0.0220087311	0.150862134	0.0399796279	-0.0400691561	0.55225346	-1.26436722	0.62588319	0.250634432	0.117538242	0.0056205793	18.786002
1.38	0.02182229	0.150627772	0.0398988455	-0.0392561166	0.552404568	-1.34295736	0.635872709	0.250388074	0.101343211	0.00550134223	18.916232
1.39	0.0214484779	0.150063581	0.039866743	-0.0383967355	0.552121765	-1.38860535	0.648381065	0.250451058	0.116895074	0.00510124042	16.762907
1.4	0.0209249615	0.14929688	0.0399298829	-0.0375173351	0.55148044	-1.39657301	0.626007367	0.250695887	0.111872271	0.00457243292	18.163822
1.41	0.0202720082	0.148396909	0.0401215668	-0.0366274939	0.550491199	-1.37701292	0.552965546	0.251022317	0.110390779	0.00408835738	19.272043
1.42	0.0195579046	0.147454984	0.0404153739	-0.0357435611	0.549276391	-1.32499151	0.439989712	0.251352473	0.0501328188	0.00362789756	20.271871
1.43	0.0188338533	0.146567233	0.0407214104	-0.0348760232	0.548044711	-1.26236659	0.338182094	0.251671646	0.114632747	0.00316016349	18.807506
1.44	0.0182142969	0.145838401	0.0409847459	-0.0340500018	0.546953639	-1.17664077	0.256827149	0.251933396	0.119903294	0.00274879679	18.908929
1.45	0.0177412057	0.145323982	0.0412306621	-0.0332631896	0.546053439	-1.08408026	0.187283088	0.252054686	0.088831225	0.00234249755	18.843401
1.46	0.0174333286	0.144986167	0.0414588754	-0.0325184879	0.545280404	-0.99963806	0.120174868	0.252034668	0.0946700764	0.00193677966	17.548405
1.47	0.0173322919	0.144499036	0.0417014015	-0.0317177183	0.544113504	-1.00329653	0.144187772	0.252153711	0.116326984	0.00148587555	18.783844
1.48	0.0176235003	0.14424458	0.0419229597	-0.030984823	0.543148036	-0.987222812	0.149690225	0.252111363	0.112319214	0.00231406707	19.981034
1.49	0.0181211635	0.143911177	0.0421455198	-0.030372808	0.541738302	-0.871652762	0.0393300946	0.252033301	0.0625217788	0.00268935358	18.264333
1.5	0.0189277719	0.143952447	0.0422535048	-0.0298764442	0.540979558	-0.654673962	0.133953811	0.251922099	0.0500439969	0.00223341993	19.223628
1.51	0.0200485546	0.14432881	0.0423243173	-0.0295000868	0.540606372	-0.37723387	0.351194331	0.251818322	0.0591809661	0.00356213397	16.734698
1.52	0.0214501578	0.144964641	0.0423814564	-0.0292548215	0.540437371	-0.040310676	0.618822663	0.251739846	0.0575494919	0.00548047334	18.570338
1.53	0.0230528463	0.145967562	0.0423770904	-0.0290981329	0.540786329	0.204020689	0.872371816	0.25145786	0.0488563898	0.00723514865	20.183229
1.54	0.0246774407	0.147240491	0.0423285603	-0.0290333572	0.541535188	0.42844699	1.10008751	0.250993906	0.0389133307	0.00777944052	18.817544
1.55	0.0261003388	0.14865647	0.0422788304	-0.0290717993	0.542570506	0.647178384	1.26099691	0.250307199	0.0747912056	0.0075310304	17.037733
1.56	0.0271561801	0.150102667	0.0422181162	-0.0292049128	0.543901565	0.862379993	1.37154729	0.249432628	0.0502949111	0.00651045038	18.060915
1.57	0.0278339279	0.151171498	0.0421899182	-0.0293404094	0.545003401	0.99935245	1.47824156	0.248638635	0.0696543876	0.00523044222	17.523647
1.58	0.0279391584	0.152074575	0.0421821832	-0.0295970133	0.546304411	1.15483649	1.47567385	0.2477122	0.041408944	0.00442128216	18.893631
1.59	0.0274583164	0.152686986	0.0421769687	-0.0299696857	0.547711935	1.31270412	1.39430678	0.246784301	0.0483739803	0.00343025322	19.675156
1.6	0.0264841825	0.152837987	0.0421626311	-0.0304222698	0.549066645	1.43200588	1.28498873	0.246044966	0.128432184	0.00372379032	17.252858
1.61	0.0251115694	0.152445254	0.0421407017	-0.0309414963	0.550249055	1.50059314	1.17197085	0.245637989	0.0727678878	0.0048874572	17.80442
1.62	0.0234188578	0.151516929	0.0421489155	-0.0315056252	0.551160264	1.51264036	1.05640982	0.245624359	0.118626912	0.00582767539	17.047543
1.63	0.0214511976	0.15013211	0.0421862072	-0.0321024621	0.55176533	1.47837523	0.947179578	0.24604836	0.120026664	0.00626835964	19.629231
1.64	0.0192600683	0.148421128	0.042275931	-0.0327166216	0.552043122	1.39519414	0.823306085	0.246843688	0.0962282319	0.00619998728	18.518252
1.65	0.0168839868	0.146541004	0.0424561719	-0.0333396866	0.552001852	1.28028479	0.678576009	0.247900757	0.0713668857	0.00593119565	19.395674
1.66	0.0143664192	0.144632233	0.0427219122	-0.0339737551	0.551669385	1.15430248	0.524860506	0.249132927	0.0938490172	0.00557714748	19.967039
1.67	0.0117570936	0.142817332	0.0430839536	-0.0346300033	0.551053557	1.03942598	0.378713852	0.250447298	0.0793973049	0.00507651881	18.365242
1.68	0.00923256108	0.141218549	0.0435293344	-0.0352912622	0.550212426	0.915964447	0.221502327	0.251688194	0.109086997	0.00431224427	18.057727
1.69	0.00695928034	0.139892189	0.044034594	-0.0359650318	0.549148016	0.791159148	0.0761652436	0.252795955	0.130762482	0.00362056984	20.989342
1.7	0.00530060368	0.138926381	0.0445983256	-0.0366542008	0.547934969	0.68378487	-0.0433244864	0.253671694	0.0741069398	0.00285764471	18.546981
1.71	0.00500895615	0.138410773	0.0451473921	-0.0373727124	0.546722876	0.635455438	-0.0805133491	0.254327937	0.127158435	0.00204973949	20.401787
1.72	0.00647842231	0.138381954	0.0456563242	-0.0381118522	0.545557286	0.622869652	-0.034473624	0.254733924	0.113775535	0.00149798491	19.866382
1.73	0.00876838954	0.138488637	0.0461434579	-0.0388024414	0.543823403	0.514996308	-0.0432948032	0.254910924	0.133642962	0.00264457102	19.809468
1.74	0.0118173929	0.139027073	0.0465650939	-0.0395245627	0.542160142	0.484756563	0.0694878499	0.254829087	0.0970410535	0.00389390481	19.412551
1.75	0.0153600752	0.139933038	0.0469863768	-0.0402604923	0.540416544	0.478017311	0.246608609	0.254464578	0.054316814	0.00597984234	18.777003
1.76	0.0192243858	0.141355514	0.0473387619	-0.0409064542	0.539147125	0.344483086	0.616241303	0.253832883	0.0556356219	0.00823398983	16.975
1.77	0.0233981477	0.143490219	0.0476767711	-0.0415234887	0.538539607	0.206482058	0.99097409	0.252684891	0.0938790491	0.0113064303	17.308364
1.78	0.0275405187	0.146127608	0.04804156	-0.0421091965	0.538429843	0.0392989051	1.32865778	0.25105445	0.0621683216	0.0129391527	20.53683
1.79	0.0316081999	0.148812107	0.0484163016	-0.0427318333	0.53832987	-0.0701176084	1.71285811	0.249380196	0.0601435797	0.0132950765	18.598034
1.8	0.0350842329	0.151564978	0.0487893394	-0.0433207895	0.538634506	-0.229442752	2.00276584	0.247369153	0.0695962478	0.0139301384	16.112719
1.81	0.0377281274	0.154164757	0.0491554743	-0.0438559248	0.539262041	-0.416252985	2.19861079	0.245141975	0.054798659	0.0130746267	19.417734
1.82	0.0393244576	0.156399817	0.0495185077	-0.0443194042	0.540198542	-0.636311005	2.29537146	0.242796381	0.0669296487	0.0112589874	21.060747
1.83	0.0397946657	0.158070091	0.049839525	-0.0447038057	0.541429277	-0.861283132	2.31096209	0.24052443	0.0462635651	0.0088406095	18.660733
1.84	0.0391204021	0.158956467	0.0500745795	-0.0450053508	0.542858379	-1.11108312	2.26548181	0.23855504	0.0385786464	0.00642416849	16.362117
1.85	0.0374285766	0.158920458	0.050217725	-0.0452392123	0.544348634	-1.3571758	2.19708748	0.237133732	0.130111804	0.00486387326	17.521305
1.86	0.0348475815	0.157674416	0.0503117935	-0.0453553578	0.545366537	-1.65368542	2.18465962	0.236579583	0.114099755	0.00475482059	18.138652
1.87	0.0316595806	0.155641588	0.0502934907	-0.0454873476	0.546272425	-1.8585935	2.16081767	0.236803444	0.124619497	0.00494992688	18.568285
1.88	0.0280028095	0.153028001	0.0501854315	-0.0456395282	0.547022298	-1.99790956	2.12630459	0.237882686	0.0742851965	0.0049045341	19.112494
1.89	0.0240444189	0.150040963	0.0500063827	-0.0458036319	0.547562359	-2.07837885	2.08794736	0.239694468	0.102186666	0.0047294757	19.360355
1.9	0.02000407	0.146953522	0.0497775479	-0.0459877417	0.547938767	-2.08372406	2.03709693	0.241881627	0.109508203	0.0044091856	17.279147
1.91	0.0160703895	0.143984999	0.0495388335	-0.0461828959	0.548159686	-2.02947073	1.97320183	0.244217272	0.0845019972	0.00408153395	18.302578
1.92	0.0124260633	0.1412882	0.049324102	-0.0463719319	0.54818188	-1.90984805	1.89446433	0.24655138	0.07071526	0.00379490219	19.003986
1.93	0.00923078413	0.138995906	0.0491355917	-0.0465616302	0.548022475	-1.72869922	1.79118324	0.24869123	0.095753868	0.00352040173	18.69307
1.94	0.00656775656	0.137196756	0.0490013773	-0.0467441943	0.547700366	-1.50608722	1.66337214	0.250461481	0.0807238809	0.00334794291	18.316445
1.95	0.00447329586	0.13595049	0.0489199344	-0.0469259	0.547278286	-1.25534582	1.51668123	0.251745069	0.0875186825	0.00333779174	17.952673
1.96	0.00303498439	0.135263142	0.0489173084	-0.0471202471	0.546752008	-0.971704638	1.33506231	0.25245436	0.0840291454	0.00342967643	18.644864
1.97	0.0024690862	0.134986814	0.0490096797	-0.0473056987	0.545961637	-0.678802081	1.14690943	0.252680393	0.159459502	0.00371012527	17.347734
1.98	0.00323582395	0.135145621	0.0491988211	-0.0474985215	0.545053052	-0.381878027	0.943986453	0.252387376	0.135027594	0.00378392908	17.825733
1.99	0.0049300577	0.13560107	0.0495133383	-0.0476740174	0.543911389	-0.103996798	0.736440148	0.251681165	0.0878643333	0.00394776565	16.989034
2	0.0071450846	0.136238929	0.0499627772	-0.0478271401	0.542498404	0.136270195	0.533337143	0.25067673	0.0738013279	0.00402076762	16.717716
2.01	0.00974468129	0.137384226	0.0503080233	-0.0480313852	0.541746632	0.343461631	0.446161107	0.24938628	0.0541901478	0.00399809784	18.599595
2.02	0.0122654492	0.138766578	0.050654467	-0.0483233811	0.541018306	0.611335024	0.321541827	0.247964371	0.0591861089	0.00378326301	18.591775
2.03	0.014918505	0.140468379	0.0509825374	-0.048642444	0.540841656	0.806177824	0.255012081	0.246353875	0.0480884782	0.00397188346	19.111211
2.04	0.0174471831	0.142384684	0.0513024618	-0.0490048745	0.5411346	0.967528161	0.229536936	0.244689168	0.0849196383	0.00411275815	18.281767
2.05	0.0198177529	0.14412222	0.0515935622	-0.0493272203	0.541458024	1.01736946	0.291584196	0.2433021	0.0690202873	0.00427719318	17.768685
2.06	0.0217232572	0.145878718	0.0518933066	-0.0496960282	0.542117893	1.06709081	0.329355692	0.241996369	0.0433808275	0.00408442266	20.358729
2.07	0.0231407673	0.147513061	0.0521955671	-0.0500964829	0.542988257	1.10880901	0.370898531	0.240887629	0.0354011467	0.00418195944	17.182064
2.08	0.0240684998	0.148942243	0.0525125401	-0.0505176795	0.544018908	1.14594724	0.444855712	0.240040079	0.0631158692	0.00435175356	17.817204
2.09	0.0245579065	0.150131026	0.0528642762	-0.0509409626	0.5451814	1.14890335	0.534992176	0.23942429	0.0412013334	0.00453204752	17.495008
2.1	0.0245967876	0.150938597	0.053252308	-0.0513492008	0.546220753	1.11880716	0.625200653	0.239113387	0.102131046	0.00463479656	18.458488
2.11	0.0241645119	0.15131493	0.0536633305	-0.0517749992	0.546999024	1.08726431	0.689890169	0.239110326	0.101763883	0.00458996159	18.87571
2.12	0.023323479	0.151242759	0.0541202641	-0.0521911489	0.54739766	1.0624258	0.730954072	0.239385728	0.0880315964	0.00439092256	17.489396
2.13	0.0222024671	0.150778499	0.0546215628	-0.0525859688	0.547418	1.01930527	0.74397778	0.239859497	0.119725629	0.00402187314	18.525654
2.14	0.0209188388	0.150009422	0.0551232921	-0.052965687	0.54710533	0.965131454	0.75352199	0.240508384	0.13018143	0.00353461171	18.543869
2.15	0.0195872961	0.149078417	0.0556535124	-0.0533329404	0.546531154	0.89808606	0.733788182	0.241177925	0.155417394	0.00309477938	18.335851
2.16	0.0183067917	0.148152463	0.0562019879	-0.0536950967	0.545869539	0.839069442	0.705754117	0.241769749	0.113192255	0.0026508797	16.239337
2.17	0.0171938967	0.147308906	0.0567375937	-0.0540543777	0.545186926	0.782117082	0.682219955	0.24225379	0.0689080994	0.00229313579	16.60654
2.18	0.0163340624	0.146630788	0.0572494626	-0.0544017952	0.544584933	0.711184209	0.655722585	0.242553712	0.104683823	0.00218969525	18.873668
2.19	0.0157398283	0.146165029	0.0577702471	-0.0547272685	0.544091053	0.636519617	0.605007764	0.242591414	0.102881099	0.00220993219	18.67511
2.2	0.0154242851	0.145871515	0.0582692067	-0.0550346889	0.543684588	0.56685077	0.54734569	0.24242713	0.122262165	0.00220971419	19.813417
2.21	0.0155506321	0.145484023	0.0588293025	-0.0553849361	0.542824213	0.595961619	0.570850079	0.242410764	0.096442829	0.00242781503	19.830524
2.22	0.0159391218	0.145266273	0.0593684908	-0.0556921572	0.542095599	0.570840873	0.544888109	0.242152828	0.165620177	0.00338897535	19.479436
2.23	0.0164752193	0.145174028	0.0599017451	-0.0559579777	0.541404106	0.515053627	0.486218587	0.241709024	0.086385049	0.00386428301	19.89567
2.24	0.0171067237	0.145140043	0.0604417073	-0.0561923892	0.540685055	0.449112494	0.407688796	0.241131487	0.0942705229	0.00422781341	18.860253
2.25	0.0177771517	0.145302352	0.0608325469	-0.0563005639	0.540498867	0.284892192	0.487568925	0.240548167	0.0451600351	0.00475843302	19.483431
2.26	0.0183978501	0.145427592	0.0611356584	-0.0562369977	0.540281311	-0.0173049424	0.574048295	0.240004022	0.0844296326	0.00575752342	18.899971
2.27	0.0193610082	0.146045398	0.0613135974	-0.0561498091	0.540790936	-0.207445668	0.676980942	0.239280088	0.0581357208	0.00665361606	19.501587
2.28	0.0203488836	0.146991874	0.0614232369	-0.0560020802	0.541850948	-0.396932452	0.774648448	0.238384541	0.0711646452	0.00695932481	17.572507
2.29	0.0212697281	0.148091419	0.0615003985	-0.0557832909	0.543281608	-0.572319615	0.900269497	0.237454803	0.0833908267	0.00694655042	18.552124
2.3	0.0220326117	0.149236264	0.0615682229	-0.0555094423	0.544983335	-0.726534016	1.04176136	0.236547822	0.0657098099	0.00690787756	17.0783
2.31	0.0225475329	0.150321841	0.0616409936	-0.0551896149	0.546829255	-0.854980242	1.17755538	0.235715944	0.0534886468	0.00681402964	16.548929
2.32	0.0227510876	0.151189879	0.0618159549	-0.054834336	0.548507258	-0.9365153	1.26784253	0.234996218	0.108697923	0.00663057994	18.347155
2.33	0.0225819698	0.15175212	0.0620750496	-0.05446231	0.549940795	-0.971021796	1.34682919	0.234484539	0.0706574716	0.0063480691	17.340642
2.34	0.0220142128	0.152025545	0.0623835405	-0.0540844918	0.551145481	-0.96674858	1.39235799	0.23415291	0.062397382	0.0059413442	18.013593
2.35	0.0210306744	0.15203257	0.0627536024	-0.0536965078	0.552116141	-0.946651654	1.42115701	0.233983068	0.123625988	0.00549593922	17.051775
2.36	0.0196829588	0.151831097	0.0632137079	-0.0533007941	0.552845053	-0.920436665	1.41606404	0.233898419	0.108037912	0.00496572478	16.724611
2.37	0.0180604347	0.151505616	0.0637610735	-0.0529054881	0.553405235	-0.894666138	1.38309918	0.233839011	0.0900802853	0.00441493412	16.728979
2.38	0.0162779328	0.151084506	0.0643883044	-0.0525222509	0.55377473	-0.871617838	1.32860737	0.233792983	0.12326812	0.00387201755	17.816128
2.39	0.0144868487	0.150622298	0.0651304224	-0.0521572391	0.553934757	-0.836953278	1.23072986	0.233686224	0.109680529	0.0033543939	17.662161
2.4	0.0127878487	0.150164268	0.0659429652	-0.0518234942	0.553956696	-0.797173643	1.10109921	0.233506786	0.0838971104	0.00298334128	17.601388
2.41	0.0112671807	0.149681281	0.0667903967	-0.0515309057	0.553794346	-0.769993044	0.964650239	0.233308794	0.114636222	0.00278431007	18.262869
2.42	0.0100587519	0.149216535	0.0676720043	-0.05128769	0.553454602	-0.736210678	0.809439527	0.23306553	0.0516035374	0.00260042821	16.340447
2.43	0.00923401188	0.14878778	0.068547013	-0.0511103815	0.552959627	-0.698724389	0.645632937	0.232795731	0.123319624	0.0025058499	17.958797
2.44	0.00886024275	0.148434626	0.0693551284	-0.0510161029	0.552399743	-0.673450854	0.501651944	0.232523778	0.106695327	0.0025164982	18.13819
2.45	0.00899565402	0.14818509	0.0700983961	-0.0509894572	0.551791725	-0.682260435	0.391838996	0.232242354	0.103735993	0.00256733569	18.395546
2.46	0.00962867303	0.148009192	0.0707850369	-0.0510167644	0.551032996	-0.731050581	0.311630643	0.231979375	0.110558311	0.002714741	17.814188
2.47	0.010637406	0.147875438	0.0714340255	-0.0510944281	0.550007331	-0.797077592	0.240723747	0.231747256	0.1230902	0.00308355217	17.287849
2.48	0.0119195809	0.14782309	0.072068598	-0.0512035802	0.548750777	-0.869652909	0.170587664	0.231494051	0.142469294	0.00373535254	19.102949
2.49	0.0134241077	0.147834748	0.0726783394	-0.0513521735	0.547246283	-0.944315186	0.104664722	0.231233638	0.0995840969	0.00465762939	19.160149
2.5	0.0150549712	0.147886865	0.0732940066	-0.0515525663	0.545444969	-0.986631624	0.0282242032	0.230946377	0.0965929824	0.00571245878	20.012834
2.51	0.0166964627	0.148252266	0.0737758665	-0.0519551898	0.543934574	-0.82561169	0.132917127	0.23079282	0.0572338939	0.00682103388	17.478986
2.52	0.0187752317	0.149210333	0.0740427312	-0.0524312347	0.543230357	-0.735807356	0.263834999	0.23024452	0.0542870947	0.00867530369	17.721296
2.53	0.0208011881	0.150579517	0.0741793653	-0.0530280899	0.542986421	-0.59453205	0.368585474	0.229445498	0.0596225282	0.00944880168	17.821532
2.54	0.0228809031	0.151968438	0.0742906224	-0.0536250618	0.542793141	-0.51266926	0.520460871	0.228557582	0.0695516414	0.00934923282	17.8656
2.55	0.0246687612	0.153509673	0.0743803563	-0.0543050707	0.542963965	-0.398460907	0.676892796	0.227526486	0.069043347	0.00921403026	19.119737
2.56	0.0260979709	0.155070346	0.0744443878	-0.0550606121	0.543404135	-0.250582718	0.839911898	0.226460737	0.041280378	0.00889819564	16.526091
2.57	0.0271497146	0.156511989	0.0744891218	-0.055859331	0.544033151	-0.104747974	0.994786641	0.225426702	0.0471120247	0.00848005112	16.139422
2.58	0.0277784594	0.157773196	0.0745146136	-0.0566771769	0.544881479	0.0292763737	1.14625298	0.224476087	0.0470575825	0.00785406922	18.723767
2.59	0.0279309557	0.158764582	0.0745209509	-0.0575073016	0.545878232	0.13460913	1.25938752	0.223656507	0.0704479747	0.00708529567	20.359629
2.6	0.0275075344	0.159339627	0.0745870892	-0.0583376923	0.546772874	0.24636228	1.29889114	0.223013859	0.121969423	0.00606793061	20.361405
2.61	0.0265500209	0.159389855	0.0747064442	-0.0591338337	0.547473443	0.348935746	1.29687736	0.222640238	0.102350582	0.0049458532	19.883751
2.62	0.0250968123	0.158918372	0.0749151158	-0.0598961202	0.547922779	0.445680838	1.2476786	0.222542663	0.107080728	0.00401653103	17.464055
2.63	0.0232396915	0.158003366	0.0751541196	-0.0606252491	0.5482042	0.529392554	1.16516726	0.222742258	0.0562452379	0.00333333053	18.49573
2.64	0.0210505584	0.156552718	0.075444363	-0.0613972902	0.547913508	0.720778263	1.16063207	0.223541547	0.119949506	0.00293999543	19.043353
2.65	0.018837489	0.154977683	0.0757119079	-0.0621314528	0.547625583	0.844392803	1.11875868	0.224524704	0.104058528	0.00228625841	17.193425
2.66	0.0166829212	0.153398159	0.0759660218	-0.0628312521	0.547310908	0.914236887	1.05212821	0.225609291	0.0738392305	0.00171422452	21.061164
2.67	0.0146826375	0.151868958	0.0761620603	-0.0635126341	0.546951035	0.943746011	0.995981429	0.226784052	0.0673490042	0.00119477636	18.332719
2.68	0.0129491641	0.150480618	0.0762949173	-0.0641718585	0.546570558	0.935224364	0.945747583	0.227941711	0.103645001	0.000823204413	17.310202
2.69	0.0115710638	0.149246928	0.0763768747	-0.0648094177	0.546077838	0.89146	0.892546248	0.229017352	0.107652217	0.000808788718	17.582217
2.7	0.0106174388	0.148224126	0.0764369351	-0.0654146692	0.545479045	0.818749864	0.813976938	0.229880964	0.0689475772	0.00106337715	17.370134
2.71	0.0100865488	0.147383102	0.076475874	-0.0659706544	0.544725888	0.704520082	0.691870926	0.230470058	0.107218659	0.00146585127	19.755733
2.72	0.00993405509	0.146673604	0.0765298975	-0.0664633543	0.543743762	0.559498239	0.516306537	0.23074718	0.136566332	0.00206087057	19.834865
2.73	0.0101490522	0.146085603	0.0766170769	-0.066904208	0.542548768	0.429856877	0.301940484	0.230717554	0.153947549	0.00280260987	19.212826
2.74	0.0107014678	0.14556494	0.0767370248	-0.0672912029	0.541125356	0.324254009	0.0528226147	0.230430189	0.071910785	0.00356784112	17.427301
2.75	0.0114924894	0.14528803	0.0767443459	-0.0675121162	0.540175751	0.11654322	-0.0150293773	0.229975281	0.046082517	0.00431922441	17.157538
2.76	0.0126434243	0.145542519	0.0765304931	-0.0676273255	0.539955117	-0.0770911509	0.0153334534	0.229377548	0.112109334	0.00409596292	20.795266
2.77	0.013890695	0.146075493	0.0761586141	-0.0675891335	0.540089321	-0.353771205	0.0836190215	0.228741577	0.0561327741	0.00391818705	20.024991
2.78	0.0153041399	0.146954413	0.0757052997	-0.0673964026	0.540658383	-0.602970237	0.192621033	0.228041061	0.0632948498	0.00385954585	18.79901
2.79	0.0168262371	0.147894213	0.0751923341	-0.0671562248	0.541201277	-0.751627117	0.388677031	0.227615884	0.0687859634	0.00383343025	18.032847
2.8	0.0183760278	0.149087035	0.0745881976	-0.066831143	0.542147622	-0.851152301	0.569814072	0.227169068	0.0782809599	0.00374188584	16.951948
2.81	0.0198225731	0.150402227	0.0738778694	-0.0664222573	0.543403449	-0.927598095	0.734373239	0.226739236	0.064297473	0.0037846608	17.664872
2.82	0.0210712504	0.151762167	0.0730585202	-0.0659349005	0.544990502	-0.988953818	0.885368474	0.226314428	0.0525526482	0.00373525015	20.319872
2.83	0.0220548291	0.153062198	0.0721627799	-0.065390747	0.546823188	-1.02191562	1.01863688	0.225914904	0.0443256471	0.00373115662	20.177037
2.84	0.0226855845	0.154132483	0.0712411353	-0.0647772914	0.548702181	-1.04054321	1.12858913	0.225594373	0.046985031	0.00392033638	17.460285
2.85	0.0229736927	0.154814178	0.0703614529	-0.064135478	0.550339089	-0.998738846	1.22240507	0.225475778	0.16202785	0.00433955259	18.483871
2.86	0.0228941975	0.155053493	0.0695525976	-0.0634633986	0.55164774	-0.921975787	1.30583398	0.225595015	0.116529612	0.00461649948	32.35384
2.87	0.022474543	0.154900675	0.0688359831	-0.0627621055	0.552627013	-0.823887554	1.36611712	0.225930788	0.0862518243	0.00464315084	22.92315
2.88	0.0217698747	0.154432154	0.0682471913	-0.0620438654	0.553266222	-0.700299488	1.37259895	0.226419071	0.0904454091	0.00452933079	17.222378
2.89	0.0208147425	0.153688342	0.0678335704	-0.0612997841	0.553527034	-0.557665439	1.31207323	0.226992268	0.156741775	0.00447354672	18.70677
2.9	0.019637143	0.152687901	0.0675826501	-0.060528551	0.553409607	-0.413395083	1.19740415	0.227633558	0.110475609	0.00450472894	20.328821
2.91	0.0182976325	0.151504463	0.0674753419	-0.0597331799	0.552991471	-0.276806202	1.03675999	0.228295375	0.0574862687	0.00455143611	18.266211
2.92	0.0168612277	0.150200077	0.0674814872	-0.0589219024	0.552331477	-0.157199673	0.836673027	0.228862652	0.0466430999	0.00461746922	18.368688
2.93	0.0154035531	0.148875687	0.0675817431	-0.0580875929	0.551555819	-0.0623368114	0.613953409	0.229335257	0.147849651	0.00473136133	19.158111
2.94	0.0139813671	0.147565517	0.0677713816	-0.057251625	0.550666174	-0.00137997598	0.366960713	0.229716356	0.121475851	0.0048318538	17.411364
2.95	0.0126445343	0.146297924	0.0680349474	-0.0564066266	0.549692119	0.0128164551	0.108094841	0.229998368	0.101065453	0.00497095717	19.251824
2.96	0.0114436925	0.145074461	0.0683777326	-0.0555373269	0.54859067	-0.0204255232	-0.163996548	0.230182643	0.0987408086	0.00506825354	16.966192
2.97	0.010427491	0.143910305	0.0688164876	-0.0546244333	0.547342356	-0.0920685782	-0.441757621	0.23027023	0.0955107615	0.00510060806	18.397481
2.98	0.00963075177	0.14282936	0.0693073157	-0.0536754818	0.545983049	-0.194870713	-0.706548142	0.230304614	0.121878287	0.00500236665	17.670262
2.99	0.00908391244	0.141859108	0.0697710845	-0.0526980206	0.544566916	-0.323628498	-0.930535702	0.23035748	0.105274169	0.00467364242	19.279927
3	0.00882238713	0.140998493	0.0702538595	-0.0516731467	0.54299461	-0.475118373	-1.13586192	0.230401983	0.0651829333	0.00401607608	19.221736
3.01	0.00888381812	0.140572717	0.0706910824	-0.050716389	0.541797522	-0.504649503	-1.17580352	0.23048582	0.0704772958	0.00332279555	18.58349
3.02	0.00925108556	0.140449049	0.071165035	-0.0499135231	0.540459992	-0.340800823	-1.17489123	0.230660523	0.0531126066	0.00197984686	20.07921
3.03	0.0103880581	0.140926889	0.0715792428	-0.049167093	0.5397624	-0.248002838	-1.10204376	0.230541	0.0559364052	0.00245736578	19.990101
3.04	0.0121371843	0.141932151	0.072018269	-0.0484457354	0.539499403	-0.182685249	-0.992459529	0.230135295	0.0483605468	0.00370221889	17.690947
3.05	0.0142611205	0.143348559	0.0724793877	-0.047747243	0.539594579	-0.136391575	-0.85825142	0.229478675	0.0366680205	0.00471478963	17.127043
3.06	0.0166380868	0.144886221	0.0729567545	-0.0470219145	0.539762356	-0.159673182	-0.646424898	0.228760747	0.0510437559	0.00535346022	19.178367
3.07	0.0189071365	0.146743282	0.0734302461	-0.046354346	0.540359638	-0.144193838	-0.453780391	0.227804145	0.0524479608	0.00631208924	19.956987
3.08	0.0209071389	0.14876633	0.0738786891	-0.0457613828	0.541297666	-0.100177131	-0.264086058	0.226705575	0.0384227163	0.00650307672	17.232744
3.09	0.0225777871	0.15077265	0.0742798613	-0.0452167794	0.54248477	-0.0689608305	-0.0541663137	0.225570867	0.118499722	0.00632151396	20.913982
3.1	0.0238102053	0.152504409	0.0747203078	-0.0447107417	0.543555413	-0.0498577209	0.125517073	0.224471665	0.130519369	0.00611645381	18.168954
3.11	0.0245661164	0.15378236	0.075269722	-0.0442354561	0.544292279	-0.0443150611	0.272509091	0.223486487	0.111240012	0.00571916051	19.643955
3.12	0.024836898	0.154538594	0.0759999794	-0.0437829948	0.544571125	-0.0153839085	0.3818372	0.222551995	0.106343888	0.00540037925	20.40745
3.13	0.0246803988	0.154791427	0.0768810113	-0.0433343642	0.54444041	0.0393293483	0.459194589	0.221770805	0.12207259	0.00532783152	17.956579
3.14	0.0241856903	0.154547439	0.077897057	-0.0428787305	0.543869945	0.107401736	0.505626869	0.221237749	0.103864228	0.00543795265	17.144413
3.15	0.0234285045	0.153880627	0.0790143242	-0.0424052298	0.542918424	0.183058186	0.504258482	0.220929312	0.132312225	0.00574268527	19.199463
3.16	0.0224951701	0.152877421	0.0802555264	-0.0419022559	0.541634523	0.256990557	0.457709454	0.220769109	0.131454698	0.00595295967	19.846897
3.17	0.0214365929	0.151643509	0.081594252	-0.0413535974	0.540140541	0.298732696	0.359923902	0.220661446	0.0630703888	0.00611400056	17.238463
3.18	0.020312458	0.150264552	0.0829952551	-0.0407672766	0.538538051	0.307807737	0.237005885	0.220569024	0.102097435	0.00605112911	19.176482
3.19	0.0191918325	0.148806814	0.0844098861	-0.0401544583	0.536893706	0.286738312	0.107199285	0.220478008	0.102967865	0.00599932412	16.532099
3.2	0.018163134	0.147329659	0.0858564065	-0.0395236773	0.535197475	0.258025456	-0.0273647254	0.22035145	0.111085179	0.00606189205	18.980619
3.21	0.0173272225	0.145860171	0.0873034173	-0.0388842344	0.533437581	0.226912288	-0.149635942	0.220208062	0.110943219	0.00625706768	20.42781
3.22	0.0167695836	0.144483002	0.0886999997	-0.0382458301	0.531707161	0.189418853	-0.242506849	0.220035444	0.14474883	0.00669612906	20.6627
3.23	0.0165886954	0.143290922	0.0900330499	-0.0376175701	0.530077966	0.15671884	-0.286524352	0.2198083	0.134752589	0.00732779058	16.373478
3.24	0.0168509637	0.142696104	0.0911914221	-0.0371481855	0.529076084	0.269522508	-0.380765696	0.219279906	0.0545740852	0.00821206929	17.541989
3.25	0.0170115252	0.142363289	0.0920936185	-0.0367068631	0.528492394	0.25475068	-0.346451458	0.218712675	0.06456139	0.00796038373	19.134975
3.26	0.0171031284	0.142651015	0.0927238719	-0.0363021433	0.528850247	0.208262786	-0.244500718	0.217819767	0.0963159237	0.0079450641	17.545103
3.27	0.0171541087	0.143407118	0.0931876125	-0.0359412997	0.529832526	0.152668786	-0.0963560649	0.216685866	0.112230456	0.00756411904	19.898109
3.28	0.0171873225	0.144503792	0.0935234155	-0.0356409925	0.53129462	0.0972709749	0.0901061215	0.215405364	0.0507788907	0.00710865143	17.613772
3.29	0.0172135454	0.145808227	0.0937787505	-0.035427319	0.533067443	0.0497675056	0.286857629	0.214054244	0.053019952	0.00663573811	17.726354
3.3	0.0171566605	0.147249565	0.0939897852	-0.0352800688	0.535120499	-0.0151178496	0.469922756	0.212631465	0.0493450918	0.00610151167	18.19199
3.31	0.0169902513	0.148693213	0.094187153	-0.0351979257	0.537309285	-0.0940377284	0.625338853	0.211221562	0.0587001227	0.00544530317	19.422345
3.32	0.0166841676	0.149891714	0.0943918702	-0.035147227	0.539321804	-0.190420817	0.765918162	0.210007916	0.121051342	0.00477859615	19.847995
3.33	0.0162295689	0.150783254	0.0945799855	-0.0351281575	0.541112757	-0.309683425	0.90087603	0.209069688	0.0910627147	0.00435692326	18.804857
3.34	0.0156460354	0.151396574	0.0947352684	-0.0351291483	0.54268821	-0.448070914	1.01061593	0.208391295	0.0654653188	0.00399323388	19.507643
3.35	0.0149740912	0.151754127	0.0948443906	-0.0351516315	0.544035368	-0.587763638	1.10897241	0.207997789	0.101242531	0.00366677471	21.836173
3.36	0.0142523506	0.151926767	0.094946235	-0.035185777	0.545166844	-0.718316853	1.19587239	0.207823262	0.113561965	0.00326798068	15.948814
3.37	0.013506652	0.151982152	0.0950969707	-0.0352186739	0.546070773	-0.839725207	1.24793521	0.207758135	0.124019139	0.00278043691	17.127492
3.38	0.0127632023	0.151956103	0.0953076861	-0.0352391854	0.546756495	-0.950480892	1.27082461	0.207754102	0.0737225112	0.00233119403	17.655742
3.39	0.012055392	0.151884807	0.095576826	-0.0352496241	0.54724788	-1.04742164	1.26291482	0.207761648	0.0654336654	0.00194766412	18.903298
3.4	0.0114018648	0.151708781	0.0959363856	-0.0352387938	0.547406725	-1.13082379	1.22318817	0.207781295	0.0843924482	0.00174431669	18.185392
3.41	0.0108436232	0.151437654	0.0963561744	-0.0352105898	0.547234544	-1.18862545	1.14521289	0.207812329	0.0997381599	0.00166836767	16.117468
3.42	0.0104219839	0.151083905	0.0968187037	-0.0351643874	0.546747868	-1.21574925	1.04477737	0.207849047	0.0512955316	0.00170255039	18.056566
3.43	0.0101989761	0.150732599	0.0973226749	-0.0350946241	0.546073045	-1.22753983	0.946575172	0.207834129	0.13094931	0.00176684327	17.548141
3.44	0.0102248496	0.150444537	0.0978517775	-0.0350009731	0.545274977	-1.22651769	0.85442066	0.207751325	0.107045607	0.00185613206	18.800909
3.45	0.0105194486	0.150305383	0.098375797	-0.0348912923	0.544484943	-1.20293386	0.769274358	0.207573247	0.133338853	0.00213441694	18.828544
3.46	0.0110572023	0.150296896	0.0989219879	-0.034755078	0.543658351	-1.16246534	0.67805257	0.207282264	0.112967385	0.00267062202	19.329697
3.47	0.0117434594	0.150389671	0.0995088118	-0.034611482	0.542768937	-1.07368148	0.559499418	0.206876807	0.100584819	0.00332529841	15.726857
3.48	0.0124888763	0.150463195	0.100133822	-0.0344834107	0.541682789	-0.93770462	0.384646967	0.206400374	0.163707373	0.0039770595	18.602379
3.49	0.0132657029	0.150447319	0.100824296	-0.0343659795	0.540388096	-0.769813125	0.160642958	0.205847333	0.0557346359	0.00466522955	18.677043
3.5	0.0142762951	0.150519832	0.101348485	-0.034240592	0.539515772	-0.660832149	0.0797965453	0.20526775	0.0897133479	0.00546403587	17.118883
3.51	0.015153059	0.150977747	0.101862573	-0.0341897092	0.53925427	-0.482405023	-0.00988815301	0.204443926	0.0586021485	0.00563605559	20.209324
3.52	0.0157091537	0.151619307	0.102384851	-0.0342584229	0.539301418	-0.192648419	-0.132635597	0.203544086	0.0565308876	0.00575916482	17.897482
3.53	0.0161681687	0.152450667	0.102869219	-0.0344173854	0.539909599	0.0811657615	-0.200129454	0.202574326	0.0878939347	0.00587470753	16.518704
3.54	0.0164854307	0.153353537	0.103321584	-0.0346500093	0.540915295	0.33896501	-0.204403068	0.20169457	0.0561656201	0.00594780293	18.512934
3.55	0.0166184225	0.154324527	0.103730279	-0.0349525968	0.542310237	0.583141168	-0.15773961	0.200953038	0.0421930478	0.00597757847	19.775233
3.56	0.0166336656	0.155368001	0.104059516	-0.0352908729	0.544110053	0.775048571	-0.0420084317	0.200405146	0.0856056874	0.0059482442	17.389904
3.57	0.0164778713	0.156477652	0.104293006	-0.0356735279	0.546241786	0.932490031	0.121515576	0.200079261	0.0801099372	0.00590731227	20.747906
3.58	0.0161977248	0.157400883	0.104471302	-0.036007978	0.548212076	0.991166993	0.234800618	0.200003372	0.0581378463	0.00581386204	16.668717
3.59	0.0157261209	0.158252877	0.104618036	-0.0363259315	0.550255482	1.01609244	0.371641384	0.200089153	0.0829001505	0.00578285457	18.505701
3.6	0.0150018231	0.158956536	0.104803374	-0.0366340202	0.552092185	1.03666952	0.480311817	0.200306153	0.135795582	0.00565337776	17.209469
3.61	0.0141049019	0.159506073	0.105053958	-0.0369290332	0.553675122	1.03475658	0.559899925	0.20058	0.106625347	0.0054424984	17.076215
3.62	0.0130463028	0.159885964	0.105420962	-0.0372128182	0.554893331	1.02945332	0.605347924	0.200866122	0.103432673	0.00511549477	16.313609
3.63	0.0119283032	0.160099911	0.105923571	-0.0374733517	0.555693959	1.00016775	0.587737772	0.201081151	0.126005775	0.00471439416	17.60107
3.64	0.0107868195	0.160157474	0.106551372	-0.0377150201	0.556083482	0.959184359	0.511647721	0.201191602	0.115216135	0.0043974571	18.239502
3.65	0.00966447284	0.160074469	0.107262207	-0.0379392469	0.55609449	0.920166934	0.383975237	0.201192253	0.110612033	0.00413242343	16.783743
3.66	0.00863456408	0.15986857	0.108030096	-0.0381457167	0.555758177	0.889419785	0.221833805	0.201088059	0.0691116307	0.00395577455	18.285193
3.67	0.00780184211	0.15959306	0.10878646	-0.0383430189	0.555179856	0.87144556	0.0635840795	0.200920914	0.0520732888	0.00376167572	17.353937
3.68	0.00727956045	0.159307172	0.109503038	-0.0385257705	0.554418623	0.851546266	-0.0796264133	0.200695336	0.0840227909	0.00335395292	18.105779
3.69	0.00711565274	0.159114839	0.110161973	-0.0386977051	0.553594828	0.835177975	-0.200534514	0.200384198	0.0908617119	0.00275741938	19.434336
3.7	0.0073161919	0.159071352	0.110752323	-0.0388621332	0.5527676	0.815119686	-0.302434552	0.199973661	0.106371908	0.00207389629	19.361109
3.71	0.0078587532	0.159206892	0.111275246	-0.0390312206	0.551981233	0.801254607	-0.366580628	0.199481789	0.0873124727	0.0014350901	18.276667
3.72	0.00871113061	0.159446759	0.111720795	-0.0392039964	0.551121515	0.786360614	-0.397936295	0.198983462	0.104143321	0.000939504558	19.32411
3.73	0.00985911446	0.159831747	0.112094906	-0.0393820958	0.550270155	0.780355835	-0.388344528	0.198462862	0.0983554746	0.00123161537	19.442794
3.74	0.0112782865	0.160301438	0.11241332	-0.0395703681	0.549334074	0.782512677	-0.346208966	0.197956847	0.0923483602	0.00219193796	19.269482
3.75	0.0127874506	0.160508675	0.112680457	-0.0396915182	0.547830139	0.686396994	-0.386647386	0.197531486	0.0311531996	0.00343858176	17.218909
3.76	0.0144636797	0.16070747	0.112908478	-0.0398290384	0.546286276	0.623899117	-0.379834336	0.197087412	0.0534295613	0.00400370768	17.895059
3.77	0.0162907716	0.160995251	0.113036298	-0.0399087166	0.544971754	0.483856491	-0.252761775	0.196629661	0.0502815749	0.00502059646	20.109154
3.78	0.0181887869	0.161569966	0.113071727	-0.0399501366	0.544049566	0.369105057	-0.126810304	0.196020962	0.0518919487	0.00668151044	19.328111
3.79	0.0199830729	0.162285723	0.113092353	-0.0399501522	0.543393234	0.253583242	-0.0227264406	0.195254773	0.0822316014	0.0074074773	18.518949
3.8	0.0215757274	0.163084626	0.11308868	-0.039929184	0.543100034	0.175401709	0.0815495454	0.194374746	0.0596268573	0.00747910825	19.367299
3.81	0.0230478278	0.163660075	0.113083208	-0.0399473489	0.542764372	0.206218809	0.262359747	0.193729202	0.0489822479	0.00727004996	18.529846
3.82	0.0241123945	0.164248091	0.113048197	-0.0399236523	0.542887964	0.196435429	0.419578764	0.192994986	0.0783563658	0.00785055271	19.16145
3.83	0.0247021485	0.164751985	0.11296771	-0.0398461459	0.543396421	0.150215846	0.563433116	0.192273226	0.0481307114	0.00764634846	17.457004
3.84	0.0247941295	0.165051376	0.112874787	-0.0397351516	0.544138333	0.094853913	0.674144468	0.191636553	0.0496879833	0.00705435159	17.210493
3.85	0.0243378846	0.164899699	0.112906974	-0.0395759443	0.544703201	0.0185678631	0.702997896	0.191132627	0.141269212	0.00621796338	18.241145
3.86	0.0234047932	0.164168241	0.113051344	-0.0393759942	0.544913805	-0.0348893976	0.673006303	0.190908313	0.131910288	0.00539473012	17.758005
3.87	0.0220580486	0.162957429	0.113251303	-0.0391357413	0.544895449	-0.0672139518	0.608549906	0.190972332	0.117278622	0.00489282634	18.497776
3.88	0.0203658746	0.161404853	0.113488907	-0.0388586207	0.54472633	-0.0966960701	0.515973763	0.191275054	0.073899309	0.00451632637	18.061312
3.89	0.0183649356	0.159349663	0.113787894	-0.0384823986	0.544038432	-0.218352319	0.50113069	0.192009664	0.136308389	0.0041801937	19.772034
3.9	0.0163792588	0.157391584	0.114138068	-0.0380663232	0.543359359	-0.31848229	0.448510276	0.192799021	0.110564727	0.00396120728	19.613385
3.91	0.0144664269	0.155619018	0.11453295	-0.0376033295	0.542679394	-0.425556799	0.369853243	0.193569592	0.0942773155	0.00363640581	17.900275
3.92	0.0127005379	0.154047859	0.114957881	-0.0370957623	0.54196422	-0.536911027	0.276868299	0.194286537	0.0404313093	0.00316487724	17.864334
3.93	0.0111614848	0.152675577	0.115400884	-0.0365576825	0.541170771	-0.637854071	0.170366188	0.194917674	0.0993897004	0.00262351937	20.078967
3.94	0.00990521783	0.151542986	0.115823878	-0.0359948642	0.540369964	-0.736095773	0.0586891588	0.195408192	0.104152947	0.00205737767	17.630091
3.95	0.00898652902	0.150644164	0.116238311	-0.0354185417	0.539521583	-0.811411147	-0.0731032843	0.195712712	0.111962868	0.0014947979	19.382861
3.96	0.00841321026	0.149925601	0.116650557	-0.0348241825	0.538572671	-0.871484918	-0.214345322	0.195836257	0.0639067423	0.00102812376	19.149878
3.97	0.00819535442	0.14935478	0.117028851	-0.0342259811	0.537510424	-0.905302675	-0.366074004	0.195806183	0.132833542	0.000784311774	17.487616
3.98	0.00832354882	0.148868428	0.117391847	-0.033610686	0.536270443	-0.939485921	-0.518097907	0.195646597	0.106026829	0.000888752778	18.365661
3.99	0.0087795745	0.14847018	0.117787075	-0.0329721617	0.534857869	-0.974392087	-0.68471016	0.195322985	0.0759536201	0.0011645018	20.095796
4	0.00962971406	0.148531272	0.118108144	-0.0324684493	0.534025308	-0.842024665	-0.6440842	0.194932692	0.0706861779	0.00162874382	18.185622
4.01	0.0107823634	0.149144904	0.118370767	-0.0321156628	0.53366044	-0.619614206	-0.583886501	0.194313994	0.074207466	0.00271641061	18.071793
4.02	0.0122040274	0.150345658	0.118575453	-0.0318334353	0.533996845	-0.442464805	-0.471346197	0.193386157	0.0637501598	0.00371607123	15.780246
4.03	0.01381224	0.151753448	0.118771225	-0.031557472	0.534573765	-0.331437997	-0.251281943	0.192481537	0.0392292173	0.00420145832	16.60793
4.04	0.015330169	0.153605261	0.118953572	-0.0313721653	0.535791262	-0.186443574	-0.039110633	0.191353247	0.0488200604	0.0050714516	16.4862
4.05	0.0166146609	0.155659701	0.119151304	-0.031257717	0.537434667	-0.0397725389	0.160234051	0.1901005	0.0446284487	0.00508269986	19.265304
4.06	0.0175327174	0.157677196	0.119350829	-0.0312257866	0.539345616	0.113117825	0.343448434	0.188912474	0.0477195167	0.00456694124	16.34429
4.07	0.0179928056	0.159456365	0.119534756	-0.0312867284	0.541372819	0.274276946	0.492957996	0.187887351	0.0729908453	0.00382962238	20.91276
4.08	0.0179519961	0.160906017	0.119754884	-0.0314515047	0.543451101	0.448451677	0.597324723	0.187012901	0.0529866079	0.00299883536	19.544715
4.09	0.0174098019	0.161946351	0.120060634	-0.0317030452	0.54547488	0.611678968	0.632533318	0.186270266	0.0424431166	0.00242048296	20.749151
4.1	0.016427481	0.162510686	0.120403522	-0.0320422667	0.547391251	0.768532562	0.638831432	0.185765835	0.128541382	0.00265687242	17.905344
4.11	0.0150942656	0.162437651	0.120842057	-0.0325019948	0.548792359	0.965041129	0.679436273	0.185732812	0.0886350556	0.00343556718	17.607595
4.12	0.0135729582	0.162038758	0.121323771	-0.0329844517	0.549972003	1.08772693	0.682213313	0.185918993	0.116971685	0.00335065705	18.984133
4.13	0.0119511704	0.161407033	0.121829391	-0.0334839306	0.550890726	1.15443676	0.672338253	0.18633534	0.0948070629	0.00332481696	17.863547
4.14	0.010309227	0.160679159	0.122383495	-0.0339865378	0.551560333	1.18552507	0.642956571	0.186881311	0.113886303	0.0031589055	19.164895
4.15	0.00871648073	0.159950914	0.122948634	-0.0344940557	0.551996889	1.20821085	0.615226481	0.187530823	0.0832070724	0.00296571875	18.002028
4.16	0.00725901598	0.159323965	0.123526436	-0.0349948453	0.552211703	1.23742607	0.580264291	0.18818413	0.108406895	0.00256452469	19.333488
4.17	0.00607880664	0.158930703	0.12409346	-0.0354838028	0.552352423	1.26191751	0.545060301	0.188705372	0.0695903958	0.00212403855	19.818416
4.18	0.0052988041	0.158779638	0.124630708	-0.0359538405	0.552401224	1.27877052	0.517562882	0.189061533	0.0911015178	0.00177873353	19.73345
4.19	0.00502222599	0.158806762	0.125158324	-0.0364035493	0.552234532	1.28271618	0.483548481	0.189234192	0.107573909	0.00146033429	19.695142
4.2	0.00527389812	0.158973952	0.125684264	-0.0368166329	0.551830995	1.26082651	0.439914924	0.189186587	0.103661928	0.00123106933	21.011037
4.21	0.00594269536	0.159270531	0.126209755	-0.0371885972	0.551222008	1.22031281	0.374163882	0.18887676	0.0929695271	0.0011711773	19.458709
4.22	0.00687691431	0.159581377	0.126757891	-0.0375049515	0.550288092	1.16502264	0.271175548	0.188336909	0.121683111	0.0013027128	21.29724
4.23	0.00797666129	0.15984122	0.127335888	-0.0377659098	0.549029172	1.11094706	0.136044425	0.187596133	0.0947255098	0.00148575735	22.712362
4.24	0.00919806337	0.160003172	0.127913208	-0.0379875923	0.547489851	1.06501718	-0.00839362545	0.186724448	0.0656622069	0.00170184749	19.867318
4.25	0.0104817249	0.16006993	0.12846812	-0.0381605183	0.545757282	1.01467075	-0.169253078	0.185736568	0.0691345989	0.00204340831	21.634781
4.26	0.0118424495	0.160112899	0.128971013	-0.0383001754	0.54401707	1.00319524	-0.318600533	0.184668301	0.0789248291	0.00251761645	16.465393
4.27	0.0132415687	0.160310536	0.129321723	-0.0383451173	0.54277155	0.915022726	-0.331299943	0.183509588	0.0546351425	0.00308812241	18.436022
4.28	0.0147131823	0.16088079	0.12951987	-0.0383402252	0.542201166	0.83959163	-0.284113283	0.182246817	0.0939720703	0.00412972891	19.179753
4.29	0.0160127433	0.161525172	0.129619646	-0.0382124237	0.54189082	0.677381151	-0.289121656	0.180964112	0.0665627082	0.00482990347	19.133828
4.3	0.017306243	0.162032732	0.129710845	-0.0381046633	0.541597657	0.633320327	-0.196134751	0.179995757	0.0654345933	0.00476866161	17.585697
4.31	0.0183802482	0.162635807	0.129735528	-0.0379481919	0.541738	0.590491825	-0.113499179	0.179065747	0.0572131384	0.00517758561	18.621981
4.32	0.0191707818	0.163209013	0.129691713	-0.037767131	0.542165807	0.564523617	-0.0425529584	0.178274677	0.0627975421	0.00520310772	18.345128
4.33	0.0196453823	0.163676725	0.129571731	-0.037573365	0.542850988	0.569539059	0.0373517204	0.177681258	0.0461609059	0.00501339202	19.022494
4.34	0.0197906773	0.164000658	0.129383828	-0.0373655342	0.54375832	0.598934956	0.135284381	0.177301269	0.0576340601	0.00484369348	18.435829
4.35	0.019582571	0.164021272	0.129165995	-0.03712735	0.544570667	0.633428121	0.223467161	0.177221214	0.144048008	0.00481006104	19.198601
4.36	0.0190616273	0.163665554	0.128964382	-0.0368670191	0.545080035	0.684506693	0.295331487	0.177473096	0.113977562	0.00476066052	18.084566
4.37	0.0182535597	0.162958932	0.128782587	-0.0365922499	0.54524828	0.713322544	0.360776611	0.178008642	0.0849281452	0.0046058788	17.008907
4.38	0.0172634625	0.161964832	0.128637505	-0.0362922653	0.545033761	0.703867562	0.426351708	0.178763674	0.115627873	0.00440331354	17.286283
4.39	0.0162543125	0.160826886	0.128564269	-0.0359723926	0.544486572	0.661464466	0.483370067	0.179611017	0.0977808627	0.00429922747	18.136248
4.4	0.0153447843	0.159659363	0.128601887	-0.0356329183	0.54366008	0.567205812	0.519174913	0.180403732	0.0696295654	0.00431826223	17.501205
4.41	0.0146418746	0.158566236	0.128749705	-0.0352669315	0.54267243	0.423201929	0.543566715	0.181045649	0.115888307	0.00438327122	18.181443
4.42	0.0142159807	0.157601369	0.128958321	-0.0348882836	0.541614314	0.247108459	0.57028628	0.181523946	0.0486693527	0.00443141415	18.785591
4.43	0.0140947599	0.156781496	0.129199482	-0.0344904073	0.540548516	0.0289443795	0.630484894	0.181836315	0.0930977948	0.00451116904	17.04676
4.44	0.0142801326	0.156113471	0.129505696	-0.0340800002	0.539427527	-0.1927154	0.697017382	0.181973139	0.137583225	0.0048979536	16.286972
4.45	0.0147125037	0.15557392	0.129873232	-0.0336589249	0.538238478	-0.404709232	0.764535515	0.181951242	0.102807756	0.00537599591	18.423333
4.46	0.0153018804	0.155141385	0.130289041	-0.0332419123	0.536990413	-0.591713839	0.817482124	0.181781218	0.09204029	0.00588972458	16.240544
4.47	0.0159706997	0.154749717	0.130721875	-0.0328463589	0.535664168	-0.743914508	0.855726596	0.181515711	0.0964328558	0.006253626	17.350626
4.48	0.0166417589	0.154345781	0.131169548	-0.0324715471	0.534252546	-0.872174228	0.871455044	0.181159489	0.134436284	0.006536573	19.354531
4.49	0.0172691441	0.153897901	0.131648269	-0.0320982946	0.532781549	-0.98259571	0.871866815	0.18071474	0.0861510478	0.006690085	19.770087
4.5	0.0180455695	0.15371528	0.132089927	-0.031853493	0.531902908	-0.922445222	1.04957334	0.180241764	0.077334897	0.00685713013	18.597631
4.51	0.0189160009	0.153647664	0.132488518	-0.0315901859	0.531138622	-0.877572162	1.23982739	0.179733826	0.0707659171	0.00867471589	17.146245
4.52	0.0196457729	0.154082751	0.132838209	-0.0313827756	0.53118668	-0.808063068	1.40847927	0.178901982	0.0629329898	0.00978135967	16.586548
4.53	0.0200934064	0.154776525	0.133175047	-0.0312446889	0.531793576	-0.715627694	1.54849218	0.177903158	0.0822972135	0.00938574483	16.717489
4.54	0.0201116067	0.155517346	0.133514293	-0.0311995623	0.532823937	-0.588970793	1.63449607	0.176833334	0.0531792806	0.00822035209	18.91089
4.55	0.0195915333	0.156157868	0.133851051	-0.0312677649	0.534224217	-0.415425881	1.63598936	0.17574661	0.0788632372	0.00649725793	19.788769
4.56	0.0185639936	0.156562841	0.134193608	-0.0314404684	0.535943598	-0.221100582	1.56142978	0.174700318	0.0436509691	0.0045098329	17.306975
4.57	0.0171863645	0.156630517	0.134485042	-0.0317433481	0.537928044	0.0104962065	1.45366543	0.173872424	0.0717264848	0.00382300865	18.991543
4.58	0.0156992062	0.156331314	0.134733583	-0.03215705	0.54004095	0.250672658	1.31649073	0.173340298	0.0864668196	0.00530687226	18.472611
4.59	0.0143795664	0.155744698	0.13496352	-0.0326583022	0.542226459	0.484638379	1.1583652	0.173123197	0.0990050093	0.00737199434	19.518216
4.6	0.0134094147	0.154889805	0.135212454	-0.0332252193	0.54426656	0.691138104	0.98998537	0.173282906	0.111507739	0.00931145667	18.634692
4.61	0.0125374328	0.15370655	0.135566965	-0.0338752029	0.545728319	0.936099868	0.857726052	0.174023659	0.133097992	0.0106488216	19.118293
4.62	0.0118567143	0.152597377	0.13599996	-0.0345695081	0.546900723	1.12250328	0.721402	0.175005049	0.119294651	0.0104815993	16.893969
4.63	0.0111762936	0.151719565	0.136498807	-0.0353221956	0.547784156	1.2584503	0.592509759	0.176135545	0.0745585807	0.0100481748	19.409352
4.64	0.0103308186	0.151163222	0.137104863	-0.0361326806	0.548346356	1.3440418	0.468872806	0.177268632	0.140851705	0.00931015886	20.372276
4.65	0.00921547826	0.151037481	0.137769378	-0.0370134769	0.548733824	1.38629246	0.383437853	0.17828997	0.0975371224	0.00831752665	21.561421
4.66	0.00774592382	0.151324514	0.138468509	-0.0379667659	0.548877223	1.39581959	0.33030865	0.179145892	0.124279411	0.00699096513	21.0165
4.67	0.00600496149	0.152024604	0.139256712	-0.0389807229	0.548767481	1.3755637	0.284430872	0.17967388	0.056574246	0.00534300274	19.04068
4.68	0.00427358275	0.153074047	0.140109116	-0.0400342524	0.548423595	1.30217021	0.230244486	0.179794116	0.125801019	0.00388134812	17.846304
4.69	0.00305365692	0.15437845	0.141052862	-0.0411165618	0.547848967	1.18526672	0.164745373	0.17945151	0.0909945144	0.00270431066	19.833043
4.7	0.00328418931	0.15583199	0.142092877	-0.0422243343	0.547059481	1.03709674	0.0960647957	0.178655635	0.125323194	0.00176891755	19.57555
4.71	0.00486739099	0.157353004	0.14319824	-0.0433658716	0.54610784	0.886764369	0.0503753064	0.177488566	0.123635788	0.00131152194	22.089671
4.72	0.00701367214	0.158859557	0.144368292	-0.0445375587	0.545000301	0.71678677	0.0257836826	0.176009321	0.136996083	0.00176611942	21.048633
4.73	0.00936393246	0.160270252	0.145597377	-0.0457292214	0.543719538	0.545912679	0.0244068644	0.174328957	0.102402207	0.0029410787	18.666763
4.74	0.0118140814	0.161465572	0.14688258	-0.0469333234	0.542180241	0.374795236	0.047507807	0.172586704	0.0657530002	0.0045135369	18.707219
4.75	0.0142800222	0.162387339	0.148245093	-0.0481399738	0.540349564	0.213619985	0.0795313966	0.170853874	0.0452611054	0.00626161032	16.845787
4.76	0.0166187987	0.163550948	0.149411113	-0.049322046	0.539252458	0.121398856	0.210103907	0.169039649	0.0625923345	0.0080866216	19.639165
4.77	0.0185647306	0.164620264	0.150455978	-0.050420935	0.538355348	-0.0212669124	0.30676963	0.167234048	0.0467137711	0.00953349367	19.102017
4.78	0.0200566228	0.165732378	0.15130985	-0.0514864623	0.538113591	-0.110705809	0.432975803	0.165428255	0.122534472	0.00979837956	18.324835
4.79	0.0212095755	0.16657262	0.152061438	-0.0525581679	0.538040214	-0.0949894443	0.62190583	0.163926984	0.0665945938	0.00947677572	19.151647
4.8	0.0216543205	0.167320601	0.152680746	-0.0535485914	0.538546503	-0.126212886	0.758341238	0.162399634	0.0522303229	0.00967981675	19.030081
4.81	0.0214007795	0.167868719	0.153215079	-0.0544485475	0.5395419	-0.179777014	0.845195252	0.160917234	0.0463982943	0.00847534936	18.494402
4.82	0.0205051359	0.168105239	0.153718935	-0.0552482674	0.540921156	-0.248230126	0.885737439	0.15955544	0.0784950246	0.00655245615	15.88225
4.83	0.0190906208	0.167950347	0.154179129	-0.055953028	0.542581677	-0.329158082	0.895634091	0.158448704	0.0311686537	0.00461972908	19.16101
4.84	0.0173352097	0.167423706	0.154587384	-0.0565607358	0.544460539	-0.421195277	0.896930699	0.15768408	0.0420702432	0.0036445179	18.510527
4.85	0.0154143036	0.166530022	0.154969903	-0.0570970879	0.546315269	-0.516048581	0.894566894	0.15737171	0.121983949	0.0041266587	16.417945
4.86	0.0133502378	0.16512568	0.155362923	-0.0575211936	0.547674154	-0.666955495	0.953381542	0.157700675	0.0747560555	0.00497115388	17.931492
4.87	0.0113644014	0.163787736	0.155792834	-0.0578840021	0.54885034	-0.758606563	0.957799561	0.158333948	0.101149297	0.00465817095	16.602071
4.88	0.00947276253	0.162614176	0.156289691	-0.0581753005	0.549780539	-0.812153044	0.918889207	0.159131884	0.0988498424	0.00454697033	16.160304
4.89	0.00769239209	0.16165684	0.15686234	-0.0583933812	0.550436369	-0.834553605	0.842644794	0.159972105	0.0614229601	0.00447457687	22.482005
4.9	0.00605895111	0.160942825	0.157508453	-0.0585423895	0.550810565	-0.830251885	0.727834706	0.160741864	0.0861355404	0.00445274515	18.174517
4.91	0.0045713266	0.160442465	0.158226098	-0.0586265019	0.550857849	-0.796857588	0.593290549	0.161390323	0.118661836	0.00449075118	17.84061
4.92	0.00326137016	0.160171216	0.158990498	-0.0586545747	0.550624407	-0.74590912	0.461278716	0.161861215	0.0403305247	0.00431607683	21.32474
4.93	0.00229592705	0.160155419	0.159771318	-0.0586459355	0.550154781	-0.682670529	0.338621828	0.1621138	0.121878034	0.00384681927	17.45061
4.94	0.00213957627	0.160386171	0.160541505	-0.058602882	0.549474708	-0.62098046	0.247901667	0.162144109	0.0799545935	0.00319547934	19.43325
4.95	0.00298862834	0.160905609	0.161266749	-0.0585511916	0.54865255	-0.533313694	0.181118552	0.161940736	0.110014849	0.00258753248	18.780554
4.96	0.00439554714	0.161672589	0.161966944	-0.0584944144	0.547666439	-0.419378501	0.123238255	0.161483139	0.119744522	0.00257941767	20.316502
4.97	0.00619974376	0.162620186	0.162610168	-0.0584268767	0.546578286	-0.306923518	0.112042193	0.160813413	0.116965351	0.00320759851	17.517787
4.98	0.00836103632	0.163712949	0.163189272	-0.0583442678	0.545444477	-0.221810424	0.167531458	0.159964701	0.109811407	0.00437419653	20.038615
4.99	0.0107611625	0.164914646	0.163680152	-0.0582707124	0.544263171	-0.149513213	0.26691086	0.159008226	0.112559688	0.00612611342	17.616687
5	0.0129679384	0.166537492	0.163996356	-0.0583230578	0.543637237	0.000919344542	0.375896002	0.157763196	0.0876915461	0.0079715436	17.376494
5.01	0.0150674584	0.168609202	0.164117265	-0.0584375556	0.543975001	0.108489285	0.584641407	0.156167807	0.0562764163	0.00872735907	19.59794
5.02	0.0169070663	0.170858523	0.164126749	-0.0585875988	0.544956732	0.169999399	0.830088668	0.154399998	0.0837250538	0.00902298527	18.237845
5.03	0.0184909805	0.172806264	0.164090421	-0.0587250812	0.546056292	0.157904242	1.12033583	0.152806999	0.0617438272	0.00870709478	18.121674
5.04	0.0194949519	0.174592614	0.163995378	-0.0588827697	0.547541775	0.137000549	1.36764415	0.151326171	0.0731790062	0.00856441569	18.36851
5.05	0.0198864338	0.175913606	0.163890595	-0.0590600552	0.549058605	0.0997741712	1.54645807	0.150127116	0.079897881	0.00752423718	15.844583
5.06	0.0196533816	0.176642286	0.163810826	-0.0592495521	0.550516378	0.0520094853	1.64706826	0.149254033	0.0758541441	0.00606075949	16.236787
5.07	0.0188435723	0.176722314	0.163795663	-0.0594384792	0.551832876	-0.0021900137	1.65957445	0.148713567	0.0486738442	0.00458331261	16.877553
5.08	0.0175658676	0.176189373	0.163865209	-0.059628567	0.552988442	-0.0464666222	1.59417838	0.148503985	0.0513620956	0.00375162159	17.398152
5.09	0.015984448	0.175094676	0.163989594	-0.0598139832	0.553928197	-0.0765659745	1.47881047	0.148671833	0.0432203986	0.00426193848	17.404661
5.1	0.0141723998	0.173401001	0.164209763	-0.0600329356	0.554259883	-0.0224689362	1.40483088	0.149442614	0.100561037	0.00537601039	16.277302
5.11	0.0123325678	0.171615418	0.164478352	-0.0602439573	0.554389481	0.0362113014	1.29793822	0.150432721	0.0776225009	0.00512786593	17.795583
5.12	0.0105204085	0.169895694	0.164824459	-0.0604491856	0.554249979	0.107915729	1.16394069	0.151553861	0.123780452	0.00491914626	18.936847
5.13	0.00876699154	0.168311964	0.165251291	-0.0606432967	0.553778361	0.18650149	1.0031751	0.152726525	0.133087886	0.00458586249	17.275321
5.14	0.00714045534	0.166970167	0.165691426	-0.0608316302	0.553091613	0.265936933	0.83076921	0.153856742	0.101321239	0.0041684635	20.809238
5.15	0.00571484453	0.165962303	0.166147953	-0.061018859	0.552280164	0.355768799	0.654213032	0.154814409	0.0943956506	0.00369863004	19.391691
5.16	0.00455510404	0.16526158	0.166594114	-0.0612059357	0.551331232	0.440851058	0.483471734	0.15556662	0.0742241586	0.00323124892	18.729772
5.17	0.00380294548	0.164875184	0.167053332	-0.0613892114	0.550286521	0.517551634	0.315629827	0.156020869	0.0432617574	0.00267693866	17.816473
5.18	0.00363990783	0.164844183	0.167514956	-0.0615769485	0.549303247	0.579723655	0.159045753	0.156096009	0.0928639632	0.00214374262	18.616462
5.19	0.00406587627	0.165070747	0.167959416	-0.0617822016	0.54831564	0.641939386	0.0267700258	0.155879686	0.103138817	0.00176895831	20.810629
5.2	0.00494897679	0.165509139	0.168419622	-0.0619963552	0.547332141	0.697045517	-0.0977738421	0.155354089	0.121178171	0.00132006812	20.937634
5.21	0.00614022448	0.166142203	0.16886044	-0.062235562	0.546449194	0.763735994	-0.187730617	0.154589385	0.103996378	0.00116195725	18.167516
5.22	0.00752571602	0.166925044	0.169297687	-0.0624898472	0.545661923	0.843858579	-0.246472161	0.153639381	0.106197821	0.001335798	18.279274
5.23	0.00887627764	0.167373305	0.169711472	-0.0626811942	0.544377847	0.822621488	-0.389510955	0.152728875	0.122283789	0.00186583145	18.065703
5.24	0.0102896109	0.167827803	0.170141684	-0.0628977466	0.543242501	0.861837136	-0.469789789	0.151750421	0.0684928357	0.00225788784	17.707431
5.25	0.0117162676	0.168236158	0.170572417	-0.0631282562	0.542146443	0.930448136	-0.510964617	0.150797797	0.0364879081	0.00291065243	19.134502
5.26	0.0131175953	0.168690292	0.170849683	-0.0632829975	0.541509978	0.895376003	-0.387538152	0.149915267	0.080406532	0.00385316289	17.836422
5.27	0.0144870313	0.169411741	0.17101325	-0.0634048387	0.541355322	0.844285527	-0.232682071	0.149022453	0.0632312513	0.00548771086	18.552299
5.28	0.0157594649	0.170293176	0.171046266	-0.0635017998	0.541618656	0.791188051	-0.0349835992	0.148217111	0.106693304	0.00641623035	18.386844
5.29	0.0169669298	0.171035088	0.171021472	-0.0636100874	0.54186166	0.76780178	0.256044103	0.147766369	0.0840072116	0.00698670168	20.825546
5.3	0.0178755706	0.171870273	0.170931517	-0.0636653323	0.542494172	0.705323188	0.495218651	0.147269516	0.0591324548	0.00820190188	18.083266
5.31	0.0183834959	0.172652948	0.170772075	-0.0636713168	0.543453697	0.629499826	0.688754221	0.146785601	0.055813362	0.00802550605	18.72292
5.32	0.0184213483	0.173202435	0.170605752	-0.0636018887	0.54463993	0.532449415	0.851199185	0.146337047	0.0607530066	0.00696403651	18.930135
5.33	0.0180122476	0.173458646	0.170428753	-0.0634794106	0.54600495	0.450115842	0.982610162	0.145985452	0.0672267095	0.00569353644	16.973835
5.34	0.0171727541	0.173400278	0.170248808	-0.0632972164	0.547508431	0.371193289	1.0556952	0.14571615	0.0586455153	0.00449470571	17.361499
5.35	0.0160034949	0.172851848	0.170057325	-0.0630508722	0.548852226	0.282721471	1.10763239	0.145721351	0.154717228	0.00368607084	16.819786
5.36	0.0146232448	0.171864807	0.169892747	-0.0627632662	0.549907588	0.189018833	1.1515437	0.146027382	0.126917071	0.00365701172	17.29513
5.37	0.0131358978	0.17060822	0.16979577	-0.0624380941	0.550620955	0.10276244	1.16739791	0.146559764	0.106842998	0.00364685468	16.189792
5.38	0.0116340212	0.1692532	0.169757694	-0.0620905018	0.551001211	0.0423209525	1.14590574	0.147249551	0.128292158	0.00344588182	17.283245
5.39	0.0101663698	0.167904101	0.169757716	-0.0617266697	0.551079003	-0.0155183156	1.10908546	0.148038119	0.103232864	0.00317050857	19.114649
5.4	0.00880696535	0.166657723	0.169798223	-0.0613545533	0.550864821	-0.0796058024	1.0567296	0.14884538	0.0779077613	0.00272052134	17.330749
5.41	0.00764358441	0.165568298	0.169875358	-0.060978901	0.550361681	-0.151242012	0.993797638	0.149617669	0.106017469	0.00219580038	18.56578
5.42	0.00680027134	0.164702652	0.170015684	-0.060618051	0.54958402	-0.196785991	0.882400635	0.150244222	0.0768326534	0.00156582608	18.075871
5.43	0.00633086818	0.164010221	0.170192992	-0.0602797297	0.548559112	-0.230050807	0.729809022	0.150694615	0.121366208	0.00134219561	18.310622
5.44	0.00625096162	0.163439844	0.170400136	-0.0599631475	0.54732399	-0.255506587	0.543100451	0.150940761	0.0826451161	0.00147570905	19.122387
5.45	0.00653916621	0.162939887	0.170564283	-0.0596837129	0.545952051	-0.281942824	0.356905001	0.151041598	0.110972998	0.00181068489	18.268804
5.46	0.00714048023	0.162551274	0.17068984	-0.0594420552	0.544550855	-0.305175392	0.166598835	0.150947765	0.129543022	0.0021296887	18.920797
5.47	0.00795301195	0.162200418	0.170820825	-0.0592286141	0.543027389	-0.312548084	-0.0457439659	0.150686193	0.132010106	0.00262830134	18.975373
5.48	0.00890611655	0.161784959	0.170971178	-0.059038175	0.541306885	-0.307218326	-0.281736183	0.150322481	0.114743912	0.00325314381	19.386482
5.49	0.00998071771	0.161258395	0.171119089	-0.0588659176	0.539419841	-0.303776296	-0.517677675	0.149929395	0.059755825	0.00387996035	19.775322
5.5	0.0111879009	0.160619988	0.171251264	-0.0587033647	0.5374133	-0.327769271	-0.734050292	0.149557158	0.067829999	0.00447880181	19.99968
5.51	0.0124721522	0.160296067	0.171248318	-0.0587076525	0.535960042	-0.233471335	-0.733387833	0.149272111	0.0339800053	0.00517229843	17.191646
5.52	0.0137960894	0.160354396	0.171140859	-0.0588486523	0.534787333	-0.0578196707	-0.72302489	0.148987169	0.0386671665	0.00615702242	19.397765
5.53	0.0152589451	0.160914266	0.170980108	-0.0590662881	0.534316531	0.0905590744	-0.631336716	0.148512124	0.0861288693	0.00713502746	18.552633
5.54	0.0166577639	0.161852518	0.170812197	-0.0593493291	0.534403608	0.2187397	-0.5065244	0.14792379	0.0481316712	0.0078050523	17.887707
5.55	0.0179814287	0.162760325	0.170605578	-0.0596395344	0.534689658	0.267613601	-0.245482307	0.147594475	0.052426428	0.00804534816	20.201268
5.56	0.0189747297	0.163902203	0.170405318	-0.0599965614	0.535424997	0.326763436	0.0195228729	0.147301144	0.0699011664	0.00871877603	18.990432
5.57	0.0195947447	0.165179545	0.170214728	-0.0604070409	0.536609987	0.38850317	0.281906472	0.14703767	0.0459950838	0.00896328742	17.847013
5.58	0.0197733854	0.166414261	0.170068302	-0.0608606965	0.538119851	0.450644158	0.508652136	0.146813938	0.0657314642	0.00869794587	18.761282
5.59	0.0194379067	0.167440174	0.169972894	-0.0613770209	0.539855552	0.532062173	0.684190794	0.146665224	0.0799955866	0.00796945779	17.368432
5.6	0.0186415583	0.167990794	0.169931125	-0.0619262931	0.54153492	0.605103118	0.828104783	0.146737088	0.143235782	0.00697310293	17.647144
5.61	0.0174388949	0.168005152	0.169995035	-0.0624819859	0.54299653	0.653516124	0.925347182	0.147021939	0.0952594276	0.00613037538	19.745921
5.62	0.0159569099	0.167383816	0.170201745	-0.0630924058	0.543850553	0.758213847	1.07101379	0.147776805	0.162359885	0.0054412691	17.865246
5.63	0.0144145754	0.16658439	0.170489029	-0.0636756848	0.544567338	0.786215829	1.15749686	0.148554305	0.0791881711	0.00528096854	17.94141
5.64	0.0128370145	0.165712499	0.170845385	-0.0642472011	0.545107876	0.783790137	1.2200496	0.149364594	0.108089718	0.00474207711	17.879761
5.65	0.0112984205	0.164844566	0.171257485	-0.064827986	0.545435328	0.783487598	1.28898113	0.1502124	0.124911529	0.00409870407	17.963234
5.66	0.00991396186	0.164086741	0.171731866	-0.0654126063	0.545558284	0.792268074	1.35517435	0.151003678	0.105501892	0.00364372078	19.618185
5.67	0.00880456862	0.163574441	0.172256022	-0.0660023805	0.545616038	0.804579856	1.41357414	0.151603256	0.0635661915	0.00337487513	21.52408
5.68	0.00804526277	0.16330616	0.172845403	-0.0665913651	0.545596712	0.806630612	1.45533832	0.151949956	0.0977605906	0.0032755304	18.084304
5.69	0.00765554102	0.163185955	0.173494571	-0.0671689081	0.545415426	0.787443424	1.47930355	0.152069682	0.119343872	0.00318997736	19.679591
5.7	0.00757932576	0.163181956	0.174198251	-0.0677311437	0.545098855	0.746150489	1.48152464	0.151942783	0.086643268	0.00317659623	19.122827
5.71	0.00773730764	0.163260861	0.174942601	-0.0682780059	0.54467254	0.69513546	1.46828754	0.15158813	0.118611543	0.00314966978	19.482085
5.72	0.00807808323	0.163324214	0.175690908	-0.0687994281	0.544063719	0.636393714	1.43921729	0.151095408	0.117160313	0.00316645043	16.917787
5.73	0.00860932766	0.163296415	0.176480884	-0.0693005306	0.543170054	0.597415629	1.40619848	0.150533408	0.149203791	0.00329576358	19.835702
5.74	0.00929839779	0.16314099	0.177361714	-0.0697750788	0.541926705	0.577615062	1.34824365	0.149893951	0.0813798838	0.00382093992	18.558402
5.75	0.0100731587	0.16280511	0.178320288	-0.0702042098	0.540327528	0.550493949	1.25257729	0.149195215	0.0724108004	0.00457867338	19.077152
5.76	0.0109887854	0.162454169	0.179227902	-0.0704901258	0.538970806	0.417919511	1.2841325	0.148437096	0.0467195986	0.00517281384	19.51839
5.77	0.0118494572	0.162566878	0.180037058	-0.0706980359	0.538197759	0.326720501	1.30474574	0.147374128	0.0682835602	0.00678840586	19.020322
5.78	0.0124985141	0.162769822	0.18071943	-0.0708022022	0.5377209	0.176212541	1.29542996	0.146200157	0.0516126315	0.00692116735	17.454836
5.79	0.0131135638	0.162952356	0.181378384	-0.0708905341	0.53737214	0.138786996	1.35643475	0.145052786	0.0178886126	0.00611607466	19.874723
5.8	0.0134116545	0.163210384	0.182006302	-0.0708820932	0.537435538	0.0882490571	1.37978862	0.143708157	0.0577832617	0.00612451213	20.673287
5.81	0.0133699928	0.163463421	0.182636599	-0.0708039559	0.537828483	0.0628742845	1.35283417	0.142297772	0.0836567739	0.00511580561	19.077355
5.82	0.0130135419	0.163549939	0.183258541	-0.0706571684	0.538454724	0.0484379342	1.302823	0.140981092	0.077256186	0.00341916231	19.926454
5.83	0.0123947671	0.163448376	0.18385639	-0.0704428213	0.53931377	0.0318706023	1.22998717	0.13982084	0.0333341985	0.00188580435	17.647131
5.84	0.0116074059	0.163158918	0.184397683	-0.0701583147	0.540343365	0.0111440287	1.11903973	0.138887394	0.0635509199	0.00171591062	17.987342
5.85	0.0107491693	0.162590452	0.184866588	-0.0698197856	0.541324074	-0.021998054	1.00167984	0.138348962	0.108707794	0.00338324469	17.198243
5.86	0.00988951313	0.161801534	0.18527853	-0.0694294385	0.542147637	-0.0792070873	0.875375165	0.138203353	0.0848730066	0.00486403017	18.54186
5.87	0.00904409221	0.160897403	0.185623421	-0.0690260821	0.542698358	-0.118035087	0.741106741	0.138458516	0.112635547	0.00586235463	18.045819
5.88	0.00820495551	0.159990127	0.185879421	-0.0686223184	0.542956774	-0.136545341	0.608824998	0.139045639	0.11670357	0.00634133951	17.679164
5.89	0.00739267284	0.159223992	0.186091928	-0.0682265605	0.542936723	-0.120523096	0.46607333	0.139788131	0.123815979	0.00633264601	18.450267
5.9	0.00666351819	0.158706606	0.186265079	-0.0678322585	0.542751295	-0.0861271886	0.325705726	0.140522735	0.0795057814	0.00614811962	18.313055
5.91	0.0061140556	0.158487085	0.186434584	-0.0674272356	0.542474457	-0.0663395445	0.191923268	0.141099456	0.11669041	0.00587747448	19.911026
5.92	0.0058275107	0.158583071	0.186587914	-0.0670177698	0.542144604	-0.0427869889	0.0665972238	0.141471929	0.0724809708	0.00563915139	17.687727
5.93	0.00586043248	0.158938907	0.186725159	-0.0666071107	0.541745149	-0.00954542399	-0.0414292897	0.141640896	0.100765525	0.00553167298	17.493586
5.94	0.00624435808	0.159469404	0.186880072	-0.0661860112	0.5412011	0.0360140154	-0.133490381	0.141618711	0.133175124	0.0054461776	17.911616
5.95	0.00698937716	0.160080827	0.187063258	-0.0657484532	0.540442979	0.0892128541	-0.211474794	0.141446232	0.0652896363	0.00539351743	16.611969
5.96	0.00805662568	0.16065859	0.187312153	-0.0652880035	0.539359608	0.140203868	-0.279557003	0.141148441	0.111335429	0.00546179585	17.545995
5.97	0.00941719029	0.161164105	0.187608193	-0.0648000104	0.537986263	0.172546346	-0.336562399	0.14076949	0.149317857	0.00569872262	20.323392
5.98	0.0110179805	0.161517921	0.187954359	-0.0642724921	0.536274474	0.175644859	-0.379624995	0.140373949	0.115554391	0.00628770973	17.576844
5.99	0.0128032435	0.161673164	0.188325486	-0.0637143575	0.534218823	0.158125578	-0.398771421	0.140012351	0.100514993	0.00738655512	19.505514
6	0.0146862862	0.162068699	0.188630369	-0.0633044676	0.532494765	0.290314459	-0.216524296	0.139572775	0.0639977642	0.00887298125	18.650898
6.01	0.016566579	0.162911088	0.188883958	-0.0629945759	0.531293492	0.459934772	-0.0581615754	0.13876958	0.0628050455	0.0117101697	17.623261
6.02	0.0182546341	0.164059974	0.189103948	-0.0627232399	0.530806839	0.588698546	0.113431512	0.137579007	0.0658305605	0.0128596855	17.74714
6.03	0.0195198573	0.165194548	0.189337753	-0.062456251	0.530783178	0.692154383	0.283682619	0.13620555	0.0516011614	0.012813466	18.826917
6.04	0.0203515557	0.165993646	0.189573545	-0.0621450325	0.531035582	0.714276096	0.48741349	0.134908794	0.0453668243	0.0121230846	18.381473
6.05	0.0204819144	0.166661261	0.189817035	-0.0618471278	0.531798856	0.758323155	0.661935232	0.133593816	0.0359287656	0.0114516324	18.99751
6.06	0.0199771305	0.167091958	0.190058988	-0.061575314	0.533031298	0.797823528	0.812299558	0.132368128	0.0264933846	0.0100219029	18.445455
6.07	0.018926507	0.167183469	0.190273103	-0.0613328554	0.534599114	0.8259701	0.935176132	0.131381642	0.049707896	0.00816811343	17.300978
6.08	0.0174496866	0.166913559	0.19045583	-0.0611204257	0.536388266	0.840512793	1.02271442	0.130713404	0.0496803157	0.00625647028	18.96917
6.09	0.0156812725	0.166343847	0.190631601	-0.0609336277	0.538324844	0.841470298	1.04735081	0.130338367	0.0648065103	0.00474676242	17.72976
6.1	0.0137963686	0.165451157	0.190820173	-0.0607478545	0.540168591	0.846437361	1.03255858	0.130351186	0.132549387	0.00437317464	16.711828
6.11	0.011831728	0.164154807	0.1910552	-0.0606012821	0.541400989	0.928343366	1.06861236	0.1310285	0.116582002	0.00524738713	19.213952
6.12	0.0100498476	0.162935381	0.191274066	-0.060436742	0.54249457	0.958566907	1.05517659	0.131912107	0.117141638	0.00507747615	19.141702
6.13	0.00846233877	0.16191213	0.191490779	-0.0602572208	0.543348978	0.967194369	1.00713658	0.132913583	0.0703446163	0.00510800925	18.73794
6.14	0.00706166277	0.161155343	0.191712891	-0.0600615626	0.543947743	0.974509781	0.934596198	0.1339234	0.100123869	0.00519321717	16.344261
6.15	0.00580187097	0.160665601	0.191957767	-0.0598612634	0.544238133	0.991025751	0.847218035	0.134866225	0.110368296	0.00519176311	18.966724
6.16	0.00470911344	0.160419867	0.192272374	-0.0596337344	0.544189124	0.998892886	0.724924185	0.135614184	0.126278287	0.00494121633	18.29563
6.17	0.00380977057	0.160425726	0.192620327	-0.0593825254	0.543907705	1.00485751	0.59299858	0.136111419	0.0267857279	0.00469600016	17.759507
6.18	0.00320556471	0.160663966	0.192977104	-0.0591036572	0.543464822	0.997005056	0.45473257	0.136314027	0.0972295472	0.00433822252	18.571037
6.19	0.00301539289	0.161074969	0.193303276	-0.0588042554	0.542888297	0.968363773	0.319832914	0.136249121	0.10540659	0.00400043805	19.452913
6.2	0.00337241828	0.161620668	0.193607639	-0.058480509	0.542206872	0.922679253	0.180582068	0.135901572	0.0888865239	0.00366111149	19.940683
6.21	0.00420375362	0.162202944	0.193900662	-0.0581351036	0.541345212	0.88311277	0.0491607385	0.13535486	0.102945499	0.00352146454	18.715902
6.22	0.00538802818	0.162777674	0.194188483	-0.0577760447	0.540311799	0.861403727	-0.069186374	0.134655022	0.0757970381	0.00333954179	18.291378
6.23	0.00681223945	0.163337445	0.194490506	-0.0574057127	0.539148127	0.866586725	-0.179460803	0.133813821	0.124805864	0.00330070058	17.495784
6.24	0.00836269758	0.163799105	0.194810801	-0.0570203228	0.537808405	0.889669125	-0.286051219	0.132912788	0.0712258947	0.00362818824	19.190637
6.25	0.0099800147	0.164109955	0.195155437	-0.056625048	0.536292756	0.928181308	-0.375509558	0.132021131	0.0693302969	0.00429033038	19.485759
6.26	0.0116098942	0.164202495	0.195539562	-0.0562131534	0.534543905	0.972164767	-0.461795212	0.131198187	0.0661158636	0.00529836147	19.754242
6.27	0.0131917774	0.164174067	0.195849556	-0.0557498953	0.533023867	0.889899935	-0.433136477	0.130432372	0.0910355774	0.00648673072	20.843721
6.28	0.0146057161	0.16417912	0.196093655	-0.0552504444	0.531743282	0.715447812	-0.458226647	0.129587589	0.0708160687	0.00834665642	20.959809
6.29	0.0159060017	0.164323431	0.196260632	-0.0547435687	0.531039662	0.554885195	-0.416683503	0.128655015	0.0450766671	0.0089528748	19.391485
6.3	0.0171119597	0.164339799	0.196403699	-0.054277177	0.530438461	0.46699965	-0.271794776	0.127967828	0.0563897511	0.00933885311	19.585648
6.31	0.0179009659	0.164494534	0.196525541	-0.0537697948	0.530474803	0.342935148	-0.137166181	0.127145204	0.0536149365	0.0101084019	18.793637
6.32	0.0182948728	0.16468314	0.196603166	-0.0532395846	0.53103489	0.227204075	0.0107992348	0.126342911	0.0672981082	0.010000321	19.162228
6.33	0.0182542472	0.16483809	0.196632145	-0.0526831929	0.532094842	0.121949503	0.156758216	0.125608847	0.0346446862	0.00947339651	20.742443
6.34	0.0178011658	0.164910615	0.196579673	-0.0520986998	0.533651586	0.0172170952	0.320930792	0.125022976	0.0592775363	0.00861441828	19.727976
6.35	0.0169507761	0.164777875	0.196489061	-0.0514608682	0.535435402	-0.115932462	0.467465727	0.12466685	0.138540295	0.00779098096	18.475945
6.36	0.0157975267	0.164181036	0.196397322	-0.0508520561	0.536772227	-0.185508435	0.497641987	0.124774335	0.107817091	0.00707511815	18.561801
6.37	0.0143563555	0.16300228	0.196341439	-0.0501314595	0.537678747	-0.339728192	0.612045963	0.12539939	0.128883987	0.00651766274	17.717661
6.38	0.0128745196	0.161874932	0.196349288	-0.049409021	0.538464746	-0.455577617	0.675311101	0.126122905	0.088670242	0.00626228356	18.370567
6.39	0.0113558397	0.160760517	0.196445807	-0.0486700223	0.538924388	-0.551412755	0.700549639	0.126942866	0.145112852	0.00567201376	18.206563
6.4	0.00985556618	0.159720007	0.196632976	-0.0479259467	0.539058751	-0.612756969	0.678950583	0.127759617	0.104040482	0.00491759319	18.550613
6.41	0.0084074845	0.15872772	0.196882428	-0.0471758762	0.538838542	-0.660309842	0.635368749	0.12855743	0.0821767441	0.00403009027	19.60378
6.42	0.00713332172	0.157810613	0.197185072	-0.0464078825	0.538280557	-0.704665924	0.584359928	0.129276698	0.0896310173	0.00314003648	17.842528
6.43	0.00621582874	0.157038558	0.197515286	-0.0456217695	0.537461529	-0.744868766	0.524387864	0.12983829	0.1019427	0.00233658274	16.53255
6.44	0.00582380985	0.156455459	0.197874993	-0.0448233573	0.53647467	-0.785430686	0.466949791	0.130163818	0.0873529347	0.0018429148	18.235121
6.45	0.00603836603	0.156052573	0.198238287	-0.0440102102	0.535371174	-0.839261187	0.430113755	0.130254672	0.0761887307	0.00200806505	19.54063
6.46	0.00675480809	0.155884968	0.198607823	-0.0431877409	0.534285316	-0.901685214	0.40824734	0.130039169	0.09252031	0.00286648558	20.731518
6.47	0.00776461702	0.155924657	0.199007755	-0.0423553682	0.533255906	-0.96541081	0.392674762	0.129504998	0.132800093	0.00380847071	19.259875
6.48	0.00889561029	0.156072635	0.199464658	-0.0415124331	0.5322524	-1.03336678	0.370738765	0.128696105	0.142999144	0.00461639035	18.147216
6.49	0.0100296846	0.156218348	0.200009516	-0.0406480461	0.531243718	-1.09927766	0.334657878	0.127674914	0.0507097405	0.0053469018	17.053338
6.5	0.0110433295	0.156207852	0.200676677	-0.0397755021	0.530082426	-1.13382256	0.241880866	0.126539857	0.12249951	0.0058412571	19.692266
6.51	0.0118483558	0.156507349	0.201167806	-0.0389848297	0.529908678	-1.12637218	0.24623289	0.125140009	0.0632716364	0.00608076574	16.77166
6.52	0.0125554304	0.156627766	0.201590191	-0.0382402042	0.529737	-1.06934382	0.313609844	0.124004956	0.0337709385	0.00604307556	19.373341
6.53	0.0130073251	0.157053141	0.20194236	-0.0375498308	0.530322335	-0.994440383	0.393536106	0.122700264	0.0609609876	0.00644423997	18.956859
6.54	0.013211736	0.157651849	0.202248312	-0.0369253035	0.531463822	-0.889536432	0.482757103	0.121390493	0.0557001317	0.00599462353	17.754383
6.55	0.0131611386	0.158367943	0.202482378	-0.0363824663	0.533146094	-0.74932016	0.568464954	0.12015603	0.0705536996	0.00535542843	18.901186
6.56	0.0129077761	0.159115988	0.20262802	-0.035937881	0.535280098	-0.575982285	0.654719135	0.119112233	0.0774002308	0.00482785408	17.773388
6.57	0.0125309149	0.159808393	0.202705426	-0.0355801315	0.537696872	-0.406319412	0.74338317	0.118352451	0.0608687516	0.00510007511	18.688276
6.58	0.0120794216	0.160475141	0.202745612	-0.0353340189	0.540309393	-0.222309459	0.824425112	0.117876463	0.0584351575	0.00606462668	17.076577
6.59	0.0116200181	0.161130355	0.202771245	-0.0352159034	0.542981696	-0.0206228978	0.87938155	0.117680772	0.031941466	0.00738579215	16.591047
6.6	0.0110633014	0.161677872	0.202781487	-0.0351985697	0.545438925	0.181470086	0.942805741	0.117893918	0.134672291	0.00886523476	17.950793
6.61	0.0103759397	0.16221813	0.202794703	-0.0352388471	0.547625831	0.361227677	1.00284099	0.118415135	0.141428699	0.00950886523	17.243133
6.62	0.00947475605	0.162803481	0.202806137	-0.035330026	0.549444188	0.516185959	1.06157591	0.119193545	0.140458891	0.00953733867	19.137998
6.63	0.00833614026	0.163506768	0.202884599	-0.0354650265	0.550858306	0.652164082	1.1126199	0.120066384	0.0922845732	0.00897226129	19.133559
6.64	0.0070487117	0.164372037	0.203037198	-0.0356287776	0.551900201	0.752135507	1.14299501	0.1208905	0.126231371	0.00798015486	18.055826
6.65	0.00567498314	0.165354689	0.203273754	-0.0358142185	0.552554952	0.804457085	1.15422141	0.121585474	0.0867762342	0.00678394396	18.925178
6.66	0.00429695969	0.166393959	0.203613908	-0.0360263901	0.552807002	0.814392852	1.14446649	0.122082302	0.0904294018	0.00561697768	16.682469
6.67	0.0030897484	0.16742244	0.204066484	-0.0362707491	0.552649365	0.793305961	1.12021529	0.122346156	0.0446863757	0.00434034425	18.341724
6.68	0.00258195034	0.168402768	0.204627645	-0.0365417123	0.552141217	0.719949306	1.07018394	0.122316598	0.0773420105	0.00291843079	18.437915
6.69	0.00312083376	0.169266705	0.205285672	-0.0368440509	0.551298602	0.606743933	1.01339508	0.122019988	0.0837000722	0.00165632031	18.043248
6.7	0.00438350884	0.170003325	0.206050047	-0.0371970315	0.550160025	0.49653498	0.975501035	0.121477681	0.12549021	0.000966966437	19.180913
6.71	0.00603718839	0.17055554	0.206937149	-0.0375903641	0.548664222	0.373028841	0.948516213	0.120736098	0.133645278	0.00230526177	19.391736
6.72	0.00791298401	0.17093655	0.207897283	-0.0380237657	0.546891594	0.248193213	0.944724384	0.11985174	0.108318987	0.00441171366	20.132758
6.73	0.00987363194	0.171048228	0.208999344	-0.038465573	0.544703441	0.107377679	0.914439249	0.118837355	0.137567293	0.00692552297	17.693901
6.74	0.0118487722	0.170820165	0.210211605	-0.0389150952	0.542142134	-0.0369117953	0.86994394	0.117764265	0.0765981512	0.00909176239	17.602396
6.75	0.0138014427	0.170188536	0.211482587	-0.0393713819	0.539242596	-0.184533853	0.822632392	0.116719487	0.0854406424	0.0112006225	18.263135
6.76	0.0153881792	0.16977409	0.212586048	-0.0398194205	0.537243109	-0.342752195	0.877824647	0.115378162	0.0345336215	0.0133383142	19.945817
6.77	0.0165870301	0.169476357	0.213566374	-0.0402618959	0.535914937	-0.497005785	0.988881076	0.113863181	0.0412835798	0.0146554139	17.430735
6.78	0.0172379344	0.168984304	0.214435743	-0.0406402545	0.534891165	-0.698324557	1.04847621	0.112349877	0.058886125	0.0151611535	16.093569
6.79	0.0176369009	0.168217697	0.215258245	-0.0410641105	0.534117978	-0.753547314	1.17907037	0.111037794	0.0656659858	0.0142019456	18.322684
6.8	0.0174235927	0.16743348	0.215975162	-0.0414855318	0.534034936	-0.786391381	1.28394407	0.109675827	0.0570956894	0.0140449897	17.619636
6.81	0.0166250398	0.166608494	0.216583057	-0.0418801337	0.534628247	-0.806497637	1.35736713	0.108322023	0.0658022026	0.0123259182	19.995326
6.82	0.0153559352	0.165623682	0.217157893	-0.0422338532	0.535673582	-0.826595285	1.37401177	0.107066688	0.076573594	0.00944786526	20.681881
6.83	0.0138168307	0.16442678	0.217693556	-0.0425616583	0.537007953	-0.827110264	1.33332087	0.106045308	0.0645254521	0.00593207169	18.869854
6.84	0.0122695865	0.163079732	0.218181044	-0.0428780794	0.538549906	-0.790386808	1.22871856	0.105300165	0.0480971556	0.00280292685	18.810017
6.85	0.0109209149	0.161416027	0.21867257	-0.043112595	0.539800593	-0.798039984	1.1766562	0.105151585	0.11273115	0.00365660867	17.226531
6.86	0.00989487981	0.15999847	0.219122703	-0.043353491	0.541043562	-0.754296517	1.08574546	0.105258005	0.0977666777	0.00501177751	16.138164
6.87	0.00919390114	0.158916265	0.219515163	-0.0435990955	0.542195569	-0.687531313	0.971390309	0.105580112	0.104340733	0.00653972996	17.784019
6.88	0.00870223746	0.158242971	0.219862197	-0.0438395173	0.543252868	-0.616351235	0.863097157	0.10603919	0.0916112227	0.00784411041	18.72232
6.89	0.00827594449	0.158032865	0.220179114	-0.0440704306	0.544194939	-0.548810023	0.767367021	0.106548734	0.0809683492	0.00859659814	17.954372
6.9	0.00773798148	0.158278549	0.220491003	-0.0442790686	0.544972495	-0.495100211	0.697456587	0.107054899	0.0977343888	0.00882577307	16.244654
6.91	0.00706271941	0.158971274	0.220862731	-0.044463521	0.545558857	-0.452550298	0.634188646	0.107436624	0.100336903	0.00840537788	19.254752
6.92	0.00621191758	0.16003281	0.22127947	-0.0446165724	0.545971863	-0.442291381	0.603329294	0.107688219	0.0576309297	0.00772447657	16.674873
6.93	0.00529329631	0.161402228	0.221749345	-0.0447391959	0.546198383	-0.438413361	0.592261739	0.107770818	0.0959524383	0.00658526258	17.954099
6.94	0.00456706137	0.163024211	0.22223762	-0.0448265515	0.546358946	-0.45795761	0.633461858	0.107666043	0.087373498	0.0052868848	18.486306
6.95	0.00430510129	0.164635369	0.222744632	-0.0449482349	0.545998166	-0.355834325	0.597036814	0.107495103	0.104803988	0.00423074575	18.102454
6.96	0.00501924191	0.166287735	0.223237568	-0.0450490458	0.545822006	-0.307106089	0.659967556	0.107065527	0.0930761695	0.00428466076	16.962375
6.97	0.00636969452	0.167923059	0.223746205	-0.0451303189	0.545624478	-0.274117731	0.774894855	0.106440409	0.110166249	0.00480699154	19.128788
6.98	0.00805240892	0.169465157	0.224283833	-0.0451977343	0.545321385	-0.242100391	0.923669296	0.105673572	0.115570174	0.00612397865	16.599952
6.99	0.0098343763	0.170869007	0.224846781	-0.0452655641	0.544923912	-0.187754876	1.08256407	0.104781653	0.0985531611	0.00808668089	21.505582
7	0.0112412072	0.172216578	0.225388359	-0.0452581393	0.544858041	-0.223098176	1.15519486	0.103525353	0.0553795868	0.00997370828	17.674965
7.01	0.0120632937	0.17320687	0.225897063	-0.0451741843	0.544958402	-0.308506919	1.15685544	0.102127694	0.0521591225	0.00980186465	19.470665
7.02	0.01253148	0.173692923	0.22635291	-0.0450188639	0.545207504	-0.431658559	1.25576596	0.100873584	0.0593927651	0.00874788465	17.915271
7.03	0.0125307468	0.173934574	0.226718402	-0.0448394999	0.545654546	-0.50512777	1.33606355	0.0996959634	0.0905643874	0.00851076744	18.268874
7.04	0.0122278442	0.173884693	0.227046322	-0.0446579861	0.546126162	-0.540886844	1.36748074	0.0986481712	0.0752244045	0.00793168393	17.996472
7.05	0.011759663	0.173546942	0.227318011	-0.0444770085	0.546605599	-0.551676804	1.35883431	0.0977893338	0.0420465714	0.0071359773	16.537419
7.06	0.0112733454	0.172952723	0.227513852	-0.0442811461	0.547041842	-0.549141899	1.35519313	0.0972100689	0.0933547283	0.00642778808	19.202763
7.07	0.0108029036	0.172231533	0.227660045	-0.0440881121	0.547369791	-0.516114872	1.34366642	0.0968815078	0.0457838978	0.00608321508	19.476517
7.08	0.0103754524	0.171542202	0.227693813	-0.0439176535	0.547667367	-0.449025278	1.3416415	0.0967890526	0.0746194242	0.00590015085	19.03725
7.09	0.0100023931	0.170993661	0.227639168	-0.0437930309	0.547924454	-0.341320177	1.3269306	0.0968426892	0.046540994	0.00567097642	18.956765
7.1	0.00965185637	0.170555945	0.227534519	-0.0437051965	0.548026258	-0.200970003	1.31530105	0.0970475558	0.113615473	0.00557007333	16.147488
7.11	0.00932036115	0.170229567	0.227386322	-0.0436270512	0.547957626	-0.0685314211	1.28541612	0.0973408688	0.140591623	0.00527839927	20.115581
7.12	0.00899368062	0.170018147	0.227239742	-0.0435613231	0.547747485	0.0431784116	1.2320593	0.0976299434	0.0813497897	0.00478243109	18.251721
7.13	0.00866833623	0.169872276	0.227136608	-0.0435111792	0.547366969	0.134657398	1.15473338	0.0978783948	0.0938957175	0.00416218067	18.05946
7.14	0.00836122332	0.169749181	0.22707939	-0.043487131	0.546809836	0.226741208	1.07037235	0.0980998057	0.0790160051	0.00349288111	16.542121
7.15	0.00813414538	0.169644509	0.22710492	-0.0434952455	0.546085623	0.342882755	0.992416128	0.098269458	0.114591823	0.00268598745	18.800185
7.16	0.00808571783	0.16959202	0.227177903	-0.0435309739	0.545300955	0.474427913	0.927657345	0.0983691993	0.081197587	0.00166699765	19.860393
7.17	0.00825067849	0.169613073	0.227310931	-0.0435952024	0.544514847	0.623323193	0.880402943	0.098370167	0.0424227531	0.000663476105	17.267965
7.18	0.00860046091	0.169714488	0.227447711	-0.0436786412	0.543851249	0.750719931	0.835263553	0.0982566786	0.116683368	0.000909031724	19.79473
7.19	0.00903462753	0.169811131	0.22756834	-0.0437733417	0.543292363	0.835124198	0.776217194	0.0980665415	0.131166153	0.00174664691	20.251959
7.2	0.00949183451	0.169807962	0.227689725	-0.0438854147	0.542768958	0.888060782	0.715955538	0.0978652698	0.0885775511	0.00246729466	19.136373
7.21	0.0100315839	0.169493407	0.227850175	-0.0440721107	0.541814134	0.984678207	0.742669822	0.0979807565	0.100608801	0.00330472944	18.773579
7.22	0.0105820207	0.169129659	0.228014155	-0.044251221	0.540876659	1.00372641	0.721552886	0.0980300962	0.132768076	0.00480373749	19.247908
7.23	0.011162128	0.168633568	0.22814742	-0.044428806	0.539859046	0.977930829	0.688449923	0.0981244174	0.125775148	0.00586344539	17.952682
7.24	0.0117660058	0.167946511	0.22826696	-0.0445993575	0.538721591	0.913190671	0.638628559	0.0982637356	0.0644869612	0.00682995779	20.023469
7.25	0.0123886698	0.166970559	0.228407728	-0.0447522983	0.537334508	0.813744451	0.55358839	0.0984687975	0.072825627	0.00774420853	19.140744
7.26	0.0129498906	0.166176874	0.228451976	-0.044867063	0.536578125	0.733316607	0.521027439	0.0984306978	0.0823994173	0.00864903574	16.821019
7.27	0.0133498548	0.165458819	0.228451788	-0.0449363314	0.536210488	0.652449987	0.513548376	0.0982495229	0.0610614691	0.00889796579	17.623086
7.28	0.013497461	0.164595853	0.228398107	-0.0449025075	0.535912838	0.514727774	0.478076089	0.0980916045	0.0548331574	0.00877737626	18.422727
7.29	0.0135182828	0.163879091	0.228282351	-0.0448184457	0.536131607	0.396303834	0.505458906	0.0978364561	0.0592306954	0.00844427803	17.80446
7.3	0.0134315909	0.163375882	0.228124655	-0.0446819992	0.536793031	0.29056005	0.575279222	0.0975135877	0.0407329042	0.0081046667	19.974585
7.31	0.0132452285	0.163103045	0.227967209	-0.0444759798	0.537791159	0.192639204	0.663116939	0.0971502581	0.0512798804	0.00772465708	17.750073
7.32	0.0129598972	0.163036974	0.227845328	-0.0442045138	0.539015707	0.104879752	0.733495162	0.0967719833	0.0555347613	0.00731828775	18.63026
7.33	0.0125259154	0.163050953	0.227774072	-0.0439070442	0.540236278	0.0496570418	0.826609069	0.0965719736	0.0443912884	0.00700390143	19.208933
7.34	0.0119634639	0.163229883	0.227734097	-0.0435408957	0.541595463	-0.0266137385	0.897586725	0.0964171073	0.0473578131	0.00649671967	19.448143
7.35	0.011234407	0.163403508	0.227796114	-0.0431009857	0.542753921	-0.101844161	0.934945334	0.0964216233	0.118932955	0.00629541804	17.775499
7.36	0.0103318238	0.163500084	0.227982166	-0.0425953018	0.543602423	-0.156284648	0.923847069	0.0965847957	0.107706795	0.00604256739	18.584874
7.37	0.00927565162	0.163492092	0.228317398	-0.0420212878	0.544132921	-0.191084723	0.864765132	0.0968454453	0.0926382246	0.00573307676	21.052407
7.38	0.00811427882	0.163390987	0.228787094	-0.0413755941	0.544395094	-0.214870495	0.773273846	0.0971508157	0.0925053756	0.00533392133	19.747445
7.39	0.00690426424	0.16321101	0.229366026	-0.0406646393	0.544386984	-0.222312264	0.662783828	0.0974808676	0.0740640867	0.00494645789	21.023624
7.4	0.00571470212	0.162998019	0.230024325	-0.0398977717	0.54415192	-0.222899027	0.553527973	0.097797573	0.0932649147	0.00435666271	22.595837
7.41	0.00470505834	0.162890772	0.230705755	-0.0390917264	0.543866083	-0.206756217	0.452867718	0.0979990618	0.0865873602	0.00347122673	19.887056
7.42	0.00401484235	0.162921554	0.231387637	-0.0382577278	0.54354732	-0.157799949	0.35147194	0.0980446395	0.0485792512	0.00271225603	21.58247
7.43	0.00377036066	0.16309317	0.232016092	-0.0374059567	0.543264782	-0.0834068656	0.2691222	0.097939422	0.0999114675	0.0024623631	23.394152
7.44	0.00400530535	0.163401851	0.232591396	-0.0365443189	0.54302768	0.0177959822	0.201934749	0.0976637686	0.0999407251	0.00270905829	22.922115
7.45	0.00457818372	0.163749659	0.233141314	-0.0356792062	0.542675907	0.165404365	0.120267541	0.0972597014	0.107819489	0.00335845555	21.781365
7.46	0.00541527842	0.164067084	0.233632666	-0.0348138232	0.542219994	0.323457007	0.053058374	0.0967899096	0.12172668	0.00422074559	20.812503
7.47	0.00646256041	0.164376784	0.234007265	-0.0339623206	0.541726864	0.479008391	0.0255780372	0.0962979565	0.154842168	0.00514157927	23.162096
7.48	0.00770982556	0.16462024	0.23428936	-0.0331251079	0.541037809	0.613560285	0.0367302591	0.0958532845	0.125495616	0.00618972426	20.733898
7.49	0.00913669206	0.164811556	0.234489093	-0.0323038911	0.540127863	0.733542911	0.0750289086	0.0954490775	0.0647346935	0.00749669079	22.425342
7.5	0.0104338011	0.165141263	0.234557382	-0.0314041516	0.539512643	0.678666997	0.00514882099	0.0947124256	0.114612465	0.00925319046	22.0658
7.51	0.0111599826	0.165607884	0.234483196	-0.0305478247	0.539476403	0.698705049	-0.0641677668	0.0937063178	0.0622413845	0.00910166678	21.314236
7.52	0.0116848147	0.165948447	0.234271132	-0.0296556804	0.539785664	0.626523671	-0.0475592488	0.0927288324	0.0568029735	0.00865754258	26.292984
7.53	0.0119215526	0.166397038	0.233930087	-0.0287788398	0.540577902	0.576986891	-0.0101833523	0.091688586	0.0705396787	0.00815928845	20.149022
7.54	0.0120666048	0.16699161	0.23346307	-0.0279473813	0.541847125	0.546814106	0.0390316094	0.0906464152	0.062954925	0.00765258034	16.814118
7.55	0.0122330994	0.167667433	0.232927846	-0.0271703405	0.543401508	0.543987652	0.106434408	0.0897334146	0.0694180239	0.00743105926	21.64477
7.56	0.012444003	0.168397356	0.232339224	-0.0264333296	0.545113651	0.527797762	0.180545876	0.0890423828	0.0496545452	0.00754790039	19.452351
7.57	0.0126187318	0.169201063	0.231722432	-0.0257250713	0.546912375	0.500637259	0.253026761	0.088602434	0.0476861894	0.00782376339	19.813801
7.58	0.0126798805	0.170103397	0.231031991	-0.0250414286	0.548776821	0.478350928	0.33200457	0.0884685102	0.0668021035	0.00820164592	22.036036
7.59	0.0125847009	0.171115116	0.230268941	-0.0243935807	0.55066543	0.466212269	0.419992267	0.0886417612	0.0616442117	0.00856658972	20.434343
7.6	0.0122800139	0.172207977	0.229493138	-0.0237629259	0.552475613	0.460252463	0.516835739	0.0890900197	0.14514022	0.00882919858	20.073903
7.61	0.0117684351	0.173391214	0.228754453	-0.0231499756	0.554185737	0.455239856	0.621364399	0.0897351976	0.0991683043	0.00876445609	19.68715
7.62	0.0110811391	0.174639241	0.228105313	-0.0225474225	0.555739579	0.444727549	0.716802311	0.0904996346	0.0576400914	0.00841037815	22.765687
7.63	0.0102495503	0.175878084	0.227586909	-0.0219534766	0.557059081	0.423852155	0.787946871	0.0913314986	0.0816827228	0.00794635511	19.657988
7.64	0.00934453491	0.177044804	0.227227245	-0.021364487	0.558128557	0.385253756	0.820969514	0.0921595968	0.0544029421	0.0074431162	20.206586
7.65	0.00840819846	0.178120955	0.227030173	-0.0207907767	0.559003719	0.347674819	0.844463401	0.0929336808	0.0839753979	0.00706022626	19.090455
7.66	0.00745696216	0.179052515	0.227000601	-0.020235005	0.559598571	0.318231352	0.86438574	0.0936545988	0.0898227686	0.0063834795	18.577416
7.67	0.00656405057	0.179865439	0.22710563	-0.019708438	0.559936042	0.308551165	0.903108231	0.0943106153	0.0530536934	0.00548125375	18.418992
7.68	0.00587371514	0.180598926	0.227310511	-0.0192032656	0.560035054	0.302671796	0.95521191	0.0948725234	0.0940480507	0.00414811658	19.956757
7.69	0.00555445094	0.181283415	0.227600796	-0.0187049028	0.559937272	0.286007676	0.998101384	0.0952766349	0.107765849	0.00289616809	18.587692
7.7	0.00568674544	0.181934681	0.227955285	-0.0182141032	0.559725153	0.271765795	1.05193642	0.0954924911	0.133812681	0.00256195729	19.266822
7.71	0.00621425873	0.182489014	0.228370602	-0.0177298178	0.559334948	0.251108793	1.11403192	0.0955455195	0.118135379	0.00315216447	17.702239
7.72	0.00705367526	0.182902258	0.228858072	-0.0172487312	0.558721611	0.240257424	1.1803695	0.0954439639	0.0769297518	0.00431363574	18.486008
7.73	0.00807087547	0.183106249	0.229438858	-0.0167673248	0.557825137	0.220547316	1.23258222	0.0951955257	0.126105758	0.00588549374	20.153088
7.74	0.00920815453	0.183044712	0.230103428	-0.0162778906	0.556628068	0.19094698	1.27706567	0.0948364918	0.0589832761	0.00743293581	19.290358
7.75	0.0105033257	0.182701821	0.230797218	-0.0157839308	0.55515388	0.169383486	1.34386522	0.0944399712	0.0692755314	0.00911791769	18.713095
7.76	0.0114987583	0.182336564	0.231437423	-0.0153364366	0.553854392	0.232463638	1.34672494	0.0938036639	0.085067794	0.0112157918	19.257885
7.77	0.0121213695	0.181942106	0.23200076	-0.0148662103	0.553043623	0.258205452	1.4101893	0.0929458817	0.0547975688	0.0114558275	19.156865
7.78	0.0124365185	0.181500114	0.232524396	-0.0143779127	0.552609454	0.263659653	1.50212856	0.0919285324	0.0514632222	0.0115450452	17.853235
7.79	0.0126996471	0.18065719	0.233052581	-0.0138848901	0.551881794	0.260836631	1.58882672	0.0910855908	0.0570737619	0.0113543892	20.041465
7.8	0.0126278286	0.179846372	0.23354745	-0.0133545256	0.551598441	0.216719938	1.65416303	0.0900951611	0.0670502272	0.0115981802	19.174954
7.81	0.0123015921	0.17898315	0.234029516	-0.0128029138	0.551584939	0.165493571	1.67837143	0.0890624219	0.0954875702	0.0107864098	19.713501
7.82	0.011775757	0.177990244	0.23448327	-0.0122279656	0.55176827	0.0965050958	1.66439867	0.0880935713	0.0318360157	0.00926946936	18.34584
7.83	0.0111107488	0.176867481	0.234900263	-0.0116126487	0.552125866	-0.00884845257	1.60453742	0.0872315628	0.066001776	0.00755562715	19.980238
7.84	0.010445844	0.175645729	0.235251219	-0.0109713486	0.552617799	-0.125648633	1.50129427	0.0865359718	0.0560711955	0.00606540926	21.688177
7.85	0.00990054234	0.174296499	0.235575498	-0.0103351216	0.553004305	-0.223440259	1.37230844	0.0861028832	0.139367193	0.00554491237	23.957825
7.86	0.00946986862	0.17292385	0.235881105	-0.00970508973	0.553210671	-0.295139874	1.21262283	0.085914785	0.116518435	0.00594293538	21.757991
7.87	0.00894647515	0.171474013	0.236217361	-0.00901353208	0.55287602	-0.418314259	1.10269525	0.0861270591	0.158200237	0.00663138973	22.144903
7.88	0.00853092538	0.170500215	0.236494754	-0.00833241883	0.552616793	-0.486949311	0.966019856	0.0863198105	0.152316102	0.00618364422	20.471231
7.89	0.00814471688	0.169944698	0.236735628	-0.00765378393	0.552360111	-0.529299674	0.811182838	0.0864777973	0.0848429448	0.00601979155	25.476075
7.9	0.00772331097	0.169694026	0.236935274	-0.00696252669	0.552052656	-0.555353704	0.663432303	0.0866410817	0.0719284154	0.00609394036	30.070717
7.91	0.00731328871	0.169701208	0.237084412	-0.00626249225	0.55172725	-0.562353504	0.521176598	0.0867812317	0.0794402647	0.00577968451	22.237049
7.92	0.0069302307	0.169895943	0.237182482	-0.00556089993	0.551378257	-0.56228169	0.399473904	0.0869043652	0.0739196341	0.00555178058	18.729895
7.93	0.00665433647	0.170246886	0.237306859	-0.00484592395	0.551010654	-0.565011589	0.272464225	0.0869119188	0.141445703	0.00511301725	16.673687
7.94	0.00650401503	0.170659452	0.237452796	-0.00412547381	0.550599838	-0.574789933	0.131833338	0.0868274905	0.116771474	0.00480325905	17.835922
7.95	0.00645392451	0.171005804	0.237665085	-0.00340889379	0.55005259	-0.591347245	-0.0399927836	0.0866669884	0.143058661	0.00463697716	20.278646
7.96	0.00647420712	0.171221416	0.237929691	-0.0026943221	0.549396021	-0.617049858	-0.237639149	0.0864531175	0.0906745568	0.00461333995	18.706991
7.97	0.00650407391	0.171254961	0.238221196	-0.00197764947	0.548607308	-0.672969398	-0.433660546	0.0862551152	0.106284109	0.00467058741	19.472231
7.98	0.0065509304	0.171188738	0.238511408	-0.00123266339	0.547781041	-0.783444371	-0.597247504	0.0860698038	0.104773983	0.00440942827	17.458548
7.99	0.00664934048	0.171110691	0.238778879	-0.000457354314	0.546944894	-0.943307889	-0.72106638	0.0859011695	0.0491618046	0.00369227951	19.208056
8	0.00681967284	0.171024401	0.239072093	0.000342790802	0.545984675	-1.13400901	-0.827792985	0.0857472778	0.0578508647	0.00260497171	18.870575
8.01	0.00713191092	0.170964853	0.239310384	0.000982813694	0.544994887	-1.11492408	-0.836594529	0.0857006795	0.0802831128	0.00135400323	19.600515
8.02	0.00775176512	0.17128593	0.239532722	0.00151911974	0.544346773	-1.06264852	-0.732961702	0.0854984192	0.0597582462	0.00125468882	19.709001
8.03	0.00872340629	0.171982616	0.23973257	0.00195078031	0.543964773	-0.968955869	-0.533783793	0.0851953981	0.0488820844	0.00393463304	16.871151
8.04	0.00986669029	0.172977262	0.239929676	0.00229157394	0.543830211	-0.883139328	-0.334168381	0.0847475486	0.0840819267	0.00677659813	21.180935
8.05	0.0108902713	0.17400003	0.240186475	0.00254078905	0.543883065	-0.788548783	-0.170070912	0.0841779263	0.0778892908	0.00844910656	19.492148
8.06	0.011597786	0.174738451	0.240536282	0.00271350441	0.543992966	-0.697151209	-0.0509345548	0.0835874899	0.0683516631	0.00874683886	18.796876
8.07	0.0121401661	0.17487224	0.241009746	0.00288110536	0.543805718	-0.669536373	0.0998457257	0.0832305244	0.0550268219	0.00834412193	17.82926
8.08	0.0122133248	0.174720559	0.24155321	0.0029682523	0.543844345	-0.625218389	0.18676571	0.0827998088	0.0711560611	0.00919383677	19.744235
8.09	0.0117848901	0.174276675	0.24211448	0.00295929275	0.544179774	-0.551639314	0.227089416	0.0823243836	0.100136662	0.00861573406	16.843494
8.1	0.0109935235	0.173429507	0.242743075	0.00285802945	0.544561198	-0.468523316	0.229474889	0.0819069197	0.0880164031	0.00714879045	17.82611
8.11	0.00999576573	0.172207055	0.243413413	0.00268275644	0.544855944	-0.393505315	0.211615027	0.081637023	0.107087278	0.00578793425	17.844059
8.12	0.00890984911	0.170729038	0.244137761	0.0024553517	0.544949848	-0.325270964	0.178802154	0.0815222135	0.111577584	0.0048570103	18.826398
8.13	0.00781855306	0.169175998	0.244888417	0.00219143835	0.544823337	-0.252199612	0.142233705	0.0815394532	0.100608619	0.00422249993	19.006437
8.14	0.00678682499	0.167754911	0.245633552	0.00190801237	0.544548359	-0.181446647	0.0998047806	0.0815991284	0.0870502824	0.0036817074	17.475368
8.15	0.00588669681	0.16657996	0.24641965	0.00160234425	0.544146165	-0.111686375	0.0502538058	0.0815906226	0.114482406	0.00326390996	17.610094
8.16	0.00521660047	0.165675941	0.247227882	0.00129167529	0.543623074	-0.0507484085	-0.00938921489	0.0814883342	0.118923271	0.00300666412	20.090664
8.17	0.0048945619	0.16502475	0.248068108	0.000971337184	0.543005152	0.0111464594	-0.0710825617	0.0812611801	0.0453228944	0.00303757484	18.931619
8.18	0.00499708828	0.164615086	0.248903215	0.000651217813	0.542376461	0.0809961867	-0.118880509	0.0809055636	0.11540706	0.00352778746	18.064952
8.19	0.0054813116	0.164412854	0.249697664	0.000340047493	0.541777406	0.162422348	-0.142310587	0.0804427549	0.126342918	0.00436272677	17.117738
8.2	0.00621617659	0.164336658	0.250458183	4.86225477e-05	0.541152391	0.243804687	-0.15153696	0.0798980487	0.0806667064	0.00539880733	19.415866
8.21	0.00711400665	0.164279942	0.251213648	-0.000231463733	0.540420799	0.330886873	-0.151817735	0.079304486	0.136042043	0.00650495496	18.603054
8.22	0.00810542274	0.164121287	0.252001003	-0.000503456397	0.539475197	0.408172062	-0.160677316	0.0786925061	0.0927537445	0.00789344227	19.3852
8.23	0.00918206655	0.163798366	0.252774068	-0.000769688957	0.538347554	0.4703022	-0.160808118	0.0781159732	0.099865161	0.00922711902	19.120355
8.24	0.0103767534	0.163218101	0.253533114	-0.00103319101	0.536927963	0.519179934	-0.1532849	0.0776398172	0.0865603055	0.0107823627	19.545419
8.25	0.0113317808	0.16285484	0.254072044	-0.0013356878	0.536219052	0.517625889	-0.0608154231	0.0769523309	0.051155357	0.0126596678	19.545476
8.26	0.0119170811	0.162530183	0.254484044	-0.00162827785	0.535845597	0.415452651	0.0137087105	0.0761166106	0.0855337918	0.0135394041	17.41569
8.27	0.0123858311	0.162040148	0.254783792	-0.00194556178	0.535583562	0.376419401	0.150787399	0.0753975893	0.0713669446	0.0130997571	17.182423
8.28	0.0125306943	0.161500056	0.255001157	-0.00225040853	0.535556601	0.269612425	0.274486841	0.0746309858	0.0842571294	0.0130397999	19.282171
8.29	0.0124171504	0.160881994	0.255143176	-0.00252459253	0.535758356	0.137449103	0.370323957	0.0738497142	0.0335100945	0.0121901054	18.506862
8.3	0.0121328801	0.160169513	0.255197525	-0.00277146546	0.536188913	-0.00149062041	0.456879229	0.0731281451	0.0567223804	0.0106255604	18.606775
8.31	0.0117309667	0.159463294	0.25517699	-0.00301133275	0.536954777	-0.134567822	0.522251881	0.0724104403	0.0852442707	0.00882635457	19.166487
8.32	0.0113323961	0.158794884	0.255044417	-0.00324130108	0.538004457	-0.272427755	0.581788721	0.0717924227	0.0513556076	0.0068055794	20.18871
8.33	0.0110089896	0.15818216	0.254856293	-0.0034867128	0.539162889	-0.381729614	0.618469685	0.0712257825	0.0728571879	0.00536152645	17.566541
8.34	0.0107836254	0.157705767	0.254609592	-0.00375819137	0.540392674	-0.4597762	0.644395969	0.070827961	0.0617616995	0.00499259756	17.825806
8.35	0.010470423	0.1572219	0.254411762	-0.00396808681	0.541116238	-0.570427044	0.707099373	0.0708821193	0.116190851	0.00559281709	17.267613
8.36	0.0101864422	0.157106619	0.254187762	-0.00420391985	0.541859059	-0.623873298	0.726824464	0.0710059489	0.0945775323	0.00510392522	18.023428
8.37	0.0098889697	0.157296415	0.253935632	-0.00446251599	0.542560848	-0.644875178	0.722834212	0.0712175111	0.111925897	0.00511644602	17.331763
8.38	0.00956802608	0.157745964	0.253649455	-0.00473315387	0.543277622	-0.647021552	0.724536972	0.0715032866	0.10483493	0.00537128775	18.274705
8.39	0.0092082499	0.158367846	0.253349894	-0.00500733395	0.543925357	-0.630458082	0.732763602	0.0718334453	0.109439415	0.00555900702	20.259773
8.4	0.00883378805	0.159102917	0.253059019	-0.00528841002	0.54447739	-0.605240321	0.739667007	0.072167952	0.0861206524	0.00549899516	17.791953
8.41	0.00846829601	0.159920768	0.252779767	-0.00556741887	0.54497627	-0.578027784	0.76011601	0.0725286996	0.0715949679	0.00533073848	16.417885
8.42	0.00813506837	0.160786363	0.252540142	-0.00582819702	0.54540536	-0.556810243	0.79304499	0.0728849938	0.0833101189	0.00496406209	22.401733
8.43	0.00789038546	0.161668378	0.252335522	-0.00607193739	0.545781405	-0.520524813	0.820622974	0.0732001524	0.113252812	0.0043706458	19.466972
8.44	0.0077438351	0.162508614	0.252161247	-0.00629663868	0.546095511	-0.465999152	0.850215392	0.0734843812	0.0728128146	0.00420152244	20.239119
8.45	0.00769493628	0.163254659	0.252060348	-0.00648830546	0.546291417	-0.405325133	0.883463165	0.0737277698	0.106379731	0.00418101648	19.127528
8.46	0.00775307874	0.163867454	0.252080211	-0.00663501165	0.546309739	-0.33900695	0.90844915	0.0739075293	0.112307864	0.00423062934	19.091297
8.47	0.00792505572	0.164303976	0.252235687	-0.00673263632	0.546094611	-0.273551617	0.930145963	0.0740460285	0.109744684	0.00452504522	19.767149
8.48	0.00823152697	0.164573576	0.252525465	-0.00679138165	0.545678889	-0.210865021	0.94435649	0.0741192555	0.147612508	0.00511138284	19.796978
8.49	0.00867716179	0.164607587	0.252974239	-0.00680508862	0.544953327	-0.148970789	0.946219293	0.0741629075	0.0626234723	0.00606217994	18.482697
8.5	0.0092665427	0.16433049	0.253591581	-0.00677837051	0.5438224	-0.0751943621	0.920999142	0.0742058647	0.067674484	0.00748297957	18.366805
8.51	0.00965824422	0.164234472	0.254196444	-0.00674966972	0.543390362	-0.00704841741	0.89661689	0.0738308356	0.0505502833	0.0091101117	18.730518
8.52	0.0097148431	0.164085036	0.25486517	-0.00666235176	0.543310402	0.0209537898	0.832347573	0.0731901649	0.0855954876	0.00914651324	18.563575
8.53	0.00943132307	0.163665819	0.255642376	-0.00648629974	0.543306023	-0.0304289218	0.748519609	0.0724881115	0.101545509	0.00830510161	18.277461
8.54	0.00879941477	0.162948158	0.256483054	-0.00631843717	0.543304407	-0.0171888682	0.57634336	0.0717631273	0.0921044113	0.00728397317	18.50099
8.55	0.00814700592	0.162274711	0.257307558	-0.00609591876	0.543872796	-0.0408014138	0.455495147	0.070914636	0.0335265732	0.00661665505	17.870074
8.56	0.0076672211	0.161771656	0.25810764	-0.00580153019	0.54480721	-0.0862765908	0.338762996	0.0700005504	0.0711443842	0.00665326898	18.629114
8.57	0.00744433131	0.161512143	0.258842658	-0.00543081095	0.545952125	-0.137470261	0.251803765	0.0691562233	0.0647291314	0.00750037384	18.808825
8.58	0.00743119861	0.161659164	0.2594657	-0.00499788357	0.547308955	-0.160474116	0.205883398	0.068397535	0.0635882655	0.00849631505	16.84668
8.59	0.00744063917	0.162287443	0.259950977	-0.00450397208	0.548759158	-0.157331415	0.210681513	0.0677800406	0.0459608424	0.00915128404	18.482844
8.6	0.00726045918	0.163305579	0.26035472	-0.00397291132	0.549980958	-0.114519453	0.212305668	0.0673428278	0.147571664	0.00920851565	18.82504
8.61	0.00682582821	0.16442585	0.260725326	-0.00336765931	0.55056898	-0.103071353	0.125663143	0.0671579591	0.118068237	0.00884782469	19.022234
8.62	0.0061249551	0.165720987	0.261060571	-0.00277730534	0.551036222	-0.0161052031	0.0843971284	0.0670642304	0.114637617	0.00856570293	19.230167
8.63	0.0052592088	0.16722368	0.261333997	-0.00221579932	0.551448569	0.116501073	0.0976196604	0.0670094758	0.116456705	0.00739712176	17.878897
8.64	0.004389138	0.16885953	0.261552324	-0.00167007959	0.551724301	0.252491137	0.140387556	0.0669770748	0.0698639718	0.00560490863	20.05427
8.65	0.00378635383	0.170545387	0.261741098	-0.00114723324	0.551887247	0.388385854	0.206683944	0.0669150813	0.0583468611	0.00350551918	16.691671
8.66	0.00374428015	0.172171538	0.261940374	-0.000643615221	0.55193379	0.508558221	0.27868458	0.0667766524	0.08856524	0.00165079551	17.82459
8.67	0.00427408736	0.173645941	0.262138873	-0.000160387837	0.551918977	0.610722697	0.362679982	0.0665593013	0.0430362821	0.00105732904	18.842431
8.68	0.00510376386	0.174901419	0.262342009	0.000310886164	0.551881902	0.684275314	0.447019089	0.066242892	0.0924129227	0.00237812735	19.409294
8.69	0.00599943403	0.175851723	0.26255068	0.000772003453	0.551792867	0.725351575	0.529555745	0.0658617561	0.0955713366	0.00370084493	18.219514
8.7	0.00687777187	0.176444806	0.262790699	0.00122201466	0.551606895	0.755982657	0.612687159	0.0654395623	0.105929648	0.00499937512	19.099855
8.71	0.00771511394	0.176691667	0.263071003	0.00166607136	0.55131406	0.789223798	0.699110791	0.0649906855	0.0966728269	0.00615854816	18.629293
8.72	0.00855235236	0.176616731	0.263437333	0.00209271313	0.550852403	0.854138934	0.796864061	0.0645276264	0.106106324	0.00736736107	18.588964
8.73	0.00937734654	0.176304341	0.26388226	0.0025059649	0.550262805	0.957131711	0.899438433	0.0640404347	0.0752996046	0.0088744508	18.480952
8.74	0.0102053863	0.175751702	0.264412198	0.00290299497	0.549469651	1.09069673	1.00146668	0.0635730247	0.065540158	0.0104796255	19.108036
8.75	0.0110108925	0.174956257	0.265050728	0.00329158014	0.548456661	1.23950045	1.08778274	0.0631174747	0.0696943775	0.0122359705	17.344
8.76	0.0117923975	0.173856091	0.265811841	0.00367668983	0.547169805	1.39220572	1.14638952	0.0627007243	0.0758377503	0.0139511699	19.688686
8.77	0.0125519049	0.172571293	0.266662242	0.00409550625	0.545933432	1.4444394	1.24611508	0.062260937	0.0502863672	0.0156232171	18.424054
8.78	0.0129420017	0.171253292	0.267552008	0.00452049814	0.545059903	1.48089699	1.31169362	0.0614299218	0.0565811338	0.0176209093	18.518809
8.79	0.012968017	0.169738866	0.268478762	0.00495737431	0.544415376	1.49113529	1.3573712	0.0605073436	0.0350962109	0.0176667806	18.877761
8.8	0.0128903003	0.167875348	0.26945882	0.00536208709	0.543666851	1.51996552	1.44463811	0.0597563989	0.0605946097	0.0168872054	19.591378
8.81	0.012406831	0.165814039	0.270373872	0.00583194644	0.542979722	1.44227124	1.45146134	0.0590719629	0.0710760281	0.0172354682	19.63614
8.82	0.0115888582	0.163690378	0.271216694	0.00632976387	0.54270594	1.33925829	1.45601034	0.0583356664	0.0707758941	0.0158255123	19.956382
8.83	0.0106220495	0.16161874	0.271948042	0.0068456589	0.542856405	1.20283605	1.48823504	0.0575924739	0.0980437218	0.0136752269	19.341619
8.84	0.00964595825	0.159755454	0.272550888	0.00737259024	0.543408342	1.04044036	1.54346001	0.0568412338	0.0738006498	0.0115284595	19.966488
8.85	0.00879640568	0.158111721	0.273067747	0.00792762901	0.544035511	0.850786478	1.58505495	0.0561653952	0.106075329	0.009395214	17.70887
8.86	0.00812043377	0.156711813	0.273521372	0.00851346345	0.544568411	0.642086673	1.60083733	0.0555973505	0.098348631	0.00752489778	17.361599
8.87	0.0075942186	0.155592482	0.273921437	0.00910557361	0.54491813	0.438999864	1.61020757	0.0551607707	0.119929007	0.00608666027	18.103813
8.88	0.00716211974	0.154824771	0.274290961	0.00969763635	0.545116056	0.254687358	1.59425828	0.0547568707	0.119567586	0.00499458109	18.288648
8.89	0.00682483571	0.154403512	0.274635657	0.0102864499	0.545201237	0.0934924145	1.55685505	0.054350324	0.100532124	0.0039750685	16.718692
8.9	0.00660826622	0.154268743	0.274965863	0.0108687807	0.545202619	-0.0267770353	1.48786371	0.05391436	0.104433466	0.00296343089	17.657089
8.91	0.00641451589	0.15415009	0.275335764	0.0115081087	0.544607324	-0.184847014	1.47283892	0.0538229744	0.0751130584	0.0022599288	16.771033
8.92	0.00642055359	0.154210285	0.275705821	0.0121393949	0.543914099	-0.293270965	1.41798504	0.0536676601	0.0795892373	0.00149442446	20.336517
8.93	0.00657405528	0.154272733	0.276136072	0.0127663842	0.543066639	-0.359438371	1.31377163	0.0534417801	0.109078091	0.00196329788	19.628789
8.94	0.00679022763	0.154168655	0.276613962	0.0133844302	0.542088755	-0.383142484	1.16493847	0.0531869147	0.0762187673	0.00231572182	16.655993
8.95	0.00701186992	0.153804735	0.277100172	0.0139921002	0.54102466	-0.377597344	0.998599621	0.0529670499	0.09972511	0.00249922165	19.738569
8.96	0.0072241969	0.153163163	0.277566894	0.0145844409	0.539891249	-0.339213732	0.818007777	0.0527989191	0.115160718	0.00284411709	18.228247
8.97	0.00743677498	0.15228986	0.278014004	0.0151633	0.538720641	-0.288164075	0.626235537	0.0526557341	0.0846836696	0.00330412186	18.47528
8.98	0.00766612952	0.151274773	0.278480424	0.015741812	0.53757396	-0.25063225	0.42900106	0.052465775	0.103940776	0.00384091443	19.854057
8.99	0.00807779216	0.150502274	0.278831559	0.0162222616	0.537073091	-0.123328402	0.428806408	0.0521607522	0.0809571121	0.00443067422	19.152163
9	0.00874496213	0.149998142	0.279066407	0.0165326616	0.536662167	0.167095704	0.487604577	0.0518703294	0.0812013668	0.00591944134	17.419982
9.01	0.00942002956	0.150074371	0.279187531	0.0167644242	0.536967204	0.352538344	0.597553417	0.0512551951	0.0612960246	0.00829585347	21.02942
9.02	0.00998350502	0.150511866	0.27921177	0.0169307167	0.537825114	0.494557829	0.726877915	0.0504560759	0.0521775525	0.00890749081	19.394565
9.03	0.0103648576	0.151071504	0.279194454	0.0170180231	0.539052333	0.610357053	0.835643429	0.0495924185	0.0641821183	0.00840924533	19.521849
9.04	0.0104808613	0.151502775	0.279201057	0.0170746617	0.540222842	0.664149271	0.975781294	0.0489988795	0.0501760231	0.00750627882	18.234604
9.05	0.0104308693	0.151915556	0.279203425	0.0170347166	0.541595944	0.726379753	1.07043233	0.0484480174	0.0559183357	0.00695302136	17.329847
9.06	0.0102936425	0.152320663	0.279136491	0.0168738574	0.543190921	0.798224754	1.1507333	0.0480200126	0.0659724005	0.00672973401	17.079159
9.07	0.0101594934	0.15276961	0.279025892	0.0166012619	0.544999365	0.869741962	1.19275718	0.0476619426	0.0766670569	0.00749883879	16.561956
9.08	0.0101409951	0.153259232	0.278930778	0.0162203048	0.546887814	0.932309838	1.16907941	0.0473647064	0.047102644	0.00947929154	17.865039
9.09	0.0103058395	0.153831518	0.278823101	0.0157460003	0.548807236	0.980627404	1.1021315	0.0471892139	0.0400806681	0.0125186003	17.753748
9.1	0.0104323837	0.154502818	0.278727551	0.0152136783	0.550474469	0.978138252	1.01901325	0.0472673721	0.12650904	0.0156972491	17.227592
9.11	0.0104187514	0.155429028	0.278639336	0.0146434544	0.551908514	0.939982613	0.934638425	0.0475314496	0.0826807479	0.0175007661	17.36621
9.12	0.0101910275	0.156691417	0.278566688	0.0140491522	0.553048347	0.866346148	0.841072323	0.0479285122	0.139574378	0.0180604973	18.177684
9.13	0.00968211534	0.158318565	0.278535965	0.013425528	0.553919397	0.779312915	0.754224296	0.0483840807	0.101825714	0.0177384596	17.958741
9.14	0.00884039664	0.16030416	0.278490635	0.0127748055	0.554588814	0.692308951	0.705482489	0.0488974825	0.0875569427	0.0165547468	20.81525
9.15	0.0076949109	0.162518946	0.278483488	0.0121050322	0.554934584	0.599707394	0.663881427	0.0494345121	0.104291266	0.0144598131	19.323815
9.16	0.00635364402	0.164807507	0.278535812	0.0114159128	0.554980121	0.512019648	0.626201772	0.0499496279	0.0571964671	0.0119193751	18.499945
9.17	0.00497427572	0.167003026	0.278653276	0.0107177679	0.554754474	0.437399024	0.593510313	0.0504149482	0.0265497372	0.0091675905	19.158766
9.18	0.00379121169	0.168996538	0.27882662	0.010006861	0.554346706	0.398367383	0.594323687	0.0507971643	0.116194054	0.00632082263	21.876716
9.19	0.0032866052	0.170679627	0.279069537	0.00928181316	0.553710954	0.394132391	0.621600622	0.051081176	0.103632952	0.0030160256	19.788544
9.2	0.00386487058	0.171991958	0.279400167	0.00854496096	0.552871583	0.434262764	0.67085976	0.0512172575	0.102690288	0.000424632654	21.326897
9.21	0.00517650396	0.172867956	0.279797637	0.00781105695	0.551823361	0.518660545	0.740032306	0.0512203341	0.137950254	0.00375009391	22.101436
9.22	0.00672809338	0.173236364	0.280259954	0.00708934888	0.55054968	0.629215132	0.810491053	0.0510932533	0.118343062	0.00751800557	21.687641
9.23	0.00833228316	0.173006807	0.280795652	0.00637061107	0.548999707	0.757113972	0.881261196	0.0508692042	0.0846087841	0.0108810347	21.978217
9.24	0.00990681563	0.172126779	0.281416658	0.00565894537	0.547148266	0.897718243	0.944380467	0.0505639432	0.0591291824	0.0142562973	20.791665
9.25	0.0112395037	0.170592276	0.282134446	0.00496848896	0.545081423	1.01210632	0.96428698	0.0501271428	0.138920651	0.0176259935	18.389029
9.26	0.0124864996	0.168662638	0.282821428	0.00441455797	0.543360494	0.960268329	1.10372729	0.049524098	0.0617484286	0.0200868338	19.526067
9.27	0.0130442846	0.166606398	0.283433574	0.00394100804	0.542341957	0.899114782	1.23208246	0.0485466377	0.0368691085	0.0233955864	17.889562
9.28	0.01354587	0.164048215	0.283999113	0.00348957769	0.541209666	0.850157781	1.38383239	0.0477137027	0.0499619933	0.023486749	19.009646
9.29	0.0134846911	0.161366501	0.284508213	0.00313382171	0.540694705	0.754942476	1.51922591	0.046644245	0.0502333356	0.0244375922	17.591309
9.3	0.013006737	0.158575246	0.284967004	0.00286881374	0.54070225	0.639142544	1.63950325	0.0454640074	0.0556768397	0.0228247718	17.231293
9.31	0.0122210404	0.155769003	0.285352528	0.00269351242	0.54117574	0.510771112	1.7309115	0.0442778253	0.0681641366	0.0197245728	17.489787
9.32	0.0108701561	0.153033241	0.285640773	0.00260871226	0.542015101	0.372050185	1.78662616	0.0437208237	0.0505465934	0.0155133425	18.508942
9.33	0.00875733407	0.150208269	0.285787963	0.002614086	0.543220487	0.201620153	1.83294443	0.0442176924	0.0925322737	0.0107715919	19.112407
9.34	0.0059953268	0.147312873	0.285792167	0.00270610595	0.544720082	0.0193639683	1.86932461	0.0458172742	0.0528987641	0.00646526933	18.080761
9.35	0.00358157756	0.144491867	0.285716408	0.00282546157	0.5462281	-0.132760719	1.86408742	0.0481914486	0.194286127	0.00469117795	18.186747
9.36	0.00407598278	0.142109246	0.285618704	0.00296854043	0.547609716	-0.251212836	1.83114661	0.0507126242	0.0878122357	0.00710289464	19.143939
9.37	0.0060300594	0.140592554	0.285531999	0.00312269682	0.548756055	-0.329154529	1.77510064	0.052436773	0.115744481	0.00987741074	19.339114
9.38	0.00697010996	0.140323723	0.285510217	0.00334697431	0.549314099	-0.4508109	1.75902278	0.0533916177	0.0921005583	0.0116997222	17.940677
9.39	0.00702273253	0.141390231	0.285536472	0.00356733549	0.549691123	-0.50578624	1.68352299	0.0532234218	0.0877451762	0.0104253669	18.715167
9.4	0.00633103381	0.143389803	0.285639305	0.00378438935	0.549794259	-0.520936087	1.56043096	0.0522074393	0.0985155395	0.0101227247	17.620053
9.41	0.0052351293	0.145921252	0.285824134	0.00399865506	0.549624842	-0.513979073	1.40556473	0.050618193	0.0812865209	0.00996832531	18.663392
9.42	0.00426530941	0.148630858	0.286107293	0.00421384165	0.549171215	-0.487167056	1.21923001	0.0486918552	0.0816127348	0.00962513751	19.514912
9.43	0.00405665166	0.151217793	0.286469561	0.00442533733	0.548416235	-0.444826599	1.0077274	0.0466746931	0.126699567	0.0091332165	19.423652
9.44	0.00477423338	0.153461888	0.286889239	0.00463650641	0.54736006	-0.40707867	0.787112972	0.0447710963	0.128489612	0.00844424443	17.468833
9.45	0.0060098529	0.15521274	0.287401888	0.00485192147	0.54599736	-0.385790078	0.547983741	0.0430647892	0.126619952	0.00743855481	17.6655
9.46	0.00735302702	0.156357609	0.288025315	0.00506232699	0.544346625	-0.367025862	0.278179211	0.0416067677	0.0970505976	0.00654478453	21.215844
9.47	0.00857285209	0.156842474	0.288731924	0.00526374103	0.542472223	-0.358358506	-0.00792291	0.0404561857	0.144947923	0.00610463797	19.679407
9.48	0.00959009193	0.156689286	0.289479136	0.005472371	0.540421615	-0.385629862	-0.275266144	0.0396720489	0.105116345	0.0063707159	16.930215
9.49	0.0105942192	0.156304333	0.290114437	0.00560060977	0.538836372	-0.299059496	-0.337522673	0.0391300605	0.0724601534	0.00724379172	19.246301
9.5	0.0113972238	0.156115121	0.290561263	0.00573240823	0.538194157	-0.228537054	-0.334600992	0.0384470603	0.04853345	0.00982536175	19.301999
9.51	0.0117342548	0.155853985	0.290855626	0.00581694099	0.538027373	-0.092793516	-0.330170835	0.0380162887	0.0686359239	0.0109345658	19.391992
9.52	0.0114502892	0.15537281	0.291022125	0.00591886541	0.538259092	-0.03279565	-0.224055297	0.0381201527	0.0630406692	0.0105973168	18.662198
9.53	0.0105204486	0.154769991	0.291088338	0.00597493284	0.539120844	0.0637037941	-0.105784982	0.0385926744	0.0281407114	0.0102696945	20.788124
9.54	0.0090207864	0.153943899	0.291120612	0.0059970626	0.540392478	0.152270723	-0.038540249	0.0393791764	0.0946974895	0.00893768578	18.558261
9.55	0.00729475841	0.152911092	0.29114278	0.00598118267	0.541896457	0.221981913	-0.024120913	0.0403708915	0.0612938828	0.00730066304	19.144117
9.56	0.00591630791	0.15186271	0.291193288	0.00593344803	0.543503559	0.259458366	-0.0524307506	0.0413673004	0.0565877309	0.00767403976	20.289831
9.57	0.00557539306	0.151105124	0.291260623	0.00586586535	0.545224372	0.259767473	-0.125098362	0.0421168999	0.0292053437	0.0101195406	17.619959
9.58	0.00640677491	0.150945407	0.291313194	0.00578657065	0.547099786	0.237846888	-0.216426026	0.0423618736	0.0391637002	0.0134812104	19.263827
9.59	0.00770099621	0.151613163	0.291370766	0.00568399955	0.548983448	0.206512721	-0.326103714	0.0421126058	0.0492374993	0.0168373081	18.008063
9.6	0.00825901004	0.153068551	0.291442559	0.00550920517	0.550426617	0.232528465	-0.3625201	0.0417337	0.156534189	0.0195844676	15.92065
9.61	0.00857676113	0.155523195	0.291422152	0.00533714025	0.551873919	0.206249184	-0.40870488	0.0410034657	0.142356827	0.0187219871	18.582406
9.62	0.00860688836	0.158785633	0.291353074	0.00515571935	0.553273773	0.16139591	-0.441039217	0.0400537365	0.127685709	0.0183712003	19.347428
9.63	0.0083879378	0.162630864	0.291216996	0.00496248578	0.554622616	0.124325102	-0.435466919	0.0390539007	0.0893971194	0.0177502179	17.463739
9.64	0.00800941746	0.166497653	0.291091011	0.00480496591	0.555300921	0.00675452555	-0.519111493	0.0383100285	0.102486097	0.0165383598	16.053112
9.65	0.0074718674	0.17035312	0.29089028	0.00462682831	0.555959337	-0.0596830672	-0.506165145	0.0377517439	0.0863085917	0.0154857305	16.659163
9.66	0.00685644453	0.174083567	0.29067275	0.00441803062	0.556448306	-0.0814723393	-0.420436989	0.0373987272	0.0777375889	0.0130680013	16.429957
9.67	0.00639223154	0.177563629	0.290447167	0.00418485756	0.556702973	-0.0933333652	-0.283400714	0.0372636564	0.0659105051	0.00979488409	18.930808
9.68	0.00639212635	0.180677534	0.290238234	0.00392489924	0.556776275	-0.104906487	-0.114907803	0.0372809891	0.101142815	0.00652458213	18.987542
9.69	0.00691758288	0.183234097	0.290072003	0.00365237874	0.556635482	-0.130091817	0.0497698271	0.0374222766	0.109595334	0.00491570949	17.483802
9.7	0.00777951975	0.185054648	0.289987457	0.00337226939	0.55625766	-0.173103504	0.20244097	0.0376496172	0.0998407597	0.00606263826	18.453366
9.71	0.0087946977	0.18602301	0.289966546	0.00308954197	0.555618175	-0.236914391	0.349807511	0.0379686928	0.145561648	0.00846056102	17.542034
9.72	0.00983882087	0.186069321	0.290022465	0.0028144957	0.55463278	-0.326700956	0.468518513	0.038360287	0.129199107	0.011075891	16.491492
9.73	0.0108005975	0.185183055	0.290187441	0.0025527955	0.553285515	-0.447239261	0.532874392	0.038754922	0.108748762	0.0136775705	16.881234
9.74	0.0116757077	0.183375488	0.290458455	0.00230757135	0.551543313	-0.593065321	0.547293586	0.0391417095	0.085134348	0.0158920933	18.404549
9.75	0.0124549781	0.180730176	0.290845574	0.00208465039	0.549422635	-0.776443288	0.504332841	0.0394720362	0.0453125612	0.0179611148	19.268102
9.76	0.0127420836	0.177834636	0.291173787	0.00188398692	0.547965205	-0.941207233	0.484159721	0.0394080194	0.0574117499	0.0197958562	17.296176
9.77	0.0128725515	0.174675223	0.291460198	0.00165490884	0.546637583	-1.02514746	0.513355116	0.0392162995	0.0626860331	0.0197278073	18.960691
9.78	0.0125774271	0.171577454	0.291717939	0.00145319518	0.545772305	-1.13216629	0.491526621	0.038667578	0.0444222904	0.0199812814	18.775474
9.79	0.01211558	0.168474936	0.291930988	0.00130549816	0.545108809	-1.28360848	0.414188671	0.0379673211	0.0614915601	0.0181544568	21.230659
9.8	0.011717476	0.165573082	0.29207208	0.00117886885	0.544837127	-1.40351991	0.359935266	0.0371354695	0.0721552606	0.0156082014	21.279843
9.81	0.0114686509	0.163047391	0.292156728	0.00105943149	0.544848052	-1.48396141	0.297385962	0.0362108241	0.0615833348	0.0134917628	21.365185
9.82	0.0110381589	0.160979453	0.29217487	0.000936744089	0.545041659	-1.51758915	0.208735498	0.0357337378	0.0701973889	0.0116602457	17.768557
9.83	0.010190598	0.159168407	0.292072597	0.000790225544	0.545390179	-1.5189134	0.13247653	0.0360498553	0.0788645304	0.0103876576	17.24985
9.84	0.00896879246	0.157633358	0.291840454	0.000624665368	0.54592868	-1.50090503	0.0752017558	0.0370709812	0.0425312391	0.00985259713	20.020865
9.85	0.00770833625	0.156506759	0.291492716	0.000443267913	0.546636799	-1.48367066	0.0284278401	0.0384294374	0.0952341745	0.00979913628	17.833258
9.86	0.00695799962	0.155990383	0.291081602	0.000248310841	0.547483575	-1.46032917	-0.0272076688	0.0393948365	0.103276117	0.0101355837	22.010372
9.87	0.00617543272	0.155922843	0.290717316	7.49823006e-05	0.54734435	-1.418147	-0.127529211	0.0403412488	0.110348302	0.0109795619	18.775029
9.88	0.00585012889	0.156741936	0.29032147	-0.000105435235	0.547580968	-1.35590451	-0.210982161	0.0406167693	0.106047727	0.00984780906	19.746016
9.89	0.00579006168	0.158217899	0.289930085	-0.00028069296	0.547951503	-1.3106834	-0.263398225	0.0404485026	0.127637802	0.00962791554	19.916486
9.9	0.00595069818	0.160158025	0.289555905	-0.000446060285	0.54840942	-1.28129133	-0.280480219	0.0399834649	0.0557419594	0.00927056826	21.24222
9.91	0.00627750583	0.162361993	0.289191046	-0.000597952874	0.548856828	-1.25831845	-0.266342616	0.0393979361	0.0968557442	0.00860903164	16.787337
9.92	0.00677748125	0.164712241	0.288806808	-0.000734050503	0.549360269	-1.22503659	-0.214952247	0.0387819773	0.0614230858	0.00755887858	19.567007
9.93	0.00734822867	0.167059785	0.28838932	-0.000850166123	0.549839302	-1.18907	-0.118933457	0.0382750601	0.120533572	0.00638520638	19.79039
9.94	0.00794055119	0.169250191	0.287981229	-0.0009482965	0.550184658	-1.14649322	-0.000137832299	0.037937815	0.0853461007	0.00489878782	16.643825
9.95	0.00854262958	0.17118168	0.287594996	-0.00103443093	0.550432642	-1.10747899	0.132528178	0.0377683151	0.102083014	0.00348624494	19.746419
9.96	0.00911073274	0.172738631	0.287249979	-0.00110428847	0.550563873	-1.05071344	0.272285661	0.0377742519	0.0984916194	0.00335011123	17.368005
9.97	0.00960506009	0.173808708	0.286988928	-0.00116258297	0.550497727	-0.979778475	0.402914644	0.0379532549	0.112296158	0.00432935677	20.667239
9.98	0.0100179256	0.1743103	0.286837428	-0.00121437046	0.550182146	-0.901576344	0.518344472	0.0382958825	0.0963422059	0.0059672001	19.804883
9.99	0.0103712276	0.17421334	0.286801335	-0.00126645616	0.549609885	-0.819104768	0.612173827	0.0387692548	0.0788937657	0.00779149836	19.358089
10	0.0106738151	0.173495423	0.286901904	-0.00132692307	0.548752192	-0.718119518	0.665354903	0.0393226966	0.0528879273	0.00974917575	18.805863
