time_s	best_cost
0.000000000000000000e+00	6.802417337463776676e+03
1.000000000000000021e-02	2.781208050617509798e+04
2.000000000000000042e-02	2.474443620679777814e+04
2.999999999999999889e-02	2.411340334893080944e+04
4.000000000000000083e-02	2.437515843375822442e+04
5.000000000000000278e-02	2.445538321810624620e+04
6.000000000000000472e-02	2.461755936769480104e+04
7.000000000000000666e-02	2.446121037343273929e+04
8.000000000000000167e-02	2.452821719590373687e+04
8.999999999999999667e-02	2.456344950291679561e+04
9.999999999999999167e-02	2.485138260954452926e+04
1.099999999999999867e-01	2.458780774310234119e+04
1.199999999999999817e-01	2.445461811720598780e+04
1.299999999999999767e-01	2.458572998795939566e+04
1.399999999999999856e-01	2.470799055345794113e+04
1.499999999999999944e-01	2.458024972357501247e+04
1.600000000000000033e-01	2.461379667054983292e+04
1.700000000000000122e-01	2.409100699896919105e+04
1.800000000000000211e-01	2.390922266591270090e+04
1.900000000000000300e-01	2.354815860761345175e+04
2.000000000000000389e-01	2.432225452922366094e+04
2.100000000000000477e-01	2.372907365625143575e+04
2.200000000000000566e-01	2.400290352621334387e+04
2.300000000000000655e-01	2.380043013592116768e+04
2.400000000000000744e-01	2.372691035466355970e+04
2.500000000000000555e-01	2.278138880980444446e+04
2.600000000000000644e-01	2.302379596416991262e+04
2.700000000000000733e-01	2.335694525324460847e+04
2.800000000000000822e-01	2.304078871697318755e+04
2.900000000000000910e-01	2.283634689176245593e+04
3.000000000000000999e-01	2.435577003571020396e+04
3.100000000000001088e-01	2.434063819662560127e+04
3.200000000000001177e-01	2.354452927485173495e+04
3.300000000000001266e-01	2.415695654039395959e+04
3.400000000000001354e-01	2.422985947507845049e+04
3.500000000000001443e-01	2.453460364340870001e+04
3.600000000000001532e-01	2.384725734174692479e+04
3.700000000000001621e-01	2.486071737111653056e+04
3.800000000000001710e-01	2.394857477630838548e+04
3.900000000000001799e-01	2.436189834149974922e+04
4.000000000000001887e-01	2.418790498658426077e+04
4.100000000000001976e-01	2.413965363543936837e+04
4.200000000000002065e-01	2.447360363243650863e+04
4.300000000000002154e-01	2.366290831374941990e+04
4.400000000000002243e-01	2.376486585834867947e+04
4.500000000000002331e-01	2.271073297813138197e+04
4.600000000000002420e-01	2.366938235567595257e+04
4.700000000000002509e-01	2.247057749368467921e+04
4.800000000000002598e-01	2.295386741130498558e+04
4.900000000000002687e-01	2.270935730661702837e+04
5.000000000000002220e-01	2.330785993055847212e+04
5.100000000000002309e-01	2.232858692712222546e+04
5.200000000000002398e-01	2.184239109724183800e+04
5.300000000000002487e-01	2.277947856490492632e+04
5.400000000000002576e-01	2.366143522574505187e+04
5.500000000000002665e-01	2.313719531863544398e+04
5.600000000000002753e-01	2.305395413341099629e+04
5.700000000000002842e-01	2.304081570549564276e+04
5.800000000000002931e-01	2.329426217569643632e+04
5.900000000000003020e-01	2.396349396422712380e+04
6.000000000000003109e-01	2.414811406523530604e+04
6.100000000000003197e-01	2.404200755875828327e+04
6.200000000000003286e-01	2.408864448938283749e+04
6.300000000000003375e-01	2.455192945948081979e+04
6.400000000000003464e-01	2.405740971701604576e+04
6.500000000000003553e-01	2.348810033872143686e+04
6.600000000000003642e-01	2.304800737798698901e+04
6.700000000000003730e-01	2.291631997127829527e+04
6.800000000000003819e-01	2.351609157847120514e+04
6.900000000000003908e-01	2.282582490971467269e+04
7.000000000000003997e-01	2.309068387965136571e+04
7.100000000000004086e-01	2.334564388495830281e+04
7.200000000000004174e-01	2.350494903070685541e+04
7.300000000000004263e-01	2.277212986801813167e+04
7.400000000000004352e-01	2.232881087199840113e+04
7.500000000000004441e-01	2.286218335420387302e+04
7.600000000000004530e-01	2.269857450085102391e+04
7.700000000000004619e-01	2.246609860385262436e+04
7.800000000000004707e-01	2.168568708023541694e+04
7.900000000000004796e-01	2.194475548188742323e+04
8.000000000000004885e-01	2.246667961936921347e+04
8.100000000000004974e-01	2.244115779366052084e+04
8.200000000000005063e-01	2.211065089036723293e+04
8.300000000000005151e-01	2.266600350962841912e+04
8.400000000000005240e-01	2.223828249863956444e+04
8.500000000000005329e-01	2.239256059448121232e+04
8.600000000000005418e-01	2.313939444174031087e+04
8.700000000000005507e-01	2.250644766595774126e+04
8.800000000000005596e-01	2.292456892092118142e+04
8.900000000000005684e-01	2.171162524633153225e+04
9.000000000000005773e-01	2.215651734848371416e+04
9.100000000000005862e-01	2.190561626253448048e+04
9.200000000000005951e-01	2.125606990971139021e+04
9.300000000000006040e-01	2.188425002553037848e+04
9.400000000000006128e-01	2.202260274775406651e+04
9.500000000000006217e-01	2.152347663488115359e+04
9.600000000000006306e-01	2.107845049807224495e+04
9.700000000000006395e-01	2.146901372629148682e+04
9.800000000000006484e-01	2.063172745396524260e+04
9.900000000000006573e-01	2.164859055862516107e+04
1.000000000000000666e+00	2.105177048986367299e+04
1.010000000000000675e+00	2.061410667963980450e+04
1.020000000000000684e+00	2.131450180171677857e+04
1.030000000000000693e+00	2.088669671003040276e+04
1.040000000000000702e+00	2.084143856854395563e+04
1.050000000000000711e+00	2.119865229500765054e+04
1.060000000000000719e+00	2.101835578327846088e+04
1.070000000000000728e+00	2.176927610170144908e+04
1.080000000000000737e+00	2.145188360701920101e+04
1.090000000000000746e+00	2.170895993101493877e+04
1.100000000000000755e+00	2.164097814492410544e+04
1.110000000000000764e+00	2.172043384517357117e+04
1.120000000000000773e+00	2.183044375942290935e+04
1.130000000000000782e+00	2.187788362097226491e+04
1.140000000000000790e+00	2.085958706000937309e+04
1.150000000000000799e+00	2.118699850869877991e+04
1.160000000000000808e+00	2.151533687503590045e+04
1.170000000000000817e+00	2.168470452759710315e+04
1.180000000000000826e+00	2.040694113377757094e+04
1.190000000000000835e+00	2.150534554621380448e+04
1.200000000000000844e+00	2.083964372599659691e+04
1.210000000000000853e+00	2.146333274113262451e+04
1.220000000000000862e+00	2.066333003147815180e+04
1.230000000000000870e+00	1.947427853665797375e+04
1.240000000000000879e+00	2.004354138385944680e+04
1.250000000000000888e+00	1.965399336678978580e+04
1.260000000000000897e+00	1.993989201764416794e+04
1.270000000000000906e+00	2.046887296089481242e+04
1.280000000000000915e+00	2.009824762561980242e+04
1.290000000000000924e+00	1.933742211204833075e+04
1.300000000000000933e+00	1.930441249854638227e+04
1.310000000000000941e+00	2.010441434451070381e+04
1.320000000000000950e+00	1.979017945137481001e+04
1.330000000000000959e+00	2.000142884498034618e+04
1.340000000000000968e+00	2.016560471738471097e+04
1.350000000000000977e+00	2.068265867702715332e+04
1.360000000000000986e+00	2.024607460373721551e+04
1.370000000000000995e+00	2.052543867765684990e+04
1.380000000000001004e+00	2.035837014821337289e+04
1.390000000000001013e+00	1.997090593482293480e+04
1.400000000000001021e+00	1.963338510357622727e+04
1.410000000000001030e+00	2.025182989353351877e+04
1.420000000000001039e+00	1.905072574221010291e+04
1.430000000000001048e+00	1.890333104828215437e+04
1.440000000000001057e+00	1.932690225905906118e+04
1.450000000000001066e+00	1.914169168885907857e+04
1.460000000000001075e+00	1.915157287233869283e+04
1.470000000000001084e+00	1.966718704779092877e+04
1.480000000000001092e+00	1.855603257130124985e+04
1.490000000000001101e+00	1.842774932684953455e+04
1.500000000000001110e+00	1.838837217070168845e+04
1.510000000000001119e+00	1.914270895032366388e+04
1.520000000000001128e+00	1.893095258892569836e+04
1.530000000000001137e+00	1.831960858894342891e+04
1.540000000000001146e+00	1.876898572899746068e+04
1.550000000000001155e+00	1.843374877794856729e+04
1.560000000000001164e+00	1.908270218614378246e+04
1.570000000000001172e+00	1.973020028810327494e+04
1.580000000000001181e+00	1.961641448029652020e+04
1.590000000000001190e+00	1.910026347967438778e+04
1.600000000000001199e+00	1.972734746583543165e+04
1.610000000000001208e+00	1.894302717901510914e+04
1.620000000000001217e+00	1.898722528827784481e+04
1.630000000000001226e+00	1.941790641853850684e+04
1.640000000000001235e+00	1.920066181290440727e+04
1.650000000000001243e+00	1.905351887037536289e+04
1.660000000000001252e+00	1.918198203782852215e+04
1.670000000000001261e+00	1.932273601342442998e+04
1.680000000000001270e+00	1.845742731860492131e+04
1.690000000000001279e+00	1.966775924939408287e+04
1.700000000000001288e+00	1.829184453446124826e+04
1.710000000000001297e+00	1.858930878968078832e+04
1.720000000000001306e+00	1.854719472213824338e+04
1.730000000000001315e+00	1.833039788269639757e+04
1.740000000000001323e+00	1.780169920359031676e+04
1.750000000000001332e+00	1.830965517540186920e+04
1.760000000000001341e+00	1.896161519607748778e+04
1.770000000000001350e+00	1.858946966955134485e+04
1.780000000000001359e+00	1.913501822767389967e+04
1.790000000000001368e+00	1.916182364355477330e+04
1.800000000000001377e+00	1.859959226879553171e+04
1.810000000000001386e+00	1.899343902599159628e+04
1.820000000000001394e+00	1.913238292001028822e+04
1.830000000000001403e+00	1.858332657990257940e+04
1.840000000000001412e+00	1.844013528940914330e+04
1.850000000000001421e+00	1.821842227174423169e+04
1.860000000000001430e+00	1.893895980655811945e+04
1.870000000000001439e+00	1.845716201174863818e+04
1.880000000000001448e+00	1.753620886550017531e+04
1.890000000000001457e+00	1.734519299155475164e+04
1.900000000000001465e+00	1.731126597139950900e+04
1.910000000000001474e+00	1.786019296437924277e+04
1.920000000000001483e+00	1.831795296165386753e+04
1.930000000000001492e+00	1.811990359441803957e+04
1.940000000000001501e+00	1.903039787811184215e+04
1.950000000000001510e+00	1.868835329711823579e+04
1.960000000000001519e+00	1.776164200427956530e+04
1.970000000000001528e+00	1.736709610104812236e+04
1.980000000000001537e+00	1.735150101406788599e+04
1.990000000000001545e+00	1.760488457985419518e+04
2.000000000000001332e+00	1.721669756698748824e+04
2.010000000000001119e+00	1.687877040143062186e+04
2.020000000000000906e+00	1.808353068940978483e+04
2.030000000000000693e+00	1.737068567094484388e+04
2.040000000000000480e+00	1.685086559802144257e+04
2.050000000000000266e+00	1.655563524903025973e+04
2.060000000000000053e+00	1.701752289054536959e+04
2.069999999999999840e+00	1.744293726404425252e+04
2.079999999999999627e+00	1.811545720851951774e+04
2.089999999999999414e+00	1.692218309414512987e+04
2.099999999999999201e+00	1.714063387358267209e+04
2.109999999999998987e+00	1.769754709857642592e+04
2.119999999999998774e+00	1.751675306377409288e+04
2.129999999999998561e+00	1.883104889777603239e+04
2.139999999999998348e+00	1.758470509489664983e+04
2.149999999999998135e+00	1.809937669442883634e+04
2.159999999999997922e+00	1.851629856647369888e+04
2.169999999999997708e+00	1.808870686090103118e+04
2.179999999999997495e+00	1.672075279415210753e+04
2.189999999999997282e+00	1.656685805762474411e+04
2.199999999999997069e+00	1.720724176124579026e+04
2.209999999999996856e+00	1.664798187811314347e+04
2.219999999999996643e+00	1.637437324409082066e+04
2.229999999999996430e+00	1.662710458547856615e+04
2.239999999999996216e+00	1.665139549875515513e+04
2.249999999999996003e+00	1.619986709934456303e+04
2.259999999999995790e+00	1.639751424869569018e+04
2.269999999999995577e+00	1.552025294388674229e+04
2.279999999999995364e+00	1.550226075453740123e+04
2.289999999999995151e+00	1.556486030499975095e+04
2.299999999999994937e+00	1.553402917214776971e+04
2.309999999999994724e+00	1.619522889060541638e+04
2.319999999999994511e+00	1.545857514491043185e+04
2.329999999999994298e+00	1.511072870846442493e+04
2.339999999999994085e+00	1.529292870103397763e+04
2.349999999999993872e+00	1.611867647096979272e+04
2.359999999999993658e+00	1.532838586161857893e+04
2.369999999999993445e+00	1.495758383063916335e+04
2.379999999999993232e+00	1.511640496172859275e+04
2.389999999999993019e+00	1.578887671230702290e+04
2.399999999999992806e+00	1.534641408127006798e+04
2.409999999999992593e+00	1.496956110407505184e+04
2.419999999999992379e+00	1.531997731651448885e+04
2.429999999999992166e+00	1.499871248752676729e+04
2.439999999999991953e+00	1.446090489963333312e+04
2.449999999999991740e+00	1.444591985225699864e+04
2.459999999999991527e+00	1.481982416257337536e+04
2.469999999999991314e+00	1.423728579311186513e+04
2.479999999999991100e+00	1.397557435931795590e+04
2.489999999999990887e+00	1.403289881550631253e+04
2.499999999999990674e+00	1.440553777737378550e+04
2.509999999999990461e+00	1.431893069181721512e+04
2.519999999999990248e+00	1.452703698997128049e+04
2.529999999999990035e+00	1.361770985976037991e+04
2.539999999999989821e+00	1.410171005029613298e+04
2.549999999999989608e+00	1.440291279636461877e+04
2.559999999999989395e+00	1.409743667570628531e+04
2.569999999999989182e+00	1.368996188320192596e+04
2.579999999999988969e+00	1.361915981671526424e+04
2.589999999999988756e+00	1.363650195552595324e+04
2.599999999999988542e+00	1.426280839412026035e+04
2.609999999999988329e+00	1.412961730107352014e+04
2.619999999999988116e+00	1.353394572807650366e+04
2.629999999999987903e+00	1.407471781537810966e+04
2.639999999999987690e+00	1.378677025881528607e+04
2.649999999999987477e+00	1.418698122873296415e+04
2.659999999999987264e+00	1.364001503189980212e+04
2.669999999999987050e+00	1.362325939928817206e+04
2.679999999999986837e+00	1.423792321024302510e+04
2.689999999999986624e+00	1.279490850863914602e+04
2.699999999999986411e+00	1.341591401239550396e+04
2.709999999999986198e+00	1.435459493693539662e+04
2.719999999999985985e+00	1.388027169984460124e+04
2.729999999999985771e+00	1.303122596915477698e+04
2.739999999999985558e+00	1.350433631097199213e+04
2.749999999999985345e+00	1.251940572663010244e+04
2.759999999999985132e+00	1.395513049249094183e+04
2.769999999999984919e+00	1.345958168474826380e+04
2.779999999999984706e+00	1.328158238087455902e+04
2.789999999999984492e+00	1.399140746750236212e+04
2.799999999999984279e+00	1.362321408027497819e+04
2.809999999999984066e+00	1.272760625451498163e+04
2.819999999999983853e+00	1.303906421536260314e+04
2.829999999999983640e+00	1.348378345237001122e+04
2.839999999999983427e+00	1.399762054178517064e+04
2.849999999999983213e+00	1.327669885222334779e+04
2.859999999999983000e+00	1.393685100017565128e+04
2.869999999999982787e+00	1.398755331170305362e+04
2.879999999999982574e+00	1.342904269165062942e+04
2.889999999999982361e+00	1.324820946497632031e+04
2.899999999999982148e+00	1.307273858643277708e+04
2.909999999999981934e+00	1.269519443752500956e+04
2.919999999999981721e+00	1.312048213389787270e+04
2.929999999999981508e+00	1.233054095839870570e+04
2.939999999999981295e+00	1.324570573056839748e+04
2.949999999999981082e+00	1.215785195989025851e+04
2.959999999999980869e+00	1.164188662872788700e+04
2.969999999999980655e+00	1.194512963220619895e+04
2.979999999999980442e+00	1.168125979095359071e+04
2.989999999999980229e+00	1.182607020793346965e+04
2.999999999999980016e+00	1.273404226788160668e+04
3.009999999999979803e+00	1.247348244557751241e+04
3.019999999999979590e+00	1.176550102891226197e+04
3.029999999999979376e+00	1.089078828504934245e+04
3.039999999999979163e+00	1.128323839046425928e+04
3.049999999999978950e+00	1.213949710503300594e+04
3.059999999999978737e+00	1.230011649298550037e+04
3.069999999999978524e+00	1.131380665578032131e+04
3.079999999999978311e+00	1.077120098859997233e+04
3.089999999999978098e+00	1.161761109558405042e+04
3.099999999999977884e+00	1.297332300500285237e+04
3.109999999999977671e+00	1.199782665832504790e+04
3.119999999999977458e+00	1.185161590643075033e+04
3.129999999999977245e+00	1.253866695814134800e+04
3.139999999999977032e+00	1.198241419675499128e+04
3.149999999999976819e+00	1.295971929033838569e+04
3.159999999999976605e+00	1.122531350988896520e+04
3.169999999999976392e+00	1.117034702036281851e+04
3.179999999999976179e+00	1.121149405124128134e+04
3.189999999999975966e+00	1.063171709055436440e+04
3.199999999999975753e+00	1.098822578032959063e+04
3.209999999999975540e+00	1.028079620575653098e+04
3.219999999999975326e+00	9.604889567019650713e+03
3.229999999999975113e+00	9.969062909169546401e+03
3.239999999999974900e+00	1.019501758153625633e+04
3.249999999999974687e+00	9.781471735222166899e+03
3.259999999999974474e+00	1.018199150245454985e+04
3.269999999999974261e+00	1.070859220969444141e+04
3.279999999999974047e+00	1.030775291341731281e+04
3.289999999999973834e+00	1.046421886401712800e+04
3.299999999999973621e+00	1.088705496349962959e+04
3.309999999999973408e+00	9.458198019784249482e+03
3.319999999999973195e+00	1.028560773923946726e+04
3.329999999999972982e+00	1.051730402193480768e+04
3.339999999999972768e+00	1.086531408991650460e+04
3.349999999999972555e+00	1.173130899199949636e+04
3.359999999999972342e+00	1.093423726156767225e+04
3.369999999999972129e+00	1.093320539465936054e+04
3.379999999999971916e+00	1.141382915075015080e+04
3.389999999999971703e+00	9.950715858276642393e+03
3.399999999999971489e+00	9.923567699647102927e+03
3.409999999999971276e+00	9.850476849092383418e+03
3.419999999999971063e+00	1.005099882348813117e+04
3.429999999999970850e+00	9.837840805262934737e+03
3.439999999999970637e+00	9.404424587428853556e+03
3.449999999999970424e+00	9.422887176878943137e+03
3.459999999999970210e+00	9.183128185297784512e+03
3.469999999999969997e+00	8.428571677897987684e+03
3.479999999999969784e+00	8.222388258451359434e+03
3.489999999999969571e+00	8.737601058672640647e+03
3.499999999999969358e+00	8.929317170568065194e+03
3.509999999999969145e+00	8.210244303382345606e+03
3.519999999999968932e+00	8.894456825343731907e+03
3.529999999999968718e+00	8.428170541636756752e+03
3.539999999999968505e+00	8.478437062037362921e+03
3.549999999999968292e+00	7.894990394051752446e+03
3.559999999999968079e+00	8.232311903738625915e+03
3.569999999999967866e+00	2.918218567979481304e+04
3.579999999999967653e+00	2.924604991978984617e+04
3.589999999999967439e+00	2.898706166222886532e+04
3.599999999999967226e+00	2.877555689785075811e+04
3.609999999999967013e+00	2.811760433615223883e+04
3.619999999999966800e+00	2.843994682681786799e+04
3.629999999999966587e+00	2.718283309333604848e+04
3.639999999999966374e+00	2.689372304210333823e+04
3.649999999999966160e+00	2.801715899565572181e+04
3.659999999999965947e+00	2.683411871209058882e+04
3.669999999999965734e+00	2.753297633456891708e+04
3.679999999999965521e+00	2.776759229270962169e+04
3.689999999999965308e+00	2.752058454277127021e+04
3.699999999999965095e+00	2.640202592110840487e+04
3.709999999999964881e+00	2.677692856151534579e+04
3.719999999999964668e+00	2.649202271402404949e+04
3.729999999999964455e+00	2.663306147074677574e+04
3.739999999999964242e+00	2.683239493418969141e+04
3.749999999999964029e+00	2.703892329819617225e+04
3.759999999999963816e+00	2.684722862117237310e+04
3.769999999999963602e+00	2.739337411608124967e+04
3.779999999999963389e+00	2.701690333907943568e+04
3.789999999999963176e+00	2.722410631765670405e+04
3.799999999999962963e+00	2.643277062899783050e+04
3.809999999999962750e+00	2.731225987497255119e+04
3.819999999999962537e+00	2.687734346920241296e+04
3.829999999999962323e+00	2.777189388386711653e+04
3.839999999999962110e+00	2.698105558565022511e+04
3.849999999999961897e+00	2.694570586006508529e+04
3.859999999999961684e+00	2.695944627745838807e+04
3.869999999999961471e+00	2.702835200239966798e+04
3.879999999999961258e+00	2.778300372904137475e+04
3.889999999999961044e+00	2.760065764056056287e+04
3.899999999999960831e+00	2.794434151709268917e+04
3.909999999999960618e+00	2.803714339913737786e+04
3.919999999999960405e+00	2.757255058896796254e+04
3.929999999999960192e+00	2.819708743929110642e+04
3.939999999999959979e+00	2.790551099629947203e+04
3.949999999999959766e+00	2.764875953644738911e+04
3.959999999999959552e+00	2.780794176456882633e+04
3.969999999999959339e+00	2.821950782136486305e+04
3.979999999999959126e+00	2.805005081798164611e+04
3.989999999999958913e+00	2.856823799632637747e+04
3.999999999999958700e+00	2.790474318231892903e+04
4.009999999999958931e+00	2.674673241813763525e+04
4.019999999999958717e+00	2.748648180188264450e+04
4.029999999999958504e+00	2.733689780252527999e+04
4.039999999999958291e+00	2.746346500697867305e+04
4.049999999999958078e+00	2.751524547796438128e+04
4.059999999999957865e+00	2.722664459028056444e+04
4.069999999999957652e+00	2.766124310866693122e+04
4.079999999999957438e+00	2.684348095353360259e+04
4.089999999999957225e+00	2.775630443267835653e+04
4.099999999999957012e+00	2.738855332053327584e+04
4.109999999999956799e+00	2.744182707586767356e+04
4.119999999999956586e+00	2.785492141511134832e+04
4.129999999999956373e+00	2.715555620214961527e+04
4.139999999999956160e+00	2.734942160367882025e+04
4.149999999999955946e+00	2.729810804545222345e+04
4.159999999999955733e+00	2.772278288389744921e+04
4.169999999999955520e+00	2.784593085306670400e+04
4.179999999999955307e+00	2.821118345679753838e+04
4.189999999999955094e+00	2.832344716187476661e+04
4.199999999999954881e+00	2.734637442035139247e+04
4.209999999999954667e+00	2.747612350309755857e+04
4.219999999999954454e+00	2.734623518118791981e+04
4.229999999999954241e+00	2.823483112032042482e+04
4.239999999999954028e+00	2.804283394020322157e+04
4.249999999999953815e+00	2.763998062864406529e+04
4.259999999999953602e+00	2.735522575791838608e+04
4.269999999999953388e+00	2.752421549184538890e+04
4.279999999999953175e+00	2.712864890768648911e+04
4.289999999999952962e+00	2.757412964935268974e+04
4.299999999999952749e+00	2.738479796932217141e+04
4.309999999999952536e+00	2.715942998672727845e+04
4.319999999999952323e+00	2.731962257704023796e+04
4.329999999999952109e+00	2.692214582435494231e+04
4.339999999999951896e+00	2.728461399840946615e+04
4.349999999999951683e+00	2.629918511804256923e+04
4.359999999999951470e+00	2.619692795215654041e+04
4.369999999999951257e+00	2.559915649500265863e+04
4.379999999999951044e+00	2.673786376698140884e+04
4.389999999999950830e+00	2.699624436386024900e+04
4.399999999999950617e+00	2.775733767719158641e+04
4.409999999999950404e+00	2.842608001466616406e+04
4.419999999999950191e+00	2.719100198606006597e+04
4.429999999999949978e+00	2.749859084597357287e+04
4.439999999999949765e+00	2.746626497964400914e+04
4.449999999999949551e+00	2.715121818365989020e+04
4.459999999999949338e+00	2.758869266344812786e+04
4.469999999999949125e+00	2.685834131417464960e+04
4.479999999999948912e+00	2.753140172382180754e+04
4.489999999999948699e+00	2.761224978616466251e+04
4.499999999999948486e+00	2.779380870444353059e+04
4.509999999999948272e+00	2.639398261968908992e+04
4.519999999999948059e+00	2.611787426177684392e+04
4.529999999999947846e+00	2.644445576649950090e+04
4.539999999999947633e+00	2.612341886605687978e+04
4.549999999999947420e+00	2.573400315709223651e+04
4.559999999999947207e+00	2.673845356336794794e+04
4.569999999999946994e+00	2.656380183241332270e+04
4.579999999999946780e+00	2.664985249375995045e+04
4.589999999999946567e+00	2.712940277845717355e+04
4.599999999999946354e+00	2.583105518402414600e+04
4.609999999999946141e+00	2.674634028670713451e+04
4.619999999999945928e+00	2.570727870210930996e+04
4.629999999999945715e+00	2.584143235268830540e+04
4.639999999999945501e+00	2.683082160946039585e+04
4.649999999999945288e+00	2.673472426869546325e+04
4.659999999999945075e+00	2.574422578164534571e+04
4.669999999999944862e+00	2.677398237091956253e+04
4.679999999999944649e+00	2.633742163014542894e+04
4.689999999999944436e+00	2.703009547713697975e+04
4.699999999999944222e+00	2.614554413844205556e+04
4.709999999999944009e+00	2.764135903431442421e+04
4.719999999999943796e+00	2.655283592998419772e+04
4.729999999999943583e+00	2.623597491478654410e+04
4.739999999999943370e+00	2.565799383750038032e+04
4.749999999999943157e+00	2.541103693996822403e+04
4.759999999999942943e+00	2.544408445789272810e+04
4.769999999999942730e+00	2.536682285011636850e+04
4.779999999999942517e+00	2.529307856852617988e+04
4.789999999999942304e+00	2.582829311867075739e+04
4.799999999999942091e+00	2.500871447810838436e+04
4.809999999999941878e+00	2.390865906956911203e+04
4.819999999999941664e+00	2.466813051607730449e+04
4.829999999999941451e+00	2.471900064079960794e+04
4.839999999999941238e+00	2.499812303293911100e+04
4.849999999999941025e+00	2.413474759139072557e+04
4.859999999999940812e+00	2.432220152960532141e+04
4.869999999999940599e+00	2.491431709559648880e+04
4.879999999999940385e+00	2.511495283639871559e+04
4.889999999999940172e+00	2.529547545956225076e+04
4.899999999999939959e+00	2.537820730498850753e+04
4.909999999999939746e+00	2.463656705796856113e+04
4.919999999999939533e+00	2.557209161177005080e+04
4.929999999999939320e+00	2.439325392858364648e+04
4.939999999999939106e+00	2.389123794998752419e+04
4.949999999999938893e+00	2.496005536332717384e+04
4.959999999999938680e+00	2.383125941374614195e+04
4.969999999999938467e+00	2.443542790400486774e+04
4.979999999999938254e+00	2.387714708998602146e+04
4.989999999999938041e+00	2.389208614368254348e+04
4.999999999999937828e+00	2.389676752743717952e+04
5.009999999999937614e+00	2.420149382275348034e+04
5.019999999999937401e+00	2.425279925865537371e+04
5.029999999999937188e+00	2.422082591548798518e+04
5.039999999999936975e+00	2.342065282571964781e+04
5.049999999999936762e+00	2.397355922030862712e+04
5.059999999999936549e+00	2.486404908673810132e+04
5.069999999999936335e+00	2.410867349359763466e+04
5.079999999999936122e+00	2.406712985803649281e+04
5.089999999999935909e+00	2.388830670876646036e+04
5.099999999999935696e+00	2.391195401232365111e+04
5.109999999999935483e+00	2.476037140439745781e+04
5.119999999999935270e+00	2.446969666992472048e+04
5.129999999999935056e+00	2.379483825921279640e+04
5.139999999999934843e+00	2.442559927800980586e+04
5.149999999999934630e+00	2.465033624690261786e+04
5.159999999999934417e+00	2.493415201444735430e+04
5.169999999999934204e+00	2.490141648827445897e+04
5.179999999999933991e+00	2.432395640437466136e+04
5.189999999999933777e+00	2.420473945065012958e+04
5.199999999999933564e+00	2.414697456124710516e+04
5.209999999999933351e+00	2.372754614332031633e+04
5.219999999999933138e+00	2.448634786085638189e+04
5.229999999999932925e+00	2.499205209608057339e+04
5.239999999999932712e+00	2.390863438439083257e+04
5.249999999999932498e+00	2.345500272673600557e+04
5.259999999999932285e+00	2.316309201644223504e+04
5.269999999999932072e+00	2.274158296407582748e+04
5.279999999999931859e+00	2.322572331946914710e+04
5.289999999999931646e+00	2.384063539707828386e+04
5.299999999999931433e+00	2.308172885277323439e+04
5.309999999999931219e+00	2.319077530546659546e+04
5.319999999999931006e+00	2.376701535772296484e+04
5.329999999999930793e+00	2.363307796527244500e+04
5.339999999999930580e+00	2.376491878650328363e+04
5.349999999999930367e+00	2.330036067627970988e+04
5.359999999999930154e+00	2.367039352753740241e+04
5.369999999999929940e+00	2.331604266247134001e+04
5.379999999999929727e+00	2.379683752855489729e+04
5.389999999999929514e+00	2.429319148656803736e+04
5.399999999999929301e+00	2.311280264452873962e+04
5.409999999999929088e+00	2.397251153601629267e+04
5.419999999999928875e+00	2.375072393104259390e+04
5.429999999999928662e+00	2.439118402305958807e+04
5.439999999999928448e+00	2.398953723710251506e+04
5.449999999999928235e+00	2.462772022558689787e+04
5.459999999999928022e+00	2.389863533006926446e+04
5.469999999999927809e+00	2.370008021642213862e+04
5.479999999999927596e+00	2.376633734266209285e+04
5.489999999999927383e+00	2.322988264234254166e+04
5.499999999999927169e+00	2.399620470668188500e+04
5.509999999999926956e+00	2.377167775892496866e+04
5.519999999999926743e+00	2.308795781165531662e+04
5.529999999999926530e+00	2.331557065183123268e+04
5.539999999999926317e+00	2.273023135635850485e+04
5.549999999999926104e+00	2.380872837861302469e+04
5.559999999999925890e+00	2.328698450539416444e+04
5.569999999999925677e+00	2.268851180689226385e+04
5.579999999999925464e+00	2.232452682380940678e+04
5.589999999999925251e+00	2.229146660847363819e+04
5.599999999999925038e+00	2.241554676503973678e+04
5.609999999999924825e+00	2.282036019599845531e+04
5.619999999999924611e+00	2.332552657624964922e+04
5.629999999999924398e+00	2.380188630229800765e+04
5.639999999999924185e+00	2.256326870673556550e+04
5.649999999999923972e+00	2.335610175691404584e+04
5.659999999999923759e+00	2.282335626511142618e+04
5.669999999999923546e+00	2.324392831428788850e+04
5.679999999999923332e+00	2.330812533352884566e+04
5.689999999999923119e+00	2.368691005060296447e+04
5.699999999999922906e+00	2.336308090795889439e+04
5.709999999999922693e+00	2.348940426361589198e+04
5.719999999999922480e+00	2.371599449885913782e+04
5.729999999999922267e+00	2.271381808137385087e+04
5.739999999999922053e+00	2.331332779521914563e+04
5.749999999999921840e+00	2.254571038833977946e+04
5.759999999999921627e+00	2.306591202059688294e+04
5.769999999999921414e+00	2.253761432007337862e+04
5.779999999999921201e+00	2.403954769189551007e+04
5.789999999999920988e+00	2.324956035625447112e+04
5.799999999999920774e+00	2.294550384672802102e+04
5.809999999999920561e+00	2.310185628339719187e+04
5.819999999999920348e+00	2.179041371094081114e+04
5.829999999999920135e+00	2.227963644494084292e+04
5.839999999999919922e+00	2.259908359736819693e+04
5.849999999999919709e+00	2.206489231275925340e+04
5.859999999999919496e+00	2.188786007525655441e+04
5.869999999999919282e+00	2.269884229755948036e+04
5.879999999999919069e+00	2.244294624363381445e+04
5.889999999999918856e+00	2.263135788246285301e+04
5.899999999999918643e+00	2.293071426973561756e+04
5.909999999999918430e+00	2.311217996164889337e+04
5.919999999999918217e+00	2.272200818440444709e+04
5.929999999999918003e+00	2.307087446681781876e+04
5.939999999999917790e+00	2.405145840214697819e+04
5.949999999999917577e+00	2.343184912446858652e+04
5.959999999999917364e+00	2.282214813821980715e+04
5.969999999999917151e+00	2.328921670378837007e+04
5.979999999999916938e+00	2.276593320438743831e+04
5.989999999999916724e+00	2.252921248889484559e+04
5.999999999999916511e+00	2.308417907259302956e+04
6.009999999999916298e+00	2.251453977228208532e+04
6.019999999999916085e+00	2.227044324589142343e+04
6.029999999999915872e+00	2.238850926275787060e+04
6.039999999999915659e+00	2.160624693343255058e+04
6.049999999999915445e+00	2.192769294488764353e+04
6.059999999999915232e+00	2.167583101523170262e+04
6.069999999999915019e+00	2.193715629283788076e+04
6.079999999999914806e+00	2.223183589237504930e+04
6.089999999999914593e+00	2.167153089746844853e+04
6.099999999999914380e+00	2.140323726339607674e+04
6.109999999999914166e+00	2.130679717879976670e+04
6.119999999999913953e+00	2.132388345276332984e+04
6.129999999999913740e+00	2.189099339671120833e+04
6.139999999999913527e+00	2.136927147848531240e+04
6.149999999999913314e+00	2.156731078535998677e+04
6.159999999999913101e+00	2.222520986166948205e+04
6.169999999999912887e+00	2.227903311027172458e+04
6.179999999999912674e+00	2.155410522691871302e+04
6.189999999999912461e+00	2.171449688746420725e+04
6.199999999999912248e+00	2.282202004422515529e+04
6.209999999999912035e+00	2.202584451552654355e+04
6.219999999999911822e+00	2.239277957320724818e+04
6.229999999999911608e+00	2.216767265426394079e+04
6.239999999999911395e+00	2.181237182471009874e+04
6.249999999999911182e+00	2.140906041012390779e+04
6.259999999999910969e+00	2.158511358922252475e+04
6.269999999999910756e+00	2.138969456610245470e+04
6.279999999999910543e+00	2.135961873386442312e+04
6.289999999999910330e+00	2.138981155527329611e+04
6.299999999999910116e+00	2.122625767726520644e+04
6.309999999999909903e+00	2.165215642099915931e+04
6.319999999999909690e+00	2.184771795612845744e+04
6.329999999999909477e+00	2.149306609958916306e+04
6.339999999999909264e+00	2.078995150128134264e+04
6.349999999999909051e+00	2.111406863087794045e+04
6.359999999999908837e+00	2.098102998343062063e+04
6.369999999999908624e+00	2.117645985288643351e+04
6.379999999999908411e+00	2.084237059433300965e+04
6.389999999999908198e+00	2.136908293727421915e+04
6.399999999999907985e+00	2.077687007668756996e+04
6.409999999999907772e+00	2.156555055634270684e+04
6.419999999999907558e+00	2.136219002970850852e+04
6.429999999999907345e+00	2.125977038426967192e+04
6.439999999999907132e+00	2.152511614404139254e+04
6.449999999999906919e+00	2.167159445997975126e+04
6.459999999999906706e+00	2.227796929085732336e+04
6.469999999999906493e+00	2.184147077950537641e+04
6.479999999999906279e+00	2.205315558748957119e+04
6.489999999999906066e+00	2.102443747357431857e+04
6.499999999999905853e+00	2.090489133594164377e+04
6.509999999999905640e+00	2.102205902760741446e+04
6.519999999999905427e+00	2.167600780337348260e+04
6.529999999999905214e+00	2.017776350071202251e+04
6.539999999999905000e+00	1.974649288721895573e+04
6.549999999999904787e+00	2.003048657990511492e+04
6.559999999999904574e+00	1.997475640134106652e+04
6.569999999999904361e+00	2.092107962166619109e+04
6.579999999999904148e+00	2.113531383643304434e+04
6.589999999999903935e+00	2.071992031566443620e+04
6.599999999999903721e+00	2.067239626850622881e+04
6.609999999999903508e+00	2.073991873022124128e+04
6.619999999999903295e+00	2.081401127157750670e+04
6.629999999999903082e+00	2.110437807493996661e+04
6.639999999999902869e+00	2.117126799446078803e+04
6.649999999999902656e+00	2.134803885187289416e+04
6.659999999999902442e+00	2.242092471241029853e+04
6.669999999999902229e+00	2.212791774462682588e+04
6.679999999999902016e+00	2.205198530116118854e+04
6.689999999999901803e+00	2.171883328042036374e+04
6.699999999999901590e+00	2.205709920323736151e+04
6.709999999999901377e+00	2.232492519876387087e+04
6.719999999999901164e+00	2.194654570987289480e+04
6.729999999999900950e+00	2.168388369030666945e+04
6.739999999999900737e+00	2.189554870275445137e+04
6.749999999999900524e+00	2.159691902788897278e+04
6.759999999999900311e+00	2.123228971256352816e+04
6.769999999999900098e+00	2.182252525990079448e+04
6.779999999999899885e+00	2.131066065844626428e+04
6.789999999999899671e+00	2.090506515318720994e+04
6.799999999999899458e+00	2.035532394672562077e+04
6.809999999999899245e+00	2.087216926290801712e+04
6.819999999999899032e+00	2.082797924378830794e+04
6.829999999999898819e+00	2.102547007819069404e+04
6.839999999999898606e+00	2.011427610708340944e+04
6.849999999999898392e+00	2.075242859436918661e+04
6.859999999999898179e+00	1.975478195174468783e+04
6.869999999999897966e+00	2.065177549876416015e+04
6.879999999999897753e+00	2.135484143751353258e+04
6.889999999999897540e+00	2.119619931519293459e+04
6.899999999999897327e+00	2.049126478730272720e+04
6.909999999999897113e+00	2.083851915501260373e+04
6.919999999999896900e+00	1.970317362443959792e+04
6.929999999999896687e+00	2.121080490114623171e+04
6.939999999999896474e+00	2.097973299638319440e+04
6.949999999999896261e+00	2.118598992226885457e+04
6.959999999999896048e+00	2.048100258974551252e+04
6.969999999999895834e+00	2.104876650974265795e+04
6.979999999999895621e+00	2.025935202827322064e+04
6.989999999999895408e+00	2.059442891353194500e+04
6.999999999999895195e+00	1.996496471455417850e+04
7.009999999999894982e+00	1.928512491530163607e+04
7.019999999999894769e+00	1.842891791717862361e+04
7.029999999999894555e+00	1.886691563786107145e+04
7.039999999999894342e+00	1.940135384247698312e+04
7.049999999999894129e+00	1.836234716610355827e+04
7.059999999999893916e+00	1.892232862608085270e+04
7.069999999999893703e+00	1.870631341493167929e+04
7.079999999999893490e+00	1.914658177973431884e+04
7.089999999999893276e+00	1.947546519467946564e+04
7.099999999999893063e+00	1.948827788916224381e+04
7.109999999999892850e+00	1.986955429417881533e+04
7.119999999999892637e+00	1.941130207207025524e+04
7.129999999999892424e+00	1.951887463658555862e+04
7.139999999999892211e+00	2.010045998557640996e+04
7.149999999999891998e+00	1.985691962695027905e+04
7.159999999999891784e+00	1.991378885931965851e+04
7.169999999999891571e+00	2.035648440784264676e+04
7.179999999999891358e+00	1.990980169680359541e+04
7.189999999999891145e+00	1.962396263412401095e+04
7.199999999999890932e+00	2.009267815259550480e+04
7.209999999999890719e+00	1.946745270884377896e+04
7.219999999999890505e+00	1.977628303653673356e+04
7.229999999999890292e+00	1.900972718771929067e+04
7.239999999999890079e+00	1.860045798342702983e+04
7.249999999999889866e+00	1.935075978427210794e+04
7.259999999999889653e+00	1.880267064344677055e+04
7.269999999999889440e+00	1.910732798593213374e+04
7.279999999999889226e+00	1.946839443144990946e+04
7.289999999999889013e+00	1.872526009230854834e+04
7.299999999999888800e+00	1.820369640368030377e+04
7.309999999999888587e+00	1.932699622800559519e+04
7.319999999999888374e+00	1.903223384283098130e+04
7.329999999999888161e+00	1.853308001025574049e+04
7.339999999999887947e+00	1.961843263255263446e+04
7.349999999999887734e+00	1.876571750587330462e+04
7.359999999999887521e+00	1.918154845085222041e+04
7.369999999999887308e+00	1.957778060380785610e+04
7.379999999999887095e+00	1.968340469863103499e+04
7.389999999999886882e+00	2.026640832275282446e+04
7.399999999999886668e+00	1.907779033452061412e+04
7.409999999999886455e+00	1.994857434378250036e+04
7.419999999999886242e+00	1.965540992865273074e+04
7.429999999999886029e+00	1.978768962729084524e+04
7.439999999999885816e+00	1.994712606446339851e+04
7.449999999999885603e+00	1.987230699810173246e+04
7.459999999999885389e+00	1.962054317459786398e+04
7.469999999999885176e+00	1.944575785454861762e+04
7.479999999999884963e+00	1.958551326898009211e+04
7.489999999999884750e+00	1.915394806703563518e+04
7.499999999999884537e+00	1.965230263261044456e+04
7.509999999999884324e+00	1.873050742789449578e+04
7.519999999999884110e+00	1.905662398371384188e+04
7.529999999999883897e+00	1.822820378625812009e+04
7.539999999999883684e+00	1.771085755890220025e+04
7.549999999999883471e+00	1.863337018062730931e+04
7.559999999999883258e+00	1.870199336936435793e+04
7.569999999999883045e+00	1.891962162846949650e+04
7.579999999999882832e+00	1.890130399691097409e+04
7.589999999999882618e+00	1.915736089952018665e+04
7.599999999999882405e+00	1.892416970017411222e+04
7.609999999999882192e+00	1.870959426063451974e+04
7.619999999999881979e+00	1.897995947701950354e+04
7.629999999999881766e+00	1.979128558939179857e+04
7.639999999999881553e+00	1.876491985832785576e+04
7.649999999999881339e+00	2.025462793928231986e+04
7.659999999999881126e+00	1.993605759150303857e+04
7.669999999999880913e+00	1.969401156627452292e+04
7.679999999999880700e+00	1.958094030481440859e+04
7.689999999999880487e+00	1.849058365235091333e+04
7.699999999999880274e+00	1.875389237816073728e+04
7.709999999999880060e+00	1.957186150537246795e+04
7.719999999999879847e+00	1.850432490618708471e+04
7.729999999999879634e+00	1.925920801840412605e+04
7.739999999999879421e+00	1.766075468387793080e+04
7.749999999999879208e+00	1.864744437745685354e+04
7.759999999999878995e+00	1.761901247702547698e+04
7.769999999999878781e+00	1.744040180011125631e+04
7.779999999999878568e+00	1.732531802596370835e+04
7.789999999999878355e+00	1.698485924090414119e+04
7.799999999999878142e+00	1.722343216393841794e+04
7.809999999999877929e+00	1.657628448045329060e+04
7.819999999999877716e+00	1.682166486104805153e+04
7.829999999999877502e+00	1.732832070777883200e+04
7.839999999999877289e+00	1.735690483798885543e+04
7.849999999999877076e+00	1.788100666550513415e+04
7.859999999999876863e+00	1.689459137803286649e+04
7.869999999999876650e+00	1.698414182424289538e+04
7.879999999999876437e+00	1.774112376126442541e+04
7.889999999999876223e+00	1.724792595567627723e+04
7.899999999999876010e+00	1.734106899152366532e+04
7.909999999999875797e+00	1.727581515944283456e+04
7.919999999999875584e+00	1.792335355956844796e+04
7.929999999999875371e+00	1.673094249117862637e+04
7.939999999999875158e+00	1.784255417497912640e+04
7.949999999999874944e+00	1.817852189620161516e+04
7.959999999999874731e+00	1.744754534864181915e+04
7.969999999999874518e+00	1.747710613124190786e+04
7.979999999999874305e+00	1.729997085187083940e+04
7.989999999999874092e+00	1.814232660423751076e+04
7.999999999999873879e+00	1.697723389756413599e+04
8.009999999999873666e+00	1.651059113435167819e+04
8.019999999999873452e+00	1.692304157420996853e+04
8.029999999999873239e+00	1.597676842607631806e+04
8.039999999999873026e+00	1.634289473771234043e+04
8.049999999999872813e+00	1.639613278696260386e+04
8.059999999999872600e+00	1.710374041296150244e+04
8.069999999999872387e+00	1.700681174818484578e+04
8.079999999999872173e+00	1.723181092917974456e+04
8.089999999999871960e+00	1.765621418187130985e+04
8.099999999999871747e+00	1.650361300642097922e+04
8.109999999999871534e+00	1.745915870298365553e+04
8.119999999999871321e+00	1.713465585049927904e+04
8.129999999999871108e+00	1.794451974970507581e+04
8.139999999999870894e+00	1.727403592847551408e+04
8.149999999999870681e+00	1.706477049860328043e+04
8.159999999999870468e+00	1.704384344614492147e+04
8.169999999999870255e+00	1.837404081795844104e+04
8.179999999999870042e+00	1.738783621731845051e+04
8.189999999999869829e+00	1.624761207162784922e+04
8.199999999999869615e+00	1.729427188488646061e+04
8.209999999999869402e+00	1.661477770094284642e+04
8.219999999999869189e+00	1.660176969736895990e+04
8.229999999999868976e+00	1.638485486349819621e+04
8.239999999999868763e+00	1.641046533998235464e+04
8.249999999999868550e+00	1.680221931731458608e+04
8.259999999999868336e+00	1.634252690699936829e+04
8.269999999999868123e+00	1.642113564572903124e+04
8.279999999999867910e+00	1.540303311043066060e+04
8.289999999999867697e+00	1.583879006169493732e+04
8.299999999999867484e+00	1.540374783952688085e+04
8.309999999999867271e+00	1.584014277562440111e+04
8.319999999999867057e+00	1.567029685981783405e+04
8.329999999999866844e+00	1.578381484132155856e+04
8.339999999999866631e+00	1.562015684764625257e+04
8.349999999999866418e+00	1.601668807706800362e+04
8.359999999999866205e+00	1.560817883958445236e+04
8.369999999999865992e+00	1.564477959456434110e+04
8.379999999999865778e+00	1.525919148871643847e+04
8.389999999999865565e+00	1.601217604472015591e+04
8.399999999999865352e+00	1.658398958692282758e+04
8.409999999999865139e+00	1.650387461965812690e+04
8.419999999999864926e+00	1.627935650438302036e+04
8.429999999999864713e+00	1.692548003962611256e+04
8.439999999999864500e+00	1.757611050580047595e+04
8.449999999999864286e+00	1.705352950919324940e+04
8.459999999999864073e+00	1.701646647144936651e+04
8.469999999999863860e+00	1.678465521507794256e+04
8.479999999999863647e+00	1.551076552187239213e+04
8.489999999999863434e+00	1.651767316488025972e+04
8.499999999999863221e+00	1.524800731354218624e+04
8.509999999999863007e+00	1.486499166711932776e+04
8.519999999999862794e+00	1.519976071912101179e+04
8.529999999999862581e+00	1.498211619033738680e+04
8.539999999999862368e+00	1.428267965962470225e+04
8.549999999999862155e+00	1.441671314790764154e+04
8.559999999999861942e+00	1.467310262366763163e+04
8.569999999999861728e+00	1.492349786562032023e+04
8.579999999999861515e+00	1.495823725008156180e+04
8.589999999999861302e+00	1.520762684195449037e+04
8.599999999999861089e+00	1.439161598926585793e+04
8.609999999999860876e+00	1.527377860073223019e+04
8.619999999999860663e+00	1.548627303232435588e+04
8.629999999999860449e+00	1.520517902521922042e+04
8.639999999999860236e+00	1.517269390027916779e+04
8.649999999999860023e+00	1.573828147555696341e+04
8.659999999999859810e+00	1.450162247150034636e+04
8.669999999999859597e+00	1.557676102530867138e+04
8.679999999999859384e+00	1.514482687755663937e+04
8.689999999999859170e+00	1.573026994809063035e+04
8.699999999999858957e+00	1.554691759552138319e+04
8.709999999999858744e+00	1.512415809312651436e+04
8.719999999999858531e+00	1.477281585969437583e+04
8.729999999999858318e+00	1.499180471255120210e+04
8.739999999999858105e+00	1.442605576313048732e+04
8.749999999999857891e+00	1.401008782347747547e+04
8.759999999999857678e+00	1.345442843238594287e+04
8.769999999999857465e+00	1.347290803180080184e+04
8.779999999999857252e+00	1.404512131493788547e+04
8.789999999999857039e+00	1.313636826872293750e+04
8.799999999999856826e+00	1.375527881734059702e+04
8.809999999999856612e+00	1.399077262683396475e+04
8.819999999999856399e+00	1.321364001479097533e+04
8.829999999999856186e+00	1.316797005277341304e+04
8.839999999999855973e+00	1.424904208954344722e+04
8.849999999999855760e+00	1.354150257423210860e+04
8.859999999999855547e+00	1.432768362662895925e+04
8.869999999999855333e+00	1.384679190679394924e+04
8.879999999999855120e+00	1.345862771567170421e+04
8.889999999999854907e+00	1.354532378447967312e+04
8.899999999999854694e+00	1.462031208740138754e+04
8.909999999999854481e+00	1.445648480493798706e+04
8.919999999999854268e+00	1.409384988274248462e+04
8.929999999999854055e+00	1.380323376686581832e+04
8.939999999999853841e+00	1.397303288823953881e+04
8.949999999999853628e+00	1.373909888353463612e+04
8.959999999999853415e+00	1.389685091061821004e+04
8.969999999999853202e+00	1.395957249541896635e+04
8.979999999999852989e+00	1.386628225409464721e+04
8.989999999999852776e+00	1.383425179570300861e+04
8.999999999999852562e+00	1.388082129460841315e+04
9.009999999999852349e+00	1.337373194873514149e+04
9.019999999999852136e+00	1.400998311371013187e+04
9.029999999999851923e+00	1.342188444793639792e+04
9.039999999999851710e+00	1.312232272878718140e+04
9.049999999999851497e+00	1.327074327633954817e+04
9.059999999999851283e+00	1.287552335023034357e+04
9.069999999999851070e+00	1.323754133455377087e+04
9.079999999999850857e+00	1.344511177614444932e+04
9.089999999999850644e+00	1.273597470718664044e+04
9.099999999999850431e+00	1.224394617880027363e+04
9.109999999999850218e+00	1.422542548302813520e+04
9.119999999999850004e+00	1.381455438785957085e+04
9.129999999999849791e+00	1.340661029483546372e+04
9.139999999999849578e+00	1.342643157450940635e+04
9.149999999999849365e+00	1.404516332742627856e+04
9.159999999999849152e+00	1.362450140736995672e+04
9.169999999999848939e+00	1.434009670369869673e+04
9.179999999999848725e+00	1.440365437736079548e+04
9.189999999999848512e+00	1.436161917049017029e+04
9.199999999999848299e+00	1.409097180092628696e+04
9.209999999999848086e+00	1.408474898567254422e+04
9.219999999999847873e+00	1.495787047088890176e+04
9.229999999999847660e+00	1.499048116927422961e+04
9.239999999999847446e+00	1.434830140524254966e+04
9.249999999999847233e+00	1.458865598183122347e+04
9.259999999999847020e+00	1.323127624308871600e+04
9.269999999999846807e+00	1.399717038942438012e+04
9.279999999999846594e+00	1.311827699491576277e+04
9.289999999999846381e+00	1.340666354055611919e+04
9.299999999999846167e+00	1.331972027739967598e+04
9.309999999999845954e+00	1.296253896932283351e+04
9.319999999999845741e+00	1.261299707044707975e+04
9.329999999999845528e+00	1.403188756575675870e+04
9.339999999999845315e+00	1.341010892003209301e+04
9.349999999999845102e+00	1.405322438895671439e+04
9.359999999999844889e+00	1.327736546511589222e+04
9.369999999999844675e+00	1.346616019117773612e+04
9.379999999999844462e+00	1.313217388722056967e+04
9.389999999999844249e+00	1.362672890772525716e+04
9.399999999999844036e+00	1.352510650204494777e+04
9.409999999999843823e+00	1.394913126210703922e+04
9.419999999999843610e+00	1.388399953888673917e+04
9.429999999999843396e+00	1.356282703329729702e+04
9.439999999999843183e+00	1.447686408088675671e+04
9.449999999999842970e+00	1.357293902284542855e+04
9.459999999999842757e+00	1.323945819582477998e+04
9.469999999999842544e+00	1.327665382619655611e+04
9.479999999999842331e+00	1.369585793373760862e+04
9.489999999999842117e+00	1.397240818486178614e+04
9.499999999999841904e+00	1.318719630778449937e+04
9.509999999999841691e+00	1.355100799924899547e+04
9.519999999999841478e+00	1.292630865944935067e+04
9.529999999999841265e+00	1.227199306566572159e+04
9.539999999999841052e+00	1.239740326541346076e+04
9.549999999999840838e+00	1.387445625282610126e+04
9.559999999999840625e+00	1.367315055806267446e+04
9.569999999999840412e+00	1.313701122561500597e+04
9.579999999999840199e+00	1.334704517834195576e+04
9.589999999999839986e+00	1.294572834623587551e+04
9.599999999999839773e+00	1.324850004232566789e+04
9.609999999999839559e+00	1.334695353736183461e+04
9.619999999999839346e+00	1.336936428851740493e+04
9.629999999999839133e+00	1.376410950892344044e+04
9.639999999999838920e+00	1.492554927908193895e+04
9.649999999999838707e+00	1.424987419951412448e+04
9.659999999999838494e+00	1.429365805223300595e+04
9.669999999999838280e+00	1.409618023971298317e+04
9.679999999999838067e+00	1.456730242499273299e+04
9.689999999999837854e+00	1.424995308357993417e+04
9.699999999999837641e+00	1.482524793073801266e+04
9.709999999999837428e+00	1.525098266761615741e+04
9.719999999999837215e+00	1.489461502121990452e+04
9.729999999999837001e+00	1.554726297637863900e+04
9.739999999999836788e+00	1.482307810296715616e+04
9.749999999999836575e+00	1.397547124468430047e+04
9.759999999999836362e+00	1.413930282930636167e+04
9.769999999999836149e+00	1.452808479673101829e+04
9.779999999999835936e+00	1.392753871407654151e+04
9.789999999999835723e+00	1.396668390425087091e+04
9.799999999999835509e+00	1.389444539834689931e+04
9.809999999999835296e+00	1.310834638520905901e+04
9.819999999999835083e+00	1.345768009756174069e+04
9.829999999999834870e+00	1.386321356213762556e+04
9.839999999999834657e+00	1.416707592909428604e+04
9.849999999999834444e+00	1.443904657541434426e+04
9.859999999999834230e+00	1.436034784292326367e+04
9.869999999999834017e+00	1.421383905845469781e+04
9.879999999999833804e+00	1.402593936889916949e+04
9.889999999999833591e+00	1.469091908245176091e+04
9.899999999999833378e+00	1.429579301513779501e+04
9.909999999999833165e+00	1.428744970787910825e+04
9.919999999999832951e+00	1.478791669607376753e+04
9.929999999999832738e+00	1.551083187449875186e+04
9.939999999999832525e+00	1.529647052043170333e+04
9.949999999999832312e+00	1.619125268477027203e+04
9.959999999999832099e+00	1.435841034247166317e+04
9.969999999999831886e+00	1.545918990108814251e+04
9.979999999999831672e+00	1.551661547557321865e+04
9.989999999999831459e+00	1.607027923463731167e+04
9.999999999999831246e+00	1.506598799768633035e+04
1.000999999999983103e+01	1.479936171109880161e+04
1.001999999999983082e+01	1.453883497430334683e+04
1.002999999999983061e+01	1.463337750188469545e+04
1.003999999999983039e+01	1.450489852177511420e+04
1.004999999999983018e+01	1.312244985609420291e+04
1.005999999999982997e+01	1.347450273082467902e+04
1.006999999999982975e+01	1.432206479609335474e+04
1.007999999999982954e+01	1.442004270383413314e+04
1.008999999999982933e+01	1.427932907059580612e+04
1.009999999999982911e+01	1.386193407438059512e+04
1.010999999999982890e+01	1.419197065498739903e+04
1.011999999999982869e+01	1.384470960603264211e+04
1.012999999999982847e+01	1.372119902108364477e+04
1.013999999999982826e+01	1.382121092348603270e+04
1.014999999999982805e+01	1.428377880194317549e+04
1.015999999999982784e+01	1.385257486686215998e+04
1.016999999999982762e+01	1.418760049450310544e+04
1.017999999999982741e+01	1.498278070883689361e+04
1.018999999999982720e+01	1.450084320496526925e+04
1.019999999999982698e+01	1.544988019810315018e+04
1.020999999999982677e+01	1.523049483426916049e+04
1.021999999999982656e+01	1.485291874925075535e+04
1.022999999999982634e+01	1.448860589174380766e+04
1.023999999999982613e+01	1.413341536658299447e+04
1.024999999999982592e+01	1.437021794105332265e+04
1.025999999999982570e+01	1.428386351122268752e+04
1.026999999999982549e+01	1.423115071451823314e+04
1.027999999999982528e+01	1.385444211637998524e+04
1.028999999999982506e+01	1.297271889105057926e+04
1.029999999999982485e+01	1.283105251120536013e+04
1.030999999999982464e+01	1.261359718537746448e+04
1.031999999999982442e+01	1.377205248653002127e+04
1.032999999999982421e+01	1.358235211824787621e+04
1.033999999999982400e+01	1.350757619247172261e+04
1.034999999999982379e+01	1.407419511074302682e+04
1.035999999999982357e+01	1.384064870047715158e+04
1.036999999999982336e+01	1.380227547670883359e+04
1.037999999999982315e+01	1.337497009877742676e+04
1.038999999999982293e+01	1.406620099397617014e+04
1.039999999999982272e+01	1.343451987223079777e+04
1.040999999999982251e+01	1.382993296947064664e+04
1.041999999999982229e+01	1.427614722485743368e+04
1.042999999999982208e+01	1.422495948838956247e+04
1.043999999999982187e+01	1.405621646930077259e+04
1.044999999999982165e+01	1.485547770528837282e+04
1.045999999999982144e+01	1.430076061340161505e+04
1.046999999999982123e+01	1.408330029867381018e+04
1.047999999999982101e+01	1.388646557474527071e+04
1.048999999999982080e+01	1.378329988165175746e+04
1.049999999999982059e+01	1.418271223878278579e+04
1.050999999999982037e+01	1.338507760658760162e+04
1.051999999999982016e+01	1.349189528749289457e+04
1.052999999999981995e+01	1.340798920351536799e+04
1.053999999999981974e+01	1.385131015206069787e+04
1.054999999999981952e+01	1.342164656582211319e+04
1.055999999999981931e+01	1.330787521364394161e+04
1.056999999999981910e+01	1.366454743647798750e+04
1.057999999999981888e+01	1.279681724839896924e+04
1.058999999999981867e+01	1.262523266292319204e+04
1.059999999999981846e+01	1.349222576216098059e+04
1.060999999999981824e+01	1.366717292798549170e+04
1.061999999999981803e+01	1.276770467716952407e+04
1.062999999999981782e+01	1.337587310430541402e+04
1.063999999999981760e+01	1.261949802914409884e+04
1.064999999999981739e+01	1.335821591508401252e+04
1.065999999999981718e+01	1.432252557396619886e+04
1.066999999999981696e+01	1.419390688480096287e+04
1.067999999999981675e+01	1.429141208696403555e+04
1.068999999999981654e+01	1.405786139119771178e+04
1.069999999999981632e+01	1.417489264409207681e+04
1.070999999999981611e+01	1.479832376416260740e+04
1.071999999999981590e+01	1.405304091840626643e+04
1.072999999999981569e+01	1.377645326196512542e+04
1.073999999999981547e+01	1.273148054071305160e+04
1.074999999999981526e+01	1.285053411444657831e+04
1.075999999999981505e+01	1.305924157069326611e+04
1.076999999999981483e+01	1.286451585559821979e+04
1.077999999999981462e+01	1.266854236122253496e+04
1.078999999999981441e+01	1.373250249718037230e+04
1.079999999999981419e+01	1.271278156304832555e+04
1.080999999999981398e+01	1.242052116168653083e+04
1.081999999999981377e+01	1.259364331137642876e+04
1.082999999999981355e+01	1.131028230058622285e+04
1.083999999999981334e+01	1.250489128752868783e+04
1.084999999999981313e+01	1.220697908701566485e+04
1.085999999999981291e+01	1.236853085541411565e+04
1.086999999999981270e+01	1.296979403614651164e+04
1.087999999999981249e+01	1.216423007104931094e+04
1.088999999999981227e+01	1.275385447777154513e+04
1.089999999999981206e+01	1.289001591650589944e+04
1.090999999999981185e+01	1.306000992464857336e+04
1.091999999999981164e+01	1.389482569854434041e+04
1.092999999999981142e+01	1.341073649521308107e+04
1.093999999999981121e+01	1.419001422925235238e+04
1.094999999999981100e+01	1.358719470864323557e+04
1.095999999999981078e+01	1.435219400996893637e+04
1.096999999999981057e+01	1.359590091639097045e+04
1.097999999999981036e+01	1.367424255048613304e+04
1.098999999999981014e+01	1.392223335645535917e+04
1.099999999999980993e+01	1.342226092951711871e+04
1.100999999999980972e+01	1.281155183862677404e+04
1.101999999999980950e+01	1.204435998873771860e+04
1.102999999999980929e+01	1.300816862105959808e+04
1.103999999999980908e+01	1.326136284752429856e+04
1.104999999999980886e+01	1.292214233331800642e+04
1.105999999999980865e+01	1.285200094376335255e+04
1.106999999999980844e+01	1.350856535150306809e+04
1.107999999999980822e+01	1.268916341394123265e+04
1.108999999999980801e+01	1.346694606568462768e+04
1.109999999999980780e+01	1.277688868436786470e+04
1.110999999999980759e+01	1.257787705239015122e+04
1.111999999999980737e+01	1.294366898881894667e+04
1.112999999999980716e+01	1.257814369600151986e+04
1.113999999999980695e+01	1.300709268593581874e+04
1.114999999999980673e+01	1.399164501609613581e+04
1.115999999999980652e+01	1.307797833029566391e+04
1.116999999999980631e+01	1.256276936271458908e+04
1.117999999999980609e+01	1.208400297009954011e+04
1.118999999999980588e+01	1.381063999225077350e+04
1.119999999999980567e+01	1.323636253800519626e+04
1.120999999999980545e+01	1.290249244960162287e+04
1.121999999999980524e+01	1.247849368786609193e+04
1.122999999999980503e+01	1.266541742107867867e+04
1.123999999999980481e+01	1.282789723951008091e+04
1.124999999999980460e+01	1.326057968467696810e+04
1.125999999999980439e+01	1.384786882425807744e+04
1.126999999999980417e+01	1.329214007397380556e+04
1.127999999999980396e+01	1.290377472680604842e+04
1.128999999999980375e+01	1.299278368078134008e+04
1.129999999999980353e+01	1.337627310910433880e+04
1.130999999999980332e+01	1.232653215270059809e+04
1.131999999999980311e+01	1.313830418891168665e+04
1.132999999999980290e+01	1.280670207211210072e+04
1.133999999999980268e+01	1.291018889609810685e+04
1.134999999999980247e+01	1.321314812034138595e+04
1.135999999999980226e+01	1.284862061472491951e+04
1.136999999999980204e+01	1.351201861996017033e+04
1.137999999999980183e+01	1.392217277266591555e+04
1.138999999999980162e+01	1.424003379539782145e+04
1.139999999999980140e+01	1.350136171180036945e+04
1.140999999999980119e+01	1.361550004231127969e+04
1.141999999999980098e+01	1.442056680764475823e+04
1.142999999999980076e+01	1.433214881856212014e+04
1.143999999999980055e+01	1.544034632731998499e+04
1.144999999999980034e+01	1.364618427697268999e+04
1.145999999999980012e+01	1.459596713575204194e+04
1.146999999999979991e+01	1.327525603124561167e+04
1.147999999999979970e+01	1.319598130759693595e+04
1.148999999999979948e+01	1.356203628208303417e+04
1.149999999999979927e+01	1.364976751529617832e+04
1.150999999999979906e+01	1.284450290231720646e+04
1.151999999999979885e+01	1.342636252043903005e+04
1.152999999999979863e+01	1.255483235928857539e+04
1.153999999999979842e+01	1.322940876703191316e+04
1.154999999999979821e+01	1.341275517718363517e+04
1.155999999999979799e+01	1.305797581508314397e+04
1.156999999999979778e+01	1.326460221389835533e+04
1.157999999999979757e+01	1.368546929159491083e+04
1.158999999999979735e+01	1.290025422867358793e+04
1.159999999999979714e+01	1.306726416825909473e+04
1.160999999999979693e+01	1.303077831875712945e+04
1.161999999999979671e+01	1.348983685607739790e+04
1.162999999999979650e+01	1.351571754522614901e+04
1.163999999999979629e+01	1.362029892018558712e+04
1.164999999999979607e+01	1.394560742987656340e+04
1.165999999999979586e+01	1.382659402577102810e+04
1.166999999999979565e+01	1.401189783327223086e+04
1.167999999999979543e+01	1.443907538191794265e+04
1.168999999999979522e+01	1.331116210728872102e+04
1.169999999999979501e+01	1.482731551286324975e+04
1.170999999999979480e+01	1.438714751534283459e+04
1.171999999999979458e+01	1.508104016577091716e+04
1.172999999999979437e+01	1.497415325833392671e+04
1.173999999999979416e+01	1.363335476292716703e+04
1.174999999999979394e+01	1.369806466702479884e+04
1.175999999999979373e+01	1.325709989942404718e+04
1.176999999999979352e+01	1.339528352797278785e+04
1.177999999999979330e+01	1.328233453885856761e+04
1.178999999999979309e+01	1.353861626105795767e+04
1.179999999999979288e+01	1.366651358333199460e+04
1.180999999999979266e+01	1.312440289494042736e+04
1.181999999999979245e+01	1.329494835019247148e+04
1.182999999999979224e+01	1.387584176308417955e+04
1.183999999999979202e+01	1.254269681152422345e+04
1.184999999999979181e+01	1.317649934116952136e+04
1.185999999999979160e+01	1.299214120772670140e+04
1.186999999999979138e+01	1.299113959624189738e+04
1.187999999999979117e+01	1.316902185958377595e+04
1.188999999999979096e+01	1.353123153714387081e+04
1.189999999999979075e+01	1.373490826050798569e+04
1.190999999999979053e+01	1.278036007447672637e+04
1.191999999999979032e+01	1.395228285783998581e+04
1.192999999999979011e+01	1.373638127176405760e+04
1.193999999999978989e+01	1.428948258386300222e+04
1.194999999999978968e+01	1.394396414265999738e+04
1.195999999999978947e+01	1.461834733871629214e+04
1.196999999999978925e+01	1.313713722073543431e+04
1.197999999999978904e+01	1.399541974537331953e+04
1.198999999999978883e+01	1.479299996297881080e+04
1.199999999999978861e+01	1.348444456776263905e+04
1.200999999999978840e+01	1.353650911091836679e+04
1.201999999999978819e+01	1.280970417024553899e+04
1.202999999999978797e+01	1.400170503700423797e+04
1.203999999999978776e+01	1.350701599957903818e+04
1.204999999999978755e+01	1.287738513809236065e+04
1.205999999999978733e+01	1.247763223033794566e+04
1.206999999999978712e+01	1.334768866521928612e+04
1.207999999999978691e+01	1.364893717665449003e+04
1.208999999999978670e+01	1.283823978892071682e+04
1.209999999999978648e+01	1.323418072749501152e+04
1.210999999999978627e+01	1.298630502638069993e+04
1.211999999999978606e+01	1.299188735079133039e+04
1.212999999999978584e+01	1.385075070799616697e+04
1.213999999999978563e+01	1.321371639934881205e+04
1.214999999999978542e+01	1.370746076351326155e+04
1.215999999999978520e+01	1.369905293880400495e+04
1.216999999999978499e+01	1.370831727153140127e+04
1.217999999999978478e+01	1.492844634002615203e+04
1.218999999999978456e+01	1.297103729926211599e+04
1.219999999999978435e+01	1.358922463196833269e+04
1.220999999999978414e+01	1.382768821355326327e+04
1.221999999999978392e+01	1.340273616801154822e+04
1.222999999999978371e+01	1.367369811214752190e+04
1.223999999999978350e+01	1.285438861046442435e+04
1.224999999999978328e+01	1.349256596691596860e+04
1.225999999999978307e+01	1.331652177820659381e+04
1.226999999999978286e+01	1.394203104493789760e+04
1.227999999999978264e+01	1.281415455605176430e+04
1.228999999999978243e+01	1.293579105685442300e+04
1.229999999999978222e+01	1.263691469325798607e+04
1.230999999999978201e+01	1.272073630827361012e+04
1.231999999999978179e+01	1.304896829482693647e+04
1.232999999999978158e+01	1.292488599985477413e+04
1.233999999999978137e+01	1.245647972998404293e+04
1.234999999999978115e+01	1.253808701222490345e+04
1.235999999999978094e+01	1.296965790540773196e+04
1.236999999999978073e+01	1.310775147017688869e+04
1.237999999999978051e+01	1.380451865618141892e+04
1.238999999999978030e+01	1.258666741803351761e+04
1.239999999999978009e+01	1.361962418621882534e+04
1.240999999999977987e+01	1.307066706331725254e+04
1.241999999999977966e+01	1.279300224212335524e+04
1.242999999999977945e+01	1.393105845646504713e+04
1.243999999999977923e+01	1.349529425493592498e+04
1.244999999999977902e+01	1.281652772913153785e+04
1.245999999999977881e+01	1.316977664253735566e+04
1.246999999999977859e+01	1.358244772176576225e+04
1.247999999999977838e+01	1.382819823682166680e+04
1.248999999999977817e+01	1.363184548941312278e+04
1.249999999999977796e+01	1.270800903277640100e+04
1.250999999999977774e+01	1.206563033535741852e+04
1.251999999999977753e+01	1.230952328181768462e+04
1.252999999999977732e+01	1.350938449150710221e+04
1.253999999999977710e+01	1.304072184615129663e+04
1.254999999999977689e+01	1.360076945327015164e+04
1.255999999999977668e+01	1.320862977674671856e+04
1.256999999999977646e+01	1.331848665815260574e+04
1.257999999999977625e+01	1.310024104690050262e+04
1.258999999999977604e+01	1.380344020924362849e+04
1.259999999999977582e+01	1.365532902615107560e+04
1.260999999999977561e+01	1.374133102852771481e+04
1.261999999999977540e+01	1.308497056417253407e+04
1.262999999999977518e+01	1.350447652350570206e+04
1.263999999999977497e+01	1.399507169955035897e+04
1.264999999999977476e+01	1.363236542423258652e+04
1.265999999999977454e+01	1.440267343989515939e+04
1.266999999999977433e+01	1.520189043886106629e+04
1.267999999999977412e+01	1.382270010625227769e+04
1.268999999999977391e+01	1.424948272218167949e+04
1.269999999999977369e+01	1.446539810203313391e+04
1.270999999999977348e+01	1.354457843690627487e+04
1.271999999999977327e+01	1.357643755589851935e+04
1.272999999999977305e+01	1.281620990372776214e+04
1.273999999999977284e+01	1.318480366979434621e+04
1.274999999999977263e+01	1.357942978656704327e+04
1.275999999999977241e+01	1.394206586072214486e+04
1.276999999999977220e+01	1.335142654109944306e+04
1.277999999999977199e+01	1.253632522992795384e+04
1.278999999999977177e+01	1.306027227725672310e+04
1.279999999999977156e+01	1.233717447701025958e+04
1.280999999999977135e+01	1.343399340681483045e+04
1.281999999999977113e+01	1.332001276251997660e+04
1.282999999999977092e+01	1.260181266415702885e+04
1.283999999999977071e+01	1.334759790401296777e+04
1.284999999999977049e+01	1.287376952406157761e+04
1.285999999999977028e+01	1.326785993977477301e+04
1.286999999999977007e+01	1.361082086753202384e+04
1.287999999999976986e+01	1.336409861792455922e+04
1.288999999999976964e+01	1.411338173741098035e+04
1.289999999999976943e+01	1.428938802776552984e+04
1.290999999999976922e+01	1.433932598481077184e+04
1.291999999999976900e+01	1.409903820296090089e+04
1.292999999999976879e+01	1.424762866870334256e+04
1.293999999999976858e+01	1.381327508141872022e+04
1.294999999999976836e+01	1.340584721726986027e+04
1.295999999999976815e+01	1.341329616323818846e+04
1.296999999999976794e+01	1.291180166188012117e+04
1.297999999999976772e+01	1.224724380988426128e+04
1.298999999999976751e+01	1.270733094823437568e+04
1.299999999999976730e+01	1.324720866241376825e+04
1.300999999999976708e+01	1.308487028909012224e+04
1.301999999999976687e+01	1.232628759255405384e+04
1.302999999999976666e+01	1.224029676377954456e+04
1.303999999999976644e+01	1.309604522782779532e+04
1.304999999999976623e+01	1.240326258844382392e+04
1.305999999999976602e+01	1.263638534064826672e+04
1.306999999999976581e+01	1.291277402405606335e+04
1.307999999999976559e+01	1.250643662012487403e+04
1.308999999999976538e+01	1.196860497688208488e+04
1.309999999999976517e+01	1.262657893963281822e+04
1.310999999999976495e+01	1.383005561020254027e+04
1.311999999999976474e+01	1.310337277717356119e+04
1.312999999999976453e+01	1.347387726554365327e+04
1.313999999999976431e+01	1.390580650985738066e+04
1.314999999999976410e+01	1.393617550489446330e+04
1.315999999999976389e+01	1.298078465071462779e+04
1.316999999999976367e+01	1.361898175941528461e+04
1.317999999999976346e+01	1.308493475818372099e+04
1.318999999999976325e+01	1.344665368005572236e+04
1.319999999999976303e+01	1.348442707679865634e+04
1.320999999999976282e+01	1.368599525745969004e+04
1.321999999999976261e+01	1.480042919606505893e+04
1.322999999999976239e+01	1.380901140746429519e+04
1.323999999999976218e+01	1.450828697667122105e+04
1.324999999999976197e+01	1.479949060877207012e+04
1.325999999999976176e+01	1.252413244970306732e+04
1.326999999999976154e+01	1.287757996929535511e+04
1.327999999999976133e+01	1.315550497542891389e+04
1.328999999999976112e+01	1.292664618386557959e+04
1.329999999999976090e+01	1.320032052114894032e+04
1.330999999999976069e+01	1.328158751431284327e+04
1.331999999999976048e+01	1.263338291831141214e+04
1.332999999999976026e+01	1.210475335137359798e+04
1.333999999999976005e+01	1.350206109451276461e+04
1.334999999999975984e+01	1.322753833072814632e+04
1.335999999999975962e+01	1.261632548408743969e+04
1.336999999999975941e+01	1.266519591745947218e+04
1.337999999999975920e+01	1.335805201631977070e+04
1.338999999999975898e+01	1.373126321360067413e+04
1.339999999999975877e+01	1.417892338515310257e+04
1.340999999999975856e+01	1.363792791663968092e+04
1.341999999999975834e+01	1.297608866820450930e+04
1.342999999999975813e+01	1.361360753915528039e+04
1.343999999999975792e+01	1.413233900732190705e+04
1.344999999999975770e+01	1.372422520063639968e+04
1.345999999999975749e+01	1.309249080821485040e+04
1.346999999999975728e+01	1.305122849590985425e+04
1.347999999999975707e+01	1.236124608512207124e+04
1.348999999999975685e+01	1.204812163620232786e+04
1.349999999999975664e+01	1.280487012963821144e+04
1.350999999999975643e+01	1.220232687656758208e+04
1.351999999999975621e+01	1.303685819070625803e+04
1.352999999999975600e+01	1.251423642818988810e+04
1.353999999999975579e+01	1.160441999353758001e+04
1.354999999999975557e+01	1.176525104660580109e+04
1.355999999999975536e+01	1.183332623371380214e+04
1.356999999999975515e+01	1.236686728134520126e+04
1.357999999999975493e+01	1.306000976173864183e+04
1.358999999999975472e+01	1.143433852336259588e+04
1.359999999999975451e+01	1.220504708570795628e+04
1.360999999999975429e+01	1.135048710415435926e+04
1.361999999999975408e+01	1.256545473986033721e+04
1.362999999999975387e+01	1.198577974286470635e+04
1.363999999999975365e+01	1.223212401554892676e+04
1.364999999999975344e+01	1.259675814914212424e+04
1.365999999999975323e+01	1.151758618615141313e+04
1.366999999999975302e+01	1.252366772332431719e+04
1.367999999999975280e+01	1.236509414856413423e+04
1.368999999999975259e+01	1.232745139409137482e+04
1.369999999999975238e+01	1.162008363295512027e+04
1.370999999999975216e+01	1.162808322468052756e+04
1.371999999999975195e+01	1.244657272975079832e+04
1.372999999999975174e+01	1.207033218372085685e+04
1.373999999999975152e+01	1.167943886258439488e+04
1.374999999999975131e+01	1.101706004666250556e+04
1.375999999999975110e+01	1.152663650616373707e+04
1.376999999999975088e+01	1.128161821987388248e+04
1.377999999999975067e+01	1.044302640669014363e+04
1.378999999999975046e+01	1.071948829651359119e+04
1.379999999999975024e+01	9.833917570102401442e+03
1.380999999999975003e+01	1.045510271340662439e+04
1.381999999999974982e+01	1.128477793057992312e+04
1.382999999999974960e+01	9.328004644014945370e+03
1.383999999999974939e+01	9.936844414555118419e+03
1.384999999999974918e+01	9.281242728286784768e+03
1.385999999999974897e+01	1.048416709243809055e+04
1.386999999999974875e+01	1.033103244984977573e+04
1.387999999999974854e+01	1.026857847235093504e+04
1.388999999999974833e+01	1.105374836646155200e+04
1.389999999999974811e+01	9.843069857626460362e+03
1.390999999999974790e+01	9.300916260378182415e+03
1.391999999999974769e+01	9.378939212859369945e+03
1.392999999999974747e+01	1.033980385081052009e+04
1.393999999999974726e+01	9.178332167690679853e+03
1.394999999999974705e+01	1.075386186420392005e+04
1.395999999999974683e+01	9.766399427771657429e+03
1.396999999999974662e+01	1.084025509630412853e+04
1.397999999999974641e+01	1.021771753583690588e+04
1.398999999999974619e+01	9.771089237382413557e+03
1.399999999999974598e+01	9.654533120467085610e+03
1.400999999999974577e+01	1.004424888723087497e+04
1.401999999999974555e+01	1.047525836759068989e+04
1.402999999999974534e+01	1.028150009308750305e+04
1.403999999999974513e+01	1.102879555786999845e+04
1.404999999999974492e+01	9.411874444562936333e+03
1.405999999999974470e+01	1.041410742845585264e+04
1.406999999999974449e+01	1.049016998691198387e+04
1.407999999999974428e+01	1.031411330929594260e+04
1.408999999999974406e+01	9.744537130460823391e+03
1.409999999999974385e+01	1.042261801091813322e+04
1.410999999999974364e+01	1.038457827756022198e+04
1.411999999999974342e+01	1.052671461032204024e+04
1.412999999999974321e+01	1.013667951821416500e+04
1.413999999999974300e+01	1.048786523448373555e+04
1.414999999999974278e+01	1.033767699910411284e+04
1.415999999999974257e+01	1.048836515555573351e+04
1.416999999999974236e+01	9.502064967365677148e+03
1.417999999999974214e+01	1.039535789033949004e+04
1.418999999999974193e+01	1.018299890335582677e+04
1.419999999999974172e+01	1.026751340774752134e+04
1.420999999999974150e+01	1.026428636457731773e+04
1.421999999999974129e+01	9.684728807458915981e+03
1.422999999999974108e+01	8.971629221985558615e+03
1.423999999999974087e+01	9.449500166302514117e+03
1.424999999999974065e+01	1.014971184219660972e+04
1.425999999999974044e+01	9.149506034026553607e+03
1.426999999999974023e+01	9.263905185777393854e+03
1.427999999999974001e+01	9.268654058797272228e+03
1.428999999999973980e+01	9.187059579586049949e+03
1.429999999999973959e+01	1.002121431108811521e+04
1.430999999999973937e+01	1.066205677010301952e+04
1.431999999999973916e+01	9.459262919603583214e+03
1.432999999999973895e+01	9.124346252851664758e+03
1.433999999999973873e+01	1.032363576692688548e+04
1.434999999999973852e+01	1.026892030174205502e+04
1.435999999999973831e+01	9.229459938869578764e+03
1.436999999999973809e+01	9.570989940920017034e+03
1.437999999999973788e+01	1.069547634454922081e+04
1.438999999999973767e+01	1.079599147078492024e+04
1.439999999999973745e+01	1.077891627326388334e+04
1.440999999999973724e+01	1.082694950035341935e+04
1.441999999999973703e+01	1.066680534424665530e+04
1.442999999999973681e+01	1.084215185952754837e+04
1.443999999999973660e+01	1.108677237581623558e+04
1.444999999999973639e+01	1.100260954420906273e+04
1.445999999999973618e+01	1.049407008991486873e+04
1.446999999999973596e+01	1.047207236891463617e+04
1.447999999999973575e+01	1.018527632033206464e+04
1.448999999999973554e+01	9.673721324909802206e+03
1.449999999999973532e+01	1.022926134878978337e+04
1.450999999999973511e+01	9.449648748576772050e+03
1.451999999999973490e+01	9.907004951558143148e+03
1.452999999999973468e+01	9.925662103160513652e+03
1.453999999999973447e+01	9.855777259914601018e+03
1.454999999999973426e+01	9.492838140941930760e+03
1.455999999999973404e+01	9.353095768478506216e+03
1.456999999999973383e+01	8.903008456569445116e+03
1.457999999999973362e+01	8.917688480758915830e+03
1.458999999999973340e+01	9.130340693509557241e+03
1.459999999999973319e+01	9.366473250325787376e+03
1.460999999999973298e+01	9.145717354202501156e+03
1.461999999999973276e+01	9.338549102489159850e+03
1.462999999999973255e+01	8.821048015200334703e+03
1.463999999999973234e+01	8.359914003042718832e+03
1.464999999999973213e+01	9.431362753475397767e+03
1.465999999999973191e+01	8.946873460352948314e+03
1.466999999999973170e+01	8.917533005481491273e+03
1.467999999999973149e+01	9.423470732641475479e+03
1.468999999999973127e+01	9.307237315767251857e+03
1.469999999999973106e+01	9.359051839078125340e+03
1.470999999999973085e+01	9.594895939746002114e+03
1.471999999999973063e+01	8.927565765467956226e+03
1.472999999999973042e+01	9.584500391990924982e+03
1.473999999999973021e+01	8.742324488941572781e+03
1.474999999999972999e+01	8.450749542457433563e+03
1.475999999999972978e+01	9.370126693476035143e+03
1.476999999999972957e+01	7.760375016434164536e+03
1.477999999999972935e+01	8.382018301984599020e+03
1.478999999999972914e+01	7.888541402884701711e+03
1.479999999999972893e+01	7.019917326113962190e+03
1.480999999999972871e+01	8.223556164682917370e+03
1.481999999999972850e+01	7.715204046133794691e+03
1.482999999999972829e+01	8.142357182054142868e+03
1.483999999999972808e+01	7.299522362420477293e+03
1.484999999999972786e+01	7.314805324287894109e+03
1.485999999999972765e+01	7.197620126672031802e+03
1.486999999999972744e+01	6.961658933750994038e+03
1.487999999999972722e+01	7.693274282839493935e+03
1.488999999999972701e+01	7.699554962982783763e+03
1.489999999999972680e+01	8.722982971753428501e+03
1.490999999999972658e+01	8.750227449584359420e+03
1.491999999999972637e+01	8.731248974879636080e+03
1.492999999999972616e+01	8.409968325154099148e+03
1.493999999999972594e+01	8.403811383382875647e+03
1.494999999999972573e+01	8.204382530928780398e+03
1.495999999999972552e+01	7.597316729028854752e+03
1.496999999999972530e+01	8.182659152972283664e+03
1.497999999999972509e+01	7.388081783096937215e+03
1.498999999999972488e+01	7.346257936498774143e+03
1.499999999999972466e+01	7.590363660951989004e+03
1.500999999999972445e+01	7.267687564332344664e+03
1.501999999999972424e+01	7.793148798866321158e+03
1.502999999999972403e+01	7.599402392165745368e+03
1.503999999999972381e+01	8.351975482154721249e+03
1.504999999999972360e+01	8.007532469728228534e+03
1.505999999999972339e+01	7.851163946950307945e+03
1.506999999999972317e+01	8.434541131680376566e+03
1.507999999999972296e+01	8.125262245138126673e+03
1.508999999999972275e+01	6.524000710163978511e+03
1.509999999999972253e+01	7.581671374726314752e+03
1.510999999999972232e+01	7.723563202259908394e+03
1.511999999999972211e+01	6.985269605814652095e+03
1.512999999999972189e+01	7.252877078651567899e+03
1.513999999999972168e+01	7.216323923415179706e+03
1.514999999999972147e+01	7.702741045127154393e+03
1.515999999999972125e+01	8.869838343805167824e+03
1.516999999999972104e+01	8.288974331364455793e+03
1.517999999999972083e+01	7.741337350426045305e+03
1.518999999999972061e+01	7.599136735134408809e+03
1.519999999999972040e+01	7.879082086939091823e+03
1.520999999999972019e+01	8.117737103768045927e+03
1.521999999999971998e+01	8.242938628769736169e+03
1.522999999999971976e+01	7.154530911391057089e+03
1.523999999999971955e+01	7.790622674211975209e+03
1.524999999999971934e+01	5.902274699513138330e+03
1.525999999999971912e+01	5.998029013103241596e+03
1.526999999999971891e+01	6.249434504669532544e+03
1.527999999999971870e+01	6.222076167295608684e+03
1.528999999999971848e+01	5.677694927686771734e+03
1.529999999999971827e+01	6.461657648232610882e+03
1.530999999999971806e+01	6.347178550406006252e+03
1.531999999999971784e+01	4.829638015157355767e+03
1.532999999999971763e+01	6.026728529047835764e+03
1.533999999999971742e+01	5.389233876695259823e+03
1.534999999999971720e+01	5.884882209970131953e+03
1.535999999999971699e+01	5.601746246885340952e+03
1.536999999999971678e+01	6.110571712368035151e+03
1.537999999999971656e+01	5.865790676097632968e+03
1.538999999999971635e+01	6.461506086970070101e+03
1.539999999999971614e+01	6.340384754674278156e+03
1.540999999999971593e+01	6.739471594984259355e+03
1.541999999999971571e+01	6.476127929638991191e+03
1.542999999999971550e+01	6.814123751140490640e+03
1.543999999999971529e+01	6.354266996621270664e+03
1.544999999999971507e+01	6.351948150811353116e+03
1.545999999999971486e+01	6.797250750622244595e+03
1.546999999999971465e+01	5.879580849736154050e+03
1.547999999999971443e+01	5.973635947509169455e+03
1.548999999999971422e+01	6.235167831141951865e+03
1.549999999999971401e+01	5.896289134847918831e+03
1.550999999999971379e+01	5.082582706166378557e+03
1.551999999999971358e+01	6.170935034580810679e+03
1.552999999999971337e+01	5.724995271754265559e+03
1.553999999999971315e+01	5.855253547286552930e+03
1.554999999999971294e+01	5.939632286663349078e+03
1.555999999999971273e+01	4.977624741026688753e+03
1.556999999999971251e+01	5.666609874860144373e+03
1.557999999999971230e+01	5.067912514506791922e+03
1.558999999999971209e+01	5.509411429892961678e+03
1.559999999999971187e+01	6.219766003517952413e+03
1.560999999999971166e+01	5.500238338982055211e+03
1.561999999999971145e+01	6.336917023752168461e+03
1.562999999999971124e+01	5.368461602430702442e+03
1.563999999999971102e+01	5.447560313807687635e+03
1.564999999999971081e+01	6.332932788492937107e+03
1.565999999999971060e+01	7.205075362240753748e+03
1.566999999999971038e+01	5.873498830570262726e+03
1.567999999999971017e+01	7.002436615199892913e+03
1.568999999999970996e+01	5.713460452717707085e+03
1.569999999999970974e+01	6.686418226924595729e+03
1.570999999999970953e+01	6.357274934228365964e+03
1.571999999999970932e+01	5.489755654096014041e+03
1.572999999999970910e+01	6.156377939044737104e+03
1.573999999999970889e+01	5.520308532922452287e+03
1.574999999999970868e+01	5.832577371808869430e+03
1.575999999999970846e+01	4.881524701081943931e+03
1.576999999999970825e+01	5.199983030047596003e+03
1.577999999999970804e+01	4.612985244216517458e+03
1.578999999999970782e+01	4.732702417148349014e+03
1.579999999999970761e+01	5.429818920481675377e+03
1.580999999999970740e+01	5.473026103622592927e+03
1.581999999999970719e+01	5.994051495391713615e+03
1.582999999999970697e+01	5.370210008895130159e+03
1.583999999999970676e+01	5.488075854763374082e+03
1.584999999999970655e+01	5.242469638861814929e+03
1.585999999999970633e+01	6.006947027446598440e+03
1.586999999999970612e+01	6.247351114852093815e+03
1.587999999999970591e+01	6.084676191972650486e+03
1.588999999999970569e+01	5.901777785523279817e+03
1.589999999999970548e+01	4.787894882020554178e+03
1.590999999999970527e+01	5.450172760322810973e+03
1.591999999999970505e+01	5.990940948521119935e+03
1.592999999999970484e+01	6.353390988507289876e+03
1.593999999999970463e+01	6.254261361810111339e+03
1.594999999999970441e+01	6.037834926498061577e+03
1.595999999999970420e+01	5.700021134619414624e+03
1.596999999999970399e+01	4.958344401385762467e+03
1.597999999999970377e+01	5.109404485885916984e+03
1.598999999999970356e+01	5.027883087605242508e+03
1.599999999999970335e+01	4.338386702036719726e+03
1.600999999999970314e+01	4.838294973580393162e+03
1.601999999999970470e+01	4.729506767593034965e+03
1.602999999999970626e+01	4.876932260810155640e+03
1.603999999999970782e+01	3.531940580081923144e+03
1.604999999999970939e+01	4.530899969090498416e+03
1.605999999999971095e+01	4.358918864718141776e+03
1.606999999999971251e+01	4.578527455080762593e+03
1.607999999999971408e+01	4.491933910994077451e+03
1.608999999999971564e+01	4.475240795962436096e+03
1.609999999999971720e+01	4.742907142298825420e+03
1.610999999999971877e+01	5.090970445895278317e+03
1.611999999999972033e+01	4.713878763015291042e+03
1.612999999999972189e+01	4.855383198310179068e+03
1.613999999999972346e+01	5.261323053294755482e+03
1.614999999999972502e+01	4.858879354546876129e+03
1.615999999999972658e+01	5.525225021652135183e+03
1.616999999999972815e+01	5.849880476097318024e+03
1.617999999999972971e+01	5.856429514182950697e+03
1.618999999999973127e+01	5.929020407141911164e+03
1.619999999999973284e+01	6.004686977719691640e+03
1.620999999999973440e+01	5.454066639413438679e+03
1.621999999999973596e+01	5.481553366983205706e+03
1.622999999999973753e+01	5.519564946975766361e+03
1.623999999999973909e+01	5.266383969957985755e+03
1.624999999999974065e+01	5.446640716585695372e+03
1.625999999999974222e+01	4.508125116217964205e+03
1.626999999999974378e+01	4.882201393927027311e+03
1.627999999999974534e+01	5.497157952824339191e+03
1.628999999999974690e+01	5.500209651332423164e+03
1.629999999999974847e+01	4.237877234006346953e+03
1.630999999999975003e+01	5.329766840990818309e+03
1.631999999999975159e+01	4.591757857858513489e+03
1.632999999999975316e+01	5.137696078908212257e+03
1.633999999999975472e+01	4.324319889279546260e+03
1.634999999999975628e+01	4.710955979848022253e+03
1.635999999999975785e+01	4.851839819108568918e+03
1.636999999999975941e+01	4.894168868109865798e+03
1.637999999999976097e+01	4.653074219233868462e+03
1.638999999999976254e+01	5.606075281693056240e+03
1.639999999999976410e+01	5.132732056500035469e+03
1.640999999999976566e+01	4.950381832504725026e+03
1.641999999999976723e+01	4.629876564153490108e+03
1.642999999999976879e+01	5.770960722269186590e+03
1.643999999999977035e+01	5.904347316021425286e+03
1.644999999999977192e+01	6.145538809421903352e+03
1.645999999999977348e+01	5.252813241548392398e+03
1.646999999999977504e+01	4.777167112442863072e+03
1.647999999999977661e+01	6.007998396457105628e+03
1.648999999999977817e+01	5.108859598762047426e+03
1.649999999999977973e+01	5.252952275492726585e+03
1.650999999999978129e+01	5.419446244579521590e+03
1.651999999999978286e+01	5.131628298699210063e+03
1.652999999999978442e+01	5.037533700087661600e+03
1.653999999999978598e+01	4.533367763991695938e+03
1.654999999999978755e+01	4.053457182307850417e+03
1.655999999999978911e+01	4.530302875744438097e+03
1.656999999999979067e+01	4.690280879359916980e+03
1.657999999999979224e+01	5.830336612702201819e+03
1.658999999999979380e+01	4.910387691844709479e+03
1.659999999999979536e+01	5.228243234880499585e+03
1.660999999999979693e+01	5.078996154950144046e+03
1.661999999999979849e+01	5.409959053806218435e+03
1.662999999999980005e+01	5.794595452313171336e+03
1.663999999999980162e+01	5.734956221887184256e+03
1.664999999999980318e+01	5.194820688396426704e+03
1.665999999999980474e+01	4.748488931500120088e+03
1.666999999999980631e+01	5.808955684899719927e+03
1.667999999999980787e+01	6.321009967099384085e+03
1.668999999999980943e+01	5.598740601419524864e+03
1.669999999999981100e+01	4.913058281365443690e+03
1.670999999999981256e+01	6.105746902021350252e+03
1.671999999999981412e+01	4.762767212283830304e+03
1.672999999999981569e+01	4.921030369507001524e+03
1.673999999999981725e+01	5.273705771514018124e+03
1.674999999999981881e+01	5.043240325860725534e+03
1.675999999999982037e+01	3.856596966975625037e+03
1.676999999999982194e+01	4.443408316053261842e+03
1.677999999999982350e+01	4.282819662772667471e+03
1.678999999999982506e+01	4.352811669591901591e+03
1.679999999999982663e+01	4.730442087491327584e+03
1.680999999999982819e+01	4.311601324494622531e+03
1.681999999999982975e+01	5.432805631624682064e+03
1.682999999999983132e+01	4.974440297663397359e+03
1.683999999999983288e+01	4.760455480393302423e+03
1.684999999999983444e+01	4.939145992960004151e+03
1.685999999999983601e+01	4.949296042130821661e+03
1.686999999999983757e+01	5.516710024505537149e+03
1.687999999999983913e+01	6.066936382944029901e+03
1.688999999999984070e+01	5.904413604487445809e+03
1.689999999999984226e+01	5.974509090728393858e+03
1.690999999999984382e+01	5.937459610442095254e+03
1.691999999999984539e+01	6.663290697396249016e+03
1.692999999999984695e+01	6.929741380691346421e+03
1.693999999999984851e+01	7.400340023590886631e+03
1.694999999999985008e+01	6.771678461896679437e+03
1.695999999999985164e+01	6.792588713836249553e+03
1.696999999999985320e+01	5.875945600926532279e+03
1.697999999999985477e+01	5.906897631449029177e+03
1.698999999999985633e+01	6.719378795231617914e+03
1.699999999999985789e+01	6.419122845042253175e+03
1.700999999999985945e+01	4.400575066367400723e+03
1.701999999999986102e+01	5.016733404905789939e+03
1.702999999999986258e+01	5.224990692595043583e+03
1.703999999999986414e+01	5.629089186211669585e+03
1.704999999999986571e+01	4.756419215291252840e+03
1.705999999999986727e+01	5.883812022529198657e+03
1.706999999999986883e+01	5.496111086895567496e+03
1.707999999999987040e+01	5.563204151913214446e+03
1.708999999999987196e+01	5.905358607636464512e+03
1.709999999999987352e+01	5.061871675396960200e+03
1.710999999999987509e+01	5.506812939265816567e+03
1.711999999999987665e+01	5.377460914643701472e+03
1.712999999999987821e+01	5.350370524744927025e+03
1.713999999999987978e+01	5.629318267913244199e+03
1.714999999999988134e+01	6.050969056338210066e+03
1.715999999999988290e+01	5.143862848196669802e+03
1.716999999999988447e+01	6.107943466124259430e+03
1.717999999999988603e+01	6.360577722331217956e+03
1.718999999999988759e+01	5.605909022870050649e+03
1.719999999999988916e+01	5.303584762206491177e+03
1.720999999999989072e+01	4.958007780630756315e+03
1.721999999999989228e+01	5.746524297889600348e+03
1.722999999999989384e+01	5.307122779732420895e+03
1.723999999999989541e+01	5.698012459355588362e+03
1.724999999999989697e+01	5.307813322150746899e+03
1.725999999999989853e+01	4.947715555832824975e+03
1.726999999999990010e+01	3.982651712471069004e+03
1.727999999999990166e+01	4.808926170881978578e+03
1.728999999999990322e+01	4.900976215081844202e+03
1.729999999999990479e+01	4.438408006131357979e+03
1.730999999999990635e+01	4.557421486443067806e+03
1.731999999999990791e+01	4.798399540280855945e+03
1.732999999999990948e+01	4.723507444402632245e+03
1.733999999999991104e+01	4.869098924916654141e+03
1.734999999999991260e+01	3.404057429404559116e+03
1.735999999999991417e+01	4.450852113691387785e+03
1.736999999999991573e+01	4.544329673233778522e+03
1.737999999999991729e+01	4.049753235880973989e+03
1.738999999999991886e+01	4.765637136800172811e+03
1.739999999999992042e+01	5.242499044293352199e+03
1.740999999999992198e+01	5.221427087430780375e+03
1.741999999999992355e+01	4.788771272464126014e+03
1.742999999999992511e+01	4.778763838111830410e+03
1.743999999999992667e+01	4.619526040989667308e+03
1.744999999999992824e+01	4.734029865315937059e+03
1.745999999999992980e+01	5.421552958110589316e+03
1.746999999999993136e+01	5.649413557705933272e+03
1.747999999999993292e+01	5.787907115571291797e+03
1.748999999999993449e+01	5.874738740273135591e+03
1.749999999999993605e+01	5.531732977789675715e+03
1.750999999999993761e+01	5.025175308316710471e+03
1.751999999999993918e+01	4.534740116878306253e+03
1.752999999999994074e+01	4.423135199778339484e+03
1.753999999999994230e+01	3.631530799374137132e+03
1.754999999999994387e+01	4.181993193755484754e+03
1.755999999999994543e+01	4.133036524997276501e+03
1.756999999999994699e+01	4.593713769241718182e+03
1.757999999999994856e+01	5.067013789596871902e+03
1.758999999999995012e+01	4.409570573645854893e+03
1.759999999999995168e+01	4.559435081139963586e+03
1.760999999999995325e+01	4.235001461698344428e+03
1.761999999999995481e+01	4.340043458851909236e+03
1.762999999999995637e+01	4.595599368748045890e+03
1.763999999999995794e+01	5.276060311766586892e+03
1.764999999999995950e+01	5.160354575380964889e+03
1.765999999999996106e+01	4.968535714784480660e+03
1.766999999999996263e+01	5.303605355340530878e+03
1.767999999999996419e+01	4.675635757061290860e+03
1.768999999999996575e+01	5.718477557900428110e+03
1.769999999999996732e+01	5.333995250435549679e+03
1.770999999999996888e+01	5.077075299180150978e+03
1.771999999999997044e+01	5.273754691644504419e+03
1.772999999999997200e+01	3.995982002938599180e+03
1.773999999999997357e+01	4.676673444513087816e+03
1.774999999999997513e+01	3.871140433244206633e+03
1.775999999999997669e+01	4.114984763963330806e+03
1.776999999999997826e+01	4.044463968147870219e+03
1.777999999999997982e+01	3.989778044563598542e+03
1.778999999999998138e+01	4.390325076519866343e+03
1.779999999999998295e+01	3.633906386286872475e+03
1.780999999999998451e+01	4.787972307824500604e+03
1.781999999999998607e+01	5.567526517657326622e+03
1.782999999999998764e+01	4.727936429923252945e+03
1.783999999999998920e+01	5.543515183443056230e+03
1.784999999999999076e+01	5.140620783586064135e+03
1.785999999999999233e+01	5.231014882323468555e+03
1.786999999999999389e+01	4.931513636710220453e+03
1.787999999999999545e+01	6.013596669766506238e+03
1.788999999999999702e+01	6.083181175349061959e+03
1.789999999999999858e+01	6.513397671074628306e+03
1.791000000000000014e+01	6.480922811106343033e+03
1.792000000000000171e+01	6.268225969598524898e+03
1.793000000000000327e+01	6.422516635530512758e+03
1.794000000000000483e+01	6.509386593069155424e+03
1.795000000000000639e+01	5.830135228269218715e+03
1.796000000000000796e+01	6.232141503520143488e+03
1.797000000000000952e+01	7.429696961277539231e+03
1.798000000000001108e+01	6.042728387909459343e+03
1.799000000000001265e+01	5.665952576155479619e+03
1.800000000000001421e+01	6.122914049413052453e+03
1.801000000000001577e+01	6.251514671762174657e+03
1.802000000000001734e+01	5.764328145966344891e+03
1.803000000000001890e+01	6.332318716748608495e+03
1.804000000000002046e+01	6.251703706459813475e+03
1.805000000000002203e+01	5.749785898023072150e+03
1.806000000000002359e+01	5.496965682392001327e+03
1.807000000000002515e+01	6.413237751542119440e+03
1.808000000000002672e+01	5.858690667177643263e+03
1.809000000000002828e+01	6.437801658732008036e+03
1.810000000000002984e+01	5.169999389194825199e+03
1.811000000000003141e+01	5.831756808008280132e+03
1.812000000000003297e+01	5.456075566882730527e+03
1.813000000000003453e+01	4.962188227127397113e+03
1.814000000000003610e+01	5.049096300407089075e+03
1.815000000000003766e+01	6.191755202282732171e+03
1.816000000000003922e+01	5.783452062117579771e+03
1.817000000000004079e+01	5.702366007383786382e+03
1.818000000000004235e+01	5.927797146133524620e+03
1.819000000000004391e+01	6.154167085119995136e+03
1.820000000000004547e+01	5.446227187198111096e+03
1.821000000000004704e+01	5.571396803364097650e+03
1.822000000000004860e+01	6.613582221045398910e+03
1.823000000000005016e+01	5.542794677923972813e+03
1.824000000000005173e+01	5.243375563486558349e+03
1.825000000000005329e+01	5.044560261744041782e+03
1.826000000000005485e+01	4.782458717655563305e+03
1.827000000000005642e+01	5.280955267725476006e+03
1.828000000000005798e+01	4.855710441162298594e+03
1.829000000000005954e+01	4.071569871324431915e+03
1.830000000000006111e+01	4.844660336962567271e+03
1.831000000000006267e+01	4.064364262693498404e+03
1.832000000000006423e+01	4.519840668331917186e+03
1.833000000000006580e+01	4.764903002992023175e+03
1.834000000000006736e+01	4.803167453544634554e+03
1.835000000000006892e+01	6.139516897944542507e+03
1.836000000000007049e+01	6.269841586798554999e+03
1.837000000000007205e+01	5.529927323033034554e+03
1.838000000000007361e+01	6.060408217829964997e+03
1.839000000000007518e+01	5.835882918057985080e+03
1.840000000000007674e+01	5.822095126792943120e+03
1.841000000000007830e+01	5.687456777902754766e+03
1.842000000000007987e+01	6.229432741541768337e+03
1.843000000000008143e+01	5.992272226575677450e+03
1.844000000000008299e+01	6.078703097131144204e+03
1.845000000000008455e+01	6.440082511304775835e+03
1.846000000000008612e+01	5.473246792680984072e+03
1.847000000000008768e+01	6.263075392436314360e+03
1.848000000000008924e+01	6.992956638018333251e+03
1.849000000000009081e+01	5.978017253686725780e+03
1.850000000000009237e+01	5.995683271805120967e+03
1.851000000000009393e+01	5.358551199412991991e+03
1.852000000000009550e+01	5.647688382347737388e+03
1.853000000000009706e+01	5.385544409190581064e+03
1.854000000000009862e+01	5.606534417508881234e+03
1.855000000000010019e+01	5.414350490117868503e+03
1.856000000000010175e+01	6.594874270885788064e+03
1.857000000000010331e+01	5.045585442974717807e+03
1.858000000000010488e+01	5.427234801690296990e+03
1.859000000000010644e+01	4.967720682287997988e+03
1.860000000000010800e+01	5.740685660516222924e+03
1.861000000000010957e+01	5.582177399641714146e+03
1.862000000000011113e+01	5.908934611302875965e+03
1.863000000000011269e+01	6.509724255308690772e+03
1.864000000000011426e+01	5.796742999161392618e+03
1.865000000000011582e+01	7.014514327575322568e+03
1.866000000000011738e+01	6.495645207525680235e+03
1.867000000000011894e+01	6.643875163205733770e+03
1.868000000000012051e+01	6.564132226085386719e+03
1.869000000000012207e+01	6.743304447348872600e+03
1.870000000000012363e+01	6.063254316491789723e+03
1.871000000000012520e+01	5.966019180341352694e+03
1.872000000000012676e+01	6.146344590142849484e+03
1.873000000000012832e+01	5.603208306827462366e+03
1.874000000000012989e+01	5.817564774245728586e+03
1.875000000000013145e+01	4.505222030743520008e+03
1.876000000000013301e+01	4.414262900589000310e+03
1.877000000000013458e+01	5.993750559163152502e+03
1.878000000000013614e+01	4.560119670913808477e+03
1.879000000000013770e+01	4.688148266265659913e+03
1.880000000000013927e+01	4.698426014907885474e+03
1.881000000000014083e+01	4.457819050684962349e+03
1.882000000000014239e+01	5.125933110508357458e+03
1.883000000000014396e+01	4.889403956862531231e+03
1.884000000000014552e+01	5.013847077372241984e+03
1.885000000000014708e+01	4.927910552089462726e+03
1.886000000000014865e+01	4.817805260029781493e+03
1.887000000000015021e+01	5.936519675359391840e+03
1.888000000000015177e+01	5.599192223358084448e+03
1.889000000000015334e+01	5.994227078106674526e+03
1.890000000000015490e+01	5.574295973773494552e+03
1.891000000000015646e+01	6.531110290782864467e+03
1.892000000000015802e+01	6.250624636266715243e+03
1.893000000000015959e+01	6.904396272113221130e+03
1.894000000000016115e+01	6.330783815233407950e+03
1.895000000000016271e+01	6.915759953081947060e+03
1.896000000000016428e+01	6.374820303896339283e+03
1.897000000000016584e+01	6.159558846294034993e+03
1.898000000000016740e+01	5.222673807092887728e+03
1.899000000000016897e+01	5.613744803046092784e+03
1.900000000000017053e+01	5.623619696360417947e+03
1.901000000000017209e+01	6.544828683474141144e+03
1.902000000000017366e+01	5.572333409865775138e+03
1.903000000000017522e+01	6.029851878904319165e+03
1.904000000000017678e+01	5.693605188768935477e+03
1.905000000000017835e+01	6.155162666046935556e+03
1.906000000000017991e+01	4.767479661119303273e+03
1.907000000000018147e+01	4.917157545335026953e+03
1.908000000000018304e+01	4.687503338039916343e+03
1.909000000000018460e+01	4.848444328763140220e+03
1.910000000000018616e+01	5.190761756156213778e+03
1.911000000000018773e+01	4.997525457106250542e+03
1.912000000000018929e+01	4.220224270685194824e+03
1.913000000000019085e+01	5.048504695242116213e+03
1.914000000000019241e+01	5.654694166676197710e+03
1.915000000000019398e+01	5.432907714699836106e+03
1.916000000000019554e+01	5.861218034846544469e+03
1.917000000000019710e+01	5.861527210144183300e+03
1.918000000000019867e+01	6.016031379159161588e+03
1.919000000000020023e+01	5.578249467877125426e+03
1.920000000000020179e+01	6.204943318166197969e+03
1.921000000000020336e+01	5.833004151824807195e+03
1.922000000000020492e+01	5.625565160469129296e+03
1.923000000000020648e+01	5.939518561233573564e+03
1.924000000000020805e+01	5.082531013486621305e+03
1.925000000000020961e+01	5.355621144562859627e+03
1.926000000000021117e+01	5.570994421378261904e+03
1.927000000000021274e+01	5.007353002726102204e+03
1.928000000000021430e+01	4.766557345834894477e+03
1.929000000000021586e+01	4.328234486904861114e+03
1.930000000000021743e+01	4.360051190799757933e+03
1.931000000000021899e+01	5.173077875777342342e+03
1.932000000000022055e+01	5.135330480046125558e+03
1.933000000000022212e+01	4.645292185442043774e+03
1.934000000000022368e+01	4.916985858072835981e+03
1.935000000000022524e+01	5.112977350389506682e+03
1.936000000000022681e+01	5.264135040540291811e+03
1.937000000000022837e+01	5.820448904296075852e+03
1.938000000000022993e+01	4.730039261958723728e+03
1.939000000000023149e+01	5.576252729181724135e+03
1.940000000000023306e+01	4.833631031599355993e+03
1.941000000000023462e+01	5.551506615103920012e+03
1.942000000000023618e+01	4.703069696451242635e+03
1.943000000000023775e+01	3.551566764746695753e+03
1.944000000000023931e+01	3.766895702535312921e+03
1.945000000000024087e+01	4.788464745851129919e+03
1.946000000000024244e+01	5.176465202703506293e+03
1.947000000000024400e+01	5.254020912575542752e+03
1.948000000000024556e+01	4.810640129088651520e+03
1.949000000000024713e+01	4.785357778930208951e+03
1.950000000000024869e+01	4.989258238210013587e+03
1.951000000000025025e+01	4.959218113939366049e+03
1.952000000000025182e+01	4.684374036219704067e+03
1.953000000000025338e+01	4.327236876295437469e+03
1.954000000000025494e+01	4.847313067938936001e+03
1.955000000000025651e+01	4.735988219681737974e+03
1.956000000000025807e+01	4.857907751739889136e+03
1.957000000000025963e+01	5.126592161757248505e+03
1.958000000000026120e+01	4.714408444370925281e+03
1.959000000000026276e+01	4.974867647020980257e+03
1.960000000000026432e+01	4.405449138721798590e+03
1.961000000000026589e+01	5.125246139708646297e+03
1.962000000000026745e+01	5.826244682562088201e+03
1.963000000000026901e+01	5.454257211926576019e+03
1.964000000000027057e+01	5.025215315260364150e+03
1.965000000000027214e+01	5.690303773646912305e+03
1.966000000000027370e+01	5.407931117604856809e+03
1.967000000000027526e+01	5.992235125812676415e+03
1.968000000000027683e+01	5.292959993483836115e+03
1.969000000000027839e+01	5.904645545505004520e+03
1.970000000000027995e+01	6.227536758872995051e+03
1.971000000000028152e+01	6.115099359586216451e+03
1.972000000000028308e+01	5.177009202599952914e+03
1.973000000000028464e+01	6.027422369446368066e+03
1.974000000000028621e+01	5.722895973947044695e+03
1.975000000000028777e+01	4.926299200203096916e+03
1.976000000000028933e+01	5.167570023698636760e+03
1.977000000000029090e+01	3.994147611854930801e+03
1.978000000000029246e+01	4.267275340954260173e+03
1.979000000000029402e+01	4.633009532149985716e+03
1.980000000000029559e+01	4.513034625134514499e+03
1.981000000000029715e+01	4.401498860207029793e+03
1.982000000000029871e+01	4.122230357653523242e+03
1.983000000000030028e+01	4.390351917172431058e+03
1.984000000000030184e+01	4.134046236459746069e+03
1.985000000000030340e+01	4.549009811940179134e+03
1.986000000000030496e+01	5.073865124323518103e+03
1.987000000000030653e+01	5.583101804338970396e+03
1.988000000000030809e+01	5.441981313998903715e+03
1.989000000000030965e+01	5.464774173811038963e+03
1.990000000000031122e+01	5.988323270251550639e+03
1.991000000000031278e+01	5.271641130922072989e+03
1.992000000000031434e+01	6.039040584411102827e+03
1.993000000000031591e+01	4.590542365533592601e+03
1.994000000000031747e+01	5.544658470228150691e+03
1.995000000000031903e+01	5.739305811055468439e+03
1.996000000000032060e+01	5.364482784801350135e+03
1.997000000000032216e+01	5.342784481774740925e+03
1.998000000000032372e+01	5.521101735566224306e+03
1.999000000000032529e+01	5.521101735566224306e+03
