time_s	ee_error_m	orientation_error	base_x_m	base_y_m	base_z_m	roll_deg	pitch_deg	clearance_m	leg_action_delta_l2	arm_action_delta_l2	update_ms
0.01	0.299974521	0.0199900214	1.8864771e-05	-4.92253114e-06	0.542749171	-0.00161359471	-0.0216992001	0.306056645	0	0	23.283907
0.02	0.299295233	0.0200446643	9.52938076e-05	-2.95981213e-05	0.541272584	0.00553804064	-0.0528834665	0.305967865	0.0981559021	0.023836415	18.676869
0.03	0.297633299	0.020108435	0.000230381271	-4.16054241e-05	0.539217283	0.00444249108	-0.0765394239	0.306353617	0.103662653	0.0238329491	20.343906
0.04	0.294910736	0.0202379156	0.00045487875	1.01223579e-05	0.536706233	-0.0461361663	-0.12280524	0.307212268	0.100400088	0.0238088342	19.007819
0.05	0.291068294	0.0204488072	0.000733290174	0.000134439902	0.533965838	-0.130688424	-0.158675031	0.308632347	0.0711114626	0.0237713078	16.828377
0.06	0.286064148	0.0207054951	0.00102774907	0.000307803088	0.531036282	-0.224031644	-0.156772409	0.310777421	0.0639548901	0.0237031752	18.986676
0.07	0.279988244	0.0210171418	0.00132264523	0.000520482761	0.528129729	-0.314763622	-0.102751344	0.313531819	0.061449509	0.023574179	17.709777
0.08	0.272982378	0.0214176434	0.00162769029	0.000785066117	0.525513931	-0.408529279	0.0148411385	0.316683687	0.0903719144	0.0233668407	18.690258
0.09	0.265395732	0.0218937266	0.00200090767	0.00100587098	0.522864733	-0.420924238	0.083837372	0.320033031	0.0612659961	0.0230664675	17.839362
0.1	0.257408142	0.0224036124	0.00239825339	0.00133722391	0.520301656	-0.522315011	0.150737871	0.323592039	0.0507908429	0.0228279475	17.57069
0.11	0.249191704	0.0229831848	0.00285309791	0.001700249	0.518351046	-0.591324116	0.276621207	0.326682771	0.0664539777	0.0225941179	17.890959
0.12	0.240515419	0.0235168358	0.00335199209	0.00212899466	0.516818528	-0.688080248	0.542184158	0.330068518	0.0714434405	0.0222634802	17.973985
0.13	0.231733724	0.0241349145	0.00398227133	0.00256629727	0.515763127	-0.743315924	0.805522933	0.333209074	0.0610514171	0.0216521941	21.163442
0.14	0.222605466	0.0246629062	0.00474610768	0.00294276039	0.514814298	-0.704833118	1.14877817	0.336676092	0.0802289018	0.0210671673	19.819117
0.15	0.213418151	0.0252580046	0.00562735705	0.00333851709	0.514259465	-0.663371269	1.49970954	0.339945435	0.0496311508	0.0202901256	18.285727
0.16	0.204193106	0.0258784918	0.00663970783	0.0037213847	0.513936471	-0.589412516	1.86224037	0.343139036	0.0585399553	0.0195294623	16.382482
0.17	0.195075151	0.0265528706	0.00778759271	0.00407898057	0.513892634	-0.474797125	2.21196439	0.345971768	0.0649220817	0.018754354	18.562121
0.18	0.186186226	0.0272942567	0.00900409989	0.00438325105	0.51418202	-0.333213475	2.54599541	0.348278529	0.0931963146	0.0180295632	19.547409
0.19	0.177614107	0.0280855882	0.0102853022	0.00463395162	0.514765442	-0.182632873	2.85465392	0.350356166	0.0543347659	0.0173784985	21.428538
0.2	0.169417511	0.0288608209	0.0116343913	0.00480078435	0.515439027	-0.00222555593	3.11513091	0.352275121	0.0472323749	0.0168160898	17.34871
0.21	0.161748097	0.0295911853	0.0130387083	0.00497200964	0.516027927	0.0775525171	3.27895968	0.353993836	0.065587067	0.0163951245	18.790313
0.22	0.15431918	0.0301637292	0.0144981449	0.00514827436	0.51680215	0.140084912	3.51483565	0.355859011	0.0948337498	0.0162536333	18.452898
0.23	0.147289547	0.0307479332	0.0158778249	0.00526357672	0.518101492	0.196154306	3.75524383	0.357503142	0.0698548793	0.01577218	18.520991
0.24	0.140394579	0.0311811941	0.0172274016	0.0052728357	0.519447861	0.282911385	4.02756098	0.359373289	0.044394388	0.0153575976	16.618209
0.25	0.133957217	0.0316696549	0.018622845	0.00525092285	0.521090026	0.298426854	4.19511022	0.360775317	0.0776392981	0.0148323422	17.98832
0.26	0.127963412	0.0321740929	0.0199938681	0.00520595546	0.523054289	0.272757649	4.29695762	0.361740846	0.0736428443	0.0147534293	16.817222
0.27	0.122349788	0.0325719253	0.0213281516	0.00512297553	0.525032501	0.228676224	4.32778913	0.362694684	0.082797541	0.0149388661	17.959073
0.28	0.117072887	0.032841623	0.0226191986	0.00500145541	0.527160688	0.169932161	4.32674553	0.363666172	0.0711914231	0.0153713738	16.91595
0.29	0.112067154	0.0329600257	0.023898435	0.00484202875	0.529390562	0.114717698	4.29757189	0.364695929	0.0518676602	0.0158575384	17.306614
0.3	0.107313265	0.0329277376	0.0251996137	0.00465726792	0.531648037	0.0523490579	4.2196354	0.365762732	0.0481568452	0.0163598157	19.140514
0.31	0.102783656	0.0327458741	0.0264963837	0.00443734949	0.533932616	-0.00941086876	4.10357408	0.366906494	0.0361371782	0.0169765193	16.822093
0.32	0.0981821887	0.0322484898	0.0278649341	0.00428312287	0.535851074	-0.126378111	4.02091661	0.368528333	0.0241179544	0.0176609183	18.638777
0.33	0.0937932099	0.031678435	0.0291713372	0.00409445142	0.537800463	-0.231291838	3.88571845	0.370133691	0.0598849804	0.0179252916	16.466344
0.34	0.0896841736	0.0310651783	0.0304129025	0.0038683509	0.539685047	-0.33339985	3.69430932	0.371622775	0.0488496271	0.018486323	16.120891
0.35	0.0858780082	0.0304072906	0.0315830241	0.00360895085	0.541434595	-0.435425365	3.46421788	0.37286632	0.0319090806	0.019303622	15.759633
0.36	0.0823483282	0.0296756667	0.0327131618	0.00330169365	0.542876545	-0.518331807	3.20823344	0.374189173	0.076186492	0.0202212343	19.500173
0.37	0.0790402481	0.028893621	0.0337651766	0.00295172762	0.544031976	-0.60793179	2.94952767	0.375588516	0.0685232737	0.0210808453	16.912559
0.38	0.0758726744	0.028102541	0.0347161565	0.00256677549	0.54492569	-0.703562806	2.70214962	0.377039662	0.0551481743	0.0217923805	18.120923
0.39	0.0727240676	0.0273319059	0.0355876209	0.00215363079	0.545508285	-0.801230511	2.46980104	0.378521384	0.102743179	0.0223183992	17.501023
0.4	0.0694892048	0.0266356104	0.0364070657	0.00171142541	0.545793565	-0.888790312	2.24044854	0.379936506	0.0753762628	0.0226465129	18.707115
0.41	0.0660323839	0.0260434583	0.0371777361	0.0012435753	0.545787095	-0.965324157	2.01824544	0.380823593	0.0606109294	0.0228847793	17.862272
0.42	0.0622400159	0.0255929029	0.0379204607	0.00076230996	0.545527037	-1.03048259	1.79655162	0.381534793	0.0494204448	0.0230226296	18.055598
0.43	0.0580266392	0.0253128577	0.0386293024	0.000267523339	0.54506957	-1.0765237	1.57102188	0.382032208	0.0833562414	0.0231244488	15.738245
0.44	0.0533320371	0.0252034469	0.0393164433	-0.00023955584	0.544399883	-1.09752119	1.33662187	0.382300242	0.0857315225	0.0232451671	18.577409
0.45	0.0481163944	0.0252586166	0.0399735509	-0.000755220764	0.543538133	-1.10531618	1.09801094	0.38234297	0.0828415216	0.0234049508	19.651551
0.46	0.0423578563	0.025462899	0.040599305	-0.00126913828	0.542506362	-1.11154396	0.867744701	0.382192801	0.0935691082	0.0235742085	19.943146
0.47	0.036102897	0.02581608	0.0411779722	-0.0017933895	0.541362666	-1.10384911	0.639664054	0.381830266	0.115723256	0.0236562745	18.748329
0.48	0.0293997911	0.0262843335	0.0417038645	-0.00231487413	0.540100562	-1.10027775	0.433308677	0.381339073	0.109814453	0.0237555668	17.981719
0.49	0.0221786227	0.0268815423	0.0421166771	-0.00292619629	0.539246656	-0.950297647	0.395150967	0.380941853	0.0610430721	0.0237092688	19.73669
0.5	0.0149974381	0.0277673829	0.0423105966	-0.00359551585	0.538987279	-0.786557063	0.332106057	0.380123964	0.0403202424	0.0224057772	18.266416
0.51	0.00963994616	0.0289251297	0.0423405544	-0.00426224419	0.539461142	-0.670655027	0.323673154	0.3790836	0.0420523224	0.0221269223	17.586462
0.52	0.0111976753	0.0303310713	0.0423003388	-0.00487787229	0.540211722	-0.631658632	0.382144685	0.377970599	0.0519945151	0.00316397739	16.196547
0.53	0.0179388268	0.0321022002	0.042220739	-0.00550221701	0.541439819	-0.554736502	0.420436474	0.37638096	0.0343528046	0.00265364554	17.128147
0.54	0.0256219174	0.0341536834	0.042108929	-0.00614625024	0.542932147	-0.439964884	0.46266935	0.374462417	0.0518097609	0.00263534603	17.015632
0.55	0.0330497802	0.0363920739	0.0419935822	-0.0068104238	0.544554171	-0.290747611	0.510726721	0.372304012	0.0342647055	0.0027341653	18.42793
0.56	0.0398319933	0.0387040174	0.0418817628	-0.00749948807	0.546219203	-0.110633349	0.570429443	0.370039728	0.0366236982	0.00289381187	19.128913
0.57	0.0457667416	0.0409663938	0.0417769479	-0.00821059765	0.54785254	0.081446618	0.63193356	0.367787254	0.0300461312	0.00305738404	19.840935
0.58	0.0506981417	0.0430358065	0.0416737869	-0.0089309861	0.549381777	0.272802891	0.700497706	0.365712241	0.0340711438	0.00320381589	18.366751
0.59	0.0544975685	0.0447947853	0.04158935	-0.00965771311	0.550765332	0.457288267	0.762986157	0.363903258	0.0297187438	0.00328640685	16.961343
0.6	0.057068029	0.0461141694	0.0415411079	-0.0103793104	0.551886337	0.610997385	0.816563423	0.362483244	0.101633945	0.00330917527	18.350126
0.61	0.0583575097	0.0469226741	0.0415406389	-0.0110993681	0.552717044	0.733812984	0.85789304	0.361507322	0.0937169567	0.00318973637	16.699454
0.62	0.058375626	0.0471939711	0.0415935173	-0.0118285386	0.553253831	0.83567834	0.891442008	0.361013321	0.0831768782	0.00298042943	17.57732
0.63	0.0572040709	0.0469534291	0.0416963877	-0.0125631818	0.553511187	0.912072918	0.907562608	0.360967261	0.0668007751	0.0027338922	16.550841
0.64	0.0549839874	0.0462678587	0.0418213607	-0.0133053916	0.553563765	0.969632421	0.917778935	0.361343579	0.0992566282	0.0024470431	17.650517
0.65	0.0518939887	0.0452219784	0.0419875235	-0.0140635867	0.553421583	1.02757646	0.9221075	0.362080522	0.0894787571	0.00214876387	18.66565
0.66	0.0481469263	0.0438937274	0.0422103095	-0.0148364033	0.553030636	1.07688409	0.910203885	0.363099814	0.0868059509	0.00188414225	18.163046
0.67	0.0439815973	0.0423929593	0.0425001888	-0.0156225061	0.552429135	1.11739861	0.87752337	0.364288537	0.0431718522	0.00162820816	16.276402
0.68	0.0396320283	0.040821318	0.0428580605	-0.0164129684	0.551642197	1.13555033	0.812240065	0.365524964	0.101159202	0.00141240402	19.360463
0.69	0.035302062	0.0392604311	0.043290769	-0.017206799	0.5506834	1.13911542	0.715249469	0.366728198	0.115224163	0.00122647131	18.616283
0.7	0.0311694093	0.0377756716	0.0437973421	-0.0179960658	0.549573281	1.1292148	0.58336381	0.367817203	0.0953233318	0.00117804303	18.677111
0.71	0.0273767093	0.0364055926	0.0443648873	-0.0187774945	0.548319443	1.11109183	0.420799001	0.36875337	0.109536091	0.00136194393	16.530747
0.72	0.0240406098	0.035168883	0.0449879479	-0.0195538992	0.54691592	1.09163045	0.233459228	0.369520513	0.110702403	0.00177208295	19.873676
0.73	0.0212528614	0.0340663916	0.0456523148	-0.0203255725	0.545342379	1.07079713	0.0244045755	0.370117375	0.106527195	0.00230056318	20.382286
0.74	0.0190847869	0.0330926912	0.04634801	-0.0210929932	0.543582571	1.04965423	-0.203275972	0.37054986	0.0674236448	0.00288037764	18.62826
0.75	0.0175042519	0.032276996	0.0469333016	-0.0217266106	0.542269346	0.879911815	-0.263691342	0.371066564	0.0438760174	0.00347818928	17.04284
0.76	0.0167589115	0.0318197685	0.0473430603	-0.0222960436	0.541744848	0.740521004	-0.270086328	0.37130259	0.0511850673	0.00356678762	19.166126
0.77	0.0165660697	0.0316158531	0.0476177824	-0.0227498265	0.5415938	0.524716339	-0.293326967	0.371268881	0.0434663415	0.00373196253	17.081732
0.78	0.017035887	0.0315943029	0.0478204836	-0.0231904081	0.541677107	0.403658587	-0.212819934	0.371314189	0.0292282883	0.00400553489	18.826658
0.79	0.0179818595	0.0318496619	0.0479525943	-0.0235537728	0.542262718	0.277684569	-0.14425104	0.371017619	0.0486592976	0.00388214126	17.223293
0.8	0.0193103627	0.0323398128	0.0480405768	-0.023836648	0.543209745	0.155079862	-0.0753823687	0.370483397	0.0379837524	0.00384943252	18.104794
0.81	0.0209329865	0.0330232437	0.0481061856	-0.0240421734	0.544419572	0.0393010466	-0.0112757009	0.36974243	0.032237611	0.0037748392	15.710214
0.82	0.0227612071	0.033859173	0.0481803455	-0.0241728939	0.545802258	-0.0613842418	0.0384136886	0.368812313	0.0269803797	0.00364500941	19.103805
0.83	0.0246852051	0.0347962606	0.0482843843	-0.0242309618	0.547273601	-0.143825757	0.0734298678	0.367742622	0.0197463405	0.00346583576	15.47003
0.84	0.0265900247	0.0357721163	0.0484164794	-0.024221531	0.548751663	-0.208720106	0.100381501	0.366611766	0.0288370006	0.00328657691	19.33162
0.85	0.0283508132	0.0366799019	0.0485985842	-0.0241520751	0.550010019	-0.261211022	0.126356962	0.365554911	0.107729811	0.0031358391	17.817089
0.86	0.0299006348	0.0374680401	0.0488435767	-0.0240405836	0.55098256	-0.30233689	0.148323591	0.364605115	0.120674817	0.00292751371	16.11474
0.87	0.0311980183	0.0381037409	0.0491376911	-0.0238956978	0.551663812	-0.348511455	0.17537116	0.363807197	0.119109713	0.00267422647	16.528495
0.88	0.0322585527	0.0385925724	0.0494864933	-0.023730272	0.552076721	-0.385946964	0.195253596	0.363133693	0.0788903529	0.00243780587	15.256643
0.89	0.0330886732	0.0389454732	0.0498961434	-0.0235519777	0.552243393	-0.411827919	0.197634603	0.362556788	0.0704597989	0.00224187221	16.446201
0.9	0.0336939206	0.0391727345	0.0503583456	-0.0233655962	0.552205737	-0.432586817	0.186447971	0.362074298	0.0659510722	0.00206944995	16.795521
0.91	0.0340841816	0.0392781809	0.0508787015	-0.0231790851	0.551953083	-0.4363165	0.156881992	0.361678417	0.081268723	0.00192940327	16.380804
0.92	0.0342711434	0.0392764964	0.0514356795	-0.0230004314	0.551535782	-0.427620489	0.113058393	0.361360376	0.0191524724	0.00180477806	18.56239
0.93	0.0342707478	0.0391823912	0.0520058575	-0.0228361353	0.550992638	-0.406809595	0.0573622689	0.361112686	0.0961207995	0.00170228669	20.308576
0.94	0.034099157	0.0390022758	0.0525701672	-0.0226923963	0.550336529	-0.379333299	-0.0054972189	0.360940866	0.0817091324	0.00162339594	15.948539
0.95	0.0337851434	0.0387595619	0.0531313885	-0.0225689095	0.549615296	-0.355470279	-0.0754268817	0.360816132	0.0978048716	0.00158690787	18.128311
0.96	0.0333450536	0.03845835	0.053687821	-0.0224674914	0.548803392	-0.330208819	-0.158324498	0.360731481	0.0918572328	0.00160856464	17.741973
0.97	0.0327900416	0.0381030846	0.0542639252	-0.0223869383	0.547859319	-0.300414963	-0.267479724	0.36065605	0.0946747389	0.00168293609	18.630175
0.98	0.032132028	0.0376829025	0.0548634678	-0.0223226325	0.546739842	-0.268157359	-0.396745456	0.360613195	0.104577939	0.00184290981	18.790694
0.99	0.0313993075	0.0372047346	0.0554800321	-0.0222768774	0.545455292	-0.234679753	-0.54448631	0.360595329	0.0533326194	0.00212747965	17.712119
1	0.0306251815	0.0366655259	0.0561141404	-0.0222488628	0.543980261	-0.208706211	-0.707274867	0.360614191	0.0339991466	0.00251862646	18.174017
1.01	0.0298844613	0.0361572794	0.0566346894	-0.0223414946	0.542889628	-0.0483023672	-0.719622995	0.360900266	0.0256021862	0.00296640362	20.802742
1.02	0.0293898444	0.0358010588	0.0569984314	-0.0225101063	0.542386783	0.077460558	-0.685427423	0.361119703	0.0388315065	0.00351673866	20.457848
1.03	0.0290205363	0.0355266097	0.0572757732	-0.0227915529	0.54199488	0.273654447	-0.681840091	0.361278543	0.0347725069	0.00401729835	19.76706
1.04	0.028944724	0.0352321535	0.0575178084	-0.0230670894	0.541653282	0.346320667	-0.571162877	0.36167264	0.0301246075	0.0043538251	18.359026
1.05	0.0291643061	0.0351159869	0.057674452	-0.0234134834	0.541798521	0.426279731	-0.438685222	0.361912373	0.0453075636	0.00460102535	17.628253
1.06	0.0296581652	0.0351748153	0.0577742266	-0.0238323657	0.542318899	0.50505464	-0.291117431	0.362025507	0.023580334	0.00493877691	17.277682
1.07	0.030380055	0.0354022482	0.0578446749	-0.024317841	0.543153487	0.576221184	-0.141217943	0.361985295	0.0377321169	0.00520241887	18.313034
1.08	0.0312595697	0.0357808104	0.0579099998	-0.0248642577	0.544238852	0.634154049	0.00038392318	0.361776026	0.0259120306	0.00532245485	18.61298
1.09	0.032207385	0.036283887	0.0580023075	-0.0254555448	0.545488961	0.670700414	0.114841652	0.361376363	0.0399347747	0.0052847146	16.832744
1.1	0.0330875924	0.0368210336	0.0581677586	-0.0260827271	0.546627598	0.681638958	0.179906627	0.360839619	0.102390602	0.00505429236	20.302509
1.11	0.0337817657	0.0373042051	0.0584357922	-0.026727354	0.547466164	0.666540584	0.199522011	0.360249064	0.0941582665	0.00459104651	16.99813
1.12	0.0342169609	0.0376887557	0.0588040447	-0.0273846897	0.547974243	0.629151073	0.185255086	0.359657106	0.0989355159	0.00402964084	18.316793
1.13	0.0343474049	0.0379509853	0.0592727542	-0.0280538783	0.548155577	0.586167508	0.146274219	0.359107312	0.095175375	0.0034809657	18.540519
1.14	0.0341694992	0.0380791235	0.0598005833	-0.0287307687	0.548059409	0.5517133	0.0970951504	0.358652472	0.0799882133	0.00300964928	18.949001
1.15	0.0337186548	0.0380774455	0.0603769771	-0.0294147813	0.547735677	0.527152292	0.0415648963	0.358304918	0.09894777	0.00261438466	18.408896
1.16	0.0330442221	0.0379498671	0.0609910544	-0.0301022193	0.547202722	0.509491554	-0.020874705	0.358072722	0.0878404368	0.00226837197	17.850015
1.17	0.0322119537	0.0377153539	0.061616153	-0.0307943911	0.546532671	0.507565136	-0.0740772101	0.35797745	0.0386471163	0.00195646519	16.161826
1.18	0.0313185025	0.0374135686	0.0622154802	-0.0314929655	0.545835818	0.50966669	-0.112867302	0.357992583	0.0816720887	0.00173643359	19.141679
1.19	0.0304432673	0.0370755184	0.0627774838	-0.0321948239	0.545146722	0.514745203	-0.140542475	0.358089755	0.0788798568	0.00164056791	19.270745
1.2	0.0296490628	0.0367269627	0.063322692	-0.032892173	0.544449239	0.510631582	-0.177534274	0.358201275	0.0814600526	0.00168590101	18.842371
1.21	0.0289805039	0.0363885488	0.063851295	-0.0335839568	0.543759207	0.500902232	-0.21942184	0.358309982	0.099866494	0.00177318469	19.334769
1.22	0.028473285	0.0360718644	0.0643345656	-0.034269466	0.543104111	0.480131676	-0.256050952	0.358418091	0.106072055	0.00196561769	19.965611
1.23	0.0281498294	0.0357631691	0.0647666728	-0.0349465295	0.54240902	0.462372272	-0.279463669	0.358561364	0.111160589	0.00231448884	19.515894
1.24	0.0280234147	0.0354648975	0.0651901459	-0.0356054715	0.541594407	0.440890115	-0.318130206	0.358669398	0.0639511948	0.0028121714	17.733162
1.25	0.0280955997	0.0351832487	0.0656200983	-0.0362402935	0.540631941	0.415473685	-0.384072037	0.358703016	0.0567131987	0.00333947736	17.691538
1.26	0.0283799531	0.0349510798	0.0659388449	-0.0367284314	0.540154885	0.259690114	-0.2808233	0.358917013	0.0420586748	0.00390123343	19.400231
1.27	0.0289308108	0.0348684532	0.0661731826	-0.0370827902	0.540021596	0.0406932856	-0.196440982	0.358926256	0.0333127372	0.00507750657	17.460814
1.28	0.0298782365	0.0348591789	0.066351446	-0.0374219658	0.540032373	-0.0603693569	0.00449304581	0.35916639	0.0307934529	0.00583701735	18.788122
1.29	0.0311113347	0.0350658462	0.0664660679	-0.0376734341	0.540594047	-0.166535995	0.193611654	0.359127546	0.040294327	0.00650182819	21.169257
1.3	0.0325128075	0.0354661369	0.0665503394	-0.0378326332	0.541561285	-0.266343418	0.358135803	0.358852936	0.0291751876	0.00689301135	19.411309
1.31	0.0339344154	0.0360208134	0.066622654	-0.0378921342	0.542857958	-0.360729505	0.497087851	0.358370004	0.0392186888	0.00691152049	16.734185
1.32	0.03523115	0.036693726	0.0666937687	-0.0378482974	0.544420472	-0.447205702	0.595826309	0.35767338	0.0237783098	0.00668439337	19.211951
1.33	0.0362628391	0.037431654	0.066773568	-0.0376895744	0.546195926	-0.530988524	0.661286992	0.356817481	0.0386548783	0.00626334245	16.814078
1.34	0.036921536	0.0381796539	0.066861666	-0.037422048	0.54809769	-0.605497676	0.683365443	0.355841135	0.0327942337	0.00585249543	20.636827
1.35	0.0370900121	0.0388155645	0.0669961193	-0.0370460201	0.549860233	-0.672260627	0.667803043	0.354889929	0.113353766	0.00549266919	18.512304
1.36	0.0367197627	0.0392424717	0.0671919408	-0.0365793234	0.551345919	-0.726629001	0.645403691	0.354114361	0.100899321	0.0052299214	15.734192
1.37	0.0358164624	0.03939684	0.0674444322	-0.0360521353	0.552446141	-0.765323551	0.630603841	0.353611874	0.104492526	0.00497498108	18.960054
1.38	0.0344343989	0.0392841109	0.0677511131	-0.0354734366	0.553165546	-0.796579665	0.620940248	0.353374551	0.117511358	0.00460120667	16.918547
1.39	0.0326792542	0.0389325414	0.0681154614	-0.0348573715	0.553475791	-0.809336401	0.604153123	0.353373699	0.108557868	0.00412276309	18.449141
1.4	0.0306775707	0.0384028199	0.0685401034	-0.034219127	0.553422116	-0.80217742	0.571793754	0.353541903	0.0915831539	0.00357971211	17.158006
1.41	0.0285632102	0.0377543686	0.0690331515	-0.0335683899	0.553026228	-0.774274045	0.515599672	0.353812632	0.0883258554	0.00302438068	17.769235
1.42	0.0264844198	0.0370569243	0.0695691843	-0.0329182579	0.552377649	-0.718896478	0.438250475	0.354123641	0.0295967685	0.0024841288	18.993845
1.43	0.0245740642	0.0363689925	0.0701077931	-0.0322759011	0.55158521	-0.642112687	0.355808939	0.354442942	0.0796537999	0.00196024504	17.250857
1.44	0.0229528427	0.0357283174	0.0706435326	-0.0316494388	0.550660801	-0.530815737	0.265038479	0.354731358	0.0709112163	0.00149975681	18.546078
1.45	0.0217091916	0.035175098	0.0711596892	-0.0310480842	0.549674967	-0.389205504	0.166847027	0.354939841	0.0947101802	0.00113453902	18.293543
1.46	0.0208898593	0.0347216378	0.0716446327	-0.0304801498	0.54862457	-0.218570744	0.0571154572	0.355047384	0.0914890113	0.0010124299	16.559101
1.47	0.0205148481	0.0343667921	0.0720756693	-0.0299519051	0.547530461	-0.035296637	-0.0542199195	0.355063426	0.107179685	0.00123479484	17.502962
1.48	0.0205872355	0.0341027251	0.0724611088	-0.0294578057	0.546387675	0.143725207	-0.165021829	0.354988904	0.0971880457	0.00168360127	16.52817
1.49	0.0210829477	0.0339211356	0.0728142064	-0.0289975812	0.54518417	0.3153687	-0.281197719	0.354817624	0.0649570672	0.00221524686	17.412227
1.5	0.0219556657	0.0338087912	0.0731425659	-0.0285688993	0.543923778	0.474657522	-0.401174771	0.354562949	0.0489874128	0.00281169365	18.518281
1.51	0.0231358322	0.0337510088	0.0734727249	-0.0281703181	0.542583025	0.621495921	-0.536875295	0.354216476	0.0456368722	0.00346695489	19.215049
1.52	0.0246698474	0.0339306585	0.0736352442	-0.0278335801	0.54204918	0.750809831	-0.598782853	0.353690724	0.0423366888	0.00419359863	17.499728
1.53	0.0262707947	0.0340754372	0.0737109389	-0.0275273571	0.541410298	0.874356347	-0.610864244	0.353371457	0.041960463	0.00462921851	18.082847
1.54	0.0279706346	0.0344034516	0.0736452322	-0.0272805478	0.541476197	0.979722016	-0.577119341	0.352907072	0.0288619179	0.00464831929	19.574804
1.55	0.0296405447	0.0348683209	0.0734755372	-0.02708016	0.54204943	1.06523099	-0.519793822	0.352375402	0.0386056173	0.00476544621	15.865828
1.56	0.0311748931	0.0354213619	0.0732242719	-0.0269142821	0.543029719	1.1280637	-0.442493186	0.351823524	0.0401867028	0.00486652191	17.476072
1.57	0.0324870755	0.036020029	0.0729118516	-0.0267730808	0.544309299	1.1635891	-0.363707681	0.351252557	0.0510914676	0.00490199201	18.560923
1.58	0.0334933778	0.0366099103	0.0726009744	-0.0266535265	0.545734118	1.17137368	-0.292537429	0.35069073	0.0556038907	0.00482501556	16.212769
1.59	0.0341441474	0.0371594018	0.0723085827	-0.0265555624	0.547243614	1.15313219	-0.229823467	0.350155374	0.0275496578	0.00466882981	16.850482
1.6	0.0343734623	0.0375692665	0.0720637312	-0.0264737867	0.548540638	1.11708784	-0.179748163	0.349751837	0.107117524	0.00448744086	16.954041
1.61	0.0341933107	0.0378065151	0.0718726842	-0.0264043942	0.549556181	1.0679184	-0.131699768	0.349512499	0.0929760821	0.00421735249	16.809114
1.62	0.0336583779	0.0378869659	0.0717575548	-0.0263511144	0.55029391	1.015242	-0.0883855565	0.349406118	0.100930935	0.00384859466	17.588569
1.63	0.0328612567	0.0378306744	0.0717216521	-0.0263121333	0.55075964	0.953969346	-0.0512937713	0.349411872	0.102519457	0.003425581	17.56343
1.64	0.0318975663	0.0376670129	0.0717638111	-0.0262829168	0.550975539	0.885015315	-0.0241225776	0.349496882	0.0859022536	0.00296893508	19.76192
1.65	0.0308616923	0.0374172948	0.0718860423	-0.0262611587	0.550944075	0.808081929	-0.00728252115	0.349643134	0.0816692521	0.00250734426	18.614567
1.66	0.0298495978	0.0371083597	0.0720763226	-0.0262457391	0.550707191	0.72245079	0.00480950433	0.349833609	0.0882390007	0.00208088015	17.767993
1.67	0.028947689	0.0367713437	0.0723328965	-0.0262409234	0.550320189	0.634748476	0.0198431173	0.350051348	0.0374931246	0.00172498622	18.64523
1.68	0.0282340733	0.0364369839	0.0726320611	-0.0262376663	0.549838077	0.534037816	0.0326363209	0.350256095	0.097505438	0.00156434841	18.591645
1.69	0.0277479034	0.0361190325	0.0729694051	-0.0262355023	0.549272554	0.418333944	0.04428657	0.350438303	0.107317864	0.00162255163	17.956926
1.7	0.0275096042	0.0358334268	0.0733469123	-0.0262363766	0.548649527	0.296576669	0.0563610379	0.350582801	0.0651496962	0.00188060846	18.118575
1.71	0.0275286985	0.0355881533	0.0737448429	-0.0262378552	0.548002718	0.176967817	0.0781898017	0.35070024	0.0833304436	0.00228046524	16.954645
1.72	0.0277985992	0.0353835079	0.0741724493	-0.0262378847	0.547327772	0.0584393863	0.109775627	0.350788524	0.088761228	0.00280439774	17.104669
1.73	0.0282960561	0.0352056339	0.0746100553	-0.0262333643	0.546591111	-0.0638237708	0.149840518	0.350863281	0.105884517	0.00341413068	19.326997
1.74	0.029013507	0.0350538832	0.0750756174	-0.0262275925	0.545788524	-0.179720023	0.201105991	0.350925042	0.0752494768	0.00407773477	18.584363
1.75	0.0299240008	0.0349197271	0.075600574	-0.0262181561	0.544864928	-0.294863533	0.249268078	0.350952733	0.0333769882	0.00481255063	18.768874
1.76	0.0310113935	0.0347974277	0.076213294	-0.0262089736	0.54379678	-0.401408083	0.29234258	0.350944274	0.0267016818	0.00555087303	17.82343
1.77	0.0323324586	0.0348829622	0.0767549577	-0.026200985	0.543337545	-0.495956875	0.365297337	0.350720469	0.0501454545	0.00629615312	17.350778
1.78	0.0335989868	0.0350656836	0.0772936009	-0.0261361192	0.542941216	-0.658009732	0.346656312	0.350234698	0.0467853031	0.00678113612	20.141226
1.79	0.0349147098	0.0352644251	0.0778172665	-0.0261386398	0.542693735	-0.711974566	0.408193421	0.34990224	0.0643189213	0.00669826307	19.838722
1.8	0.0360760268	0.0355774193	0.0783319272	-0.0261449532	0.54287899	-0.775182556	0.448846054	0.349355536	0.0309746203	0.00669526156	18.518192
1.81	0.0369782303	0.0359389072	0.0788331144	-0.0261549437	0.54335518	-0.835661135	0.480807821	0.348735847	0.0608232594	0.00658891987	18.004181
1.82	0.0375388235	0.0363034278	0.0793073906	-0.0261733375	0.544071361	-0.888763125	0.504968468	0.348093088	0.0451691845	0.00642605915	17.392628
1.83	0.0377116537	0.0366364634	0.0797524884	-0.0262060213	0.545016205	-0.929272316	0.535471192	0.347485816	0.0280950711	0.00622722207	17.983336
1.84	0.0374606558	0.0369007469	0.0801676125	-0.0262508506	0.54611725	-0.961338639	0.571243951	0.346956465	0.0316006165	0.00604201265	18.519938
1.85	0.0367463421	0.0369934673	0.0805974736	-0.0263061173	0.547039963	-0.988407759	0.602676483	0.346614098	0.118949761	0.00583851277	19.372204
1.86	0.0356012936	0.0368987905	0.08106392	-0.0263585884	0.547692258	-1.00924849	0.617949257	0.346436973	0.102572734	0.00554264498	19.329861
1.87	0.0340908881	0.0366358573	0.0815802066	-0.0264050217	0.548039914	-1.02521329	0.605765624	0.346380589	0.102768346	0.00515341252	17.453105
1.88	0.0323080225	0.0362404668	0.082147429	-0.0264459723	0.548100253	-1.0329596	0.566508492	0.346410634	0.0862118165	0.00467806453	18.701385
1.89	0.0303514964	0.0357533422	0.0827573069	-0.0264753983	0.547919276	-1.03469687	0.507193966	0.346499977	0.0887127949	0.00414184379	17.860361
1.9	0.0283360036	0.0352244888	0.0834314643	-0.0264991745	0.547510783	-1.0115065	0.407887502	0.346567859	0.0906051384	0.00357991331	19.017609
1.91	0.0263301061	0.0346748039	0.0841664158	-0.026511744	0.546914718	-0.976772415	0.287455841	0.346623639	0.0977277326	0.00294765783	15.524792
1.92	0.0244267555	0.0341305687	0.0849528874	-0.0265104951	0.546178528	-0.928572546	0.152392701	0.346652641	0.0296875234	0.00237208366	18.517211
1.93	0.0227187808	0.0336250783	0.085765102	-0.0265060388	0.545377092	-0.8607227	0.00369265572	0.346626656	0.0844755339	0.00188780081	19.510559
1.94	0.0212706442	0.0331728638	0.0865958686	-0.0264946265	0.54455379	-0.78510691	-0.148725085	0.346549024	0.0864397425	0.0015578494	15.914004
1.95	0.0201385049	0.0327770505	0.0874290184	-0.0264819125	0.54371509	-0.70471285	-0.302085485	0.346428206	0.0843049381	0.00147610108	17.95401
1.96	0.0193604262	0.0324437582	0.0882630448	-0.0264715298	0.542871761	-0.61910976	-0.457856807	0.346255863	0.0799961603	0.00163747649	18.434476
1.97	0.0189369364	0.0321544038	0.0891087509	-0.0264629344	0.541961561	-0.530891848	-0.614983463	0.346058212	0.0987099925	0.00199292988	18.354902
1.98	0.0188710257	0.0319228983	0.0899487775	-0.026459665	0.54104579	-0.444614742	-0.769534872	0.345819437	0.108747228	0.00243353661	19.404912
1.99	0.019146822	0.0317318341	0.0907790085	-0.0264535838	0.540095964	-0.374834011	-0.90821671	0.345584051	0.0547542632	0.00296041101	19.034853
2	0.0197387379	0.0315747968	0.0916201824	-0.0264417493	0.539073648	-0.325644322	-1.03809696	0.345342793	0.0392030236	0.00348515689	18.962656
2.01	0.0205520149	0.0315014437	0.0923357657	-0.0265292011	0.538471764	-0.163304351	-1.00641932	0.345329312	0.0326468882	0.00404803377	19.445272
2.02	0.021631826	0.0316041174	0.0929271056	-0.0267230659	0.538132286	0.0552819509	-1.0174179	0.34509871	0.0220314484	0.00491204748	19.776096
2.03	0.023205471	0.031776042	0.0934044945	-0.026863336	0.538085901	0.132814671	-0.890259183	0.345036312	0.0430173262	0.00564735537	16.59747
2.04	0.0249997239	0.0322153389	0.0937777638	-0.0270493696	0.538700973	0.229935515	-0.751359495	0.344704569	0.0449824789	0.00608938336	17.338736
2.05	0.026919024	0.0328764212	0.0940568694	-0.0272786461	0.539811507	0.324907037	-0.605436481	0.34418964	0.0248320082	0.00653082725	17.982145
2.06	0.0288488105	0.0336970264	0.0942644794	-0.0275389194	0.541287153	0.411313056	-0.45146893	0.343550701	0.0296967222	0.00677971582	19.174228
2.07	0.0306782055	0.0346175075	0.094426392	-0.0278217021	0.543007274	0.485427158	-0.298054538	0.342817682	0.0262066265	0.00689107188	17.657517
2.08	0.0323096014	0.0355749347	0.0945552916	-0.0281194411	0.544872777	0.546329027	-0.141964371	0.342049425	0.0432906354	0.00687388907	19.419625
2.09	0.0336671497	0.0365132103	0.094686901	-0.0284222565	0.546773584	0.586300821	0.00705579316	0.341273894	0.0307846887	0.00678450928	18.356985
2.1	0.0346483379	0.0373089808	0.0948710009	-0.0287135639	0.548357305	0.60126549	0.123444246	0.340579114	0.119185327	0.00660810895	19.139372
2.11	0.0351878647	0.0378973695	0.095110326	-0.0289979362	0.549512566	0.603223073	0.210630359	0.340017213	0.0965331871	0.00624269591	16.329444
2.12	0.0352783695	0.0382689459	0.0954074142	-0.0292720865	0.55024148	0.60146555	0.267870799	0.339583208	0.0977788689	0.00575199135	16.827273
2.13	0.0349569873	0.038430889	0.0957622394	-0.0295324093	0.55056	0.589598758	0.291508666	0.339262844	0.106023372	0.00518323415	18.045209
2.14	0.0342770614	0.0384056774	0.0961603741	-0.029781418	0.550540515	0.572961037	0.292730538	0.339059531	0.0904970288	0.00453222156	16.426074
2.15	0.0333042803	0.0382106011	0.0966089199	-0.0300201636	0.550187667	0.551046486	0.265494535	0.338956219	0.096608487	0.00388204622	16.10599
2.16	0.0321213892	0.0378801926	0.0970994319	-0.0302536883	0.549586523	0.530157208	0.22072641	0.338943642	0.0751476469	0.00321338602	19.621835
2.17	0.0308225535	0.0374504398	0.0976166195	-0.030481295	0.548808512	0.506978878	0.161363006	0.339000051	0.0249284745	0.00260212691	18.844622
2.18	0.0294940063	0.0369564002	0.0981564932	-0.030701979	0.54791325	0.478262497	0.0882422217	0.339098693	0.0796584312	0.00205531067	17.639533
2.19	0.0282152956	0.036443448	0.098689167	-0.0309152524	0.547010681	0.447123563	0.00756679651	0.339209865	0.0908689757	0.00161293536	15.970954
2.2	0.0270410177	0.0359280025	0.0992166001	-0.031122519	0.546110053	0.417251287	-0.0775608288	0.33933185	0.0902903805	0.00136765918	18.323868
2.21	0.0260127289	0.0354174658	0.0997327754	-0.0313236169	0.545204026	0.389865681	-0.16557934	0.339463333	0.0889997177	0.00143998193	16.506007
2.22	0.0251627663	0.0349162716	0.100233535	-0.0315180015	0.544280106	0.365421328	-0.253840066	0.339604036	0.094659109	0.00178544649	19.166849
2.23	0.024509158	0.0344326651	0.100742326	-0.0317027327	0.543297597	0.339334842	-0.357536147	0.339713131	0.0909563737	0.00229485725	18.6832
2.24	0.0240540361	0.0339590986	0.101271013	-0.031873937	0.542188782	0.311600377	-0.484081854	0.339784027	0.0699081187	0.00290124195	17.675031
2.25	0.0238151022	0.0334875377	0.101828596	-0.0320386942	0.540910154	0.298448289	-0.625526441	0.339837831	0.0466206516	0.00358610818	18.363691
2.26	0.0237547016	0.033034806	0.102265422	-0.0321147167	0.540009706	0.176566053	-0.607910438	0.340086183	0.0344079657	0.00430804609	17.768816
2.27	0.0239827843	0.0327493974	0.102575657	-0.0320985592	0.539408887	0.00540817664	-0.626140318	0.340099442	0.037704829	0.00514625736	16.381235
2.28	0.0246253113	0.0325457281	0.102821282	-0.0321093784	0.539021735	-0.0597044204	-0.50439284	0.340354354	0.0572724659	0.0057954961	18.305919
2.29	0.0255338169	0.0325777272	0.103005236	-0.0320646371	0.539223697	-0.151781783	-0.365729187	0.34035839	0.040808391	0.00610695868	16.343463
2.3	0.0266306104	0.0328057588	0.103139143	-0.031956718	0.539854163	-0.26235144	-0.211822413	0.340203024	0.0391322634	0.00654012815	17.766417
2.31	0.0278519589	0.0332020884	0.103245209	-0.0317882998	0.540837723	-0.379456804	-0.051679669	0.339895439	0.0286518006	0.00690189429	18.662252
2.32	0.0291176228	0.033725715	0.103378723	-0.0315633845	0.542043016	-0.48811418	0.0958904178	0.339437476	0.0514334458	0.0071121827	16.583293
2.33	0.03031892	0.0343393093	0.103552343	-0.0312807668	0.543416896	-0.588598272	0.224679874	0.338840883	0.0410224546	0.00710945117	19.440292
2.34	0.0313597551	0.0350049783	0.1037782	-0.0309389352	0.544912498	-0.673918812	0.331971554	0.338132105	0.0284966937	0.00693434095	17.391945
2.35	0.0321085207	0.0356131297	0.10410318	-0.0305354421	0.546248016	-0.749089899	0.407271999	0.337319593	0.118637365	0.0066400483	17.4353
2.36	0.0324919336	0.0360862782	0.104530271	-0.0300796326	0.547312024	-0.81565419	0.466869917	0.3365689	0.111965308	0.00620659508	16.831627
2.37	0.0324899631	0.0364117188	0.105064794	-0.0295743731	0.548106441	-0.878143203	0.505574631	0.335897648	0.103488794	0.00572809136	17.957822
2.38	0.0321240818	0.0365832253	0.105683994	-0.0290297377	0.548638758	-0.934446708	0.527602823	0.335333951	0.109078486	0.0052122119	17.669162
2.39	0.0314458557	0.0366124437	0.106377529	-0.0284545012	0.548929522	-0.979594977	0.5307933	0.334874673	0.0980710199	0.00470323823	16.677054
2.4	0.0305232551	0.0365180912	0.107118154	-0.0278597477	0.549015101	-1.00714832	0.51619594	0.334517741	0.0852716616	0.00420624168	16.68484
2.41	0.0294239836	0.0363178823	0.107891226	-0.0272545122	0.548914664	-1.01719305	0.484266861	0.334256176	0.0809207084	0.00372136945	16.206605
2.42	0.0282280972	0.0360471763	0.108678821	-0.0266520044	0.548682142	-0.997734491	0.430054459	0.334051286	0.0273212912	0.00325646686	19.285799
2.43	0.0269998384	0.0357356351	0.109448275	-0.0260631866	0.548387	-0.946473873	0.361285773	0.333890206	0.078843598	0.00277852789	17.630813
2.44	0.025794652	0.0353991101	0.110181923	-0.0254931966	0.548065759	-0.872394646	0.290137304	0.333778535	0.0774900213	0.00235079034	18.065852
2.45	0.0246721224	0.0350832415	0.110901091	-0.0249435899	0.547783586	-0.775409499	0.203052879	0.333633645	0.0927446087	0.00210295455	17.628102
2.46	0.0236383057	0.0345766201	0.111643374	-0.0243403304	0.547034274	-0.749589331	0.187263888	0.333866788	0.094914319	0.0020459174	19.319368
2.47	0.0228576764	0.0341638907	0.112389406	-0.0237722459	0.546363256	-0.669434886	0.116622587	0.333905299	0.102770039	0.00238867818	17.946178
2.48	0.0223018065	0.0338416812	0.113132529	-0.0232333433	0.545730987	-0.562465618	0.0116773547	0.33381704	0.103928252	0.00260496493	16.335123
2.49	0.021943474	0.0335763903	0.113861303	-0.022720669	0.545079771	-0.444897565	-0.109914174	0.333662809	0.0645740674	0.00286874115	18.629922
2.5	0.0217573477	0.0333374523	0.114583171	-0.0222368655	0.544336773	-0.314233702	-0.247899529	0.333465601	0.0516340111	0.00331302911	19.105101
2.51	0.0217464628	0.0330969155	0.115303061	-0.0217769354	0.543449021	-0.187028169	-0.394145263	0.333259474	0.049301525	0.00388730379	16.795616
2.52	0.0220507208	0.0330312864	0.115805477	-0.0214008724	0.543281841	-0.0917251342	-0.427876083	0.332986104	0.0362767154	0.00451062486	18.377447
2.53	0.0224297803	0.0330783779	0.116201815	-0.0211516899	0.543298426	0.0725950926	-0.481797254	0.332619234	0.049693099	0.00485702699	17.836823
2.54	0.0229987412	0.0332491489	0.116500327	-0.0209610405	0.5437526	0.178897545	-0.472374124	0.332215559	0.0317323452	0.00519090293	16.818663
2.55	0.0236249411	0.033509575	0.116720229	-0.0208293755	0.544535344	0.266274663	-0.411125102	0.331832104	0.0411368892	0.00531478224	18.132238
2.56	0.024249388	0.0338567309	0.116891427	-0.020746614	0.545593486	0.335826475	-0.324454996	0.331431075	0.0408096203	0.00544199981	16.947271
2.57	0.0248175469	0.0342754562	0.117039526	-0.0207125886	0.54685785	0.390978751	-0.227456373	0.331004862	0.0363429621	0.00555306623	19.535866
2.58	0.0252889063	0.0347523556	0.117191019	-0.0207283363	0.548282858	0.437642646	-0.128637894	0.330543628	0.036571027	0.00560682436	18.656612
2.59	0.0256763968	0.0351805153	0.117378616	-0.0207409148	0.549601303	0.42666993	-0.0100543142	0.330193778	0.0467018956	0.00560542219	18.149574
2.6	0.0258623287	0.0356028756	0.117620483	-0.0207968488	0.550811005	0.430839446	0.0643444319	0.32978024	0.103623493	0.00541495432	19.628499
2.61	0.0258578605	0.0359365255	0.117948023	-0.0208763124	0.551706045	0.438584438	0.115916884	0.329426362	0.0905682257	0.00510608324	18.504077
2.62	0.0256967248	0.0361628271	0.118367304	-0.0209740688	0.552258765	0.456997863	0.154219045	0.329142664	0.105122317	0.00473791643	18.644106
2.63	0.0254513513	0.0362944751	0.118873575	-0.0210867399	0.552502956	0.486426449	0.184381545	0.328911344	0.0993525929	0.00438629226	16.36617
2.64	0.0252023949	0.0363640468	0.119446507	-0.0212055483	0.552510219	0.521504473	0.20403249	0.328690969	0.0850223109	0.00409423337	22.005539
2.65	0.0250054339	0.0363889092	0.120078793	-0.0213249057	0.55230927	0.55352593	0.209828437	0.32846122	0.101168024	0.00382106826	19.003218
2.66	0.0248854301	0.0363828156	0.120776853	-0.0214353986	0.551919145	0.570003558	0.191699824	0.328187935	0.0834638263	0.00354092137	19.039652
2.67	0.0248330444	0.0363423331	0.121529422	-0.0215311453	0.551347188	0.565890645	0.149289002	0.327877207	0.0291051685	0.00320161972	18.090937
2.68	0.0248357045	0.03628117	0.122309581	-0.0216111381	0.550683734	0.546013841	0.092940051	0.327529537	0.0865075915	0.00282690177	19.654282
2.69	0.0248666755	0.0361905716	0.123114165	-0.0216709901	0.54991954	0.509430714	0.0199492201	0.32715953	0.0862603257	0.00249879846	15.838576
2.7	0.0248986914	0.0360610776	0.123929724	-0.0217087751	0.549056938	0.460807512	-0.0679355761	0.326788872	0.0804761164	0.00223208687	18.710897
2.71	0.0249126209	0.0358787498	0.124750748	-0.0217276558	0.548083881	0.412131146	-0.164293562	0.326453718	0.0880047749	0.00207099456	19.995663
2.72	0.024900802	0.0356518588	0.125582016	-0.0217257536	0.54702834	0.35526109	-0.274257341	0.326133959	0.0900082453	0.00208034778	20.350884
2.73	0.0248601063	0.0353788058	0.126422962	-0.0217037095	0.54588551	0.305014568	-0.395386749	0.32584799	0.106470902	0.0022390728	18.288268
2.74	0.0248021982	0.0350572215	0.127270263	-0.0216620396	0.544655959	0.274924081	-0.52013739	0.325620419	0.0528523368	0.00253631555	19.418882
2.75	0.0247433759	0.0346731138	0.128129136	-0.0216010748	0.543280993	0.273932893	-0.646845968	0.325482638	0.0424675078	0.00294287438	19.329657
2.76	0.0247069226	0.0342621103	0.128864049	-0.0214345905	0.542302262	0.14847618	-0.616894053	0.325587526	0.0587295377	0.00339854229	19.277346
2.77	0.0248155034	0.0339942867	0.129448725	-0.0211754311	0.541682001	-0.0301353605	-0.611696765	0.325533198	0.0300821472	0.00448166616	18.453547
2.78	0.0251587736	0.033907351	0.129910376	-0.0208721061	0.54162829	-0.160958042	-0.551124578	0.325418046	0.0353965409	0.0051250507	18.382421
2.79	0.025691573	0.0338204035	0.130286503	-0.020594287	0.541672102	-0.203643809	-0.388273439	0.325590345	0.0330331607	0.00556597399	19.081436
2.8	0.0263688304	0.0338983791	0.130548212	-0.0202711928	0.542127942	-0.242929941	-0.230048586	0.325587243	0.051966249	0.00606059958	17.924726
2.81	0.0271140954	0.0341223739	0.130702983	-0.019899511	0.542909459	-0.28229779	-0.0790275147	0.325438033	0.043423627	0.00636947116	21.224324
2.82	0.0278491655	0.0344660477	0.130764954	-0.0194800937	0.543970331	-0.319893424	0.0648182334	0.32514858	0.0248840665	0.00641869475	19.169647
2.83	0.0284939898	0.0348894523	0.130744506	-0.0190112528	0.545252001	-0.358653765	0.204496467	0.324746935	0.0350270574	0.00627460158	19.171051
2.84	0.028980692	0.0353487688	0.130673267	-0.018489216	0.546650311	-0.397037472	0.328132008	0.324249301	0.0250648385	0.00603511354	20.434202
2.85	0.0292472033	0.0357372398	0.130590475	-0.017933097	0.54790146	-0.425956383	0.43707206	0.323788332	0.127832012	0.00570924549	22.003408
2.86	0.0292733251	0.0360000161	0.130527122	-0.0173657222	0.548909049	-0.442830942	0.540469902	0.323425931	0.104027677	0.00532384786	17.241775
2.87	0.0290708949	0.0361412859	0.130497956	-0.0167894688	0.549685916	-0.452220749	0.634069768	0.323144441	0.0955508263	0.00492764638	15.815221
2.88	0.0286722479	0.0361795963	0.130525099	-0.0162124097	0.550238242	-0.447621806	0.705278695	0.322913279	0.0878798586	0.00450372083	16.446083
2.89	0.0280963745	0.0361165901	0.130636803	-0.0156368179	0.550523683	-0.430273282	0.742505542	0.322723138	0.0955331344	0.0040092606	17.418037
2.9	0.0273701931	0.0359646259	0.130845041	-0.0150673803	0.550550786	-0.400684583	0.739167218	0.322552875	0.0845811499	0.00345110172	18.002432
2.91	0.0265179884	0.0357255488	0.131120914	-0.0145023875	0.550370286	-0.389453221	0.717463818	0.322437928	0.0680271352	0.00282909786	16.7168
2.92	0.025605362	0.0354093621	0.131443715	-0.0139506417	0.549984228	-0.383247876	0.675624113	0.322381733	0.035389445	0.00230931073	16.878376
2.93	0.0246928098	0.0350500144	0.131801467	-0.0134189688	0.549453527	-0.364694158	0.608422384	0.322344805	0.112231621	0.001838351	16.500398
2.94	0.0238080746	0.0346624677	0.132192143	-0.0129117932	0.54879144	-0.334884516	0.51387038	0.322312623	0.0957032464	0.00137527438	19.379787
2.95	0.0229726003	0.0342519076	0.132602177	-0.0124278134	0.548015127	-0.301855911	0.400265747	0.322294053	0.100759807	0.00105381442	18.550357
2.96	0.022207684	0.0338270338	0.133039278	-0.0119660555	0.547119226	-0.266175518	0.262303548	0.322269112	0.103177901	0.0011186954	18.827013
2.97	0.0215246388	0.0333811365	0.133526345	-0.0115195386	0.546060725	-0.235595782	0.0985836818	0.322240082	0.0949143206	0.00155664365	19.419474
2.98	0.0209481201	0.0329135977	0.13404402	-0.0110854775	0.544859572	-0.221637926	-0.076533782	0.322229485	0.101667307	0.00215492741	19.502565
2.99	0.020503681	0.0324253804	0.134592715	-0.010658384	0.543505868	-0.22359013	-0.259039425	0.322246197	0.0574118421	0.00275539768	18.425112
3	0.0202180868	0.0319147331	0.135191813	-0.0102241749	0.54196018	-0.247079098	-0.449560235	0.322293862	0.050183997	0.00334231279	18.454969
3.01	0.0200984281	0.0314332541	0.135693958	-0.00991706975	0.540811205	-0.16521021	-0.471350349	0.322588284	0.0399793814	0.00392363068	18.216122
3.02	0.0202692313	0.0311487962	0.136117259	-0.00972724984	0.53998347	-0.044690095	-0.52744521	0.322648849	0.0341080413	0.00426641708	19.569772
3.03	0.0207922302	0.0310994675	0.136456465	-0.00959640759	0.539778241	0.0318191474	-0.526800338	0.322547828	0.0345075084	0.00480315422	17.373212
3.04	0.0215364904	0.031095751	0.136736959	-0.0094658161	0.539737673	0.0358731771	-0.414711999	0.322650876	0.0379160858	0.00507761409	18.346751
3.05	0.0224167968	0.0313099833	0.136995627	-0.00939611336	0.540166403	0.0502691	-0.31196108	0.322492746	0.0346938336	0.0051432852	17.056743
3.06	0.0233584402	0.0316979489	0.137240135	-0.00938839925	0.540962588	0.0709027046	-0.20858182	0.322161807	0.029121577	0.00532918189	18.52568
3.07	0.02431748	0.0322468993	0.137475144	-0.00942102148	0.542114768	0.0729366895	-0.119895242	0.321622091	0.0514272535	0.00545710302	18.259477
3.08	0.0251789321	0.0328854381	0.137694114	-0.00948874878	0.543505004	0.0661726636	-0.0427669792	0.320953793	0.0513840979	0.00538456312	18.19814
3.09	0.0258576053	0.0335490628	0.137900957	-0.00958861445	0.545045768	0.0537357545	0.0288856119	0.320223371	0.044994198	0.00520542502	16.864912
3.1	0.0262515866	0.0341244032	0.138149714	-0.00972013665	0.546422033	0.0476503769	0.0754194702	0.319531218	0.11625904	0.00499343905	16.446619
3.11	0.0263388638	0.0345439774	0.138473857	-0.00986435176	0.547510705	0.0366767637	0.106868458	0.318946488	0.0989957352	0.00468527007	18.911074
3.12	0.0261193065	0.0347956375	0.138897061	-0.0100175185	0.548271188	0.0262056854	0.114024386	0.318457508	0.0919777325	0.00429232915	18.501815
3.13	0.0256263718	0.0348720181	0.139412624	-0.0101856032	0.548708825	0.0336050624	0.114154442	0.318108805	0.0921442347	0.00383180592	17.63734
3.14	0.0249398647	0.0347953278	0.140019439	-0.0103650795	0.548837043	0.054883766	0.104654578	0.317883979	0.0851044819	0.00341624537	16.801583
3.15	0.0241439226	0.034599102	0.140702719	-0.0105516121	0.548684098	0.0854746847	0.0798818691	0.317752442	0.0874383642	0.00304987342	18.331638
3.16	0.0233157484	0.0343145091	0.141471458	-0.0107447427	0.548280062	0.125022697	0.0403163073	0.31768699	0.087746512	0.00272557796	17.401915
3.17	0.0225307581	0.0339857577	0.142305205	-0.0109416746	0.547708947	0.165033404	-0.0119850617	0.317644942	0.0205329982	0.00248339733	18.962296
3.18	0.0218454967	0.0336391212	0.143176387	-0.0111440447	0.547033542	0.20389705	-0.064838751	0.317623958	0.0836861521	0.00232071279	19.764817
3.19	0.0213067968	0.0333170116	0.144059013	-0.0113472581	0.54634717	0.233569103	-0.118393447	0.317575126	0.110951361	0.00231253302	19.24518
3.2	0.0209369417	0.0330310918	0.144949133	-0.0115580141	0.545678705	0.257317329	-0.163518992	0.317503323	0.0874365674	0.00240408196	17.819234
3.21	0.0207424734	0.0327823025	0.145848331	-0.0117722731	0.545000513	0.273961611	-0.206706066	0.317400612	0.0859689051	0.00265132071	19.069717
3.22	0.020721072	0.0325714249	0.146763533	-0.0119897052	0.544294074	0.283528497	-0.254676459	0.317247226	0.0937775683	0.00297858431	16.480727
3.23	0.0208687442	0.0323899641	0.14769959	-0.0122090053	0.543543231	0.29559513	-0.303586119	0.3170287	0.0890039983	0.00333276118	16.748873
3.24	0.0211776785	0.0322315475	0.148664194	-0.0124311636	0.542729319	0.312999558	-0.355694575	0.316769358	0.0583148893	0.00373564265	19.347066
3.25	0.0216260806	0.0320927922	0.149672782	-0.0126497334	0.541829206	0.326889027	-0.422522192	0.316445211	0.0325303356	0.00417946669	17.26237
3.26	0.0222107369	0.0319804572	0.15060083	-0.0127712568	0.541267303	0.234434722	-0.364403248	0.316221395	0.0448257602	0.00464187994	17.677876
3.27	0.0229558621	0.031985245	0.151445382	-0.0127831915	0.540871513	0.0825740856	-0.341958249	0.315814965	0.0717630735	0.00581098288	18.652228
3.28	0.0239474423	0.0320039559	0.152267592	-0.0128178226	0.540576312	0.0393917146	-0.231625454	0.315586813	0.038175143	0.00637395749	18.871015
3.29	0.0250239968	0.0322054327	0.153061365	-0.0127978104	0.540734396	-0.0332011405	-0.131727103	0.31507359	0.0247543115	0.00690565417	18.830154
3.3	0.0260677169	0.0325516431	0.153840306	-0.0127142702	0.54123552	-0.120618985	-0.0518178097	0.314341099	0.0324855147	0.007189343	17.374335
3.31	0.0269521114	0.0329921122	0.154610997	-0.0125695778	0.542022995	-0.217126752	0.00753618656	0.313439692	0.037712164	0.00716935977	20.077961
3.32	0.0275713468	0.0334416714	0.155373387	-0.0123561465	0.542982855	-0.320586207	0.0616683322	0.312495272	0.0495745083	0.0069365579	19.078045
3.33	0.027863214	0.0338579696	0.156123606	-0.0120690286	0.544061562	-0.429374791	0.107131671	0.31155035	0.0345695277	0.00670868433	17.526491
3.34	0.0277998145	0.0341987315	0.156889613	-0.0117060696	0.545150403	-0.527751816	0.132088285	0.310644135	0.0509101816	0.00645640229	17.614913
3.35	0.0273447347	0.0343923149	0.157677982	-0.0112743248	0.546074789	-0.62654654	0.139743414	0.309888087	0.108555681	0.00617162158	18.759714
3.36	0.0265317965	0.0343814565	0.158489383	-0.0107969164	0.546721708	-0.718846497	0.157721994	0.309408688	0.104134548	0.00583545245	18.958238
3.37	0.0254434311	0.0341935546	0.159323253	-0.0102850274	0.547077059	-0.799934992	0.176406296	0.30916602	0.116351116	0.00551494038	17.798376
3.38	0.0241814404	0.0338794108	0.16016957	-0.00974685228	0.547179801	-0.870774681	0.194348599	0.309106227	0.0789868393	0.00517743391	18.248693
3.39	0.0228603202	0.0334926076	0.160996478	-0.00919540452	0.547083968	-0.933779035	0.214939209	0.309181571	0.0856666627	0.00484736249	17.416321
3.4	0.0215964408	0.0330677964	0.161799556	-0.00863556184	0.546786465	-0.990563417	0.239248222	0.309356396	0.0808366889	0.00456160133	21.324801
3.41	0.0205057728	0.0326441446	0.162579818	-0.00807484542	0.546288407	-1.03055323	0.25496929	0.309558184	0.0760323482	0.00436441958	18.122707
3.42	0.0196753762	0.0322534014	0.163335696	-0.00751759684	0.545625709	-1.05432289	0.26288885	0.309731603	0.0458757628	0.00416696323	19.704002
3.43	0.0191653087	0.0319266232	0.164078488	-0.00696906246	0.544843372	-1.06197621	0.257273592	0.30980597	0.0844988595	0.00399703127	20.598108
3.44	0.0189997214	0.0316749599	0.164806426	-0.00642847443	0.543980294	-1.05546688	0.241389393	0.309757776	0.0825768803	0.00383078285	18.800417
3.45	0.019167769	0.0314901731	0.165540246	-0.00589625309	0.543027854	-1.0295625	0.21216531	0.309580703	0.118084566	0.00371405992	18.884687
3.46	0.0196209455	0.0313679756	0.166284222	-0.00537754792	0.541989214	-0.98333849	0.156506865	0.309253745	0.0979720536	0.00366739675	21.422213
3.47	0.020296116	0.0312866643	0.167021653	-0.00487280895	0.540883723	-0.925308786	0.0841364939	0.308820505	0.11219316	0.00360279043	18.835788
3.48	0.0211336438	0.0312267073	0.167743217	-0.00437970336	0.539727008	-0.868750686	0.000593330338	0.308319369	0.110145268	0.00364711671	16.864828
3.49	0.0220692809	0.0311711466	0.168466274	-0.00390148733	0.538512288	-0.815249352	-0.102168501	0.307763202	0.0556927966	0.00385271014	18.129596
3.5	0.0231039794	0.0311151148	0.169086753	-0.00356141484	0.537772255	-0.638235652	-0.061013405	0.307381388	0.0485915987	0.00419396221	17.504386
3.51	0.0242318142	0.0312410404	0.169589343	-0.00334556999	0.537490629	-0.434881808	-0.066107768	0.306729423	0.055082118	0.00549553669	17.693663
3.52	0.0254128615	0.031382096	0.170009439	-0.00312357828	0.53751152	-0.361061069	0.0456553627	0.306315971	0.0372531684	0.00603610697	17.186477
3.53	0.0264767672	0.031697445	0.170390641	-0.00297827348	0.538157036	-0.278521581	0.143540495	0.305669229	0.0398082411	0.00635493289	18.727288
3.54	0.0272863272	0.0320990681	0.170749828	-0.00291357632	0.539227772	-0.196455333	0.236667664	0.304963511	0.0210949209	0.00648019343	19.591458
3.55	0.0277411514	0.0325175079	0.171096089	-0.00293061245	0.54059857	-0.10952157	0.32187762	0.304271912	0.0304127319	0.00650754441	18.065702
3.56	0.0278023094	0.0329045284	0.171438218	-0.00302194663	0.542197775	-0.0292311922	0.405231642	0.303643806	0.0249380184	0.00647649772	18.93759
3.57	0.0274357228	0.0332359518	0.171797514	-0.00318906001	0.543933165	0.0573366778	0.464035063	0.303058181	0.0550757254	0.00641816395	19.1231
3.58	0.0266482055	0.0334786518	0.172172531	-0.00343261111	0.545726457	0.145205163	0.503212658	0.302554844	0.0350650127	0.00627856144	17.963383
3.59	0.0254641895	0.0336193194	0.172583258	-0.00375020797	0.547497068	0.231971954	0.513426861	0.302123251	0.039955956	0.00611254393	18.618912
3.6	0.0239323278	0.0335882966	0.173030227	-0.00410305607	0.549089222	0.311093688	0.533254542	0.301917962	0.138414154	0.00590794503	18.148368
3.61	0.0221458227	0.0334115308	0.173530472	-0.00448815836	0.550471611	0.378224253	0.558633715	0.301894843	0.106969202	0.00560594412	16.630468
3.62	0.0202112567	0.033120673	0.174088026	-0.00490207895	0.551602354	0.43808244	0.588813287	0.302028368	0.098236396	0.00518563228	16.678502
3.63	0.0182580306	0.0327787431	0.174704632	-0.00532914071	0.552470307	0.47591943	0.602663456	0.30221596	0.0966239805	0.00472459874	17.550705
3.64	0.0163835292	0.0324255255	0.175384063	-0.00576529038	0.55305601	0.493247372	0.591042747	0.302392205	0.105518222	0.00421136976	19.839581
3.65	0.0146813769	0.0320874721	0.17610685	-0.00620636633	0.553361164	0.491810798	0.555489415	0.302518794	0.0862929381	0.00365177836	17.088192
3.66	0.0132493188	0.0317791151	0.176855145	-0.00665131582	0.553405598	0.481059543	0.509650569	0.302586191	0.0639927229	0.00308145403	18.708488
3.67	0.0122038446	0.0315188655	0.177593802	-0.0070955749	0.553223504	0.455748712	0.462810539	0.30258098	0.0276765996	0.00258199402	17.050057
3.68	0.0116430619	0.0313312274	0.178320273	-0.00753718989	0.552865702	0.412942194	0.417998288	0.302465608	0.093868321	0.00218457654	18.692057
3.69	0.0116124939	0.0312510132	0.179038073	-0.00796776583	0.552407169	0.353029491	0.365779336	0.302171385	0.0886965452	0.00195823397	17.719838
3.7	0.0120802905	0.0312682151	0.179728984	-0.00838394646	0.551849269	0.26862158	0.306098896	0.301719189	0.0889675705	0.00188460488	19.918507
3.71	0.0129775157	0.0313706856	0.180382468	-0.00878901249	0.551237264	0.171447153	0.249251806	0.301138027	0.0990572596	0.00197043971	18.13607
3.72	0.0142090718	0.0315294886	0.180999129	-0.00918058063	0.550541345	0.0605380025	0.192927513	0.300471123	0.103627789	0.00226478317	20.41739
3.73	0.0156824593	0.0317337983	0.181593578	-0.00955258937	0.549788804	-0.0637809909	0.132334193	0.299720799	0.113696892	0.00269742732	20.362454
3.74	0.0173059342	0.0319352667	0.182170971	-0.0099091421	0.548914497	-0.193175107	0.0695752124	0.298967914	0.0740139024	0.00323545834	18.80412
3.75	0.0190122425	0.0320995099	0.182747403	-0.0102517658	0.547891076	-0.314271277	0.00657587846	0.29826106	0.0258198827	0.00386339072	18.176601
3.76	0.0207992124	0.032365425	0.183266249	-0.0106355016	0.547043461	-0.323165951	-0.114388154	0.297333441	0.0370187668	0.00455202872	19.116284
3.77	0.0224294264	0.0327090765	0.183645744	-0.0109901577	0.546742881	-0.359089278	-0.175101126	0.296282566	0.0387581954	0.00473427978	18.206577
3.78	0.0237049361	0.0328640181	0.183962977	-0.0113180562	0.546180424	-0.407875289	-0.201613767	0.295596632	0.043089324	0.00501265874	16.584
3.79	0.0247039115	0.0330802698	0.184217189	-0.0115986543	0.546085719	-0.46623816	-0.217137126	0.294808553	0.0383224721	0.00503768099	16.403276
3.8	0.02538808	0.0333169524	0.184405515	-0.0118354303	0.546356579	-0.522433774	-0.212728142	0.294065925	0.0273926281	0.00517022227	17.283645
3.81	0.0257316686	0.0335388356	0.184536566	-0.0120327081	0.546916534	-0.569621043	-0.189705909	0.293440344	0.0285352679	0.00528583728	18.723926
3.82	0.0257238079	0.0337236113	0.184618229	-0.0121826212	0.547707647	-0.61221113	-0.152347241	0.292961649	0.0457207861	0.00534429152	19.045551
3.83	0.0253759608	0.0338593652	0.184662888	-0.0122796267	0.548662419	-0.655099383	-0.1115306	0.292628204	0.0340236282	0.00534811482	15.819915
3.84	0.0247233513	0.0339334703	0.184687156	-0.0123297641	0.54970713	-0.68775639	-0.0730396341	0.292441106	0.030544675	0.00529864848	16.127744
3.85	0.0237676321	0.0338705716	0.184753694	-0.0123275305	0.550535006	-0.71361934	-0.055438035	0.292477226	0.110064689	0.00516880753	20.171251
3.86	0.022571524	0.0336445738	0.184866645	-0.0122845728	0.551047283	-0.722728795	-0.0453109488	0.292768838	0.106475256	0.00491723921	16.788816
3.87	0.0212376609	0.0333068771	0.185021326	-0.0122007006	0.551299374	-0.72239479	-0.038748094	0.293219074	0.0996172915	0.0045061308	17.320693
3.88	0.0198780473	0.032915523	0.185226521	-0.012081763	0.551311456	-0.71250171	-0.0474369428	0.293715603	0.0807129811	0.0039937533	16.86904
3.89	0.0185880428	0.0325019819	0.185482307	-0.0119288481	0.551103294	-0.702763591	-0.061442073	0.294214756	0.10001171	0.00342268528	15.874727
3.9	0.017470866	0.0321088635	0.185816731	-0.0117416177	0.550695792	-0.692807077	-0.0916866431	0.294620231	0.0807008965	0.00286506149	17.5775
3.91	0.0166070854	0.0317626988	0.186213377	-0.0115272258	0.550138864	-0.687639231	-0.132773401	0.294895703	0.0921077614	0.0023398396	17.956561
3.92	0.0160581986	0.0314760318	0.186660949	-0.0112883838	0.54946485	-0.684303404	-0.180126474	0.295028743	0.0287511297	0.00187017801	17.607985
3.93	0.0158543071	0.0312544217	0.187143289	-0.011033355	0.548699411	-0.679523186	-0.232071478	0.295018673	0.0831378899	0.00149957267	19.79178
3.94	0.0159888451	0.0310986945	0.18764515	-0.0107656548	0.547875256	-0.675230142	-0.284808481	0.294875277	0.0839854222	0.00128628831	17.25826
3.95	0.0164197925	0.0310075225	0.188172372	-0.0104904418	0.54699875	-0.66228927	-0.349100548	0.29458835	0.0878967717	0.00128309094	18.167817
3.96	0.0170784708	0.0309644719	0.188713294	-0.0102096533	0.546085656	-0.64619632	-0.419404516	0.29419582	0.0771659499	0.00140237516	16.436684
3.97	0.017894575	0.0309515204	0.189258161	-0.00992231674	0.545143298	-0.632165269	-0.493142281	0.293735344	0.103915692	0.00164687979	18.822494
3.98	0.0187959325	0.030937843	0.189818976	-0.00962379901	0.54412342	-0.623802603	-0.573604855	0.293255813	0.0983143623	0.00197785779	18.626804
3.99	0.0197254704	0.0309123743	0.190410676	-0.00931050288	0.543028236	-0.622958526	-0.667716914	0.292760387	0.0556140203	0.00236048718	18.503421
4	0.0206327659	0.0308492502	0.1910476	-0.00897731035	0.541836103	-0.635803965	-0.771118845	0.292295578	0.0433829215	0.00278913381	16.530998
4.01	0.021529533	0.0307603208	0.19161905	-0.00873329477	0.541032683	-0.536413498	-0.740726892	0.292039933	0.0377987031	0.00327966029	17.045777
4.02	0.0224437371	0.0307725062	0.192125143	-0.00858363594	0.540435233	-0.380563969	-0.759620856	0.29163956	0.0320197368	0.00443368791	18.68199
4.03	0.0233783102	0.0307531858	0.19258273	-0.00839772944	0.540032425	-0.327396082	-0.658013884	0.291523861	0.0284052935	0.00511137209	18.419726
4.04	0.0242922955	0.030904833	0.192988595	-0.00825375451	0.540195941	-0.257001405	-0.556325662	0.291182017	0.03535612	0.0056658246	19.18379
4.05	0.0251015586	0.0311862554	0.193334214	-0.00814059356	0.540851452	-0.18919672	-0.444765583	0.29071625	0.0431917267	0.00606405715	18.96266
4.06	0.0257107168	0.0315232799	0.193628496	-0.00806280578	0.54186193	-0.121153782	-0.32191415	0.290229193	0.0318272722	0.00627486857	17.72068
4.07	0.0260666489	0.0318739261	0.193858074	-0.00801329169	0.543160123	-0.0651027804	-0.190863675	0.289758628	0.0481517294	0.00639736034	19.223437
4.08	0.0261229626	0.0322092125	0.194054116	-0.00799728459	0.544680075	-0.0143583677	-0.0624107527	0.289300415	0.0343679803	0.00640511559	17.894276
4.09	0.025843933	0.0325182831	0.194248405	-0.00801777926	0.546356104	0.0339372604	0.038731613	0.288809794	0.038517129	0.00631028843	18.423265
4.1	0.0251766861	0.0327049248	0.194474746	-0.00808476351	0.547899589	0.094780699	0.100039192	0.288411047	0.112415436	0.00605315902	17.476921
4.11	0.0241428	0.0327023354	0.194763372	-0.00818367747	0.549151901	0.155757352	0.137960074	0.288200725	0.09782465	0.00568581062	16.85936
4.12	0.022813972	0.032506433	0.195121974	-0.00830143019	0.550069738	0.215572088	0.165347365	0.288196476	0.104334594	0.0052922753	18.211265
4.13	0.0212981904	0.0321576702	0.195543236	-0.00843185542	0.550659224	0.271349637	0.184376905	0.288360074	0.0934666746	0.0048815246	15.609131
4.14	0.0197105608	0.0317004135	0.196028719	-0.00857024717	0.550913108	0.329028012	0.194894542	0.288651165	0.090157996	0.00445518045	17.580715
4.15	0.0181781194	0.0311934973	0.196564124	-0.00871470905	0.550874834	0.388445794	0.197439309	0.28900343	0.0784914698	0.00404452783	16.761871
4.16	0.0168200117	0.0306929681	0.197140289	-0.00886273494	0.550597427	0.447137064	0.190831044	0.289341722	0.0913907268	0.00367094435	18.292786
4.17	0.0157376257	0.0302511353	0.197735885	-0.00900962177	0.55015818	0.494206765	0.172934468	0.289585743	0.0221810294	0.0033362579	19.527937
4.18	0.0149946941	0.0298908166	0.198342948	-0.00914885272	0.549592496	0.524619268	0.143567407	0.289695368	0.0904633339	0.0029928176	20.618829
4.19	0.0146189023	0.0296082458	0.198964358	-0.00928125482	0.548884053	0.537761408	0.10031943	0.289665397	0.080995969	0.00265723784	19.518799
4.2	0.0146137536	0.0293937837	0.199600367	-0.00940491904	0.548038152	0.534779937	0.046049297	0.289502093	0.0870715332	0.0023578214	18.494384
4.21	0.0149497109	0.0292365538	0.200253542	-0.00951373011	0.547036044	0.509348231	-0.029978057	0.289199088	0.0833199847	0.00216883529	18.33458
4.22	0.0155704196	0.0291067481	0.200923454	-0.00960572596	0.545849607	0.468976751	-0.12584666	0.288800519	0.0838351684	0.00204719562	16.544682
4.23	0.016417222	0.0289852656	0.201604634	-0.00967911318	0.544490494	0.420394555	-0.238488261	0.28833502	0.0773037002	0.00210348755	18.277091
4.24	0.0174306863	0.0288542718	0.202286606	-0.00973361059	0.542973847	0.368587378	-0.363476142	0.287839831	0.0591335193	0.00236435283	18.293118
4.25	0.0185512254	0.0286969815	0.202979577	-0.0097669106	0.54129313	0.316519977	-0.503406439	0.287341179	0.0442601193	0.00280463225	17.182027
4.26	0.0197670489	0.0285427703	0.203572616	-0.00968939876	0.539988981	0.158872291	-0.516056535	0.286948487	0.024299244	0.00336488404	18.460538
4.27	0.0211456404	0.0285669516	0.20406438	-0.00955725672	0.539269748	0.0143264808	-0.492114067	0.286361594	0.0480891225	0.00447844648	19.584137
4.28	0.0224851842	0.0286697006	0.204480182	-0.00931940803	0.538681685	-0.191941968	-0.507732085	0.285711964	0.04403571	0.00525912425	19.376278
4.29	0.0237277859	0.0287094142	0.204853492	-0.00910642981	0.538264236	-0.291405968	-0.415512921	0.285399857	0.0344019397	0.00571674711	17.567805
4.3	0.0248175115	0.0288946852	0.205171004	-0.00884856252	0.538391807	-0.382832463	-0.323461389	0.284896294	0.0388144194	0.00600350792	18.700139
4.31	0.0256489937	0.0291641132	0.205461631	-0.00856132382	0.538923056	-0.447633534	-0.230012369	0.284327015	0.0516412927	0.00616252379	19.249045
4.32	0.026134431	0.0294630526	0.205720934	-0.00825737812	0.539765209	-0.481696081	-0.139796823	0.283759907	0.0470776029	0.00615131754	18.359818
4.33	0.0262191895	0.0297585046	0.205955948	-0.00794298095	0.540888996	-0.48438777	-0.0544131894	0.283212692	0.0332039828	0.00596339275	18.441196
4.34	0.0258858337	0.0300216457	0.206156703	-0.00762620736	0.542273766	-0.455299226	0.034242663	0.282724508	0.0316997793	0.00562726837	16.366967
4.35	0.0251101692	0.0301598723	0.206369068	-0.00730604046	0.543593344	-0.406300934	0.107393319	0.282423204	0.121188557	0.00523989414	18.874569
4.36	0.0239325595	0.0301366648	0.206612796	-0.00698797885	0.544695581	-0.35268713	0.158119403	0.282335317	0.105356834	0.00474105307	16.980579
4.37	0.022453648	0.0299548778	0.206891987	-0.00668272844	0.545516739	-0.296028025	0.185337741	0.28244022	0.103232875	0.0041602079	15.609544
4.38	0.0208022945	0.0296414304	0.207218291	-0.00639007857	0.546046034	-0.243101285	0.192893141	0.282689011	0.100518519	0.00354845921	17.450914
4.39	0.019126487	0.0292362037	0.20757203	-0.00611125255	0.546318035	-0.192361504	0.192139956	0.283041152	0.105302037	0.00297523456	17.91427
4.4	0.017564883	0.0287903697	0.207963396	-0.00584271803	0.546376167	-0.156830301	0.186740583	0.28342229	0.0770906503	0.00248349122	16.171842
4.41	0.0162341404	0.0283532405	0.208398884	-0.00558177248	0.546268174	-0.136287567	0.175977529	0.283759344	0.0935129105	0.00213078556	16.824135
4.42	0.0152124624	0.0279659333	0.208855227	-0.00533440973	0.546054384	-0.123787392	0.160832176	0.28400077	0.0159317408	0.0019112227	15.945679
4.43	0.0145388699	0.0276523969	0.209310602	-0.00509990628	0.545793492	-0.122131121	0.151349522	0.284129611	0.0850216834	0.00180373057	17.51032
4.44	0.0142161245	0.0274256648	0.209767541	-0.00488187151	0.545491679	-0.117324201	0.139815012	0.284119404	0.101649501	0.00185639477	17.93798
4.45	0.0142219707	0.0272782442	0.210223125	-0.00467477191	0.545143126	-0.117042695	0.131254235	0.28399236	0.0848241366	0.0019882192	18.85363
4.46	0.0145273375	0.0272057479	0.210663427	-0.00448370139	0.544755442	-0.114736205	0.124265386	0.28375729	0.0879598372	0.00221521427	18.486251
4.47	0.0150920867	0.0272020144	0.2110895	-0.00431322734	0.54432079	-0.106907138	0.109221893	0.283409421	0.0902860377	0.0025059245	17.373341
4.48	0.015866108	0.0272540122	0.211515144	-0.00416290913	0.543836254	-0.0994670502	0.0804712658	0.282950822	0.0897043979	0.00280653761	17.439216
4.49	0.0167925325	0.0273325796	0.211946487	-0.0040259078	0.543289376	-0.0938290693	0.042279489	0.282426635	0.0673498685	0.00312610263	19.497349
4.5	0.017818361	0.0274148469	0.212395164	-0.00389972256	0.542669716	-0.0908624662	-0.00742008617	0.281863844	0.0383465161	0.00353928717	19.238188
4.51	0.0188910647	0.0274716994	0.212867808	-0.00378364026	0.541939648	-0.0896081225	-0.07210065	0.281305887	0.0359737312	0.00404656587	18.594094
4.52	0.0200262145	0.0276470635	0.213233149	-0.00372241656	0.541852933	-0.0584374412	-0.068707576	0.28058423	0.032560218	0.00463387888	17.49303
4.53	0.0210362885	0.0276869562	0.213586758	-0.00368605971	0.54147465	-0.00723290156	-0.0381348773	0.280216759	0.041817332	0.00524104984	18.708072
4.54	0.0220014839	0.02786267	0.213886518	-0.00370798009	0.541690342	0.0601892771	0.0133396947	0.279631346	0.0303358951	0.00561837921	16.202392
4.55	0.0228397977	0.0281227187	0.214141824	-0.00379008139	0.542349542	0.143924765	0.0863651142	0.278984046	0.0262945329	0.0060473879	19.852171
4.56	0.0234839743	0.0284366426	0.214377304	-0.0039257219	0.543354746	0.232032776	0.160207488	0.27830505	0.0500660082	0.00651132263	17.199764
4.57	0.0238734232	0.0287617716	0.21460451	-0.00410983168	0.544645906	0.319544034	0.236621749	0.277653022	0.0298658034	0.00689047639	17.917455
4.58	0.0239553545	0.0290589358	0.214865443	-0.00434474074	0.546111725	0.409453857	0.300755205	0.277050889	0.0451753477	0.00720355465	15.966135
4.59	0.0237063652	0.0292931753	0.215167006	-0.00462372275	0.547659552	0.495228936	0.347759845	0.276534653	0.0530721312	0.00742842739	17.350532
4.6	0.0230889653	0.0293745194	0.215549833	-0.0049475452	0.548981938	0.58595693	0.365886378	0.276229163	0.115643228	0.00757356398	16.086209
4.61	0.0221307087	0.0292621713	0.216039884	-0.00529916072	0.549930095	0.685353334	0.361779195	0.276181661	0.105238322	0.00757227534	16.521468
4.62	0.0209247933	0.0289880831	0.216625486	-0.00567840739	0.550530793	0.783170116	0.348887239	0.276344578	0.120548167	0.00744365561	18.211611
4.63	0.0195804612	0.0286156879	0.21727314	-0.00608889954	0.550871639	0.880196715	0.342392487	0.276646249	0.08708643	0.00719438646	16.613256
4.64	0.0182047007	0.0282031579	0.217997007	-0.00653110945	0.55095603	0.972543396	0.334862193	0.276995986	0.102996581	0.0068583984	16.824643
4.65	0.0169005874	0.0278042076	0.218786319	-0.00700414375	0.550833103	1.05864631	0.328340197	0.277316525	0.0951271347	0.00647769222	18.146607
4.66	0.0157589461	0.0274472659	0.219617971	-0.00750220187	0.550485317	1.131665	0.316223307	0.277565391	0.0983871925	0.00609727639	17.84676
4.67	0.0148654072	0.0271616064	0.220483815	-0.00802155992	0.549962304	1.19043485	0.298802996	0.277679788	0.0161999239	0.00569798468	16.31268
4.68	0.0142872381	0.0269714998	0.221381674	-0.00855387804	0.549306094	1.22816718	0.264359909	0.277586016	0.100383181	0.00530991764	19.719564
4.69	0.0140611096	0.0268643017	0.222315926	-0.00910357883	0.548534531	1.24714435	0.219548698	0.277294114	0.0651204956	0.00486101567	19.403645
4.7	0.0141993001	0.0268313438	0.223282762	-0.00966933182	0.547690144	1.24600544	0.167432407	0.276808548	0.0868355669	0.00442514851	18.420485
4.71	0.0146792805	0.0268435523	0.224258456	-0.0102435174	0.546766956	1.21835594	0.112744707	0.276191025	0.0868005395	0.00401591909	17.103293
4.72	0.0154505122	0.0268792372	0.225231664	-0.0108224195	0.545777574	1.16396005	0.0587108199	0.275487153	0.087311955	0.00368237588	21.467708
4.73	0.0164467679	0.0269176171	0.226191206	-0.0114009515	0.5447247	1.09170126	0.00787363116	0.274749561	0.0930416665	0.00349478648	18.115009
4.74	0.0175989024	0.0269272957	0.227129562	-0.0119766462	0.543572713	1.00606027	-0.0369307255	0.27405211	0.0635077276	0.00351429845	20.022171
4.75	0.0188420497	0.0268900807	0.228067213	-0.0125496401	0.542290379	0.90894552	-0.0835677082	0.273418632	0.0382461096	0.00377900024	20.238224
4.76	0.0201201639	0.0267886563	0.229	-0.0131134201	0.540853632	0.80056711	-0.136466651	0.272879711	0.0469321381	0.0042169277	19.613357
4.77	0.0214698018	0.0267855964	0.2297282	-0.0136130302	0.540095212	0.687476795	-0.0942030158	0.272269041	0.0388172979	0.00477165619	19.89347
4.78	0.0227374402	0.0268441724	0.230319116	-0.0140031036	0.539583305	0.500913708	-0.0863804202	0.271558577	0.0464250777	0.00563232286	16.274571
4.79	0.0238531301	0.0268046463	0.230793772	-0.0143934063	0.53921698	0.396701316	0.0436007119	0.271253788	0.0426957474	0.00593194808	19.638226
4.8	0.0247904119	0.0269077369	0.231137175	-0.0146980417	0.539467837	0.25424817	0.159130903	0.270696598	0.0418003021	0.0066328837	19.033155
4.81	0.025436366	0.0271012174	0.231400958	-0.0149126021	0.540192467	0.0901496835	0.250188299	0.269988531	0.0286506572	0.00686029563	19.631273
4.82	0.0256902286	0.0272850814	0.231633903	-0.0150280697	0.541211514	-0.0891674263	0.326025322	0.269289343	0.0526790475	0.00672409136	18.474433
4.83	0.0255080089	0.0274173422	0.231829555	-0.0150492097	0.542480582	-0.266805605	0.394458993	0.26866809	0.0342666808	0.0065435683	16.134312
4.84	0.0248835736	0.0274674026	0.231991633	-0.0149737186	0.543937563	-0.440222599	0.461474467	0.268183554	0.0266509243	0.00636542437	16.620049
4.85	0.0238194495	0.0273630441	0.232157335	-0.0148039764	0.545279624	-0.604302569	0.515913884	0.267970442	0.110814469	0.00623144007	15.620575
4.86	0.0223733882	0.0270728972	0.232370024	-0.014558628	0.546342022	-0.743294909	0.56749535	0.268091966	0.0924940215	0.00601538316	17.843593
4.87	0.0206484924	0.02663708	0.23265043	-0.0142461818	0.547079697	-0.853505589	0.609500324	0.26847601	0.0967781529	0.00566723692	18.370969
4.88	0.0187696835	0.0261155035	0.233015085	-0.0138715638	0.547491637	-0.937435657	0.634292355	0.269014715	0.0857968291	0.00515706131	15.422413
4.89	0.0168715589	0.0255627606	0.233457475	-0.0134448809	0.547580167	-0.993087849	0.635342274	0.269611854	0.0797635832	0.00454454238	16.639407
4.9	0.0150896896	0.0250313955	0.23398064	-0.0129742502	0.547381986	-1.01955597	0.605004009	0.270151221	0.0761942746	0.0038641921	16.568558
4.91	0.013557172	0.0245278172	0.234581102	-0.012464432	0.546880756	-1.02650715	0.554538865	0.270619825	0.0927724935	0.00312433234	18.361456
4.92	0.012426575	0.0240913634	0.235212241	-0.0119244757	0.546197606	-1.01230211	0.498007589	0.270952707	0.0368113415	0.00248192467	17.771801
4.93	0.0118097987	0.0237347831	0.235863092	-0.0113602999	0.54535152	-0.97948916	0.436513985	0.271125378	0.0889521036	0.00201695436	15.868285
4.94	0.0117527416	0.0234748995	0.236537919	-0.0107770071	0.544389441	-0.933034146	0.363070016	0.271085698	0.0797284072	0.00184500694	18.378652
4.95	0.012214865	0.0233077253	0.237216547	-0.0101866284	0.543344829	-0.872919136	0.277566501	0.270837944	0.0898051024	0.00194850688	16.982657
4.96	0.0130953273	0.0231948174	0.23789785	-0.00958261572	0.542187105	-0.810851704	0.191971494	0.270466147	0.0947021301	0.00227604775	19.206754
4.97	0.0142879943	0.0231106723	0.238575919	-0.0089624736	0.540915792	-0.754300243	0.115501886	0.270032193	0.112189825	0.00281883333	18.524755
4.98	0.0156989874	0.023035895	0.239249236	-0.00832686078	0.539520073	-0.709020745	0.0507924874	0.269586948	0.0986351161	0.0034846183	20.069323
4.99	0.0172514693	0.0229591984	0.239937238	-0.00767973002	0.537968675	-0.67175697	-0.0169150759	0.269139098	0.0646268955	0.00421871138	18.309931
5	0.0189994781	0.0229002674	0.240541817	-0.00713974825	0.536917915	-0.525629665	0.0873221739	0.268812009	0.0758444766	0.00497045612	18.455546
5.01	0.0209167515	0.023075559	0.241031929	-0.00670182	0.536379555	-0.345792264	0.155790476	0.268103553	0.0294411274	0.00679119011	20.269535
5.02	0.0228016381	0.0234419723	0.241422904	-0.0063109975	0.536586112	-0.218128703	0.266407127	0.267154787	0.0547188017	0.0076776127	19.883107
5.03	0.0243884537	0.0237803474	0.241782192	-0.00592630907	0.537023284	-0.163238553	0.449564858	0.26643819	0.0478240462	0.00808209669	17.783119
5.04	0.0255930223	0.0242279924	0.242120185	-0.00560784136	0.537979988	-0.092457763	0.600295304	0.265510936	0.0331458007	0.00838059032	18.134043
5.05	0.0262814346	0.0246856611	0.242466617	-0.00536373614	0.539274498	-0.0237804101	0.719595781	0.264541458	0.0372526577	0.00823625602	18.166497
5.06	0.026364863	0.025076274	0.2428431	-0.00519402962	0.540795352	0.040717587	0.805077	0.263514741	0.0367275188	0.00777335522	18.640252
5.07	0.0258012386	0.0253348314	0.243258749	-0.00509930758	0.542421691	0.0990416365	0.855814066	0.262626579	0.028644951	0.00714203418	17.952275
5.08	0.024605918	0.0254355574	0.243721541	-0.00508038198	0.544092019	0.156043473	0.870274102	0.261915511	0.0171111115	0.00645221976	18.220416
5.09	0.0228481788	0.0253628283	0.244217402	-0.00513521354	0.545755064	0.211120791	0.864622269	0.261445118	0.0312816021	0.00580860361	19.746631
5.1	0.0206318792	0.0250882792	0.244771839	-0.00524122373	0.547232483	0.264654868	0.853790835	0.261327404	0.099506963	0.00530524823	16.601443
5.11	0.0181151339	0.0246429643	0.245395516	-0.0053854753	0.548426531	0.313024218	0.84033276	0.261553232	0.0983271331	0.00485323682	18.237282
5.12	0.0154841177	0.0240997453	0.246101832	-0.00556339522	0.54931347	0.354153049	0.816023623	0.262007205	0.0957385363	0.00436114953	16.914545
5.13	0.0129183242	0.0235236486	0.246893511	-0.00576814584	0.54986914	0.385774082	0.773971847	0.262577649	0.0950008251	0.00383438021	17.761902
5.14	0.0105892963	0.0229782553	0.247744035	-0.00599439662	0.55015028	0.408474375	0.720389453	0.263147772	0.0807161046	0.00330084204	18.824622
5.15	0.00865023704	0.02250928	0.248645895	-0.00623665885	0.550189112	0.429217032	0.657467945	0.263613476	0.0803325022	0.00281594205	17.539393
5.16	0.00723591691	0.0221433456	0.249590091	-0.00648954742	0.550012432	0.446844936	0.588324751	0.263894894	0.0614821935	0.00243059622	18.519565
5.17	0.00645726543	0.0219037283	0.250574475	-0.00674551301	0.549667985	0.456465316	0.509070973	0.263905134	0.0267005005	0.00220632664	18.066554
5.18	0.00636075746	0.0218009864	0.251576315	-0.00700080407	0.54923516	0.452980606	0.425119972	0.263620758	0.0887255504	0.00215824785	18.36925
5.19	0.0068875194	0.0218241335	0.252582254	-0.00724922993	0.54872047	0.427887481	0.330464098	0.263009526	0.0924192569	0.00229706053	17.193411
5.2	0.00791150406	0.0219460664	0.253593205	-0.00748639086	0.548121312	0.383393843	0.225017631	0.262123209	0.104499882	0.00256359591	19.093846
5.21	0.00929985083	0.022136747	0.254604603	-0.00771173766	0.547454305	0.330395141	0.115643206	0.261026474	0.11125135	0.00295718364	18.165327
5.22	0.010933112	0.022359902	0.255612829	-0.00792226866	0.546708512	0.273349603	0.00686463834	0.25980744	0.0981534208	0.00345674373	19.263666
5.23	0.0127015575	0.0225793864	0.256620996	-0.00811491841	0.545844415	0.217348283	-0.103984805	0.258552031	0.0970958408	0.00403670937	19.194968
5.24	0.0145113542	0.0227609423	0.25762656	-0.00828944551	0.544842589	0.166086329	-0.213277643	0.257346857	0.0554655823	0.00467322259	17.538355
5.25	0.0162875284	0.0228698277	0.258625998	-0.00844635316	0.543644475	0.118889856	-0.32361026	0.256277875	0.0434822184	0.00530517432	18.583773
5.26	0.0180151	0.0230814372	0.259416279	-0.00855303533	0.543191605	0.0506139364	-0.340150713	0.255059368	0.0391388227	0.00596331381	17.723459
5.27	0.0195718083	0.0233294709	0.260061444	-0.0085738213	0.542963591	-0.0860882978	-0.369836935	0.253828324	0.0324377502	0.00654157621	16.458786
5.28	0.0208036055	0.0234730701	0.260568801	-0.00860511923	0.542910934	-0.135419212	-0.268210103	0.253082821	0.047408431	0.00695727213	20.714526
5.29	0.0217991431	0.0236929588	0.260953827	-0.00857508552	0.543337824	-0.208179262	-0.141778658	0.252292683	0.0478334372	0.00722669581	18.981898
5.3	0.0225182379	0.023963188	0.261240171	-0.00848838669	0.544091346	-0.279641012	-0.0166399834	0.251520195	0.032975606	0.00757328277	18.565987
5.31	0.02290997	0.0242313307	0.261430524	-0.00835275925	0.54508101	-0.341430885	0.107475617	0.250846752	0.0397214235	0.00766371929	16.771724
5.32	0.0229414027	0.0244541996	0.261549685	-0.0081681975	0.546222829	-0.396412339	0.224128073	0.250302988	0.0354011148	0.00751395531	19.208412
5.33	0.0225933824	0.0245947195	0.261604354	-0.00794708285	0.547421531	-0.433183245	0.3295613	0.249928057	0.0493913162	0.00718861572	18.285822
5.34	0.0218838244	0.0246444286	0.261604103	-0.00769114057	0.548634478	-0.461450497	0.416485616	0.249696828	0.0295786972	0.00668278311	18.772452
5.35	0.0208412168	0.0245308944	0.261576128	-0.00742185724	0.549618683	-0.48232345	0.498530229	0.249771894	0.122466374	0.0060587963	19.279175
5.36	0.0195670745	0.0242892037	0.261559691	-0.00714400711	0.550362724	-0.495606147	0.566986505	0.250051843	0.107540753	0.00539348395	18.994732
5.37	0.0181775471	0.0239590105	0.261567163	-0.00686182694	0.550859046	-0.499742449	0.61849813	0.250461268	0.0971023309	0.00468562402	19.627513
5.38	0.0167914921	0.0235877004	0.261607046	-0.0065791294	0.551126193	-0.489906743	0.646517054	0.250904289	0.102093494	0.00394129754	19.367374
5.39	0.0155291369	0.0231959027	0.261668696	-0.00629337545	0.551181673	-0.479455042	0.668068455	0.251371902	0.0875216703	0.00315436711	19.634489
5.4	0.0145002545	0.0228161526	0.261761976	-0.00600830521	0.551029914	-0.471920342	0.678967681	0.251803578	0.0795100461	0.00248771623	18.962058
5.41	0.0137811207	0.0224597029	0.261883722	-0.00571899943	0.550659088	-0.474206462	0.684863972	0.252195556	0.0824118449	0.00196257883	15.994265
5.42	0.0134127204	0.0221611407	0.262043393	-0.00543390536	0.550109972	-0.47301351	0.669588383	0.252448509	0.0318180733	0.00166277761	18.466579
5.43	0.0133854822	0.0219270453	0.262223327	-0.0051569467	0.549425999	-0.466004142	0.634966332	0.252543317	0.0912478311	0.00143776173	16.205281
5.44	0.0136593076	0.021754702	0.262416996	-0.00488903104	0.548655249	-0.451085561	0.585227874	0.252476154	0.0887210536	0.00130180075	16.70953
5.45	0.0141729111	0.0216254003	0.262626003	-0.00462529898	0.547802681	-0.432189966	0.525967015	0.25228881	0.0944098129	0.00132414244	17.128527
5.46	0.0148675104	0.0215322541	0.26284646	-0.00436810353	0.546890325	-0.410048513	0.453646247	0.251992848	0.1077521	0.00153920823	18.246942
5.47	0.0156794374	0.0214615436	0.26307607	-0.00411717033	0.545938963	-0.391065136	0.370618668	0.25162353	0.106993102	0.00188161598	18.004599
5.48	0.0165409088	0.0213856108	0.263318648	-0.0038713284	0.544903637	-0.375204433	0.274434044	0.251248686	0.106830538	0.00232936193	18.477188
5.49	0.0174003512	0.0212837142	0.26357872	-0.00362834329	0.543750908	-0.359837657	0.159393764	0.250910846	0.0651575304	0.00284837623	17.54342
5.5	0.0182132839	0.0211363352	0.263869946	-0.00338224678	0.542475981	-0.359071947	0.0325367806	0.250657338	0.0379153842	0.0034602457	16.662596
5.51	0.0190191433	0.0209488729	0.264091238	-0.00322377264	0.541558901	-0.277706277	0.0397494744	0.250628535	0.0431884331	0.00410424684	18.263424
5.52	0.0199000954	0.0208871158	0.264233529	-0.00316555522	0.540881013	-0.138728789	-0.00536691721	0.250388171	0.0405794287	0.00490002307	17.308971
5.53	0.0205892493	0.0207760724	0.264315408	-0.00308201525	0.540456806	-0.0892978415	0.100837358	0.250542724	0.0484468897	0.00567895184	19.177255
5.54	0.0212435035	0.0208347611	0.264363999	-0.00304341286	0.540621106	-0.0325352263	0.222907251	0.25043942	0.0461493634	0.00592219191	18.695063
5.55	0.0217800754	0.0209996763	0.26438349	-0.00305779299	0.541210984	0.0332416788	0.362713916	0.250243166	0.0523138849	0.00630904545	17.220393
5.56	0.0221164796	0.0212315786	0.264454007	-0.00312246596	0.542051635	0.0992244427	0.470296866	0.249926828	0.0836437884	0.0066772284	17.790599
5.57	0.0221620764	0.0214700244	0.264579017	-0.00322770863	0.543117754	0.161038653	0.559019331	0.249561017	0.0475345955	0.00673841207	19.159533
5.58	0.0218557824	0.0216676904	0.264778415	-0.00337910703	0.544321666	0.216993487	0.621517085	0.249185894	0.0412122918	0.00660456293	18.506452
5.59	0.0211676694	0.0217878794	0.265049657	-0.00358027264	0.54559518	0.271126517	0.660050469	0.248852635	0.041749601	0.00634635217	16.831273
5.6	0.020085755	0.0217576816	0.265409536	-0.00382485807	0.546676063	0.325235378	0.676524532	0.248727607	0.115451017	0.00601709741	20.179247
5.61	0.0186759442	0.0215684674	0.265871843	-0.00410525112	0.547465095	0.375155897	0.67470011	0.248831578	0.102460069	0.00559510524	15.54905
5.62	0.0170588261	0.0212658384	0.266426787	-0.00441563992	0.547986489	0.419207669	0.655494859	0.249081951	0.105594548	0.00508350059	15.979427
5.63	0.0153679252	0.0209082639	0.267066789	-0.00474776732	0.548300635	0.454884674	0.619805727	0.249371935	0.0924007907	0.00450482938	16.245631
5.64	0.0137628541	0.0205247969	0.267746658	-0.00511235772	0.548477671	0.512469475	0.608068335	0.249725579	0.107308035	0.00388482021	16.990152
5.65	0.0123917306	0.0201641289	0.268490972	-0.00550851641	0.548490528	0.58152592	0.604915629	0.250051519	0.0842726082	0.00345829981	16.587311
5.66	0.0113678865	0.0198662279	0.269300162	-0.00592985278	0.548352851	0.65454259	0.598662002	0.250260082	0.087372977	0.0032484016	16.457978
5.67	0.0107626581	0.0196580189	0.270154748	-0.00637249917	0.548124463	0.722091311	0.586860825	0.250278524	0.0216534929	0.00318498043	17.414079
5.68	0.0105925308	0.0195396766	0.271038305	-0.00683301371	0.547824884	0.774522636	0.568767329	0.250087916	0.0901124428	0.00323175151	18.252268
5.69	0.0108290696	0.0194910721	0.27194331	-0.00730454565	0.547430112	0.808318924	0.543511087	0.249713359	0.097499207	0.00332969549	18.771456
5.7	0.0114169041	0.0194984542	0.272860758	-0.00778387875	0.546956835	0.819969335	0.509273052	0.249159329	0.0894716822	0.00348546496	17.963226
5.71	0.0122778745	0.0195412628	0.273785704	-0.0082643287	0.546401966	0.812205423	0.462637079	0.248452159	0.102746663	0.00371966761	18.572843
5.72	0.0133250594	0.0195932335	0.274710043	-0.00873484293	0.545737569	0.783093018	0.395833319	0.247633095	0.10037599	0.00396860042	16.320396
5.73	0.0144734934	0.0196147135	0.275645718	-0.0091940906	0.544908392	0.739083447	0.308693746	0.246781591	0.104790957	0.00424523631	18.039302
5.74	0.0156498429	0.0195771853	0.276605792	-0.00963803267	0.543865451	0.681358037	0.193364999	0.245946156	0.0548591679	0.00461635196	18.097849
5.75	0.0167944246	0.0194556214	0.277599959	-0.0100634464	0.542572655	0.61606657	0.048334289	0.245181368	0.0397169079	0.00506319994	18.263511
5.76	0.0180272625	0.019245263	0.278479496	-0.0103730906	0.541621767	0.44819009	0.0539291043	0.244662289	0.0380077125	0.0056005265	19.121847
5.77	0.0192596614	0.0191940166	0.279212446	-0.0106151713	0.541258476	0.309775061	0.0759524186	0.243861802	0.0431633905	0.00702169094	18.519356
5.78	0.0203587157	0.0192063449	0.279824332	-0.0107582685	0.541088567	0.126143445	0.063123732	0.242985704	0.0344574953	0.00775231685	18.453721
5.79	0.0210532716	0.0191485699	0.280364533	-0.0108910053	0.540992791	0.0377841699	0.125188294	0.242460493	0.0353871158	0.0080654021	17.022932
5.8	0.0214505254	0.0191643475	0.280848092	-0.0109528831	0.541285759	-0.0559820509	0.168907102	0.241776266	0.0379314887	0.00804107851	18.429083
5.81	0.0214995188	0.0192122628	0.281298947	-0.0109496659	0.541875175	-0.136890351	0.195556911	0.241039067	0.0393356685	0.00782655248	15.593513
5.82	0.0211820003	0.0192462169	0.281718713	-0.0108843697	0.542686518	-0.205336834	0.21547748	0.240360027	0.0277818523	0.00744230193	16.338459
5.83	0.0205067289	0.0192483249	0.282113869	-0.010765456	0.543680951	-0.255071536	0.230835992	0.239779037	0.0250026116	0.00699283367	19.177629
5.84	0.0195066564	0.0192056027	0.28248776	-0.0105915738	0.544770853	-0.289153964	0.234691568	0.239329513	0.0408339165	0.00649374445	16.483639
5.85	0.0182158225	0.0190616012	0.282853739	-0.0103709033	0.545708562	-0.318679137	0.233657583	0.23917363	0.106842313	0.00596262542	17.896462
5.86	0.0167269283	0.0188114601	0.283215019	-0.0101189518	0.546403028	-0.348350528	0.242166689	0.239345821	0.101422953	0.00540086951	17.715959
5.87	0.0151793116	0.0185020221	0.283569737	-0.00984703221	0.546852339	-0.374170267	0.255951054	0.239742908	0.103890593	0.00480027862	15.711771
5.88	0.0137151415	0.0181840636	0.283909221	-0.00956608595	0.547081241	-0.3885005	0.268768168	0.240240344	0.102108431	0.00416793548	17.660155
5.89	0.0124678209	0.0178842017	0.284237325	-0.00928259957	0.547089717	-0.39476387	0.281224907	0.240758635	0.101638182	0.00351356513	18.916204
5.9	0.0115550795	0.0176392828	0.284564129	-0.00900294097	0.546936951	-0.394249338	0.284939885	0.241163209	0.0840953792	0.0029278971	16.61847
5.91	0.0110474868	0.0174616861	0.284901789	-0.00873041846	0.546653086	-0.397089023	0.275813275	0.241380941	0.0810097442	0.00241906255	18.764932
5.92	0.010964175	0.0173532259	0.285232578	-0.00846821657	0.54628617	-0.397462117	0.258055687	0.241386035	0.0375027015	0.00201360022	16.193358
5.93	0.0112780206	0.0173082514	0.285550675	-0.00821905708	0.545869134	-0.395500978	0.233595587	0.241176284	0.0850897466	0.00177303047	16.917788
5.94	0.0119252097	0.017308404	0.285842692	-0.00798154741	0.545410959	-0.392082583	0.210608289	0.24080621	0.0849436434	0.001753209	17.920955
5.95	0.012823555	0.0173368464	0.286116343	-0.00775481154	0.544895304	-0.390088039	0.18689678	0.240321203	0.086268682	0.00201181061	18.564485
5.96	0.0138878984	0.0173799885	0.28638719	-0.00753955509	0.544306755	-0.386835109	0.15378543	0.239750074	0.0940147252	0.00240457896	16.817467
5.97	0.0150287373	0.0174171152	0.286672791	-0.00733196004	0.54361385	-0.387484618	0.103967763	0.239139555	0.11237374	0.00284902676	20.518412
5.98	0.0161621754	0.0174206613	0.286986625	-0.00712099324	0.542798238	-0.404767498	0.0444156297	0.238566623	0.118969935	0.00330883984	16.765799
5.99	0.0172328988	0.0173666921	0.287335685	-0.00689994571	0.541815938	-0.438155831	-0.0221810626	0.238107152	0.0685596895	0.00380143242	16.742178
6	0.0182172669	0.0172536528	0.287739906	-0.00666438395	0.540663622	-0.488241972	-0.102699394	0.237762185	0.0455314497	0.0043424744	20.401705
6.01	0.019241355	0.0170855248	0.288085566	-0.00650929311	0.539921892	-0.433728435	-0.0174925845	0.237687601	0.0402301896	0.00493775727	19.049478
6.02	0.0203395649	0.0170484027	0.288371424	-0.00643580669	0.539473924	-0.333121948	0.0292676796	0.237388796	0.0498302596	0.00633468461	16.750077
6.03	0.0213094179	0.0171086818	0.288625842	-0.00638673123	0.539569255	-0.269107664	0.118134311	0.236960335	0.0295121747	0.00726258125	19.905121
6.04	0.0219545938	0.0171256913	0.288864444	-0.00631524796	0.539791956	-0.267024173	0.28676893	0.236850123	0.0338636076	0.00783107134	18.621608
6.05	0.0224122426	0.017237114	0.289116713	-0.00626864611	0.540413669	-0.241965611	0.429243546	0.236531393	0.0320252011	0.0082587664	19.878445
6.06	0.0225882272	0.0173757542	0.289398569	-0.00625207311	0.541312096	-0.204128744	0.549578074	0.236132427	0.020748379	0.00843526616	19.250526
6.07	0.0224179463	0.0174922003	0.289719676	-0.00626560187	0.542393554	-0.155232396	0.640254433	0.235711342	0.0289485799	0.00838508064	18.646719
6.08	0.0218669814	0.0175364113	0.290094994	-0.00631144152	0.543560268	-0.0963225183	0.705722727	0.235347684	0.0431322856	0.00814692995	17.816517
6.09	0.0209330436	0.0174987933	0.290527987	-0.00638698704	0.544773063	-0.0331979297	0.740559982	0.235036559	0.0379438953	0.00785149813	17.588057
6.1	0.0196378075	0.0173285219	0.2910353	-0.00648776255	0.545801336	0.0380694915	0.750879164	0.234927907	0.113178309	0.00746712674	18.886838
6.11	0.0180581751	0.0170263727	0.291609922	-0.00660796297	0.546546352	0.106538276	0.74626142	0.235060031	0.104788745	0.00703168309	16.850775
6.12	0.0163227532	0.0166394627	0.29222813	-0.00674270267	0.547019156	0.17114809	0.730897604	0.235363161	0.101847804	0.00651918196	18.728686
6.13	0.0145805401	0.0162133703	0.292874252	-0.00689050857	0.547229476	0.235541894	0.712226344	0.235774122	0.0907433582	0.005924499	19.002883
6.14	0.0129755728	0.0157927059	0.293540138	-0.00704936303	0.547186301	0.300578019	0.69112073	0.236213364	0.0862691474	0.00531892536	17.475044
6.15	0.0116355871	0.015411601	0.294226625	-0.00722097046	0.546896914	0.36537045	0.664985083	0.236601839	0.083909856	0.00473636987	17.056962
6.16	0.0106575671	0.0150914406	0.294944677	-0.00739748241	0.546363943	0.422598477	0.625292739	0.236861623	0.0874044096	0.00420350755	17.886871
6.17	0.0101358777	0.0148395524	0.295685543	-0.00757405115	0.54564092	0.478337144	0.582040474	0.236959258	0.0378505779	0.00367074436	17.684892
6.18	0.0100977329	0.0146698604	0.296452274	-0.00774475194	0.544794251	0.516060179	0.524377132	0.236811335	0.09780528	0.00333648561	17.473565
6.19	0.0105201262	0.0145708979	0.297226312	-0.00790945237	0.543869415	0.533250024	0.457270961	0.236431989	0.0912061973	0.00302503741	18.556599
6.2	0.0113320011	0.0145293824	0.298008325	-0.00806366581	0.542904526	0.534556352	0.380073046	0.235836761	0.0996602545	0.00278845984	20.162269
6.21	0.0124276167	0.0145222765	0.298781845	-0.00820131023	0.541918027	0.535542305	0.300842318	0.235100331	0.096474514	0.00267320929	29.166607
6.22	0.0136846485	0.0145197117	0.299558083	-0.00832512483	0.540869865	0.544241494	0.219498187	0.234311311	0.0908164026	0.00278657203	23.638896
6.23	0.0149978228	0.0145045688	0.300338811	-0.00843583514	0.539757373	0.564643479	0.133867123	0.233522358	0.0962294277	0.00305846102	17.154309
6.24	0.0162805108	0.0144561371	0.301135332	-0.0085366182	0.538553512	0.598389544	0.0423168521	0.23279694	0.0462136457	0.00342948594	21.103303
6.25	0.0174672325	0.01435957	0.301967917	-0.00863369865	0.537248276	0.651332377	-0.0536221836	0.232181663	0.0475656442	0.00388632902	18.924014
6.26	0.0186919709	0.0142011878	0.302704841	-0.00865503471	0.536327625	0.589558687	-0.00360156151	0.231826383	0.031694692	0.00442015333	20.062337
6.27	0.0199397791	0.0141375051	0.303329588	-0.00860952024	0.535673158	0.46895423	-0.00165090514	0.231275929	0.0373797714	0.00613678731	19.905635
6.28	0.02090573	0.0140270909	0.303864707	-0.00860368108	0.535258729	0.436997113	0.127878261	0.231094067	0.0366137907	0.00702740532	18.845604
6.29	0.0217525145	0.0140210767	0.304344383	-0.00858131628	0.535433191	0.390019149	0.269121868	0.230672335	0.03203624	0.00790995462	19.689105
6.3	0.0223677433	0.0140775527	0.304783713	-0.00853567768	0.536075047	0.335447993	0.411403799	0.230119823	0.0269341482	0.00854022222	19.48038
6.31	0.0226439429	0.0141433842	0.305198962	-0.00846549379	0.537023778	0.276252847	0.538103389	0.22954047	0.0492522157	0.00885194968	16.709051
6.32	0.0225220976	0.0141823852	0.305590527	-0.00836905332	0.538257749	0.207724031	0.654706667	0.228984862	0.0501918234	0.00883023906	18.480767
6.33	0.0219595648	0.0141809968	0.305952673	-0.00824788871	0.539749307	0.141428485	0.755942864	0.228463984	0.0293823741	0.00864674943	16.198659
6.34	0.0209542076	0.0141243439	0.306289438	-0.00809861699	0.541433675	0.0761239147	0.839680533	0.228009801	0.0355289484	0.00828320033	17.71009
6.35	0.0195323865	0.0139665556	0.306632624	-0.00791743255	0.54301924	0.00382808077	0.895754113	0.227767449	0.114904719	0.00779116626	18.312073
6.36	0.0177689291	0.0136974309	0.306976269	-0.00772243653	0.544393053	-0.0649048626	0.943967749	0.227810849	0.092856496	0.00719349637	18.956082
6.37	0.0158026726	0.0133594421	0.307334084	-0.00752272945	0.545535036	-0.126395135	0.980553355	0.228047583	0.09206809	0.00653159788	15.981037
6.38	0.0137775517	0.0130007207	0.307717113	-0.00732393704	0.546438098	-0.177014844	0.996683779	0.228362812	0.078059958	0.00578634581	17.111609
6.39	0.0118512894	0.0126358276	0.308138817	-0.00712146614	0.547020798	-0.221333722	0.997712767	0.228745007	0.104170949	0.00493284416	16.896147
6.4	0.0101771151	0.0123023441	0.308586056	-0.00691803825	0.547331636	-0.259613072	0.987778037	0.229095594	0.0847576864	0.00409958301	18.047532
6.41	0.00889678018	0.0120220139	0.309058002	-0.00671609445	0.547376058	-0.291443398	0.965697236	0.229347654	0.0735232453	0.00328293056	18.88224
6.42	0.00814218655	0.0118064231	0.309540686	-0.00650961695	0.547203637	-0.326626941	0.943028832	0.22946364	0.0347049188	0.00257245591	18.889429
6.43	0.0079816178	0.0116706892	0.310016411	-0.00630175784	0.546870162	-0.361229803	0.916844747	0.229382367	0.0896370715	0.00213171333	16.444458
6.44	0.0084001646	0.0116119145	0.310488191	-0.00609629416	0.546415194	-0.391922646	0.888350178	0.229087633	0.0926240331	0.00200154364	16.568148
6.45	0.00930407771	0.0116197074	0.310965733	-0.00589198774	0.545850683	-0.420710281	0.851562497	0.228582838	0.0813471759	0.00222417066	21.310006
6.46	0.0105597919	0.0116724217	0.311456222	-0.00568707838	0.545171201	-0.449726671	0.803739042	0.227911997	0.098743615	0.00265353488	16.461288
6.47	0.0120449899	0.0117467012	0.311968346	-0.00548420792	0.544368458	-0.473602948	0.739070028	0.22712168	0.107173804	0.00318817926	17.973163
6.48	0.0136481604	0.0118112463	0.312523556	-0.00528608909	0.543377278	-0.483927328	0.642398426	0.226275254	0.109791214	0.00382285669	18.22617
6.49	0.0152601131	0.0118335398	0.313143347	-0.00508749114	0.542172259	-0.485274308	0.511820853	0.225443202	0.0624472933	0.00449689013	18.834983
6.5	0.0167978699	0.0117803779	0.313840407	-0.00488585838	0.540679794	-0.478678803	0.342691771	0.224717744	0.0792686548	0.00527766812	18.497931
6.51	0.0182618295	0.01177956	0.314387627	-0.00471792167	0.540022735	-0.439261179	0.267226702	0.223775949	0.0364652065	0.00617939356	18.702167
6.52	0.0193333543	0.0117362238	0.314863191	-0.00453277779	0.539613427	-0.439405184	0.299315992	0.223155854	0.0363271454	0.00694391549	18.658271
6.53	0.0203153207	0.0117633149	0.31530783	-0.00440731428	0.539457827	-0.343467443	0.281112268	0.222408608	0.0356383475	0.00719231731	18.822803
6.54	0.020943058	0.0118308956	0.315719845	-0.00432166829	0.539767216	-0.253972212	0.278021908	0.221630327	0.0278364645	0.00764876841	19.212274
6.55	0.0211864562	0.0119158816	0.316082871	-0.00427961466	0.54047345	-0.154359994	0.28701134	0.220911878	0.0430423919	0.0079249082	16.583278
6.56	0.0210314903	0.011991691	0.316391047	-0.00429065817	0.541451199	-0.0386608057	0.30087545	0.22034434	0.0491188061	0.00811580889	18.28485
6.57	0.0204673298	0.0120357847	0.31665558	-0.00435648076	0.54260444	0.0830825613	0.323215906	0.219991841	0.0298220061	0.00826693736	18.432135
6.58	0.0195466782	0.0120439937	0.316878796	-0.00447873047	0.543878668	0.20800398	0.359443148	0.2198662	0.0287563144	0.00833350579	18.848406
6.59	0.0183623497	0.0120227854	0.317057138	-0.00466104336	0.545214234	0.337996754	0.41292694	0.219956567	0.0428760436	0.00832237487	17.842126
6.6	0.0169719226	0.0119521359	0.317203734	-0.00488123957	0.546392027	0.472862237	0.491115933	0.220354274	0.118649029	0.00823945158	17.629062
6.61	0.0154612831	0.0118673043	0.317350204	-0.00513455372	0.547387806	0.588974413	0.577309073	0.220909658	0.106803924	0.00796727028	18.536454
6.62	0.0139581892	0.0117899769	0.317533121	-0.00542075611	0.548166618	0.687711823	0.659281352	0.221502273	0.0991314783	0.00746535229	15.948609
6.63	0.012587236	0.0117325262	0.317781559	-0.00573827113	0.548711389	0.772192339	0.729848047	0.222031646	0.0900752339	0.00683881237	18.560101
6.64	0.0114306756	0.0117068238	0.318096314	-0.0060795315	0.549039111	0.831820156	0.778908539	0.222395021	0.0932072169	0.00617423718	18.339276
6.65	0.0105703197	0.0117117304	0.318474601	-0.00643771767	0.549170626	0.863834421	0.803532702	0.2225372	0.0818326026	0.00542864754	15.807631
6.66	0.0100846095	0.0117361688	0.318926089	-0.00681518787	0.549114258	0.873594787	0.805863619	0.222449152	0.0698636703	0.00458442005	18.450422
6.67	0.0100332566	0.011761408	0.319431275	-0.0072142502	0.548861554	0.873776139	0.801196149	0.222199438	0.0364120606	0.00382740184	18.365053
6.68	0.0104036294	0.0117960565	0.31995333	-0.00763043541	0.548504796	0.854700956	0.795247656	0.221771139	0.111323503	0.00330687053	17.671634
6.69	0.0111429218	0.0118354253	0.320492044	-0.00806179265	0.548055245	0.814893774	0.787853984	0.22119716	0.0908509423	0.00303524497	17.217557
6.7	0.012157203	0.0118757065	0.321075001	-0.00850614569	0.547498436	0.754206327	0.762326967	0.22048406	0.0961893176	0.00306339778	20.293548
6.71	0.01333301	0.0118974478	0.321721603	-0.00895554364	0.546786812	0.669115376	0.705151341	0.219684063	0.1126951	0.00327383543	20.311119
6.72	0.014566116	0.0118781463	0.322414005	-0.00940642201	0.545921847	0.568188064	0.62552751	0.218886878	0.110950365	0.00354640484	19.65128
6.73	0.0157644423	0.0117990752	0.323169914	-0.00985303331	0.544842824	0.456171438	0.512490394	0.218084134	0.110483548	0.00401163962	20.10954
6.74	0.0168492515	0.0116385633	0.323994737	-0.0102960758	0.54349765	0.346414961	0.370113524	0.217436384	0.0749770522	0.00457237289	18.844165
6.75	0.0177835736	0.011387462	0.324881136	-0.0107363672	0.541859411	0.247024214	0.205308559	0.217023874	0.0593535026	0.00521912978	18.641626
6.76	0.0186118493	0.011182144	0.325579109	-0.0111311695	0.541038965	0.143648997	0.149039289	0.216451498	0.0326046351	0.00593047751	20.088136
6.77	0.0192803804	0.0110363178	0.326143779	-0.0114852132	0.540807615	0.0400014842	0.151995466	0.215796697	0.0363685053	0.0065639646	18.180967
6.78	0.0196680781	0.0108447447	0.326606852	-0.0118093702	0.540464345	-0.0638711856	0.199823407	0.215619713	0.0415131609	0.00703492267	17.795118
6.79	0.019900274	0.0107379809	0.326994787	-0.0120786138	0.540590678	-0.163380598	0.244804388	0.215243034	0.0566257452	0.00732987973	18.548778
6.8	0.0198997478	0.0106886871	0.327291423	-0.0123025003	0.541159293	-0.248223372	0.29836567	0.214774477	0.0397954317	0.00740373268	18.720534
6.81	0.019620901	0.0106671979	0.327526255	-0.0124783837	0.54205594	-0.320093516	0.348122887	0.214288897	0.0337857283	0.00726673398	17.441787
6.82	0.0190150149	0.0106335694	0.32774709	-0.0126073392	0.54306083	-0.380956426	0.367887679	0.213878833	0.0645843098	0.006959973	18.146391
6.83	0.0180653623	0.0105713581	0.327948354	-0.0126986784	0.544152946	-0.42295896	0.359871905	0.213556357	0.0280409301	0.00645554749	16.693049
6.84	0.016796667	0.0104699147	0.328131058	-0.012758166	0.545290593	-0.439823053	0.330560318	0.213346816	0.0254608943	0.00583633165	20.273781
6.85	0.0152496062	0.0102992678	0.328326015	-0.0127929682	0.546294008	-0.430300452	0.301745343	0.213408926	0.10650175	0.00520407571	16.547736
6.86	0.0135816374	0.010092359	0.328539309	-0.0128091007	0.54714363	-0.409591806	0.267027202	0.213648989	0.091704202	0.0044816298	15.44429
6.87	0.0119449147	0.00987934395	0.328759803	-0.0128139347	0.547844621	-0.387445296	0.231667491	0.213994688	0.0925323901	0.00373491776	15.966643
6.88	0.0104788123	0.0096838022	0.328978526	-0.0128068796	0.54840092	-0.372176532	0.206491575	0.214395534	0.0788772697	0.00301037879	15.367624
6.89	0.00930091207	0.00953121558	0.329204189	-0.0127909865	0.548821485	-0.365729407	0.19005636	0.214758583	0.0755110697	0.00231618316	17.441958
6.9	0.00848488514	0.00943054132	0.329453672	-0.0127614857	0.54908755	-0.372974065	0.183271951	0.215038137	0.0822522652	0.00169952491	18.976569
6.91	0.00808239629	0.00938964105	0.329735254	-0.0127250459	0.549186118	-0.387551328	0.176015121	0.215168027	0.0750510141	0.00121735246	18.018603
6.92	0.00810553448	0.00940564688	0.330041011	-0.0126791087	0.549158774	-0.414137631	0.175584488	0.215122788	0.0157270937	0.00108585769	18.024723
6.93	0.00854291943	0.00947318243	0.330372304	-0.0126221947	0.549020537	-0.442888949	0.177577565	0.214879015	0.105886568	0.00135012474	18.472242
6.94	0.00934566991	0.00957974859	0.33072076	-0.0125526073	0.548801811	-0.474365533	0.186234118	0.21445308	0.079216232	0.00183531782	15.470509
6.95	0.0104566923	0.00971342455	0.331079655	-0.0124744784	0.548508615	-0.495258733	0.194037042	0.213857738	0.0936270516	0.00242607338	18.554504
6.96	0.0117754542	0.00985421358	0.331461342	-0.0123906533	0.548146185	-0.51238871	0.199384649	0.21313422	0.0792185744	0.00306156019	16.723164
6.97	0.0132013502	0.00997933214	0.331877819	-0.0122996242	0.547676307	-0.524357779	0.193162356	0.212342174	0.0994986195	0.00373445895	18.265708
6.98	0.0146451472	0.0100676024	0.332327739	-0.0121990915	0.547099669	-0.533636924	0.177552066	0.211549023	0.0969467161	0.00436307424	16.003027
6.99	0.0160426698	0.0101033732	0.332811191	-0.0120953404	0.546386016	-0.53406602	0.144723698	0.210808142	0.0584772251	0.00502109913	17.783923
7	0.0173311579	0.0100705077	0.33333453	-0.011987272	0.545522012	-0.532804472	0.0985210608	0.210186302	0.0447519711	0.00570494139	16.701391
7.01	0.0187062798	0.00997334086	0.333797967	-0.0119387567	0.544928634	-0.430383996	0.172809674	0.209823657	0.0391596195	0.00643900139	18.038325
7.02	0.0199456994	0.00996208865	0.334175326	-0.0119143808	0.544850673	-0.343137254	0.253149267	0.209176931	0.0280366021	0.00809761162	19.191907
7.03	0.0209850142	0.00998047793	0.334500974	-0.0119451246	0.544852756	-0.20299601	0.273493193	0.208460898	0.0458193208	0.00903789828	19.570683
7.04	0.0214332971	0.00991699369	0.334783148	-0.0119588243	0.544889585	-0.146274288	0.371242629	0.208200621	0.0419023505	0.00946739445	19.508842
7.05	0.0216062666	0.0098906546	0.335020885	-0.0119932004	0.545218812	-0.0764464861	0.456078096	0.207862285	0.0429930801	0.00957437551	16.266752
7.06	0.0214678683	0.00987459522	0.335229533	-0.012047765	0.545782616	-0.00751969943	0.538557015	0.20755001	0.0326763747	0.00953229218	16.839013
7.07	0.0210342171	0.00985004428	0.335430399	-0.0121294999	0.546467215	0.0668205066	0.609753017	0.207327914	0.0376828986	0.00939322527	18.168316
7.08	0.0203328065	0.00980872106	0.335602369	-0.0122390693	0.547235242	0.145493722	0.676607995	0.207240008	0.0403693047	0.00916320288	17.146525
7.09	0.0194177962	0.00975819967	0.335761862	-0.0123886797	0.548041683	0.234065304	0.723408022	0.207234656	0.0370888914	0.00887108614	17.853855
7.1	0.0182401141	0.0096593734	0.335982134	-0.012560856	0.548595353	0.307842521	0.741502265	0.207459549	0.136946895	0.00850457929	18.119325
7.11	0.0168690406	0.00952831583	0.336247958	-0.0127468358	0.548920438	0.35848441	0.738154284	0.207848358	0.105139593	0.00791429375	16.531819
7.12	0.0154289567	0.00938389892	0.336558305	-0.0129473272	0.549035761	0.392966828	0.718809126	0.208327305	0.0874692808	0.00710925879	19.012772
7.13	0.0140316611	0.00924360662	0.336913968	-0.0131608706	0.548939648	0.409436449	0.679952222	0.208816821	0.0822488577	0.00619089694	15.541992
7.14	0.0127960173	0.00911986156	0.337312382	-0.0133853733	0.548657258	0.413039591	0.622677867	0.209244648	0.088657799	0.00518999436	17.639765
7.15	0.0118351438	0.00901747588	0.337736383	-0.0136201118	0.548231973	0.416467854	0.561558173	0.209587792	0.0871739426	0.00416605695	19.455419
7.16	0.0112102624	0.00894527138	0.338181029	-0.0138635819	0.547705974	0.417792229	0.498564684	0.209794429	0.0777661153	0.00322523237	19.29346
7.17	0.0109556835	0.00890630238	0.33864544	-0.0141172265	0.547121603	0.422577114	0.439315688	0.209841861	0.023166573	0.00234173879	17.375887
7.18	0.0110607709	0.0089077665	0.339114497	-0.014377066	0.546542476	0.424520911	0.380935486	0.209685325	0.0826537	0.00164250123	16.986298
7.19	0.0114739911	0.00894237137	0.339578435	-0.014642893	0.545992491	0.420612709	0.327916708	0.2093565	0.0978541294	0.00115851463	18.923003
7.2	0.0121241216	0.00899822023	0.340037521	-0.0149149329	0.545454794	0.409560307	0.2795136	0.208910327	0.0852670096	0.00113647695	18.999796
7.21	0.0129376022	0.00906102461	0.340492818	-0.0151927966	0.544909986	0.391287861	0.237487124	0.208412657	0.0823034927	0.00163193114	18.3001
7.22	0.013844873	0.00911438766	0.340954156	-0.0154768026	0.544315319	0.368521233	0.201338975	0.207933455	0.104966082	0.00236574055	20.955355
7.23	0.0147993749	0.0091480357	0.341421073	-0.0157623701	0.543644413	0.338172865	0.163823922	0.207501147	0.104859216	0.00319018049	18.923877
7.24	0.0157560009	0.00914720473	0.341910049	-0.0160483637	0.542852455	0.300281514	0.116953443	0.207146541	0.0556011133	0.00403973846	19.378726
7.25	0.0166804649	0.0090947495	0.342429128	-0.0163332107	0.541875898	0.256607994	0.0555298461	0.206918404	0.0388634147	0.00490165249	17.769945
7.26	0.0173820604	0.00905143981	0.34293357	-0.0166682773	0.541035759	0.296858214	-0.0693116409	0.206417752	0.0507735023	0.00579532649	21.78153
7.27	0.0178053439	0.00890456358	0.343319567	-0.0170084735	0.540453192	0.346475549	-0.0268845197	0.206387033	0.0447210084	0.00583481863	20.50734
7.28	0.0183313047	0.0087871902	0.343635725	-0.0172675296	0.540089527	0.293863157	-0.0185478906	0.206155472	0.0436495997	0.00599531296	20.01868
7.29	0.0187229114	0.0086875928	0.343890413	-0.0174831364	0.540245746	0.238300664	0.0419826426	0.205798854	0.0456320953	0.00645892324	18.93377
7.3	0.018939142	0.00860966594	0.344106592	-0.0176667971	0.540805206	0.182840755	0.130247262	0.205370668	0.0470927693	0.00692309129	16.450104
7.31	0.0189353776	0.00854271569	0.344305913	-0.0178185314	0.54164578	0.128947585	0.230393933	0.204946968	0.0461701533	0.00726491554	18.208635
7.32	0.0186830805	0.00847511019	0.344513683	-0.0179421639	0.542685988	0.0768372228	0.331001466	0.204565507	0.0437288858	0.00743230392	18.904291
7.33	0.0181681183	0.00839713765	0.344731907	-0.0180443163	0.543880154	0.030584631	0.430325713	0.204254515	0.0377831983	0.00742983262	18.409689
7.34	0.0174236773	0.00829856461	0.344976345	-0.0181202447	0.545138414	-0.0225474273	0.51916443	0.204033765	0.0406650953	0.00728441771	18.929042
7.35	0.0164174751	0.00814926892	0.345287747	-0.0181736197	0.546185976	-0.0633712543	0.575534152	0.204005626	0.138037565	0.00706321118	17.440415
7.36	0.015209024	0.00794722069	0.345684304	-0.0182089517	0.546991903	-0.093280352	0.596740791	0.204113742	0.106560262	0.00655021628	20.243583
7.37	0.0138846314	0.00770109088	0.346174011	-0.0182260679	0.54755945	-0.114881115	0.583589951	0.204284059	0.08887223	0.0058310334	18.540595
7.38	0.0125443177	0.00742730733	0.346773709	-0.0182205686	0.547922902	-0.134511631	0.538064441	0.20442525	0.0938748169	0.00499684766	17.327283
7.39	0.0112856762	0.00714034581	0.3474692	-0.0181919753	0.548085186	-0.152977535	0.467721871	0.204511091	0.0712579013	0.00413586407	19.204735
7.4	0.0102120699	0.00685765525	0.348242141	-0.0181430659	0.548060645	-0.172563568	0.380407452	0.204516053	0.0675333028	0.00330865145	15.531245
7.41	0.00941359118	0.0066002926	0.349062675	-0.0180758825	0.547917541	-0.193130756	0.285886806	0.204391881	0.0648094039	0.00262492193	21.286655
7.42	0.00895548862	0.0063822839	0.349900635	-0.0179938011	0.547692156	-0.213560582	0.191238825	0.204125224	0.0251621254	0.00212791639	16.49872
7.43	0.00886726431	0.00621021438	0.350725832	-0.0178986083	0.547408965	-0.234657416	0.1063696	0.203735287	0.0928491389	0.00193966928	19.403229
7.44	0.00913807246	0.00609084041	0.351530158	-0.0177955708	0.547091843	-0.254980829	0.0269464376	0.203200134	0.103501842	0.00215045241	17.647435
7.45	0.00972321333	0.00601341535	0.35230868	-0.0176896315	0.546665752	-0.264132974	-0.0558586453	0.202577959	0.0982315639	0.00259766882	19.65903
7.46	0.0105494338	0.00596153396	0.353053335	-0.0175821589	0.546103334	-0.271920282	-0.133670714	0.201946708	0.0993952338	0.00315599989	18.622055
7.47	0.0115618432	0.00592820335	0.353731412	-0.0174752497	0.545447082	-0.287116108	-0.194367409	0.201340192	0.114238409	0.0038201479	19.460839
7.48	0.0127023299	0.00589525728	0.354355754	-0.0173677052	0.544601185	-0.315732033	-0.238643191	0.200851615	0.111638075	0.00460008201	17.739666
7.49	0.0139743903	0.00585599229	0.35493835	-0.0172607068	0.543551654	-0.348181236	-0.274463467	0.200472178	0.0681178444	0.0053878313	16.888904
7.5	0.0153603521	0.00579740943	0.355502729	-0.0171552985	0.542239926	-0.378733508	-0.31313683	0.200218231	0.0498908789	0.00624488121	18.979669
7.51	0.0168040767	0.00582081709	0.355879422	-0.0170467024	0.54176709	-0.393586133	-0.284050964	0.199478685	0.0480779496	0.0071497849	17.51758
7.52	0.0182334112	0.00589561245	0.356165098	-0.0169800156	0.541585119	-0.335850014	-0.287520656	0.198480082	0.0364941734	0.00777219358	18.199141
7.53	0.0191877105	0.00595084338	0.35634444	-0.0168832614	0.541620389	-0.347460474	-0.189241009	0.197824428	0.0409210233	0.00815249118	16.159437
7.54	0.0199664041	0.00607276622	0.356429087	-0.0168013354	0.542178479	-0.331982417	-0.0902914303	0.196948853	0.0279140199	0.00825838999	18.541939
7.55	0.0204466641	0.00622513902	0.356437858	-0.0167443053	0.54312105	-0.300333514	0.0158931036	0.196073604	0.0379076009	0.00827387197	17.78152
7.56	0.0205186439	0.00638665666	0.356398505	-0.0167127499	0.544368497	-0.273685293	0.131078472	0.195315716	0.0488386919	0.00822986178	17.764092
7.57	0.0201729001	0.00653592662	0.35633133	-0.0167061992	0.545767323	-0.249747614	0.247795603	0.194788333	0.0425211236	0.00803499211	16.080755
7.58	0.0194521693	0.00666218716	0.356238903	-0.0167322704	0.547223605	-0.218813863	0.361662718	0.194529975	0.0339544564	0.0077441883	19.205042
7.59	0.0184059525	0.00675816148	0.356143584	-0.0168014331	0.548618535	-0.18155663	0.462510944	0.194546018	0.0475289104	0.00740342613	17.210212
7.6	0.0170849689	0.00680936876	0.356094574	-0.0168975933	0.549785846	-0.143669388	0.552742766	0.194887337	0.116545802	0.00699727091	16.760171
7.61	0.0156143698	0.00682700285	0.356132053	-0.0170220017	0.550689223	-0.103892583	0.623668919	0.195438862	0.102480231	0.0065014561	18.801323
7.62	0.0141136525	0.00682613617	0.356278378	-0.0171753427	0.551340839	-0.0652728699	0.669910371	0.196064566	0.0906078539	0.00594813403	19.267875
7.63	0.0126861658	0.00682430504	0.356522787	-0.0173471532	0.551791188	-0.0287281355	0.687189456	0.196624575	0.0733872268	0.00534451002	16.097106
7.64	0.0114199646	0.00682444494	0.356879206	-0.0175320711	0.552031162	0.00681776052	0.672278859	0.197050797	0.0867782726	0.00465119304	16.612719
7.65	0.0104009448	0.0068236637	0.357335345	-0.0177324175	0.552070709	0.0501362223	0.641983045	0.197349204	0.0890854798	0.00393043064	17.335909
7.66	0.00968385234	0.00682901308	0.357893354	-0.0179456201	0.551914428	0.10068019	0.593355403	0.197474197	0.0865046572	0.00328966377	18.044894
7.67	0.00930159114	0.00683849538	0.358543877	-0.0181793645	0.551552737	0.156989069	0.536295194	0.197456617	0.0459768368	0.00275995447	15.727131
7.68	0.00928057333	0.00685723094	0.35925464	-0.0184360788	0.55106366	0.215239512	0.489170457	0.197298515	0.103382228	0.00239637802	17.06964
7.69	0.00960735062	0.00689510973	0.360013062	-0.0187105241	0.550465393	0.266019221	0.440619722	0.19696352	0.0966243608	0.00237472026	19.213122
7.7	0.0102445009	0.00695304549	0.360790436	-0.0189940601	0.549806328	0.304533385	0.39079651	0.196452477	0.108074051	0.00253066343	17.592107
7.71	0.0111301768	0.00701931292	0.361578934	-0.0192856071	0.549065993	0.331914874	0.339074524	0.195829013	0.106171196	0.00278856177	19.677802
7.72	0.0121879485	0.00707848092	0.362379077	-0.0195854593	0.548217863	0.3630138	0.288535721	0.195171876	0.0872644166	0.00314601732	20.130838
7.73	0.0133447316	0.00712130246	0.363196802	-0.0198924303	0.547239158	0.392257329	0.233257873	0.194524407	0.110358172	0.00362727693	20.386962
7.74	0.0145358182	0.00713666478	0.364041453	-0.020204906	0.546110283	0.420295999	0.17040873	0.193932507	0.063422618	0.00415233302	20.927967
7.75	0.015715643	0.00711396334	0.364909705	-0.0205211947	0.544808906	0.444232262	0.101412333	0.19345381	0.0374347733	0.00474031049	19.294955
7.76	0.0170761187	0.00705776974	0.365684736	-0.0207487793	0.543877197	0.349333703	0.173474957	0.193173559	0.0565545663	0.00543287278	20.043847
7.77	0.0182693852	0.00701855149	0.366360517	-0.0209008794	0.543264396	0.202873497	0.200611658	0.192802935	0.036783675	0.00778365096	20.012532
7.78	0.018687462	0.00684999633	0.36691164	-0.0210831824	0.542929112	0.165863581	0.344825226	0.193089131	0.0354496658	0.00895688754	17.592752
7.79	0.0185196851	0.00664741447	0.367385886	-0.0212320539	0.543115197	0.109972813	0.486630459	0.193489443	0.0282039831	0.00989968648	20.468595
7.8	0.017678847	0.00638445296	0.367792594	-0.0213365427	0.543679724	0.0446641025	0.617927584	0.194116658	0.0383874154	0.0104293698	18.673852
7.81	0.0162224284	0.00605537128	0.368147534	-0.021390741	0.544489411	-0.0277023524	0.725671526	0.194945576	0.0598707797	0.0105486137	23.459835
7.82	0.0143462821	0.00566980599	0.368460842	-0.0213873516	0.545468288	-0.113573393	0.816714663	0.195902118	0.0303930229	0.010269773	20.078975
7.83	0.0122863058	0.00525576545	0.36874156	-0.0213164325	0.546569127	-0.218634309	0.880839279	0.196817623	0.0491629143	0.00985071409	17.842701
7.84	0.0102540944	0.004838047	0.368974478	-0.0211730174	0.547757931	-0.339769166	0.913973579	0.197569536	0.0439942392	0.00929540945	17.851345
7.85	0.00842230243	0.00441855276	0.369185468	-0.0209886502	0.54886091	-0.463957526	0.933630607	0.198227493	0.115021828	0.00860285426	16.384828
7.86	0.00688219418	0.00401352062	0.36939974	-0.0207781953	0.549762879	-0.573180092	0.948463614	0.198774745	0.0949850142	0.00795032949	17.143382
7.87	0.00560748919	0.00365181464	0.369627804	-0.0205515446	0.55046128	-0.65958028	0.950432043	0.199091877	0.107466215	0.00725743506	16.597596
7.88	0.00453324494	0.00334899324	0.369878551	-0.0203089191	0.550952705	-0.729001031	0.940293726	0.199168443	0.103918013	0.00643445156	18.526427
7.89	0.00351681886	0.00311043917	0.370151525	-0.0200548632	0.551240889	-0.777859775	0.91213188	0.199027956	0.08411331	0.00558280851	19.88579
7.9	0.00248338081	0.00292915244	0.370444276	-0.0197900775	0.551305644	-0.802955989	0.867155636	0.198770168	0.0807467688	0.00469840218	17.983712
7.91	0.00145564503	0.00279628918	0.370766047	-0.0195155924	0.551146997	-0.80854269	0.801885575	0.198462409	0.0818898769	0.0038319789	17.051029
7.92	0.000518549879	0.00270078913	0.371111522	-0.019234902	0.550797994	-0.801189351	0.721629898	0.198168024	0.023239353	0.00305204639	19.935437
7.93	0.000478088039	0.0026326685	0.371487662	-0.0189459818	0.550299221	-0.785927515	0.623133908	0.197895215	0.0954642051	0.0024688858	16.340644
7.94	0.00124465346	0.00258145417	0.371876434	-0.0186550047	0.549672467	-0.763602727	0.50306302	0.197649415	0.102206854	0.00213812591	17.331939
7.95	0.00190593357	0.00253472445	0.372277196	-0.0183622497	0.548879004	-0.748011657	0.370331606	0.197485538	0.0788764819	0.00214550058	21.239916
7.96	0.00255858142	0.00248832754	0.372677784	-0.0180670743	0.547909749	-0.730144704	0.228777107	0.197363425	0.116914408	0.00260609072	20.394192
7.97	0.00323945956	0.00244402802	0.373086785	-0.0177663925	0.546735678	-0.716582698	0.0857889284	0.197236922	0.118115536	0.00320661076	16.748196
7.98	0.00404085718	0.00240868015	0.373506568	-0.0174519004	0.545384751	-0.714803528	-0.0487465425	0.197040126	0.105121264	0.00362098397	19.114691
7.99	0.00507675881	0.00238612736	0.373945071	-0.017121028	0.543840468	-0.728303252	-0.174223825	0.196760951	0.0565050073	0.00393547963	18.711948
8	0.00642525245	0.00237390001	0.374442382	-0.0167746107	0.542044051	-0.754011066	-0.305400257	0.196408802	0.039397972	0.00423215383	22.421869
8.01	0.00842006739	0.00235951882	0.374850483	-0.0165084095	0.540641445	-0.664364143	-0.252544604	0.196205119	0.0459610678	0.00460549673	21.919228
8.02	0.010619691	0.00242385443	0.375181025	-0.0163297112	0.5395779	-0.526345014	-0.228874582	0.195633864	0.0397093415	0.0058420663	18.437802
8.03	0.0123142598	0.0025463636	0.3754524	-0.0161875877	0.539145329	-0.432590734	-0.151919053	0.195025125	0.0335793744	0.00712171644	18.722011
8.04	0.0134201015	0.00269305102	0.375680437	-0.0160885849	0.539143074	-0.344867037	-0.0485812562	0.194639935	0.053772631	0.00785898833	17.410238
8.05	0.0137436495	0.00282133435	0.375880727	-0.0159911972	0.539228557	-0.313213761	0.124286446	0.19489937	0.0391218139	0.00841414294	20.476035
8.06	0.0137268046	0.00295274133	0.376082214	-0.0159473582	0.53973029	-0.254071817	0.288441652	0.195152369	0.0450643159	0.00882875628	16.300158
8.07	0.0132996051	0.00307337393	0.376308599	-0.0159558366	0.540550867	-0.191238272	0.440515734	0.195418763	0.0401034137	0.00914797311	16.533374
8.08	0.0124770404	0.00317780384	0.376553792	-0.0160167662	0.541650411	-0.130725426	0.575238514	0.195661543	0.0340936309	0.00922889923	17.480844
8.09	0.0113023916	0.00326534778	0.376818561	-0.0161320884	0.542974331	-0.0615695074	0.678450183	0.195836009	0.0536710455	0.00905797179	16.104553
8.1	0.00982323867	0.00332774056	0.377150119	-0.016297395	0.544263462	0.0187868518	0.737813678	0.196057433	0.094335929	0.00861231591	18.825178
8.11	0.00812784471	0.00336937406	0.377553423	-0.0164933981	0.545385874	0.0920680212	0.773693416	0.196408182	0.100653058	0.00794658332	17.853822
8.12	0.00639167354	0.00340908587	0.378035195	-0.0167177999	0.54630381	0.154623072	0.786819716	0.196792607	0.0986558716	0.00718824252	17.950813
8.13	0.00478566172	0.00346476994	0.378588894	-0.0169660018	0.547000459	0.20506177	0.776620258	0.197092787	0.0980900649	0.00639354585	18.179292
8.14	0.00416255222	0.00349971326	0.379224974	-0.0172803824	0.547095346	0.31124222	0.816178748	0.197675581	0.0944842108	0.00559134169	17.426375
8.15	0.00342829314	0.00360752941	0.379935169	-0.0176101927	0.547099149	0.363964128	0.805609004	0.1976807	0.0866262571	0.00584214663	19.651175
8.16	0.00260342555	0.00376047791	0.380695066	-0.0179463565	0.546985183	0.379542914	0.759797963	0.197313284	0.086695365	0.00547497109	19.075245
8.17	0.00203345663	0.00392517394	0.381488774	-0.018293644	0.546755235	0.379916808	0.698717433	0.196817378	0.0366085732	0.00498744406	18.747322
8.18	0.00201784434	0.00407846376	0.382280293	-0.018644305	0.546460705	0.372316819	0.632356038	0.196353664	0.0948437759	0.00480826568	16.679649
8.19	0.00247664619	0.00420194282	0.383039909	-0.0189886325	0.546123216	0.354716872	0.567600889	0.196041948	0.116694662	0.00495604367	18.473027
8.2	0.00314025883	0.00428289801	0.383779277	-0.0193206243	0.545688859	0.323142339	0.496045037	0.19592208	0.0893826838	0.00532440136	16.566385
8.21	0.00386021431	0.00431604646	0.384503513	-0.0196452253	0.54515395	0.285081251	0.420070628	0.195959603	0.112808712	0.00574971598	16.543256
8.22	0.00458988329	0.00430370861	0.385215071	-0.0199614236	0.54447485	0.243977363	0.339623102	0.196097374	0.098351946	0.00623072907	19.394886
8.23	0.00530343665	0.00425307867	0.385917553	-0.0202703539	0.543627055	0.202470181	0.257331326	0.196257964	0.106064295	0.00674600106	18.297503
8.24	0.00599357671	0.00417274841	0.386611225	-0.0205714396	0.542556248	0.165349313	0.17491742	0.196392913	0.0683158278	0.00730969448	18.375799
8.25	0.00674100488	0.00407442866	0.387312762	-0.0208672488	0.541231999	0.127108864	0.0876917676	0.19643475	0.0510989036	0.00791990875	18.875231
8.26	0.00735019143	0.00397307116	0.387801843	-0.0211282821	0.540747172	0.075383623	0.0839176599	0.195956969	0.0529357424	0.00862803865	18.005398
8.27	0.00811330604	0.00386508285	0.388165387	-0.0213302675	0.540582945	-0.0377089609	0.0751654229	0.195354216	0.0491841563	0.00932702716	17.08034
8.28	0.00809518066	0.00367768085	0.388406428	-0.0215337037	0.540587983	-0.079016924	0.163199008	0.195218382	0.0449798288	0.00995361509	18.504474
8.29	0.00800113109	0.00348465951	0.388549749	-0.0216984917	0.540969328	-0.141617348	0.258429214	0.195087066	0.0267580142	0.0100588528	18.077973
8.3	0.00773634812	0.00328161559	0.388595855	-0.021821537	0.541631847	-0.209365728	0.366474561	0.195071081	0.0220829081	0.0101688379	17.069178
8.31	0.0073217298	0.00307442772	0.388560545	-0.0219052039	0.542515834	-0.275815989	0.480622397	0.19513698	0.0283382432	0.0101536191	19.078566
8.32	0.00681098426	0.00286947145	0.388428223	-0.0219583752	0.543594612	-0.338187705	0.609035799	0.195244506	0.0324616092	0.00996996272	17.282964
8.33	0.00618980171	0.00267183895	0.388237778	-0.0219925246	0.544756502	-0.384758672	0.730618457	0.195303579	0.043115636	0.00966261626	18.65631
8.34	0.00554099574	0.00249026999	0.388023538	-0.0220047494	0.545940465	-0.424130019	0.830316451	0.195235539	0.0372784039	0.00906388825	20.402884
8.35	0.00470225226	0.00231372442	0.387850183	-0.0220081968	0.54693066	-0.428824316	0.900391132	0.195121951	0.122396595	0.00826646173	18.749128
8.36	0.00378671822	0.00215139596	0.387718991	-0.0220031883	0.547715459	-0.415209525	0.946554856	0.194945911	0.105044383	0.00713022305	20.34882
8.37	0.00281172899	0.00200966719	0.387619444	-0.0219976245	0.548310133	-0.38438878	0.968422828	0.194684239	0.104727401	0.00591168321	19.017413
8.38	0.00187664771	0.00189257617	0.387550823	-0.0219882161	0.548734534	-0.344340968	0.97343954	0.194371638	0.090807664	0.0046817093	18.022052
8.39	0.00114771542	0.00180141857	0.387507812	-0.0219765302	0.54898145	-0.295774912	0.961597789	0.194048387	0.101695377	0.00362022621	15.770014
8.4	0.00107506141	0.00173636572	0.387501463	-0.0219606049	0.549050898	-0.247230916	0.933356983	0.193747215	0.068958893	0.00282303096	18.4572
8.41	0.00150529316	0.00169582502	0.387529317	-0.0219371806	0.548957406	-0.215655025	0.900365662	0.193513559	0.0584597034	0.00245279461	17.931734
8.42	0.00199804887	0.00167628522	0.387589348	-0.0219056441	0.548746671	-0.19556546	0.861767661	0.193307856	0.0376668159	0.00246056282	16.606714
8.43	0.00249608994	0.00167411656	0.387662537	-0.0218654622	0.548460897	-0.181100302	0.81962127	0.1930969	0.0980319995	0.00272237331	20.861334
8.44	0.00302428866	0.00168719903	0.387741317	-0.0218152486	0.548110783	-0.171386496	0.775629509	0.192851863	0.0988859956	0.00336788289	16.463997
8.45	0.00362831139	0.00171339466	0.387839133	-0.0217529063	0.547688815	-0.167252635	0.730744601	0.19254642	0.0949286883	0.00389210024	17.41669
8.46	0.00438558803	0.0017502691	0.387980302	-0.0216769144	0.547177466	-0.16534651	0.680488114	0.19216338	0.102248391	0.00439767907	21.13733
8.47	0.00528212852	0.00179509665	0.388173008	-0.0215857532	0.546559121	-0.17027008	0.63425417	0.191762044	0.0896197694	0.00495135509	18.182361
8.48	0.00634685191	0.0018461005	0.388394443	-0.0214826888	0.545852772	-0.179873322	0.590356439	0.191353464	0.123499997	0.00549712109	19.598626
8.49	0.00754898813	0.00189737199	0.388670892	-0.0213691406	0.544974615	-0.192185858	0.534402649	0.190983006	0.0688758358	0.00612745729	19.323222
8.5	0.00884174603	0.00194193482	0.389024931	-0.021243631	0.543833042	-0.205143483	0.457215968	0.190697665	0.0575706871	0.00685178492	18.535844
8.51	0.0100998871	0.0020112896	0.389307903	-0.0211334135	0.543362268	-0.192816917	0.431782344	0.190112646	0.0404184746	0.00772362751	20.794673
8.52	0.0110263248	0.00210910927	0.389585294	-0.0210324077	0.543320935	-0.172298246	0.42128173	0.189501687	0.0463898561	0.00827568094	19.411808
8.53	0.0114542153	0.00221819586	0.389868658	-0.020939968	0.543107292	-0.141152036	0.412890245	0.18935784	0.0477681286	0.00864255328	19.147638
8.54	0.011464172	0.00235378634	0.390166377	-0.0208581101	0.543306031	-0.110957373	0.412590623	0.189182042	0.0371678608	0.00862684193	19.130437
8.55	0.0111023173	0.0025076893	0.390489013	-0.0207825244	0.543786712	-0.075671021	0.424000678	0.1890874	0.0395292904	0.00850964768	17.831931
8.56	0.0104179472	0.00267847346	0.390835286	-0.0207086099	0.544437661	-0.0389237339	0.431804213	0.189056009	0.0435121491	0.0083502589	19.451565
8.57	0.00952318887	0.00286083924	0.391188411	-0.020637519	0.545205998	-0.00146908859	0.443893041	0.189076331	0.0384631484	0.00805463165	18.952504
8.58	0.00857165578	0.00305205575	0.391537094	-0.0205722643	0.546067968	0.0461652127	0.462348424	0.189080618	0.0357470079	0.00767163749	19.664791
8.59	0.00765803497	0.00325123629	0.391878436	-0.0205134584	0.546975615	0.102852942	0.488373942	0.189035223	0.0267279517	0.00727687728	18.674627
8.6	0.00683230504	0.00345432433	0.392239203	-0.020467751	0.547705201	0.170104861	0.512741893	0.189012301	0.11886026	0.00682131307	17.745505
8.61	0.00610725935	0.00366613537	0.392618225	-0.0204373265	0.548278565	0.241200904	0.531414649	0.188922101	0.108700096	0.00638709964	18.569306
8.62	0.00551320437	0.00388361712	0.393024908	-0.0204232634	0.54868053	0.317955688	0.542463577	0.188761404	0.0993009335	0.0058402788	19.608567
8.63	0.00502255387	0.0041046077	0.393454987	-0.0204249178	0.548947218	0.393024762	0.546892315	0.188539872	0.0850803974	0.00526685592	20.224401
8.64	0.00463751773	0.00431934963	0.39391781	-0.0204421242	0.549055306	0.463836107	0.543320987	0.188321901	0.0961297768	0.00469066685	17.875496
8.65	0.00436594414	0.00451799731	0.394411706	-0.0204750851	0.549020972	0.530010717	0.537023175	0.188157864	0.0577025666	0.00418919421	18.088846
8.66	0.00416042157	0.00469644106	0.394966505	-0.0205226651	0.548830553	0.582821755	0.510548791	0.188031066	0.0720620537	0.00387046703	18.521154
8.67	0.00402928424	0.00484503124	0.395566032	-0.0205826931	0.54852099	0.624237222	0.471620728	0.187965462	0.0179185181	0.00361057994	17.601442
8.68	0.00397038378	0.00496081153	0.396193814	-0.020652181	0.548129388	0.649094528	0.42233313	0.187953105	0.0957601779	0.0035416328	18.671294
8.69	0.00399669564	0.00504054494	0.396835972	-0.0207282552	0.547669956	0.660602418	0.36264813	0.18798221	0.0956226535	0.0036715693	16.980592
8.7	0.00411766652	0.00508379436	0.397493691	-0.0208087838	0.547142799	0.662664714	0.29057396	0.188032196	0.0901792855	0.00395052274	21.780541
8.71	0.00429834243	0.00508666971	0.398149619	-0.0208975647	0.546548779	0.674226212	0.226540042	0.188140131	0.104863951	0.00441434161	18.804045
8.72	0.0045250725	0.00505784195	0.398820006	-0.0209955158	0.545828632	0.699412728	0.165093946	0.188280969	0.100483132	0.00493072806	19.862891
8.73	0.00482459377	0.00501070599	0.399513431	-0.0211006188	0.544950867	0.735873285	0.0978353503	0.188403422	0.0951491099	0.0054331658	18.285239
8.74	0.00520972566	0.00495354971	0.40024873	-0.0212157326	0.543865834	0.784481076	0.0181611608	0.188492617	0.0480089626	0.00588419768	20.860401
8.75	0.00571835674	0.00489375311	0.401033937	-0.0213367275	0.54255152	0.83937479	-0.0779172716	0.188544812	0.0418285515	0.0062785597	16.528989
8.76	0.00699672413	0.00485008687	0.401752409	-0.0213750649	0.54157315	0.751758876	-0.0301952375	0.18872966	0.0575068771	0.0065780338	22.722318
8.77	0.00810452782	0.00476652494	0.402379695	-0.0213672471	0.5411512	0.688230004	0.0730684672	0.188618394	0.0542539813	0.0091349232	18.642833
8.78	0.00931292385	0.00465330902	0.402949371	-0.0212810854	0.540898669	0.558731007	0.150351659	0.18840831	0.033393817	0.0109997924	19.219192
8.79	0.00982472376	0.00442722003	0.403494946	-0.0211972009	0.540765149	0.51377177	0.311925441	0.188549522	0.0246167348	0.0123413971	18.975662
8.8	0.010155508	0.0041718771	0.404022813	-0.0210745305	0.541072322	0.451024045	0.464835231	0.18848468	0.0468208784	0.0133189399	19.714149
8.81	0.0101587208	0.00389049843	0.404544513	-0.0209104459	0.541665845	0.38354505	0.599015976	0.188390673	0.0310196021	0.0140203511	19.5347
8.82	0.0097917669	0.00359252149	0.405049967	-0.0207045615	0.542483365	0.306579335	0.711091359	0.188346431	0.0344378084	0.0143418526	19.615219
8.83	0.00911162349	0.00328787909	0.405526155	-0.0204563505	0.543459881	0.2171441	0.803113281	0.188398666	0.0426542842	0.0143313917	20.061693
8.84	0.00822068659	0.00298500675	0.405963554	-0.0201677741	0.544563408	0.118526307	0.871157793	0.188501941	0.0248562255	0.0141014614	17.764288
8.85	0.00733483167	0.00268558227	0.406391752	-0.0198520371	0.545571254	0.0121596165	0.920590367	0.188741648	0.107621623	0.0136267011	18.81787
8.86	0.00656365435	0.0023938408	0.406825723	-0.019528889	0.546412503	-0.0824387383	0.951060124	0.188839133	0.101484476	0.0129726095	18.562702
8.87	0.00594192869	0.00212001025	0.407262074	-0.0192044752	0.54709976	-0.157550958	0.957124598	0.187834723	0.0988138609	0.0120635092	18.466434
8.88	0.00545489315	0.00187249787	0.407701298	-0.0188815496	0.547634649	-0.214110883	0.936570265	0.186816228	0.0910796371	0.0108831889	19.059539
8.89	0.00509672383	0.00165716761	0.408143675	-0.0185600548	0.548012383	-0.257841984	0.893351629	0.185835275	0.0848408078	0.00953278321	20.385831
8.9	0.00510360352	0.0014981615	0.408619998	-0.0181868863	0.54780431	-0.369043155	0.912755493	0.185071795	0.0699379844	0.00819559686	18.336334
8.91	0.00454935653	0.00134916656	0.409096585	-0.0178275795	0.547530021	-0.424752305	0.882286607	0.184298328	0.0756801374	0.00808341778	19.684909
8.92	0.00373898975	0.00121946396	0.409571847	-0.0174775426	0.547150109	-0.455786192	0.821857323	0.183596325	0.0256693343	0.00713948152	19.186121
8.93	0.00295902123	0.00111340641	0.410057495	-0.0171313287	0.546667711	-0.475249762	0.738191811	0.183024867	0.101815273	0.00603795015	19.240256
8.94	0.00247114861	0.00103125895	0.410540548	-0.0167881154	0.546101014	-0.491015061	0.642855786	0.18261463	0.0851592812	0.00508598452	19.301371
8.95	0.0023717625	0.000972724593	0.411020541	-0.016445334	0.545425417	-0.511181177	0.540700413	0.182379378	0.102499702	0.00442311315	19.664663
8.96	0.00258646076	0.000932489794	0.411496619	-0.0161076379	0.544652103	-0.529212887	0.425846981	0.182282413	0.0956772864	0.00402072009	19.715539
8.97	0.00292060911	0.000908214358	0.411969523	-0.0157723463	0.543784486	-0.553965899	0.298084828	0.182246327	0.0947936136	0.00384407198	19.815915
8.98	0.00317668614	0.000894304444	0.412438137	-0.0154321422	0.542874807	-0.58694854	0.165163645	0.181514341	0.114286141	0.00392285978	19.21498
8.99	0.00386352399	0.00087887674	0.412880395	-0.0150823565	0.541890414	-0.637522748	0.0415308654	0.18092949	0.0602394511	0.00408339144	18.981993
9	0.00550761695	0.000841411831	0.413172424	-0.0148266413	0.541370665	-0.580811726	0.0969014067	0.18037713	0.0437640179	0.00464250718	20.787785
9.01	0.00731187935	0.00081784086	0.413321162	-0.0146488634	0.541152632	-0.464553237	0.132044238	0.180155522	0.0326272691	0.0060957028	20.600739
9.02	0.00832767135	0.000842702706	0.413357455	-0.0144955397	0.54148238	-0.399003138	0.220151719	0.18008959	0.032497901	0.00768614505	19.685533
9.03	0.00862592204	0.00090958353	0.413351219	-0.0143654008	0.542140687	-0.351936264	0.325678997	0.180268236	0.0498944766	0.00842674145	18.461954
9.04	0.00814086597	0.00102521973	0.413345639	-0.0142150631	0.542766557	-0.361822515	0.487665892	0.180660523	0.0462366013	0.00883563183	19.573921
9.05	0.0075817335	0.00115883803	0.413345289	-0.0141041155	0.543645182	-0.342605918	0.617929336	0.180911467	0.033720619	0.0088652994	19.88592
9.06	0.00702449077	0.00130634167	0.413332086	-0.0140412729	0.544725652	-0.306265284	0.735697295	0.18092706	0.0481057111	0.00884179561	18.513313
9.07	0.00646510161	0.00146520101	0.413321645	-0.0140281178	0.545936078	-0.259745676	0.829449623	0.180709607	0.0368230622	0.00876335215	19.487789
9.08	0.00587419543	0.00163304279	0.413327873	-0.0140684188	0.54722616	-0.203973818	0.889196226	0.180316075	0.0224633321	0.00851012928	19.292138
9.09	0.00524277671	0.00180912035	0.413335828	-0.0141601576	0.548513076	-0.146130104	0.919225208	0.179849858	0.0408435476	0.00810161244	19.2688
9.1	0.0045576916	0.00199833608	0.413379965	-0.0142839958	0.549565424	-0.0980426971	0.92700231	0.179453771	0.115527605	0.0076264371	18.568236
9.11	0.00391637289	0.00219922552	0.413475196	-0.0144301715	0.550335941	-0.0588552187	0.91996634	0.179133748	0.103477031	0.00698296853	18.453652
9.12	0.00335767886	0.00240760826	0.413628196	-0.0145949608	0.550790514	-0.0305249392	0.894796029	0.178885973	0.106417465	0.00621511818	19.070057
9.13	0.00289277077	0.00261430405	0.413845347	-0.0147826751	0.550960055	-0.00513006781	0.859770884	0.178676883	0.0874389799	0.00533029348	17.448988
9.14	0.00241483424	0.00281218369	0.414113647	-0.0149909993	0.550866878	0.0215776641	0.819279673	0.178499789	0.0767484841	0.00446888392	20.586809
9.15	0.00185774568	0.00299525081	0.414436305	-0.0152197619	0.550507386	0.0564785053	0.775158872	0.178366061	0.0757515534	0.00366095911	18.298877
9.16	0.00126942595	0.00316405367	0.414824224	-0.0154720787	0.549905596	0.0987807792	0.724588078	0.178269506	0.077138704	0.00295316117	18.515572
9.17	0.00111366273	0.003321588	0.415266495	-0.015740484	0.549112992	0.143855095	0.666046096	0.178197746	0.0203981591	0.00230516204	17.912717
9.18	0.00180248363	0.00346503541	0.415743567	-0.0160297754	0.548216141	0.204267421	0.61965602	0.1781267	0.108768586	0.00196057665	19.224412
9.19	0.00280573702	0.00360187529	0.416251466	-0.0163358271	0.547228152	0.273839357	0.579486569	0.178062334	0.100651933	0.0020128248	18.245569
9.2	0.00387563267	0.00373908786	0.416794304	-0.0166561759	0.5461515	0.350375764	0.539285249	0.177998072	0.100482749	0.00226089121	18.640853
9.21	0.004944104	0.00388188239	0.417363625	-0.0169864689	0.544972745	0.432747546	0.497796791	0.17792503	0.105020714	0.00258135394	19.723318
9.22	0.00600232952	0.0040357793	0.417947367	-0.0173213203	0.543678592	0.514240356	0.448707636	0.177825029	0.109507737	0.00295719269	19.224159
9.23	0.00707481531	0.00419974009	0.418552614	-0.0176643546	0.542236245	0.594870144	0.392799312	0.177681483	0.09002709	0.00332359466	19.805346
9.24	0.00820799285	0.00437120541	0.41919136	-0.0180158488	0.540619681	0.67321788	0.328748063	0.177475793	0.0681298293	0.00376928346	19.951196
9.25	0.00945381118	0.00454993413	0.419867291	-0.0183689428	0.538803311	0.738827664	0.245206742	0.177208564	0.0634047485	0.00434249558	20.439669
9.26	0.0107268481	0.0047003932	0.420340423	-0.0186852576	0.537934674	0.733244773	0.260093013	0.176356805	0.0451033746	0.00508570441	20.109587
9.27	0.0118254186	0.00477126724	0.420691215	-0.0189813324	0.537112737	0.694988995	0.348442576	0.175705639	0.028709121	0.00652285839	17.553762
9.28	0.0126824114	0.00477133437	0.420919198	-0.0192233625	0.536977605	0.627819259	0.46723466	0.174900758	0.0295368953	0.007765817	18.492942
9.29	0.0132033174	0.00470414509	0.421054991	-0.0194007895	0.537331922	0.516526045	0.622647771	0.174129765	0.0559934131	0.00905082933	18.342301
9.3	0.0132649273	0.00456424142	0.421146392	-0.019515254	0.538032561	0.39153346	0.787519526	0.173454437	0.0401969955	0.0105688619	19.116722
9.31	0.012884926	0.00436578785	0.421229715	-0.0195591787	0.539001083	0.2524972	0.944015548	0.172812357	0.037762719	0.0117774364	18.826912
9.32	0.0121060091	0.00412233899	0.42130915	-0.019534324	0.540173683	0.10884696	1.08373388	0.172129146	0.0243289972	0.0126297288	18.722151
9.33	0.0110208393	0.00385001347	0.421399928	-0.019439766	0.541488168	-0.0377624091	1.20624914	0.171341748	0.0309198258	0.0130615103	18.336469
9.34	0.00971890835	0.00356501125	0.421503921	-0.0192762327	0.542910075	-0.180699661	1.30673009	0.170416973	0.0309670298	0.0131660417	18.734621
9.35	0.00825753467	0.00327851787	0.421672154	-0.0190771468	0.544218555	-0.309907732	1.37584152	0.169441586	0.123698689	0.0129212245	16.537271
9.36	0.00671591128	0.00300276434	0.421916184	-0.0188525161	0.545337413	-0.409065928	1.41755202	0.167799424	0.0909042957	0.0122783318	17.431506
9.37	0.00520876381	0.002753895	0.422233636	-0.0186073126	0.546233022	-0.475817831	1.43141873	0.164818052	0.100359169	0.0112623648	22.438071
9.38	0.00458803718	0.00258305576	0.422641574	-0.0182873564	0.546546739	-0.605255468	1.49651833	0.161686409	0.0866313553	0.00999815051	16.741375
9.39	0.00378056307	0.00241424552	0.423110499	-0.0179595004	0.546751498	-0.672121287	1.51130512	0.158701805	0.0806280024	0.0101670846	20.714532
9.4	0.00286238447	0.00226407074	0.42365285	-0.0176299902	0.546784786	-0.697236315	1.47708175	0.155879169	0.0921868326	0.00931458585	19.522969
9.41	0.00208871481	0.00215050605	0.424269019	-0.0172939897	0.546620041	-0.701101898	1.40870388	0.153206194	0.0769925729	0.00801491013	17.92346
9.42	0.00171318575	0.00208231507	0.424939353	-0.0169523185	0.546283909	-0.690364851	1.31408378	0.150721387	0.0320171993	0.00680723587	18.94058
9.43	0.00187165417	0.00206411512	0.425628198	-0.0166063709	0.54580906	-0.66904249	1.20664489	0.148457875	0.110146775	0.00586174837	18.871915
9.44	0.00236749303	0.00209475718	0.426320764	-0.0162574517	0.545195827	-0.638960949	1.09053178	0.146484861	0.111767215	0.00529213079	17.952199
9.45	0.00297813331	0.00216807095	0.42703961	-0.0159077001	0.544429729	-0.605518278	0.956308565	0.144874858	0.100487958	0.00504919251	17.670528
9.46	0.00366879223	0.0022704007	0.427774842	-0.0155613663	0.543496216	-0.562114169	0.800284229	0.143664161	0.11641752	0.00504581558	22.398522
9.47	0.00432385661	0.00239103088	0.428524425	-0.0152191262	0.542404545	-0.517991788	0.627138341	0.142814688	0.0973322627	0.0053724867	21.64869
9.48	0.00479532265	0.00251139325	0.429276862	-0.0148764994	0.541164801	-0.48334523	0.44690615	0.142273513	0.0990216804	0.00601969547	20.749372
9.49	0.00542145025	0.00258337333	0.430031	-0.0145326969	0.539722343	-0.461028179	0.264536302	0.142037143	0.065334147	0.00690011182	20.926367
9.5	0.00711024391	0.00258909896	0.430656238	-0.014288594	0.538690997	-0.312503987	0.24767563	0.141422097	0.0468476949	0.00785321878	20.48614
9.51	0.00853267088	0.00258157204	0.431100311	-0.0140766981	0.538382628	-0.202043538	0.271500514	0.140862665	0.0438356588	0.00982224614	21.967486
9.52	0.00984833292	0.00259114418	0.431428778	-0.0139398456	0.53837538	-0.0284738815	0.272273383	0.140942431	0.0345153594	0.0109314463	22.570433
9.53	0.0100286307	0.00270819309	0.43165939	-0.0137949247	0.538551713	0.0440936484	0.378025091	0.140969144	0.0297772143	0.0121647037	21.592139
9.54	0.00982069932	0.00288357254	0.431822469	-0.0137026199	0.539171701	0.122628645	0.475855669	0.141118014	0.0442765445	0.012065352	19.704432
9.55	0.0092195706	0.00312494938	0.431945224	-0.0136689893	0.540073786	0.190628589	0.552094668	0.141278241	0.0325706503	0.0120436046	18.138465
9.56	0.00835798244	0.00342664572	0.432050009	-0.0137011175	0.541138975	0.247176423	0.608312181	0.141295686	0.0426517616	0.0117428154	19.288077
9.57	0.00735127025	0.0037736665	0.432144039	-0.013793959	0.542343321	0.292327154	0.643481291	0.141052676	0.0287229766	0.011214914	19.351162
9.58	0.0063797837	0.00414595138	0.432237322	-0.0139541764	0.543645369	0.341499512	0.660342811	0.140544333	0.0360236666	0.0105090152	18.089525
9.59	0.00549081846	0.00453269423	0.432326185	-0.0141787662	0.544986108	0.386380561	0.66257606	0.139826054	0.032802366	0.00981492956	18.442651
9.6	0.00469375909	0.00493480398	0.4324357	-0.0144376532	0.546169116	0.420675011	0.661044726	0.139035103	0.117316027	0.00909427645	17.34643
9.61	0.00392686335	0.0053402433	0.432519246	-0.0147145687	0.547185779	0.421328459	0.657872585	0.13821597	0.119806783	0.00821655811	17.766344
9.62	0.00328519269	0.00572390877	0.432610601	-0.0150092206	0.548014817	0.403431228	0.649086145	0.137447245	0.104645233	0.00703186393	16.268858
9.63	0.00276077981	0.00606418927	0.432712331	-0.015318633	0.548662809	0.378231975	0.638415622	0.136752801	0.0857164348	0.00579194383	19.453486
9.64	0.00225914321	0.00634904786	0.432829937	-0.0156402207	0.549130406	0.346871461	0.626475933	0.136143436	0.0894365056	0.00468634703	17.538088
9.65	0.00174658384	0.00657260401	0.432968125	-0.0159746487	0.549405952	0.316174667	0.613934993	0.135630121	0.0779572624	0.00379836807	16.307763
9.66	0.0012487731	0.00673696791	0.433148302	-0.0163241501	0.549461457	0.298464381	0.597756229	0.135225136	0.085360124	0.00320937489	17.800688
9.67	0.000901565971	0.00685456802	0.433356033	-0.0166869457	0.549317625	0.287208542	0.582144849	0.134856667	0.0190334377	0.002901628	18.960011
9.68	0.00108109714	0.00694117876	0.433576874	-0.0170585328	0.549015151	0.274243056	0.56537009	0.13446698	0.096706399	0.00280322892	16.4018
9.69	0.00168967002	0.00701045725	0.433811072	-0.017434479	0.548576365	0.256507171	0.541604747	0.134038368	0.0955249595	0.00287323953	21.576964
9.7	0.00242808018	0.0070741593	0.434065126	-0.0178127741	0.547998327	0.231532421	0.509033053	0.133562502	0.0916129201	0.00301956534	17.825598
9.71	0.00319658573	0.00713454176	0.434333949	-0.0181949243	0.547273972	0.205516783	0.471669216	0.133039379	0.114544106	0.00361654731	17.699888
9.72	0.00403432534	0.00719323468	0.434621979	-0.0185775991	0.546376652	0.17954262	0.420655593	0.13251379	0.107342866	0.00425186806	19.275044
9.73	0.00501400726	0.00725084743	0.434941309	-0.0189608711	0.545260289	0.151360752	0.345106072	0.13203436	0.0942162234	0.00493782007	18.363953
9.74	0.00615398377	0.00730045718	0.435293769	-0.0193448657	0.543940136	0.121405223	0.249388287	0.131575755	0.0569171278	0.00576201682	22.561337
9.75	0.00748986591	0.00734007732	0.43570137	-0.0197249422	0.54239399	0.0803359391	0.118333194	0.131211614	0.0426196563	0.00687681932	19.484687
9.76	0.00924061151	0.0073657309	0.436062806	-0.0200071563	0.541140327	-0.0827208031	0.111517728	0.130099884	0.0345975176	0.00819317074	20.101852
9.77	0.0107312522	0.00725246578	0.436348294	-0.0202481324	0.54046837	-0.214271365	0.124585304	0.128935976	0.0428220461	0.0103491187	19.471285
9.78	0.0121457894	0.00705153309	0.436601257	-0.0204120161	0.539966943	-0.399593035	0.092937924	0.128097181	0.0321878692	0.0117673022	19.56659
9.79	0.0125737918	0.00668427042	0.436777896	-0.0205952266	0.539663294	-0.480439175	0.18035166	0.127164764	0.0504386787	0.0132736713	20.005211
9.8	0.0127082875	0.00625847769	0.43689936	-0.0207444012	0.539854595	-0.560431188	0.284902106	0.126036284	0.0329965336	0.013228389	18.4269
9.81	0.0124568316	0.00580260018	0.436964802	-0.0208676589	0.540415562	-0.616646401	0.39678117	0.124771659	0.0485099814	0.0134364137	18.922663
9.82	0.0118287198	0.00535773822	0.436974835	-0.020972527	0.541269133	-0.649057425	0.50586166	0.123324591	0.0379478641	0.0134209582	19.415421
9.83	0.0108322174	0.00495400363	0.436935075	-0.0210717172	0.542354902	-0.653908608	0.617122234	0.121612334	0.0367473646	0.0130885585	19.713612
9.84	0.00958231659	0.00461970613	0.436863523	-0.0211645128	0.54360302	-0.652329374	0.720512886	0.119627597	0.0495663322	0.0124600949	19.039824
9.85	0.00816043124	0.00436359689	0.436796239	-0.0212581858	0.544769826	-0.650018312	0.809246585	0.117512312	0.111135163	0.011717722	18.089087
9.86	0.00667919452	0.00418286795	0.43675741	-0.0213500811	0.545814912	-0.648328446	0.880373752	0.115260507	0.0950026585	0.0107344406	19.665052
9.87	0.00524648188	0.00406915095	0.436774557	-0.0214331869	0.546701294	-0.647132931	0.929263943	0.11291482	0.0997883656	0.00959154508	17.396184
9.88	0.00391995751	0.00400846386	0.436843646	-0.0215130698	0.547433349	-0.642593445	0.95707673	0.110522555	0.0971337718	0.00837675883	17.825483
9.89	0.00277930931	0.00399176977	0.436971824	-0.0215888333	0.547985697	-0.642165159	0.966911391	0.108162183	0.0906112947	0.00711361126	17.710277
9.9	0.00185362037	0.00400291395	0.437159432	-0.021661944	0.54839225	-0.642765195	0.96107226	0.105894334	0.0733522001	0.00601571018	21.492091
9.91	0.00121749118	0.00403262727	0.437402793	-0.0217325027	0.548639191	-0.647927511	0.939995706	0.103813474	0.0771924404	0.00510481009	18.073937
9.92	0.00101565899	0.00407143349	0.437670508	-0.0218020737	0.548763681	-0.652323439	0.910198326	0.101952545	0.0278943561	0.00439467747	18.201492
9.93	0.00124782339	0.00411645902	0.437930595	-0.0218704542	0.54877981	-0.659034215	0.882862092	0.100328035	0.0946259855	0.00390209016	16.658074
9.94	0.00166681136	0.00416611001	0.438195486	-0.0219368071	0.548642781	-0.664910393	0.858926506	0.0989926117	0.0997343181	0.00368954943	22.591433
9.95	0.00209136239	0.00422037232	0.438456646	-0.0220022332	0.548358688	-0.679670336	0.839959482	0.0979209988	0.0940463894	0.00373315143	19.472012
9.96	0.00251168282	0.00427705406	0.438724109	-0.022064287	0.547923019	-0.70488649	0.822899371	0.0970869729	0.103810865	0.0039105613	21.935462
9.97	0.00299246371	0.00433357844	0.439017041	-0.0221231067	0.547298401	-0.740002543	0.797092685	0.0964906057	0.0989632266	0.00427845359	19.319308
9.98	0.00364011863	0.00438740467	0.439349681	-0.0221815644	0.546453302	-0.782449699	0.755754154	0.096104882	0.101140109	0.00467980717	19.873367
9.99	0.00455750574	0.0044419424	0.439788219	-0.0222315313	0.545240796	-0.822476174	0.673853289	0.0960203894	0.0823743682	0.00515599843	19.171455
10	0.00576183783	0.00450201443	0.440320303	-0.0222768617	0.543683719	-0.856602164	0.557874036	0.0961402719	0.0409676021	0.00596089963	17.902796
