time_s	ee_error_m	orientation_error	base_x_m	base_y_m	base_z_m	roll_deg	pitch_deg	clearance_m	leg_action_delta_l2	arm_action_delta_l2	update_ms
0.01	0.299578248	0.0191764177	2.22933683e-05	-1.09772337e-05	0.542678882	0.00710448422	-0.0276557734	0.307152227	0	0	21.250163
0.02	0.298715235	0.0185964585	0.0001435946	-5.51153535e-05	0.540982829	0.0346353023	-0.0989588204	0.308190747	0.0778551217	0.0332911359	20.445232
0.03	0.297218582	0.0177341975	0.000323609824	-8.69105318e-05	0.538697894	0.056006923	-0.194707966	0.309376577	0.0739245864	0.0278518274	19.501336
0.04	0.295455556	0.0174107579	0.000616385777	-8.96756581e-05	0.535955908	0.055719956	-0.283466975	0.310913074	0.101891679	0.0286618084	18.086054
0.05	0.292308034	0.0171533832	0.000909997762	-4.48044472e-05	0.533052056	0.0353828296	-0.338852566	0.313731288	0.0798554365	0.0564395358	19.052591
0.06	0.287173203	0.0172272672	0.00108298087	4.00750232e-05	0.530074365	0.00338927246	-0.320266888	0.317818783	0.0871232134	0.0526243317	19.633295
0.07	0.280151521	0.0177405306	0.00111240418	0.000163805078	0.527208434	-0.0358926746	-0.210328906	0.322773817	0.0573292471	0.0349404173	20.291188
0.08	0.271689487	0.0185002102	0.000984534816	0.000343832963	0.524733029	-0.0912297134	-0.00883845224	0.327781736	0.0810697832	0.0176041396	16.874523
0.09	0.26215216	0.0190863586	0.000833830054	0.000550112435	0.521860034	-0.130769314	0.0486947623	0.332137057	0.0563091012	0.0364105042	20.311637
0.1	0.251861312	0.0198912192	0.000578637797	0.000790139113	0.519634018	-0.14998317	0.242713327	0.336432485	0.0497049058	0.0315382202	17.655924
0.11	0.240972768	0.0207669136	0.000348002181	0.00104622353	0.517849988	-0.140351787	0.447334884	0.34034021	0.0795465562	0.0387365848	19.907829
0.12	0.22928634	0.021436585	0.000155143579	0.00133735614	0.516511719	-0.133479426	0.683692237	0.344208523	0.0674220346	0.060152357	19.560764
0.13	0.216613996	0.0215263121	6.20129153e-05	0.00164102675	0.514984151	-0.119010186	1.02893033	0.348317905	0.0447871697	0.0416071724	19.412452
0.14	0.204267096	0.0221969068	0.0001451338	0.00194886566	0.5137816	-0.0778372406	1.33188692	0.351386859	0.0707715886	0.0233964993	19.372954
0.15	0.191740656	0.0228639241	0.000370938824	0.00228238867	0.512864468	-0.0340746804	1.6398704	0.354566309	0.0516248009	0.0515290485	19.630923
0.16	0.179191064	0.0232813429	0.00078671145	0.00261411457	0.512043334	0.0265388276	1.95096075	0.358339806	0.0520611555	0.0392238863	19.555024
0.17	0.166443362	0.0228036782	0.00140308991	0.0029237546	0.511377425	0.119581447	2.26428004	0.361935698	0.0602063432	0.0493418928	19.404591
0.18	0.153898059	0.0216705622	0.00219401705	0.00317905978	0.510913387	0.249532683	2.56437973	0.366042912	0.0820959683	0.0366265728	19.574937
0.19	0.142245043	0.0203163598	0.0031712753	0.0033661691	0.510662415	0.41089612	2.84302195	0.369658083	0.0508791813	0.0267444437	19.817755
0.2	0.131616357	0.0186686013	0.00432116316	0.00356858378	0.510266782	0.492413865	3.01668116	0.372417345	0.0567334327	0.0364379097	17.999133
0.21	0.122041398	0.0167795223	0.00556763255	0.0037204713	0.510284464	0.56379217	3.17360491	0.374409401	0.0810592355	0.0474999625	17.974767
0.22	0.113710588	0.0152882767	0.00686485592	0.00380328665	0.510786913	0.636330768	3.32356022	0.375863287	0.0721007997	0.025731493	20.201999
0.23	0.106031197	0.0138764299	0.00830391573	0.00386339145	0.511044897	0.711020162	3.59150501	0.378323133	0.0599477445	0.0267661503	17.799151
0.24	0.0996746795	0.0128248129	0.0097764476	0.0037799779	0.511661268	0.840598882	3.71545272	0.38014955	0.0420965555	0.0112559017	20.884402
0.25	0.0948814581	0.0123722917	0.0113553449	0.00366810624	0.513012538	0.892487801	3.79197256	0.381293396	0.0606007783	0.0122838053	20.777721
0.26	0.0910820196	0.0124711691	0.0129963042	0.00353287001	0.515016057	0.894703891	3.82455654	0.382156062	0.0461338028	0.0242563381	18.980523
0.27	0.0886307859	0.0130635106	0.0147189194	0.00336200669	0.517403462	0.861614654	3.8066437	0.382537123	0.0565554501	0.0183951657	16.47607
0.28	0.0870008813	0.0139459017	0.0164970143	0.00315377037	0.520173515	0.801061304	3.74238904	0.38236087	0.0366726145	0.0243450239	17.949145
0.29	0.0858687206	0.0149321863	0.0183093756	0.00292497961	0.52325429	0.711479508	3.64218402	0.381745029	0.0314702709	0.0161635847	17.744493
0.3	0.0851833887	0.0161363779	0.0201694173	0.0026802646	0.526549259	0.599148903	3.49133636	0.380961497	0.0404032175	0.0147900692	16.14091
0.31	0.0843787461	0.0175662052	0.0220275668	0.00241976489	0.530046247	0.466687835	3.29932505	0.380126157	0.0284535834	0.0324179232	18.897613
0.32	0.0824391817	0.0193200466	0.0239001784	0.00219211109	0.533144975	0.301316089	3.17565909	0.380148175	0.0335859956	0.0498647493	15.735107
0.33	0.079696573	0.0216644371	0.0257250587	0.00195186663	0.53645777	0.122637798	2.96583777	0.380043658	0.0471468226	0.029692136	15.854756
0.34	0.0762632104	0.0242952817	0.0274896559	0.00168584304	0.539822233	-0.0556267918	2.70016015	0.379646633	0.0445747037	0.0246410631	18.407271
0.35	0.0718901105	0.0268341036	0.029177982	0.00139254869	0.543060808	-0.2286389	2.39975813	0.378851428	0.0374322554	0.034965548	16.873055
0.36	0.0671193537	0.0294049958	0.0308213139	0.0010735198	0.545922995	-0.380875058	2.07485641	0.377788191	0.0723570832	0.0220317619	18.276508
0.37	0.0619671868	0.0315911869	0.0324102568	0.000740940255	0.548365076	-0.538597199	1.7505076	0.376616902	0.0585578276	0.0256313553	17.021085
0.38	0.056500314	0.0337360086	0.0339283926	0.000406795637	0.550388707	-0.710000374	1.44361388	0.376039436	0.060893027	0.0310078715	17.10181
0.39	0.0512496585	0.035750528	0.035416587	6.09410431e-05	0.551972477	-0.876937983	1.14703391	0.375345098	0.0808560902	0.0266099298	18.142167
0.4	0.0462525875	0.0373434924	0.0369041912	-0.000286059421	0.553109265	-1.03627133	0.859393356	0.374132671	0.0749932163	0.0300127193	17.478107
0.41	0.0421762466	0.0388984641	0.0383932638	-0.00065602177	0.553783898	-1.16051468	0.587199556	0.372781396	0.0514089209	0.0261951182	16.612251
0.42	0.0391049583	0.0400735629	0.039886923	-0.00104386935	0.553994383	-1.25076821	0.338760526	0.371188258	0.0452076566	0.0144335212	19.636488
0.43	0.0366620816	0.0406734583	0.0413391052	-0.00146043166	0.553781068	-1.29825618	0.116878394	0.369411077	0.0895823146	0.0238684811	19.931121
0.44	0.0347755211	0.0407314688	0.0427553665	-0.00191515584	0.553107654	-1.29860486	-0.0913816218	0.367523166	0.0870302942	0.0196215351	18.176564
0.45	0.033373676	0.0408516648	0.044093841	-0.00240478798	0.552015652	-1.26581708	-0.275752838	0.366546242	0.0854465791	0.0232906585	17.105247
0.46	0.0322710313	0.0411352846	0.0453211243	-0.00293205206	0.550513345	-1.20246199	-0.424853091	0.366852932	0.085814746	0.0229886085	18.171523
0.47	0.0307900438	0.0408750514	0.0464146071	-0.003505503	0.548669088	-1.10982108	-0.53546896	0.367739687	0.0968357973	0.0202104056	16.518745
0.48	0.0294501075	0.0403136493	0.0474003374	-0.00411231628	0.546510154	-1.01624294	-0.594232708	0.369034171	0.0986459783	0.00657928504	18.966815
0.49	0.0275970845	0.03906584	0.0481931466	-0.00485865982	0.544627508	-0.77455065	-0.439637831	0.370618045	0.0551420751	0.0219355757	21.135121
0.5	0.0252431295	0.037327851	0.0487298029	-0.00566457618	0.543326039	-0.571769207	-0.273803797	0.371945801	0.0512761888	0.0234834168	17.18257
0.51	0.0228635737	0.0353087463	0.0490216375	-0.0064890469	0.54266643	-0.448100593	-0.0415786181	0.37311815	0.0383239837	0.0213211786	16.915162
0.52	0.0216107432	0.0339416106	0.0491336633	-0.00733265455	0.542539294	-0.363845112	0.21900799	0.374597352	0.0424529437	0.0130806623	18.027031
0.53	0.0209281305	0.0328209952	0.0491151545	-0.00821004069	0.542805945	-0.292307603	0.476802566	0.37579966	0.0276773432	0.0179219811	18.851472
0.54	0.0205225784	0.0320662159	0.048993656	-0.00906515735	0.543166665	-0.294772746	0.774431056	0.376994697	0.0293751293	0.0125108265	18.586328
0.55	0.0200829613	0.0318674062	0.0487963874	-0.00995820434	0.543871126	-0.255015645	1.02101461	0.37791264	0.0221288704	0.00930504521	17.810547
0.56	0.0190670038	0.0319726765	0.0485590355	-0.0108993477	0.544797942	-0.180416385	1.22662115	0.378430795	0.0352054604	0.017919757	16.996764
0.57	0.0175338318	0.0321849207	0.0482908932	-0.0118799483	0.545889449	-0.0847244056	1.37851793	0.378420751	0.0245384274	0.00624594841	20.994991
0.58	0.015562196	0.0324412063	0.0479847078	-0.0128974097	0.547087046	0.037212558	1.47566789	0.378289474	0.0205205172	0.00861650172	15.496322
0.59	0.0133276947	0.0326979417	0.0476758249	-0.0139469683	0.548245538	0.182203316	1.51857949	0.377907249	0.0420024567	0.0173571228	16.106508
0.6	0.0113586731	0.0329282539	0.0474666794	-0.0150692479	0.548778798	0.410600026	1.58195582	0.37769566	0.0973534466	0.0149082274	18.155575
0.61	0.0101750055	0.0331016126	0.0472737444	-0.0161823132	0.549173778	0.57581839	1.57538219	0.377344269	0.0911948854	0.00758080601	17.240353
0.62	0.00997762956	0.032948988	0.0471232922	-0.0172907812	0.549385453	0.705435016	1.52371693	0.376305066	0.0805954297	0.0225305177	17.637379
0.63	0.0110919183	0.0330220577	0.0470036499	-0.0183979593	0.549374419	0.80702918	1.43164882	0.375426733	0.0754908778	0.00756596167	17.272731
0.64	0.01239027	0.0332361743	0.0468801368	-0.0195073491	0.549151805	0.879193759	1.30663196	0.375149614	0.101215232	0.0166558444	19.39517
0.65	0.0135229515	0.0332110578	0.0467746508	-0.0206331083	0.548716734	0.946354026	1.17126861	0.374850181	0.0892887552	0.0116907332	17.519065
0.66	0.0144708104	0.033251406	0.0466752126	-0.0217751909	0.548010019	1.01067767	1.03521225	0.374983101	0.0874794012	0.0126108971	17.928428
0.67	0.0149466296	0.033082907	0.0465668851	-0.0229375988	0.547074173	1.07129356	0.903282128	0.375063848	0.0341278761	0.0124546577	18.711341
0.68	0.014997995	0.0327993025	0.046447347	-0.0241145758	0.545915059	1.11263797	0.762460204	0.375239597	0.103540456	0.0074976214	16.523512
0.69	0.0148071414	0.0327655106	0.0463111395	-0.0253050263	0.544552052	1.139672	0.613093307	0.375873307	0.104877546	0.0195333318	18.252896
0.7	0.0141317318	0.032693108	0.0461705165	-0.0265042136	0.542965859	1.15079682	0.44938281	0.376822052	0.0838572084	0.014952207	19.094011
0.71	0.0131547333	0.0325508397	0.0460201421	-0.0277144016	0.541173093	1.15620275	0.279999591	0.377994556	0.0954124536	0.0126734975	16.802735
0.72	0.0118486496	0.0320509474	0.0458648655	-0.0289358185	0.539153609	1.15298029	0.0995722532	0.379005134	0.0979901517	0.0191901542	19.2639
0.73	0.0110871604	0.0316807474	0.0457078494	-0.030161728	0.536892905	1.14119177	-0.0874128746	0.38044477	0.0917793362	0.019367328	18.683862
0.74	0.0110352615	0.0311882652	0.0455583661	-0.0313917308	0.534391095	1.12654397	-0.280347896	0.381890864	0.0635360026	0.008755414	18.414779
0.75	0.012158977	0.0306684953	0.0452948195	-0.0324852839	0.532378599	0.968205302	-0.276842347	0.383521967	0.0408710623	0.0112853609	21.091795
0.76	0.0139575575	0.0304087334	0.0448833133	-0.0335115561	0.531123991	0.838300591	-0.203815309	0.384886071	0.0376905745	0.00535469961	18.017306
0.77	0.0161213265	0.0301583186	0.0443953234	-0.0344108456	0.530246461	0.629041667	-0.11870773	0.38603377	0.0557635971	0.022774955	18.392246
0.78	0.0179120482	0.0299391499	0.0438663811	-0.0352343275	0.529880983	0.46733603	0.00796753754	0.3870019	0.025763844	0.00716134139	18.034803
0.79	0.0190800851	0.0298172158	0.0433441319	-0.0360464219	0.529596662	0.398211292	0.226321588	0.388482708	0.0324618324	0.0149736823	19.069107
0.8	0.0198259267	0.0298274571	0.0428222734	-0.0367698226	0.529833355	0.319014207	0.420709758	0.389728364	0.0291755209	0.0045973375	16.24851
0.81	0.0200214442	0.0297754667	0.0423215946	-0.0373908163	0.53045584	0.231226258	0.588660467	0.390582941	0.0221774593	0.00320658271	18.248943
0.82	0.0194444834	0.0297577657	0.0418585879	-0.0379058031	0.531397358	0.142861491	0.728026773	0.391104388	0.0228427453	0.00951995166	18.438292
0.83	0.0181990532	0.0297581437	0.0414421758	-0.0383061116	0.532595974	0.0549148081	0.829446979	0.391345125	0.0201776723	0.00301311132	17.089389
0.84	0.016128991	0.0294868745	0.0410668826	-0.0385901767	0.534021723	-0.0285661829	0.884369767	0.390983271	0.024573157	0.0142751774	16.456742
0.85	0.0138574968	0.0291484553	0.040760926	-0.0387507567	0.535483269	-0.130081861	0.897546846	0.390260262	0.093440207	0.0172820714	16.144506
0.86	0.0118744762	0.0285437257	0.0405677642	-0.0387584176	0.536521492	-0.292305997	0.941557029	0.389748558	0.110582578	0.0119853846	16.24261
0.87	0.0100304913	0.0279079882	0.0404604971	-0.0387017451	0.537359934	-0.394534674	0.955616222	0.389141563	0.0873148736	0.0145929925	16.307551
0.88	0.00839098891	0.0272461515	0.0404489073	-0.0386123492	0.537944645	-0.450568778	0.950396975	0.388463887	0.0929475282	0.0132647094	17.304826
0.89	0.00729057502	0.02658198	0.0405359426	-0.0384986036	0.538266586	-0.468863308	0.92599558	0.387724203	0.0758562394	0.0099270816	17.969971
0.9	0.00654607077	0.0260842657	0.0406893375	-0.0383784526	0.538365051	-0.448852538	0.891390298	0.387239056	0.0715829823	0.0195924822	16.466698
0.91	0.00639817969	0.0257162105	0.0408816871	-0.0382631852	0.538292908	-0.390690802	0.835362357	0.386894637	0.0812590081	0.0190924281	18.194672
0.92	0.00741595505	0.0251313326	0.0410891742	-0.0381540597	0.53811785	-0.317295546	0.774488231	0.386350588	0.0207382434	0.0159706941	16.861824
0.93	0.00863060763	0.0247469389	0.0413135592	-0.0380553016	0.537864837	-0.230072579	0.712727572	0.385798403	0.0920112962	0.0135442221	16.010666
0.94	0.00955976476	0.0245009849	0.0415340351	-0.0379658237	0.537554788	-0.140362739	0.649168796	0.385060216	0.0755858033	0.0133108914	18.422344
0.95	0.0103221386	0.0246695887	0.0417534524	-0.0379013911	0.537266108	-0.0474345159	0.596760497	0.384491587	0.103414584	0.0275261534	16.469475
0.96	0.0112919491	0.0250336037	0.0419801628	-0.0378597851	0.536969271	0.0475317649	0.542599934	0.3838944	0.088037336	0.00587190401	17.624126
0.97	0.0126226246	0.025477934	0.0422279698	-0.0378366476	0.536639694	0.13129968	0.484067292	0.383641334	0.0878821748	0.0256884015	19.124884
0.98	0.0141500269	0.0260254096	0.0425023118	-0.0378274198	0.536204262	0.214919065	0.415563683	0.38393735	0.114067006	0.0173652098	19.661301
0.99	0.0157742249	0.0263209912	0.042806963	-0.0378323923	0.535626312	0.297139875	0.336431827	0.384210411	0.0570719185	0.0105675261	18.745959
1	0.0170755123	0.0267890058	0.0429491593	-0.0378760179	0.53581046	0.406769314	0.346369632	0.384636247	0.0351707693	0.0104346284	17.479171
1.01	0.0179136214	0.02745466	0.0429964904	-0.0380059686	0.536211928	0.594506131	0.338730541	0.385401903	0.0261797579	0.0150700527	21.296868
1.02	0.0181916342	0.0279984204	0.0430189069	-0.0381113508	0.536752585	0.673722854	0.430705913	0.386753958	0.0348016335	0.0192928534	18.151766
1.03	0.0184341906	0.0285940047	0.0430054966	-0.0382614021	0.537710213	0.769706427	0.53292569	0.388056762	0.0264283714	0.0130763975	21.670089
1.04	0.0185322061	0.0293230989	0.0430021648	-0.0384651191	0.538904525	0.868753568	0.637795414	0.389285863	0.0262258375	0.0145116163	20.292812
1.05	0.0184979185	0.0298588847	0.0430233871	-0.0387135016	0.540276281	0.952568455	0.7500754	0.390086957	0.0533812395	0.0118989036	17.424395
1.06	0.0181414934	0.0304292139	0.0430826257	-0.0390092311	0.541745568	1.02289364	0.859537869	0.390714843	0.0230424038	0.0093882741	17.999357
1.07	0.0176147725	0.0308320223	0.0431682314	-0.0393564311	0.54327833	1.08558212	0.954856955	0.391054001	0.0509300291	0.0124781238	18.535203
1.08	0.01654015	0.031223978	0.0432985802	-0.0397490428	0.544840777	1.12856823	1.02837886	0.391227153	0.0321516966	0.0105760833	18.602927
1.09	0.0147860296	0.0316798433	0.0434998282	-0.0401734556	0.54637004	1.14778655	1.06503226	0.391133952	0.0340485746	0.00980951372	18.699794
1.1	0.0123833354	0.0322401404	0.0438152615	-0.0406146782	0.547616744	1.13666144	1.05692732	0.391129258	0.0965006496	0.0223600101	19.842811
1.11	0.00991460332	0.0329790471	0.0442351952	-0.0410597961	0.548460132	1.09457328	1.01133954	0.391563528	0.092060455	0.0186869639	17.307853
1.12	0.00859887359	0.0330968604	0.0447606746	-0.0415107865	0.548891278	1.0305014	0.940537562	0.391416839	0.0992389908	0.0138399121	17.50237
1.13	0.00900190906	0.0327757246	0.0453695668	-0.0419931384	0.5489332	0.989436164	0.849044789	0.390989287	0.0849028851	0.0241362492	17.338307
1.14	0.00961170547	0.0323606273	0.0460401185	-0.0425083573	0.548641206	0.983057979	0.752834363	0.390080113	0.0812459317	0.0238614626	17.92604
1.15	0.0101751366	0.03184183	0.0467437107	-0.0430539792	0.54805672	0.996780332	0.652885609	0.389202928	0.095484738	0.0170163292	20.066387
1.16	0.0105043297	0.0312516189	0.0474643145	-0.0436320722	0.547218428	1.02543329	0.55507004	0.388423166	0.0800668007	0.0104230829	18.239267
1.17	0.0105953398	0.0306988455	0.0481750451	-0.044236203	0.546212533	1.05765453	0.477240577	0.387866654	0.0345948903	0.0149613891	15.895894
1.18	0.0109515454	0.0298914159	0.0488462907	-0.0448621631	0.54513323	1.08213838	0.42973031	0.387265746	0.0760690923	0.0205015924	18.448558
1.19	0.0108683467	0.0292340565	0.0494748522	-0.0454998968	0.544017097	1.09422096	0.410626085	0.38650811	0.0890274163	0.0194991158	16.825112
1.2	0.0105725799	0.0288620315	0.0500577315	-0.0461427034	0.542836908	1.08828317	0.41016609	0.386092727	0.0804831792	0.011652976	19.733643
1.21	0.0110538234	0.0282601313	0.0505977042	-0.046786999	0.541621641	1.06495357	0.428191709	0.385672492	0.107527739	0.0197900016	18.871558
1.22	0.0123026919	0.0274733702	0.0510864999	-0.0474264454	0.540382378	1.01553952	0.468170553	0.385255542	0.102517284	0.01582743	19.813875
1.23	0.0140077167	0.0268545893	0.0515365046	-0.0480468535	0.539064367	0.940299755	0.530255249	0.385328784	0.102709183	0.0197867766	19.083958
1.24	0.0156192694	0.0263150096	0.0519894009	-0.0486487049	0.537608698	0.85090253	0.577535466	0.385549606	0.0707905534	0.00951943061	19.968245
1.25	0.0168449318	0.0258633645	0.0524608521	-0.0492301478	0.536001879	0.757317766	0.599603793	0.385904802	0.0373072368	0.00603795513	16.665684
1.26	0.01741586	0.0257331899	0.0527492095	-0.0497311522	0.535206571	0.626384257	0.742313817	0.386370023	0.0312922387	0.0122661292	20.317232
1.27	0.0174855472	0.0258026582	0.0529403524	-0.0501093572	0.534733441	0.406247223	0.878688163	0.386760076	0.0231642832	0.00784988802	18.476351
1.28	0.0170203246	0.025992879	0.0530556454	-0.0504860058	0.534307168	0.297985019	1.12695358	0.387657398	0.034142818	0.0130214208	18.133799
1.29	0.0161143778	0.026260609	0.0530738301	-0.0507867041	0.534405077	0.179790438	1.36026436	0.38826463	0.0469747815	0.0108668216	16.629962
1.3	0.0149449696	0.0263486106	0.0530279924	-0.0510071757	0.534881879	0.0689084609	1.56840009	0.388243682	0.0272756093	0.0142481923	18.486637
1.31	0.0132553779	0.0266673121	0.0529247105	-0.0511448502	0.535711896	-0.0370012126	1.75170248	0.387972979	0.0391043457	0.0139066274	16.487889
1.32	0.0111530973	0.0271674588	0.0527733243	-0.0511927022	0.536822708	-0.137088851	1.89305194	0.387572682	0.0273824605	0.0119227477	17.537283
1.33	0.00857940196	0.0279776205	0.0525822829	-0.0511374577	0.538193084	-0.23873738	1.9942883	0.387275508	0.0398110593	0.0116372693	19.196973
1.34	0.00597189827	0.0289471691	0.0523505225	-0.0509701041	0.539736507	-0.353355213	2.04365656	0.386977688	0.0235892794	0.0130596949	19.712242
1.35	0.00393807257	0.0295762638	0.0521393908	-0.0506343785	0.540969269	-0.552129873	2.10653292	0.386881827	0.106563931	0.0062822158	23.477736
1.36	0.00228330219	0.0301216985	0.0519380739	-0.0502161396	0.542098579	-0.716081318	2.11854734	0.386852787	0.102841817	0.0080390748	23.380245
1.37	0.00201870288	0.030641323	0.0517572021	-0.0497511502	0.542945632	-0.836064301	2.10718481	0.387048375	0.0987454196	0.0120729136	20.359139
1.38	0.0032608509	0.0309610007	0.0516100295	-0.0492486237	0.543417511	-0.933475473	2.07729531	0.387503853	0.111101135	0.011400695	22.426339
1.39	0.00446882965	0.0310901255	0.051506187	-0.0487158757	0.543471819	-1.00369862	2.02504889	0.387902529	0.111390134	0.0149768557	21.488166
1.4	0.00520088337	0.0311851726	0.0514535622	-0.0481581536	0.543142224	-1.05998438	1.94920199	0.388368442	0.0831560453	0.00943234896	20.376004
1.41	0.00538733946	0.0317274009	0.0514466343	-0.0475890224	0.542477873	-1.09389913	1.85228818	0.389275856	0.07735538	0.0213855221	15.822269
1.42	0.0054276259	0.032145532	0.0514774316	-0.0470151065	0.541572822	-1.10129531	1.74163663	0.389999804	0.032658652	0.010439307	18.441224
1.43	0.00544249365	0.0325412398	0.0515007777	-0.0464398807	0.540546041	-1.09162597	1.63561767	0.390582723	0.0829518671	0.00847192309	16.049705
1.44	0.00539974145	0.0329539993	0.0514873511	-0.0458715327	0.539468185	-1.05724599	1.53589638	0.391239983	0.0779348556	0.0135249816	18.735319
1.45	0.00533971395	0.0331074913	0.0514197974	-0.0453239164	0.538413783	-0.991852621	1.44244831	0.391608592	0.0857611443	0.00852402841	18.745592
1.46	0.00498243441	0.0330144555	0.0512891001	-0.0448050989	0.537376733	-0.897394394	1.35538374	0.391829598	0.101402656	0.0150590382	18.031797
1.47	0.0048641259	0.0327740898	0.0511122678	-0.0443170516	0.536362018	-0.784921038	1.28525552	0.391618225	0.10464322	0.0170374567	19.25328
1.48	0.00506503946	0.0328354958	0.0508988694	-0.0438615835	0.535334866	-0.655236925	1.22502613	0.391826749	0.0971018772	0.0198552793	18.323641
1.49	0.00528361569	0.0328390255	0.0506617649	-0.0434305136	0.534298943	-0.529199479	1.16229344	0.392075041	0.0634017021	0.00857652653	17.247944
1.5	0.00513524488	0.0327074188	0.0503988265	-0.0430144702	0.533273377	-0.421938691	1.09804373	0.392448684	0.0405217858	0.0140953113	18.59507
1.51	0.0043763069	0.0323708183	0.0499842526	-0.042634751	0.533160698	-0.291907944	1.1026314	0.392582075	0.0501013208	0.0202088559	19.574931
1.52	0.00390406009	0.0317381514	0.0495531106	-0.0422739412	0.532872158	-0.137241702	1.14237862	0.392802585	0.0130078752	0.0189209114	19.273547
1.53	0.00472998428	0.0313960362	0.0490629512	-0.0419714874	0.533354328	0.02656432	1.20541395	0.39280925	0.0311320506	0.00739504021	16.747166
1.54	0.0062933409	0.0310009769	0.048548247	-0.041725262	0.534370623	0.190377728	1.26976259	0.392526739	0.0287538276	0.0184197515	18.580098
1.55	0.00840710531	0.0305782533	0.0480369442	-0.0415369171	0.535756012	0.353419675	1.31264789	0.392009383	0.0299026218	0.0192743199	16.455096
1.56	0.0107506698	0.02996725	0.0475508604	-0.0413998676	0.537413548	0.507409022	1.33873968	0.391133852	0.0306078908	0.018191491	18.207744
1.57	0.01265695	0.0297800411	0.0471198008	-0.0413054771	0.539251834	0.644107866	1.32793114	0.390071089	0.0536181475	0.0218334748	18.281226
1.58	0.0139800835	0.0297319617	0.0467920753	-0.0412534926	0.54113848	0.75747879	1.27808553	0.388418075	0.0444010525	0.0176316592	19.18172
1.59	0.0146325923	0.0300141924	0.0465719749	-0.0412349566	0.543026259	0.835373328	1.18976732	0.386613372	0.0344908746	0.00622332877	19.134069
1.6	0.0150050892	0.0303264241	0.0464752898	-0.041257171	0.544618751	0.895815134	1.07038345	0.384790572	0.109797941	0.011823731	18.731285
1.61	0.0155379254	0.0305676957	0.0465004486	-0.0413158914	0.545814909	0.951213063	0.939165623	0.383050523	0.0824011864	0.0153978602	19.705499
1.62	0.0167507867	0.0304848148	0.0466364858	-0.0414189307	0.546634404	1.01499887	0.825359551	0.381196306	0.098873716	0.0241733279	18.77394
1.63	0.0180857198	0.0303465895	0.0468628805	-0.0415539813	0.547098032	1.06468284	0.732180198	0.379634741	0.105256958	0.0113770719	16.022011
1.64	0.0190171767	0.030226461	0.0471631609	-0.0417064683	0.547245946	1.08485282	0.658894385	0.378329372	0.0935865237	0.0156251368	19.998831
1.65	0.0193476004	0.0301807045	0.0475211727	-0.0418666792	0.54710318	1.07099951	0.602716573	0.377384426	0.0840145611	0.00686221515	16.596297
1.66	0.018767729	0.0302261625	0.0479058755	-0.0420215071	0.546754991	1.01416158	0.572421258	0.376738062	0.101299052	0.0139137351	18.515464
1.67	0.0175599225	0.0303027084	0.0483024974	-0.042176938	0.546243103	0.927083179	0.56878379	0.376235694	0.0226447585	0.0063441061	17.277887
1.68	0.0158132316	0.030337917	0.048693878	-0.0423302462	0.545608261	0.808700553	0.587270481	0.375731929	0.0900902767	0.00983652529	18.209709
1.69	0.0132798283	0.0302826694	0.0490552	-0.0424745566	0.544848172	0.650353944	0.630231931	0.375430564	0.105167361	0.0208122802	19.964958
1.7	0.00991937938	0.0301781497	0.0493794857	-0.0426043167	0.543979059	0.459879857	0.70458284	0.375610381	0.062016234	0.0250531192	19.017323
1.71	0.00698816381	0.0300840938	0.0496704783	-0.0427185341	0.543014126	0.251637236	0.806140268	0.376187602	0.0931891957	0.0117523909	16.35464
1.72	0.00696001388	0.029803818	0.0499387058	-0.0428206053	0.541937764	0.0349757131	0.930158196	0.377071782	0.0814321774	0.0129686809	16.610225
1.73	0.00990711266	0.0292441351	0.0501882687	-0.0429155078	0.540696835	-0.182731508	1.07542788	0.377956016	0.0989214653	0.0128506663	16.925541
1.74	0.0137618248	0.0292417815	0.050452109	-0.0430087252	0.539323438	-0.390948039	1.2524006	0.379336907	0.0813229267	0.0290573324	18.56941
1.75	0.0175879537	0.0294046443	0.0507639469	-0.0430922814	0.537749163	-0.602725092	1.44316558	0.380732219	0.0305698464	0.0284233034	18.649266
1.76	0.0207977368	0.0294179882	0.0510295008	-0.0432567296	0.536500079	-0.697015929	1.54752263	0.381433645	0.0311580534	0.026891532	18.241961
1.77	0.0237324656	0.0296329778	0.0511881891	-0.0434279811	0.535891485	-0.809425021	1.6867935	0.381959439	0.0393000542	0.0118806503	19.170646
1.78	0.0260361699	0.0300342567	0.0513142148	-0.0436479676	0.535116741	-0.884770757	1.81987108	0.382657595	0.039172679	0.0124532588	17.18275
1.79	0.0277117021	0.0304252112	0.0513890438	-0.0438775348	0.53489218	-0.971051889	1.91438048	0.382557734	0.0529313346	0.0125384886	16.379887
1.8	0.0288003437	0.0310884791	0.0514110545	-0.0441267255	0.535079713	-1.0330605	1.96324764	0.382086671	0.0316474688	0.00946063925	20.225715
1.81	0.0293348152	0.031784014	0.0513729645	-0.0443888469	0.535574197	-1.08389548	1.96822541	0.381286937	0.0293166916	0.00660490689	17.747474
1.82	0.0294298702	0.032307867	0.0512688313	-0.0446482018	0.536284318	-1.1437507	1.92520778	0.380245528	0.0366788938	0.0125750063	17.353857
1.83	0.0286660401	0.032580124	0.0510847655	-0.0449115578	0.537177201	-1.19487531	1.84830608	0.379236653	0.0339547841	0.00963775046	18.460736
1.84	0.0272557921	0.0326999843	0.0508116737	-0.0451703699	0.538235833	-1.24754787	1.74241997	0.378478355	0.0245702363	0.00840562571	20.16103
1.85	0.0250998925	0.0325939381	0.0504868875	-0.045422624	0.539217565	-1.30651012	1.61139339	0.37822813	0.110063189	0.00890862296	17.594789
1.86	0.0222083651	0.0318001129	0.0501755049	-0.045614234	0.539592612	-1.42904671	1.55547981	0.378257109	0.104527936	0.0165208442	17.925887
1.87	0.018860453	0.0307634281	0.0498381926	-0.0458221949	0.539834963	-1.50192088	1.47337873	0.378178684	0.0923992412	0.0108611885	17.949677
1.88	0.015334905	0.0295589081	0.0494827172	-0.0460423514	0.539915901	-1.54376275	1.37920703	0.378023899	0.0793745535	0.0155679648	16.384133
1.89	0.0122546787	0.0286113659	0.0491087277	-0.0462609395	0.539826516	-1.56759291	1.27290096	0.378103223	0.0788023869	0.0219714702	17.828072
1.9	0.00977880529	0.0279145446	0.0487398436	-0.0464806636	0.539599383	-1.56355514	1.15134095	0.377924001	0.0789597202	0.0147077796	17.666267
1.91	0.00819703211	0.0272021104	0.0483620514	-0.0466832976	0.539305498	-1.55716975	1.04377445	0.377093046	0.0967532606	0.0213967832	17.879464
1.92	0.00773642644	0.0267223925	0.0479751982	-0.0468619277	0.538949619	-1.54891376	0.950913654	0.376049376	0.029525641	0.0125747444	16.478196
1.93	0.00805244737	0.0262481262	0.0475936715	-0.0470259678	0.538527041	-1.51729527	0.848394713	0.374970976	0.0849563981	0.0243605791	18.10982
1.94	0.00844660898	0.0254152245	0.0472278992	-0.0471814076	0.538072025	-1.4606096	0.745272015	0.373335757	0.0941880027	0.0364031241	16.409475
1.95	0.00940829525	0.0250837354	0.0468640597	-0.0473464202	0.537570412	-1.37245517	0.644768386	0.372085969	0.0846130107	0.0152271897	17.644845
1.96	0.0108199771	0.0249517105	0.0465133403	-0.0475143578	0.537007275	-1.26661755	0.548193428	0.37100222	0.0814989619	0.0103135547	19.296896
1.97	0.0125997223	0.0250231154	0.0461818627	-0.0476827654	0.536333341	-1.15163455	0.456671137	0.370280194	0.0889810698	0.0105218284	16.805074
1.98	0.0143662265	0.0250725189	0.0458495692	-0.0478676941	0.53555359	-1.0167253	0.368090046	0.36983988	0.09866663	0.0261442668	18.169023
1.99	0.0156315341	0.0248169943	0.0455150426	-0.0480689426	0.534658098	-0.873498326	0.294396034	0.369578794	0.0509848558	0.0206220583	18.058679
2	0.0167154246	0.0246294421	0.0452005376	-0.0482843004	0.533624563	-0.735561792	0.22973491	0.369922522	0.0411528057	0.0116901103	17.566915
2.01	0.0177639719	0.0245801114	0.0447359732	-0.0485410463	0.533289699	-0.572300558	0.258762586	0.370592339	0.037021099	0.0121723506	20.260194
2.02	0.0186187053	0.0247478849	0.0442227506	-0.0488871462	0.533111315	-0.319541095	0.253278735	0.371630413	0.0374229041	0.0156702851	21.64415
2.03	0.0190990511	0.0246188545	0.0436985829	-0.0491712625	0.533114365	-0.20443409	0.368669486	0.372887739	0.0386586012	0.00580172672	17.373851
2.04	0.0194068048	0.0244198252	0.0431606827	-0.0494942191	0.53369798	-0.061667803	0.47752055	0.373827687	0.0410505528	0.0145992009	18.235924
2.05	0.0196131979	0.0242011276	0.0426114661	-0.0498564364	0.534747567	0.082183699	0.587195162	0.374563988	0.0295862002	0.00590442273	18.388982
2.06	0.0196671415	0.0241913639	0.0420756756	-0.0502570587	0.536144242	0.224966456	0.691248598	0.375272148	0.0272685149	0.0133068114	19.112559
2.07	0.0194346668	0.0244712578	0.0415729084	-0.0506852819	0.537792839	0.354531343	0.78387051	0.375949785	0.0240005267	0.0102639166	18.50845
2.08	0.0188680732	0.0249592156	0.0411077219	-0.0511402054	0.53961889	0.473995751	0.867534624	0.376459142	0.027398254	0.0106816579	17.487109
2.09	0.0178174703	0.0253067259	0.0406912519	-0.0516145761	0.541547851	0.569394119	0.93577625	0.376564659	0.0160266089	0.00621599648	17.484536
2.1	0.0164890779	0.0256644488	0.0403645008	-0.0521046903	0.54327597	0.654976241	0.973103995	0.376550119	0.100837058	0.0109222061	20.161481
2.11	0.0154620519	0.0257831497	0.0401258934	-0.0526567288	0.544366748	0.791885977	1.04036874	0.376590405	0.093742801	0.0165203704	18.231715
2.12	0.0145408168	0.0261112508	0.0399602477	-0.0532059742	0.545103314	0.880504589	1.05573121	0.376900235	0.0987362327	0.0126612941	17.262803
2.13	0.013718087	0.0265255332	0.0398722372	-0.0537550717	0.545435662	0.931630435	1.02633836	0.377429011	0.107519994	0.0177586461	18.334192
2.14	0.0130657246	0.0267920241	0.0398222556	-0.0543012448	0.545408139	0.948492125	0.972253752	0.377987554	0.0939918462	0.00723254883	17.071185
2.15	0.0127490248	0.0269138501	0.039805112	-0.0548350504	0.545000345	0.919935747	0.888666151	0.378810087	0.0975657697	0.0241693767	18.730516
2.16	0.0128869912	0.0269439836	0.0398177147	-0.0553579741	0.544280662	0.85606577	0.78364175	0.379951684	0.0811997021	0.0122860787	19.400305
2.17	0.0134079664	0.0271109504	0.0398792382	-0.0558614984	0.543288866	0.741673633	0.650054903	0.381445515	0.0516619668	0.0195484734	20.379354
2.18	0.0140708469	0.0272438085	0.0399863176	-0.0563454088	0.54215785	0.59180985	0.504585464	0.382628265	0.0937543645	0.0136451751	18.064808
2.19	0.0149140557	0.0272134983	0.0401280662	-0.0568150616	0.540956182	0.428689387	0.354413583	0.383317714	0.0894749155	0.00406203983	18.568268
2.2	0.0157102645	0.027313569	0.0403027853	-0.0572776266	0.539702283	0.271434402	0.207580433	0.383690136	0.0893157676	0.0117375861	18.414914
2.21	0.0165077216	0.0274114572	0.0404863498	-0.0577399756	0.538404929	0.127875803	0.0675244276	0.383830143	0.0840476834	0.00779483389	18.676819
2.22	0.017261897	0.0277510197	0.0406509787	-0.058204667	0.537088147	0.00271919177	-0.062282635	0.384210472	0.0992789099	0.0150818272	18.795406
2.23	0.0179557151	0.0281965722	0.0408183159	-0.0586655784	0.535725507	-0.111373238	-0.18880445	0.384609323	0.0891625188	0.0177522401	20.497732
2.24	0.0185022842	0.0287264514	0.0409978729	-0.0591173106	0.534246382	-0.216051833	-0.311941635	0.385003905	0.0671449329	0.0169186398	18.649225
2.25	0.0191911392	0.0292371293	0.0410198764	-0.0594390842	0.533237672	-0.427535823	-0.233622032	0.385571318	0.0386645908	0.00938769705	17.650752
2.26	0.0196261776	0.0297203151	0.0408841641	-0.0596718193	0.53266395	-0.649188942	-0.177228042	0.385482521	0.0404192123	0.00953715877	16.356644
2.27	0.0195801946	0.030384107	0.0405939943	-0.0598796078	0.53277262	-0.791373798	-0.0750474388	0.385239789	0.0247116956	0.0065026866	18.210119
2.28	0.0190240693	0.0309754161	0.0401993806	-0.0601336373	0.533021792	-0.809947342	0.123886572	0.385288968	0.034164693	0.0109771908	21.735877
2.29	0.0185652624	0.0314427877	0.0397022429	-0.0603448669	0.533776903	-0.840222867	0.314169595	0.385251597	0.0387932767	0.01150141	18.358313
2.3	0.0181464456	0.031605906	0.0391088205	-0.0605072827	0.534900355	-0.871673599	0.489684805	0.385117281	0.0336564587	0.0136851229	18.293187
2.31	0.0183078248	0.0317293237	0.0384590841	-0.0606070053	0.536325765	-0.920415646	0.66073985	0.385107564	0.0426508935	0.0124323774	18.992533
2.32	0.0192615061	0.031751044	0.0378132797	-0.0606476427	0.537925597	-0.967820457	0.812152365	0.384760674	0.0401433581	0.0195776857	17.051152
2.33	0.020773665	0.031751397	0.0372295788	-0.0606080889	0.539647204	-1.0419376	0.935562751	0.383856121	0.0451748802	0.0239076853	17.162613
2.34	0.0222197139	0.0317628719	0.0367366281	-0.0604724553	0.541418193	-1.14016638	1.02866421	0.382612725	0.030106611	0.0265020583	19.143869
2.35	0.0232393891	0.0317262977	0.0363811187	-0.0602494743	0.542964526	-1.25029744	1.08523166	0.381215469	0.113920348	0.0116759602	17.29546
2.36	0.0239509236	0.0315814401	0.0361688053	-0.0599581797	0.544137892	-1.36105383	1.11956545	0.379823861	0.104681406	0.0107428126	18.258213
2.37	0.0244381975	0.031276276	0.0360834815	-0.0596138807	0.544936238	-1.4567636	1.12493041	0.378603698	0.0959402053	0.0127344836	18.342624
2.38	0.0251359071	0.03117569	0.036104127	-0.0592325358	0.545374961	-1.5293481	1.10486511	0.37778092	0.106282237	0.0117744831	17.639475
2.39	0.0258024961	0.0311861922	0.03621628	-0.0588328719	0.545483727	-1.57052666	1.05793077	0.377353795	0.0973873634	0.00643225198	18.286367
2.4	0.0257107273	0.0310256027	0.0364197917	-0.0584344723	0.545280807	-1.57203821	1.00099077	0.376905343	0.0778915586	0.0267669709	19.329839
2.41	0.0248093958	0.0304094379	0.0366842459	-0.058049708	0.544779549	-1.53652389	0.926812757	0.376170485	0.0756479878	0.0200691209	20.11297
2.42	0.0236076874	0.0299617791	0.0369877745	-0.0576868295	0.544049404	-1.46704177	0.844178134	0.375528235	0.0207077068	0.0150244906	20.47293
2.43	0.0217857621	0.0290797746	0.0372720072	-0.0573492684	0.543154101	-1.36860414	0.756921448	0.374609212	0.090939844	0.021346447	19.925582
2.44	0.01930134	0.0278754725	0.0375235733	-0.057043328	0.542148881	-1.2471509	0.681215013	0.373442018	0.0894811248	0.0245777845	16.744753
2.45	0.0166087304	0.0268671928	0.0377581446	-0.0567780473	0.541127559	-1.09325561	0.596721272	0.37237625	0.0946252863	0.0204359269	19.101645
2.46	0.0143018304	0.0261800826	0.0379698202	-0.0565507883	0.540051635	-0.923273475	0.497607784	0.371441087	0.0989351509	0.0129478571	19.845494
2.47	0.0131190929	0.0258081997	0.0381594876	-0.0563571043	0.538890359	-0.750064615	0.384689883	0.370558191	0.0965769948	0.0165473428	19.363558
2.48	0.0130292965	0.0255184224	0.0383047431	-0.0561860136	0.537639109	-0.587454862	0.266559434	0.3699782	0.100269126	0.0202597468	18.919287
2.49	0.0140221273	0.0253184937	0.0383991136	-0.0560281102	0.536281208	-0.454359352	0.14547745	0.369887806	0.0680720487	0.0135087744	19.239388
2.5	0.0154613731	0.0247373859	0.0384677005	-0.0558791676	0.534764757	-0.349909526	0.0201488893	0.369399143	0.0405764026	0.0232309388	17.86158
2.51	0.0168640248	0.0240535063	0.0382841671	-0.0557604507	0.534128929	-0.29247379	0.010243298	0.368591832	0.0442218497	0.0152699699	18.147666
2.52	0.0179246049	0.0234229273	0.0379569257	-0.0557114317	0.533812324	-0.194973629	0.00971245959	0.367710454	0.021748848	0.0177562837	19.547455
2.53	0.0186133679	0.0229303684	0.0375514239	-0.0556179162	0.533754239	-0.233712686	0.138341832	0.367227714	0.0458054078	0.0170441893	17.38624
2.54	0.019371093	0.0228882582	0.0370732082	-0.0555490989	0.534184103	-0.262981484	0.302329602	0.367088556	0.0336310446	0.021717731	18.757094
2.55	0.0199928149	0.0228422124	0.0365505113	-0.0555272086	0.534981033	-0.271405453	0.498155994	0.367023695	0.0392201627	0.0218229846	17.999902
2.56	0.0202995199	0.0228937846	0.0360396371	-0.0555444113	0.536085027	-0.269127713	0.707091478	0.367062732	0.0308380921	0.0246073578	18.686656
2.57	0.0196125343	0.0229271988	0.0355995755	-0.0556085588	0.537432269	-0.25526656	0.908139138	0.366912625	0.0532272882	0.026447518	18.271611
2.58	0.0186011783	0.0231320601	0.0352422836	-0.0557321455	0.538983622	-0.217601394	1.08615216	0.366738094	0.0283071212	0.0202497585	17.114401
2.59	0.0173035336	0.0232442418	0.0349628933	-0.0559206706	0.540635733	-0.159772084	1.21572349	0.366704388	0.0319071457	0.0140157725	18.095922
2.6	0.0159104512	0.0231903148	0.0347828748	-0.0561570972	0.542219497	-0.0822112244	1.29238195	0.366599247	0.0985902087	0.0164962346	18.430971
2.61	0.0150561488	0.0229543607	0.034714908	-0.0564302096	0.543571046	0.0114602996	1.32633271	0.366626027	0.0771349004	0.00703326999	16.920385
2.62	0.0151348268	0.0226763225	0.0347843372	-0.0567665019	0.544274629	0.167453272	1.40684387	0.367309946	0.0998184128	0.0157688238	17.513516
2.63	0.015826655	0.0222098579	0.0349524751	-0.0571020422	0.544715983	0.291299182	1.45278497	0.367927649	0.0940745894	0.0121480798	16.952675
2.64	0.0171432903	0.0215355809	0.0351903578	-0.0574395403	0.544910948	0.407520034	1.47341363	0.368336575	0.0789519295	0.00982483574	18.600128
2.65	0.0185821783	0.0207639103	0.0354722336	-0.0577781221	0.544854786	0.516044049	1.46993659	0.369008818	0.0949806763	0.0147590463	17.276584
2.66	0.0200022064	0.0199685466	0.035795747	-0.0581112316	0.54454903	0.603599448	1.43461124	0.370163262	0.0802316305	0.0148619327	17.389813
2.67	0.0217548469	0.0190866114	0.0361436478	-0.0584280479	0.544008374	0.656223652	1.37232405	0.371706649	0.0291186	0.0148370796	19.127156
2.68	0.0235265482	0.0183808898	0.0365068116	-0.0587355884	0.543286431	0.68662812	1.28036001	0.373669794	0.0833729772	0.0200899892	18.187864
2.69	0.0253526823	0.0178213033	0.0369120816	-0.0590245471	0.542416234	0.684518571	1.16841878	0.375422802	0.0904882082	0.0188093364	18.240513
2.7	0.0268436115	0.017465357	0.0373637055	-0.0592959365	0.541418567	0.660473554	1.03724417	0.376800717	0.0857085879	0.00914744294	18.282606
2.71	0.0276598395	0.0173565933	0.0378725355	-0.0595574645	0.540268398	0.630973059	0.894946895	0.377731798	0.0916747851	0.00802866559	17.068831
2.72	0.0279905645	0.0173927742	0.0384187262	-0.0598031501	0.539011033	0.581974543	0.732877215	0.378299576	0.0916338417	0.0253349584	16.599108
2.73	0.0276354259	0.017670009	0.0390144171	-0.060035776	0.537638622	0.533354845	0.558601569	0.378419944	0.0930575652	0.0107566741	20.163615
2.74	0.027091933	0.018134775	0.0396533758	-0.0602519472	0.536163109	0.495195132	0.395632516	0.378224563	0.0517859236	0.0232670481	18.218278
2.75	0.0266676871	0.0188728265	0.0401212118	-0.0604282164	0.535564104	0.425381439	0.354133456	0.377764586	0.0307716153	0.0129084392	17.22311
2.76	0.0263187015	0.0199610139	0.0404700028	-0.0605134129	0.535311349	0.273580497	0.319770136	0.377400727	0.0494367458	0.0158633804	20.512965
2.77	0.0260965264	0.020907821	0.0407164449	-0.0606312323	0.535276421	0.21924231	0.427851448	0.377114914	0.028452896	0.0136353079	20.764541
2.78	0.026336352	0.0218997537	0.040866133	-0.0606848831	0.535792331	0.127118133	0.553512132	0.376564514	0.0280652254	0.0124275319	18.01052
2.79	0.0265223493	0.0227756404	0.0409117105	-0.0606864516	0.536744936	0.0362965432	0.695777766	0.375958352	0.032150097	0.0131067239	18.154825
2.8	0.0264375156	0.0239145012	0.0408506216	-0.0606413527	0.538080674	-0.045773864	0.849681811	0.375806017	0.0395307575	0.0161065225	17.657106
2.81	0.0258988841	0.0251132611	0.0407028656	-0.0605434472	0.539674994	-0.128645455	0.989341774	0.376163088	0.0371687845	0.0158471898	18.030922
2.82	0.0247430206	0.025846802	0.0404933716	-0.0603904622	0.541441022	-0.211690978	1.10753041	0.376392608	0.0237059509	0.00736593055	17.164838
2.83	0.0232075516	0.0263446446	0.0402381796	-0.0601873195	0.543306177	-0.286892029	1.18407457	0.376435351	0.0390676056	0.0159922686	18.615147
2.84	0.0210953331	0.0266244556	0.0399706908	-0.0599387468	0.545166238	-0.346478053	1.22160472	0.376074118	0.0214674585	0.012455821	18.714625
2.85	0.0189362288	0.0269419622	0.0397846935	-0.0596053794	0.54643346	-0.451624018	1.30929794	0.376241099	0.129034213	0.0199426332	18.298843
2.86	0.0167355651	0.0273896413	0.0396633047	-0.0592792642	0.547489929	-0.505169261	1.36936469	0.376102654	0.102889602	0.0170245902	18.583861
2.87	0.0148453348	0.0278585465	0.0396069356	-0.0589545722	0.548283775	-0.531704826	1.40530329	0.37588665	0.0971788937	0.00618750332	18.488959
2.88	0.0133282055	0.0283251681	0.0396148316	-0.0586346825	0.548805922	-0.535486364	1.413495	0.375580296	0.0859039791	0.0126510817	17.049342
2.89	0.0122368913	0.0285324536	0.0396932892	-0.0583134196	0.549031433	-0.534074827	1.39957872	0.375138333	0.0921889443	0.00923462606	17.715413
2.9	0.0113709553	0.028758127	0.0398245621	-0.0579970438	0.548960255	-0.522982694	1.36441019	0.375032878	0.0945532467	0.0127890552	17.101111
2.91	0.0102986703	0.0291654019	0.0399702396	-0.0576891695	0.548658316	-0.526734494	1.33859313	0.375882798	0.0771152015	0.0278966122	16.798164
2.92	0.00858169963	0.0292677512	0.0401187951	-0.0573989763	0.548136894	-0.524898173	1.3128553	0.37705085	0.0312177808	0.0094965496	16.631552
2.93	0.00625762608	0.0289957664	0.0402453427	-0.0571330888	0.547445528	-0.505424378	1.28727371	0.378425017	0.0874995544	0.010364385	19.590907
2.94	0.00467771401	0.0284284166	0.0403646634	-0.056893078	0.546621682	-0.475243454	1.26232801	0.379724904	0.0901533899	0.00939661093	19.131611
2.95	0.00514348501	0.0277771404	0.0404620323	-0.0566728139	0.545670132	-0.43637313	1.22319032	0.381192277	0.0758139076	0.0156545385	17.49444
2.96	0.00703593959	0.0271531524	0.0405304865	-0.056475097	0.544629203	-0.381477558	1.15536815	0.382730988	0.0985534886	0.0256205732	17.874225
2.97	0.00937132971	0.0266155318	0.0405848268	-0.056294104	0.543443007	-0.317648961	1.05657389	0.384528367	0.0957550341	0.0186574635	18.250494
2.98	0.0113119079	0.0259703136	0.0406299896	-0.0561170929	0.54216196	-0.270018552	0.940719741	0.38578964	0.102492679	0.0169626015	16.255811
2.99	0.0125494562	0.0255419852	0.0406968002	-0.0559399554	0.540760351	-0.23109095	0.818909732	0.386774235	0.0556479743	0.0124626063	19.252235
3	0.0130094591	0.0253629622	0.0408152545	-0.0557593993	0.539220833	-0.205616406	0.692497126	0.387479905	0.0437492059	0.0103014721	17.116454
3.01	0.0125608925	0.0252456322	0.0410183017	-0.0555657498	0.537516986	-0.197726584	0.555878437	0.387625734	0.0373039187	0.00812500567	21.169165
3.02	0.011086936	0.0255276022	0.0411550942	-0.0553877229	0.536453667	-0.197836613	0.473815164	0.387274156	0.0369108584	0.00701979905	19.518402
3.03	0.00935000399	0.0261421494	0.0412575528	-0.0553015354	0.535553286	-0.10651294	0.346869332	0.386666056	0.0282272497	0.0131809882	17.222107
3.04	0.00822314316	0.0268274819	0.0413118169	-0.0551597484	0.534865525	-0.118790236	0.370261189	0.38652129	0.0349401471	0.0124167869	18.138591
3.05	0.00826490783	0.027543966	0.0413032461	-0.055059677	0.534800742	-0.0942408746	0.406897481	0.386003905	0.0266371878	0.00668425678	18.400752
3.06	0.00917232632	0.028351254	0.0412295392	-0.0550088677	0.535251884	-0.046701595	0.46082044	0.385511912	0.0408994697	0.0126319533	19.882471
3.07	0.0104651192	0.0292874395	0.0411167978	-0.0549689965	0.536203099	-0.0286698136	0.50844892	0.38464902	0.0624621024	0.0224291434	19.133893
3.08	0.0118734257	0.0302347579	0.0409521413	-0.0549551959	0.53751814	-0.00653873116	0.554640831	0.383594305	0.0478710193	0.0197893892	17.69417
3.09	0.0134003558	0.031491068	0.0407626753	-0.0549875083	0.539075072	0.040377793	0.584139809	0.382853032	0.0424588564	0.0171496809	17.785423
3.1	0.0143566624	0.0323459104	0.0405766157	-0.0550544434	0.54053819	0.0919907367	0.574585286	0.38227136	0.12268079	0.0160400169	16.036808
3.11	0.0145998659	0.0329865621	0.0404337604	-0.0551510771	0.54171945	0.143358451	0.533358205	0.382352294	0.10331044	0.0133411025	17.284691
3.12	0.0141570764	0.0331428952	0.0403680352	-0.055262832	0.542530251	0.187092387	0.474448858	0.382507199	0.0984009301	0.0115274722	17.101508
3.13	0.0134109304	0.0332043021	0.0403942526	-0.055392768	0.542988688	0.234472878	0.406960052	0.382822939	0.0966371401	0.0129378837	17.861207
3.14	0.0126358531	0.0335492911	0.0405112737	-0.0555384995	0.543115564	0.282183723	0.343800224	0.383629259	0.094465463	0.0169376887	16.16758
3.15	0.01178551	0.0339738165	0.0407014266	-0.0556931188	0.542971497	0.326948666	0.280570007	0.384618619	0.0901175935	0.0106225454	17.106753
3.16	0.0109794373	0.034343776	0.0409692294	-0.0558632612	0.542571445	0.375557102	0.220070289	0.385699901	0.0848956487	0.0104131157	17.925875
3.17	0.0101081651	0.0347614458	0.0412805941	-0.05602982	0.541987306	0.403553164	0.159342344	0.387366649	0.0256713021	0.0286749036	17.535055
3.18	0.00908991405	0.0351024513	0.0416273801	-0.0561970391	0.541279377	0.418906669	0.118717102	0.389110507	0.0923693499	0.0169443987	17.621333
3.19	0.00795462621	0.0351790359	0.0419901238	-0.0563599767	0.540539411	0.418211371	0.0995189635	0.390361899	0.105889483	0.0117304149	20.135284
3.2	0.0067414472	0.0349954628	0.0423448054	-0.0565242051	0.539780693	0.406985078	0.100699682	0.39146417	0.0853417432	0.0111397252	18.146341
3.21	0.00560682842	0.0348979232	0.0426803404	-0.0566866488	0.538978894	0.389025065	0.120919947	0.392988588	0.0826913455	0.0178171196	16.709781
3.22	0.00449317543	0.0346067245	0.0430179793	-0.0568465988	0.538112411	0.365447469	0.150341092	0.39434575	0.0938024931	0.0105477477	18.198123
3.23	0.00345765466	0.0341912257	0.0433604471	-0.0570019064	0.537152703	0.344288059	0.189033983	0.395659248	0.0922831553	0.0107664195	18.321993
3.24	0.00286559538	0.0337964759	0.0437250029	-0.0571557925	0.536055169	0.330002211	0.231186611	0.397097152	0.0520139753	0.0125054348	17.981967
3.25	0.00281985737	0.0335018215	0.0441304849	-0.0573052827	0.534815881	0.31879626	0.265891336	0.398473285	0.0285225849	0.0104897631	17.280086
3.26	0.00300429823	0.0333974662	0.0443734781	-0.057439391	0.534346551	0.300617875	0.371435191	0.399448762	0.0255781815	0.00979498984	18.450789
3.27	0.00338732263	0.0331334633	0.0445392381	-0.0574804376	0.534084909	0.182548461	0.43310808	0.399914102	0.0352368478	0.0146206781	16.322738
3.28	0.00397827887	0.0328349369	0.0447065482	-0.0575659683	0.533960758	0.160700661	0.578702699	0.400229587	0.045586742	0.0242380578	18.559171
3.29	0.00495953525	0.0325728858	0.0448637482	-0.057596263	0.534324022	0.0882441244	0.693990559	0.400138185	0.031615397	0.008000355	15.979379
3.3	0.00632475853	0.0326289604	0.0450348356	-0.0575671516	0.535032947	-0.0118826939	0.773360796	0.400061034	0.0220909153	0.0146961511	18.740721
3.31	0.00805967214	0.0329117304	0.0452022678	-0.0574808946	0.536017545	-0.130702429	0.818633997	0.40018312	0.0281619506	0.00958612606	17.386606
3.32	0.00952675408	0.0332160899	0.0453586397	-0.0573444139	0.537202456	-0.247912296	0.831980577	0.400354659	0.0401802441	0.0128507278	15.973703
3.33	0.0108704561	0.033489323	0.0455045712	-0.0571472767	0.538551914	-0.373913295	0.821240762	0.400433539	0.0244680058	0.0150601708	17.689227
3.34	0.0120109608	0.0335239159	0.0456229331	-0.0569033153	0.540042874	-0.490047605	0.787344945	0.40037705	0.0397769894	0.0148452012	16.77541
3.35	0.0133171655	0.0332662316	0.0457791676	-0.0565922103	0.54141233	-0.620170545	0.713893166	0.399969429	0.113931059	0.0185565177	19.009051
3.36	0.0145737673	0.0329974444	0.0459902527	-0.0562353439	0.542498506	-0.752804256	0.622530308	0.399481136	0.101440123	0.0117583612	18.511274
3.37	0.0158415045	0.032380682	0.0462821347	-0.0557906927	0.5429485	-0.943080641	0.580681651	0.398850844	0.110370685	0.0187847707	16.173722
3.38	0.0161807236	0.0322397394	0.0466051487	-0.0553290526	0.543173459	-1.08563775	0.510566332	0.398357351	0.0844746106	0.0148052011	18.1591
3.39	0.0160196109	0.032221846	0.0469605606	-0.0548499045	0.543144126	-1.20650819	0.430596714	0.397740122	0.105367284	0.00667030537	18.186593
3.4	0.0155035562	0.0323544876	0.0473294391	-0.0543482409	0.542857582	-1.32302834	0.358496567	0.397078042	0.0783339029	0.00750280676	18.634522
3.41	0.0149643845	0.0326080034	0.0477040282	-0.0538297076	0.542311607	-1.42252127	0.286496521	0.396481548	0.0806928165	0.00664288052	17.598598
3.42	0.0145911376	0.0329723247	0.0480544778	-0.0532973747	0.541565921	-1.50982932	0.239035403	0.395974206	0.0434809299	0.00617858849	17.364638
3.43	0.0143559974	0.0333754555	0.0483800417	-0.0527563236	0.54068833	-1.5821113	0.219360587	0.395390798	0.0759506251	0.00814351604	18.661366
3.44	0.0143453181	0.0339118716	0.0486652441	-0.0522126788	0.53972563	-1.63197141	0.223537129	0.39511599	0.0719201252	0.0133657887	16.719427
3.45	0.0143293848	0.0345525327	0.0489598002	-0.0516693462	0.538694083	-1.653174	0.242489542	0.394762473	0.101550058	0.0187074198	17.43024
3.46	0.0144128805	0.0350856065	0.0492426222	-0.0511364226	0.537567364	-1.63391031	0.258114741	0.39463414	0.0887141719	0.0209825133	16.343853
3.47	0.0144120408	0.0353662966	0.0495082593	-0.0506183274	0.536361865	-1.57878485	0.27490652	0.394636745	0.108140946	0.012779765	16.580223
3.48	0.0143456186	0.0356760923	0.0497580249	-0.050120568	0.535097718	-1.49396238	0.289793331	0.394790732	0.104797701	0.0147590145	22.385596
3.49	0.0145477183	0.0362353331	0.0500086466	-0.0496463782	0.533776533	-1.38908322	0.288701696	0.395260016	0.0605308245	0.0128402814	17.447133
3.5	0.0153541208	0.0372746587	0.0501726059	-0.0493168601	0.532874668	-1.16060976	0.418228771	0.396364315	0.0393269851	0.0227332008	18.988101
3.51	0.0170579213	0.0391781349	0.0502502121	-0.0490840652	0.53238262	-0.931930279	0.489225418	0.397540962	0.074188226	0.0327632806	18.095835
3.52	0.0189416025	0.0407085712	0.0502885288	-0.0488169513	0.532134727	-0.864478998	0.652265231	0.398592538	0.0499467876	0.0166306144	20.725939
3.53	0.0204942243	0.0420740611	0.0502872085	-0.0486227038	0.532451725	-0.773037399	0.781006311	0.399503594	0.0363082582	0.0211329882	18.637337
3.54	0.021401974	0.0430814175	0.0502458114	-0.0485177372	0.533175022	-0.663980862	0.887609918	0.400440894	0.0241783711	0.0166441716	19.282554
3.55	0.0216601568	0.0435992245	0.0501798897	-0.0485074006	0.534215585	-0.532763906	0.969567914	0.401216887	0.0250341081	0.0132072382	17.905625
3.56	0.0217521915	0.0441333249	0.0500905983	-0.0485884502	0.535527365	-0.395165417	1.02856672	0.402189872	0.019864394	0.015744905	18.845554
3.57	0.0218486589	0.0451755748	0.0500128152	-0.0487603442	0.53701908	-0.245026681	1.05983954	0.403483688	0.042181528	0.0232380171	18.424264
3.58	0.0216294869	0.0460450245	0.0499578753	-0.049031885	0.53867322	-0.0833376827	1.07377075	0.404232569	0.0362938575	0.0074551872	17.859734
3.59	0.0211244773	0.0467997623	0.0499451598	-0.0494094037	0.54044274	0.0967469888	1.06443435	0.404253575	0.0422612877	0.0233791326	18.428366
3.6	0.0205286458	0.0478507278	0.0499880198	-0.0498791083	0.542142518	0.294776638	1.04730335	0.404362903	0.130297435	0.0151142928	18.131127
3.61	0.0197725837	0.0490647064	0.0500994295	-0.0504109851	0.543637914	0.488787262	1.03331684	0.404881887	0.0972963387	0.0176138725	15.932647
3.62	0.0188953638	0.0501007978	0.0502937484	-0.050986062	0.544847656	0.660694713	1.02924649	0.40541361	0.0940172847	0.012903436	18.16221
3.63	0.0182102444	0.0516060705	0.0505747552	-0.0515905464	0.545761272	0.792913185	1.0284571	0.406151344	0.0954748473	0.0273757425	16.237242
3.64	0.0174784441	0.052795327	0.0509384186	-0.0522217494	0.546355963	0.896780563	1.02705837	0.406882943	0.0915527377	0.00698987709	16.797322
3.65	0.0167395478	0.0537518569	0.05136801	-0.0528737437	0.546648018	0.973251512	1.0291755	0.407593424	0.0883833858	0.0142689318	16.433865
3.66	0.0161003376	0.054630013	0.051828486	-0.0535422738	0.546646954	1.02848203	1.03585655	0.408600186	0.0852560621	0.0164506332	18.344798
3.67	0.0154490777	0.0553498315	0.0522865816	-0.054233785	0.546395246	1.07004066	1.05758462	0.41018779	0.0210467646	0.0224778723	18.044585
3.68	0.0143984277	0.0556090957	0.0527109757	-0.0549370024	0.545949281	1.07939234	1.10523897	0.412185705	0.0892964411	0.018297433	18.357388
3.69	0.0130362396	0.055390943	0.0530988874	-0.0556364051	0.545366874	1.0491658	1.15888896	0.414442665	0.0808343182	0.0113932732	18.706471
3.7	0.0112014766	0.0548727641	0.0534381567	-0.0563092715	0.544713446	0.9552187	1.21800939	0.416575449	0.108299646	0.0250185021	18.200728
3.71	0.00905466647	0.0543422266	0.053723564	-0.0569440277	0.544011944	0.80524959	1.28226065	0.41798681	0.0841697214	0.0216540756	16.436873
3.72	0.00698473397	0.0539350771	0.05396634	-0.0575218389	0.543238277	0.585357607	1.33712488	0.419461707	0.0912559529	0.0207651371	19.149467
3.73	0.00620103111	0.0535749185	0.0541905446	-0.0580336775	0.542376579	0.312475568	1.36923394	0.420907527	0.105219685	0.0199992917	17.846887
3.74	0.00788511745	0.0534731204	0.0543825724	-0.0584872466	0.541374642	0.0131409879	1.37753984	0.42234357	0.0661599404	0.0227186206	18.109729
3.75	0.0103762481	0.0536358566	0.0544504955	-0.0589482541	0.540641631	-0.17083397	1.30118386	0.423285155	0.0386846408	0.0129463424	19.815603
3.76	0.0126735103	0.053901458	0.0544830445	-0.0595194878	0.53967332	-0.180590658	1.22506333	0.423914501	0.0302772611	0.0193609633	18.74192
3.77	0.0147510926	0.0548450808	0.0543600859	-0.0600332118	0.53932152	-0.229276518	1.15607432	0.424483363	0.0361055723	0.0243380564	19.152438
3.78	0.0167555619	0.0556112855	0.054115799	-0.0604544233	0.539160604	-0.341203403	1.02435385	0.424827652	0.0350273657	0.0190663907	20.152746
3.79	0.0182332336	0.0566527474	0.0537568494	-0.0608313684	0.539352363	-0.420644494	0.922280901	0.425260328	0.0427548808	0.0257998057	19.114648
3.8	0.0194820195	0.0572470388	0.0532909286	-0.0611610285	0.539793112	-0.486090127	0.848476755	0.425546816	0.0283304345	0.0133140089	17.640082
3.81	0.0204769639	0.0579997769	0.0527343139	-0.0614433707	0.540418501	-0.539598461	0.803989284	0.42590996	0.03505157	0.0203217881	16.545163
3.82	0.0215030938	0.0588964666	0.0521041821	-0.0616557596	0.54118885	-0.599611297	0.780820467	0.426298553	0.0476528281	0.0194547908	19.637277
3.83	0.0229165667	0.0592134716	0.0513627296	-0.0617810972	0.542101968	-0.68728629	0.783605969	0.426431472	0.0544508692	0.0212763374	17.914942
3.84	0.0245726218	0.0594331334	0.0505340381	-0.0618178309	0.543083588	-0.792949026	0.793096317	0.4264129	0.0251669363	0.0107093742	18.269184
3.85	0.0264821232	0.0598109633	0.0496899129	-0.0617762051	0.543861912	-0.91300386	0.7971906	0.426385197	0.108123783	0.0160421963	19.322523
3.86	0.0282424294	0.0600764445	0.0488771173	-0.0616856438	0.544295487	-1.01388327	0.807431479	0.426352808	0.0957235948	0.00850744947	18.067494
3.87	0.0294892597	0.0605346261	0.0481075785	-0.0615611637	0.544435518	-1.08155905	0.809313609	0.426302209	0.105020745	0.0162461476	18.614014
3.88	0.0301751699	0.0608880058	0.0474040552	-0.0614127507	0.54429784	-1.11552307	0.794274565	0.426215582	0.0836661787	0.00940688057	19.031792
3.89	0.0304665786	0.0607688963	0.0467729095	-0.0612428238	0.54390506	-1.1280905	0.76033066	0.426013251	0.0944440741	0.0137539376	18.471101
3.9	0.0301287368	0.0604641396	0.0462470513	-0.0610594108	0.543297524	-1.11457018	0.704645565	0.425757659	0.0910342704	0.0111407468	19.941198
3.91	0.0291502172	0.0597332401	0.0458091073	-0.0608721232	0.542505433	-1.08205193	0.633205815	0.425454875	0.089593883	0.0171302768	19.732725
3.92	0.0275227406	0.0586118015	0.045444818	-0.0606848998	0.541608961	-1.02878008	0.545096879	0.425023749	0.0258207439	0.0215555155	18.991838
3.93	0.0255330866	0.0582455617	0.0451487223	-0.0604934591	0.540625776	-0.972081211	0.454470004	0.424647254	0.0911992025	0.0137733743	17.397558
3.94	0.0230584827	0.0581700102	0.044899406	-0.0603065355	0.539623107	-0.91006895	0.3632179	0.424237628	0.0836688777	0.0207512807	20.237793
3.95	0.0202664203	0.0579146383	0.0446864064	-0.060132722	0.538597221	-0.835125021	0.271828043	0.423777913	0.0915762656	0.0201910429	17.424003
3.96	0.0173916557	0.0582050469	0.0444914232	-0.059970753	0.537557268	-0.760988645	0.191196928	0.423382151	0.0864263735	0.015374094	18.166936
3.97	0.0150733258	0.0585210398	0.0443074795	-0.0598109388	0.536485097	-0.697704268	0.126724067	0.423000671	0.120596592	0.0158781591	17.977675
3.98	0.0139704401	0.0587584246	0.0441244932	-0.0596450434	0.535324827	-0.657948849	0.0707744124	0.422626789	0.0931128621	0.0144429891	18.920224
3.99	0.0142434464	0.0589658409	0.0439588758	-0.0594754886	0.534028584	-0.635779853	0.00349937967	0.422205017	0.058968924	0.0156962187	18.016904
4	0.0152734261	0.0584529394	0.0438483892	-0.0592928558	0.532551645	-0.639570759	-0.0744585519	0.421701687	0.0487466772	0.0234760147	17.00868
4.01	0.0168523375	0.0581052601	0.0436062077	-0.0591310156	0.531823302	-0.615222865	-0.076214232	0.421308499	0.048261661	0.00628884029	17.780218
4.02	0.0185657054	0.0581764646	0.043304611	-0.0590509887	0.531310773	-0.502171184	-0.111164881	0.421018411	0.033576403	0.0121481852	18.396482
4.03	0.0201888415	0.0584747605	0.043008645	-0.0589229859	0.531014179	-0.491183433	-0.0268330341	0.421140404	0.0251931043	0.0137824719	18.540061
4.04	0.0218213519	0.0589226874	0.0426937894	-0.0588352312	0.531293955	-0.45178077	0.056700321	0.421119048	0.0244704637	0.0123455757	18.882833
4.05	0.0233082527	0.0598368598	0.0423836195	-0.0587822201	0.532011846	-0.405972813	0.139398058	0.421095877	0.0271053145	0.00993701178	17.343881
4.06	0.0244846566	0.06073273	0.0420822931	-0.0587661168	0.533063051	-0.354885573	0.223675558	0.420992951	0.0255330824	0.00266039901	18.944155
4.07	0.0252192387	0.0615523511	0.0418160132	-0.0587964191	0.53436518	-0.290306426	0.287653083	0.420866566	0.0337701576	0.0125194084	19.502254
4.08	0.0256241021	0.0624193906	0.0415863707	-0.0588794554	0.535884226	-0.208251203	0.339532976	0.42072545	0.0273319476	0.00982064381	18.659121
4.09	0.025297806	0.0632646185	0.0414148711	-0.0590055952	0.537582614	-0.142177809	0.377897874	0.420711193	0.0413967415	0.020710105	18.623772
4.1	0.024323997	0.0641186016	0.0413343581	-0.0591754458	0.539205857	-0.0776220717	0.389575296	0.420865461	0.0987157597	0.0126837024	17.154966
4.11	0.0228332938	0.0644542754	0.0414018626	-0.0594291355	0.54031406	0.0369749203	0.427887719	0.421136664	0.091775138	0.00539309498	17.075084
4.12	0.0209647513	0.0648486696	0.0416048369	-0.0597006553	0.541118733	0.120490156	0.44292813	0.421545623	0.0960043158	0.0172287203	16.03255
4.13	0.0189614224	0.0647976306	0.0419148699	-0.0599929018	0.541598258	0.196770643	0.451608276	0.42201335	0.0883248917	0.00721053413	15.828132
4.14	0.0171720612	0.0642947321	0.0423147977	-0.0603056401	0.54174047	0.276063102	0.457189345	0.422505586	0.0878409551	0.00533587305	20.688913
4.15	0.0161287729	0.0637051516	0.0427840927	-0.0606425928	0.541581365	0.372038393	0.459784273	0.422989751	0.0824247493	0.0132208681	16.001132
4.16	0.0156635815	0.0633277325	0.0433201256	-0.0609951592	0.541181951	0.471767636	0.46132404	0.423472237	0.0908524197	0.0111067482	16.569825
4.17	0.0151828116	0.0630264881	0.0439201268	-0.0613480474	0.540631245	0.548394836	0.464060953	0.423969423	0.041178406	0.021584861	18.946272
4.18	0.0140988317	0.0628658119	0.0445775987	-0.0616739697	0.53993473	0.568580492	0.450955828	0.424528323	0.0899799436	0.0236527762	22.802222
4.19	0.0126321345	0.062550584	0.045277393	-0.0619770529	0.53909985	0.543530961	0.421328577	0.42508965	0.0893702797	0.00955545276	19.998221
4.2	0.0106617657	0.0622199989	0.0460069092	-0.0622480641	0.538145542	0.475794652	0.380885128	0.425673981	0.0812028918	0.015860112	21.375357
4.21	0.00809310521	0.0619114107	0.0467689888	-0.0624691149	0.537054563	0.349679424	0.31923914	0.426304491	0.0860357591	0.0257343894	18.931968
4.22	0.00632456102	0.0615801571	0.047554909	-0.0626473914	0.5357923	0.195698116	0.233010765	0.426922942	0.0905214118	0.00858526928	18.208469
4.23	0.00677221516	0.0610090686	0.0483612409	-0.0627845924	0.534364649	0.0309676376	0.122000438	0.427428285	0.0731128337	0.00956214058	19.142269
4.24	0.00915582024	0.060016715	0.049176676	-0.0628908559	0.532785446	-0.123814008	-0.00986476115	0.427775747	0.0539511236	0.00718907241	19.185506
4.25	0.0114612462	0.0593715081	0.0498861043	-0.0630577142	0.531478127	-0.171823976	-0.205869955	0.427855345	0.0566524007	0.0150500147	17.321546
4.26	0.0136383662	0.058426066	0.0503809501	-0.0632505329	0.530611666	-0.184975384	-0.199713007	0.42813429	0.0224807709	0.0170844849	19.884284
4.27	0.015411256	0.0578852943	0.0507147627	-0.0633336394	0.530174965	-0.324522941	-0.220672142	0.428220294	0.0326090151	0.00864806437	19.30125
4.28	0.0162575313	0.0580609084	0.0509085688	-0.0633749879	0.530387258	-0.4217795	-0.182504487	0.428294695	0.0247259896	0.0124164731	19.120145
4.29	0.0167969431	0.0588654864	0.0509947388	-0.0633736841	0.531134241	-0.506649239	-0.11233944	0.428268146	0.0259945213	0.0285799643	18.466343
4.3	0.017268092	0.059870312	0.0510075645	-0.0633401781	0.532306872	-0.569093389	-0.0330260293	0.428023327	0.0318246996	0.0167437977	17.461477
4.31	0.0180375935	0.0610843703	0.0509340448	-0.0632805706	0.533812647	-0.610863934	0.0500882035	0.427614897	0.0268271716	0.0131073964	17.616991
4.32	0.0192630773	0.0628334065	0.0507897273	-0.0632084249	0.535587446	-0.631919858	0.135732533	0.427149563	0.0450419577	0.00784309378	18.861665
4.33	0.0205056828	0.0646547275	0.050590316	-0.0631370054	0.53757363	-0.619944487	0.211890212	0.42642736	0.0272765247	0.00980174291	18.064711
4.34	0.021743351	0.066242843	0.0504037384	-0.0629949927	0.539343243	-0.643918332	0.337664771	0.425880172	0.0286941021	0.00661044297	16.307191
4.35	0.0227107242	0.0676394651	0.0502420225	-0.062858093	0.540968246	-0.630095642	0.416445529	0.425236012	0.122017572	0.010006707	16.239222
4.36	0.0229805167	0.068456956	0.0501222679	-0.0627352088	0.542248556	-0.591089042	0.470141841	0.424644568	0.106835186	0.0129681247	18.646127
4.37	0.0228684476	0.0685886831	0.0500472684	-0.0626255614	0.543123616	-0.549776805	0.498344538	0.424006748	0.0992480756	0.0189992031	16.791559
4.38	0.0225296268	0.0682185218	0.0500347399	-0.0625259657	0.543549935	-0.521913889	0.512460965	0.423407314	0.105694572	0.0120719994	18.564501
4.39	0.0221846054	0.0680477999	0.0500570417	-0.0624395781	0.543578875	-0.50684729	0.518846919	0.423082707	0.0915357905	0.00837044766	17.145188
4.4	0.0217704252	0.0680801486	0.0501246648	-0.0623635834	0.543246209	-0.512624506	0.520572278	0.423042045	0.0817267867	0.00939015712	18.931022
4.41	0.0211276617	0.0677940356	0.0502376588	-0.0622898859	0.542615028	-0.544444464	0.521991602	0.423160734	0.115931163	0.00968090297	18.344545
4.42	0.0202112363	0.0673252547	0.0503679367	-0.0622264997	0.541781346	-0.58875175	0.528420866	0.423454526	0.0252135526	0.00990851812	17.226443
4.43	0.0190003067	0.0666182882	0.0504968285	-0.062180759	0.540848623	-0.63516428	0.54821883	0.423770344	0.0877488581	0.0142643082	19.321856
4.44	0.0173913984	0.0658495621	0.0506180158	-0.0621641884	0.539838932	-0.660463906	0.571326973	0.42415489	0.101022185	0.014425275	19.344264
4.45	0.0156863448	0.0654029599	0.0507397663	-0.0621738389	0.538759442	-0.671896138	0.597726362	0.424705205	0.091632177	0.0143994699	19.497505
4.46	0.0140436351	0.0655958068	0.0508497946	-0.0622115341	0.537614413	-0.668721881	0.631133439	0.425328324	0.0948171947	0.0221513486	17.903286
4.47	0.0123931624	0.0658145664	0.0509669891	-0.0622764588	0.536403756	-0.655663059	0.6660299	0.425880026	0.0898763033	0.013475139	17.868012
4.48	0.0112441114	0.066563096	0.0511200059	-0.0623647258	0.535140596	-0.642208106	0.690671605	0.426434616	0.0798995095	0.0234565934	19.96654
4.49	0.0104464134	0.0673270429	0.0513052196	-0.0624779723	0.533792872	-0.620059356	0.710456109	0.427012502	0.0644660798	0.0262273942	19.507916
4.5	0.0105009714	0.0682624499	0.0515282481	-0.062618451	0.532345824	-0.590330749	0.715040894	0.427650475	0.0460840127	0.0232156554	19.09718
4.51	0.0116486495	0.0689976306	0.0516774952	-0.0628821008	0.53126729	-0.439042732	0.842543456	0.428476526	0.0376287815	0.0149799306	16.446104
4.52	0.0140453067	0.0700509139	0.0517220332	-0.063242886	0.530543327	-0.239132897	0.914087426	0.429125417	0.0361550205	0.0203209009	18.464535
4.53	0.0166722289	0.0711370131	0.0517491991	-0.0635462883	0.530013126	-0.185850633	1.0841245	0.429986938	0.0425124399	0.0170597271	19.502937
4.54	0.0189294608	0.0721181108	0.0517333429	-0.063886616	0.530098406	-0.125923724	1.21566776	0.430590632	0.0255212767	0.00743868554	18.255814
4.55	0.0209529856	0.0732099973	0.051673248	-0.0642810287	0.530648564	-0.0524424807	1.30787473	0.431068248	0.0457408574	0.026703324	19.932686
4.56	0.0223747596	0.0745665581	0.0515490222	-0.0647318515	0.531659587	0.0376829427	1.3704117	0.431444909	0.0494177399	0.02289627	19.305377
4.57	0.0226942473	0.0752065219	0.0513743099	-0.0652313897	0.533055894	0.132144107	1.4057539	0.43155879	0.0377379605	0.00988640791	18.013494
4.58	0.0228867614	0.0764276879	0.0512017855	-0.0658044235	0.534692467	0.256812104	1.40056225	0.43167816	0.0459645078	0.0405682457	18.637485
4.59	0.022835462	0.0772713568	0.051056923	-0.066440735	0.536499574	0.394957589	1.35112563	0.431600065	0.0490366624	0.0129874355	17.818503
4.6	0.0223995088	0.0770582858	0.0509509901	-0.0671312094	0.538225166	0.544033016	1.26868539	0.431268597	0.102425865	0.0176114272	16.95973
4.61	0.0221205414	0.0764636011	0.0509297529	-0.0678502582	0.539711262	0.698936937	1.16801434	0.430890753	0.100633898	0.0122020294	17.891859
4.62	0.0219553974	0.0759112404	0.0509954827	-0.0685801726	0.540908952	0.835311823	1.06474116	0.43054468	0.107455463	0.015105885	18.326865
4.63	0.0219750878	0.0757117106	0.0511177476	-0.0693248519	0.54182652	0.956137954	0.969877239	0.430238266	0.0864084824	0.0134080334	20.721178
4.64	0.0218684682	0.0757175828	0.0512943831	-0.0700775118	0.542452288	1.05315655	0.881239515	0.429865183	0.101154097	0.0101640836	21.232707
4.65	0.0213387818	0.0756716476	0.0514957175	-0.0708333107	0.542836243	1.12275691	0.805435936	0.429427467	0.088118713	0.0147734747	18.521372
4.66	0.0205709479	0.0760033838	0.0517022224	-0.0715903466	0.542976233	1.16936782	0.737258331	0.428963453	0.0938580427	0.0106202807	18.484386
4.67	0.0196027931	0.0762191218	0.0519037059	-0.0723462599	0.542899497	1.19445611	0.672775856	0.428484477	0.0232286478	0.0165611261	18.931532
4.68	0.0183416682	0.0760609494	0.0520822926	-0.0730900313	0.542637517	1.18627161	0.607525992	0.427964795	0.0852484025	0.01668867	20.91635
4.69	0.0169321114	0.0758327991	0.0522363571	-0.0738266405	0.542241254	1.15073931	0.549044932	0.427479138	0.0804163693	0.0121992021	18.029043
4.7	0.014977433	0.0749649101	0.0523651096	-0.0745570094	0.541715239	1.08738489	0.497204027	0.426969256	0.104346374	0.0255571388	20.591866
4.71	0.0131165186	0.0739959327	0.0524712788	-0.075274259	0.541045342	1.00765814	0.461362223	0.426575844	0.11264513	0.0196208051	18.496827
4.72	0.012009478	0.0732051255	0.0525558731	-0.0759814527	0.540228689	0.918635763	0.431134984	0.426291222	0.0855622656	0.010356889	19.975407
4.73	0.0109779327	0.0714044831	0.0526285685	-0.0766816454	0.539251018	0.830946247	0.395159757	0.425918261	0.0942334659	0.0304022348	18.884234
4.74	0.0113530733	0.0699737311	0.0527114819	-0.0773792681	0.538069312	0.750475959	0.351575022	0.425627973	0.0698970284	0.0074823755	17.955351
4.75	0.0125810701	0.0685552914	0.0528298306	-0.0780738456	0.536636607	0.674611362	0.285352009	0.425344193	0.0380827221	0.0198662415	18.324545
4.76	0.0148291727	0.0676752784	0.0527232134	-0.0787196085	0.53598574	0.602711051	0.319444724	0.425152924	0.0393920644	0.0184063845	17.156079
4.77	0.0174578242	0.0665863202	0.0524657383	-0.0792651842	0.535662409	0.439637706	0.346548403	0.424878934	0.0353848922	0.0208930578	18.525813
4.78	0.0200741762	0.0656610215	0.0521177811	-0.0798186229	0.535464593	0.36204356	0.482483552	0.424859059	0.0423355451	0.0141012318	16.281325
4.79	0.0228211639	0.0650533885	0.0516469377	-0.0802712273	0.535889284	0.225401877	0.603554703	0.424739732	0.0431960967	0.00445314863	17.991246
4.8	0.0254619171	0.0644731868	0.0510764701	-0.0806184519	0.53685821	0.0598335763	0.710281213	0.424490844	0.0341125227	0.0183455475	19.578276
4.81	0.0275393311	0.0647364404	0.0504758795	-0.0808605189	0.538255936	-0.115631304	0.791966811	0.424224137	0.0327253216	0.0120910656	19.055124
4.82	0.029068477	0.0649781922	0.0498804227	-0.0809891292	0.539957676	-0.296253061	0.834723748	0.423725016	0.0482597887	0.0261647489	17.642152
4.83	0.030254624	0.0657884083	0.0492858916	-0.0810019779	0.54186656	-0.480553527	0.847658165	0.423155765	0.0279581399	0.0116264535	17.753254
4.84	0.0307235195	0.0662003662	0.0487009184	-0.0809087145	0.543858289	-0.649807068	0.834903527	0.422288775	0.0402417073	0.0201213643	19.039993
4.85	0.0308086876	0.0663439115	0.0481488561	-0.0807175783	0.545677137	-0.820704051	0.824433815	0.421483104	0.116024648	0.018671807	17.562976
4.86	0.0306585114	0.0664784648	0.0476596157	-0.080415855	0.546926847	-1.02715838	0.884638876	0.421156631	0.0885715311	0.0032142752	17.862393
4.87	0.0301972322	0.0667557052	0.0472220113	-0.0800623345	0.547853825	-1.1690531	0.937750974	0.421066413	0.102650323	0.00969610523	18.66902
4.88	0.0293854198	0.0667313031	0.0468338876	-0.0796687902	0.548408929	-1.25729746	0.987253665	0.421120805	0.0878013968	0.00365187963	16.428945
4.89	0.0280243097	0.0659779253	0.0464921757	-0.0792450484	0.548556026	-1.29652617	1.03936288	0.421249674	0.0885296189	0.0138695201	18.610453
4.9	0.0264645983	0.0652398858	0.0462042914	-0.0787987769	0.548269748	-1.28724251	1.07628633	0.421581806	0.088395895	0.00897367521	19.537497
4.91	0.0247499828	0.0640916691	0.0459652865	-0.0783358728	0.547522931	-1.24213136	1.10531101	0.421993558	0.095915244	0.0144009575	16.697508
4.92	0.0231768947	0.0628828978	0.0457528548	-0.077860446	0.546430219	-1.16895712	1.13564157	0.42245224	0.0306345342	0.00723988133	18.104882
4.93	0.021836359	0.0622627154	0.0455535167	-0.0773784952	0.545044765	-1.07314078	1.16539189	0.423054216	0.086953487	0.01613596	19.256191
4.94	0.0205224414	0.0615625003	0.0453981952	-0.0768954533	0.543392425	-0.95646804	1.18447736	0.42341512	0.0803424716	0.0184211239	17.205935
4.95	0.0192908104	0.0613424131	0.0452805148	-0.076418046	0.541528877	-0.825330855	1.18590646	0.423767257	0.0889746189	0.0126008336	17.600586
4.96	0.0184321635	0.0617165891	0.0452141976	-0.0759379535	0.539464604	-0.694323453	1.17089348	0.42404182	0.0913914801	0.0191997651	18.104302
4.97	0.0181831454	0.0625270145	0.0451884108	-0.0754551869	0.537192226	-0.569243831	1.14808021	0.424331046	0.117558891	0.0224394763	18.848454
4.98	0.0187003414	0.0637188595	0.0452173613	-0.0749597905	0.534705099	-0.472563322	1.11581083	0.424687897	0.11511939	0.0193982783	19.163634
4.99	0.0195751453	0.0645086708	0.0452920058	-0.0744527533	0.532021065	-0.403008463	1.06841719	0.425027472	0.0641814757	0.0170889305	18.223051
5	0.0204457204	0.0653476571	0.045133059	-0.0739933689	0.53037087	-0.356537489	1.1158	0.425446238	0.0532819377	0.0212509767	18.962891
5.01	0.0209189449	0.0661025547	0.0448253018	-0.0736365157	0.529212245	-0.234497282	1.15035865	0.42584006	0.0344982985	0.0294082097	19.236916
5.02	0.021027382	0.066395213	0.0444073736	-0.073253033	0.528457766	-0.232082087	1.30825289	0.426512757	0.0406343353	0.0137553834	18.089939
5.03	0.0209778094	0.0667983734	0.0439737373	-0.0729212161	0.528433477	-0.214523668	1.41970169	0.426989039	0.0641288763	0.0158073714	17.643773
5.04	0.0205914556	0.0665471844	0.0435341696	-0.0726431852	0.528988828	-0.1971106	1.50744404	0.427248383	0.0416395112	0.0110824231	18.111769
5.05	0.0201323544	0.0662892726	0.043128028	-0.0724256074	0.529965729	-0.177007728	1.56392601	0.427333073	0.0338645477	0.0182779466	18.235785
5.06	0.0197921396	0.06568608	0.042758875	-0.0722755338	0.531282194	-0.141217385	1.58282559	0.427181585	0.0549465644	0.0154203369	16.006833
5.07	0.0195733793	0.0652858078	0.042472819	-0.0721943898	0.532853929	-0.0940459308	1.55128054	0.426971113	0.0315704571	0.0107024507	19.02308
5.08	0.0192176444	0.0655038078	0.0422898665	-0.0721782053	0.53463434	-0.0403304276	1.47056749	0.426738115	0.0173419642	0.01453417	19.187091
5.09	0.0188949651	0.0659537352	0.0422483616	-0.0722909194	0.536264615	0.0876706687	1.41069208	0.426617544	0.0263916728	0.0125624242	17.810557
5.1	0.0179133298	0.0666270414	0.042335082	-0.072452203	0.537894206	0.175495237	1.30611356	0.426495737	0.0966307031	0.010925236	17.800602
5.11	0.0163902964	0.0674722468	0.0425499402	-0.0726450515	0.539346244	0.240518071	1.18308271	0.426441504	0.0927328378	0.00904549243	16.363953
5.12	0.0145023627	0.0682582676	0.0428677081	-0.0728622426	0.540533512	0.277739889	1.06330122	0.426460015	0.103686124	0.0106938092	18.002349
5.13	0.0123998327	0.0690448722	0.0432603384	-0.0730996654	0.541418892	0.290189221	0.949096184	0.426517891	0.0960264426	0.0106958245	19.111583
5.14	0.0103909961	0.0700024971	0.043675242	-0.0733635759	0.542065613	0.296613273	0.854737313	0.426588672	0.0913874915	0.0128111818	16.255301
5.15	0.0085770365	0.0713790361	0.0441122031	-0.0736564346	0.542503852	0.307876868	0.779872323	0.426680905	0.0966178998	0.0159411225	18.101721
5.16	0.00740022175	0.0723387577	0.0445521897	-0.0739825712	0.542793673	0.333185994	0.72955866	0.426725094	0.0747326335	0.00825933839	17.939267
5.17	0.0065851222	0.0730613574	0.0449751279	-0.0743354115	0.542964642	0.361154832	0.701804674	0.426709552	0.0320343766	0.0136064972	19.398189
5.18	0.00560868971	0.0731902955	0.0453889312	-0.0747030628	0.543049883	0.369511828	0.706287168	0.426725487	0.0905417142	0.0242593999	17.384781
5.19	0.00461740884	0.0733259679	0.0457842779	-0.0750796938	0.543062356	0.346019313	0.720351853	0.426715417	0.0902734534	0.0121296974	18.811196
5.2	0.00412729083	0.0735612804	0.0461912087	-0.0754546149	0.542983717	0.286534179	0.73491521	0.426701727	0.0979082648	0.0126366697	18.794957
5.21	0.00485122493	0.074194058	0.0466089584	-0.0758307516	0.54282495	0.214184346	0.754210871	0.426713491	0.107822315	0.0115223814	18.414471
5.22	0.00649187294	0.07482566	0.0470543485	-0.0762105867	0.542574134	0.142899741	0.770336326	0.426690249	0.0839880373	0.0093708594	18.921781
5.23	0.00809955972	0.075201594	0.047510861	-0.076600311	0.542178353	0.0878535501	0.774023258	0.426599109	0.0877533382	0.0179129375	19.032438
5.24	0.00962220652	0.0754598931	0.0480035382	-0.0769950202	0.541619074	0.0433356431	0.764965921	0.426472283	0.0558904415	0.0134938413	19.545672
5.25	0.0110564004	0.0753586026	0.0485510492	-0.0773897897	0.540853181	0.0015496099	0.73896102	0.426319052	0.0322070525	0.00808113073	21.117929
5.26	0.0122178244	0.0755219287	0.04909801	-0.0778546186	0.540217215	0.0487009652	0.645379766	0.426026499	0.030347319	0.0157748979	17.820559
5.27	0.0133780164	0.0761731161	0.0495570364	-0.0783026078	0.540047155	0.0381130488	0.619586152	0.425900208	0.0268807369	0.0131165195	18.21229
5.28	0.0145033976	0.0764907641	0.0499739875	-0.0787477888	0.539580975	0.00611346782	0.635630923	0.425929268	0.0396789626	0.010403631	18.406987
5.29	0.0157168537	0.0766814784	0.0503138817	-0.0791565184	0.539585994	-0.056092519	0.66747219	0.425924283	0.0385973716	0.0184986985	18.373202
5.3	0.0169234962	0.0769730584	0.0505818175	-0.0795325649	0.539956918	-0.138041803	0.705569786	0.425908526	0.0292243963	0.00956744002	19.670949
5.31	0.0179045186	0.0773188795	0.050788018	-0.0798741178	0.540602363	-0.231276405	0.744100248	0.425919168	0.031521503	0.0132692409	19.090627
5.32	0.0185702649	0.0776855571	0.0509515304	-0.0801748966	0.541434555	-0.332951355	0.77118591	0.425913204	0.0251032169	0.00351749785	16.483004
5.33	0.0189164291	0.0780593098	0.0510645438	-0.0804288376	0.542429442	-0.443011571	0.787536249	0.425919034	0.0291099777	0.00914812756	17.466762
5.34	0.0188193224	0.0780048622	0.051129776	-0.0806368682	0.543558785	-0.558964923	0.791738549	0.425906467	0.0342486675	0.00899859905	18.931548
5.35	0.0184136878	0.0781338463	0.0511772206	-0.0808137529	0.544540155	-0.664857017	0.783856576	0.426000897	0.117588054	0.0108989002	18.777075
5.36	0.0176120705	0.0776586657	0.0512247039	-0.0809757979	0.545262064	-0.757862807	0.778022261	0.426141837	0.103077327	0.0116375308	17.639807
5.37	0.0166421637	0.0765869234	0.0512797475	-0.0811325558	0.545709117	-0.830311882	0.772743376	0.426303224	0.0970452447	0.0100142657	18.148271
5.38	0.0156092477	0.0756845646	0.0513416649	-0.0812957839	0.545899905	-0.865985309	0.763771565	0.426536997	0.109070407	0.009444522	15.215913
5.39	0.0145864034	0.0749404418	0.0514043977	-0.0814648275	0.545854104	-0.875712157	0.761400669	0.426795393	0.0859692151	0.00949365619	16.950124
5.4	0.0136692238	0.0737915973	0.0514557161	-0.0816423522	0.545586434	-0.864620021	0.75637807	0.426921389	0.081268556	0.0201437731	20.884574
5.41	0.0130184687	0.0730942673	0.0514963026	-0.0818232773	0.545139179	-0.839070699	0.752637337	0.426981781	0.0781989083	0.00899616793	16.059357
5.42	0.0124839168	0.0722283268	0.0515446995	-0.0820173201	0.544552784	-0.792472769	0.741370249	0.426960413	0.0347444197	0.0147049686	16.616084
5.43	0.0122334859	0.0714654547	0.0515807423	-0.0822220291	0.543872383	-0.737670968	0.729424151	0.426884955	0.0764400551	0.00540316201	19.614253
5.44	0.0118489099	0.0711177333	0.0516118365	-0.0824461889	0.543093686	-0.661509144	0.719943995	0.426795783	0.0767124675	0.0167918056	21.423099
5.45	0.0116227751	0.071011655	0.051615709	-0.0826966158	0.542224615	-0.55854799	0.705433087	0.426642825	0.0841275741	0.0113862298	16.705159
5.46	0.0116357698	0.0711116316	0.0516010038	-0.0829751382	0.541277684	-0.430307757	0.680428103	0.426469117	0.102439113	0.00895286124	19.582393
5.47	0.0116519134	0.0712979208	0.0515974289	-0.083288986	0.540201712	-0.267147299	0.642952352	0.426309271	0.091848707	0.0255634507	19.977691
5.48	0.0117785714	0.0714172616	0.0516063043	-0.0836371947	0.538940645	-0.0772605188	0.598347913	0.426214864	0.102114536	0.0162597059	18.782928
5.49	0.0121102524	0.071507475	0.0516395226	-0.0840181798	0.53749378	0.125406456	0.553112064	0.426174851	0.0570170227	0.0160460011	18.529891
5.5	0.0127612939	0.0709562751	0.0517094077	-0.0844134238	0.535873951	0.305720517	0.514864714	0.426191784	0.0407709615	0.00820702214	17.906563
5.51	0.0135003158	0.0706085316	0.0517272702	-0.0847414616	0.534512427	0.347856249	0.414233636	0.426108608	0.0359390556	0.0187049076	17.796014
5.52	0.0148208756	0.0704926429	0.0515946116	-0.0851024419	0.53377951	0.415330239	0.401883198	0.426124047	0.0284735894	0.0208296709	19.373054
5.53	0.0167209342	0.0702938364	0.0513934274	-0.0854702496	0.532811221	0.492948069	0.413422171	0.426186537	0.0349304504	0.013002043	16.783081
5.54	0.0188051776	0.0704200954	0.0511228409	-0.0858560827	0.532521069	0.550380873	0.451957449	0.426230183	0.0360819633	0.0168054626	19.857044
5.55	0.0206076841	0.0711650307	0.0508108447	-0.0862470379	0.532777714	0.585979485	0.521518159	0.426329471	0.0230553099	0.0147900307	17.751518
5.56	0.0218872599	0.07237182	0.0505019242	-0.0866299503	0.533454599	0.596851911	0.590112921	0.42642654	0.0490952302	0.00897190916	17.89647
5.57	0.022481023	0.0739057245	0.050200602	-0.0869849525	0.534515405	0.576333256	0.653195375	0.426508981	0.0223704876	0.0080064012	18.950032
5.58	0.0222271862	0.0759627981	0.0499209266	-0.087306322	0.535872754	0.527272216	0.705492283	0.426603222	0.0326466452	0.0170533802	17.347465
5.59	0.0216682613	0.0777948117	0.0496744092	-0.0876131166	0.537462025	0.483677831	0.750232323	0.426671536	0.04472053	0.0123203704	16.556981
5.6	0.0207856399	0.0792880213	0.0495114044	-0.0879003736	0.538986367	0.455624208	0.767189697	0.42670924	0.103033648	0.00421558487	16.748687
5.61	0.0197195199	0.0803585552	0.0494929436	-0.0882196227	0.539896963	0.497910483	0.816457475	0.426918616	0.0988803248	0.00925250307	17.444887
5.62	0.0181528039	0.0810659054	0.0495859353	-0.0885195567	0.540548678	0.517118279	0.81944543	0.427107207	0.121501055	0.00564937567	15.600536
5.63	0.0166984311	0.0814746711	0.0497812363	-0.0888165153	0.540940105	0.547218816	0.782415153	0.427249552	0.083069293	0.0149996378	16.090802
5.64	0.0148259327	0.0806030275	0.0500357477	-0.0891187609	0.541110998	0.594042652	0.742151036	0.42737142	0.105726284	0.026125423	18.619036
5.65	0.013047697	0.0794108236	0.0503347983	-0.0894380345	0.541061407	0.659605439	0.70106124	0.427484486	0.0896411071	0.00868522887	18.545864
5.66	0.0114967021	0.0784989818	0.0506613491	-0.0897703415	0.540830716	0.724247834	0.655558948	0.427610999	0.0961017196	0.00641055889	17.586081
5.67	0.0102282001	0.0776780164	0.0509831684	-0.0901152556	0.540501029	0.782535878	0.607335326	0.427705408	0.0198028807	0.0115877075	18.50358
5.68	0.00877929365	0.0763528084	0.0512775625	-0.0904666265	0.540117647	0.819110229	0.555359032	0.427730124	0.0784415966	0.0207545226	17.408082
5.69	0.00749018151	0.0749643084	0.0515360356	-0.090824036	0.539684124	0.837175444	0.506171099	0.427663305	0.0798246999	0.0116588433	19.442451
5.7	0.00637344195	0.0742535572	0.0517446188	-0.0911806193	0.539220434	0.830848565	0.455588284	0.427582548	0.0803425332	0.0149849867	18.487543
5.71	0.00559963572	0.0740218111	0.0519096503	-0.0915296512	0.53872896	0.806074389	0.405766172	0.427521224	0.0867456971	0.00899345954	17.931315
5.72	0.00511064916	0.0736825708	0.0520282409	-0.0918567298	0.53820001	0.752611399	0.343535925	0.427345224	0.0913682872	0.0173003668	18.274738
5.73	0.00481873536	0.0729241612	0.0521129625	-0.0921685846	0.537594282	0.688676392	0.267832463	0.427072856	0.0998245069	0.0169342538	17.736935
5.74	0.00509689567	0.0720925688	0.0521972378	-0.0924648654	0.53685589	0.614087511	0.168518143	0.426758927	0.0487921261	0.00938885951	16.847971
5.75	0.00535039512	0.070893403	0.0522995107	-0.0927466224	0.535928592	0.538001306	0.0434130377	0.426416059	0.0257081588	0.0158122555	16.672133
5.76	0.00551473889	0.0696795008	0.0522030905	-0.0929716374	0.535692189	0.441297904	0.0272498237	0.426213793	0.0393746233	0.0155498213	21.103967
5.77	0.00605173295	0.0682103537	0.0519802724	-0.0930781728	0.53567885	0.243048405	0.0056033294	0.425953568	0.0260038899	0.0176669741	18.317337
5.78	0.00655136669	0.0666151837	0.05169153	-0.0931907847	0.53571176	0.154694196	0.0963460529	0.425882172	0.0245155154	0.0152063909	18.150752
5.79	0.00771441642	0.0654267957	0.0513436474	-0.0932320819	0.536127903	0.0540144934	0.171858458	0.42572892	0.0348492498	0.00972607647	22.029729
5.8	0.00916080945	0.0646400662	0.0509535376	-0.0931964942	0.536823153	-0.0527221516	0.233227227	0.425480048	0.0309673873	0.0114582736	18.740424
5.81	0.0106196632	0.0643850742	0.050508356	-0.0930836426	0.537836352	-0.158888842	0.292088624	0.425215659	0.0435397836	0.0117676154	20.078249
5.82	0.0118766269	0.0642929669	0.0500258386	-0.0928946056	0.539091333	-0.264340664	0.351554062	0.424929792	0.0251072068	0.00866490153	19.674902
5.83	0.0130891432	0.0640500804	0.0495268552	-0.0926169797	0.54052785	-0.384798733	0.401272502	0.424597138	0.0336831434	0.0171531896	18.14996
5.84	0.0142279688	0.0638487798	0.0490276037	-0.0922522009	0.542036363	-0.504090442	0.41397213	0.424167075	0.0435007488	0.0154220522	16.52876
5.85	0.0151995334	0.0635790134	0.0485532964	-0.0918093572	0.543388173	-0.622004564	0.398141403	0.423722549	0.101839876	0.00790220224	16.311264
5.86	0.0161554632	0.0631833424	0.048134502	-0.0912556077	0.544183779	-0.789611478	0.425317283	0.423496745	0.099341639	0.0112321784	16.120284
5.87	0.0169705123	0.0627135973	0.0477380407	-0.0906769242	0.544705935	-0.906710049	0.43208843	0.423221552	0.0995316041	0.0116298261	15.886488
5.88	0.0176901942	0.0620327381	0.0473426335	-0.0900880754	0.544962278	-0.977251887	0.425141318	0.422870793	0.102959574	0.0139569304	16.624023
5.89	0.0181110051	0.0617170823	0.0469779171	-0.0894940695	0.544906314	-1.01305946	0.409740585	0.422616563	0.107552895	0.0108586826	19.228607
5.9	0.0183035379	0.0615732619	0.0466287547	-0.0889095676	0.544609013	-1.00887174	0.380922173	0.422380156	0.0848383112	0.0111774758	17.467123
5.91	0.0183079807	0.0614333036	0.0462529198	-0.0883478518	0.544110528	-0.969726291	0.347618543	0.422218143	0.0990251854	0.0211960488	19.442316
5.92	0.0180990064	0.0613861828	0.0458392375	-0.0878108446	0.543470482	-0.902333241	0.318191247	0.422188034	0.0271015767	0.0127684083	16.204119
5.93	0.0177419772	0.0609447766	0.045384093	-0.0873049557	0.542732745	-0.804025783	0.292324213	0.422180341	0.0808370534	0.0125638676	19.98452
5.94	0.0172590172	0.0606260449	0.0448695951	-0.0868278832	0.541938273	-0.681456723	0.283711849	0.422262303	0.0854400825	0.0110474095	20.101574
5.95	0.0167278255	0.0605860772	0.0443210582	-0.086374236	0.541076311	-0.547676115	0.283752999	0.422447309	0.077211028	0.0131427234	17.03891
5.96	0.0162219344	0.0602047516	0.0437630476	-0.0859451539	0.540147011	-0.406132343	0.289178114	0.422645548	0.0855817963	0.0156059575	18.750186
5.97	0.0157123516	0.0596444629	0.0432332233	-0.0855336127	0.539110451	-0.26583375	0.290544154	0.422832447	0.105536084	0.0131771592	18.284862
5.98	0.0149783598	0.0594267662	0.0427498302	-0.0851271127	0.537956366	-0.146227141	0.289148947	0.423076595	0.103252168	0.0134005687	16.024178
5.99	0.0151091535	0.0588112194	0.0422903054	-0.0847173239	0.53664707	-0.0563847707	0.27934979	0.423350185	0.0646520887	0.0306979994	17.758341
6	0.015651639	0.0580108826	0.0418783029	-0.0842923709	0.535189109	-0.0071983843	0.25502159	0.423633643	0.0275207795	0.00591758633	17.792577
6.01	0.0162947413	0.0575463644	0.0414284407	-0.0839622943	0.534131775	0.119011042	0.370520259	0.424150005	0.0362381117	0.00908379964	18.844167
6.02	0.0167576328	0.0571678008	0.0409226639	-0.0837416063	0.533350392	0.277061748	0.444792246	0.424464874	0.0335804494	0.011477744	19.936595
6.03	0.0161657255	0.0573769349	0.0404044677	-0.0835494862	0.533178014	0.351616586	0.556986978	0.424844555	0.0317353337	0.0152604039	19.638265
6.04	0.0155056234	0.0574916859	0.0399210287	-0.0833285086	0.533141265	0.328498864	0.755466591	0.425338064	0.0387302242	0.028033668	20.050635
6.05	0.0151617089	0.0573643217	0.0394670112	-0.0831587416	0.533606165	0.337517098	0.917386116	0.425445622	0.0318914238	0.0151495954	21.885899
6.06	0.0150943338	0.0574927256	0.0390553714	-0.0830569079	0.534486579	0.375585159	1.04176538	0.425336192	0.0260605568	0.0146232251	19.747091
6.07	0.0151680667	0.058036905	0.0386938704	-0.083027809	0.535709506	0.439114373	1.1282065	0.425071475	0.025736411	0.00862346387	18.187271
6.08	0.0154137132	0.0582533475	0.0384178179	-0.0830747522	0.537157718	0.520180711	1.18644226	0.424633288	0.0438254237	0.0218690899	18.702572
6.09	0.0154455344	0.0588473146	0.0382369213	-0.0831897427	0.538766498	0.60222944	1.20059697	0.424149567	0.0349756044	0.00784657481	19.385627
6.1	0.0154677876	0.0594886348	0.0381967247	-0.0833772984	0.540277513	0.692317808	1.16732951	0.423601419	0.110999237	0.014487457	18.128423
6.11	0.0151222897	0.0604528345	0.0383199485	-0.0836118181	0.541497198	0.765466747	1.10255831	0.423127136	0.110656561	0.0126390937	19.883346
6.12	0.0149648649	0.061227702	0.0385813057	-0.0839296198	0.542063662	0.888310783	1.09496025	0.422913484	0.11038875	0.0100591753	16.634894
6.13	0.0145921477	0.0617798355	0.0389434658	-0.0842695781	0.54236593	0.960577185	1.06133321	0.422728245	0.0872244033	0.00835950332	17.525654
6.14	0.0142833606	0.0621604343	0.0393643835	-0.084633194	0.542377998	1.01270131	1.01976576	0.422524927	0.0977905546	0.0085426928	17.60262
6.15	0.0139461632	0.0624728511	0.0398318125	-0.0850178195	0.542100999	1.05051004	0.978847329	0.422320557	0.090859649	0.00953370148	18.396347
6.16	0.0139620564	0.0625625131	0.0403522095	-0.0854185635	0.541544171	1.07808296	0.936804801	0.422039855	0.0952784517	0.0206689406	17.094792
6.17	0.013868393	0.0624672314	0.0408981562	-0.085818633	0.5407698	1.08254596	0.898604128	0.421759591	0.0320205675	0.0206330298	15.901312
6.18	0.0135843185	0.0621454013	0.0414312179	-0.0862076774	0.539865436	1.05013159	0.858022176	0.421473731	0.0761318982	0.0120723792	19.740778
6.19	0.0135093559	0.0619729608	0.0419373755	-0.0865873916	0.538895272	0.987807481	0.819971486	0.421235123	0.0858319572	0.00812416471	21.168369
6.2	0.013436535	0.0614523513	0.04241773	-0.0869539232	0.537910244	0.900411695	0.776487066	0.420906347	0.101679411	0.0160665561	18.857295
6.21	0.0139572164	0.0610375544	0.0428518441	-0.0873203972	0.536929153	0.832087366	0.740941527	0.420639665	0.0939688518	0.0217631139	17.388337
6.22	0.0146344443	0.0606393381	0.0432679478	-0.0876736654	0.535896996	0.762182262	0.707327276	0.420440156	0.078834929	0.0186557999	19.156426
6.23	0.0152256972	0.0603681374	0.0436767283	-0.0880069743	0.534792281	0.682122131	0.670470096	0.420400579	0.0797242187	0.0155704911	18.953298
6.24	0.0152789107	0.0599633693	0.0441006246	-0.0883033725	0.533595621	0.569521386	0.629966691	0.420505261	0.0487598724	0.0278874199	19.557992
6.25	0.0151410029	0.0595833237	0.0445693445	-0.0885584581	0.532312963	0.429230101	0.582927753	0.420670125	0.0433398822	0.0252939937	20.989876
6.26	0.0151117219	0.0593568953	0.0449886577	-0.0888440363	0.531270158	0.370116629	0.466420355	0.420614806	0.0308065469	0.0155108042	18.914998
6.27	0.0153991422	0.0592308353	0.0452732474	-0.0891537919	0.530459394	0.334414382	0.513739122	0.420947484	0.0298391331	0.00400250922	17.971358
6.28	0.0158290688	0.0588304816	0.0454410595	-0.0893385815	0.529959161	0.155654027	0.50297743	0.421176961	0.0329742216	0.018886782	18.219142
6.29	0.0169674937	0.058622628	0.0454964666	-0.0894710291	0.530074747	-0.00344101674	0.533751656	0.421427673	0.0238412591	0.0131769449	19.93477
6.3	0.0186953077	0.0585408671	0.0454769209	-0.0895530681	0.530683279	-0.152414424	0.574535454	0.421638026	0.0293935088	0.00803346101	18.045842
6.31	0.0208353211	0.0585390491	0.0454137922	-0.0895802432	0.531677733	-0.292238697	0.608419702	0.421736033	0.0260804943	0.0109257862	19.039349
6.32	0.0231854184	0.0585586125	0.0452958088	-0.0895566165	0.532992239	-0.415913418	0.62750394	0.421695449	0.0231618161	0.0154578848	18.292019
6.33	0.0254876632	0.0584281754	0.0451234085	-0.0894798157	0.534602804	-0.525518796	0.629516818	0.42145554	0.027255228	0.0118373519	16.750779
6.34	0.02761885	0.0586133504	0.0448876063	-0.0893481665	0.536465165	-0.623882273	0.619106112	0.421280049	0.0298989504	0.0147258583	18.637627
6.35	0.0289529137	0.058449557	0.0446427883	-0.0891576799	0.538243129	-0.711882112	0.594155048	0.421121391	0.122387002	0.0117577794	16.994445
6.36	0.0296486645	0.0578703086	0.0444199763	-0.0888708178	0.539513209	-0.832761121	0.624475575	0.421213058	0.0924690503	0.0104164221	18.677626
6.37	0.0294257928	0.0570737982	0.0441871303	-0.0885835299	0.540521051	-0.896945446	0.650433836	0.421305529	0.096845876	0.00549504998	17.563055
6.38	0.0287802876	0.0560480295	0.0439525621	-0.0882988683	0.541233773	-0.928883489	0.67070502	0.421371273	0.0842620731	0.0145454674	15.938765
6.39	0.0277950606	0.0548896799	0.04373128	-0.0880198526	0.54161423	-0.939868074	0.692456441	0.421450823	0.091898494	0.00713104508	16.309914
6.4	0.0262514115	0.053725136	0.0435062895	-0.0877599917	0.541697107	-0.923536228	0.71621183	0.421512426	0.0914135274	0.0151491903	18.677073
6.41	0.0246564721	0.0523941245	0.0432906701	-0.0875165526	0.541475528	-0.900391262	0.738695866	0.421479579	0.0846905902	0.0155046591	19.335918
6.42	0.0232422679	0.0511055969	0.0430774861	-0.0872839907	0.540987405	-0.883559807	0.76107504	0.421448722	0.0397938882	0.00925732499	17.517334
6.43	0.0218681289	0.0498749527	0.0428570382	-0.0870690672	0.54030068	-0.869028122	0.780208987	0.421344993	0.0820918388	0.0151536207	19.057328
6.44	0.0202743996	0.048958492	0.0426285363	-0.0868820909	0.539424726	-0.849171467	0.790818472	0.42128962	0.0808985173	0.0139376359	16.888376
6.45	0.0185544313	0.0481918888	0.0423954271	-0.0867227339	0.538385948	-0.829816764	0.784708605	0.421238904	0.0839585302	0.0108581449	16.798173
6.46	0.0167862062	0.0475155799	0.0421529112	-0.0865926752	0.537175955	-0.80594969	0.755141213	0.421220499	0.087653789	0.0197880376	17.779443
6.47	0.0152094225	0.046682081	0.0419261382	-0.0864855094	0.535796744	-0.786090146	0.701558373	0.42112698	0.100943888	0.0120354177	18.579853
6.48	0.0145684719	0.0454506689	0.0417230342	-0.0863881865	0.534231193	-0.786585078	0.617559021	0.42085505	0.108884483	0.0188887334	18.867424
6.49	0.0147909721	0.044293533	0.041558486	-0.0862859358	0.532494844	-0.814904365	0.502950908	0.420494702	0.0528150299	0.00993537495	22.055589
6.5	0.0146147746	0.0438689688	0.0413494578	-0.0863090753	0.531203543	-0.71455873	0.551203357	0.420433004	0.0479237335	0.022649023	18.679744
6.51	0.0138060572	0.0442886294	0.0410455731	-0.0863769315	0.530685837	-0.634725283	0.638087453	0.420267039	0.0219270031	0.0215155618	19.414801
6.52	0.0124727018	0.0453984279	0.0407001994	-0.086552735	0.530513856	-0.466325974	0.700088268	0.4199554	0.0232561902	0.0165840333	19.694301
6.53	0.0118474541	0.0467787344	0.0403456048	-0.0867083304	0.530552088	-0.399439438	0.868685448	0.419863401	0.0279521239	0.0118277217	17.998934
6.54	0.012290635	0.048505695	0.0399830685	-0.0869377801	0.53117854	-0.294166091	1.00941827	0.419422264	0.0262953641	0.0152355923	20.489674
6.55	0.0139541325	0.0502121869	0.0396209905	-0.0872578299	0.532281004	-0.152877349	1.11589478	0.418458816	0.0356372853	0.0169379799	20.096326
6.56	0.0166890657	0.0520876167	0.0392466685	-0.0876732735	0.533758479	0.0117538495	1.19206037	0.41732267	0.0359342698	0.0118113878	18.551849
6.57	0.0195810938	0.0535689121	0.0388750321	-0.0881746824	0.535479475	0.170888868	1.23511973	0.416005106	0.0197147402	0.0137072114	18.464987
6.58	0.022313836	0.0549662561	0.0385128744	-0.0887720176	0.53740615	0.331473921	1.25340416	0.414716133	0.0276742211	0.0125127917	19.197163
6.59	0.0245012961	0.0561076042	0.038165987	-0.08947122	0.53946583	0.493303274	1.24693505	0.413494802	0.0233133251	0.00966599033	18.270104
6.6	0.0263524347	0.0572885336	0.0378688263	-0.0902474465	0.541401721	0.637939674	1.23063595	0.412522973	0.109180491	0.0134440237	18.858174
6.61	0.0273653606	0.0575906538	0.0376642121	-0.0911250459	0.542791221	0.813609525	1.26830494	0.411699192	0.0941895869	0.0195945235	16.726338
6.62	0.0274651043	0.0573861781	0.0374846442	-0.0920209243	0.543894933	0.926416376	1.29678602	0.411136921	0.100755541	0.0106050386	17.880346
6.63	0.0267447569	0.0568420415	0.0373538579	-0.0929216675	0.544661626	0.988283584	1.32787607	0.410923321	0.0883734233	0.0118099268	19.700754
6.64	0.0251210436	0.0555587602	0.0372601696	-0.0938162082	0.545104487	1.00070051	1.36107737	0.410753267	0.0826248541	0.0176976899	18.075424
6.65	0.0229883222	0.0538560675	0.0372214037	-0.0946977975	0.545208868	0.972696453	1.39880987	0.410598564	0.0922839235	0.021999849	17.224953
6.66	0.0208668436	0.0520114606	0.0372432963	-0.095566362	0.544996692	0.919894155	1.4290173	0.409998174	0.0820350809	0.0231406991	18.108136
6.67	0.0188897214	0.0508042867	0.0372881105	-0.0964172593	0.544556645	0.843379649	1.45941705	0.409892995	0.0216322741	0.0125186582	19.277039
6.68	0.0172360916	0.049906064	0.0373599932	-0.0972519478	0.543936076	0.743659499	1.48264791	0.409762401	0.076279587	0.0155874163	18.626233
6.69	0.0156919159	0.0486539208	0.0374363733	-0.0980758356	0.543162526	0.633332926	1.50692167	0.409149806	0.0805794832	0.0214276517	18.766755
6.7	0.0142851768	0.0474577131	0.0375150838	-0.0988896289	0.542247575	0.514709461	1.51950238	0.408655806	0.0934859652	0.0110700485	17.969772
6.71	0.0130360211	0.0464036286	0.0376027167	-0.0996826291	0.54123031	0.375965926	1.50333024	0.408347539	0.110818417	0.00713850719	17.371762
6.72	0.0121199663	0.045271077	0.0377104363	-0.100454832	0.540103279	0.225963057	1.46350299	0.407704913	0.0930528192	0.0207457962	18.696318
6.73	0.0118070804	0.0445536853	0.0378303141	-0.101211965	0.538827782	0.0784450382	1.38942421	0.40727587	0.0936458678	0.0205869627	17.706492
6.74	0.0123879418	0.0447330886	0.037971294	-0.101959145	0.537343919	-0.0556383043	1.27533735	0.407721413	0.0649650244	0.0227319514	17.757669
6.75	0.0133586466	0.0450415666	0.0379999586	-0.102770237	0.536050966	-0.0489219146	1.07303745	0.407808507	0.0511867595	0.0139811728	19.076092
6.76	0.014393653	0.0454032488	0.0378575157	-0.103609913	0.53508135	-0.000363702661	1.03486157	0.408375737	0.0233354678	0.0127235263	19.176937
6.77	0.0154250608	0.045868753	0.0375722447	-0.104357602	0.534442923	-0.0688970062	0.956558746	0.408998736	0.0304931825	0.0104257204	18.692468
6.78	0.0162922648	0.0464174756	0.037162377	-0.105041272	0.534296404	-0.147634338	0.906116836	0.40981483	0.0358896584	0.0231108162	19.513898
6.79	0.0171762436	0.0470972595	0.0366391353	-0.105651857	0.534554766	-0.250110978	0.872379292	0.410622051	0.0312841375	0.0246608923	18.724755
6.8	0.0179280668	0.0475037985	0.0360310992	-0.106195251	0.535157736	-0.356486892	0.85074445	0.410868927	0.0304119161	0.00927098452	18.664608
6.81	0.0187596332	0.0476831408	0.0353492391	-0.106660824	0.536072489	-0.462484097	0.8224236	0.410980133	0.0464356002	0.018267281	18.094311
6.82	0.019648612	0.0478013496	0.0346354265	-0.107029733	0.537218167	-0.588551478	0.787543524	0.410987583	0.0365745319	0.0168840032	17.352627
6.83	0.0204430785	0.0478094924	0.0339120155	-0.107295842	0.538534365	-0.730571142	0.741499196	0.410903099	0.0206201216	0.013089576	17.0978
6.84	0.0212051223	0.0477924126	0.0332063603	-0.107458643	0.539933152	-0.877344482	0.684612019	0.410662345	0.0222753837	0.0158104192	17.548601
6.85	0.0218235204	0.0475981325	0.0325734587	-0.107487646	0.54097652	-1.07709562	0.685503246	0.410613344	0.0997842318	0.0113421852	16.778862
6.86	0.0221108714	0.0475414914	0.0319749603	-0.107479967	0.541896665	-1.20606718	0.68414843	0.410532475	0.107335334	0.00882665166	18.280956
6.87	0.0219455215	0.0476697128	0.0314178746	-0.10745052	0.542578631	-1.28539835	0.693900479	0.410702159	0.103998072	0.016737629	19.646232
6.88	0.0213931776	0.0476134282	0.0308941735	-0.107400027	0.543027025	-1.33615171	0.716447087	0.410950788	0.0881349059	0.00785349842	18.756504
6.89	0.0201038488	0.0469547961	0.0303632785	-0.107349473	0.543280206	-1.35143948	0.751088195	0.41119468	0.099622958	0.0140534516	18.890177
6.9	0.0182371886	0.046014958	0.0298182403	-0.107301963	0.543313094	-1.33373462	0.792867722	0.411613942	0.0857750962	0.0165413526	19.253184
6.91	0.0156767631	0.0447059393	0.0292662083	-0.107271639	0.54312595	-1.27615118	0.833559221	0.412109608	0.0797368035	0.0156778238	23.127958
6.92	0.0132103201	0.0432701958	0.0287011038	-0.107251736	0.542797678	-1.20138527	0.879811366	0.412654795	0.0226420584	0.0073113018	28.631774
6.93	0.0113584165	0.0419213297	0.0281306988	-0.107243957	0.54235447	-1.10380609	0.926988779	0.413234002	0.0988924875	0.0086595469	20.287577
6.94	0.0107072906	0.040332292	0.0275719299	-0.107251014	0.541783069	-0.976654705	0.969115736	0.413843814	0.0767959272	0.0299003378	19.400568
6.95	0.0120425228	0.0387432093	0.0270352022	-0.107277909	0.541109555	-0.816617908	1.00764417	0.414505836	0.0872380276	0.0159761949	18.19859
6.96	0.0147674042	0.0374970143	0.0265524167	-0.107317499	0.540338758	-0.656100094	1.04950036	0.415384839	0.0931400366	0.0154932182	18.224902
6.97	0.0179108077	0.0367635515	0.0261452527	-0.107372024	0.5394205	-0.489834697	1.07981393	0.416490211	0.104026311	0.0220208195	19.729609
6.98	0.0209441531	0.0361970638	0.0258172696	-0.107434986	0.538356007	-0.331745941	1.09821087	0.417283959	0.095733252	0.0138488307	19.538964
6.99	0.0235333328	0.0357572134	0.0255804324	-0.107503413	0.537133011	-0.191084219	1.09920465	0.417853847	0.0599436938	0.0102834049	18.206974
7	0.0257201265	0.0353360769	0.0254356005	-0.107577709	0.535751229	-0.0743465367	1.07437456	0.418213655	0.0409929139	0.0127045134	19.076484
7.01	0.0275508868	0.0349919573	0.0251664709	-0.107666146	0.535134359	0.00960319804	1.10926277	0.418431518	0.0374151233	0.0148945128	19.403985
7.02	0.0289604196	0.0347412589	0.0248490605	-0.107826095	0.534734747	0.159204801	1.08361168	0.418271136	0.0215853517	0.0149089467	19.339806
7.03	0.0296388642	0.0346753015	0.0244822197	-0.10793325	0.534540601	0.177915779	1.15574898	0.418340624	0.0282501889	0.0200752246	19.396082
7.04	0.0296672022	0.0352856686	0.0240978203	-0.108086877	0.534870571	0.238292403	1.19833487	0.418212977	0.0623267013	0.0178215218	17.384247
7.05	0.0293942753	0.0363205997	0.0236965563	-0.108290711	0.535612464	0.3130068	1.21717916	0.417796907	0.0333589614	0.013049031	17.655546
7.06	0.0290592555	0.0374184122	0.0232886086	-0.108539593	0.536660143	0.394503831	1.2207563	0.417051813	0.0302506464	0.00535908605	19.040261
7.07	0.028338094	0.0388976616	0.0228913226	-0.108839234	0.537913529	0.480794292	1.19954479	0.416250792	0.0311257747	0.0113539205	18.649368
7.08	0.0272540389	0.0404600594	0.0225015903	-0.109188343	0.539322083	0.567232291	1.14835385	0.41529735	0.0417939994	0.00872610023	17.884647
7.09	0.0259084279	0.0420124946	0.0221274071	-0.109594027	0.540837654	0.654390275	1.06679042	0.414148806	0.0269025665	0.0102895019	19.004394
7.1	0.0242593669	0.043483824	0.0218139662	-0.110034504	0.542169186	0.72805568	0.952383243	0.412946551	0.116332876	0.0132593509	19.872741
7.11	0.0225273708	0.0449351138	0.0215628209	-0.110498355	0.543233938	0.779443779	0.825942379	0.411904091	0.11498184	0.0122546882	19.33353
7.12	0.0211327343	0.0458891153	0.0213855605	-0.111027071	0.543656988	0.871309018	0.764448647	0.411192446	0.107203405	0.0154512711	19.713693
7.13	0.0196359694	0.0462959509	0.0212202605	-0.111564528	0.543901444	0.90133022	0.676578376	0.410511187	0.0836976939	0.00882989208	17.963614
7.14	0.0179351986	0.0463106664	0.0210781062	-0.112107967	0.543920732	0.883151776	0.584179423	0.409937011	0.0784531525	0.00913160896	17.633905
7.15	0.0163360285	0.046132002	0.0209323699	-0.112660752	0.543746825	0.838602744	0.503338371	0.409503831	0.088886625	0.0069860425	20.396997
7.16	0.0149994455	0.0458088188	0.0207936382	-0.113225979	0.543392607	0.771980219	0.438879081	0.409284512	0.0870182423	0.0125495185	18.365545
7.17	0.0137736808	0.0453254416	0.0206588141	-0.113803106	0.542899585	0.689985628	0.395161261	0.409269538	0.0263526125	0.0122325664	18.961085
7.18	0.012697195	0.0448357131	0.0205191581	-0.114387593	0.542361071	0.593470605	0.368500055	0.409345474	0.085624501	0.00783384207	19.302355
7.19	0.0116727039	0.0438916132	0.0203529017	-0.114973024	0.541811546	0.470457894	0.348305104	0.40937903	0.0929992776	0.0188512422	20.377769
7.2	0.0109899967	0.0426479226	0.0201457691	-0.115558438	0.541236908	0.330716855	0.340641778	0.409513547	0.0830449416	0.014470114	20.786998
7.21	0.0105525817	0.0416057865	0.0199272331	-0.116143355	0.540609792	0.180471824	0.349754336	0.409845167	0.0790503634	0.0129124909	18.30575
7.22	0.0102939773	0.040449544	0.0197137587	-0.116719221	0.539882682	0.0134456402	0.373431095	0.410263089	0.0980889846	0.0201971543	17.694013
7.23	0.0101002995	0.0391786182	0.0195234603	-0.117281417	0.539033936	-0.154669641	0.405378682	0.410561086	0.105850645	0.0207882285	18.510827
7.24	0.00953690868	0.0379970223	0.0193944803	-0.117844648	0.538050982	-0.301434519	0.432408357	0.41066522	0.0536258781	0.0230930202	19.52885
7.25	0.0085734041	0.0372698526	0.0193393746	-0.118406031	0.536876152	-0.429399577	0.436658835	0.410851157	0.0390552765	0.012127936	18.093436
7.26	0.00699675946	0.0369545155	0.0192883711	-0.119032191	0.535842028	-0.431557543	0.369073013	0.410703743	0.0338331519	0.0159138216	18.894118
7.27	0.00553009323	0.037017548	0.0191492752	-0.119615874	0.535374434	-0.466603765	0.384975577	0.410672092	0.0390807022	0.00876934746	20.036739
7.28	0.00492854814	0.0370162217	0.0189907689	-0.120176606	0.534645525	-0.502336392	0.441289651	0.410787118	0.0357132499	0.0112912198	18.364689
7.29	0.00568157228	0.0370875974	0.0187920212	-0.120716349	0.534445874	-0.519709438	0.476500213	0.410708921	0.0414337137	0.0187261673	16.179389
7.3	0.00670941418	0.0372322029	0.0185511193	-0.121257344	0.534716069	-0.507760381	0.491743739	0.410513172	0.0439509372	0.00778366786	16.294119
7.31	0.00767124729	0.0375037829	0.0182737792	-0.121798111	0.535386056	-0.47622907	0.488244014	0.410135747	0.0277106148	0.0084814733	17.734372
7.32	0.00894972323	0.0380490435	0.0180083032	-0.122327252	0.536396909	-0.443680244	0.462915811	0.409595336	0.0313190718	0.0216867263	18.632447
7.33	0.0107339124	0.0388246463	0.0177615486	-0.122840454	0.537749374	-0.413439354	0.414523359	0.4087828	0.0251109084	0.0116288258	16.915921
7.34	0.013128375	0.0401763915	0.0175529759	-0.123348995	0.53936334	-0.380050221	0.343938464	0.408039522	0.0309033441	0.0137504763	20.011201
7.35	0.0152277557	0.0413370542	0.017412578	-0.123780876	0.540666884	-0.405550724	0.306680154	0.407415986	0.096001561	0.00949160417	19.041354
7.36	0.0166813102	0.0422704359	0.0173379168	-0.124195882	0.541838246	-0.404932635	0.212729421	0.406793273	0.0888654014	0.013221233	17.78584
7.37	0.0173904826	0.0429216989	0.0173052907	-0.124601391	0.54276413	-0.403006162	0.100176163	0.406473966	0.0955620892	0.00836481382	17.275208
7.38	0.0170405187	0.0433642957	0.0172908239	-0.124990171	0.543382689	-0.412735089	-0.00813480106	0.406929843	0.0898985948	0.0292486433	17.725664
7.39	0.0163108913	0.0436529925	0.0173198142	-0.125365738	0.543663939	-0.423074654	-0.105470233	0.407399274	0.0908014675	0.0174900521	17.943602
7.4	0.0147771859	0.0433480092	0.017369067	-0.125735964	0.543650906	-0.431635343	-0.187046894	0.40780251	0.0756069264	0.0158408987	18.545244
7.41	0.0131226085	0.0426920018	0.0174265975	-0.126107097	0.543464381	-0.444651337	-0.249895569	0.407963201	0.0983540838	0.00577571809	16.840131
7.42	0.0114697159	0.0419330534	0.0174213209	-0.126492462	0.543172997	-0.464262388	-0.285869429	0.408358219	0.0416538386	0.0256283593	18.869997
7.43	0.0103348494	0.0408456259	0.0173582726	-0.126897228	0.542806583	-0.484504801	-0.294384985	0.40868655	0.0756126535	0.00973450493	15.483422
7.44	0.00996729359	0.0395425686	0.0172486309	-0.12733155	0.542394916	-0.491659578	-0.278828879	0.408918567	0.0941001642	0.0160746215	17.247469
7.45	0.0101434693	0.0381362835	0.0171285814	-0.127804078	0.541851584	-0.462428211	-0.25456661	0.408960182	0.0928488913	0.0198013004	20.021806
7.46	0.0108718584	0.0369041752	0.0169827134	-0.128314831	0.541156004	-0.403540408	-0.226934273	0.408968299	0.0881275241	0.0179299026	16.325568
7.47	0.0112402734	0.0361161985	0.0168273513	-0.128874496	0.54030182	-0.31438851	-0.190106766	0.408938631	0.115544305	0.0261498019	16.723621
7.48	0.0111183916	0.0357982558	0.0166904866	-0.129463076	0.539214789	-0.228930338	-0.139400332	0.408947346	0.10029653	0.011091983	16.766862
7.49	0.0106018465	0.0358759503	0.0165676389	-0.130081253	0.537889694	-0.137443066	-0.0841831066	0.408965402	0.0633722296	0.00923107625	17.361449
7.5	0.00999175629	0.0364857763	0.0162595552	-0.130720592	0.537329599	-0.0310460373	0.0240906748	0.408907419	0.0444221559	0.0196397571	18.961052
7.51	0.00988989225	0.0374436069	0.0158511047	-0.131413926	0.537109202	0.130647165	0.102864318	0.408480768	0.038687003	0.0151970215	17.723929
7.52	0.0113057933	0.0385537833	0.015339185	-0.132060109	0.53714968	0.201317258	0.271159065	0.408141202	0.0422331836	0.0197727734	17.630453
7.53	0.0142541293	0.0398340998	0.014728837	-0.132727597	0.537716415	0.293985762	0.42284143	0.40736503	0.0289203374	0.00940965234	19.409463
7.54	0.0180346439	0.041126538	0.0140384254	-0.133415799	0.538695445	0.389735946	0.563425563	0.406260701	0.0312629349	0.0131609464	19.650668
7.55	0.0219985801	0.0425792793	0.0132968749	-0.134116382	0.539994338	0.479643628	0.692012974	0.404922235	0.0276532502	0.0168280213	17.216307
7.56	0.0250896798	0.0438145301	0.0125385645	-0.134810225	0.541523549	0.526526651	0.804571854	0.403408731	0.0585280197	0.0251654	18.252649
7.57	0.027333839	0.044971045	0.0117895983	-0.135505297	0.543214423	0.553314053	0.889879407	0.401463471	0.0303100732	0.00708048574	18.677804
7.58	0.0283926254	0.0455687256	0.0110395151	-0.136201979	0.544962756	0.579724598	0.940278089	0.399786355	0.0336276869	0.0211851917	18.091554
7.59	0.0281419133	0.0458414574	0.0102938254	-0.136898718	0.546611595	0.605475501	0.955382054	0.398953604	0.0504357792	0.0128944711	19.025491
7.6	0.0268327058	0.0458822452	0.00962142889	-0.137581541	0.547936767	0.625705464	0.955649618	0.398952423	0.110170342	0.00837174941	18.146782
7.61	0.0246595687	0.0455177713	0.00905537606	-0.138256597	0.548900443	0.638280213	0.939559767	0.399349891	0.0977335636	0.00657529165	18.480467
7.62	0.0220581847	0.045053914	0.00861107548	-0.138930673	0.549508025	0.643330163	0.905415431	0.400163141	0.0876620582	0.00731752687	18.718372
7.63	0.0188128767	0.0441573996	0.00829128532	-0.139597697	0.549785423	0.634854335	0.853737566	0.400862011	0.0734080274	0.0118675934	17.431983
7.64	0.0154899676	0.0431863243	0.00811345123	-0.1402647	0.549725758	0.62414054	0.778056587	0.401340459	0.0843696773	0.00884545461	18.147159
7.65	0.0123144386	0.0422721191	0.00806616703	-0.140946455	0.549362771	0.623967382	0.691050353	0.401736422	0.0816430092	0.00180904907	17.480661
7.66	0.00981402963	0.0419494449	0.00814633111	-0.141635087	0.54871961	0.627748184	0.579323443	0.402345923	0.0923307645	0.0217506848	18.346936
7.67	0.00824672606	0.0418453179	0.00834107765	-0.142339951	0.547841463	0.640320229	0.455464426	0.402787699	0.0213545351	0.00939564211	19.509388
7.68	0.00788045438	0.0419738162	0.00858792004	-0.143066772	0.546811008	0.657558445	0.33495507	0.403255891	0.0949414956	0.0124405459	17.196326
7.69	0.00848601103	0.0420814258	0.00886907181	-0.143811255	0.545673029	0.673508102	0.219276134	0.403667154	0.0812428157	0.0128837234	20.15155
7.7	0.00925508694	0.0419058745	0.00915995302	-0.144575967	0.544430847	0.695278179	0.107308677	0.404002462	0.0971249389	0.00866846077	18.353494
7.71	0.0100863737	0.0415658904	0.00944052419	-0.145356951	0.543096399	0.715340281	-0.00426060582	0.404312339	0.0981293325	0.00528873125	16.408251
7.72	0.0104190362	0.0409997171	0.00968780351	-0.146162804	0.54166874	0.757595519	-0.116027639	0.404552579	0.0831692801	0.0163178583	16.561048
7.73	0.0102745603	0.0400732205	0.00990370973	-0.146990264	0.540137485	0.812183738	-0.223164715	0.404648072	0.107886724	0.0112904286	17.21521
7.74	0.0100407196	0.0389912818	0.0101044818	-0.14783561	0.538471368	0.875528697	-0.327730668	0.404645895	0.0565959711	0.00866061967	19.091853
7.75	0.00997210244	0.0379790895	0.0102882362	-0.148692968	0.53667176	0.939885007	-0.43068761	0.40463172	0.0475633502	0.00667822789	19.514737
7.76	0.0100972124	0.0368460767	0.0103204018	-0.149418913	0.535449295	0.825277896	-0.332626795	0.405007764	0.042454784	0.0166940724	17.818687
7.77	0.0107859179	0.0358531688	0.0102023831	-0.150022579	0.534682382	0.630548767	-0.233254385	0.405382896	0.0532092087	0.0295465977	18.666886
7.78	0.0115350736	0.0351622159	0.00993063836	-0.150560385	0.53459373	0.470932512	-0.0867002927	0.405758515	0.0415457386	0.00934064214	15.922401
7.79	0.0120029118	0.0344771919	0.00959030295	-0.15109805	0.534598897	0.395018909	0.152426183	0.406238606	0.0273735681	0.0108868423	16.188668
7.8	0.0126289032	0.0340071278	0.00916872119	-0.151542914	0.535126718	0.280216258	0.356997606	0.406457002	0.0327309076	0.0144199127	18.533739
7.81	0.0130716287	0.0337819313	0.00868562649	-0.151891122	0.536020908	0.153304013	0.52026267	0.406542831	0.0532681795	0.00750438131	18.003897
7.82	0.0133320622	0.0338725022	0.00815036234	-0.152140732	0.537210193	0.0219289775	0.631468096	0.406566249	0.0351047199	0.00804719268	16.435399
7.83	0.0134135063	0.0340838727	0.00758273551	-0.152286077	0.538629676	-0.112900373	0.686799507	0.406407572	0.0315332042	0.00542515157	19.09246
7.84	0.0130384501	0.0343887722	0.00699123657	-0.152334554	0.540229753	-0.239790709	0.694297436	0.406092973	0.0386653732	0.00947897779	19.191657
7.85	0.0119618446	0.0346647073	0.00640637338	-0.152314104	0.541830351	-0.342716912	0.671918855	0.405649957	0.098402259	0.00930863019	15.706161
7.86	0.0102245921	0.0349191647	0.00585978836	-0.152249669	0.543234872	-0.407617165	0.641025174	0.405222474	0.0995903491	0.00519408197	19.068132
7.87	0.00816035434	0.0349162343	0.0054028156	-0.152096235	0.544059117	-0.518313474	0.673703817	0.405105918	0.105006165	0.00957490313	17.462697
7.88	0.00590599099	0.0347802691	0.00500163352	-0.151926529	0.54470684	-0.573463062	0.682602324	0.404801211	0.103164848	0.00882345315	19.083042
7.89	0.00402467856	0.0344668645	0.00465171418	-0.151740357	0.545156308	-0.608057184	0.676463947	0.404499014	0.0770868916	0.0146285872	18.024992
7.9	0.00339646766	0.0344300837	0.00434812681	-0.151536712	0.545363254	-0.626918764	0.663929507	0.404531506	0.0904466037	0.0138328324	17.427362
7.91	0.00406154331	0.0343597384	0.00410815527	-0.151322115	0.545310575	-0.630972052	0.635093576	0.404662441	0.0801439903	0.00945371003	17.072674
7.92	0.00494620287	0.0339549258	0.00394397608	-0.15109693	0.545019788	-0.635442513	0.597997022	0.404488401	0.02973592	0.0202164257	19.984376
7.93	0.00532956374	0.0337227635	0.00384799086	-0.150865635	0.544543556	-0.634523468	0.548565338	0.404181677	0.0930120308	0.0154546134	18.451912
7.94	0.00561956458	0.0336985482	0.0037839985	-0.150638326	0.543930597	-0.622561525	0.480486428	0.403830757	0.0942174268	0.016216289	18.446217
7.95	0.0063965119	0.0337407034	0.0037316974	-0.150418959	0.543192043	-0.603377641	0.401371371	0.403452263	0.103883804	0.0186834787	19.097579
7.96	0.00736181781	0.0341910523	0.00366434624	-0.150203906	0.542319264	-0.585288691	0.310342104	0.403274651	0.108917744	0.0185752077	19.059522
7.97	0.00855084929	0.0345182838	0.00360048386	-0.14998673	0.541300705	-0.575593812	0.210709143	0.402914084	0.10614003	0.00697608282	18.355458
7.98	0.010023713	0.034868748	0.00355105855	-0.149764206	0.540105548	-0.577344102	0.101693949	0.402552262	0.104715594	0.0131259027	20.100555
7.99	0.0113756995	0.0345930212	0.0035343058	-0.149544209	0.538689682	-0.588189529	-0.0116302078	0.401928883	0.0560849934	0.0313648983	18.49175
8	0.0125032648	0.0343090423	0.00358865106	-0.149326025	0.5369553	-0.607725582	-0.141817797	0.401411882	0.0363901624	0.00528538965	19.851234
8.01	0.013715438	0.0344476228	0.00346130317	-0.149149909	0.535990812	-0.571276136	-0.142060131	0.401217347	0.0586062816	0.0102422715	19.186027
8.02	0.0147185522	0.0347333154	0.00325413484	-0.149067267	0.535288144	-0.450020888	-0.141650086	0.400995017	0.0338163233	0.0019846016	19.72023
8.03	0.0154414528	0.0348964357	0.0029773917	-0.149024215	0.535089328	-0.356479877	-0.092381053	0.400814193	0.0252121955	0.0131907563	18.004595
8.04	0.016452948	0.0352348708	0.00264261832	-0.148954911	0.534978431	-0.325054147	0.0580033286	0.401177987	0.0304384248	0.0245330471	19.435235
8.05	0.0174458962	0.0356966656	0.00229463968	-0.148950893	0.535285685	-0.23758554	0.192137245	0.401183205	0.0320012104	0.0168557721	18.483172
8.06	0.0184668353	0.0363832518	0.0019509267	-0.149009681	0.535909328	-0.127029524	0.308307451	0.401025329	0.0259529692	0.00727274059	18.360216
8.07	0.0193573909	0.0372559631	0.00162602647	-0.149128896	0.536768995	-0.0148646347	0.40522224	0.400797942	0.0303169907	0.0138577543	19.348234
8.08	0.0200838591	0.0379762344	0.00131010373	-0.149320478	0.537804816	0.102518182	0.48452185	0.400434353	0.0545783452	0.0161219184	18.615254
8.09	0.0206872629	0.0386039603	0.00100269137	-0.149594473	0.539015303	0.233794497	0.534230468	0.39983662	0.0431302617	0.0116763209	16.686513
8.1	0.0209257472	0.0389856878	0.000753547101	-0.149932087	0.540192818	0.357758036	0.545779278	0.399146641	0.0875114915	0.0100388625	16.728294
8.11	0.0213020639	0.0393201628	0.000619888221	-0.150369397	0.540858718	0.544615475	0.601047243	0.39853716	0.0990648362	0.0199299048	17.224861
8.12	0.0213746063	0.03952473	0.000547304111	-0.150815005	0.541372841	0.665824633	0.619293727	0.397933133	0.089410555	0.00632020818	15.667461
8.13	0.0210578994	0.0395317147	0.000518599541	-0.151262919	0.541671837	0.734293705	0.620447561	0.39742632	0.094862376	0.00545216322	16.443678
8.14	0.0200839486	0.0391985585	0.000516289668	-0.151701214	0.541739438	0.746141556	0.60486072	0.396973235	0.0883588215	0.0105290784	18.339332
8.15	0.0183988595	0.0383998757	0.000546960242	-0.1521218	0.541597944	0.70359884	0.567868233	0.396542016	0.0881528319	0.0139533096	18.456186
8.16	0.0159403198	0.0372451787	0.000619398292	-0.152511266	0.541234929	0.603704859	0.515698071	0.396028492	0.0918055147	0.0225457416	17.685233
8.17	0.0129759783	0.035999882	0.000695073523	-0.152874701	0.540684567	0.469799452	0.454200518	0.39590941	0.0319533415	0.0147050445	18.174023
8.18	0.00939557961	0.0340772512	0.000702743454	-0.153214112	0.540047544	0.320366322	0.409331832	0.395871191	0.0868353994	0.0342003864	17.746218
8.19	0.0068615509	0.0321085705	0.000612493806	-0.153535166	0.539344339	0.166923477	0.376557417	0.396476054	0.105965809	0.0159667104	18.21624
8.2	0.00706057167	0.0301345317	0.000450151141	-0.153834604	0.53854112	0.0139496542	0.349420735	0.397130631	0.0895294821	0.0187618257	17.571681
8.21	0.00888765926	0.0284902163	0.000261632158	-0.154110799	0.53763974	-0.141580009	0.32671673	0.39794322	0.0980584037	0.0171295946	17.558281
8.22	0.0109326172	0.0270504229	5.92646243e-05	-0.154362761	0.536620842	-0.294608255	0.303862494	0.39856259	0.10496652	0.0135951863	18.056468
8.23	0.0130371648	0.0255291418	-0.00016882593	-0.154591043	0.535460845	-0.44090001	0.278925928	0.398624651	0.0997099242	0.0250167302	19.062275
8.24	0.0145010765	0.0243029638	-0.00042729192	-0.154797681	0.53410219	-0.57213983	0.243598112	0.398626346	0.0724184045	0.0167228147	19.714976
8.25	0.0156232937	0.0231438724	-0.000906208741	-0.1549457	0.533605792	-0.668065721	0.285852387	0.397705043	0.047127507	0.0317721172	21.527159
8.26	0.0157161195	0.0223743065	-0.00149764568	-0.155018652	0.533578894	-0.809949327	0.303306521	0.39646107	0.0497509071	0.0116864216	18.447994
8.27	0.0148575095	0.0220863285	-0.00220079198	-0.155094796	0.533808192	-0.858467109	0.427841316	0.395255717	0.0539144638	0.0168324882	18.336064
8.28	0.0136247938	0.0220428565	-0.00300722469	-0.155120719	0.534554507	-0.922784492	0.533910925	0.394091301	0.0285435209	0.0172441426	18.873767
8.29	0.0121853685	0.0220504044	-0.00387228523	-0.155080315	0.53566011	-1.0037962	0.622556766	0.392634047	0.0314280583	0.0182124944	16.984524
8.3	0.0104999059	0.0221892452	-0.00478932648	-0.15497216	0.537048492	-1.09932092	0.702222538	0.391177185	0.0228607843	0.0116070042	17.738183
8.31	0.00860512083	0.0225862243	-0.00573279698	-0.154793073	0.538650282	-1.20608709	0.768303825	0.389984154	0.0172055369	0.00807772304	18.676711
8.32	0.00678234882	0.0230823491	-0.00669927955	-0.154547626	0.540407791	-1.31750794	0.828961606	0.388599297	0.0279451587	0.0152163387	17.160349
8.33	0.00622229361	0.0236336005	-0.00768967007	-0.154253035	0.542226711	-1.40955417	0.870774548	0.387249068	0.0307769853	0.0131334983	17.432184
8.34	0.00729951766	0.0241820876	-0.00866654395	-0.153912014	0.544015978	-1.48371675	0.881632505	0.386000709	0.0310409437	0.00736427872	16.779239
8.35	0.00930353081	0.0248072465	-0.00958426819	-0.15355225	0.545584481	-1.52514179	0.868313481	0.385046861	0.112503991	0.0112976404	18.314881
8.36	0.0115319196	0.025482164	-0.0104551888	-0.153177048	0.546886936	-1.5428016	0.851803707	0.384530509	0.0980962812	0.0101304818	17.698796
8.37	0.0131670084	0.0258599652	-0.0112830034	-0.152791412	0.547898898	-1.54420323	0.835654779	0.384088991	0.102335357	0.00758911439	17.346683
8.38	0.0144044525	0.0261132333	-0.0120783995	-0.152396997	0.548628081	-1.53778334	0.82252951	0.384055615	0.0940404992	0.0140333838	15.954821
8.39	0.0155401629	0.0262922637	-0.012847266	-0.151990772	0.549061818	-1.52438478	0.809165141	0.384368827	0.0920277102	0.0148978779	15.995991
8.4	0.0164159442	0.026324208	-0.0135770587	-0.151572174	0.549188874	-1.51341966	0.793875718	0.384955586	0.0709403358	0.0104867688	17.821184
8.41	0.0168215626	0.0260526966	-0.0142622207	-0.151146353	0.549024247	-1.5097013	0.782358198	0.385375584	0.0654650699	0.0128953433	16.03088
8.42	0.0169903706	0.0258572087	-0.0149316046	-0.150724281	0.548612609	-1.50582943	0.771141301	0.386616868	0.0346934485	0.0311727427	20.870316
8.43	0.0171004367	0.0258248704	-0.0156047816	-0.150315128	0.54802136	-1.48295795	0.757990598	0.388475227	0.0946343155	0.0208574056	17.288421
8.44	0.0171618256	0.0260015439	-0.0162758361	-0.149919055	0.547301429	-1.44481337	0.744638838	0.390643253	0.0867308032	0.0200500635	17.049914
8.45	0.0173611293	0.0263608951	-0.0169327332	-0.149527985	0.546473436	-1.40771138	0.734741472	0.392893898	0.0856219923	0.0230577934	18.955119
8.46	0.0175408942	0.0268153299	-0.0175571019	-0.149134776	0.545525121	-1.37215062	0.725987378	0.394226774	0.0962719498	0.0166309372	16.761263
8.47	0.0174484459	0.0270289194	-0.0181542408	-0.148730363	0.544500567	-1.34975618	0.722774115	0.395131454	0.123439761	0.00376368232	19.178562
8.48	0.0170383828	0.0269015094	-0.0187489082	-0.148317298	0.54342936	-1.33267412	0.720776597	0.395625566	0.102499539	0.00958676083	20.49209
8.49	0.0164105	0.0267591984	-0.0192954387	-0.147896803	0.542219372	-1.32356701	0.719087185	0.396032919	0.063473377	0.0198330013	17.88318
8.5	0.0156685473	0.0267321359	-0.0197821692	-0.147473209	0.540800636	-1.31320863	0.701837052	0.396432564	0.0484942451	0.00895599069	17.9457
8.51	0.0152877247	0.0268944449	-0.0203142295	-0.147167832	0.539748285	-1.16693154	0.835408587	0.396933718	0.0370521604	0.0126925529	18.327208
8.52	0.0152257246	0.027255978	-0.0208865187	-0.146959233	0.538927406	-0.960827422	0.936319919	0.397313125	0.0321657802	0.0131456382	17.845021
8.53	0.0152673776	0.0275871383	-0.0214590371	-0.146800982	0.538564735	-0.791112187	1.05559614	0.397553358	0.0417306116	0.00904721742	20.272986
8.54	0.0155036409	0.0278681585	-0.0220072615	-0.146634706	0.538203361	-0.702216064	1.25996227	0.398180462	0.0281009536	0.014062113	18.580066
8.55	0.0162487293	0.0283387361	-0.0225175573	-0.146550987	0.538223484	-0.562289064	1.42113571	0.398494672	0.0247249011	0.0141480974	18.509052
8.56	0.0174412004	0.0289894102	-0.0229540234	-0.146553596	0.538546674	-0.400452916	1.53197122	0.398454783	0.0333306957	0.0141675968	17.075
8.57	0.0188329679	0.0298073057	-0.0233155953	-0.146651853	0.539077139	-0.223449504	1.59944977	0.398423671	0.0217954345	0.0180525977	17.059476
8.58	0.0201176256	0.0307380571	-0.0236112733	-0.146848297	0.539804466	-0.0373860466	1.63178063	0.398447492	0.0345460736	0.0118517512	18.301775
8.59	0.0208182392	0.0314037104	-0.0238584445	-0.147138405	0.540702805	0.149079484	1.61765301	0.3983257	0.0245770477	0.0129853466	17.057169
8.6	0.0209365847	0.0317723123	-0.0240259011	-0.147516685	0.541539525	0.334405893	1.57141874	0.398196129	0.116452763	0.00415525258	18.389312
8.61	0.0206449759	0.0318616423	-0.0241041067	-0.147963815	0.542192368	0.505915123	1.50986499	0.398083606	0.0993386216	0.0103364572	16.769288
8.62	0.020268288	0.0318939824	-0.0240986505	-0.148466097	0.542614282	0.665417671	1.44811109	0.398181693	0.100981874	0.0151219025	16.101168
8.63	0.0200181877	0.0319885778	-0.0240368304	-0.149011219	0.542815827	0.80301437	1.39694497	0.398522481	0.0903504375	0.0102262457	15.738241
8.64	0.0197059236	0.0316965842	-0.0239298971	-0.149586704	0.542800253	0.912449586	1.34996383	0.398678573	0.0781598031	0.014289278	20.537144
8.65	0.0194873165	0.031685563	-0.0237855502	-0.150187019	0.542582124	1.00027405	1.31213916	0.398932757	0.0771873302	0.0185049426	18.594932
8.66	0.0193508224	0.031722083	-0.0235869033	-0.150804693	0.542162413	1.05380116	1.27478234	0.399075565	0.0752826646	0.0055882727	16.844879
8.67	0.0191019485	0.0317526588	-0.0233569247	-0.151424686	0.541592895	1.06197658	1.24809675	0.399174699	0.0289687771	0.0130823105	19.177187
8.68	0.0185194418	0.0317635442	-0.0231288482	-0.152033863	0.540929242	1.01711658	1.22534173	0.399306371	0.0827475331	0.0127460169	18.766943
8.69	0.0175466282	0.0316590667	-0.0229293387	-0.152629794	0.540187425	0.928736574	1.19625948	0.399493645	0.0850123545	0.0171284627	17.847658
8.7	0.0162777213	0.0317142512	-0.0227492987	-0.153205521	0.539369688	0.803583549	1.15555057	0.399825148	0.0859483903	0.0182976921	19.631809
8.71	0.0153567422	0.0320706116	-0.0225814924	-0.153758637	0.538463081	0.648347383	1.10717064	0.400430901	0.0947117449	0.0242234958	17.054422
8.72	0.0145746108	0.0320694755	-0.0224105716	-0.154290002	0.537429871	0.474580735	1.04761983	0.400975211	0.0899632966	0.0206802501	17.622083
8.73	0.0140620442	0.0319299446	-0.0222249329	-0.154794498	0.536254063	0.28687039	0.970639637	0.401615968	0.0836992101	0.0191536624	19.369249
8.74	0.0139093652	0.0314507676	-0.0219931919	-0.155270514	0.534900074	0.0963467596	0.868317736	0.402141943	0.038608766	0.0156849931	16.11168
8.75	0.0141753535	0.0308790324	-0.0218224574	-0.155780133	0.533740473	0.0256572137	0.687402859	0.402196016	0.0337579755	0.0171861922	17.14681
8.76	0.014913064	0.0304440641	-0.0217767908	-0.156282641	0.532875573	-0.0113190703	0.664739406	0.402440325	0.0299438382	0.0184470707	17.650474
8.77	0.0160011819	0.0301212991	-0.0218527809	-0.156649451	0.532317563	-0.199997064	0.612927268	0.402831799	0.0341579909	0.0146856734	18.000058
8.78	0.0174336189	0.0298445548	-0.0220225861	-0.15693835	0.532333708	-0.373286142	0.592291074	0.403159366	0.0375320557	0.0149884229	19.787133
8.79	0.0193287543	0.0298936885	-0.0222542684	-0.157162965	0.53284049	-0.535671599	0.594992071	0.403530061	0.0222597944	0.0136973366	18.398096
8.8	0.0215989957	0.0301208722	-0.0225414463	-0.157318865	0.533734883	-0.689552006	0.616238692	0.403902838	0.0346712197	0.0154501522	15.899603
8.81	0.0239721092	0.0299225114	-0.0228839372	-0.157407186	0.534942226	-0.825722214	0.630256233	0.403964717	0.0304899814	0.021451786	16.335592
8.82	0.0265243929	0.0297896614	-0.0232735349	-0.157431685	0.536416311	-0.940747046	0.620889321	0.403782375	0.0344612877	0.0175330841	17.652575
8.83	0.0291232247	0.0298812719	-0.0237007989	-0.157398217	0.538110205	-1.03671474	0.589542737	0.403440007	0.0412120482	0.00879380664	16.047228
8.84	0.0313045237	0.0301473272	-0.024162927	-0.157315294	0.539970695	-1.10826085	0.536895342	0.402930356	0.0237111346	0.00820077386	16.442253
8.85	0.033055876	0.0300607974	-0.0245833667	-0.157138069	0.541426859	-1.22342791	0.529872462	0.402493315	0.112742506	0.0207945929	18.192062
8.86	0.034379228	0.029967025	-0.0250053956	-0.156955626	0.542719916	-1.27693218	0.488879587	0.401969703	0.100198854	0.0143127922	20.266599
8.87	0.0351365771	0.0298462878	-0.0254398094	-0.156771951	0.543777988	-1.2835218	0.431771555	0.401427363	0.10768972	0.0115199129	18.559216
8.88	0.0353260241	0.0296405842	-0.0258615346	-0.156587259	0.544553166	-1.25889696	0.365046097	0.400948498	0.0897017883	0.00862903618	18.501925
8.89	0.0348915562	0.0292375582	-0.0262834655	-0.156402067	0.545047379	-1.21215202	0.30073049	0.400512842	0.0901105315	0.01323338	17.480509
8.9	0.0342490307	0.0287401319	-0.0267073019	-0.156214178	0.54527904	-1.15026024	0.237588875	0.400027213	0.0765891919	0.0171842171	17.646869
8.91	0.0333753978	0.0284553895	-0.0271367164	-0.156027921	0.545297804	-1.08182924	0.18706346	0.399684469	0.0842204517	0.0149043677	18.989271
8.92	0.0322055985	0.02856158	-0.0275495554	-0.155847474	0.545093984	-0.99874492	0.146278466	0.3995075	0.0373868973	0.0142314849	18.745871
8.93	0.0305362585	0.0288044484	-0.0279407305	-0.155671714	0.544693339	-0.907306289	0.118575181	0.399424282	0.0801364642	0.0126039907	18.444675
8.94	0.0285115114	0.0293441222	-0.0282967173	-0.155501553	0.544108117	-0.804186326	0.0997051974	0.399500947	0.0816248603	0.0151820075	18.970968
8.95	0.0264464521	0.030087838	-0.0286089688	-0.155328461	0.543334401	-0.699599056	0.088432661	0.399682282	0.0881992427	0.0119058825	19.161677
8.96	0.0243458449	0.0306941449	-0.0288794875	-0.155153489	0.542397375	-0.596395977	0.0775322289	0.399777287	0.0906233017	0.0110055729	16.39975
8.97	0.022162996	0.0310011482	-0.0291100055	-0.154979719	0.541291826	-0.492017806	0.0535911718	0.399736876	0.0820928885	0.0114489806	22.192637
8.98	0.0198104207	0.0312660717	-0.0293088155	-0.154810621	0.54000048	-0.386461864	0.0177802527	0.399933079	0.103375046	0.0232973627	22.57528
8.99	0.017936339	0.0318243036	-0.0294852347	-0.154632571	0.538506261	-0.307666868	-0.0243279647	0.400656491	0.0668975649	0.0253592043	17.947712
9	0.0159994363	0.0321782003	-0.0296363304	-0.154442639	0.536801368	-0.255818595	-0.0776911238	0.401592744	0.0373861155	0.0150875375	17.712617
9.01	0.0142126436	0.0325388776	-0.0299732809	-0.154276638	0.535885289	-0.230686539	-0.0446072324	0.402586261	0.0312228443	0.0177107998	22.3136
9.02	0.0124950828	0.0326176727	-0.0304308289	-0.154186537	0.535218081	-0.137859724	-0.0372241916	0.403217682	0.0225828798	0.0137424891	18.946684
9.03	0.010752782	0.0322768126	-0.0309381702	-0.1540295	0.534723443	-0.173746102	0.0696996226	0.404165665	0.0314998445	0.012605654	17.810838
9.04	0.0090610224	0.0321202941	-0.031508661	-0.153884526	0.53472537	-0.18786272	0.158783846	0.404965086	0.0463834995	0.0375779804	17.988422
9.05	0.00738890417	0.0319967102	-0.0321296377	-0.153762553	0.535134958	-0.187545165	0.228140695	0.40551567	0.0276944469	0.0135662105	19.756982
9.06	0.00623363081	0.0320096274	-0.0327935788	-0.153667852	0.535915096	-0.174627892	0.287195423	0.405832986	0.0529720853	0.0143047205	18.717486
9.07	0.00587077947	0.0322222442	-0.0334762413	-0.153597939	0.536993246	-0.155501406	0.330313978	0.405929566	0.0346253528	0.0116169068	17.406298
9.08	0.00633198892	0.0325784597	-0.0341552243	-0.153565782	0.538311178	-0.122300414	0.357791646	0.40571417	0.0246903152	0.017036851	17.756419
9.09	0.00731850722	0.0333087568	-0.0348345337	-0.153569949	0.539796714	-0.0816195755	0.368735742	0.405267799	0.0331495866	0.0152940864	18.056622
9.1	0.00858328525	0.0342470382	-0.0354516418	-0.153603805	0.541200769	-0.0421796333	0.355100006	0.40477315	0.0913851285	0.00897546078	15.541215
9.11	0.0100161301	0.0350617045	-0.0360033123	-0.15365541	0.542383489	-0.00699293861	0.333153227	0.4042665	0.0876341256	0.0128557959	15.831428
9.12	0.0113483016	0.035751588	-0.0365143011	-0.153714546	0.54328264	0.014995073	0.312554451	0.403822995	0.10436283	0.0116487682	17.434541
9.13	0.0123824524	0.0363584076	-0.0369976866	-0.153779648	0.543929907	0.0263872444	0.301688011	0.403473132	0.0971001188	0.0137171996	15.868371
9.14	0.0131925316	0.037005311	-0.0374671831	-0.153842537	0.544340578	0.0263791887	0.306586213	0.403272836	0.0848362259	0.0105176275	17.356082
9.15	0.0140883378	0.0377159382	-0.0379220375	-0.153907923	0.544489928	0.028617321	0.329575699	0.403216935	0.0835405542	0.0159530627	16.246564
9.16	0.0149291737	0.0381662026	-0.0383590309	-0.153983382	0.54439995	0.0464540945	0.366496425	0.403159039	0.0889739898	0.0125174596	18.823502
9.17	0.015511767	0.0384414596	-0.0387781618	-0.154050611	0.544063076	0.0506636753	0.408526216	0.403188079	0.0395044795	0.0138803943	17.980839
9.18	0.0160440941	0.038733206	-0.0391676229	-0.154108054	0.543560641	0.0482173887	0.480193973	0.403396579	0.0988341644	0.0181958402	18.645465
9.19	0.0163654866	0.0387204871	-0.0395359721	-0.154164033	0.54290469	0.0456306041	0.578419554	0.403679414	0.0873111679	0.00961208715	18.38294
9.2	0.0164575116	0.0384117056	-0.0398708381	-0.154215823	0.542074058	0.0493801321	0.695555403	0.404011334	0.078110997	0.00754085629	19.02341
9.21	0.0166367977	0.0381580643	-0.0401750537	-0.154260439	0.54106422	0.0654951319	0.818676926	0.404412822	0.0943200203	0.0105882338	18.477525
9.22	0.0168988476	0.0379065722	-0.0404358367	-0.154287739	0.539866851	0.0820083086	0.9442373	0.404887555	0.106765914	0.0156395995	18.057031
9.23	0.0174249539	0.0379095914	-0.0406391441	-0.15430341	0.538449138	0.101020676	1.0641086	0.405512802	0.0879128244	0.0148025401	16.285464
9.24	0.0174804125	0.0375921515	-0.040761425	-0.154307572	0.536794529	0.114616943	1.18649799	0.406271502	0.0704156964	0.0285414635	19.097097
9.25	0.0173890796	0.0372848404	-0.040880199	-0.154396918	0.535380563	0.237052457	1.20419125	0.40662403	0.0648421914	0.00690382406	16.284157
9.26	0.0168795645	0.0367478134	-0.0410966831	-0.154449795	0.534644976	0.262530942	1.27751562	0.407104271	0.0445980597	0.0131921389	19.382524
9.27	0.0163930656	0.0364267267	-0.0413566725	-0.154523936	0.534027782	0.307203823	1.45221177	0.407861936	0.0304228501	0.0181512528	18.363262
9.28	0.0158189743	0.0359560515	-0.0416460215	-0.154494997	0.533687089	0.195397827	1.55556778	0.408612476	0.0149789794	0.0177586838	16.27378
9.29	0.0156566276	0.0358709854	-0.0419441651	-0.154399882	0.533833477	0.0606053373	1.65943432	0.409446458	0.0271218216	0.0207391113	18.66696
9.3	0.0158756103	0.0359263925	-0.0422040851	-0.154241025	0.534358248	-0.0975445509	1.75371163	0.410321718	0.0270953124	0.015050501	17.175715
9.31	0.0162959192	0.0357014791	-0.042439492	-0.154017551	0.535167736	-0.264771881	1.82093775	0.411088998	0.0339913461	0.0119836249	18.868471
9.32	0.0172839869	0.0354384415	-0.0426488931	-0.153726846	0.536192717	-0.431840093	1.85163951	0.411719498	0.0212941618	0.0136367831	15.563604
9.33	0.0187300549	0.0351059522	-0.0428152058	-0.153370582	0.537424824	-0.59010518	1.84744622	0.412149425	0.0411401298	0.0162858098	16.618141
9.34	0.0203905936	0.035089006	-0.0429572462	-0.152951719	0.538858659	-0.732624406	1.81555964	0.412427508	0.0265083342	0.0102517259	17.174574
9.35	0.0219545596	0.0350196389	-0.0430195379	-0.152415871	0.539937591	-0.925164784	1.81161869	0.412829874	0.0966818474	0.00741270504	17.290019
9.36	0.0227834779	0.0347599322	-0.0430292101	-0.15186188	0.540921331	-1.04193022	1.76218134	0.412985477	0.0950365775	0.00737763141	16.742216
9.37	0.022845963	0.0345504046	-0.0430096179	-0.151313994	0.541686535	-1.0948993	1.69109463	0.412985793	0.112377971	0.0111306918	18.63653
9.38	0.0224630485	0.0346576305	-0.0429511397	-0.150765307	0.542186808	-1.12240791	1.62506084	0.41300971	0.0996695372	0.0126830445	18.452791
9.39	0.0212648055	0.0347125153	-0.0428894803	-0.150235638	0.54243313	-1.10683238	1.55984639	0.412969386	0.0904057115	0.0156223303	17.482208
9.4	0.0193015701	0.0349540028	-0.0428324376	-0.149734145	0.542427354	-1.0569102	1.49132476	0.412857647	0.0908943995	0.0161758938	18.474459
9.41	0.0170791363	0.0359687881	-0.0427722159	-0.149253115	0.542179306	-1.00021333	1.41396293	0.412746669	0.0943029442	0.0355265234	16.510823
9.42	0.0145704968	0.0368622389	-0.04270922	-0.148794117	0.54172402	-0.937749157	1.32948244	0.412546683	0.0332032428	0.0135105029	16.996964
9.43	0.0118449544	0.0377034923	-0.0426627705	-0.148364374	0.541105131	-0.862751463	1.22984551	0.412119231	0.0932009458	0.0151040444	17.924002
9.44	0.00909984861	0.0383138213	-0.0426415905	-0.147963943	0.540334605	-0.786472561	1.11836774	0.411557075	0.10039053	0.018041325	19.620594
9.45	0.00632387248	0.0387256764	-0.0426123574	-0.147602132	0.539368048	-0.710009226	0.986447436	0.410976958	0.0898596162	0.019553114	17.977616
9.46	0.00401792688	0.0389854613	-0.0425731683	-0.147277133	0.538221618	-0.640986259	0.83109624	0.410339999	0.0954337848	0.0125573463	19.546793
9.47	0.00328208521	0.039210149	-0.0425345907	-0.146985919	0.536910323	-0.582074417	0.652072789	0.409615729	0.104543198	0.0141298647	18.254866
9.48	0.00447280457	0.0395872025	-0.0424995225	-0.146717423	0.535438346	-0.546789172	0.460990859	0.408847555	0.0964051269	0.0177417411	17.20948
9.49	0.00641054921	0.0399185746	-0.0424600315	-0.146463014	0.533780211	-0.542289294	0.263709654	0.408087629	0.0635797379	0.0160698837	21.2206
9.5	0.00861184707	0.0401974732	-0.0425343879	-0.146337126	0.532630083	-0.426304187	0.243217805	0.407682616	0.0511988604	0.00753887296	17.27316
9.51	0.0102166503	0.0405678995	-0.042792105	-0.146251879	0.532289316	-0.345286662	0.270450895	0.407369964	0.0334190153	0.00823794981	17.921827
9.52	0.0116464727	0.0410333481	-0.043194028	-0.146268488	0.532415996	-0.196423984	0.278269183	0.406878927	0.0444991307	0.0155490496	16.159831
9.53	0.0128087365	0.0414395199	-0.0436677929	-0.146286279	0.532733946	-0.152226471	0.379403923	0.406649153	0.0270139846	0.0251034717	18.551719
9.54	0.0139058569	0.0418253813	-0.0442428937	-0.146400029	0.533647272	-0.0675702037	0.459187748	0.406113136	0.0312339743	0.0101909881	18.968248
9.55	0.0150302812	0.0419592356	-0.0449021256	-0.146620969	0.534985566	0.0346100029	0.534914055	0.405364299	0.0298298012	0.0199802563	17.981277
9.56	0.0161251914	0.0421318057	-0.0455890666	-0.146946144	0.536627765	0.141047997	0.596891792	0.404483013	0.0367207433	0.0149014602	17.6623
9.57	0.0170694447	0.0426620714	-0.0462791613	-0.14736818	0.538512197	0.240387379	0.630967372	0.403511923	0.0220700247	0.00767637003	15.933007
9.58	0.0178656246	0.0435338964	-0.0469403356	-0.14788922	0.540567267	0.336956425	0.635832994	0.402532009	0.0261227078	0.00376793058	18.18631
9.59	0.0186175858	0.0445273718	-0.0475606724	-0.148512051	0.542702121	0.431007128	0.611784463	0.401598259	0.0273198462	0.00834628631	17.295041
9.6	0.0194316553	0.0458219874	-0.0481176951	-0.149207031	0.544701853	0.512015276	0.573613094	0.400732579	0.111967728	0.0156168056	16.529884
9.61	0.0203845772	0.0471229369	-0.0486150492	-0.149938509	0.546416313	0.567204987	0.54317337	0.400073456	0.102008385	0.00854497384	18.303218
9.62	0.0212027386	0.0481408635	-0.0490508628	-0.150708651	0.547799999	0.601193181	0.521631472	0.399494785	0.0913163815	0.016487677	15.889148
9.63	0.0218343867	0.0488782534	-0.0494097726	-0.151510633	0.54880622	0.618487597	0.52183468	0.399100201	0.105806403	0.00470319283	16.12554
9.64	0.0222185352	0.0492793016	-0.0496725033	-0.152334141	0.549420158	0.601726112	0.533986459	0.39899044	0.0898393697	0.0115050214	17.499099
9.65	0.0221224034	0.0493254105	-0.0498777077	-0.153184493	0.549662704	0.574549935	0.558092908	0.39893915	0.0820932101	0.0161502657	17.956828
9.66	0.0216201919	0.0490944386	-0.0500216697	-0.154058441	0.549545001	0.547660666	0.587925913	0.398903568	0.0815996482	0.00614053007	17.928701
9.67	0.0210144063	0.0488727693	-0.0501252335	-0.154946889	0.5490951	0.513816414	0.629412686	0.398933359	0.0281722524	0.0101829224	17.32119
9.68	0.0203369653	0.0485067223	-0.0501819059	-0.15583227	0.548374084	0.456426826	0.665745436	0.39908149	0.0865795631	0.0113681227	19.049092
9.69	0.0196706808	0.0479758577	-0.0502118975	-0.156712159	0.547431875	0.383663023	0.68099497	0.399156211	0.0995339283	0.0143640768	20.614782
9.7	0.0190324904	0.0475401821	-0.0502288502	-0.157577881	0.546290098	0.28720856	0.67358491	0.399088749	0.0858424157	0.0226787133	17.770872
9.71	0.0181629273	0.0468079869	-0.0502062828	-0.158427048	0.544938898	0.167853595	0.647192618	0.399048534	0.101979971	0.0130554698	20.495415
9.72	0.0172742286	0.0460429858	-0.0501734334	-0.159253342	0.543391213	0.0255662307	0.604198022	0.398937667	0.0942344852	0.0225682318	18.131066
9.73	0.0165644549	0.0454444806	-0.0500878413	-0.160055909	0.541636402	-0.135075303	0.540347856	0.398926925	0.0988418821	0.0150052098	16.918982
9.74	0.015677833	0.0448356107	-0.0499335545	-0.160830351	0.539659637	-0.316027596	0.459542285	0.399143626	0.0574520173	0.0201905426	19.747258
9.75	0.0145472938	0.0443917476	-0.0496897014	-0.161575039	0.537462851	-0.514491974	0.36052791	0.399624175	0.0433274222	0.0161438414	17.230182
9.76	0.0134111295	0.0444679233	-0.049599118	-0.16222617	0.536172345	-0.731845795	0.360455349	0.400374627	0.0363819055	0.0185434212	21.576145
9.77	0.012167007	0.0446622731	-0.0495826667	-0.162792898	0.535597274	-0.977105258	0.426189262	0.401323581	0.052189943	0.0144312465	16.962088
9.78	0.0107003299	0.0446068491	-0.0496329932	-0.163301977	0.534985148	-1.23832467	0.562095755	0.40238942	0.0354800844	0.0239678575	19.760436
9.79	0.00927078141	0.0446476515	-0.0497638735	-0.163720271	0.535095822	-1.48540541	0.719717951	0.403382791	0.0335212048	0.0187697258	18.556496
9.8	0.0079917941	0.0449050207	-0.0499769681	-0.164057911	0.535775121	-1.71435388	0.896278136	0.404282535	0.0256721754	0.024096455	16.484125
9.81	0.00735991468	0.0452567098	-0.0502599597	-0.164330424	0.536882583	-1.89774609	1.06155781	0.404932533	0.0426913017	0.0159804069	16.767073
9.82	0.0077874971	0.0458726303	-0.0505848662	-0.164536282	0.538281976	-2.04342506	1.19855631	0.405399239	0.0302373733	0.0257431114	17.413059
9.83	0.00945105428	0.046615564	-0.0509095982	-0.164670728	0.53990353	-2.1565996	1.29408494	0.405797289	0.0235758294	0.0205283536	18.225377
9.84	0.0119969004	0.0473153281	-0.051235393	-0.16474529	0.54165036	-2.22960505	1.33197164	0.406031683	0.0394935372	0.00713144172	20.538576
9.85	0.0146061947	0.048047891	-0.0515297811	-0.164792148	0.543297692	-2.25896538	1.32460001	0.406127338	0.104264605	0.0136420549	17.585608
9.86	0.0170612338	0.0486695701	-0.0517465137	-0.164765517	0.544341186	-2.3216613	1.36598142	0.406335616	0.0930356891	0.0200875256	18.513533
9.87	0.0186479105	0.049185365	-0.051956234	-0.16475788	0.545234755	-2.29715089	1.37728475	0.4062994	0.0987282373	0.00829509258	19.787419
9.88	0.0196959543	0.0502538951	-0.0521561622	-0.164773232	0.545950292	-2.21505237	1.37292935	0.406113402	0.095571972	0.026093025	19.355946
9.89	0.0202438856	0.0514663393	-0.052345849	-0.164816129	0.546425363	-2.09793027	1.35958999	0.405846405	0.0967063325	0.0141790537	19.824555
9.9	0.0203237543	0.0528585559	-0.0525268292	-0.164892492	0.54668543	-1.96007817	1.34291036	0.405532869	0.0796726469	0.023888864	19.395127
9.91	0.0197458111	0.0540338483	-0.0526920123	-0.165010549	0.546701578	-1.80191464	1.30933071	0.405087797	0.0861444875	0.0206058793	18.318928
9.92	0.0183985976	0.0547559666	-0.0528786603	-0.165174679	0.546531177	-1.62589215	1.25858669	0.404402622	0.0198772431	0.02414004	18.574153
9.93	0.0164931604	0.0549013966	-0.0530908892	-0.165377646	0.546210971	-1.45821529	1.19837104	0.403543097	0.0995651003	0.0194499847	19.32484
9.94	0.0142237286	0.054709315	-0.0533162379	-0.165619586	0.54573153	-1.29939308	1.13406577	0.402542514	0.0874472261	0.0192567796	18.355385
9.95	0.0120538098	0.0542890137	-0.0535306414	-0.165888438	0.545142086	-1.17161531	1.07650265	0.401709268	0.0901752683	0.0152982662	20.359482
9.96	0.00994046733	0.0539533325	-0.053724846	-0.166187304	0.544409211	-1.06528716	1.0217417	0.400991757	0.0911624434	0.0163917104	16.607188
9.97	0.00813475284	0.0539759788	-0.0538819876	-0.166503658	0.543507545	-0.994139551	0.968669387	0.400397966	0.0932361072	0.0124612662	18.188986
9.98	0.00675467053	0.054432382	-0.0539803119	-0.166831969	0.542418557	-0.958680038	0.911115516	0.399978585	0.0881528817	0.0122521686	18.616666
9.99	0.00603814564	0.0544878891	-0.0539716959	-0.167168488	0.541019992	-0.932903014	0.817688169	0.39956491	0.0663703228	0.0222204843	19.498013
10	0.00611585605	0.0542002587	-0.0538575782	-0.167522489	0.539319675	-0.910223155	0.687465922	0.399023372	0.0379934351	0.0217870278	17.928508
