time_s	ee_error_m	orientation_error	base_x_m	base_y_m	base_z_m	roll_deg	pitch_deg	clearance_m	leg_action_delta_l2	arm_action_delta_l2	update_ms
0.01	0.648952957	0.019945333	-2.60586655e-05	2.31888681e-05	0.542762093	-0.046261785	0.0468523412	0.306320218	0	0	21.745968
0.02	0.646821802	0.0199510735	-0.000156720274	8.45573931e-05	0.541238285	-0.171650162	0.148483712	0.306995503	0.109111871	0.0443097607	20.450348
0.03	0.643278023	0.0200623247	-0.000422624661	0.000188898671	0.538980597	-0.36214425	0.296006862	0.308669666	0.0393841455	0.0442808851	20.743655
0.04	0.638120376	0.0203866611	-0.000788213479	0.000343905667	0.536054482	-0.608601461	0.484920668	0.311435087	0.0818485972	0.0442132132	18.461784
0.05	0.631204856	0.0209676085	-0.00131296345	0.000564916794	0.532436983	-0.897333822	0.719511586	0.315369107	0.0935907398	0.0440934264	20.812618
0.06	0.622427527	0.0218228845	-0.00199038469	0.000824723491	0.528262917	-1.16633735	1.01890092	0.320321097	0.0875228624	0.0439149953	18.706489
0.07	0.611703922	0.0229492149	-0.00279352134	0.00112312874	0.523594673	-1.42024446	1.3949744	0.325940115	0.0551865139	0.0436792532	18.296103
0.08	0.598943372	0.0243617898	-0.00367693435	0.00146402448	0.518571552	-1.66278333	1.86678766	0.331436057	0.0707658148	0.0433893317	20.023681
0.09	0.584080355	0.0261710928	-0.00472337474	0.00180172559	0.513480397	-1.80208872	2.41387372	0.336849777	0.0733296793	0.0430464396	21.320232
0.1	0.567127887	0.0284399357	-0.00584999445	0.00209844823	0.508306442	-1.84752391	3.00333472	0.341826607	0.0462569682	0.0415995622	18.452848
0.11	0.548270917	0.0313266838	-0.00702509431	0.00234695287	0.50308195	-1.814295	3.51496771	0.345481097	0.0567553289	0.0396170596	19.68496
0.12	0.527734384	0.0349032826	-0.00819755976	0.00256094628	0.498222323	-1.76244666	4.03598146	0.347518529	0.0904038514	0.0378983796	19.282291
0.13	0.505849141	0.0391888993	-0.00928967056	0.00271868463	0.493604671	-1.67866863	4.52505924	0.348317553	0.0609997891	0.0363360637	18.513806
0.14	0.483080178	0.0441228328	-0.0102397063	0.00288862935	0.488850948	-1.62539562	4.9015841	0.347886044	0.0635834294	0.0349903303	21.325133
0.15	0.459786599	0.0496731519	-0.0111056701	0.00300343639	0.484501159	-1.51636521	5.31311871	0.346433928	0.0437187376	0.033959941	19.18976
0.16	0.436270395	0.0555773175	-0.0117839006	0.00309390225	0.480128295	-1.39826216	5.80247558	0.344512662	0.0670576286	0.032942192	18.869868
0.17	0.412860555	0.061996625	-0.0123162176	0.00306123821	0.476131973	-1.20350394	6.26896984	0.34179929	0.040486699	0.0316318963	20.376879
0.18	0.389933335	0.068859112	-0.0127415404	0.0028967489	0.472582293	-0.970622124	6.71473322	0.338558524	0.0459128401	0.0305473643	20.624224
0.19	0.36774246	0.0758402138	-0.0130566894	0.00255596678	0.469273267	-0.661012503	7.20391607	0.335362112	0.0600755114	0.0296825119	20.583158
0.2	0.346592262	0.0830327886	-0.0132651658	0.00211599738	0.466604827	-0.420143797	7.6524021	0.331994136	0.0619866662	0.0286829756	20.294974
0.21	0.326757236	0.0902652133	-0.0133818799	0.00155946332	0.464600778	-0.209979165	8.06060846	0.328691087	0.0672462424	0.028060163	20.243425
0.22	0.308515407	0.097214871	-0.0134922913	0.000793777534	0.46296381	0.0659603082	8.37657115	0.325703309	0.0719063252	0.0277812466	21.270959
0.23	0.291968276	0.103823417	-0.013586348	-6.3540278e-05	0.46219111	0.25573703	8.69900024	0.323138334	0.063359853	0.0279414097	20.278874
0.24	0.277260876	0.109843158	-0.013624364	-0.00092466943	0.461889808	0.305828122	8.92814456	0.32103473	0.0476416308	0.0282383868	19.067401
0.25	0.26418307	0.114944433	-0.0133982729	-0.00170065011	0.46179781	0.253636805	9.20204637	0.319760729	0.0645114498	0.0289719723	19.119803
0.26	0.252766736	0.119434976	-0.0131488997	-0.00253098658	0.462564259	0.207789114	9.41151354	0.31895087	0.0437123703	0.0292177229	18.316279
0.27	0.242975834	0.123185684	-0.0128451266	-0.00339508808	0.463894697	0.140322229	9.54545851	0.318695572	0.0651689189	0.0300545651	18.885817
0.28	0.234538118	0.126035833	-0.0125091348	-0.00435112268	0.46562681	0.121348499	9.72233291	0.318971975	0.0837113989	0.0313035445	19.181191
0.29	0.227396039	0.128271624	-0.0120634586	-0.00532301811	0.467995911	0.0586909672	9.83534484	0.319465327	0.0544764462	0.032158712	17.90644
0.3	0.221467223	0.129927192	-0.0114603276	-0.00628250291	0.470808264	-0.0369859224	9.86713626	0.320253026	0.0521579579	0.0334706721	17.886784
0.31	0.216664702	0.131060925	-0.0107291655	-0.00723825479	0.474023312	-0.142161285	9.82245393	0.321294064	0.0414627398	0.035164289	19.390273
0.32	0.212838646	0.131744613	-0.00993306089	-0.00818119856	0.477670791	-0.253687863	9.73930084	0.32260762	0.0559318508	0.0371596132	19.808127
0.33	0.209856812	0.132026319	-0.00906241191	-0.00910681601	0.481581582	-0.367157624	9.5904329	0.323677082	0.0516351297	0.0392324746	22.468062
0.34	0.207684481	0.131817182	-0.00818280075	-0.0100962172	0.485318214	-0.405988605	9.29145604	0.324481339	0.0813824493	0.0414800611	19.834477
0.35	0.205980593	0.131201125	-0.00717408567	-0.0109716116	0.48887213	-0.526237976	8.99878597	0.325499811	0.0416814027	0.0442251117	19.465057
0.36	0.204602597	0.130400522	-0.00617417396	-0.0118244714	0.49250594	-0.638247677	8.61906617	0.32647215	0.0727204265	0.0462478943	19.255578
0.37	0.203342684	0.129443307	-0.00520911356	-0.0126472452	0.496068843	-0.768660026	8.18303814	0.326642008	0.0785873716	0.0486475343	18.049845
0.38	0.20192024	0.1283391	-0.00429859846	-0.0134687659	0.499389963	-0.89406335	7.75087016	0.326806467	0.060880693	0.0510463761	20.599965
0.39	0.20006577	0.127162492	-0.00341878771	-0.0142774109	0.502395499	-1.02829893	7.30884436	0.326994752	0.0959507208	0.0528803753	20.032081
0.4	0.197536264	0.126006916	-0.00254963027	-0.0150881439	0.505047941	-1.12836073	6.85489811	0.327152825	0.0880138694	0.0543356064	18.9397
0.41	0.194091023	0.124956531	-0.00170794559	-0.0159003858	0.50734265	-1.19751659	6.40686521	0.327275117	0.075820906	0.0554785993	18.665275
0.42	0.189520085	0.124129139	-0.000878538108	-0.0167031068	0.509334926	-1.2379028	5.96286494	0.327284642	0.0576022774	0.0562373665	19.376131
0.43	0.183673724	0.123623351	-6.90204234e-05	-0.0175071069	0.511076126	-1.23430186	5.50726867	0.327091771	0.0910537058	0.0567507492	19.734131
0.44	0.176431117	0.123522935	0.000750912839	-0.0183033339	0.512539442	-1.18404337	5.04196921	0.326643027	0.0957523905	0.0572522806	21.375938
0.45	0.167700395	0.123885417	0.00158846002	-0.0190809409	0.513692597	-1.10926051	4.5687202	0.325904331	0.0906205038	0.0576803607	20.619113
0.46	0.157377549	0.124779918	0.00240585874	-0.0198222769	0.514592854	-1.04493859	4.12899289	0.324925686	0.102991963	0.0579950173	18.45069
0.47	0.145437594	0.126268609	0.00307930546	-0.0204711818	0.515644158	-1.06651225	3.67679509	0.323588639	0.132250726	0.057894753	19.184487
0.48	0.131926677	0.1283931	0.00361672648	-0.0210034016	0.516861882	-1.13950821	3.20481535	0.321011055	0.10358924	0.0583804927	19.873476
0.49	0.116736951	0.131428558	0.00402967375	-0.0215073181	0.518778878	-1.08336094	2.85348223	0.316884809	0.0712585346	0.0593896209	21.709743
0.5	0.100023627	0.135155912	0.00435936	-0.0220330112	0.520928111	-0.916270521	2.52562876	0.312248306	0.0546136381	0.0598865891	19.904399
0.51	0.0818129057	0.139595832	0.00456598197	-0.0224816173	0.523391044	-0.825072671	2.34017588	0.307199168	0.0822297283	0.060500965	18.39322
0.52	0.0623959317	0.145222317	0.00471335896	-0.0228837204	0.526244389	-0.727309884	2.18438371	0.301993934	0.0788248681	0.0176914266	17.783553
0.53	0.0421409363	0.152269622	0.00483551206	-0.0232445068	0.529281468	-0.620338812	2.03788567	0.29669913	0.0559237781	0.0139557814	21.959467
0.54	0.0216053265	0.160771941	0.00490902574	-0.0235857745	0.532385552	-0.48454761	1.91489147	0.291459707	0.0468071455	0.0116473145	17.989536
0.55	0.0104807778	0.171902061	0.00494839761	-0.0239162399	0.535187782	-0.307134586	1.94174203	0.287640496	0.0498713426	0.0102447645	18.865315
0.56	0.0195307025	0.182643043	0.00488332697	-0.0242370397	0.537755112	-0.117425922	2.02535079	0.284746765	0.0655808627	0.00858723073	18.70078
0.57	0.0308874094	0.191263777	0.00468464508	-0.0245393756	0.540193937	0.0533797569	2.09536792	0.282690262	0.0621324218	0.00709208737	18.94208
0.58	0.0386807581	0.196805065	0.00435199522	-0.0248252793	0.54245447	0.211317899	2.13721316	0.281481952	0.0611805966	0.00615441646	16.957343
0.59	0.0425192205	0.198980743	0.00392511584	-0.0251051764	0.544609643	0.364304217	2.14097747	0.280989409	0.0678070293	0.00565497657	18.711762
0.6	0.0426521383	0.198053339	0.00343470866	-0.0253670078	0.546469582	0.491129237	2.11646305	0.281241848	0.0898713129	0.00547708713	17.095148
0.61	0.0396090483	0.194425124	0.0028962636	-0.0256096555	0.547916318	0.575505397	2.07923905	0.282288061	0.0946644177	0.00536434366	18.757011
0.62	0.0345349112	0.188545181	0.00232213862	-0.0258531671	0.548964339	0.633578389	2.0534878	0.284051389	0.0889360335	0.00516958122	24.827284
0.63	0.029878914	0.180975422	0.00173512842	-0.026087236	0.549528595	0.648094956	2.01956493	0.286297122	0.0711792679	0.00491850041	24.731332
0.64	0.0288613466	0.172509316	0.00112398535	-0.0263150391	0.549712299	0.636408817	1.99768529	0.288851776	0.117372567	0.00467465052	23.217218
0.65	0.0330872215	0.163937181	0.000546352228	-0.0265468002	0.549502861	0.619618767	1.98131708	0.291508541	0.109280856	0.00442265669	18.430293
0.66	0.0407353282	0.155875997	1.39631513e-05	-0.0267804105	0.548831091	0.567637543	1.95773971	0.293517777	0.0939658419	0.0041504455	18.892444
0.67	0.0491942507	0.148819549	-0.000430937964	-0.0270160786	0.54771523	0.487094466	1.92059043	0.295268957	0.072549855	0.0038919815	21.483021
0.68	0.0568386574	0.143121861	-0.000765121504	-0.0272606815	0.546114656	0.405602208	1.8737997	0.296800953	0.105836945	0.00365874767	23.662104
0.69	0.0628356981	0.138942096	-0.000978390585	-0.0275146505	0.544061373	0.332513404	1.82003769	0.298090258	0.135679728	0.00344216777	19.37015
0.7	0.0668088349	0.136258546	-0.00108931465	-0.0277657894	0.541673202	0.265870787	1.76220957	0.299103916	0.0985272463	0.00333643663	18.624422
0.71	0.068644449	0.134968481	-0.00112495383	-0.0280234318	0.53902916	0.236943464	1.72129603	0.299870078	0.0913343819	0.00343162629	20.023557
0.72	0.068414337	0.134881339	-0.00108243427	-0.0282964047	0.536108004	0.24636537	1.69484114	0.300376435	0.112417818	0.00376205168	19.774807
0.73	0.0662885701	0.135770291	-0.000953363395	-0.0285828102	0.532826458	0.274272352	1.66582488	0.300588727	0.125290693	0.0043628771	22.894578
0.74	0.0624596327	0.137441812	-0.000758765454	-0.0288771836	0.529199809	0.300567087	1.62522084	0.300481642	0.0789416253	0.00517354692	18.922844
0.75	0.0569397093	0.139996666	-0.000768086837	-0.029188984	0.526757961	0.328141066	1.67757053	0.300058086	0.0577947491	0.00607380469	18.427724
0.76	0.0498831561	0.143281647	-0.000904513421	-0.0294384119	0.525008146	0.264002486	1.70974881	0.299139195	0.0573409694	0.0062424462	18.902384
0.77	0.0414176625	0.147564757	-0.00115542879	-0.0297625128	0.523916527	0.264791836	1.88844063	0.298203178	0.0727157494	0.00567059361	18.974616
0.78	0.0318305952	0.152578287	-0.00142589578	-0.0300397086	0.523718542	0.189275931	2.0527628	0.296789415	0.0689520218	0.00532425566	18.816749
0.79	0.0216266779	0.158219988	-0.00164265527	-0.0302849222	0.524126646	0.093949831	2.14772865	0.294867638	0.102871274	0.00450379878	19.458926
0.8	0.0123395323	0.165054026	-0.00180864348	-0.0305032496	0.525051504	-0.00694397836	2.24843678	0.293295322	0.0410527888	0.00340816337	18.804658
0.81	0.00842226863	0.171965587	-0.001972072	-0.0306884796	0.526413251	-0.122928322	2.33310365	0.29193247	0.0465191119	0.00247613376	20.313588
0.82	0.0131523777	0.178170223	-0.00216811489	-0.0308400327	0.528136397	-0.236864226	2.38900388	0.290771565	0.0473025261	0.00176109302	19.21321
0.83	0.0192152448	0.183120545	-0.0024103611	-0.0309706206	0.53013338	-0.330218791	2.42553331	0.289522433	0.0544113201	0.00165999725	20.869154
0.84	0.0237770153	0.186440442	-0.00271829536	-0.0310957576	0.532259861	-0.393598216	2.43727513	0.288645143	0.0535090803	0.00230154292	18.705234
0.85	0.025891049	0.187913433	-0.00305070335	-0.0311154293	0.533886032	-0.537862638	2.48443626	0.288309754	0.124884182	0.00318229016	20.59485
0.86	0.0258914038	0.187590151	-0.0034153059	-0.0311547005	0.535296435	-0.61204613	2.4954049	0.288381052	0.115307061	0.0033966541	18.648181
0.87	0.0241231545	0.185674227	-0.00378706781	-0.0312133556	0.536418623	-0.643159169	2.4734303	0.28883604	0.0950828477	0.00360009985	19.679481
0.88	0.0213593604	0.182454287	-0.00414317379	-0.031299541	0.537240652	-0.62800687	2.40923512	0.289603478	0.0880507455	0.00369130658	18.821266
0.89	0.0189423984	0.178274622	-0.0044526611	-0.0314108706	0.537785512	-0.576922273	2.29518361	0.290596593	0.061534711	0.00374153794	21.754183
0.9	0.0185673617	0.173487642	-0.00473141979	-0.0315314583	0.538158828	-0.520914501	2.154994	0.291684131	0.0726366756	0.00378891725	19.740634
0.91	0.0211229709	0.168422168	-0.00499602233	-0.0316533731	0.53838122	-0.46493273	2.01257064	0.292655955	0.0804177408	0.00378454678	22.494048
0.92	0.0259533372	0.163395632	-0.00524391098	-0.0317736789	0.538474667	-0.407920257	1.87293834	0.293661826	0.0564708439	0.0037120779	20.651431
0.93	0.0318121324	0.158659838	-0.00551077994	-0.0319059101	0.538499087	-0.341423707	1.74106608	0.294648882	0.122713889	0.00360954572	18.972111
0.94	0.0375535833	0.154401806	-0.00584162501	-0.0320366286	0.538471514	-0.317599796	1.65018919	0.295611422	0.0821174968	0.00355301387	21.424194
0.95	0.0426555612	0.150815484	-0.00619349008	-0.0321556856	0.538393725	-0.337877029	1.58612353	0.296479522	0.108365585	0.0034447776	20.253738
0.96	0.0468266669	0.147978877	-0.00658297883	-0.0322784332	0.538210225	-0.367845756	1.53208218	0.297210856	0.101020612	0.00338875962	25.152044
0.97	0.0500007886	0.145922998	-0.00692251996	-0.0324161977	0.537721399	-0.374865314	1.44301323	0.297736978	0.133093705	0.003446264	23.817907
0.98	0.0521400855	0.144626492	-0.00719227998	-0.0325525444	0.536959981	-0.370124106	1.32540595	0.298071954	0.137531739	0.00353645562	19.304807
0.99	0.0533362608	0.144001835	-0.00737877488	-0.032686834	0.535912863	-0.335930729	1.17522122	0.298226246	0.0633114946	0.00364151466	19.949303
1	0.0541611974	0.143939636	-0.00757112826	-0.0327597609	0.53493368	-0.412094057	0.94607669	0.298135079	0.0445672524	0.00373583522	22.663714
1.01	0.0544537821	0.144421251	-0.00779077597	-0.0328921207	0.534473587	-0.38392339	0.779108632	0.298028584	0.0616067041	0.00424246084	25.489073
1.02	0.0540827859	0.145135357	-0.00804186368	-0.0330204225	0.534030779	-0.402238498	0.704877303	0.297995457	0.0716019024	0.0042808617	21.72076
1.03	0.053472904	0.145967611	-0.00833945453	-0.0332544456	0.533697325	-0.283948423	0.614300876	0.297877885	0.0545708962	0.00413348444	25.573274
1.04	0.0526523874	0.146883917	-0.0086849656	-0.0335336998	0.533658979	-0.208129861	0.580609516	0.297801788	0.0565744909	0.00382576979	24.125719
1.05	0.0516489839	0.147848801	-0.00914730044	-0.0338917766	0.534110126	-0.115457722	0.619145883	0.297794725	0.104762924	0.00371932854	24.369133
1.06	0.0506068567	0.148823968	-0.00965311265	-0.034334967	0.534888071	0.00297267727	0.69202228	0.297816383	0.0423568996	0.00367154572	23.628697
1.07	0.049641477	0.149769804	-0.0101841165	-0.0348522912	0.535950884	0.130656188	0.788714094	0.297866964	0.050078792	0.00363472925	22.117856
1.08	0.0488873036	0.150632675	-0.0107298776	-0.035463308	0.537215077	0.275406416	0.889591776	0.297940342	0.0357332316	0.00364742552	21.202151
1.09	0.0484735441	0.151349525	-0.01131279	-0.0361605951	0.538648999	0.433918045	0.98488733	0.298040883	0.0626993068	0.00372060446	22.123145
1.1	0.0486048728	0.151839906	-0.0118700956	-0.0369400002	0.540002715	0.576276501	1.03552162	0.298138375	0.0970182732	0.00386278516	23.501303
1.11	0.0491964108	0.152032496	-0.0124165126	-0.037758958	0.541234943	0.68071356	1.06864286	0.298286892	0.120508303	0.00402465274	22.328052
1.12	0.0496409177	0.151869552	-0.0128676658	-0.0386761871	0.541890187	0.838704981	1.13848382	0.298603546	0.120554739	0.00410667823	23.284209
1.13	0.0502986387	0.151402956	-0.0132636593	-0.0396252898	0.542403299	0.931204617	1.1934296	0.298922656	0.117702117	0.00369816203	19.797994
1.14	0.0511256808	0.150710018	-0.0136161538	-0.04059262	0.542755033	0.974260711	1.24255895	0.299178703	0.0674815275	0.00341919334	25.025006
1.15	0.0520692511	0.149882515	-0.0139142631	-0.0415760144	0.542959356	0.973921757	1.28585813	0.299418741	0.107989827	0.00316910491	25.500406
1.16	0.0529563446	0.148990424	-0.0141661732	-0.04258329	0.542977849	0.956501204	1.33538471	0.299677883	0.0914833958	0.00293218617	21.821858
1.17	0.0536086606	0.148112326	-0.0144192792	-0.0436149445	0.542888201	0.937979533	1.40959599	0.299957237	0.0735430931	0.00265036624	25.020838
1.18	0.0539793719	0.147356614	-0.0146869154	-0.044663689	0.54277595	0.911205269	1.50153616	0.300226594	0.076769932	0.00233107973	22.632521
1.19	0.053962259	0.146810607	-0.0149970752	-0.0457295816	0.542696342	0.893122255	1.61454117	0.300478266	0.0940629897	0.00207123326	24.052477
1.2	0.0536357668	0.146520066	-0.0153113104	-0.0467822643	0.54250363	0.84636442	1.70571558	0.300665284	0.101959283	0.00188922865	22.549953
1.21	0.0529362149	0.146522093	-0.0156138079	-0.0478136448	0.542238756	0.782810111	1.77959884	0.300783651	0.130543857	0.00185022619	22.678201
1.22	0.0518734197	0.146813553	-0.015879421	-0.048824093	0.541821664	0.70763626	1.83085004	0.300840972	0.116349533	0.00189016395	21.284478
1.23	0.0505044269	0.147334272	-0.0161271269	-0.0498024373	0.54121302	0.614358779	1.85701021	0.300843958	0.121582063	0.00200238154	23.850076
1.24	0.0490613697	0.148015553	-0.0163275661	-0.0507156394	0.540329113	0.474220516	1.82318465	0.30076568	0.0896628638	0.00217863954	23.757926
1.25	0.0476680389	0.148772476	-0.0164800729	-0.0515713727	0.539171016	0.316039488	1.7379456	0.300638842	0.0690532302	0.00234291121	24.775214
1.26	0.0462211269	0.149716636	-0.0167205464	-0.0523233313	0.538768047	0.130051904	1.72873315	0.300563634	0.0666292438	0.00255806319	24.588754
1.27	0.0443190198	0.150682702	-0.0170091357	-0.0530542747	0.538460373	0.0142452797	1.82846465	0.30062188	0.0806958794	0.00247840843	22.809611
1.28	0.0425351052	0.151644228	-0.0173525423	-0.0536697132	0.53842866	-0.146842829	1.90608367	0.300576246	0.0539359423	0.00236817717	25.565912
1.29	0.0409240303	0.152598493	-0.0177539336	-0.054189185	0.538545876	-0.265020911	1.97781544	0.300516289	0.0693382256	0.00216250805	22.049202
1.3	0.0396166535	0.153511911	-0.0182223507	-0.0546075319	0.538807786	-0.359185808	2.03339072	0.300448192	0.0440895834	0.00214062858	24.549024
1.31	0.0386226349	0.154294111	-0.0187937653	-0.0549003482	0.539132712	-0.457320022	2.07808526	0.300398823	0.0762660875	0.00220480463	21.991173
1.32	0.0381151856	0.154909231	-0.0194807613	-0.0550671045	0.539612988	-0.553323029	2.09628993	0.300345382	0.0597638513	0.00232565501	21.868702
1.33	0.037982848	0.155342265	-0.0202924595	-0.0550867277	0.54039107	-0.650739677	2.12723261	0.300329779	0.100322911	0.00261777896	23.539183
1.34	0.0383658741	0.155555556	-0.0211916252	-0.0549479118	0.541376767	-0.761468106	2.14041788	0.30032203	0.0494956733	0.00303528005	20.528738
1.35	0.0393270728	0.15551247	-0.0221355423	-0.0546686403	0.542495367	-0.89663175	2.12835698	0.300333255	0.128095587	0.00354875736	21.017854
1.36	0.040788298	0.155126687	-0.0230936986	-0.0542739734	0.543513911	-1.01647987	2.09676033	0.30039729	0.097511317	0.004020017	19.553244
1.37	0.0424673264	0.154318856	-0.0240430189	-0.0537938644	0.544219936	-1.09395367	2.07012031	0.300548737	0.109092338	0.00438071073	17.764668
1.38	0.0441465302	0.153088507	-0.0249735134	-0.0532649484	0.544590781	-1.15201345	2.06216255	0.300779165	0.0887579581	0.00449493254	19.691983
1.39	0.0457788192	0.151491783	-0.0258453302	-0.0527002716	0.54449258	-1.16793772	2.05716081	0.301056207	0.126250902	0.00432437705	17.612347
1.4	0.0474679128	0.149668607	-0.0266140891	-0.0521237254	0.543963386	-1.14243348	2.03217272	0.301338999	0.0963164948	0.00396048234	17.957869
1.41	0.0492429873	0.147743959	-0.0272489922	-0.0515477619	0.543005629	-1.08941263	1.97285557	0.301607779	0.102975487	0.0035369313	19.294819
1.42	0.0510405281	0.145818951	-0.0277785953	-0.0509924946	0.541738412	-1.00444834	1.88645411	0.30185508	0.0523561731	0.00310335592	16.730012
1.43	0.0526452563	0.143978873	-0.0282888245	-0.0504702599	0.540359278	-0.91245526	1.81129859	0.302109854	0.110802209	0.00274842866	19.265501
1.44	0.0539482683	0.142328636	-0.0288248382	-0.0500060438	0.53903258	-0.801520626	1.75320758	0.302346662	0.116765344	0.00245866283	16.656251
1.45	0.0548707775	0.140993933	-0.0293639809	-0.0495919925	0.537834371	-0.697633974	1.70797127	0.30254965	0.0994833449	0.00225022205	18.831829
1.46	0.0553238995	0.140005073	-0.0298987269	-0.0492233451	0.536663383	-0.622868298	1.67017312	0.302719996	0.0943586184	0.00203040913	18.554155
1.47	0.0552078425	0.139347054	-0.0304708364	-0.0489046932	0.535535742	-0.566812102	1.65127067	0.302857177	0.109123477	0.00176380878	21.54745
1.48	0.0545179995	0.139046028	-0.0310416553	-0.0486384851	0.534438784	-0.540519274	1.64554028	0.302950067	0.118116972	0.0015417106	18.489639
1.49	0.0533428132	0.139074638	-0.0315911777	-0.0484202755	0.533274413	-0.534496716	1.63436119	0.302986119	0.069675288	0.00139850273	17.654901
1.5	0.0511961705	0.139491895	-0.0322422051	-0.0483264802	0.532572261	-0.382033909	1.7824343	0.303153927	0.0514182573	0.00140798461	19.612265
1.51	0.0486034556	0.140241565	-0.0329555673	-0.0483492909	0.532138203	-0.164559425	1.90433913	0.303134926	0.0668090313	0.00135230919	18.003819
1.52	0.045170633	0.141325994	-0.033666406	-0.0483150379	0.531857867	-0.0727870164	2.11251135	0.303126324	0.0575769804	0.00125161848	18.646883
1.53	0.0413596144	0.142861772	-0.0344131873	-0.0483581676	0.5321784	0.0412500709	2.32244297	0.302984613	0.0523001829	0.00125149209	18.983178
1.54	0.0373762343	0.144803449	-0.0351779758	-0.0484843107	0.532920026	0.174582043	2.52069952	0.30277084	0.0420531676	0.00107349741	18.410866
1.55	0.0336286436	0.147036957	-0.0359235446	-0.0486985241	0.533938571	0.329676312	2.66589845	0.302482278	0.0706426283	0.000828523819	18.313068
1.56	0.0304804624	0.149378825	-0.0366680971	-0.0489901008	0.535234649	0.505737363	2.76730078	0.302170354	0.0527257154	0.000874293111	19.518622
1.57	0.0285013773	0.151592682	-0.0374004372	-0.0493765778	0.536669116	0.697328463	2.79336533	0.301837539	0.0741549328	0.00142763564	18.189002
1.58	0.0281387318	0.153427553	-0.0381130106	-0.0498716585	0.538152022	0.906880198	2.73513206	0.301519102	0.0367215164	0.00228145112	17.484856
1.59	0.0294815211	0.154627792	-0.0388432129	-0.0504885792	0.539674224	1.13717097	2.60947293	0.301272934	0.0507458444	0.0032436787	18.815497
1.6	0.0315879452	0.154960712	-0.0395771449	-0.0512739496	0.540899149	1.44505649	2.49890969	0.301261035	0.115811014	0.00420458683	17.457018
1.61	0.0344609867	0.15429638	-0.0403377058	-0.0521453181	0.542032053	1.67431903	2.3717545	0.301335994	0.0747568982	0.00464228229	18.038066
1.62	0.0379415045	0.15269547	-0.0410771287	-0.0530723636	0.542937219	1.83702943	2.24048227	0.301544225	0.104356336	0.00497197686	18.294548
1.63	0.0418115296	0.150227962	-0.0417928331	-0.0540293031	0.54349872	1.92433118	2.1256584	0.301900352	0.121432346	0.00507881272	17.972092
1.64	0.0461409916	0.147059514	-0.0424683085	-0.0549969272	0.543690566	1.93596028	2.01407412	0.302353454	0.0975441169	0.00491148056	18.275619
1.65	0.0508966419	0.143433313	-0.0430659289	-0.0559655668	0.543525042	1.8912817	1.90238509	0.302867104	0.0724947421	0.00459093701	17.54204
1.66	0.0558957193	0.139585317	-0.0436065683	-0.0569368025	0.543042231	1.81080026	1.80068347	0.303325733	0.106927207	0.00416601202	19.658757
1.67	0.0608094439	0.135750124	-0.0440687194	-0.0579259934	0.542237694	1.71595554	1.71645615	0.303609669	0.0786221211	0.00369007693	17.719004
1.68	0.0654742039	0.132157339	-0.0444575532	-0.05891921	0.541171789	1.59122828	1.63310703	0.303865756	0.104612045	0.00316278646	19.750662
1.69	0.0695302202	0.128959828	-0.0448017992	-0.0599260901	0.539845065	1.44399039	1.56445374	0.304106685	0.126367052	0.00272271123	21.423926
1.7	0.0726826641	0.126304293	-0.0450964753	-0.0609491575	0.538320439	1.29013404	1.51426059	0.304311893	0.0888636672	0.0023676466	18.729081
1.71	0.0746089353	0.124312171	-0.0454038739	-0.0620070697	0.536734504	1.17263304	1.52517468	0.30454525	0.117501288	0.0021513034	18.064063
1.72	0.0751756937	0.123062906	-0.0457383241	-0.0630972965	0.535127828	1.08027145	1.60070165	0.304818161	0.120671905	0.0021367616	16.840509
1.73	0.0743318871	0.122535678	-0.0460987347	-0.0642121288	0.53339649	0.999816318	1.71825722	0.305082627	0.124542134	0.00236831112	17.38511
1.74	0.0721894014	0.122524929	-0.0464549406	-0.0652830435	0.531056318	0.836781808	1.77484266	0.305124424	0.0926450243	0.00279029215	17.947347
1.75	0.0684443477	0.123459142	-0.0468880586	-0.066265025	0.529243439	0.584439299	2.05448016	0.305548782	0.0535190369	0.00317304389	17.591872
1.76	0.0632114326	0.125158378	-0.0473494733	-0.0672650434	0.528208978	0.420401723	2.37971267	0.305681767	0.057918174	0.00359747109	20.149424
1.77	0.056577836	0.127576088	-0.0477636188	-0.0682380024	0.527762565	0.231627287	2.68858449	0.305396016	0.0896210559	0.00392641462	19.061824
1.78	0.0486267952	0.130739926	-0.048104656	-0.0691604764	0.52777752	0.0165299739	2.95369281	0.304696437	0.0400052481	0.00387036083	18.315651
1.79	0.0397782269	0.13492105	-0.0483765444	-0.0701000459	0.527780913	-0.128071479	3.26388848	0.304330269	0.0580635949	0.00349348481	16.386795
1.8	0.0307525095	0.139800712	-0.0486085281	-0.070970345	0.528186091	-0.325788431	3.49840321	0.303911183	0.0558042403	0.00341264577	19.130934
1.81	0.0223165909	0.145035306	-0.0488391538	-0.0717584911	0.528974291	-0.548087884	3.66645381	0.303514723	0.0610348037	0.00285511203	16.544664
1.82	0.0158147384	0.150219529	-0.0490801917	-0.072445897	0.530159128	-0.799349579	3.75725759	0.303141302	0.0762019194	0.00195904708	17.827482
1.83	0.0133134474	0.154871378	-0.0493992939	-0.0730201406	0.531667962	-1.08600333	3.77419292	0.302815834	0.0508629742	0.000800898781	18.554999
1.84	0.0152171733	0.158595933	-0.0498140761	-0.0734824232	0.533551078	-1.34527403	3.73716641	0.302379953	0.0397843141	0.000876527504	20.454641
1.85	0.018057296	0.16095844	-0.0503272792	-0.0737536616	0.535271679	-1.72535677	3.72364143	0.302091267	0.125354064	0.00233591053	19.570166
1.86	0.0206906923	0.161807711	-0.050959765	-0.0739626684	0.537004269	-2.0104033	3.68716347	0.301962431	0.123220004	0.00328621793	21.482256
1.87	0.0226269119	0.161143486	-0.0516934521	-0.0741575676	0.538581524	-2.22625567	3.64900716	0.302055027	0.125803577	0.00408705721	16.132401
1.88	0.024141387	0.159087618	-0.0525051922	-0.0743631763	0.539920473	-2.35418189	3.61562469	0.302352092	0.0714131907	0.00460697024	17.390246
1.89	0.0258136736	0.155872985	-0.0533739319	-0.0745740184	0.540957912	-2.40023031	3.59384574	0.302824108	0.096285328	0.00483817771	19.440365
1.9	0.0283424258	0.151838886	-0.0542735225	-0.0748068691	0.541724506	-2.34714143	3.57975322	0.303306549	0.10635374	0.00480351032	18.921223
1.91	0.0319804295	0.147356517	-0.0551636199	-0.0750613778	0.542232755	-2.20876424	3.57110843	0.303644134	0.0900986421	0.00461057654	18.458982
1.92	0.0364801121	0.142768186	-0.0560160333	-0.0753200082	0.542449887	-1.98087612	3.56546012	0.303987054	0.0771020961	0.00431996821	18.928842
1.93	0.0413874569	0.138368756	-0.0568311791	-0.0755874214	0.542366117	-1.67537709	3.55544271	0.304319396	0.0953518545	0.00396335647	18.521059
1.94	0.0462130354	0.134416426	-0.0575644042	-0.0758575362	0.54198156	-1.31176376	3.52617379	0.304612273	0.0769871626	0.00362857098	19.751128
1.95	0.050529294	0.131088967	-0.058223224	-0.0761392321	0.541363079	-0.905379561	3.47932932	0.304867004	0.0896309077	0.00334519396	20.820769
1.96	0.0541142505	0.128494147	-0.0587761329	-0.0764471676	0.540508298	-0.453461694	3.39302887	0.305052655	0.0865086432	0.00311550652	18.256112
1.97	0.0566289974	0.126580857	-0.0592202199	-0.0767540532	0.539284668	0.00902719093	3.29479655	0.305195234	0.152232274	0.00295957434	18.50113
1.98	0.0580908189	0.125368481	-0.0595382592	-0.077075372	0.537794269	0.479044094	3.17104339	0.305268001	0.122434217	0.0026958848	19.14432
1.99	0.0586965333	0.124791378	-0.0598132533	-0.0773238274	0.536350538	0.763989979	2.98937225	0.305189868	0.0894936828	0.00238728747	17.414859
2	0.0587376012	0.124774795	-0.0600263423	-0.0774647308	0.534920147	0.905662695	2.75590131	0.305052878	0.0606592266	0.00200632355	20.317225
2.01	0.0585584754	0.125092506	-0.0602373462	-0.077497005	0.533482165	0.924567023	2.48831626	0.304909451	0.0565205998	0.001678472	19.152161
2.02	0.0581125573	0.125628373	-0.0605285252	-0.0775202502	0.532577164	0.969386189	2.32937629	0.304901653	0.0474736707	0.00161350711	17.513305
2.03	0.0579341622	0.126167257	-0.0608775707	-0.0776012138	0.531815866	1.09760826	2.14190693	0.304813102	0.0630450352	0.00164974865	18.633205
2.04	0.0576113364	0.126534266	-0.0613076312	-0.077620315	0.531383873	1.11968697	2.07159072	0.304805805	0.0810932969	0.00179731947	19.30365
2.05	0.0576350801	0.126814509	-0.0618059277	-0.0776730606	0.531502393	1.1398018	2.00791729	0.304694509	0.0643538322	0.00182022999	19.90108
2.06	0.0581170806	0.127011319	-0.0623664845	-0.077757968	0.532028386	1.15751926	1.95228372	0.304578158	0.0451856303	0.00212094177	17.290372
2.07	0.0590169431	0.127073367	-0.0629921659	-0.0778794215	0.532861417	1.18544466	1.9184387	0.304508543	0.0326855194	0.00255731867	19.243766
2.08	0.060216627	0.126970336	-0.0636595277	-0.0780405499	0.533977738	1.23138399	1.92139459	0.304502196	0.0540322669	0.0030095018	17.219407
2.09	0.0617229271	0.126698542	-0.064328708	-0.0782310168	0.53534065	1.27036106	1.94862097	0.304534296	0.0417798268	0.00339995332	16.515694
2.1	0.0630322936	0.126139413	-0.0649828261	-0.0785039206	0.536414927	1.36045994	2.04338819	0.304721374	0.0899873886	0.00374246559	18.840377
2.11	0.0646364475	0.125340694	-0.0656390016	-0.0788136069	0.537373058	1.41481406	2.09595035	0.304819359	0.0976543812	0.0036915942	16.828973
2.12	0.066394109	0.124350456	-0.0662740547	-0.0791304689	0.537995479	1.44503449	2.12485248	0.304929392	0.0907780753	0.00373935273	18.436923
2.13	0.068210242	0.123191964	-0.0668916893	-0.0794395801	0.538218215	1.43218456	2.1372409	0.305009353	0.108316121	0.00362864327	21.049988
2.14	0.0698787362	0.121878312	-0.0675364406	-0.0797472153	0.538067533	1.38762179	2.15523019	0.305038873	0.113473719	0.00339187572	17.808771
2.15	0.0713556084	0.120509428	-0.0681769926	-0.0800549853	0.537557536	1.31951094	2.16108698	0.305059485	0.138384148	0.00306458132	19.308158
2.16	0.0725026548	0.119198567	-0.0688140043	-0.0803676943	0.536843753	1.24767762	2.16922879	0.305074891	0.106729216	0.00269522525	18.366775
2.17	0.073201343	0.118010011	-0.0694789429	-0.0806866374	0.535985181	1.1676066	2.18888873	0.305086001	0.0584256554	0.00229925773	19.054278
2.18	0.0734454546	0.11704434	-0.0701783925	-0.0809996843	0.535110107	1.06523767	2.2123012	0.305083599	0.120834323	0.00197044914	17.782769
2.19	0.0732469922	0.116386366	-0.0708810747	-0.0812957062	0.534252996	0.956750049	2.22571002	0.305071501	0.101514844	0.00179667971	19.667841
2.2	0.0725605009	0.116017973	-0.0716116901	-0.081582541	0.533396068	0.851689955	2.24233579	0.305068942	0.122995713	0.00176592879	17.52574
2.21	0.0714549485	0.115930791	-0.0723384495	-0.0818524884	0.532509585	0.743716133	2.25343804	0.30506746	0.100318751	0.00185197058	17.390924
2.22	0.0700211184	0.116065758	-0.0730804599	-0.0821015594	0.531531457	0.640784145	2.25784994	0.305076446	0.143221807	0.0020262282	16.567929
2.23	0.0683206979	0.116349728	-0.0738336199	-0.0823340662	0.530405294	0.553414492	2.26163256	0.30509777	0.0848433405	0.00229099793	18.948247
2.24	0.0664547151	0.116734551	-0.0745757455	-0.0825511754	0.529122323	0.486638433	2.26353519	0.305118232	0.0937635427	0.00264349442	19.083711
2.25	0.0643499207	0.117356288	-0.0754676627	-0.0827560328	0.528791192	0.427377739	2.37443368	0.305175473	0.042983469	0.00314816823	23.132144
2.26	0.0624468564	0.118161366	-0.0764019464	-0.0828809261	0.528859409	0.300261939	2.45574731	0.305152658	0.0553078894	0.00343454557	21.13496
2.27	0.0603080786	0.119086416	-0.0773707071	-0.0830635755	0.529252122	0.294078924	2.64782419	0.305282452	0.0636503609	0.00347972788	18.592902
2.28	0.0584828724	0.12014785	-0.078344309	-0.0831719107	0.530294808	0.205655395	2.80665087	0.305241412	0.0658688612	0.00343377619	17.330511
2.29	0.0569440583	0.121311986	-0.0792972303	-0.0831901514	0.531797103	0.0753339112	2.9701538	0.305203506	0.07702963	0.00341928419	19.060239
2.3	0.0558287129	0.122484074	-0.0802092074	-0.0831252827	0.533625453	-0.0785021279	3.12373982	0.305179754	0.0381684158	0.00346326834	17.347661
2.31	0.0553476252	0.123531272	-0.0810807478	-0.0829840291	0.535638699	-0.245443425	3.24073554	0.305161462	0.0570829603	0.003609341	20.961446
2.32	0.0556307396	0.124313077	-0.0818332735	-0.0827761977	0.537579332	-0.387896711	3.30229979	0.305154089	0.0804460967	0.00387637161	19.660366
2.33	0.0566222568	0.124665689	-0.0825006217	-0.0825053241	0.539444387	-0.520806543	3.3356717	0.30516876	0.0808550017	0.00413002844	16.110906
2.34	0.0583606881	0.124465766	-0.0831144816	-0.0821871304	0.541164627	-0.63876124	3.33780798	0.305182545	0.0756610445	0.00428911086	17.970949
2.35	0.0606622721	0.123646554	-0.0836763367	-0.0818348356	0.542666798	-0.746296507	3.33919079	0.305220225	0.115736428	0.00439454924	18.2232
2.36	0.063534337	0.122239748	-0.0841607598	-0.0814654346	0.543883578	-0.832868696	3.32735227	0.305253118	0.103119441	0.00431688836	17.514995
2.37	0.066907064	0.120338804	-0.0845821162	-0.0810911733	0.544909166	-0.906056515	3.31320985	0.305269708	0.0988629211	0.00410699473	18.344731
2.38	0.0706845517	0.118053914	-0.0849422944	-0.0807251037	0.545672984	-0.965085935	3.29472277	0.305265062	0.12109962	0.00384565918	17.201884
2.39	0.0747927213	0.115550483	-0.0852076668	-0.0803711257	0.546118862	-1.00450686	3.25637212	0.305233013	0.108181266	0.00354533537	18.1241
2.4	0.0790829696	0.112972476	-0.0854223286	-0.0800459484	0.546283061	-1.0277146	3.20398657	0.305194041	0.0867820152	0.00321863602	21.348218
2.41	0.0832670131	0.110405044	-0.0856269414	-0.0797613356	0.546117792	-1.04820341	3.15299538	0.305154681	0.119358892	0.00293109041	19.058802
2.42	0.087189334	0.107988889	-0.0858190891	-0.0795323957	0.545594818	-1.03335899	3.08289904	0.305095537	0.061242724	0.00269388743	17.502926
2.43	0.0906104114	0.105821982	-0.0860351909	-0.0793764363	0.544747961	-0.993053061	3.00569867	0.305036861	0.104883976	0.0025261328	22.311004
2.44	0.0932765762	0.103970353	-0.086353557	-0.0793164704	0.543706531	-0.950289505	2.95053592	0.304998605	0.112981866	0.00244469452	18.42832
2.45	0.0949527427	0.102500159	-0.0867502345	-0.0793191625	0.542451974	-0.936360416	2.93024509	0.304988416	0.115337352	0.00250595394	18.372617
2.46	0.0955133711	0.101466025	-0.0872059369	-0.0793681706	0.540918724	-0.957227997	2.93809188	0.305004201	0.11304177	0.00271516946	18.16
2.47	0.0949343568	0.100902393	-0.0876987494	-0.0794710999	0.538998753	-0.978620922	2.94752869	0.30503066	0.126288272	0.00308370876	19.282449
2.48	0.0932512088	0.100851472	-0.0881944581	-0.0796189074	0.536733685	-0.987291758	2.94270458	0.305063598	0.140963682	0.00352358334	20.189767
2.49	0.0905143377	0.101265259	-0.0887138153	-0.0798249559	0.534120466	-0.977211467	2.9286672	0.305115406	0.0983061893	0.00401957349	19.442936
2.5	0.0868452372	0.102097813	-0.0892300594	-0.0801080963	0.531123288	-0.918874983	2.89222045	0.305176129	0.0892348841	0.0045897996	20.783021
2.51	0.082367919	0.10349352	-0.0899760545	-0.0804618664	0.529145213	-0.839823517	2.93729156	0.305232463	0.0404918208	0.00513090304	18.820141
2.52	0.0773376938	0.105384404	-0.0909029577	-0.080865817	0.52798842	-0.770883018	3.01691211	0.305239717	0.0597431403	0.0050991432	18.019706
2.53	0.0718498676	0.107554448	-0.0919327215	-0.0812558984	0.527085623	-0.706277235	3.14864357	0.305295467	0.0717636176	0.00478888913	17.380428
2.54	0.0663034734	0.10999849	-0.0930204174	-0.0817516712	0.526766188	-0.598232115	3.25712233	0.305250207	0.0476309587	0.00423192664	16.57493
2.55	0.0609428622	0.11260282	-0.0941385478	-0.0823610839	0.526942925	-0.440295983	3.36691403	0.305224743	0.0726907604	0.0036056481	17.266166
2.56	0.0561010212	0.115185542	-0.0952955562	-0.0830798784	0.527555864	-0.237449217	3.47491764	0.305228963	0.0297181616	0.00315120083	17.704568
2.57	0.0522140572	0.117568274	-0.0964817241	-0.08388848	0.528561138	-0.0268199675	3.55898491	0.30524275	0.045206661	0.00296291905	19.149692
2.58	0.0494924179	0.119559309	-0.0977078756	-0.0847684279	0.529987646	0.182650053	3.63714789	0.305277584	0.052385292	0.00316649856	22.056829
2.59	0.0483033149	0.121002128	-0.0989637669	-0.0857234034	0.53171696	0.372552622	3.67126156	0.305308887	0.0720565078	0.00368852064	18.37365
2.6	0.048764465	0.121756655	-0.100183896	-0.0867406344	0.533497674	0.579298507	3.64481232	0.30536452	0.130743347	0.00448286729	19.058103
2.61	0.0506132235	0.121623111	-0.101371512	-0.0877665829	0.535158776	0.777625514	3.59588006	0.305459418	0.103716	0.00525421403	18.617196
2.62	0.0530071423	0.120442428	-0.10244428	-0.0888524043	0.536171262	1.04608415	3.59081675	0.305668019	0.121654435	0.00577929964	17.912597
2.63	0.0563791003	0.118318431	-0.103476883	-0.0899150733	0.536987471	1.23477745	3.56850028	0.305749527	0.0500752959	0.00559261014	18.217989
2.64	0.0605063158	0.115502163	-0.104480289	-0.0909645237	0.537638817	1.3974902	3.56262944	0.305804731	0.135479192	0.00541495253	19.057082
2.65	0.0651845168	0.112211602	-0.105463843	-0.0919960102	0.538043375	1.51512704	3.57405109	0.305844073	0.101051811	0.0051684622	17.371499
2.66	0.0701876863	0.108708443	-0.106407841	-0.0930037647	0.538178177	1.57251116	3.59312579	0.305868433	0.075764039	0.00486001739	16.453363
2.67	0.0751155408	0.105191684	-0.107361659	-0.0939943859	0.538057938	1.56736623	3.6348201	0.305886765	0.0598467879	0.00451091157	17.392195
2.68	0.0796839445	0.101893077	-0.108312239	-0.0949542947	0.537674505	1.49519416	3.67811889	0.305885035	0.110198218	0.00414473765	18.503729
2.69	0.0835922642	0.0989758359	-0.109259248	-0.0958818199	0.536973666	1.35374779	3.71158995	0.305870536	0.106386816	0.0037998685	17.068363
2.7	0.0866549372	0.0965944625	-0.110166078	-0.0967665681	0.535972167	1.16118681	3.71559349	0.305841921	0.0732379146	0.00347311311	16.57479
2.71	0.0888002304	0.0947865351	-0.111053979	-0.0975869213	0.53465723	0.903086128	3.67451852	0.305794102	0.113937208	0.003180396	17.04674
2.72	0.0900367492	0.0935431495	-0.111879637	-0.0983255106	0.532959889	0.591535037	3.57835739	0.305735878	0.138411931	0.00295967281	20.08125
2.73	0.0904831631	0.0928112451	-0.112641741	-0.0989895946	0.530903969	0.27738316	3.43169628	0.305688412	0.149344995	0.00273789098	19.483652
2.74	0.0903213337	0.0924629629	-0.113347712	-0.0995786564	0.528486141	-0.0305302065	3.23930086	0.305649126	0.0634645866	0.00248695951	20.648535
2.75	0.0900000617	0.0925522848	-0.114100245	-0.100269687	0.52630028	-0.0917121102	2.97039401	0.305531437	0.0545112054	0.00221370596	18.006078
2.76	0.0892120836	0.0928408088	-0.115088855	-0.100869443	0.525087801	-0.24562123	2.87353816	0.305618431	0.133667404	0.00234428922	18.958957
2.77	0.0878334414	0.093082741	-0.116191986	-0.101428667	0.52417546	-0.390239769	2.91762724	0.305790474	0.064816658	0.00246703711	20.563486
2.78	0.0862750905	0.0933431543	-0.117434084	-0.101836221	0.523784499	-0.643288211	2.98078728	0.305809131	0.042746428	0.00238742905	17.202932
2.79	0.0846140908	0.0937072723	-0.118799801	-0.102142731	0.523936365	-0.862706455	3.07083039	0.305771721	0.0633014633	0.00258456391	17.545105
2.8	0.0830247023	0.0941993889	-0.120277322	-0.102395959	0.524609425	-1.0121944	3.17399627	0.305717392	0.0681370523	0.00299170486	17.317131
2.81	0.0817088405	0.094740248	-0.121902481	-0.102578442	0.525737207	-1.14499195	3.28325032	0.305666146	0.0729746049	0.00355376701	18.094316
2.82	0.080902566	0.0952748516	-0.1236668	-0.102684481	0.527357116	-1.27306176	3.38763656	0.305615074	0.0504771896	0.0042736775	17.589485
2.83	0.0808086106	0.0957107111	-0.125536283	-0.102720538	0.529389616	-1.38684088	3.48045973	0.305574193	0.0352676457	0.00514275539	18.098724
2.84	0.0815979667	0.0959196651	-0.127499984	-0.102673779	0.531725649	-1.49675732	3.55992523	0.305553472	0.0379239435	0.0060647094	15.861192
2.85	0.0830240549	0.0956342562	-0.129435035	-0.10246603	0.533710079	-1.65138571	3.6573294	0.305621792	0.140096583	0.00696191376	17.12522
2.86	0.0852120861	0.0948513917	-0.131342282	-0.102221973	0.535528663	-1.7013626	3.73705037	0.305654948	0.113017804	0.00737498126	16.762624
2.87	0.0881068245	0.0935810018	-0.133173664	-0.101952395	0.537053282	-1.68896012	3.80045734	0.3056872	0.0731673758	0.00764769548	16.996272
2.88	0.0916685928	0.0918794555	-0.134879037	-0.101658681	0.538178881	-1.61356794	3.83689092	0.305722148	0.0852138138	0.00771418516	18.989857
2.89	0.0958014018	0.0898075407	-0.136410828	-0.101331533	0.538813967	-1.48322321	3.83661871	0.305736515	0.16775119	0.00758343794	17.745932
2.9	0.10034974	0.0874308303	-0.137793892	-0.100971073	0.538928449	-1.31630254	3.81110467	0.30574478	0.126665278	0.00727103874	18.245157
2.91	0.105142912	0.0848667209	-0.139049141	-0.100580745	0.538597458	-1.12953293	3.76815369	0.30574761	0.070096598	0.00683499498	18.57942
2.92	0.110003747	0.0822503772	-0.140204041	-0.100174739	0.537896918	-0.923945933	3.70817423	0.305739231	0.0458730809	0.00634425983	19.711555
2.93	0.11466021	0.079707595	-0.141281249	-0.0997459215	0.53696573	-0.711548482	3.64851969	0.305721746	0.138261832	0.00587697255	18.104674
2.94	0.118876112	0.0773526126	-0.142285073	-0.0993099436	0.535823455	-0.513576969	3.59024715	0.305699546	0.109061119	0.0054276801	19.576297
2.95	0.122411812	0.0752719154	-0.143226588	-0.0988507544	0.534516108	-0.348072853	3.54300063	0.30568581	0.0830604908	0.00498143602	16.5272
2.96	0.12511887	0.0735414981	-0.14408915	-0.0983625529	0.533028205	-0.212701407	3.49481967	0.305669137	0.098394328	0.00450737823	16.817193
2.97	0.126858221	0.0721971912	-0.144854283	-0.0978304336	0.531381273	-0.106345106	3.45179358	0.3056558	0.107200951	0.00401649209	19.134902
2.98	0.127506053	0.0712143978	-0.145572344	-0.0972589599	0.529644248	-0.0365994547	3.44018314	0.305660762	0.139522458	0.00350419098	17.252113
2.99	0.126993392	0.0705696938	-0.146310798	-0.0966673803	0.527881393	0.0150790124	3.47294868	0.305673112	0.100914045	0.0030130063	20.090169
3	0.125597543	0.0704338148	-0.147105645	-0.095949927	0.526440239	-0.0790842276	3.45189205	0.305544718	0.0509673829	0.00263126127	22.421565
3.01	0.123849015	0.0708566599	-0.147861683	-0.0951717451	0.524748909	-0.166816249	3.27624708	0.305349402	0.0472337014	0.0024920675	20.165336
3.02	0.121552016	0.0716080856	-0.148719645	-0.0944017672	0.523797068	-0.201203812	3.23726353	0.305396234	0.0674367965	0.00245360202	21.067731
3.03	0.118760714	0.0723218406	-0.149630398	-0.0935833694	0.523032672	-0.284187021	3.32455493	0.305537609	0.0545691036	0.00239023782	19.458801
3.04	0.115812964	0.0731118647	-0.15054261	-0.0927967505	0.522762708	-0.29751678	3.41957631	0.305510344	0.0407300803	0.00226875004	19.348538
3.05	0.11286462	0.0739993418	-0.151447546	-0.0920351162	0.522888227	-0.280894111	3.52064087	0.305424296	0.0410779252	0.00220546302	17.377391
3.06	0.110134764	0.0750061986	-0.152344759	-0.0913169701	0.52348649	-0.228561866	3.61611718	0.305309983	0.0709936905	0.00221128591	19.700594
3.07	0.107840918	0.0760600344	-0.153268942	-0.0906620358	0.524524356	-0.14994488	3.70617917	0.305205471	0.0488321946	0.00235100736	19.623761
3.08	0.106137065	0.077018834	-0.154236863	-0.090080046	0.525853426	-0.0470689327	3.79745157	0.305136995	0.0448349858	0.00267496562	18.971534
3.09	0.105115255	0.0777641442	-0.155229299	-0.0895746935	0.527397043	0.0715073369	3.89498512	0.305101512	0.0584512419	0.00309349368	17.286561
3.1	0.104935596	0.0782210529	-0.156157343	-0.0891354578	0.528835815	0.210749965	3.95367713	0.30506548	0.120030335	0.00351318095	18.41841
3.11	0.105324689	0.078216153	-0.156972508	-0.0888304551	0.529813595	0.450364267	4.03361892	0.305147845	0.102497317	0.00382051805	19.407131
3.12	0.106459448	0.0778067004	-0.157599089	-0.0885908584	0.530432023	0.67971363	4.05805533	0.305144354	0.112878532	0.00377661257	17.271836
3.13	0.108193906	0.077009179	-0.158081787	-0.0883895825	0.530637263	0.904875987	4.06310476	0.305146622	0.102941762	0.00360920691	19.938996
3.14	0.110312546	0.0758306394	-0.15844572	-0.0882188295	0.530353855	1.11796609	4.06969317	0.305163251	0.12136791	0.00336592987	19.131874
3.15	0.112687065	0.0743911605	-0.158712383	-0.0880663488	0.529605011	1.30873375	4.06265437	0.305166912	0.124670277	0.00310185555	18.33313
3.16	0.115074553	0.0728301437	-0.158853861	-0.0879212784	0.528431273	1.47054668	4.04471143	0.305150296	0.120168758	0.00291365694	17.268363
3.17	0.117274724	0.0712998616	-0.158888157	-0.087766877	0.526924739	1.57523171	4.01237884	0.305107278	0.0622811892	0.00282459465	19.033718
3.18	0.119015549	0.069910841	-0.158849062	-0.087609162	0.525208387	1.61913521	3.98647977	0.305053389	0.104947761	0.00283178852	19.548172
3.19	0.120069343	0.0687564432	-0.158772733	-0.087456921	0.52332915	1.6050863	3.97575866	0.30500026	0.11132106	0.0029098567	20.500379
3.2	0.120243795	0.0679185218	-0.158643443	-0.0873129946	0.521263603	1.54931498	3.97634762	0.304946802	0.09802068	0.00306593787	19.724553
3.21	0.119402495	0.0674452857	-0.158483383	-0.0871759451	0.519039125	1.45488477	3.99086963	0.304889421	0.12438727	0.00330073597	22.95904
3.22	0.11745382	0.0673715428	-0.158322667	-0.0870433633	0.516748146	1.32105551	4.02609902	0.304823545	0.142330024	0.00362523157	19.434823
3.23	0.114552878	0.0679407846	-0.158286292	-0.0871150106	0.515028936	1.31095323	4.02959598	0.304671978	0.118333855	0.00397307267	19.52843
3.24	0.110928023	0.0691564701	-0.15833578	-0.0873961352	0.513721988	1.3951054	3.98641598	0.304514339	0.0738137206	0.00404628311	21.169232
3.25	0.106551578	0.0706952183	-0.158538205	-0.0877410546	0.51282968	1.34789375	4.07051078	0.304628703	0.0489519135	0.00400430479	20.898173
3.26	0.101696035	0.0724804636	-0.158931632	-0.0881423278	0.512832827	1.22810316	4.21794391	0.304667131	0.0682216522	0.00350970217	17.365505
3.27	0.0966433523	0.0744919368	-0.15941888	-0.0886095934	0.513470271	1.09820815	4.383972	0.304647242	0.0952772901	0.00279524229	20.552487
3.28	0.0916524413	0.0766094295	-0.159996869	-0.0891408662	0.514590037	0.949860997	4.57076248	0.304619418	0.0612011932	0.00222003764	20.314128
3.29	0.0870670391	0.0787327896	-0.160616543	-0.0896975673	0.516037149	0.764559868	4.74606829	0.304576212	0.0538268606	0.00190455307	20.139731
3.3	0.083206235	0.0807517258	-0.161254545	-0.0902438271	0.517817461	0.522464715	4.90481528	0.304529602	0.0536243742	0.00191516788	16.360825
3.31	0.0804469857	0.0825434939	-0.161920215	-0.0907802146	0.519866333	0.241634827	5.02700126	0.304487427	0.0614133994	0.0022303197	17.927333
3.32	0.079003252	0.0839064824	-0.16261475	-0.0912830622	0.522003737	-0.0669240157	5.11904421	0.304469903	0.0949557424	0.00279057973	18.536173
3.33	0.0786540763	0.0845176609	-0.163323773	-0.09163877	0.523798411	-0.504629473	5.24566898	0.304552041	0.098135625	0.00340530903	21.624678
3.34	0.0797748123	0.0844678088	-0.164148127	-0.0919372658	0.525703603	-0.907802868	5.32249817	0.304527827	0.0987877824	0.0036474904	18.788812
3.35	0.0822692991	0.083786247	-0.165078618	-0.0921870607	0.527571939	-1.28516821	5.36904859	0.304505234	0.091263758	0.00411870457	17.85785
3.36	0.08589885	0.0824751322	-0.166066503	-0.0924187609	0.529208725	-1.60408792	5.40262846	0.304522347	0.109429336	0.00460547312	18.239602
3.37	0.0904799772	0.0806208259	-0.167030406	-0.0926508717	0.530492328	-1.84118195	5.41078326	0.304561138	0.120901621	0.00492684797	22.168417
3.38	0.0957721226	0.0783293297	-0.167954828	-0.0928835477	0.531432113	-1.99715704	5.40186205	0.30460739	0.0806823148	0.00503526403	19.609894
3.39	0.101526143	0.0757382751	-0.168849624	-0.0931249543	0.5320471	-2.07954789	5.38128837	0.304650139	0.066418885	0.00497737225	16.369555
3.4	0.107417738	0.0729759422	-0.169697101	-0.0933575454	0.532236808	-2.10137612	5.35713209	0.304693074	0.0792608065	0.00482408493	22.779323
3.41	0.113186664	0.0702052385	-0.170526725	-0.0935945712	0.53199526	-2.0488805	5.31993731	0.304733032	0.107028942	0.0045409589	19.644219
3.42	0.118457905	0.0675397002	-0.171329705	-0.0938156836	0.531311783	-1.94749385	5.28919885	0.304774379	0.0586607507	0.00422114465	17.471193
3.43	0.122863967	0.0651125935	-0.172091891	-0.094010833	0.53031525	-1.81416454	5.28424168	0.304810081	0.117551595	0.00384047465	19.488065
3.44	0.126100401	0.063045975	-0.172816134	-0.0941679051	0.529050399	-1.65757035	5.31117012	0.304850776	0.0890182327	0.00342772271	18.109257
3.45	0.127966712	0.0614944296	-0.173495935	-0.0942930569	0.527640096	-1.46458799	5.36476515	0.30493071	0.124115237	0.00301145705	19.240571
3.46	0.128366819	0.0605144776	-0.174113104	-0.0944000202	0.526088073	-1.2242309	5.41524641	0.304986516	0.122987753	0.00262922952	18.749447
3.47	0.127280167	0.0601160332	-0.174631633	-0.0945041954	0.524360887	-0.91417779	5.44133092	0.304975754	0.114978893	0.00234145251	17.58772
3.48	0.125033546	0.0604456554	-0.175220124	-0.0945055079	0.522936856	-0.695952454	5.37747176	0.304794572	0.164711557	0.00213856801	18.135291
3.49	0.122055071	0.061500334	-0.175855362	-0.0943950658	0.521781565	-0.538959932	5.21928504	0.30459756	0.0567348173	0.00211850183	18.669552
3.5	0.118824111	0.0628996544	-0.176547781	-0.0940787498	0.520472316	-0.561716555	5.04454695	0.304565539	0.0819084318	0.00220079706	20.596992
3.51	0.115598775	0.0644597205	-0.17730441	-0.0937753443	0.519979628	-0.399910014	4.96154307	0.304676792	0.0620688446	0.00241797563	20.28302
3.52	0.11289361	0.0659795583	-0.178052798	-0.0935156834	0.519892321	-0.100443124	4.86709992	0.304736	0.0487731728	0.00238058749	17.77557
3.53	0.110835637	0.0672337295	-0.178826014	-0.0932411992	0.520371843	0.162897231	4.83919564	0.304803938	0.077881454	0.00233822981	16.878702
3.54	0.109515519	0.068099818	-0.179642065	-0.0929650033	0.521338334	0.423215768	4.87702361	0.304866705	0.0453076112	0.0025158573	19.243747
3.55	0.109006089	0.0685519164	-0.180522446	-0.0926722891	0.522738108	0.652029074	4.95943155	0.304895824	0.0586673235	0.00278975388	19.202652
3.56	0.109273709	0.0686028904	-0.181464921	-0.0923717782	0.52447437	0.84879065	5.07837048	0.304904156	0.0409215445	0.00316371349	16.376271
3.57	0.110332044	0.0683448057	-0.182487207	-0.0920919923	0.526572701	1.03370381	5.20767059	0.30487293	0.088122108	0.00357801573	18.110001
3.58	0.111856194	0.0677399108	-0.183473714	-0.0919199552	0.528533638	1.29044408	5.37826465	0.30493671	0.0495574719	0.00408516953	16.804521
3.59	0.114156888	0.0669978922	-0.18447609	-0.0917509535	0.530674976	1.4849973	5.47178277	0.304841087	0.0576287589	0.00431322028	18.480884
3.6	0.117161751	0.066205279	-0.185422284	-0.0915766116	0.532764387	1.67653142	5.49946793	0.304734687	0.132507887	0.0047169333	21.580426
3.61	0.12075579	0.0653114644	-0.18626208	-0.091403286	0.534682992	1.87674163	5.49653879	0.304683908	0.109421975	0.0050375841	17.848417
3.62	0.124816322	0.0641761942	-0.187002148	-0.0912279472	0.536189174	2.04467319	5.49486439	0.304717978	0.0912162654	0.00515425395	17.536254
3.63	0.129350455	0.0628331924	-0.187597157	-0.0910580887	0.537260229	2.18783589	5.44616665	0.304714284	0.129285001	0.00502324309	21.507496
3.64	0.13429055	0.061330606	-0.188034814	-0.0908921755	0.537804039	2.29361151	5.34876982	0.304708373	0.115415712	0.00473466865	18.063391
3.65	0.139498808	0.0596450154	-0.188391476	-0.0907245931	0.53779038	2.33584043	5.22892961	0.304722266	0.106493428	0.00428610273	17.958562
3.66	0.144770174	0.0577822052	-0.188716175	-0.0905606033	0.537206881	2.31461136	5.10446061	0.304747838	0.0897729683	0.00377741686	19.587763
3.67	0.149790782	0.0557803201	-0.189089106	-0.0904180079	0.536189844	2.23202242	5.01599085	0.304792116	0.0594790995	0.00327502052	18.063937
3.68	0.154266805	0.053770457	-0.189526746	-0.0902796252	0.534816009	2.06928667	4.95819307	0.304814912	0.0936672248	0.00288518655	17.24918
3.69	0.157854124	0.0519170866	-0.190035075	-0.0901437546	0.53324895	1.84665204	4.94025666	0.3048156	0.0820621686	0.00262974623	19.186301
3.7	0.160275229	0.0503651921	-0.190618323	-0.0900082329	0.531546199	1.56810212	4.95583638	0.304795386	0.089948275	0.00250065265	19.401614
3.71	0.16130838	0.0492372288	-0.191294967	-0.0898838493	0.529780663	1.25555739	5.02876426	0.304869885	0.0781460602	0.00244175616	17.137072
3.72	0.160859948	0.0485610784	-0.192046009	-0.089780545	0.527837065	0.930424685	5.15978116	0.305088509	0.106054845	0.00237248201	19.997336
3.73	0.158863452	0.0483479069	-0.192938493	-0.0897618777	0.526115958	0.733040268	5.33619762	0.305302483	0.104729148	0.00223790005	16.965983
3.74	0.155494835	0.0484849046	-0.193941578	-0.0897831967	0.524183947	0.535924318	5.39544022	0.305054283	0.0832809877	0.00205262072	17.283532
3.75	0.150623753	0.0491386749	-0.195022567	-0.0899233344	0.522609165	0.440912227	5.48867481	0.304808393	0.0531282886	0.00204099757	17.60987
3.76	0.144582565	0.0503884056	-0.196140145	-0.0901748433	0.521264659	0.430656587	5.58401998	0.304677587	0.0644367032	0.00192310612	18.128408
3.77	0.13788814	0.0521183955	-0.197258002	-0.0905175885	0.520042295	0.461038195	5.64564002	0.304599276	0.0644351348	0.00179166727	17.917454
3.78	0.130976181	0.0540511687	-0.198324035	-0.0910253686	0.51862273	0.637015212	5.70924075	0.304677533	0.0521814173	0.00182357923	18.011093
3.79	0.124422866	0.0560514667	-0.199429037	-0.0915803903	0.517651499	0.697408333	5.75707961	0.304675737	0.0698440263	0.00188091155	16.908976
3.8	0.118615035	0.0579883362	-0.200575358	-0.0921843465	0.517151805	0.757237013	5.80703753	0.304675892	0.06435488	0.00216743534	17.697519
3.81	0.113907935	0.0596873642	-0.201788947	-0.0928346136	0.517083202	0.805983085	5.86549072	0.304692687	0.0394782775	0.00267085774	20.360432
3.82	0.110368631	0.0608892989	-0.203007046	-0.0934290603	0.517167089	0.741276765	5.97615832	0.30477947	0.0676242434	0.00330651897	17.69611
3.83	0.108221504	0.0616048417	-0.204353769	-0.0940039396	0.51777954	0.633677764	6.0938924	0.304800343	0.0988357805	0.00376075108	16.554388
3.84	0.107705207	0.0618561947	-0.20580371	-0.094516937	0.51848208	0.440800341	6.14343626	0.304762421	0.0549456994	0.00434710236	15.798752
3.85	0.108808882	0.0616624387	-0.207199044	-0.0949789871	0.519166512	0.222829338	6.12912235	0.304716122	0.127573212	0.00493659803	16.707665
3.86	0.111545317	0.0609669299	-0.2084951	-0.0953854313	0.51957579	0.00380720747	6.0475883	0.304695051	0.106723503	0.00540058836	18.682937
3.87	0.115864798	0.0597437981	-0.20968038	-0.0957537012	0.519675112	-0.188863761	5.9106054	0.304717429	0.11403956	0.00563039763	17.381066
3.88	0.121613124	0.0579855341	-0.21075306	-0.0960915387	0.519489394	-0.358671343	5.7383693	0.304770798	0.0635418377	0.00562805058	17.468648
3.89	0.12853673	0.05572431	-0.211744209	-0.096386081	0.519054024	-0.516864579	5.55961579	0.304850662	0.120284072	0.00543749749	18.371519
3.9	0.136324916	0.053077507	-0.21264187	-0.0966398833	0.518366669	-0.631233398	5.38154796	0.304936477	0.106105985	0.00514552557	18.163102
3.91	0.144592247	0.0501845953	-0.213473339	-0.0968481924	0.517435238	-0.721176326	5.21579055	0.305011157	0.0973514637	0.00479589423	18.070887
3.92	0.152858941	0.047181979	-0.214251069	-0.0969940323	0.516199998	-0.799143888	5.07848574	0.305069726	0.0737125696	0.00444394317	15.646204
3.93	0.160657245	0.0442511305	-0.214982326	-0.0970814259	0.514627666	-0.847552119	4.96225229	0.305091592	0.0966013232	0.00410020317	19.722288
3.94	0.16750218	0.0415748671	-0.215695793	-0.0971117264	0.512836843	-0.875711795	4.87265722	0.305078254	0.0968505824	0.00378294477	19.349564
3.95	0.173004342	0.0393337837	-0.216357808	-0.097092395	0.510849216	-0.860169444	4.78329851	0.305014354	0.0984895662	0.00351110888	17.010563
3.96	0.176898668	0.0376580174	-0.216970006	-0.0970209277	0.508686217	-0.823674583	4.71001041	0.305047259	0.0613600819	0.00324371636	16.985239
3.97	0.179128486	0.036542937	-0.217674715	-0.0968648713	0.506724706	-0.889739573	4.60660292	0.30489724	0.129575339	0.00291947374	17.091037
3.98	0.179767675	0.036052278	-0.218439841	-0.0965636902	0.504972351	-1.04407345	4.46566305	0.304678971	0.0878133346	0.00281184615	19.149015
3.99	0.178774238	0.0361087247	-0.219189068	-0.0962715659	0.504101155	-1.09051235	4.47727931	0.304703189	0.103102211	0.00275919196	20.080728
4	0.176436456	0.0364768175	-0.219893809	-0.096000486	0.503435692	-1.04020813	4.58210052	0.304809786	0.0742161803	0.00262815956	19.805178
4.01	0.172890145	0.0371693465	-0.220543109	-0.0957643118	0.503679626	-0.95014851	4.75485368	0.304756833	0.0785285277	0.00244667158	20.337225
4.02	0.168409869	0.0382432712	-0.221116816	-0.0955493926	0.504663941	-0.843014585	4.94625622	0.304590541	0.0603006856	0.00246007645	20.445621
4.03	0.163339519	0.0396749474	-0.22158554	-0.0953675361	0.506257818	-0.714430274	5.1449757	0.304388479	0.0293399231	0.00256553503	20.390276
4.04	0.158106107	0.0414034072	-0.221938381	-0.0952462159	0.50843563	-0.538956817	5.33945451	0.304192405	0.0663748829	0.00271907726	19.167866
4.05	0.153052482	0.0431572548	-0.222155621	-0.0952556223	0.510661768	-0.24021557	5.56852415	0.304161896	0.0659157093	0.00291065609	17.997276
4.06	0.148647762	0.0448478054	-0.222376342	-0.0953663238	0.51320258	0.0278934596	5.77220599	0.304071919	0.0834347371	0.00295259201	17.888503
4.07	0.145189251	0.0463505851	-0.222638857	-0.0956070469	0.515798681	0.326832461	5.9499001	0.304012051	0.0915660295	0.00302740055	17.4787
4.08	0.142871296	0.047577328	-0.222923757	-0.0960025426	0.518448066	0.674480615	6.1045617	0.303992804	0.0502923832	0.00317239006	17.283357
4.09	0.142067435	0.0484931622	-0.223195858	-0.0964915716	0.520728351	0.978245061	6.14347137	0.303941228	0.0635718072	0.00335153292	17.787109
4.1	0.142587899	0.0488321148	-0.22345616	-0.0970248747	0.522605729	1.25201497	6.21187072	0.304036084	0.106901654	0.00338116109	17.040563
4.11	0.144567268	0.048720757	-0.223686294	-0.0976774167	0.524418047	1.50829049	6.21887924	0.304049018	0.0916419581	0.00332290119	17.324535
4.12	0.147874244	0.0481204283	-0.22389918	-0.0983856839	0.525911484	1.6901825	6.1934842	0.30406138	0.125925794	0.00328347417	19.557695
4.13	0.152235523	0.046986822	-0.224114214	-0.0991236559	0.526973301	1.7865429	6.17926122	0.304109195	0.0945678394	0.00317395889	17.291933
4.14	0.157320875	0.0454040458	-0.224320728	-0.099859637	0.527613678	1.83687791	6.18244627	0.304147925	0.114780655	0.00298323498	18.568544
4.15	0.162706805	0.0435034108	-0.224554394	-0.10060173	0.52787068	1.86612316	6.2194495	0.304173882	0.0769799095	0.00279547033	17.605698
4.16	0.16795869	0.0414962882	-0.22480054	-0.101334549	0.527741586	1.89606895	6.27026994	0.304152798	0.125627775	0.00266163215	19.906489
4.17	0.172646825	0.0396003678	-0.22505843	-0.10204025	0.527348465	1.90344623	6.32111568	0.304057023	0.066766964	0.00256260919	18.630606
4.18	0.17633374	0.0379338582	-0.225349523	-0.102732406	0.526716462	1.90020611	6.39845152	0.303949265	0.105793172	0.00248471247	20.727395
4.19	0.178713639	0.0366070494	-0.225647542	-0.103408831	0.525746047	1.87749136	6.48578923	0.303843052	0.109904295	0.00242097797	18.522491
4.2	0.179621188	0.0357080602	-0.225934413	-0.104043333	0.52438485	1.81302399	6.56568998	0.303765249	0.111138398	0.00229099923	18.708473
4.21	0.179020084	0.035248042	-0.226194141	-0.104617977	0.52266947	1.70964816	6.61238216	0.303626942	0.0946515357	0.00206046662	22.20419
4.22	0.177014928	0.0352222731	-0.226410994	-0.105109178	0.520489614	1.56774707	6.60288198	0.303437354	0.13201886	0.00183326437	22.124227
4.23	0.173789346	0.0355758944	-0.22658093	-0.105520191	0.517851227	1.42106277	6.5530817	0.303264256	0.0978589863	0.0016231338	22.222014
4.24	0.16965696	0.0363772626	-0.226787729	-0.106026146	0.515245892	1.35885457	6.43061424	0.303072182	0.0440230722	0.00152286105	20.405496
4.25	0.16506167	0.0375280035	-0.227063666	-0.106584163	0.512665718	1.35701655	6.25076862	0.302929402	0.0871893783	0.00139564866	19.085081
4.26	0.16045804	0.0388891497	-0.227432204	-0.107230343	0.510311263	1.46754678	6.04700026	0.302872073	0.0759834646	0.00124075834	20.462995
4.27	0.15590271	0.0400129066	-0.227945755	-0.107959773	0.508341938	1.5987661	6.06956605	0.303227848	0.061349018	0.00118363332	20.021361
4.28	0.151799516	0.0409266892	-0.228652668	-0.108563284	0.506836342	1.55417387	6.08546804	0.303328113	0.0637829878	0.000966511539	20.669365
4.29	0.148049401	0.0417290295	-0.229505223	-0.109126363	0.506225503	1.54017775	6.17420343	0.303396591	0.0661105153	0.000581172549	22.963553
4.3	0.144724188	0.0423890694	-0.230489889	-0.109645145	0.506234398	1.50989537	6.31315122	0.30342659	0.0699245666	0.000949544357	19.035877
4.31	0.14190715	0.0429176381	-0.231568329	-0.110129904	0.506618123	1.48934282	6.46254987	0.303407636	0.0622349238	0.00166604333	19.061444
4.32	0.139687677	0.0433108037	-0.232753043	-0.110604787	0.507256972	1.47042462	6.60825261	0.303364984	0.107521556	0.00243941527	19.637038
4.33	0.138148232	0.0435495378	-0.234069816	-0.111038595	0.508110076	1.44222355	6.74840677	0.303315491	0.0629699917	0.00320475616	19.123152
4.34	0.137397633	0.0436271289	-0.235497761	-0.111396719	0.509074983	1.3880527	6.8627271	0.303249351	0.0653269945	0.00397605276	18.120235
4.35	0.137445753	0.0434082079	-0.236978149	-0.111584465	0.509752479	1.24841833	6.97927118	0.303237105	0.122737201	0.00471385497	18.301322
4.36	0.138388137	0.0429682075	-0.238486838	-0.111703485	0.510302377	1.11613873	7.03859878	0.303167533	0.0859439797	0.00522250034	19.305421
4.37	0.140226326	0.0422910622	-0.240021092	-0.111757147	0.510634021	0.960032276	7.06291443	0.303116536	0.0932976569	0.0056231333	19.348531
4.38	0.142857921	0.0413021102	-0.241584134	-0.111749523	0.510643595	0.78661629	7.08998016	0.303132919	0.109683943	0.00589070592	17.149586
4.39	0.146105063	0.0399832753	-0.243140814	-0.111716309	0.510225704	0.647284049	7.12879155	0.303204915	0.109862075	0.00601345509	18.240147
4.4	0.149746189	0.0384140862	-0.244646024	-0.111639098	0.509419436	0.503695502	7.17659872	0.303286959	0.0756500573	0.00598817852	17.670889
4.41	0.153488133	0.0366973528	-0.246090197	-0.111519531	0.508295171	0.347414786	7.24198997	0.303372441	0.114098444	0.00581225309	19.351631
4.42	0.156992167	0.0349246426	-0.247525274	-0.111362612	0.506954216	0.175892819	7.34451216	0.303458379	0.0688923144	0.00552823284	18.500663
4.43	0.15990293	0.0332243548	-0.248912276	-0.111159222	0.505417247	-0.0141893291	7.4735679	0.303505547	0.123438792	0.00526637778	18.480785
4.44	0.161925712	0.0317510119	-0.250189309	-0.110919378	0.503628671	-0.178571969	7.59165111	0.303495288	0.15316233	0.00500318566	21.229031
4.45	0.16284795	0.030594877	-0.251367674	-0.110654914	0.501590451	-0.299301193	7.69152949	0.303467583	0.114051912	0.00466587209	19.872728
4.46	0.162681171	0.0299295626	-0.252545362	-0.110295119	0.499665222	-0.403319059	7.70489061	0.303301247	0.0965820703	0.00428660377	18.527983
4.47	0.161561792	0.0297095881	-0.25376445	-0.109835904	0.497798065	-0.520629724	7.66681064	0.303134433	0.103129889	0.00404546245	24.253341
4.48	0.159863259	0.0299106096	-0.255071399	-0.10926334	0.496086656	-0.680013149	7.55507789	0.302964344	0.107130531	0.00391584789	22.689989
4.49	0.157682528	0.0302121502	-0.256451951	-0.108596554	0.495047225	-0.796362663	7.62498024	0.303108639	0.056647768	0.00393533273	19.645178
4.5	0.155381778	0.0306038375	-0.25786863	-0.107978486	0.494547979	-0.744960701	7.69021932	0.303166144	0.0798899397	0.00401711816	19.80628
4.51	0.153207331	0.031083607	-0.259304997	-0.107340826	0.494725988	-0.716661967	7.7546649	0.303124862	0.0735703474	0.00426714653	17.903312
4.52	0.151447654	0.0316134617	-0.260740179	-0.106720486	0.49545397	-0.671021497	7.80651268	0.303045083	0.0731243595	0.00469515933	18.336475
4.53	0.150399469	0.0320944401	-0.262178029	-0.106157473	0.49656428	-0.586797046	7.84720861	0.302988585	0.0982008251	0.0051985359	19.322124
4.54	0.150196392	0.0323490603	-0.263486489	-0.105780728	0.497669965	-0.362990633	7.90951265	0.303087976	0.071080697	0.00570114797	20.204537
4.55	0.151111743	0.0324025525	-0.264904415	-0.105587098	0.499218994	-0.094470096	7.94138184	0.303128583	0.138031723	0.00594000168	22.501381
4.56	0.153175102	0.0322696959	-0.266369886	-0.105590148	0.501254746	0.259194639	7.95900112	0.30318066	0.0851707242	0.0063534238	21.267282
4.57	0.156338631	0.0318821995	-0.26792964	-0.105812494	0.50377936	0.694017517	8.01607936	0.303308137	0.10494626	0.00682933391	21.824575
4.58	0.160554541	0.0312556061	-0.269549032	-0.106232159	0.506668644	1.14350888	8.08821487	0.303433463	0.0687170801	0.00744014988	20.40381
4.59	0.165840007	0.0302838413	-0.271239176	-0.106637283	0.508908593	1.41448651	8.12391882	0.303537117	0.076043095	0.00808094714	20.687441
4.6	0.171903706	0.0291060932	-0.272862214	-0.107222415	0.511324661	1.70461341	8.17444399	0.303625498	0.141580674	0.00848219444	21.79542
4.61	0.178551623	0.0277532603	-0.274352864	-0.107925933	0.513555159	1.96746774	8.22741225	0.303707233	0.0954101331	0.00878655266	16.898327
4.62	0.185560682	0.0262610112	-0.275635316	-0.108712208	0.515345102	2.19466996	8.27341955	0.303774361	0.0908052965	0.0088582543	21.080319
4.63	0.192704038	0.0246979401	-0.276752386	-0.109579158	0.5167528	2.35350188	8.31088949	0.303793007	0.0622746728	0.00861699686	18.862169
4.64	0.199717091	0.0231215262	-0.277668932	-0.11050064	0.517680253	2.42466337	8.33890397	0.303759906	0.109291323	0.00820838287	18.273812
4.65	0.206320138	0.0215798213	-0.278427162	-0.11147476	0.518189359	2.40894753	8.37909661	0.303694835	0.0822335962	0.00761097799	18.862088
4.66	0.212230448	0.0200864023	-0.279073061	-0.1124989	0.5181513	2.31018149	8.4509653	0.303622016	0.119302476	0.00695096325	18.374458
4.67	0.217146415	0.0187182229	-0.279580904	-0.11356504	0.517546322	2.14232418	8.5333604	0.303485608	0.0783271716	0.0062803633	18.314784
4.68	0.220806959	0.0175673396	-0.279966475	-0.114670939	0.516402789	1.90285365	8.61426637	0.303305366	0.106282922	0.00554224468	19.640308
4.69	0.223040713	0.0167038578	-0.280224533	-0.11581591	0.514764943	1.61255363	8.68974661	0.303135854	0.0935570035	0.00475180007	19.241861
4.7	0.223807521	0.0161278651	-0.280353524	-0.116989853	0.512631902	1.27463255	8.74727401	0.302942981	0.124131094	0.00392396432	19.645712
4.71	0.223053985	0.015866452	-0.280399443	-0.118297496	0.510432419	1.07945788	8.7581036	0.302619082	0.143446287	0.00312499263	20.823429
4.72	0.220848042	0.0159518039	-0.280388132	-0.119791988	0.508298112	0.994214137	8.7151157	0.302227938	0.109325029	0.00258930636	19.470867
4.73	0.217396329	0.0163863881	-0.280338642	-0.121528368	0.506348988	1.05502182	8.6307626	0.30188354	0.122969681	0.00228485644	18.384967
4.74	0.2130583	0.0171213542	-0.280279897	-0.123544793	0.504628062	1.26481597	8.52277041	0.301650112	0.104572612	0.00216717162	20.438153
4.75	0.208299361	0.0181191894	-0.280241052	-0.125849803	0.503153982	1.61155997	8.37547996	0.301516615	0.0608029791	0.00221004347	20.262957
4.76	0.203445882	0.0191016062	-0.280294807	-0.128345169	0.502347459	1.9458085	8.4307494	0.301791457	0.0504269031	0.00237189921	19.366662
4.77	0.198846838	0.0200677207	-0.280420443	-0.130927277	0.501940814	2.14760888	8.47936612	0.301926868	0.047494732	0.00233043238	18.571165
4.78	0.19467894	0.0209957238	-0.280683516	-0.133615131	0.502154089	2.29702221	8.56851765	0.302069961	0.0952427258	0.0021157206	22.112841
4.79	0.191167956	0.0218535781	-0.281065667	-0.136328838	0.502803692	2.38545254	8.66398986	0.302186737	0.0798157118	0.00209406256	19.801824
4.8	0.188506228	0.0224616441	-0.281497189	-0.138901647	0.503358985	2.28825239	8.79941713	0.302337274	0.0497669028	0.00234944517	19.546292
4.81	0.18680817	0.022903939	-0.281974055	-0.141406119	0.504087363	2.16814983	8.89987436	0.302402115	0.107755482	0.00265955287	17.975928
4.82	0.186155269	0.0232154948	-0.282410156	-0.143807771	0.50504466	1.98779422	8.96060936	0.302415901	0.0819403454	0.00300071246	19.323993
4.83	0.186664135	0.0233719904	-0.282838687	-0.146086	0.506236606	1.75614698	8.99676931	0.302428744	0.0398543383	0.0032320207	20.743279
4.84	0.188414052	0.0233384897	-0.283247292	-0.148195171	0.507663398	1.46615988	9.01769811	0.302442149	0.0565336392	0.00344056346	20.637626
4.85	0.191427775	0.023072453	-0.283638632	-0.150139822	0.509220399	1.14600939	9.03657121	0.302488547	0.0908979628	0.00361025179	20.11775
4.86	0.195544439	0.0224376072	-0.284011404	-0.152013653	0.510527049	0.909289407	9.12625516	0.30274573	0.0455067572	0.0037335215	21.592173
4.87	0.200711399	0.0216223919	-0.284325595	-0.153786397	0.511346139	0.733888859	9.07551201	0.302758209	0.113232595	0.00382941149	19.450567
4.88	0.206542402	0.0206488548	-0.284555863	-0.155382789	0.512114235	0.550995513	9.04887653	0.302821998	0.0789111697	0.00364685229	19.161627
4.89	0.212741094	0.0195605192	-0.284672234	-0.156830103	0.512653616	0.410299078	9.03639887	0.302915974	0.07579404	0.0034212673	18.047993
4.9	0.218959508	0.0184251769	-0.284691626	-0.158161574	0.51291754	0.3108196	9.03406757	0.303015329	0.0951930208	0.00311681145	18.757856
4.91	0.224800851	0.0172904008	-0.284632414	-0.159410447	0.512798046	0.273047243	9.05157097	0.303123075	0.106684188	0.00280253106	21.804633
4.92	0.229818363	0.0162258992	-0.284502846	-0.160579463	0.512349227	0.26807233	9.09863914	0.3032096	0.051766129	0.00252838551	20.010853
4.93	0.233580349	0.0153292919	-0.284356028	-0.161704593	0.511604961	0.352415729	9.20757225	0.303449417	0.101207538	0.0023301251	20.148056
4.94	0.235751386	0.0147110713	-0.284130815	-0.162698692	0.510837089	0.40532164	9.31280171	0.303589772	0.0803002567	0.00218891984	20.714202
4.95	0.236183544	0.0144166032	-0.283846647	-0.1635654	0.510056	0.491821207	9.4091599	0.303699571	0.098029616	0.00197722901	18.781221
4.96	0.234906651	0.0144179772	-0.283569311	-0.16429414	0.509338501	0.576186644	9.49431725	0.303719046	0.120499496	0.0016910916	19.409265
4.97	0.232024163	0.014676558	-0.28329674	-0.164835895	0.508790715	0.613497988	9.5604236	0.303538405	0.114535234	0.00142752191	17.793686
4.98	0.227683514	0.0151595889	-0.283072302	-0.165196276	0.508569114	0.576685132	9.63289009	0.303173621	0.130811251	0.00117790977	19.337385
4.99	0.2221194	0.0158326743	-0.282886655	-0.165503476	0.508218974	0.606075195	9.78102467	0.303084574	0.106225779	0.000954141072	18.107804
5	0.215611339	0.0167677564	-0.282786685	-0.165631306	0.508290125	0.523887186	9.8979468	0.302862368	0.0745840804	0.000837726073	19.07625
5.01	0.208720723	0.018019241	-0.282759193	-0.165651647	0.508266877	0.453525332	9.8754246	0.302544126	0.0633260566	0.000759187166	19.281567
5.02	0.202058039	0.0193717442	-0.282766479	-0.165421134	0.508527018	0.165975538	9.92413524	0.302469984	0.0440840691	0.000717202489	18.828415
5.03	0.196123491	0.020702598	-0.282867156	-0.165045453	0.509343336	0.0283897539	10.0278947	0.302580722	0.0796486015	0.000966206537	22.098072
5.04	0.191289827	0.0218316128	-0.283053307	-0.164547472	0.510584502	-0.0706213376	10.1840729	0.302762191	0.0688045149	0.00106500513	18.071389
5.05	0.187790757	0.0226640341	-0.283338839	-0.163948722	0.51183831	-0.11140775	10.3330278	0.302935741	0.09979321	0.00118467871	19.78161
5.06	0.185681432	0.0231755708	-0.283744151	-0.163302966	0.513136417	-0.0841649133	10.4677211	0.303090467	0.0707417929	0.00133261059	17.546914
5.07	0.184959554	0.0234196667	-0.284265284	-0.16267572	0.514451906	0.0322294245	10.5486176	0.303197426	0.0941388948	0.00156840128	18.65094
5.08	0.185606911	0.0234615634	-0.284841015	-0.162091037	0.515687313	0.253880352	10.5450185	0.303263171	0.0956044641	0.00189854306	19.031789
5.09	0.187570364	0.0232801658	-0.285469725	-0.161568752	0.516851605	0.556287549	10.5047573	0.30337194	0.0725502587	0.0021928235	17.373853
5.1	0.190844754	0.0228818569	-0.286148425	-0.161104495	0.517588065	0.925085604	10.3875665	0.303479282	0.121446361	0.00246689462	17.909944
5.11	0.19526574	0.0222713757	-0.286824137	-0.160721888	0.518075638	1.37300014	10.2478378	0.30364083	0.0849573575	0.00261343725	19.018563
5.12	0.200625595	0.0214555745	-0.287517469	-0.160433424	0.518386272	1.88182747	10.1147708	0.30383937	0.118458293	0.00266104888	19.675696
5.13	0.206651845	0.0204312503	-0.288235184	-0.160173333	0.518313308	2.36778142	9.99307702	0.30402633	0.124091019	0.00270492443	18.249197
5.14	0.21295721	0.0192311339	-0.289068601	-0.159935313	0.517986716	2.80401198	9.91720926	0.304184443	0.116463615	0.00272237809	21.73947
5.15	0.219074534	0.0179606527	-0.289953185	-0.159701227	0.517408048	3.15891048	9.85990594	0.30421201	0.120051568	0.0029176963	19.695704
5.16	0.22456244	0.0167162156	-0.290926274	-0.15946468	0.51651835	3.39690916	9.82048464	0.304145745	0.110812551	0.00314209455	19.821495
5.17	0.229036947	0.0156000442	-0.291945599	-0.159209645	0.515351682	3.50409348	9.78455618	0.303988484	0.0535096375	0.00335775791	19.008293
5.18	0.232237097	0.0146710058	-0.292981478	-0.158936753	0.513998912	3.49564813	9.76045654	0.303779472	0.077299905	0.00347703445	18.664713
5.19	0.234060422	0.013940548	-0.294038822	-0.158656241	0.512387404	3.39351364	9.74659782	0.303545132	0.0907882505	0.0035256622	19.077022
5.2	0.234512806	0.0134184015	-0.295059589	-0.158344206	0.510472538	3.19511025	9.72062835	0.303260221	0.129909088	0.00353227541	18.679229
5.21	0.233680987	0.0130869707	-0.296031511	-0.158012647	0.508430606	2.95002946	9.71866008	0.30298989	0.096818335	0.00342733237	17.743671
5.22	0.231703621	0.012932537	-0.296878319	-0.157651434	0.506264086	2.70902012	9.73760541	0.302744818	0.112800173	0.00332547804	21.236268
5.23	0.228757624	0.0130217267	-0.297741378	-0.157406981	0.504278168	2.61229631	9.7285435	0.302467919	0.141212051	0.00316215551	17.802082
5.24	0.225101992	0.013315115	-0.298553931	-0.157308822	0.502496087	2.63775109	9.7134954	0.30225045	0.0554214467	0.00320233409	21.450915
5.25	0.22110643	0.0137560646	-0.299384189	-0.157343757	0.500852801	2.72948589	9.68318639	0.302092324	0.0870691718	0.00329116899	18.760798
5.26	0.217288562	0.0143058197	-0.3003121	-0.157441331	0.498923576	2.78731009	9.54579109	0.301893782	0.0572462294	0.00342889776	19.90396
5.27	0.214012921	0.0147767674	-0.301207371	-0.157717523	0.496732717	2.9955538	9.46669973	0.302022905	0.0687283226	0.00351229236	21.462997
5.28	0.211464537	0.0150329318	-0.30229802	-0.158071928	0.495191422	3.08241007	9.50582151	0.302219502	0.0957411785	0.00353850265	18.678493
5.29	0.209648356	0.0150917906	-0.30352606	-0.15847823	0.494209261	3.10068316	9.60867955	0.302366764	0.0968816816	0.00383224539	23.503884
5.3	0.208515374	0.0150561235	-0.304855574	-0.158939449	0.493796581	3.08907359	9.71005232	0.302390885	0.102641557	0.0042905665	21.438808
5.31	0.208050036	0.0149718908	-0.306284766	-0.159455938	0.493942716	3.06609269	9.80990485	0.302358121	0.0560988655	0.00486482617	19.734046
5.32	0.208281875	0.0148512006	-0.307737812	-0.1599662	0.494577311	3.00028493	9.90243817	0.302288396	0.0776692576	0.00552865975	18.644286
5.33	0.209276296	0.014552091	-0.309222478	-0.160342146	0.495365436	2.8095218	10.0638402	0.302301416	0.0535077745	0.00613531993	18.789935
5.34	0.211019269	0.0142264002	-0.310758584	-0.160672433	0.496679166	2.58749132	10.1865057	0.302185564	0.0779689812	0.00666420004	18.965997
5.35	0.213598398	0.0138285547	-0.312387035	-0.160914572	0.498097629	2.26848287	10.2928918	0.302084363	0.169834927	0.00720687486	19.034473
5.36	0.217170789	0.0133796048	-0.31408727	-0.161147531	0.499059767	1.97119048	10.3012089	0.301995682	0.0951083153	0.00767904759	19.083447
5.37	0.22173008	0.0127758277	-0.315769934	-0.161302458	0.499906542	1.61435028	10.3415596	0.302060273	0.108980274	0.00796450034	19.151607
5.38	0.227218738	0.0119914854	-0.317405562	-0.161403663	0.500450768	1.26511353	10.4068686	0.302232117	0.124793574	0.00804998085	19.813909
5.39	0.233428647	0.0110468494	-0.31895468	-0.161467566	0.500526905	0.943800157	10.4851167	0.30244706	0.120010589	0.00792743028	19.276092
5.4	0.24000551	0.0100145812	-0.320409923	-0.16150923	0.500139842	0.656172078	10.5674624	0.302641008	0.0772520467	0.00756493816	19.158067
5.41	0.246493325	0.00898354131	-0.321745772	-0.161522152	0.499283787	0.397265906	10.6396231	0.302753334	0.0778181567	0.00702368179	19.949779
5.42	0.252338508	0.00796902532	-0.322970917	-0.16152634	0.497976728	0.184453336	10.6757596	0.302466307	0.0452227028	0.00633798056	19.604263
5.43	0.256877803	0.0071930217	-0.324086585	-0.161505537	0.496239563	-0.0071077313	10.6961098	0.302307108	0.102905041	0.00571787493	20.074136
5.44	0.259851366	0.00666554947	-0.325095067	-0.161456675	0.494124768	-0.172412689	10.6966663	0.302267904	0.0762938192	0.00506368437	18.846672
5.45	0.261222166	0.00634569533	-0.326079062	-0.161389689	0.491669553	-0.322671721	10.722732	0.302471732	0.0980937892	0.0045078432	19.832928
5.46	0.261054673	0.0061838275	-0.327023261	-0.161306866	0.489025188	-0.459200962	10.7711641	0.302800136	0.11996994	0.00414814975	19.399156
5.47	0.25941339	0.00617204688	-0.328036413	-0.161110019	0.486675554	-0.658765048	10.785968	0.302894874	0.132626001	0.00399634489	21.185266
5.48	0.256500294	0.00631616904	-0.329121522	-0.160769579	0.484557179	-0.909321642	10.7523544	0.30283177	0.136840682	0.00410634448	20.349118
5.49	0.252733038	0.00659519763	-0.330299129	-0.160229557	0.482635817	-1.23326071	10.691118	0.302729921	0.0863784542	0.00441669184	17.778361
5.5	0.248705153	0.00692765753	-0.331588015	-0.15944025	0.480659548	-1.71188258	10.6708325	0.302753276	0.114352048	0.00493545233	17.960935
5.51	0.24493577	0.00733244349	-0.332887298	-0.158509313	0.478448985	-2.07944962	10.4893943	0.302647874	0.0854786643	0.00541742415	18.464579
5.52	0.241914428	0.00766739361	-0.33417584	-0.157543994	0.477045978	-2.32227438	10.4579675	0.302925852	0.0873802647	0.00585722516	20.309859
5.53	0.239989462	0.00786278404	-0.335290936	-0.15653789	0.476077972	-2.45085158	10.4688876	0.303274551	0.1170826	0.00589909809	21.052456
5.54	0.239321897	0.00790063192	-0.336279558	-0.155479293	0.475466565	-2.52134326	10.4942165	0.303599827	0.0873469385	0.00557662136	16.923345
5.55	0.23985082	0.0077614881	-0.337136862	-0.154396486	0.47537595	-2.55255236	10.5940232	0.303965258	0.122450081	0.00516264554	19.434683
5.56	0.241342111	0.00749801473	-0.337803936	-0.153318087	0.475787	-2.52254896	10.7200486	0.30426412	0.0969790902	0.00475358447	19.313133
5.57	0.243459722	0.00717351859	-0.338339779	-0.152262928	0.476949965	-2.45239765	10.8902439	0.304486083	0.101783702	0.00440014258	18.936186
5.58	0.245848554	0.00678991117	-0.338676347	-0.151358474	0.478453339	-2.24612123	11.1167098	0.304736957	0.0615307098	0.00421514586	17.786291
5.59	0.247891866	0.00633005243	-0.338778408	-0.150581974	0.48060229	-1.95496887	11.229862	0.303857225	0.099618022	0.00423354416	17.435767
5.6	0.24880773	0.00608066398	-0.33870454	-0.149803276	0.482891398	-1.74706872	11.4120882	0.303421943	0.141356774	0.00423113603	15.34337
5.61	0.248639307	0.0061786792	-0.338177442	-0.149012139	0.484943014	-1.51917948	11.3189098	0.302881493	0.115904518	0.00376755884	17.626956
5.62	0.247985289	0.00649576817	-0.337261744	-0.148343104	0.487477349	-1.1363025	11.2541804	0.30281567	0.136390248	0.00325869674	15.206753
5.63	0.247561847	0.00692517904	-0.335961137	-0.147762117	0.490216722	-0.636428826	11.1901551	0.303022699	0.103537482	0.00273056476	15.793769
5.64	0.247922368	0.00735847624	-0.334328111	-0.147265385	0.493053451	-0.0716046709	11.1352911	0.303391548	0.0854104218	0.0023878197	19.627863
5.65	0.249369857	0.00767696152	-0.332469623	-0.146848727	0.495877611	0.50975245	11.1266119	0.30387702	0.120551383	0.00272502935	17.92895
5.66	0.2518752	0.00774832458	-0.330600196	-0.146488325	0.498600899	1.03217483	11.2435215	0.304478858	0.1367979	0.00376908134	16.214318
5.67	0.254976061	0.00757811469	-0.328753567	-0.146185049	0.501195089	1.46660823	11.461287	0.305016685	0.0867123527	0.00513684917	15.893676
5.68	0.257925613	0.007247015	-0.326984891	-0.145927198	0.503757547	1.79182179	11.7692441	0.305386622	0.124701108	0.00647684939	15.557966
5.69	0.259899693	0.00687840281	-0.325301533	-0.145709991	0.506150218	1.98909388	12.1367952	0.305591937	0.0861419246	0.00710624514	17.588218
5.7	0.260229841	0.00663942407	-0.323681931	-0.14551768	0.508200733	2.05060558	12.526278	0.305856555	0.0816106354	0.00683554195	19.143884
5.71	0.258605522	0.0066348946	-0.32207901	-0.145406198	0.510112302	2.04459449	12.8406893	0.305924377	0.131715323	0.00609198642	17.925562
5.72	0.255065053	0.00687157591	-0.320572608	-0.14538202	0.511849044	2.00316383	13.0933014	0.305851529	0.105151239	0.00529418821	20.006487
5.73	0.249811442	0.00733873086	-0.319112253	-0.145497409	0.513368666	1.96920835	13.2711508	0.305568985	0.121280068	0.00460515529	18.214485
5.74	0.243103661	0.00802092214	-0.317653491	-0.145752183	0.514634957	1.96684412	13.3401465	0.304939661	0.0902871419	0.0040748293	20.87876
5.75	0.235274446	0.00887572117	-0.316203779	-0.146139248	0.515365881	2.04781943	13.3506936	0.30419022	0.150004965	0.00375221234	18.75075
5.76	0.226668575	0.0100429644	-0.314813207	-0.14662609	0.515787052	2.08750351	13.2713916	0.303590072	0.0699228095	0.00363972703	20.033286
5.77	0.218083396	0.0115106519	-0.31345713	-0.147202377	0.515927377	2.13918831	13.0994734	0.303202835	0.0874160309	0.00379491304	19.043069
5.78	0.210465426	0.0131469001	-0.312164604	-0.147863133	0.515813398	2.2127598	12.852479	0.303044563	0.0533360055	0.00422920044	18.102234
5.79	0.20469235	0.0146981435	-0.310960114	-0.148594283	0.515310668	2.32035909	12.5723557	0.303140234	0.0893627926	0.00480203552	17.949907
5.8	0.201358648	0.0158660121	-0.309896048	-0.149366882	0.514253317	2.42626576	12.2942193	0.303441358	0.149606269	0.00533122939	18.881292
5.81	0.20064994	0.016518106	-0.308981028	-0.150255008	0.512803926	2.57155884	12.0074632	0.303811356	0.182651722	0.0056546147	16.23115
5.82	0.202456316	0.0165934567	-0.308255679	-0.15126198	0.511031214	2.725235	11.7213042	0.304175803	0.0702725432	0.00573230322	18.584163
5.83	0.206421108	0.0161867397	-0.307712892	-0.152378519	0.509110461	2.87435968	11.4114383	0.304421882	0.0848894223	0.00554575167	18.205603
5.84	0.212089154	0.0154579547	-0.307380917	-0.153584746	0.507169228	3.00123998	11.0592081	0.304514299	0.0781790137	0.00518536593	16.585957
5.85	0.218867821	0.0144109148	-0.307286133	-0.154822311	0.505554474	3.03707699	10.800045	0.304569844	0.0897246548	0.00469195945	18.65113
5.86	0.225905015	0.0129394887	-0.30739768	-0.156068555	0.50425223	2.96079098	10.5771397	0.303738729	0.0739525999	0.00388913813	19.273233
5.87	0.232044516	0.0117908849	-0.307654554	-0.1573297	0.503188371	2.82818629	10.3812157	0.303201452	0.0804432045	0.00274378593	19.776449
5.88	0.23701142	0.0110242177	-0.308116057	-0.158660194	0.502329417	2.69772394	10.1973326	0.302916402	0.126589961	0.00188894096	18.701877
5.89	0.240826914	0.0105439987	-0.308663604	-0.160110779	0.501392502	2.66673484	10.0595694	0.302937478	0.123396525	0.00111524649	19.886688
5.9	0.243565976	0.0102596392	-0.309322888	-0.16166821	0.500648955	2.62308259	9.95934224	0.303051395	0.078847936	0.000703955981	20.862121
5.91	0.245320221	0.0100871771	-0.310006457	-0.16329347	0.500033696	2.56844418	9.92883424	0.303268936	0.118683018	0.000877452794	19.082461
5.92	0.246153353	0.00999306103	-0.310652605	-0.164959952	0.499479615	2.52508297	9.95237846	0.30351743	0.0914350975	0.00142714089	19.495229
5.93	0.246100284	0.00996097025	-0.31126412	-0.166654768	0.499028065	2.49808853	10.0229574	0.303739992	0.0900607514	0.00196400676	21.251055
5.94	0.24526777	0.0100330005	-0.311873015	-0.168436104	0.498207457	2.5955751	10.0460423	0.303861642	0.14308229	0.00247733425	19.296596
5.95	0.243687012	0.0101370139	-0.312433395	-0.170204725	0.497541137	2.66521801	10.1410192	0.304021239	0.0464162089	0.00285243032	18.69518
5.96	0.241432396	0.0102633633	-0.312922743	-0.171920052	0.496919996	2.70920505	10.2769131	0.304148539	0.0978999247	0.00320202473	19.734784
5.97	0.238563196	0.010439177	-0.313343537	-0.173544381	0.496490746	2.70636386	10.4258828	0.304190364	0.111064519	0.00343697805	18.940105
5.98	0.235221249	0.0106603362	-0.313743027	-0.175010349	0.496315743	2.59944454	10.5829153	0.304157308	0.141405582	0.00359978428	19.655977
5.99	0.231614185	0.0109135429	-0.314143368	-0.176298745	0.496392873	2.39724883	10.7540302	0.304090693	0.110294346	0.00374451625	18.565976
6	0.22798734	0.0112287469	-0.314462112	-0.177423863	0.496553934	2.16089896	10.8891646	0.303984473	0.0743502719	0.00384880673	18.579233
6.01	0.224625925	0.0115003886	-0.314617862	-0.178435117	0.496398647	1.97089068	11.0615777	0.304078117	0.0762329536	0.00377285	19.942033
6.02	0.221678949	0.0117638629	-0.314619168	-0.179250664	0.496351002	1.73617041	11.1706935	0.304026496	0.0837881465	0.00345056769	19.995779
6.03	0.219324281	0.0120057366	-0.314449515	-0.179842541	0.496311752	1.46588832	11.2391901	0.303963529	0.0453052789	0.00302290058	20.711759
6.04	0.217726031	0.0122432895	-0.314099807	-0.180232751	0.496361276	1.20784529	11.2507684	0.303900077	0.0733745225	0.00249860609	18.398844
6.05	0.217101251	0.0123590865	-0.313671374	-0.180402967	0.496255573	0.8729707	11.2603832	0.303933125	0.0971831895	0.00204976689	19.677925
6.06	0.217437215	0.0124175569	-0.31314532	-0.180436703	0.496269225	0.640928459	11.214026	0.303947713	0.0683104318	0.00183426031	18.58259
6.07	0.218687548	0.0123914212	-0.312616784	-0.180382592	0.496553694	0.605520324	11.1807466	0.304096977	0.0627786885	0.00191150906	20.066758
6.08	0.220747882	0.0122663563	-0.312113537	-0.180296353	0.497141651	0.671708824	11.1599616	0.304278326	0.110489836	0.00203576748	20.962511
6.09	0.223410235	0.0121029469	-0.311645367	-0.180245902	0.498060981	0.855425834	11.125564	0.304424427	0.101941093	0.0021393413	18.425054
6.1	0.226506802	0.0119524995	-0.311201733	-0.180217039	0.499046177	1.1361735	11.0374009	0.304495184	0.114670878	0.00212121437	19.112171
6.11	0.229895464	0.0118015343	-0.310862718	-0.180214994	0.500077813	1.49000483	10.9529897	0.304604123	0.130100212	0.0020060981	19.507693
6.12	0.233434352	0.0116231689	-0.310672664	-0.180212742	0.500974556	1.85359871	10.8761	0.304716858	0.146546446	0.0017436773	19.689931
6.13	0.236922332	0.0114311066	-0.310611935	-0.180212313	0.501691807	2.23075611	10.8058382	0.304812079	0.0923828473	0.00136556508	20.684765
6.14	0.240152051	0.0112438251	-0.310602649	-0.180173697	0.502152562	2.5788618	10.7278165	0.304853426	0.118279186	0.00106309097	19.22733
6.15	0.242962353	0.011077077	-0.310623268	-0.180099454	0.502286766	2.8824077	10.6399154	0.304856313	0.110086306	0.00115274698	17.871976
6.16	0.245236	0.0109459887	-0.310638409	-0.179957422	0.502102216	3.11114909	10.5308588	0.304806807	0.135416786	0.00151076862	18.126985
6.17	0.246922809	0.0108507478	-0.310651341	-0.179762804	0.501665879	3.28675902	10.4240458	0.304754374	0.0576816328	0.00191810137	18.864873
6.18	0.248005722	0.0107799833	-0.310691262	-0.179518645	0.501030712	3.39589417	10.3287688	0.304704194	0.0767913906	0.00227511551	18.829096
6.19	0.248482544	0.010721075	-0.31078339	-0.179239436	0.500256745	3.4324058	10.2592781	0.304669343	0.10176665	0.00250916763	20.102914
6.2	0.24835569	0.0106630072	-0.310950607	-0.178924264	0.499383542	3.3964939	10.2222912	0.304639291	0.0775868068	0.00259707727	18.811848
6.21	0.247638042	0.0105958122	-0.311182693	-0.178572543	0.498268548	3.30932744	10.2170366	0.304620856	0.109363533	0.0025711119	18.446752
6.22	0.246303774	0.0105210072	-0.311465918	-0.178187374	0.496936813	3.1887659	10.2492202	0.304610658	0.0906538187	0.00244795545	18.56633
6.23	0.244304752	0.0104540633	-0.311803501	-0.177762041	0.495467733	3.05390679	10.3189662	0.304594024	0.116840977	0.00228461615	19.261682
6.24	0.241615584	0.0104983073	-0.312314793	-0.177421728	0.494037965	2.99616596	10.3637652	0.304480191	0.0998698633	0.00216228713	19.782188
6.25	0.238320578	0.0106655079	-0.31291074	-0.177149881	0.492608376	2.96099135	10.3723267	0.304312353	0.0796277315	0.00214473362	20.641617
6.26	0.234672576	0.010946801	-0.313549519	-0.176910813	0.491036902	2.94519084	10.3273234	0.304129358	0.115096344	0.00219118655	18.960287
6.27	0.231035167	0.0113372536	-0.314229722	-0.176714792	0.489432773	2.93672567	10.2052747	0.303913305	0.123214359	0.00231448589	19.223307
6.28	0.227895302	0.0117921562	-0.314966791	-0.176565174	0.487847911	2.93125104	10.0108682	0.30371191	0.0675445972	0.00254734074	20.565115
6.29	0.225676846	0.0120719764	-0.315666297	-0.176501935	0.486246653	2.90703202	9.94009632	0.303869233	0.0984012332	0.00286834347	19.362981
6.3	0.224518839	0.0121729811	-0.316410682	-0.176398883	0.485263622	2.76217734	9.88310166	0.303901724	0.0707572869	0.00275843076	21.712214
6.31	0.224556208	0.0121375694	-0.317187013	-0.176201629	0.484654718	2.49709351	9.78056471	0.303793116	0.0580534041	0.00279329713	19.55879
6.32	0.225823797	0.0119594037	-0.318036855	-0.175993735	0.484749039	2.25745806	9.74800224	0.303797459	0.100393868	0.00291951357	19.575047
6.33	0.228286929	0.0116345002	-0.318949785	-0.17575365	0.485544258	2.00900221	9.76262623	0.303814569	0.0574288386	0.00312850093	19.35769
6.34	0.23183382	0.0110488165	-0.320004879	-0.175341464	0.486770172	1.60891372	9.90812881	0.303924121	0.0950396189	0.00344402013	19.079999
6.35	0.236134584	0.0104010969	-0.321169791	-0.174834419	0.488638934	1.18817823	10.0550736	0.303858361	0.137346145	0.00384049218	20.456485
6.36	0.241009462	0.00977715415	-0.32244639	-0.174323601	0.490368974	0.843805862	10.109462	0.303641451	0.129151524	0.00443837273	22.814232
6.37	0.246215688	0.00916023831	-0.323765465	-0.173737919	0.492366231	0.459010852	10.2155026	0.303543359	0.127892715	0.00502625104	20.398786
6.38	0.25160697	0.00856535651	-0.325070706	-0.173065229	0.494315394	0.0929306336	10.3307056	0.303507113	0.0914780318	0.00543960683	17.988368
6.39	0.257021104	0.00796872915	-0.326340692	-0.172332857	0.495923221	-0.205791546	10.4671654	0.303572715	0.140572036	0.00558809832	17.882186
6.4	0.26220081	0.00738052642	-0.3275381	-0.171566713	0.497054559	-0.416282592	10.6131594	0.303694583	0.0950355286	0.00538760678	18.844361
6.41	0.266816932	0.00681327458	-0.328670177	-0.170757635	0.497614195	-0.559015641	10.7731977	0.303831219	0.101466953	0.00488086516	19.929398
6.42	0.270448766	0.00630817868	-0.329720461	-0.169894278	0.49758781	-0.630473404	10.9366293	0.303939913	0.0865820123	0.00427372391	21.791557
6.43	0.272686281	0.00592972596	-0.330678217	-0.16896455	0.497000624	-0.630765354	11.0955751	0.304112319	0.0895523535	0.00382559165	20.456823
6.44	0.273284208	0.00570833002	-0.331515416	-0.167981064	0.495951082	-0.566155105	11.2471173	0.304389802	0.105919077	0.00357918152	18.907195
6.45	0.272205686	0.00562617201	-0.332279537	-0.166954859	0.494530199	-0.456819593	11.4116421	0.30478259	0.102748149	0.00334593977	20.450106
6.46	0.269465521	0.00567027741	-0.333060656	-0.165839207	0.493211488	-0.415969813	11.5636569	0.30498963	0.0916781837	0.00309346655	19.04972
6.47	0.265145937	0.00583151162	-0.333832008	-0.164585398	0.492162318	-0.436397966	11.6862386	0.30490125	0.150699037	0.00299190452	19.643833
6.48	0.259432339	0.00610464698	-0.334595369	-0.163171439	0.491396811	-0.527459699	11.7415982	0.304390148	0.148107541	0.00334001993	19.678923
6.49	0.252670052	0.00658608713	-0.335298141	-0.161567576	0.490884023	-0.680097481	11.7243644	0.303887665	0.068137842	0.00430857232	18.125082
6.5	0.24576077	0.00720675281	-0.335954971	-0.159717503	0.49022201	-0.998899126	11.6767702	0.303578832	0.092208026	0.00551957534	17.942183
6.51	0.239614764	0.00792396981	-0.336544012	-0.157698269	0.489548769	-1.22728917	11.5260634	0.303364462	0.0839158503	0.00615389288	19.326427
6.52	0.235038618	0.00856837151	-0.337061481	-0.1556735	0.489467575	-1.29928838	11.447927	0.303497493	0.0459583776	0.00612346282	18.889503
6.53	0.232623179	0.00902144984	-0.337498319	-0.153607423	0.489734074	-1.28603145	11.3773298	0.303755067	0.0741694847	0.00534570092	19.538954
6.54	0.232673073	0.00912410724	-0.33782919	-0.151671946	0.489812355	-1.00725672	11.3444303	0.304245596	0.0944075622	0.00439565842	18.606124
6.55	0.235073146	0.00892880685	-0.338177109	-0.14982827	0.490462831	-0.723136571	11.3156601	0.304594899	0.0930727329	0.00326654231	19.597429
6.56	0.239519853	0.00846820518	-0.338567221	-0.148110485	0.491576128	-0.390401019	11.3224093	0.304899617	0.128634457	0.00248319683	17.928338
6.57	0.245561155	0.00781212416	-0.338986696	-0.146525733	0.49299613	-0.0521294149	11.3632076	0.305147354	0.0932078671	0.00184901717	19.455612
6.58	0.252392652	0.00679009154	-0.339343864	-0.145110416	0.494683577	0.311751978	11.3504776	0.304012805	0.096750423	0.00132105148	19.294405
6.59	0.258529712	0.00608208064	-0.339605227	-0.143879093	0.496573568	0.701155958	11.3139299	0.303296755	0.0348603193	0.00121091732	18.629189
6.6	0.263745116	0.00567709297	-0.339753604	-0.142828501	0.498515716	1.11023399	11.2624819	0.302983852	0.0963773947	0.00124251743	16.507099
6.61	0.268157681	0.00544450821	-0.339743482	-0.141832947	0.500271665	1.46160749	11.2349809	0.303014389	0.0934448434	0.00146900676	20.926592
6.62	0.271901016	0.00531231147	-0.339757346	-0.140977281	0.502018559	1.83022393	11.2502445	0.303246826	0.160417958	0.0020425966	17.241111
6.63	0.275084084	0.00522661979	-0.339822919	-0.14018493	0.503155236	2.08646069	11.2050327	0.303446387	0.0620824218	0.00273547572	20.267063
6.64	0.277693402	0.0051412305	-0.33985138	-0.13949001	0.504272395	2.35599034	11.2446759	0.303750224	0.0978796206	0.00300944032	21.064451
6.65	0.279587694	0.00502911479	-0.339846897	-0.138839545	0.505185344	2.56577237	11.3428895	0.304025635	0.10970484	0.00370783833	20.689982
6.66	0.280516719	0.00490451852	-0.33980488	-0.138235198	0.505761764	2.70340499	11.4772145	0.304204777	0.0924549105	0.00443807107	18.118033
6.67	0.280218013	0.00481102349	-0.339697452	-0.137674192	0.505913244	2.75811004	11.6415625	0.304375996	0.0610671748	0.00488069827	17.660467
6.68	0.278551569	0.00477080326	-0.339520219	-0.137151932	0.505651275	2.71056897	11.8287307	0.304536314	0.0707078759	0.00489333292	19.509651
6.69	0.275467548	0.00481878102	-0.339304831	-0.136751082	0.505190607	2.63630019	12.0326595	0.304639461	0.080022066	0.00450651939	19.358124
6.7	0.270977287	0.00497601961	-0.339000539	-0.136548145	0.504685516	2.59823776	12.2381416	0.304615589	0.145132923	0.00383562659	21.478199
6.71	0.265177869	0.00523180878	-0.338593783	-0.136525894	0.504067866	2.54907972	12.4091702	0.30434656	0.160717316	0.00317405789	21.079323
6.72	0.258202635	0.00558920063	-0.338163555	-0.136733479	0.503518568	2.52735512	12.5580465	0.303847611	0.111366034	0.00275065331	18.006702
6.73	0.250285391	0.00614331223	-0.337715418	-0.137167246	0.50297139	2.52986273	12.6469767	0.303392708	0.115316951	0.00283020904	19.20839
6.74	0.242050128	0.00687875886	-0.337270902	-0.137826485	0.502419693	2.56437786	12.6813041	0.303055278	0.117904613	0.0032557206	18.918301
6.75	0.234273248	0.00774092071	-0.33687702	-0.138702013	0.501807739	2.61759214	12.6476739	0.302845115	0.0724935452	0.00358512592	17.719263
6.76	0.227771244	0.00846607216	-0.336492828	-0.139645275	0.500444671	2.70319046	12.6693165	0.303027814	0.0491754681	0.00356608687	20.303268
6.77	0.222869238	0.00905776769	-0.336217862	-0.140812125	0.499178827	2.81835567	12.6438045	0.303160679	0.0365879343	0.00258155488	21.836702
6.78	0.219775855	0.00946832407	-0.336027681	-0.142132099	0.497968485	2.96025617	12.5869065	0.303302923	0.0824778189	0.00189908468	19.435593
6.79	0.218559017	0.00964712564	-0.335915795	-0.14353146	0.497001563	3.02524953	12.5346215	0.303467015	0.0708508708	0.00142476867	20.489446
6.8	0.219171107	0.00958273397	-0.335825316	-0.145038107	0.496185308	3.09111029	12.4885111	0.303644558	0.0853459372	0.00106089504	19.665964
6.81	0.221402807	0.00928955673	-0.335790198	-0.146616204	0.495669973	3.10362571	12.4538964	0.30376208	0.104887141	0.000686392714	19.359201
6.82	0.224961267	0.00883945737	-0.335785429	-0.148210014	0.49536631	3.03573463	12.3921924	0.303751323	0.0551751738	0.000342750887	18.510372
6.83	0.229542	0.00830256798	-0.335890205	-0.149798566	0.49528258	2.93813459	12.3143136	0.303677592	0.115702433	0.000149950968	18.050338
6.84	0.234847341	0.00774349838	-0.336100793	-0.15135243	0.495374509	2.80251117	12.1986969	0.303512777	0.0565784135	0.000284974136	18.869384
6.85	0.240607475	0.00719227563	-0.336381095	-0.152850007	0.495724898	2.60973505	12.0776646	0.303326679	0.114484087	0.000531384074	18.27315
6.86	0.246602299	0.00663236082	-0.336679136	-0.154400822	0.496004644	2.46093083	12.0123335	0.303321558	0.0847783728	0.000729419104	20.033108
6.87	0.252475013	0.00611573849	-0.33702204	-0.155899583	0.496588615	2.21623062	11.9486129	0.303211724	0.108113814	0.000773718209	19.997945
6.88	0.257932914	0.00566158391	-0.337408509	-0.157334444	0.497371542	1.94148543	11.925604	0.303131232	0.0803780278	0.000890837396	18.948819
6.89	0.262769497	0.0053250904	-0.337863857	-0.158756762	0.497743246	1.7576823	11.827195	0.303000172	0.0877835506	0.00119900976	18.690025
6.9	0.266842692	0.00499160672	-0.338286117	-0.16005352	0.49794013	1.44119623	11.8679868	0.303092127	0.123830528	0.00127295868	18.559919
6.91	0.269806225	0.00471520501	-0.338656107	-0.161276463	0.497938567	1.20026656	11.964057	0.303215636	0.0995672547	0.00203594367	18.065346
6.92	0.271322051	0.00454180434	-0.338941071	-0.162409893	0.497691315	0.963840147	12.1314097	0.303541224	0.0770315174	0.00282907997	15.730994
6.93	0.271201504	0.00449111418	-0.339130728	-0.163410695	0.497279296	0.73250327	12.337994	0.303959799	0.100582341	0.00337098418	19.035461
6.94	0.269385418	0.00456187437	-0.33922054	-0.164259902	0.496830916	0.495358792	12.5703165	0.304365394	0.0577770134	0.00331281409	18.134915
6.95	0.265911321	0.00474784213	-0.339257142	-0.164993439	0.496454865	0.297202576	12.8146405	0.304678204	0.0899755591	0.00283790418	19.31034
6.96	0.260868223	0.00503903792	-0.33918142	-0.165576183	0.496270815	0.100042244	13.0600158	0.30477405	0.0924092662	0.0024045893	17.588318
6.97	0.254394212	0.00543429655	-0.338984214	-0.165967138	0.496280084	-0.0892273607	13.2631812	0.304506773	0.0819568641	0.00249347866	16.227333
6.98	0.246692792	0.005929873	-0.338692852	-0.166132303	0.496460623	-0.289926105	13.4149504	0.303860153	0.116220779	0.0031868152	15.952373
6.99	0.238068144	0.00665906682	-0.338277129	-0.166046994	0.496904183	-0.496561114	13.4848806	0.303228825	0.102884338	0.00418821054	16.292904
7	0.229402569	0.00752609704	-0.337694794	-0.165865548	0.497007587	-0.602848469	13.5550444	0.303033468	0.0545193611	0.00509973277	17.590921
7.01	0.221541732	0.00846780406	-0.337148352	-0.165418478	0.497152735	-0.880946052	13.6018435	0.302961394	0.0566701976	0.00486217717	20.637025
7.02	0.215148166	0.00940285353	-0.336563258	-0.164748335	0.497447571	-1.05780226	13.5832103	0.302995445	0.057660299	0.00416210103	18.057731
7.03	0.210838322	0.0102210378	-0.336021276	-0.163906395	0.497804754	-1.1860172	13.5171241	0.303177913	0.0880133168	0.00335973518	19.076063
7.04	0.209042433	0.0108177513	-0.33550851	-0.162912506	0.498065939	-1.24228441	13.3827654	0.303456372	0.073414568	0.00288983502	18.722728
7.05	0.209992632	0.011085561	-0.335063194	-0.161791784	0.498176197	-1.22803835	13.2036912	0.303818797	0.0578292597	0.00281328719	17.266835
7.06	0.213664497	0.0109593207	-0.334689688	-0.160560821	0.498095538	-1.16370795	13.005268	0.304231095	0.0776932445	0.00289083473	18.457398
7.07	0.219773463	0.0104568392	-0.334380344	-0.159235781	0.497831674	-1.05234263	12.7945092	0.304634621	0.0492233426	0.00292236495	18.657376
7.08	0.227841878	0.00965158152	-0.334191747	-0.157878168	0.497309406	-0.878819671	12.5780168	0.304998706	0.0864120523	0.00295630769	19.731567
7.09	0.237201404	0.00866835776	-0.334127189	-0.15652955	0.496457046	-0.656367982	12.3360784	0.305210761	0.0871831132	0.00309772791	19.492059
7.1	0.246937091	0.00744630468	-0.33426002	-0.15522354	0.495191556	-0.389131661	12.0617997	0.304535587	0.127828599	0.00357426789	19.481684
7.11	0.255633672	0.00649702236	-0.334588652	-0.153923654	0.493413469	-0.095614627	11.7662801	0.304131705	0.114617933	0.00413566651	19.600205
7.12	0.262743789	0.00585105977	-0.335127391	-0.152595922	0.491270535	0.16006865	11.429756	0.303892866	0.107877861	0.00470423853	20.141351
7.13	0.268075253	0.00544725118	-0.335766577	-0.151292147	0.489116248	0.373075852	11.1281968	0.30390082	0.0946053364	0.0047096634	19.268185
7.14	0.27169573	0.00522781212	-0.336550893	-0.150094486	0.487057284	0.644967643	10.9001886	0.304203203	0.146046934	0.00434606595	19.47624
7.15	0.273781359	0.00511859298	-0.337461449	-0.148994908	0.485024721	0.950453734	10.7606436	0.304715925	0.110343859	0.00376029708	17.641033
7.16	0.274466137	0.00506673116	-0.338473029	-0.147961506	0.483052348	1.252475	10.6975071	0.305255638	0.0866421446	0.00320899131	18.806729
7.17	0.273816066	0.00504054494	-0.339517726	-0.146972429	0.481153495	1.53584964	10.7157491	0.305750773	0.0814541343	0.00279722863	17.790672
7.18	0.27182388	0.0050336433	-0.340622894	-0.146030148	0.479523465	1.77340767	10.7948369	0.306044126	0.0974623729	0.00278302263	20.606143
7.19	0.268472733	0.00505937971	-0.341762303	-0.145160761	0.478173967	1.96203661	10.9051027	0.306053781	0.0882272886	0.00317133776	20.997778
7.2	0.263848953	0.00512418707	-0.342978432	-0.144347445	0.476684718	2.04626544	10.9323484	0.305547263	0.0987600137	0.00400251593	19.273918
7.21	0.258032589	0.00526804325	-0.344161743	-0.14370519	0.47564957	2.18353479	10.9969544	0.304849175	0.085646289	0.00535812659	19.118518
7.22	0.251351524	0.00541701144	-0.345274136	-0.143158472	0.474218171	2.35422409	11.1535328	0.304303106	0.129796927	0.00705374517	19.242803
7.23	0.24396295	0.00575659697	-0.346365227	-0.142865722	0.473305998	2.55791124	11.2282828	0.303683081	0.12654202	0.00794316941	18.842758
7.24	0.236602708	0.00628116918	-0.347402457	-0.142784194	0.472749716	2.79852645	11.2268429	0.303171614	0.0471622653	0.00898866605	21.836474
7.25	0.230119648	0.00682760157	-0.348382499	-0.142843842	0.472976847	2.90461362	11.3094372	0.303008352	0.0567820803	0.00951908458	19.242895
7.26	0.225269913	0.00729754661	-0.349221175	-0.143005712	0.473683053	2.96041345	11.4152795	0.303023783	0.0567822126	0.00900422196	19.964313
7.27	0.222582288	0.00759027548	-0.350005755	-0.143246191	0.474759087	2.95871902	11.5254736	0.303137086	0.0937986421	0.00793523901	19.224544
7.28	0.22232412	0.00763686698	-0.350765912	-0.143539417	0.476179365	2.9140651	11.6435611	0.303318226	0.0505269993	0.00692078415	21.072315
7.29	0.224575667	0.00738322601	-0.35160389	-0.143835348	0.477849616	2.76981202	11.77139	0.30350618	0.0955974086	0.0062536251	19.323056
7.3	0.229191707	0.00683760865	-0.352514176	-0.144137728	0.479615092	2.62241821	11.9208983	0.303700971	0.168486904	0.00612614084	18.478136
7.31	0.235831334	0.00607392546	-0.353468442	-0.144385201	0.481435516	2.42418432	12.0592834	0.303794463	0.0719093753	0.00630846358	19.780081
7.32	0.244036798	0.00519546343	-0.354459603	-0.144549118	0.483305339	2.15575697	12.152944	0.303658897	0.0820364284	0.00637143726	19.153462
7.33	0.253273868	0.00431591144	-0.355536954	-0.1446332	0.485204857	1.80519657	12.223853	0.3034247	0.0593483707	0.00608773417	18.346226
7.34	0.262979043	0.00350169454	-0.356590778	-0.144725486	0.486682152	1.43694991	12.3259056	0.303362296	0.0651410337	0.00457459687	18.810435
7.35	0.272164728	0.00288138188	-0.357691943	-0.144702289	0.488130595	0.973715214	12.3815876	0.30317986	0.0866498504	0.00589820701	19.1739
7.36	0.279609073	0.00252340207	-0.358791248	-0.144583972	0.489386162	0.504977847	12.3691327	0.302954492	0.112364032	0.0180866915	18.385571
7.37	0.284547203	0.00243478478	-0.359828847	-0.144380742	0.490368781	0.0547031384	12.3025174	0.303019787	0.0982610902	0.0204640224	18.234312
7.38	0.287028645	0.00256392523	-0.360792114	-0.144106888	0.491023138	-0.368629918	12.2038592	0.303441542	0.0945951187	0.0159989051	20.066832
7.39	0.287623991	0.00282565625	-0.361660472	-0.143770977	0.491276682	-0.740024782	12.0952816	0.304014803	0.0808348955	0.00915427651	19.174569
7.4	0.287358617	0.0030533999	-0.362468468	-0.143400118	0.491058121	-1.03097325	12.012955	0.304449297	0.0890897067	0.00704738898	17.432342
7.41	0.287118789	0.00308510608	-0.363236936	-0.143003467	0.490496219	-1.24175589	11.974522	0.304466509	0.107961315	0.019127416	18.147417
7.42	0.286931603	0.00293287962	-0.363987756	-0.142609138	0.489650617	-1.33904657	11.9675638	0.304081432	0.0612201343	0.0174228492	18.685078
7.43	0.286060517	0.00275235568	-0.364747484	-0.142233852	0.488605136	-1.31249218	12.013474	0.303669043	0.085871335	0.00661060543	17.231089
7.44	0.28348817	0.00272793302	-0.365491724	-0.141823716	0.487446421	-1.24113774	12.0773788	0.303516257	0.10918381	0.0104664342	18.880327
7.45	0.278998423	0.00287454005	-0.366234782	-0.141336356	0.486162797	-1.11706597	12.1241023	0.303514485	0.102577184	0.0112810991	15.811251
7.46	0.273311522	0.00313366994	-0.367037501	-0.140757572	0.484900225	-0.996632605	12.1631464	0.303575969	0.0823756327	0.00515629308	16.385502
7.47	0.267883602	0.00337106122	-0.367935883	-0.140075624	0.483866977	-0.911203302	12.2087262	0.303641519	0.121930285	0.0219733743	17.832784
7.48	0.263889591	0.00349065083	-0.368903858	-0.139267415	0.482996007	-0.88039351	12.2437652	0.30372336	0.123600268	0.0250823632	19.241122
7.49	0.261959287	0.00341556307	-0.369943271	-0.138483586	0.481856512	-0.796590231	12.3592529	0.304141153	0.088075828	0.0196215215	15.700867
7.5	0.262181989	0.00324964679	-0.371014548	-0.137561447	0.480708099	-0.787285786	12.3432429	0.304341939	0.0659884912	0.0145943866	16.109902
7.51	0.264596718	0.00301028463	-0.372196692	-0.136473675	0.479809217	-0.889874419	12.3307776	0.304660315	0.0910689764	0.0104885467	20.737247
7.52	0.268827221	0.00272048855	-0.373390923	-0.13522805	0.479566135	-0.96795177	12.4384844	0.305211327	0.0719797384	0.00574327331	16.463985
7.53	0.272924776	0.0025248916	-0.374538384	-0.133812368	0.479591163	-1.1179236	12.6336267	0.305849236	0.0770278425	0.0330998668	19.719382
7.54	0.275189355	0.00244497117	-0.375667263	-0.132314046	0.480133085	-1.18817054	12.7921362	0.305974748	0.076862431	0.0385553062	17.946196
7.55	0.274774501	0.0025504615	-0.376640651	-0.130782104	0.480978024	-1.22764795	12.9077444	0.306320644	0.115742578	0.0261835822	20.22512
7.56	0.271640896	0.00288917287	-0.377410734	-0.129201961	0.482091524	-1.3011817	12.9359132	0.30667142	0.077454109	0.0201504273	17.423201
7.57	0.268079124	0.00318180956	-0.377923347	-0.127575944	0.48345308	-1.36120299	12.8705213	0.306151344	0.0700434986	0.0278771317	17.914839
7.58	0.26573863	0.00314857425	-0.378190379	-0.125954673	0.485073933	-1.37525431	12.6980777	0.30450923	0.0802432849	0.041228977	19.27484
7.59	0.26452982	0.00308081274	-0.378233885	-0.124423065	0.486927449	-1.25675085	12.4898308	0.303415337	0.114666104	0.0289458518	18.281569
7.6	0.265098639	0.00298189731	-0.37806898	-0.123057125	0.488664792	-0.881622765	12.3869471	0.303273366	0.161968352	0.0201934207	18.230219
7.61	0.267955198	0.00285930184	-0.377617957	-0.121768193	0.490486033	-0.450688857	12.3225247	0.303630023	0.104281022	0.0131608267	18.680456
7.62	0.273346402	0.00268606361	-0.376929535	-0.120534272	0.492248171	0.0218148089	12.3075751	0.304343901	0.071906273	0.00610580143	17.416657
7.63	0.280563403	0.00253642425	-0.376108301	-0.119319995	0.493223857	0.395297567	12.2463308	0.305195581	0.110518862	0.0175666977	19.755893
7.64	0.287869511	0.00244937716	-0.375062433	-0.11814866	0.494084105	0.787996974	12.2686306	0.306114072	0.0658588864	0.0412459671	17.096577
7.65	0.293871066	0.00239289794	-0.37380572	-0.117007136	0.494855124	1.18060671	12.3801334	0.30686128	0.11821957	0.0382733025	18.643739
7.66	0.297754278	0.00241166739	-0.37233762	-0.115875043	0.495427525	1.54320534	12.5606885	0.308017781	0.115842609	0.0233027541	16.933086
7.67	0.299346348	0.00249441983	-0.370695761	-0.114745676	0.495948825	1.86542744	12.8251335	0.309500475	0.103507361	0.014903317	16.605998
7.68	0.298690429	0.00261428554	-0.368907282	-0.113593295	0.496412225	2.1000656	13.1325322	0.310917581	0.108288063	0.0097206363	17.540879
7.69	0.295800866	0.00279169444	-0.366975942	-0.112510396	0.497214034	2.28365569	13.4369024	0.311865913	0.118906683	0.00639887951	15.156424
7.7	0.290699123	0.00304751278	-0.364962227	-0.111523068	0.498557267	2.42105261	13.7392597	0.312257348	0.151803481	0.00457809258	15.482166
7.71	0.283410025	0.0034202439	-0.362868466	-0.110650218	0.50033882	2.50359618	14.0028841	0.312045792	0.0917170153	0.00453398323	14.884454
7.72	0.274024036	0.00397342913	-0.360718556	-0.109939476	0.502569963	2.58182108	14.2230981	0.311300174	0.0872611789	0.00454991747	15.611737
7.73	0.262888467	0.00474532479	-0.35849279	-0.109475653	0.504954288	2.74394359	14.3927679	0.310119603	0.101935836	0.00382409786	17.768235
7.74	0.250669965	0.00562435536	-0.356349019	-0.10920875	0.50778958	2.81369122	14.5034508	0.308297466	0.0962738409	0.00933641058	20.173137
7.75	0.238317221	0.00638994791	-0.354393399	-0.108946395	0.51014622	2.73972904	14.6031559	0.306140186	0.128126668	0.0174630867	15.900082
7.76	0.22614883	0.00707873988	-0.352697222	-0.108901594	0.513006062	2.70178394	14.6525238	0.303400543	0.106147467	0.01672141	16.405007
7.77	0.21445994	0.00819603508	-0.351250965	-0.109038571	0.516010507	2.65525559	14.6764317	0.301835668	0.0626878318	0.0126361509	15.19553
7.78	0.20473518	0.00962903722	-0.35011304	-0.109319502	0.519070023	2.57825916	14.6978745	0.301338346	0.115398006	0.00850885795	16.056646
7.79	0.198288184	0.0110955798	-0.349294788	-0.109733482	0.522222182	2.47531086	14.7310347	0.301621207	0.116521622	0.00393594197	18.883888
7.8	0.19533876	0.0122069398	-0.348840853	-0.110218835	0.525300433	2.31143082	14.8033326	0.302343448	0.165719404	0.0027990255	18.990447
7.81	0.195661485	0.0128611191	-0.34871976	-0.110750788	0.528282574	2.08767781	14.9001938	0.303250043	0.0848992758	0.00656073803	17.789293
7.82	0.199053695	0.0129913614	-0.348909395	-0.111286605	0.53116942	1.79555981	15.0150383	0.304159196	0.0778972999	0.0059331366	15.236752
7.83	0.205427342	0.0125656583	-0.349363867	-0.111787505	0.533954222	1.45095248	15.1249631	0.30492831	0.0895597217	0.00229578695	17.264979
7.84	0.214777322	0.0115690862	-0.350061399	-0.112246802	0.536630261	1.08289466	15.2227673	0.305499671	0.035954471	0.00365603748	17.843478
7.85	0.22670191	0.00937698394	-0.350979844	-0.112667016	0.53909175	0.688551479	15.2675089	0.303993219	0.104265069	0.00975219742	17.284124
7.86	0.239375112	0.00735154484	-0.352097671	-0.113075241	0.541101351	0.311926919	15.3254541	0.303118647	0.128867711	0.0135404842	15.464469
7.87	0.252087216	0.00565544427	-0.353389276	-0.113531572	0.542476101	-0.010568213	15.4065553	0.302846093	0.163162182	0.0119994736	16.625396
7.88	0.264386575	0.00428735597	-0.354849186	-0.114032233	0.543134151	-0.278868267	15.5206657	0.303027808	0.135252637	0.0107539162	15.811524
7.89	0.274620061	0.00342455384	-0.356385075	-0.114581373	0.54299507	-0.466639994	15.6298741	0.303599989	0.123381694	0.0186808699	15.727767
7.9	0.281627464	0.00308481904	-0.357998297	-0.115162642	0.542033031	-0.561784904	15.74558	0.305028933	0.10063523	0.0281523885	17.483723
7.91	0.285711096	0.00304826364	-0.359667765	-0.115775417	0.540253019	-0.574649023	15.851939	0.306971556	0.0923629116	0.0172729179	20.111163
7.92	0.287370662	0.00315776102	-0.361360218	-0.116422674	0.537682329	-0.486340432	15.9474746	0.309016232	0.0986489664	0.0124911396	18.311349
7.93	0.286928448	0.00333643568	-0.362977802	-0.117080937	0.534337796	-0.29007384	15.9950204	0.310754887	0.170106663	0.00949250437	18.755042
7.94	0.284500237	0.00356821322	-0.364506265	-0.117758285	0.530308182	0.00625036987	15.9876821	0.31201306	0.163535985	0.00783477938	15.836889
7.95	0.280016754	0.00389782047	-0.365997068	-0.118392889	0.526008864	0.22636779	15.8597428	0.312432828	0.156878354	0.00765642302	19.952104
7.96	0.273616244	0.00434706844	-0.367442968	-0.118953859	0.521526352	0.413285282	15.5887554	0.311971974	0.107489111	0.00725609212	19.501202
7.97	0.267450801	0.00447185896	-0.368850945	-0.119431114	0.516856061	0.549093035	15.181512	0.310195394	0.108878982	0.0416305603	17.575495
7.98	0.26220479	0.004200375	-0.370269538	-0.11981161	0.512163617	0.618371251	14.6198714	0.307216462	0.171709876	0.0384579122	18.975743
7.99	0.257551439	0.00375181359	-0.371739044	-0.120014103	0.507158034	0.547279131	13.9697292	0.303730995	0.0927689143	0.0279917809	19.900911
8	0.253049501	0.00372190396	-0.373280509	-0.120138422	0.501962552	0.497835074	13.2394318	0.30172783	0.0992088053	0.0149484868	18.702446
8.01	0.250601651	0.00389410644	-0.374836464	-0.120161451	0.496505632	0.436748571	12.435103	0.300968986	0.134607297	0.0164801084	19.268499
8.02	0.251169642	0.00399572351	-0.376293303	-0.119908166	0.491664938	0.0314701797	11.7976922	0.301360517	0.126743412	0.0088803394	19.422141
8.03	0.254792911	0.00387575564	-0.377644099	-0.119554374	0.48693512	-0.48861431	11.3609868	0.302513876	0.0758162152	0.00405042493	20.337769
8.04	0.261160463	0.00355052442	-0.378867417	-0.119044698	0.483073772	-0.924739044	11.090546	0.303880137	0.0924231813	0.00294783218	18.274966
8.05	0.27007759	0.00306487243	-0.379867301	-0.118436514	0.479945695	-1.31782474	10.9301283	0.305159142	0.114552419	0.00232521081	18.965089
8.06	0.281446352	0.00249001216	-0.380639557	-0.11774052	0.477372406	-1.6622	10.8605852	0.306247006	0.0840828653	0.00207196537	17.324143
8.07	0.295160346	0.00177896545	-0.381168713	-0.116976353	0.475619034	-1.95805469	10.8520325	0.305281381	0.0672283191	0.00721136093	18.816262
8.08	0.30631352	0.00152451148	-0.381418309	-0.116220687	0.474675896	-2.16498035	10.9031374	0.304867062	0.101822238	0.0503564345	17.352239
8.09	0.313220095	0.00149478332	-0.381343612	-0.11557078	0.474291999	-2.16914977	10.9026323	0.305398047	0.0900325408	0.0351764535	16.826345
8.1	0.316071573	0.00153227125	-0.381036659	-0.114852289	0.474281939	-2.24428825	11.0138066	0.307023	0.0824229287	0.026165943	18.242999
8.11	0.315802096	0.00163455055	-0.380483186	-0.114055	0.474365717	-2.33409057	10.9786625	0.308422116	0.0840360362	0.0172916765	18.849878
8.12	0.313350444	0.00180904353	-0.379602987	-0.113343335	0.474979618	-2.21966585	10.9441387	0.309525382	0.1128608	0.0108558029	19.875836
8.13	0.309273186	0.00206167971	-0.378418525	-0.112688025	0.476031675	-1.98852378	10.9082741	0.310083354	0.100731399	0.0076156593	21.517034
8.14	0.303387474	0.0024497251	-0.37699899	-0.112031735	0.477451813	-1.68390061	10.8729628	0.31006763	0.111155	0.0156651782	18.062386
8.15	0.298104139	0.0026733581	-0.375406243	-0.111472472	0.478609668	-1.21135689	10.960107	0.309378971	0.120559842	0.0396469599	18.142147
8.16	0.293841074	0.0026259402	-0.373648115	-0.110885786	0.479861194	-0.801269322	11.0642697	0.307684633	0.11892469	0.0333771933	18.275175
8.17	0.289290031	0.00252818771	-0.371687956	-0.110267288	0.481063083	-0.412986102	11.1745483	0.30567324	0.0758472352	0.00967485082	18.708023
8.18	0.28277108	0.00267462439	-0.369565379	-0.109630864	0.482227593	-0.0272529527	11.3331737	0.304549056	0.121023161	0.0190011554	16.838022
8.19	0.274599426	0.00305395486	-0.367289972	-0.108983597	0.483337606	0.363006567	11.5442138	0.304101697	0.101886348	0.0114991084	18.450592
8.2	0.266071713	0.00354459018	-0.364894928	-0.108309147	0.484259131	0.723582172	11.7878483	0.304047625	0.084590872	0.0058314423	17.646878
8.21	0.258286265	0.00406156805	-0.362391502	-0.107758601	0.485299365	1.12228551	12.0316582	0.304142315	0.166498545	0.0115620727	18.234034
8.22	0.251864831	0.00453741858	-0.359769092	-0.107357388	0.486410252	1.53203091	12.2656103	0.304355246	0.0914110733	0.00852567919	18.981656
8.23	0.247100271	0.00493375682	-0.357196911	-0.107103685	0.487403236	1.87755178	12.450018	0.304621578	0.149880251	0.00406342122	16.026987
8.24	0.243963259	0.00524691251	-0.354613843	-0.107098878	0.488670821	2.28477605	12.6776643	0.305027619	0.091212916	0.00358823822	19.116174
8.25	0.242124096	0.00537338863	-0.352054201	-0.107301799	0.49051586	2.49682309	13.0325846	0.305575539	0.0605554248	0.00636464412	19.309405
8.26	0.240993688	0.00537491959	-0.349522826	-0.107645568	0.492756489	2.56208887	13.4205329	0.305988067	0.0778679116	0.0091276495	17.520713
8.27	0.239909131	0.00533834094	-0.347012329	-0.108135921	0.49509568	2.52894689	13.7880762	0.306192139	0.0900527453	0.0103875743	16.972201
8.28	0.238287051	0.00533949732	-0.344549806	-0.108816761	0.497375612	2.51928852	14.1545283	0.306266928	0.117001299	0.00999033884	19.888788
8.29	0.235556935	0.00538428983	-0.34220439	-0.109618427	0.499853673	2.37938463	14.4392074	0.30580292	0.067731531	0.00873188057	17.384467
8.3	0.231308061	0.00565476219	-0.339994613	-0.110474411	0.502485289	2.15959706	14.6571191	0.305318848	0.0865461383	0.00715474329	17.251181
8.31	0.225761776	0.00614224588	-0.337875335	-0.1112147	0.504918486	1.7809112	14.8238035	0.304945	0.0796122273	0.00588091424	16.32803
8.32	0.219312793	0.00692928321	-0.336019165	-0.11199305	0.507636174	1.41618743	14.9372929	0.304640828	0.0902408326	0.00512838996	16.093266
8.33	0.212595382	0.00801382968	-0.334379625	-0.112799167	0.510555995	1.05729052	14.9754787	0.304420398	0.0843046585	0.00450564449	18.750176
8.34	0.206416323	0.00932270646	-0.332966178	-0.113610523	0.51361723	0.69551556	14.9493676	0.304331513	0.0681084304	0.00404317937	15.788808
8.35	0.201609505	0.0106917366	-0.331802218	-0.114444176	0.516680159	0.331191921	14.8899263	0.304423159	0.113669565	0.00371948393	18.098883
8.36	0.198839311	0.0119302822	-0.330879435	-0.115319882	0.519693041	-0.020239272	14.8082452	0.304655563	0.0953729388	0.00347572944	16.246919
8.37	0.198535994	0.0128256699	-0.330229751	-0.116257408	0.52256279	-0.346951349	14.7328088	0.305009928	0.122949704	0.00322621851	18.149554
8.38	0.200804621	0.013184863	-0.329922756	-0.117292965	0.525217435	-0.613340502	14.7125261	0.305477222	0.116283803	0.00281830178	20.476239
8.39	0.205391889	0.0129378058	-0.329957836	-0.118433292	0.527527637	-0.804444935	14.759811	0.305983293	0.125118422	0.0021330667	19.497539
8.4	0.211727981	0.0121522113	-0.330293614	-0.119679682	0.529472361	-0.935144071	14.8557641	0.306340405	0.0698941401	0.00138854719	18.077358
8.41	0.21884506	0.0107543291	-0.330910044	-0.121053704	0.531062223	-0.992632157	14.981895	0.305771633	0.0878451253	0.00124522926	16.853038
8.42	0.22528749	0.00951557723	-0.331793682	-0.122526915	0.53230132	-0.986809024	15.1525477	0.305459504	0.0809485048	0.00204287512	17.299912
8.43	0.230369713	0.00859461182	-0.332938323	-0.124090254	0.533423573	-0.921682639	15.3418965	0.305294084	0.134137098	0.00283166762	18.187127
8.44	0.233755821	0.00803026073	-0.334339536	-0.125719753	0.534495291	-0.821940225	15.53364	0.305257515	0.0545942985	0.00355132989	17.463634
8.45	0.235426631	0.0077780552	-0.335962294	-0.127367023	0.535477872	-0.727397356	15.7146218	0.305299995	0.0849214781	0.00425441264	18.080666
8.46	0.235569215	0.00776094016	-0.337806853	-0.12899852	0.536427837	-0.657636106	15.8719584	0.30529382	0.0885899536	0.00502059218	17.354951
8.47	0.234493666	0.00793479737	-0.339838266	-0.130575034	0.537337332	-0.631803109	15.9935893	0.305241357	0.0943190215	0.00609214457	16.894363
8.48	0.232692998	0.00826195104	-0.342053694	-0.132068229	0.538300167	-0.674300867	16.0635877	0.305144374	0.100918396	0.00776322296	18.540427
8.49	0.230925694	0.0085788825	-0.344357221	-0.133608174	0.53871844	-0.641859009	16.1342671	0.305213664	0.105710911	0.0104227364	21.615017
8.5	0.229824512	0.00884835516	-0.346873684	-0.135059967	0.5392029	-0.715825561	16.1444176	0.305206829	0.0826247479	0.0127135283	18.983086
8.51	0.230092807	0.00898373386	-0.349545421	-0.13643551	0.539628282	-0.802692008	16.1022336	0.305217831	0.0837293384	0.0147357399	18.547507
8.52	0.232356798	0.00889894507	-0.352288198	-0.137776535	0.539723277	-0.844702537	16.0036019	0.305303826	0.142183449	0.0153750961	18.53191
8.53	0.237032153	0.00853568402	-0.355079117	-0.139058258	0.539394118	-0.859797439	15.8552714	0.305471932	0.079657074	0.0143289695	17.832348
8.54	0.24426827	0.00786763247	-0.357952606	-0.140309079	0.538627811	-0.834583662	15.6970138	0.305739477	0.112179854	0.0124191306	18.717701
8.55	0.254009731	0.00695024407	-0.360923297	-0.14155623	0.537594283	-0.754705434	15.5119235	0.305980439	0.071241214	0.012541393	18.92565
8.56	0.265998848	0.00586416667	-0.364018497	-0.142811709	0.5362591	-0.628497174	15.3063989	0.306161077	0.0633529498	0.0123797037	17.985911
8.57	0.279784025	0.00473039757	-0.367302655	-0.144090983	0.534582748	-0.438721085	15.113211	0.306284165	0.0862346797	0.0144382008	20.015132
8.58	0.291524655	0.00406886676	-0.37081273	-0.14545033	0.532712585	-0.151576483	14.9076319	0.306270573	0.115821326	0.0515586072	21.053841
8.59	0.300060475	0.00384036086	-0.374503102	-0.146930336	0.530631483	0.241128635	14.6674079	0.306901238	0.0704637853	0.0311390787	19.017133
8.6	0.305537825	0.00386627683	-0.37838469	-0.14846865	0.528095628	0.690792429	14.3988333	0.308093437	0.206478334	0.0226485087	20.52072
8.61	0.308632001	0.00401039442	-0.382406577	-0.150043991	0.525050539	1.16647256	14.0934076	0.309394504	0.115257452	0.0171830199	17.694652
8.62	0.309759598	0.00420748602	-0.386524321	-0.151609372	0.52137451	1.63343144	13.7406489	0.310463035	0.107053656	0.0139605183	17.922495
8.63	0.311954298	0.00405495955	-0.390719722	-0.153137053	0.517088275	2.07195417	13.3346189	0.310155645	0.106011965	0.0559439605	24.155717
8.64	0.315787492	0.00360951495	-0.394931629	-0.154618204	0.512110651	2.42379348	12.8737126	0.308593209	0.0955041067	0.0485201175	28.185864
8.65	0.317767555	0.0033317963	-0.399119708	-0.156030207	0.506465002	2.65230358	12.34889	0.307230096	0.0915896761	0.0339689891	24.034092
8.66	0.316837762	0.00318737053	-0.403307816	-0.157349333	0.500209563	2.74093464	11.7643098	0.30639706	0.0843539259	0.0259841141	22.539997
8.67	0.313455395	0.00309718249	-0.40747896	-0.158573972	0.493348434	2.68294456	11.1195436	0.305892394	0.0802482564	0.0192740329	19.007669
8.68	0.308937737	0.00300901376	-0.411614797	-0.159678766	0.485957305	2.46461868	10.402737	0.30535232	0.103339646	0.0170016865	23.919025
8.69	0.303922709	0.00299646422	-0.415643529	-0.160790568	0.478909331	2.42671374	9.83284685	0.305120389	0.103364926	0.0147880028	19.169837
8.7	0.296867995	0.0032542381	-0.419555006	-0.161943567	0.472120631	2.50646454	9.40722148	0.305381844	0.142052025	0.0429383532	19.859154
8.71	0.291131562	0.00364850166	-0.423311609	-0.163237213	0.465952698	2.87311007	9.0541914	0.305617354	0.136926346	0.0422708653	21.82945
8.72	0.286197096	0.00403925734	-0.426814951	-0.164767434	0.46044889	3.46366853	8.72333478	0.303930599	0.131192417	0.0569218281	19.195523
8.73	0.281700708	0.00450739531	-0.430062622	-0.166387728	0.456550185	3.86412685	8.71763834	0.303387882	0.0765537221	0.0393568177	18.814149
8.74	0.279155285	0.00471512447	-0.432995714	-0.168062813	0.454029125	4.22688995	8.93413008	0.303202017	0.0821101087	0.0224790619	25.37971
8.75	0.279546498	0.00440724877	-0.435628223	-0.169711509	0.45177248	4.4843632	9.2035393	0.302947514	0.0965186891	0.0330045031	26.169875
8.76	0.282522959	0.00381412175	-0.43767865	-0.171366948	0.450740942	4.77698647	9.55314977	0.302581865	0.0782372401	0.0417220689	21.551346
8.77	0.284608967	0.00363004959	-0.439130224	-0.172992818	0.450719039	5.06913898	9.93020263	0.302785537	0.0567364533	0.0410132934	23.792333
8.78	0.288038558	0.00337854977	-0.440025814	-0.174561943	0.451626962	5.31382369	10.3250211	0.302806243	0.111730804	0.0406349864	19.698089
8.79	0.289050704	0.00329967481	-0.44038204	-0.17601747	0.453323636	5.46742006	10.709816	0.302917273	0.0681184619	0.0543459624	21.152059
8.8	0.287491185	0.00318507123	-0.440306382	-0.177210474	0.455373647	5.37832876	11.1578211	0.30368409	0.0816669458	0.0408384802	18.235959
8.81	0.282758575	0.00320579641	-0.43979928	-0.17820065	0.45817438	5.25353284	11.4856784	0.304570536	0.133051218	0.0402032871	19.599525
8.82	0.275050813	0.00355014245	-0.439001241	-0.179108274	0.461028421	5.20838207	11.5505338	0.305131961	0.0765857556	0.0354635274	21.877004
8.83	0.26410614	0.0043995639	-0.437891991	-0.179756228	0.464576245	4.94682926	11.5502995	0.305419096	0.0862400784	0.0418916945	18.549172
8.84	0.254425197	0.00512581819	-0.436438211	-0.180257488	0.468297757	4.59950721	11.5551363	0.304355884	0.10972957	0.0565976118	26.085483
8.85	0.247434853	0.00516848335	-0.434759461	-0.180511592	0.472314037	4.1476974	11.5216356	0.30147245	0.114591984	0.0565813019	27.010002
8.86	0.243549465	0.00503513366	-0.432802743	-0.180520872	0.476314765	3.68562928	11.5154118	0.299805429	0.0922696644	0.0524648523	23.252336
8.87	0.241300293	0.00521033402	-0.430597632	-0.180304751	0.480143786	3.23819339	11.5768676	0.299572286	0.0993913943	0.0299381057	17.046654
8.88	0.241102539	0.00538405985	-0.428117193	-0.179899174	0.483809078	2.8380233	11.7186177	0.300150636	0.120699115	0.0167046137	15.651209
8.89	0.244070937	0.00503764837	-0.425357055	-0.179326045	0.48732536	2.4651354	11.9466333	0.300926029	0.101825754	0.0292416527	16.937276
8.9	0.248653542	0.00465212084	-0.422357865	-0.178618488	0.490640616	2.14921148	12.2800361	0.302077937	0.115969473	0.0203024853	17.892768
8.91	0.254364386	0.00431802729	-0.419155423	-0.177775544	0.493684647	1.87590592	12.722368	0.303441531	0.102575584	0.027064158	15.723737
8.92	0.261948867	0.00355825724	-0.415836114	-0.176874907	0.495907246	1.75844781	13.0833922	0.302808576	0.080094198	0.0111544453	17.838999
8.93	0.272561817	0.00257869183	-0.412232369	-0.175809983	0.497931385	1.60790188	13.5646403	0.30242242	0.116432355	0.0401712613	15.997019
8.94	0.281945968	0.0020108877	-0.408395468	-0.174606267	0.499555402	1.48904331	14.0893798	0.302630865	0.112943642	0.0463719421	17.68404
8.95	0.286563981	0.00188651047	-0.404377439	-0.173303581	0.500790023	1.41269672	14.6434225	0.304369677	0.108160264	0.0566531663	17.47472
8.96	0.285541708	0.00203934276	-0.400244485	-0.171954618	0.501713251	1.40161892	15.1942781	0.307367494	0.12091066	0.0545002481	18.426513
8.97	0.280667659	0.00243484184	-0.396026053	-0.170471199	0.502633397	1.37995007	15.616631	0.310252385	0.106738771	0.025147335	17.710083
8.98	0.273350645	0.00302861869	-0.391717903	-0.168781022	0.503423476	1.22598919	15.9232859	0.312347717	0.112031118	0.0139714172	18.749125
8.99	0.266984282	0.00330251587	-0.387533619	-0.166992022	0.504350693	1.15369989	16.0873405	0.312348359	0.110486302	0.0566492203	18.387182
9	0.262307226	0.00308437554	-0.383549745	-0.165124142	0.505447143	1.08042745	16.1453657	0.310373305	0.131531479	0.053584093	17.737039
9.01	0.254600629	0.00323509475	-0.379723063	-0.163185909	0.506622775	1.0055161	16.0910666	0.308125884	0.104455317	0.0461096194	20.150718
9.02	0.243149778	0.00397753196	-0.376151901	-0.161222517	0.507988326	0.922598729	15.9573517	0.306212207	0.11897163	0.0328759303	18.836089
9.03	0.231868364	0.00472468999	-0.372840857	-0.159272069	0.509591054	0.825863726	15.7436158	0.303590315	0.0846621814	0.045323371	18.284082
9.04	0.222489719	0.00547298288	-0.36978105	-0.157359234	0.511293316	0.748138601	15.5098019	0.301820031	0.0844348117	0.0386069864	17.591119
9.05	0.216243483	0.00621887873	-0.366982042	-0.155525528	0.513019909	0.702478403	15.2913053	0.301069593	0.0809644082	0.0226378061	19.210864
9.06	0.213380516	0.00688350137	-0.364434627	-0.153809646	0.514846768	0.67345602	15.0788269	0.30105753	0.086761357	0.0130021665	16.955286
9.07	0.213723899	0.00736989926	-0.362103451	-0.152348154	0.516425594	0.782648289	14.89229	0.301664329	0.0995016521	0.00919279259	20.302581
9.08	0.217114624	0.00767225127	-0.360077067	-0.151113487	0.518162185	0.888550501	14.7031348	0.302480516	0.0845353542	0.00787901688	17.661094
9.09	0.223439476	0.00772828988	-0.358365381	-0.150133406	0.520019105	1.06231626	14.5298538	0.303398868	0.0811355807	0.00706658727	20.210126
9.1	0.232623696	0.00739151725	-0.356875214	-0.149190548	0.521319588	1.17851627	14.4240008	0.304378812	0.101118315	0.00631657963	18.148218
9.11	0.244554491	0.00675441712	-0.355764613	-0.148525582	0.522540002	1.3716402	14.3668569	0.305272601	0.134276405	0.00653372063	17.972157
9.12	0.258871952	0.00548733239	-0.354982741	-0.148082457	0.523597814	1.52578838	14.3048698	0.304153516	0.152352418	0.00605022955	23.716762
9.13	0.273898158	0.00445436157	-0.354475794	-0.147812944	0.524229928	1.62678458	14.3034685	0.303653567	0.127293804	0.00525814334	19.14153
9.14	0.286647028	0.00386688337	-0.354294828	-0.147698347	0.524449986	1.65629155	14.3518356	0.303858181	0.121803121	0.0451455119	18.829128
9.15	0.295982847	0.00365721836	-0.354466106	-0.147707869	0.524229	1.62506411	14.4470188	0.305209596	0.154536393	0.0291180685	19.011469
9.16	0.301974639	0.00366552558	-0.354837772	-0.147856059	0.523540418	1.53463465	14.5366079	0.307159968	0.0676644804	0.0206347762	17.594587
9.17	0.305167165	0.0037705465	-0.355431807	-0.148116989	0.522336972	1.40648679	14.6542523	0.309315273	0.123835823	0.0145569678	16.449272
9.18	0.30602081	0.00390835972	-0.356185096	-0.148492922	0.520651735	1.27121334	14.776377	0.311213125	0.0990697648	0.0101529653	18.340325
9.19	0.304764782	0.0040532524	-0.357046228	-0.149016964	0.518577691	1.16052126	14.8784206	0.312577498	0.123597226	0.00695859	19.520039
9.2	0.301468263	0.00420952194	-0.357986294	-0.149716222	0.516186124	1.13172365	14.9388946	0.313308752	0.132199729	0.00436922926	17.896346
9.21	0.296120911	0.0044071269	-0.358969842	-0.150614685	0.513545983	1.23555459	14.9334822	0.313400977	0.123948485	0.00268260874	19.150066
9.22	0.288713276	0.00469012659	-0.360005856	-0.151736831	0.510720952	1.49708397	14.849614	0.312914745	0.139324771	0.0020296516	19.076878
9.23	0.279237785	0.00510001977	-0.361176015	-0.153143713	0.50783822	1.71954721	14.6709419	0.311821825	0.0843791793	0.00301137382	20.358812
9.24	0.267902857	0.00571734507	-0.36236687	-0.154788007	0.504911726	2.02254081	14.3546217	0.310061285	0.089797125	0.00645144914	18.186123
9.25	0.257193555	0.00599638487	-0.363498395	-0.156417312	0.501396431	2.27595049	13.9405872	0.307326102	0.108943403	0.0445681523	21.459586
9.26	0.247615708	0.0059761369	-0.364665892	-0.158280895	0.497900202	2.63994953	13.3684062	0.303533453	0.0872187211	0.0339453724	20.289694
9.27	0.239201726	0.00628845684	-0.365836601	-0.160335046	0.494220295	3.08405976	12.6990126	0.301177315	0.0921978524	0.0235704144	18.747715
9.28	0.23341245	0.00664444229	-0.367030473	-0.162383474	0.491276988	3.19315062	12.2607866	0.300487932	0.0871954073	0.015750889	17.86648
9.29	0.230955363	0.00679114838	-0.368165207	-0.164348698	0.488850577	3.10476653	11.9593441	0.300682347	0.090987116	0.0114422097	18.971278
9.3	0.231873516	0.00662008055	-0.369149349	-0.166200219	0.486742424	2.87198348	11.733441	0.301286893	0.09111504	0.00910964677	16.240055
9.31	0.23598784	0.00613854202	-0.37007641	-0.167987119	0.484830783	2.59714571	11.5633475	0.30207358	0.108154117	0.00757152284	17.885141
9.32	0.243034816	0.00539902094	-0.370931893	-0.169671477	0.483044138	2.26951707	11.4328815	0.302875998	0.0636276952	0.00596452279	19.418806
9.33	0.252604864	0.0044418975	-0.371820078	-0.171354381	0.481324214	2.10800233	11.5104158	0.304000864	0.145840769	0.00402062626	18.735162
9.34	0.264483121	0.00342737921	-0.372665465	-0.172890155	0.480256743	1.86813284	11.6583498	0.304817083	0.0786877121	0.00267571125	19.086933
9.35	0.278388446	0.00227246522	-0.373456039	-0.174256529	0.479758762	1.53361671	11.8061832	0.303434121	0.096664743	0.00387955175	18.135387
9.36	0.289425835	0.00173525524	-0.374108324	-0.175428854	0.479712632	1.10681403	11.9562364	0.302554177	0.0874545205	0.0542029527	17.968809
9.37	0.296449692	0.00157796899	-0.374631617	-0.176537782	0.479359818	0.782173907	11.9409033	0.302669693	0.127551046	0.0343831213	19.120926
9.38	0.299649287	0.00160863119	-0.374988939	-0.17746195	0.479268309	0.367891702	11.9598525	0.303818476	0.107199562	0.0250453607	18.679688
9.39	0.299981729	0.00177404362	-0.375168849	-0.178160661	0.479122566	-0.168028443	12.0132972	0.305382463	0.0612767918	0.0169667102	18.8313
9.4	0.298157976	0.00205486756	-0.375192948	-0.178693686	0.479018094	-0.635418084	12.0513119	0.306756833	0.11723421	0.0120496242	19.664284
9.41	0.294062887	0.00249395034	-0.375113542	-0.179167348	0.478658523	-0.999101583	12.1389332	0.308020612	0.112545108	0.0208343375	16.825905
9.42	0.291037681	0.00265593963	-0.374798659	-0.179506377	0.478221011	-1.34154582	12.1672473	0.307808438	0.107028037	0.0546369747	21.704974
9.43	0.289280541	0.00252764297	-0.374308898	-0.179695615	0.47765627	-1.59807327	12.1477423	0.306387651	0.102906767	0.040765078	19.603128
9.44	0.285006187	0.00262645817	-0.373726872	-0.179836366	0.476684904	-1.73054363	12.1576407	0.305339918	0.144050649	0.0376433445	17.516641
9.45	0.277378087	0.00303627518	-0.372901523	-0.179749996	0.475837813	-1.8056007	12.058052	0.304534642	0.106701693	0.0299591913	19.602017
9.46	0.268534683	0.00367349339	-0.371905969	-0.179484414	0.475059446	-1.85008881	11.8938083	0.304006021	0.0889791887	0.0167724111	17.63141
9.47	0.261557917	0.00421001897	-0.37079898	-0.179054339	0.474433846	-1.88208873	11.702525	0.303599421	0.108596957	0.0406607439	17.920773
9.48	0.257361437	0.00461489538	-0.369629303	-0.178445506	0.474033473	-1.9387171	11.5118132	0.303520257	0.11022267	0.0241028808	17.878872
9.49	0.256369073	0.00489433199	-0.368479878	-0.177643216	0.473905644	-2.04339378	11.351238	0.303841129	0.0943868995	0.0144263188	17.483366
9.5	0.258363632	0.00498491188	-0.367365694	-0.176742753	0.474656288	-2.03395642	11.3547085	0.304563074	0.0612287388	0.00938195974	19.377154
9.51	0.263214481	0.00487576127	-0.366359199	-0.175720878	0.475627353	-2.02888441	11.4821166	0.305448345	0.0934201575	0.0067817214	18.330637
9.52	0.270748678	0.00463114307	-0.365384803	-0.174614421	0.477228776	-1.97690172	11.6906401	0.306244736	0.0891603845	0.00550568779	17.862321
9.53	0.280323699	0.00415541168	-0.364387448	-0.173445101	0.479365271	-1.91004651	11.865748	0.304971817	0.0563102007	0.0040989732	19.041845
9.54	0.287357453	0.00402806179	-0.363333965	-0.172202468	0.481784382	-1.84023833	11.9516189	0.304071515	0.119535339	0.0462241649	17.343339
9.55	0.290875504	0.00414394682	-0.362175712	-0.171052306	0.483924203	-1.69665741	12.0337187	0.304311266	0.104558694	0.0304504391	19.068358
9.56	0.2912	0.00443607505	-0.360954999	-0.169884347	0.486330823	-1.55878387	12.0024975	0.304833138	0.101903198	0.021219529	18.603458
9.57	0.289209185	0.00490366975	-0.359660413	-0.168702258	0.488876464	-1.4076075	11.8665837	0.305270524	0.0301905731	0.0153807369	16.889248
9.58	0.285518428	0.0055707689	-0.358343659	-0.167543324	0.491747264	-1.2662015	11.6896642	0.305474275	0.0736267783	0.0153699112	17.122959
9.59	0.28180241	0.00634536295	-0.35698379	-0.166454243	0.494771966	-1.05594445	11.4797283	0.305511621	0.072792569	0.0116375918	17.714953
9.6	0.280112958	0.00692842163	-0.355613368	-0.165416058	0.497805809	-0.786113617	11.3078514	0.30556428	0.146338129	0.0284472124	15.795109
9.61	0.28127101	0.00713260442	-0.354262629	-0.164365984	0.500560076	-0.534722322	11.2230573	0.305804657	0.106866638	0.0192543904	20.216993
9.62	0.285386273	0.00693978003	-0.352976607	-0.163321035	0.502910049	-0.25484213	11.21837	0.306194395	0.104338257	0.0119256964	16.548541
9.63	0.292171842	0.00640647429	-0.351852926	-0.162242728	0.504537852	-0.0194442213	11.241293	0.30661264	0.107351336	0.00728621163	16.117918
9.64	0.300512797	0.00548696905	-0.350767118	-0.16116385	0.505867728	0.214266112	11.3193778	0.305710881	0.116157629	0.00158136975	18.056069
9.65	0.307267476	0.004827392	-0.349696404	-0.160103069	0.506803769	0.428958365	11.4671327	0.305293026	0.0954072342	0.0244437594	19.009289
9.66	0.310949282	0.00449987633	-0.348583231	-0.159064943	0.507258132	0.622748051	11.6777095	0.305852206	0.0879160739	0.0283215596	16.240469
9.67	0.31155366	0.0043929837	-0.34743998	-0.158052259	0.507137286	0.745327818	11.9220213	0.307139242	0.0657355683	0.0206628322	18.168561
9.68	0.309596993	0.00441886664	-0.346263027	-0.157062294	0.506601086	0.781066273	12.1916036	0.308662713	0.112035449	0.0144056849	17.452695
9.69	0.305603148	0.00451885572	-0.3450658	-0.156085446	0.505633884	0.731241054	12.4632871	0.309998778	0.105247433	0.00997166348	18.422386
9.7	0.299908622	0.00464609029	-0.343881037	-0.155091945	0.504257967	0.557830653	12.7263932	0.310899484	0.119424516	0.00700442271	18.736275
9.71	0.29258767	0.00483733582	-0.342809883	-0.154199513	0.502902248	0.403312577	12.9413603	0.31111179	0.157693795	0.00523915785	19.452591
9.72	0.283658797	0.00511572542	-0.341825051	-0.153409714	0.501544253	0.19760741	13.058849	0.310564041	0.141194549	0.00448002578	20.533065
9.73	0.273182131	0.00553538106	-0.340876071	-0.152749847	0.500242793	-0.0299907789	13.0500979	0.309280915	0.114772552	0.00423864739	19.683914
9.74	0.261431523	0.00612497189	-0.33996406	-0.152342009	0.498722545	-0.160918326	12.9528051	0.307598592	0.0955338202	0.00454447599	17.252185
9.75	0.248784878	0.00687134234	-0.339153216	-0.15209358	0.497370308	-0.334342199	12.7174494	0.30526697	0.0720007338	0.00589963647	19.434467
9.76	0.235975276	0.00806231287	-0.338475729	-0.152006881	0.496059433	-0.45265053	12.3845033	0.30363387	0.0781100031	0.00819011624	20.668955
9.77	0.224736754	0.00958797504	-0.337976723	-0.152081636	0.494843846	-0.491895926	11.9844864	0.30273952	0.0886311953	0.00880209153	17.422634
9.78	0.216618671	0.0111054782	-0.33764635	-0.152237782	0.494128772	-0.54426316	11.6829981	0.302662113	0.0503143702	0.00737379926	17.556402
9.79	0.21215463	0.0121316738	-0.337434854	-0.152262859	0.493310293	-0.713838757	11.5012627	0.303089206	0.0577060312	0.00541144094	19.176686
9.8	0.211142699	0.0126095504	-0.337410448	-0.152309184	0.492917577	-0.875168368	11.3805472	0.303651027	0.104508232	0.00433055972	22.438394
9.81	0.213283875	0.0125760617	-0.337526926	-0.152373342	0.492829604	-1.03053425	11.2936223	0.304240405	0.0683234562	0.00374685383	16.350343
9.82	0.218335375	0.0120846128	-0.337790728	-0.152439039	0.493040426	-1.17226826	11.2429933	0.304811726	0.0344297079	0.00325773908	19.086261
9.83	0.226134339	0.0111941271	-0.338216642	-0.152529022	0.493526925	-1.28338591	11.2342314	0.305340263	0.0675246914	0.00291540056	17.983163
9.84	0.236119382	0.0094174264	-0.338786789	-0.152671083	0.494408814	-1.37657381	11.2106619	0.303802184	0.0663018405	0.00281952521	17.198825
9.85	0.246372132	0.00798988554	-0.339474519	-0.152894525	0.495626707	-1.44543849	11.2244215	0.302974294	0.0892619317	0.00287327966	18.880649
9.86	0.256225978	0.00692771624	-0.340230644	-0.153178985	0.497034856	-1.49223961	11.2769958	0.302725679	0.100699902	0.00321914874	19.704337
9.87	0.265400314	0.00616835452	-0.341077944	-0.15357631	0.498081388	-1.40125142	11.278795	0.302813538	0.0768555661	0.00311382624	18.703949
9.88	0.273625572	0.00561894599	-0.341953472	-0.154045551	0.499173588	-1.29616086	11.330642	0.303189329	0.0764872616	0.00274483063	16.489831
9.89	0.280608044	0.00522412745	-0.342762556	-0.154544556	0.500127945	-1.18494852	11.4054505	0.303658126	0.13945206	0.00362818209	18.147216
9.9	0.285980487	0.00497838065	-0.34344539	-0.155044172	0.50084982	-1.05614198	11.4854199	0.304208939	0.0824940431	0.0060611929	16.33428
9.91	0.289500197	0.00487817912	-0.344002834	-0.155535766	0.501321283	-0.911962293	11.5708471	0.304903177	0.0857012816	0.00787229818	19.223117
9.92	0.291141505	0.00489524221	-0.344461787	-0.156017204	0.501684761	-0.74182634	11.6827385	0.305709913	0.0721562143	0.00802382725	18.98387
9.93	0.291018538	0.00499218271	-0.344830656	-0.156477086	0.501961934	-0.563721196	11.8277673	0.306525586	0.143196383	0.00702112638	18.532457
9.94	0.28929487	0.00514012594	-0.345082517	-0.156913912	0.502049846	-0.361466094	11.9841095	0.307203009	0.082765748	0.00556715252	19.951293
9.95	0.286112507	0.00531774684	-0.34521485	-0.157336089	0.502023125	-0.165988733	12.156101	0.307661229	0.129857375	0.00412628273	19.194019
9.96	0.281594684	0.00550943213	-0.345193009	-0.157724375	0.501894766	0.0395694213	12.3524417	0.307886176	0.118252796	0.00335080272	19.35017
9.97	0.275865635	0.00569783299	-0.344997981	-0.158061189	0.501566973	0.239498969	12.5762889	0.307890649	0.103782312	0.00369545417	22.761378
9.98	0.268975009	0.00588329881	-0.344813841	-0.15827641	0.501503742	0.263393589	12.7601461	0.307341119	0.103666878	0.00458554694	19.79816
9.99	0.261058901	0.00609788306	-0.344574027	-0.158352974	0.501646165	0.180953906	12.8965193	0.306331272	0.0616923831	0.00642802363	16.672913
10	0.25244032	0.00636577445	-0.344314211	-0.158374892	0.50148474	0.13228897	12.8935885	0.304790598	0.0544110712	0.00851624439	18.255083
