time_s	best_cost
0.000000000000000000e+00	1.398628884962860611e+05
1.000000000000000021e-02	1.254876586295927846e+05
2.000000000000000042e-02	1.139178225561746222e+05
2.999999999999999889e-02	1.076041710528687108e+05
4.000000000000000083e-02	8.998935753730070428e+04
5.000000000000000278e-02	8.371793458747850673e+04
6.000000000000000472e-02	7.445760043834267708e+04
7.000000000000000666e-02	6.854785446761321509e+04
8.000000000000000167e-02	5.992909392814183957e+04
8.999999999999999667e-02	5.445420029817028262e+04
9.999999999999999167e-02	4.983658241214319423e+04
1.099999999999999867e-01	4.899512891611667146e+04
1.199999999999999817e-01	4.234308728355629137e+04
1.299999999999999767e-01	4.357301463324962242e+04
1.399999999999999856e-01	4.386433660023997072e+04
1.499999999999999944e-01	4.144416026647153922e+04
1.600000000000000033e-01	4.378974195890307601e+04
1.700000000000000122e-01	4.626799539386875404e+04
1.800000000000000211e-01	4.709375102784571936e+04
1.900000000000000300e-01	4.033774762376784929e+04
2.000000000000000389e-01	4.431320635142882384e+04
2.100000000000000477e-01	4.742220813108162838e+04
2.200000000000000566e-01	4.515908664738097286e+04
2.300000000000000655e-01	3.712174442095785344e+04
2.400000000000000744e-01	3.419440019608769944e+04
2.500000000000000555e-01	3.876001262036181288e+04
2.600000000000000644e-01	2.976476127850352350e+04
2.700000000000000733e-01	3.166095246578642400e+04
2.800000000000000822e-01	2.973120161264772105e+04
2.900000000000000910e-01	3.074922571205205168e+04
3.000000000000000999e-01	3.051202129415206582e+04
3.100000000000001088e-01	3.400544468898391642e+04
3.200000000000001177e-01	3.372844980927615688e+04
3.300000000000001266e-01	3.388511433745418617e+04
3.400000000000001354e-01	3.617712166320880351e+04
3.500000000000001443e-01	3.720016447877785686e+04
3.600000000000001532e-01	3.822107751328006998e+04
3.700000000000001621e-01	3.950273487155656039e+04
3.800000000000001710e-01	4.149516174801003945e+04
3.900000000000001799e-01	3.938103543808821996e+04
4.000000000000001887e-01	4.209668619429268438e+04
4.100000000000001976e-01	4.213476949018129380e+04
4.200000000000002065e-01	4.326422366674625664e+04
4.300000000000002154e-01	4.303557664310326072e+04
4.400000000000002243e-01	4.161123600693514163e+04
4.500000000000002331e-01	3.897796401599860837e+04
4.600000000000002420e-01	4.108546291245073371e+04
4.700000000000002509e-01	4.444311187056300696e+04
4.800000000000002598e-01	4.154547410730524280e+04
4.900000000000002687e-01	4.028147525512518041e+04
5.000000000000002220e-01	4.005717087993122550e+04
5.100000000000002309e-01	3.952529174824188522e+04
5.200000000000002398e-01	3.859527819944445946e+04
5.300000000000002487e-01	3.540691373189190926e+04
5.400000000000002576e-01	3.658757691357130534e+04
5.500000000000002665e-01	3.542467918467295385e+04
5.600000000000002753e-01	3.557777477014920441e+04
5.700000000000002842e-01	3.635862382174661616e+04
5.800000000000002931e-01	3.724936228663887596e+04
5.900000000000003020e-01	3.528254319213192503e+04
6.000000000000003109e-01	3.685875563547294587e+04
6.100000000000003197e-01	3.570309351459258323e+04
6.200000000000003286e-01	3.782476298350433353e+04
6.300000000000003375e-01	3.848140440653779660e+04
6.400000000000003464e-01	4.007357910746445123e+04
6.500000000000003553e-01	4.270496121226215473e+04
6.600000000000003642e-01	3.894975846132762672e+04
6.700000000000003730e-01	4.320959781887539430e+04
6.800000000000003819e-01	4.130005546827563376e+04
6.900000000000003908e-01	4.246367428877319617e+04
7.000000000000003997e-01	4.368697579318433418e+04
7.100000000000004086e-01	4.013179818317904574e+04
7.200000000000004174e-01	3.961028213906345627e+04
7.300000000000004263e-01	3.880453341024927067e+04
7.400000000000004352e-01	4.095792113406449789e+04
7.500000000000004441e-01	4.195916446630205610e+04
7.600000000000004530e-01	4.393397922768120770e+04
7.700000000000004619e-01	3.962698664197499602e+04
7.800000000000004707e-01	4.221193639787625580e+04
7.900000000000004796e-01	4.235223871036141645e+04
8.000000000000004885e-01	4.262855926504320087e+04
8.100000000000004974e-01	4.362300696975558822e+04
8.200000000000005063e-01	4.592005521410360234e+04
8.300000000000005151e-01	4.583978261950493470e+04
8.400000000000005240e-01	4.594656862364740664e+04
8.500000000000005329e-01	4.460750615691019630e+04
8.600000000000005418e-01	4.628113057694905001e+04
8.700000000000005507e-01	4.544351737332016637e+04
8.800000000000005596e-01	4.363152118025226810e+04
8.900000000000005684e-01	4.495237930300898006e+04
9.000000000000005773e-01	4.475257080134742137e+04
9.100000000000005862e-01	4.533371619461658702e+04
9.200000000000005951e-01	4.611065778884431347e+04
9.300000000000006040e-01	4.491822574093186995e+04
9.400000000000006128e-01	4.600300469077627349e+04
9.500000000000006217e-01	4.823998334097259794e+04
9.600000000000006306e-01	4.922266454874865303e+04
9.700000000000006395e-01	4.740559956707122183e+04
9.800000000000006484e-01	4.989591288597798848e+04
9.900000000000006573e-01	4.871215362916403683e+04
1.000000000000000666e+00	4.519772950940680312e+04
1.010000000000000675e+00	4.789245710288325063e+04
1.020000000000000684e+00	4.799398159942978236e+04
1.030000000000000693e+00	5.012097641153942095e+04
1.040000000000000702e+00	5.108208016818894248e+04
1.050000000000000711e+00	4.812372356834564562e+04
1.060000000000000719e+00	5.302117783360620524e+04
1.070000000000000728e+00	4.826934969866579922e+04
1.080000000000000737e+00	5.075867051473990432e+04
1.090000000000000746e+00	4.922877470423817431e+04
1.100000000000000755e+00	5.130879659808217548e+04
1.110000000000000764e+00	5.067589078921149485e+04
1.120000000000000773e+00	5.027550191059138160e+04
1.130000000000000782e+00	5.052113183565910731e+04
1.140000000000000790e+00	5.221740768366788689e+04
1.150000000000000799e+00	5.512744042459559569e+04
1.160000000000000808e+00	5.753503982482547872e+04
1.170000000000000817e+00	5.847148699156363728e+04
1.180000000000000826e+00	6.049958717960109789e+04
1.190000000000000835e+00	6.281201041113049723e+04
1.200000000000000844e+00	6.516950769846847106e+04
1.210000000000000853e+00	6.443194522758309904e+04
1.220000000000000862e+00	6.750555669344925263e+04
1.230000000000000870e+00	6.832448933061695425e+04
1.240000000000000879e+00	7.119906825057411334e+04
1.250000000000000888e+00	6.529775399901614583e+04
1.260000000000000897e+00	6.429141992273226060e+04
1.270000000000000906e+00	6.873123412220983300e+04
1.280000000000000915e+00	6.814146272139754728e+04
1.290000000000000924e+00	7.160828261758104782e+04
1.300000000000000933e+00	6.929991532308353635e+04
1.310000000000000941e+00	6.813236109533412673e+04
1.320000000000000950e+00	7.171040120712202042e+04
1.330000000000000959e+00	6.973349580821255222e+04
1.340000000000000968e+00	6.776713586439099163e+04
1.350000000000000977e+00	7.009366474892747647e+04
1.360000000000000986e+00	6.613418374719763233e+04
1.370000000000000995e+00	6.569718605841757380e+04
1.380000000000001004e+00	6.751453739865930402e+04
1.390000000000001013e+00	6.325430091540191643e+04
1.400000000000001021e+00	6.307955701631105330e+04
1.410000000000001030e+00	5.920313986073299748e+04
1.420000000000001039e+00	6.085992625877192768e+04
1.430000000000001048e+00	5.854455246014830482e+04
1.440000000000001057e+00	5.667755174630445254e+04
1.450000000000001066e+00	5.538220211385601579e+04
1.460000000000001075e+00	5.105497844997209177e+04
1.470000000000001084e+00	4.917019667219294934e+04
1.480000000000001092e+00	4.639359807225027907e+04
1.490000000000001101e+00	4.524786691430592327e+04
1.500000000000001110e+00	4.435866468275120133e+04
1.510000000000001119e+00	4.215969666547114321e+04
1.520000000000001128e+00	4.078944803215521097e+04
1.530000000000001137e+00	3.775701111114892410e+04
1.540000000000001146e+00	3.646084752575137099e+04
1.550000000000001155e+00	3.642710255025152583e+04
1.560000000000001164e+00	3.662838217226419511e+04
1.570000000000001172e+00	3.394832680251238344e+04
1.580000000000001181e+00	3.317571292716762400e+04
1.590000000000001190e+00	3.218031089666910702e+04
1.600000000000001199e+00	3.266344859587375686e+04
1.610000000000001208e+00	3.037547888234491984e+04
1.620000000000001217e+00	2.547335908039415153e+04
1.630000000000001226e+00	2.794950792511340842e+04
1.640000000000001235e+00	2.587440414663198681e+04
1.650000000000001243e+00	2.606577205407224756e+04
1.660000000000001252e+00	2.423670462345891065e+04
1.670000000000001261e+00	2.671814559227904829e+04
1.680000000000001270e+00	2.805312683173838013e+04
1.690000000000001279e+00	3.010029235596577200e+04
1.700000000000001288e+00	3.178318399409203994e+04
1.710000000000001297e+00	2.975203077976869463e+04
1.720000000000001306e+00	2.771668532300634615e+04
1.730000000000001315e+00	3.047437933355046698e+04
1.740000000000001323e+00	3.094465168746075506e+04
1.750000000000001332e+00	3.146130561687115551e+04
1.760000000000001341e+00	3.217956509661356540e+04
1.770000000000001350e+00	3.181664435237094585e+04
1.780000000000001359e+00	3.047257053526677919e+04
1.790000000000001368e+00	3.196142422498215092e+04
1.800000000000001377e+00	3.340835095920725144e+04
1.810000000000001386e+00	3.384160300771205948e+04
1.820000000000001394e+00	3.303446248086865671e+04
1.830000000000001403e+00	3.450897345767011575e+04
1.840000000000001412e+00	3.540074870786962856e+04
1.850000000000001421e+00	3.501146566095708113e+04
1.860000000000001430e+00	3.736564453971778130e+04
1.870000000000001439e+00	3.750447873918087134e+04
1.880000000000001448e+00	3.717374682513812149e+04
1.890000000000001457e+00	3.761864772409259604e+04
1.900000000000001465e+00	3.589188309420832229e+04
1.910000000000001474e+00	3.789237694977544015e+04
1.920000000000001483e+00	3.646093932201106509e+04
1.930000000000001492e+00	3.603678772427191871e+04
1.940000000000001501e+00	3.657094390147047670e+04
1.950000000000001510e+00	3.433671299256380007e+04
1.960000000000001519e+00	3.067449026299308389e+04
1.970000000000001528e+00	2.872612518642274881e+04
1.980000000000001537e+00	3.041646991636813982e+04
1.990000000000001545e+00	2.990963695903706321e+04
2.000000000000001332e+00	2.873475214343959669e+04
2.010000000000001119e+00	2.781803584273744855e+04
2.020000000000000906e+00	2.785149947875583166e+04
2.030000000000000693e+00	2.746972750721138800e+04
2.040000000000000480e+00	2.815569836331847546e+04
2.050000000000000266e+00	2.735286949575471226e+04
2.060000000000000053e+00	2.737136794559391274e+04
2.069999999999999840e+00	2.694915534932530863e+04
2.079999999999999627e+00	2.802315829119993577e+04
2.089999999999999414e+00	2.554639638699703573e+04
2.099999999999999201e+00	2.783712354506525298e+04
2.109999999999998987e+00	2.284346194837961957e+04
2.119999999999998774e+00	2.541150922103596531e+04
2.129999999999998561e+00	2.490824854739597868e+04
2.139999999999998348e+00	2.296360947118276090e+04
2.149999999999998135e+00	2.356113439120518524e+04
2.159999999999997922e+00	2.429283089956914046e+04
2.169999999999997708e+00	2.383352486102587136e+04
2.179999999999997495e+00	2.440334241641817789e+04
2.189999999999997282e+00	2.416640574301045126e+04
2.199999999999997069e+00	2.386220240586284490e+04
2.209999999999996856e+00	2.389502943629505171e+04
2.219999999999996643e+00	2.500940135357734835e+04
2.229999999999996430e+00	2.667980717935637222e+04
2.239999999999996216e+00	2.628436940424642307e+04
2.249999999999996003e+00	2.686117933313652611e+04
2.259999999999995790e+00	2.817036492947527586e+04
2.269999999999995577e+00	2.776939538687868480e+04
2.279999999999995364e+00	2.984978469215641235e+04
2.289999999999995151e+00	3.089292702082649703e+04
2.299999999999994937e+00	3.184532776541515341e+04
2.309999999999994724e+00	3.181739048159296362e+04
2.319999999999994511e+00	3.331293232548941160e+04
2.329999999999994298e+00	3.182265959318990645e+04
2.339999999999994085e+00	3.108076241727303932e+04
2.349999999999993872e+00	3.150463790037368381e+04
2.359999999999993658e+00	3.193042981030510055e+04
2.369999999999993445e+00	3.323288327516180289e+04
2.379999999999993232e+00	3.461939961662911082e+04
2.389999999999993019e+00	3.717105749084765557e+04
2.399999999999992806e+00	3.639708359973160259e+04
2.409999999999992593e+00	3.714045797028121888e+04
2.419999999999992379e+00	3.374900832890799211e+04
2.429999999999992166e+00	3.566242842184266920e+04
2.439999999999991953e+00	3.682423591227231373e+04
2.449999999999991740e+00	3.742531595556663524e+04
2.459999999999991527e+00	3.960790386990646948e+04
2.469999999999991314e+00	4.028382279877562542e+04
2.479999999999991100e+00	4.142392136387745995e+04
2.489999999999990887e+00	4.297627554266625521e+04
2.499999999999990674e+00	4.395369561009246536e+04
2.509999999999990461e+00	4.293802095538698632e+04
2.519999999999990248e+00	4.339078582493485010e+04
2.529999999999990035e+00	4.256824164715343068e+04
2.539999999999989821e+00	4.460270592475026933e+04
2.549999999999989608e+00	4.515276866564448574e+04
2.559999999999989395e+00	4.330993854027999623e+04
2.569999999999989182e+00	4.271735199864709284e+04
2.579999999999988969e+00	4.379597868504666985e+04
2.589999999999988756e+00	4.638478589315987483e+04
2.599999999999988542e+00	4.549416335176762368e+04
2.609999999999988329e+00	4.459048281460652652e+04
2.619999999999988116e+00	4.295290404039273562e+04
2.629999999999987903e+00	4.440256435344876081e+04
2.639999999999987690e+00	4.540014365697266476e+04
2.649999999999987477e+00	4.292279991787532344e+04
2.659999999999987264e+00	4.541731752767614671e+04
2.669999999999987050e+00	4.113241013514820952e+04
2.679999999999986837e+00	4.249238298328150267e+04
2.689999999999986624e+00	4.333035337673364847e+04
2.699999999999986411e+00	4.412446411495025677e+04
2.709999999999986198e+00	4.580503903123521013e+04
2.719999999999985985e+00	4.608212563119512924e+04
2.729999999999985771e+00	4.606731297638019169e+04
2.739999999999985558e+00	4.874667505793374585e+04
2.749999999999985345e+00	4.650647606337380421e+04
2.759999999999985132e+00	4.761823186327938311e+04
2.769999999999984919e+00	4.765437292875655112e+04
2.779999999999984706e+00	4.905287442726158770e+04
2.789999999999984492e+00	4.807619712150419946e+04
2.799999999999984279e+00	4.971810946279628843e+04
2.809999999999984066e+00	5.082481396529041376e+04
2.819999999999983853e+00	5.040298692651747115e+04
2.829999999999983640e+00	5.167413723924155056e+04
2.839999999999983427e+00	5.309940780457615620e+04
2.849999999999983213e+00	5.522805266396020306e+04
2.859999999999983000e+00	5.706642004563847877e+04
2.869999999999982787e+00	5.775845773299790017e+04
2.879999999999982574e+00	5.706582997818014701e+04
2.889999999999982361e+00	5.690485698162523477e+04
2.899999999999982148e+00	5.650953155491394864e+04
2.909999999999981934e+00	5.810490047944189428e+04
2.919999999999981721e+00	5.802535318507309421e+04
2.929999999999981508e+00	5.908336665523763804e+04
2.939999999999981295e+00	6.194197671630976402e+04
2.949999999999981082e+00	6.043256085222656839e+04
2.959999999999980869e+00	6.185327088186918991e+04
2.969999999999980655e+00	5.876705665048239462e+04
2.979999999999980442e+00	5.987452283899189206e+04
2.989999999999980229e+00	6.050636505710387428e+04
2.999999999999980016e+00	5.727968495296731271e+04
3.009999999999979803e+00	6.131471533196783275e+04
3.019999999999979590e+00	5.923431771804946766e+04
3.029999999999979376e+00	5.528159120852687192e+04
3.039999999999979163e+00	5.677625770458940679e+04
3.049999999999978950e+00	6.025564067649603385e+04
3.059999999999978737e+00	6.049369449463523051e+04
3.069999999999978524e+00	6.210501454616511182e+04
3.079999999999978311e+00	6.506748117704613833e+04
3.089999999999978098e+00	6.478981462346351327e+04
3.099999999999977884e+00	6.388806027533468296e+04
3.109999999999977671e+00	6.357005151486080285e+04
3.119999999999977458e+00	6.224573850796370243e+04
3.129999999999977245e+00	6.257221837809733552e+04
3.139999999999977032e+00	6.013871305859021231e+04
3.149999999999976819e+00	6.169818726363788301e+04
3.159999999999976605e+00	5.717097921076609055e+04
3.169999999999976392e+00	5.379698394931857183e+04
3.179999999999976179e+00	5.287353077820646286e+04
3.189999999999975966e+00	5.314885292027716059e+04
3.199999999999975753e+00	5.051668170563524473e+04
3.209999999999975540e+00	5.096321125682387355e+04
3.219999999999975326e+00	4.957472493064487935e+04
3.229999999999975113e+00	5.045579512543710007e+04
3.239999999999974900e+00	4.993127528876109136e+04
3.249999999999974687e+00	5.142679394891249103e+04
3.259999999999974474e+00	4.717606821333320113e+04
3.269999999999974261e+00	4.738911012388770177e+04
3.279999999999974047e+00	4.882794034588974318e+04
3.289999999999973834e+00	4.520764928401830548e+04
3.299999999999973621e+00	4.638657857156946557e+04
3.309999999999973408e+00	4.542440098926876090e+04
3.319999999999973195e+00	4.531068192437626567e+04
3.329999999999972982e+00	4.242400091103855812e+04
3.339999999999972768e+00	3.885573838678961329e+04
3.349999999999972555e+00	3.749304714663088089e+04
3.359999999999972342e+00	3.234573417085871915e+04
3.369999999999972129e+00	2.861489443600856976e+04
3.379999999999971916e+00	3.032067892335542274e+04
3.389999999999971703e+00	2.866080347406084547e+04
3.399999999999971489e+00	2.814437890191062979e+04
3.409999999999971276e+00	2.736198743099244166e+04
3.419999999999971063e+00	2.791651582214572409e+04
3.429999999999970850e+00	2.889702255887725914e+04
3.439999999999970637e+00	3.011368921893661536e+04
3.449999999999970424e+00	2.747651939169407706e+04
3.459999999999970210e+00	2.907669582290848120e+04
3.469999999999969997e+00	2.991024132895998264e+04
3.479999999999969784e+00	2.869988442009238133e+04
3.489999999999969571e+00	2.847124783716297316e+04
3.499999999999969358e+00	2.678995411498556859e+04
3.509999999999969145e+00	2.589042112224459197e+04
3.519999999999968932e+00	2.705460187356832466e+04
3.529999999999968718e+00	2.632829546539267903e+04
3.539999999999968505e+00	2.774264117495697792e+04
3.549999999999968292e+00	2.624747055883520807e+04
3.559999999999968079e+00	2.669613234500148610e+04
3.569999999999967866e+00	2.659005309474664682e+04
3.579999999999967653e+00	2.838069039614309440e+04
3.589999999999967439e+00	2.466837711147638765e+04
3.599999999999967226e+00	2.468347783033192536e+04
3.609999999999967013e+00	2.570516156496286567e+04
3.619999999999966800e+00	2.570380574781647010e+04
3.629999999999966587e+00	2.554797962793536135e+04
3.639999999999966374e+00	2.734370088904657314e+04
3.649999999999966160e+00	2.667400691319781617e+04
3.659999999999965947e+00	2.762041266331855877e+04
3.669999999999965734e+00	2.847431029810367181e+04
3.679999999999965521e+00	3.038903362585977447e+04
3.689999999999965308e+00	3.157516780188049597e+04
3.699999999999965095e+00	3.313875578324477829e+04
3.709999999999964881e+00	3.107750169548491249e+04
3.719999999999964668e+00	3.143727529157800745e+04
3.729999999999964455e+00	3.055428323433553305e+04
3.739999999999964242e+00	3.039687139677742016e+04
3.749999999999964029e+00	2.883450850770288525e+04
3.759999999999963816e+00	2.880921405654506088e+04
3.769999999999963602e+00	2.909106658165891713e+04
3.779999999999963389e+00	3.023213414230031776e+04
3.789999999999963176e+00	2.890036272400292364e+04
3.799999999999962963e+00	2.752759054248723623e+04
3.809999999999962750e+00	2.654936121815163642e+04
3.819999999999962537e+00	2.700367765434698958e+04
3.829999999999962323e+00	2.647092154055197170e+04
3.839999999999962110e+00	2.550945035609770275e+04
3.849999999999961897e+00	2.596728383784066318e+04
3.859999999999961684e+00	2.511616403249653740e+04
3.869999999999961471e+00	2.398686003235476892e+04
3.879999999999961258e+00	2.543400258855999709e+04
3.889999999999961044e+00	2.174084955946184346e+04
3.899999999999960831e+00	2.375291086080934110e+04
3.909999999999960618e+00	2.116207438679580810e+04
3.919999999999960405e+00	2.125296053566909541e+04
3.929999999999960192e+00	2.197451742263067354e+04
3.939999999999959979e+00	1.960387929922197145e+04
3.949999999999959766e+00	2.013586875332091586e+04
3.959999999999959552e+00	1.657950501063566480e+04
3.969999999999959339e+00	1.969297717627858583e+04
3.979999999999959126e+00	1.843728666855087067e+04
3.989999999999958913e+00	1.894946492586727254e+04
3.999999999999958700e+00	1.514163245214525523e+04
4.009999999999958931e+00	1.729760672377682931e+04
4.019999999999958717e+00	1.626791366406066118e+04
4.029999999999958504e+00	1.736408357844770217e+04
4.039999999999958291e+00	1.769501282290155359e+04
4.049999999999958078e+00	1.897619525863249874e+04
4.059999999999957865e+00	2.010880570184643875e+04
4.069999999999957652e+00	2.190826194448928800e+04
4.079999999999957438e+00	1.909998294833831460e+04
4.089999999999957225e+00	1.942714036283815221e+04
4.099999999999957012e+00	1.808051517445100762e+04
4.109999999999956799e+00	1.788487442722483684e+04
4.119999999999956586e+00	1.725878972132288254e+04
4.129999999999956373e+00	1.779844603273226676e+04
4.139999999999956160e+00	1.833950656888847880e+04
4.149999999999955946e+00	1.846113694669024699e+04
4.159999999999955733e+00	1.881135574675523094e+04
4.169999999999955520e+00	1.848173579705164593e+04
4.179999999999955307e+00	1.934830292398251186e+04
4.189999999999955094e+00	1.947756384311015427e+04
4.199999999999954881e+00	1.706216156938853237e+04
4.209999999999954667e+00	1.726635890977850067e+04
4.219999999999954454e+00	1.737028654806051782e+04
4.229999999999954241e+00	1.577462704384516474e+04
4.239999999999954028e+00	1.438034462069483925e+04
4.249999999999953815e+00	1.583405236702787442e+04
4.259999999999953602e+00	1.615337006897949323e+04
4.269999999999953388e+00	1.609929927175028024e+04
4.279999999999953175e+00	1.535345446988511685e+04
4.289999999999952962e+00	1.658313858238185639e+04
4.299999999999952749e+00	1.834340201991365029e+04
4.309999999999952536e+00	1.705167191626240674e+04
4.319999999999952323e+00	1.698087922515505852e+04
4.329999999999952109e+00	1.738961984594900059e+04
4.339999999999951896e+00	1.805574608283604903e+04
4.349999999999951683e+00	1.647320844831677095e+04
4.359999999999951470e+00	1.765438249398938933e+04
4.369999999999951257e+00	1.743305049808114200e+04
4.379999999999951044e+00	1.760359519619253115e+04
4.389999999999950830e+00	1.872958681445528782e+04
4.399999999999950617e+00	1.924257546590403945e+04
4.409999999999950404e+00	2.005037290492908869e+04
4.419999999999950191e+00	1.736111062249029783e+04
4.429999999999949978e+00	1.497065055177508475e+04
4.439999999999949765e+00	1.524580722047762174e+04
4.449999999999949551e+00	1.583157631878844768e+04
4.459999999999949338e+00	1.559357182545475371e+04
4.469999999999949125e+00	1.534995817902759882e+04
4.479999999999948912e+00	1.636831125861147484e+04
4.489999999999948699e+00	1.603758429055690067e+04
4.499999999999948486e+00	1.813207649201589084e+04
4.509999999999948272e+00	1.720452088459684455e+04
4.519999999999948059e+00	1.669352760986163048e+04
4.529999999999947846e+00	1.847493635277900466e+04
4.539999999999947633e+00	2.000528607017866307e+04
4.549999999999947420e+00	1.989939013207358585e+04
4.559999999999947207e+00	1.983910712652998336e+04
4.569999999999946994e+00	1.969305426453168548e+04
4.579999999999946780e+00	1.933087468723324127e+04
4.589999999999946567e+00	2.032215973825110996e+04
4.599999999999946354e+00	1.977517072604543500e+04
4.609999999999946141e+00	1.946205990989282873e+04
4.619999999999945928e+00	2.117365638180677342e+04
4.629999999999945715e+00	2.304796246508093463e+04
4.639999999999945501e+00	2.207981287877322757e+04
4.649999999999945288e+00	2.267471180717739480e+04
4.659999999999945075e+00	2.339710086395387771e+04
4.669999999999944862e+00	2.370656398398190140e+04
4.679999999999944649e+00	2.078473050500624231e+04
4.689999999999944436e+00	2.178379832630836609e+04
4.699999999999944222e+00	2.162283181245237938e+04
4.709999999999944009e+00	1.992381985304756745e+04
4.719999999999943796e+00	2.170312400711730879e+04
4.729999999999943583e+00	2.038880975960409705e+04
4.739999999999943370e+00	2.066793064984199373e+04
4.749999999999943157e+00	2.076178434820656548e+04
4.759999999999942943e+00	2.123871416466163646e+04
4.769999999999942730e+00	2.255574129505969904e+04
4.779999999999942517e+00	2.479732786887230759e+04
4.789999999999942304e+00	2.416832062552900243e+04
4.799999999999942091e+00	2.190369887047888187e+04
4.809999999999941878e+00	2.195708191955416987e+04
4.819999999999941664e+00	2.196881283509951754e+04
4.829999999999941451e+00	2.273338823516099728e+04
4.839999999999941238e+00	2.398391606536909603e+04
4.849999999999941025e+00	1.994438983056081997e+04
4.859999999999940812e+00	2.331537112787450314e+04
4.869999999999940599e+00	1.891383988493402649e+04
4.879999999999940385e+00	2.166688653481418805e+04
4.889999999999940172e+00	2.092546957503199883e+04
4.899999999999939959e+00	2.169286108838643850e+04
4.909999999999939746e+00	2.213908057909635681e+04
4.919999999999939533e+00	2.206096681748502306e+04
4.929999999999939320e+00	2.197444445167557205e+04
4.939999999999939106e+00	2.252643896754031448e+04
4.949999999999938893e+00	2.471586654679085041e+04
4.959999999999938680e+00	2.348118877890570730e+04
4.969999999999938467e+00	2.231915072089683963e+04
4.979999999999938254e+00	2.059496041168259762e+04
4.989999999999938041e+00	2.052857323292965157e+04
4.999999999999937828e+00	2.159365699749904525e+04
5.009999999999937614e+00	2.150708961950081721e+04
5.019999999999937401e+00	1.944533806953464955e+04
5.029999999999937188e+00	1.773040543312906084e+04
5.039999999999936975e+00	1.809119079465258619e+04
5.049999999999936762e+00	1.832774804399624554e+04
5.059999999999936549e+00	1.971116182673901494e+04
5.069999999999936335e+00	1.988802662444883026e+04
5.079999999999936122e+00	1.906725013337922064e+04
5.089999999999935909e+00	1.728568041136169631e+04
5.099999999999935696e+00	1.851962748464693505e+04
5.109999999999935483e+00	1.941515900731035072e+04
5.119999999999935270e+00	1.644216787585553902e+04
5.129999999999935056e+00	1.815250674920774327e+04
5.139999999999934843e+00	1.758165887338104949e+04
5.149999999999934630e+00	1.796643066384358826e+04
5.159999999999934417e+00	1.877157257179779481e+04
5.169999999999934204e+00	1.690115547156328103e+04
5.179999999999933991e+00	1.786925931281554949e+04
5.189999999999933777e+00	1.778610517616362631e+04
5.199999999999933564e+00	1.897698894890775045e+04
5.209999999999933351e+00	1.939376304099704794e+04
5.219999999999933138e+00	1.866305363074926572e+04
5.229999999999932925e+00	1.784758617564212545e+04
5.239999999999932712e+00	1.842729776019366545e+04
5.249999999999932498e+00	1.804463926154431829e+04
5.259999999999932285e+00	1.410127296929115619e+04
5.269999999999932072e+00	1.538536200088937039e+04
5.279999999999931859e+00	1.412974488092342654e+04
5.289999999999931646e+00	1.599931208624457213e+04
5.299999999999931433e+00	1.611502190277967020e+04
5.309999999999931219e+00	1.819128073779562692e+04
5.319999999999931006e+00	1.993284345414056588e+04
5.329999999999930793e+00	2.120118069437472150e+04
5.339999999999930580e+00	2.142064729682529287e+04
5.349999999999930367e+00	2.247074230201113824e+04
5.359999999999930154e+00	2.331473030231086159e+04
5.369999999999929940e+00	2.525164091228836696e+04
5.379999999999929727e+00	2.462695520142064197e+04
5.389999999999929514e+00	2.731672559438285680e+04
5.399999999999929301e+00	2.681570939812850702e+04
5.409999999999929088e+00	2.800658465737639563e+04
5.419999999999928875e+00	2.888133342099611036e+04
5.429999999999928662e+00	3.134652753771762218e+04
5.439999999999928448e+00	3.307570444331708131e+04
5.449999999999928235e+00	3.428293799757598026e+04
5.459999999999928022e+00	3.497443299621254846e+04
5.469999999999927809e+00	3.484605233060947648e+04
5.479999999999927596e+00	3.622955020764497021e+04
5.489999999999927383e+00	3.857966067114951147e+04
5.499999999999927169e+00	3.884095874155715865e+04
5.509999999999926956e+00	3.862643700437919324e+04
5.519999999999926743e+00	3.707313815064659866e+04
5.529999999999926530e+00	3.674439359577139840e+04
5.539999999999926317e+00	3.652341246232371486e+04
5.549999999999926104e+00	3.645283161426485458e+04
5.559999999999925890e+00	3.619669692649379431e+04
5.569999999999925677e+00	3.560886970174562884e+04
5.579999999999925464e+00	3.666533661726243736e+04
5.589999999999925251e+00	3.620910604678283562e+04
5.599999999999925038e+00	3.634227742027102067e+04
5.609999999999924825e+00	3.705707101762261300e+04
5.619999999999924611e+00	3.601010002898019593e+04
5.629999999999924398e+00	3.745898229300632374e+04
5.639999999999924185e+00	3.727121224639978027e+04
5.649999999999923972e+00	3.636607015444763238e+04
5.659999999999923759e+00	3.842910495676955907e+04
5.669999999999923546e+00	3.732030450429550547e+04
5.679999999999923332e+00	3.828477524793168413e+04
5.689999999999923119e+00	3.435612084793215035e+04
5.699999999999922906e+00	3.548204016418340325e+04
5.709999999999922693e+00	3.523684978261815559e+04
5.719999999999922480e+00	3.509080908868021652e+04
5.729999999999922267e+00	3.471435893767710513e+04
5.739999999999922053e+00	3.465609229525861883e+04
5.749999999999921840e+00	3.467615171318183275e+04
5.759999999999921627e+00	3.467040706281710300e+04
5.769999999999921414e+00	3.391777353355170635e+04
5.779999999999921201e+00	3.514444645857180876e+04
5.789999999999920988e+00	3.602270756992125825e+04
5.799999999999920774e+00	3.564565541657327412e+04
5.809999999999920561e+00	3.802460493465900072e+04
5.819999999999920348e+00	3.787177510166492721e+04
5.829999999999920135e+00	3.314130860151957313e+04
5.839999999999919922e+00	3.516098385369643802e+04
5.849999999999919709e+00	3.436174802931940940e+04
5.859999999999919496e+00	3.705845733893174474e+04
5.869999999999919282e+00	3.389546751046255667e+04
5.879999999999919069e+00	3.616181651014140516e+04
5.889999999999918856e+00	3.569200053461555945e+04
5.899999999999918643e+00	3.439336535014375841e+04
5.909999999999918430e+00	3.507812462303991197e+04
5.919999999999918217e+00	3.598429788147480576e+04
5.929999999999918003e+00	3.650913595211879874e+04
5.939999999999917790e+00	3.262959564579161815e+04
5.949999999999917577e+00	3.350463852152186155e+04
5.959999999999917364e+00	3.386918186209123087e+04
5.969999999999917151e+00	3.078909987161199388e+04
5.979999999999916938e+00	3.222076111603936079e+04
5.989999999999916724e+00	3.144487613481236258e+04
5.999999999999916511e+00	3.158275118154033407e+04
6.009999999999916298e+00	3.209794028193807389e+04
6.019999999999916085e+00	2.995082807212846092e+04
6.029999999999915872e+00	3.072350553464794211e+04
6.039999999999915659e+00	3.125727540081242114e+04
6.049999999999915445e+00	3.113626130239771010e+04
6.059999999999915232e+00	3.077643547382322140e+04
6.069999999999915019e+00	3.111266287193865719e+04
6.079999999999914806e+00	3.427236094732046331e+04
6.089999999999914593e+00	3.644091602318325022e+04
6.099999999999914380e+00	3.715981313000044611e+04
6.109999999999914166e+00	3.823759722268563928e+04
6.119999999999913953e+00	3.837626662210727955e+04
6.129999999999913740e+00	3.884693936969451897e+04
6.139999999999913527e+00	3.755727270198949554e+04
6.149999999999913314e+00	3.681806066853813536e+04
6.159999999999913101e+00	3.680365078793765861e+04
6.169999999999912887e+00	3.866269007299318037e+04
6.179999999999912674e+00	3.953548152302528615e+04
6.189999999999912461e+00	3.939224777481008641e+04
6.199999999999912248e+00	3.751883904819193413e+04
6.209999999999912035e+00	3.777074137923796661e+04
6.219999999999911822e+00	3.702637685860860802e+04
6.229999999999911608e+00	3.703880473116095527e+04
6.239999999999911395e+00	3.544754359611676773e+04
6.249999999999911182e+00	3.639548506722018647e+04
6.259999999999910969e+00	3.659366882680691197e+04
6.269999999999910756e+00	3.524180451838741283e+04
6.279999999999910543e+00	3.611582998534293438e+04
6.289999999999910330e+00	3.695403838512011862e+04
6.299999999999910116e+00	3.878320068441994226e+04
6.309999999999909903e+00	3.870328163898760249e+04
6.319999999999909690e+00	4.139533197370251582e+04
6.329999999999909477e+00	4.143313494417295442e+04
6.339999999999909264e+00	3.909094022160842724e+04
6.349999999999909051e+00	4.113156381137092103e+04
6.359999999999908837e+00	4.174667365721708484e+04
6.369999999999908624e+00	4.019224607788219873e+04
6.379999999999908411e+00	4.154672889596367895e+04
6.389999999999908198e+00	4.007807068923454790e+04
6.399999999999907985e+00	3.740492396882374305e+04
6.409999999999907772e+00	3.542508661015384132e+04
6.419999999999907558e+00	3.650674432316586172e+04
6.429999999999907345e+00	3.834921743035805412e+04
6.439999999999907132e+00	3.848813796022057068e+04
6.449999999999906919e+00	3.837605682980523852e+04
6.459999999999906706e+00	3.796453777699763305e+04
6.469999999999906493e+00	3.946279835427789658e+04
6.479999999999906279e+00	4.142423637628502183e+04
6.489999999999906066e+00	4.052644994233036414e+04
6.499999999999905853e+00	4.340603494923982362e+04
6.509999999999905640e+00	4.543147649979959533e+04
6.519999999999905427e+00	4.484400233910552924e+04
6.529999999999905214e+00	4.702916931005847437e+04
6.539999999999905000e+00	4.778759475323349761e+04
6.549999999999904787e+00	4.823144051330536604e+04
6.559999999999904574e+00	5.089421534633473493e+04
6.569999999999904361e+00	5.077184564613334805e+04
6.579999999999904148e+00	5.330942712624911655e+04
6.589999999999903935e+00	5.318821405880165548e+04
6.599999999999903721e+00	5.566837623813153186e+04
6.609999999999903508e+00	5.829917989337632753e+04
6.619999999999903295e+00	5.910754776200460037e+04
6.629999999999903082e+00	5.685270406021024246e+04
6.639999999999902869e+00	5.788019684058950952e+04
6.649999999999902656e+00	5.805871380011766450e+04
6.659999999999902442e+00	5.950835067430192430e+04
6.669999999999902229e+00	5.876860015642855433e+04
6.679999999999902016e+00	6.078709035032281827e+04
6.689999999999901803e+00	6.196434742025687592e+04
6.699999999999901590e+00	6.278850631803400756e+04
6.709999999999901377e+00	6.627505534027086105e+04
6.719999999999901164e+00	6.731035293528772308e+04
6.729999999999900950e+00	6.432164217922740499e+04
6.739999999999900737e+00	6.754274042763924808e+04
6.749999999999900524e+00	6.400530679797469202e+04
6.759999999999900311e+00	6.777323324452845554e+04
6.769999999999900098e+00	6.302088057055920945e+04
6.779999999999899885e+00	6.438557924122899567e+04
6.789999999999899671e+00	6.434015022475559090e+04
6.799999999999899458e+00	6.618305749449227005e+04
6.809999999999899245e+00	6.739427544130553724e+04
6.819999999999899032e+00	6.708533259545375768e+04
6.829999999999898819e+00	6.512355281952154473e+04
6.839999999999898606e+00	6.568171876660519047e+04
6.849999999999898392e+00	6.642815935201771208e+04
6.859999999999898179e+00	6.847035554574831622e+04
6.869999999999897966e+00	6.886180226198285527e+04
6.879999999999897753e+00	6.948854345196115901e+04
6.889999999999897540e+00	6.842008584367495496e+04
6.899999999999897327e+00	6.671124222532067506e+04
6.909999999999897113e+00	6.566851987365237437e+04
6.919999999999896900e+00	6.825623221344919875e+04
6.929999999999896687e+00	6.503959575767460046e+04
6.939999999999896474e+00	6.782142828541254858e+04
6.949999999999896261e+00	6.812543234272992413e+04
6.959999999999896048e+00	6.472602687071354012e+04
6.969999999999895834e+00	6.753496643509746355e+04
6.979999999999895621e+00	6.812890380172769073e+04
6.989999999999895408e+00	6.535363932288406795e+04
6.999999999999895195e+00	6.680292787681944901e+04
7.009999999999894982e+00	5.832415416327644925e+04
7.019999999999894769e+00	5.905056267623013991e+04
7.029999999999894555e+00	5.318464392442225653e+04
7.039999999999894342e+00	5.621985652458049299e+04
7.049999999999894129e+00	5.729696648332801851e+04
7.059999999999893916e+00	4.872249566402328492e+04
7.069999999999893703e+00	4.420574607386996649e+04
7.079999999999893490e+00	3.953725410485933389e+04
7.089999999999893276e+00	3.617704834525467595e+04
7.099999999999893063e+00	3.709466810333891772e+04
7.109999999999892850e+00	3.232995754825168842e+04
7.119999999999892637e+00	2.847495148891101053e+04
7.129999999999892424e+00	1.989107077512403339e+04
7.139999999999892211e+00	1.775342417572497652e+04
7.149999999999891998e+00	2.105762012223203055e+04
7.159999999999891784e+00	2.078324326913038385e+04
7.169999999999891571e+00	1.843102601155764205e+04
7.179999999999891358e+00	1.920080442740265062e+04
7.189999999999891145e+00	1.954165011699078968e+04
7.199999999999890932e+00	1.903798839627762936e+04
7.209999999999890719e+00	1.827703279068260599e+04
7.219999999999890505e+00	1.727374316022253333e+04
7.229999999999890292e+00	1.962337397420895650e+04
7.239999999999890079e+00	1.684489307043380541e+04
7.249999999999889866e+00	1.788409432092439965e+04
7.259999999999889653e+00	1.733318521212494670e+04
7.269999999999889440e+00	1.792952090371406302e+04
7.279999999999889226e+00	2.018318931349515697e+04
7.289999999999889013e+00	2.217940357359415793e+04
7.299999999999888800e+00	2.317531840058094531e+04
7.309999999999888587e+00	2.189516913902007946e+04
7.319999999999888374e+00	2.170743362548623554e+04
7.329999999999888161e+00	2.066243579370970474e+04
7.339999999999887947e+00	2.419192111568038308e+04
7.349999999999887734e+00	2.625036387328837736e+04
7.359999999999887521e+00	2.721843280837245402e+04
7.369999999999887308e+00	2.786966136445413213e+04
7.379999999999887095e+00	2.839566185899439006e+04
7.389999999999886882e+00	2.806523973938407289e+04
7.399999999999886668e+00	2.943716602088093350e+04
7.409999999999886455e+00	3.097330372345991782e+04
7.419999999999886242e+00	3.495262657718568516e+04
7.429999999999886029e+00	3.539660934164009814e+04
7.439999999999885816e+00	3.303828158165703644e+04
7.449999999999885603e+00	3.364247251873427012e+04
7.459999999999885389e+00	3.595490356712733046e+04
7.469999999999885176e+00	3.574490822672333161e+04
7.479999999999884963e+00	3.892746061280806316e+04
7.489999999999884750e+00	4.208450211452713847e+04
7.499999999999884537e+00	4.119512424279580591e+04
7.509999999999884324e+00	4.042180467382509960e+04
7.519999999999884110e+00	4.514759043278197350e+04
7.529999999999883897e+00	4.330664976629798184e+04
7.539999999999883684e+00	4.382177188461535843e+04
7.549999999999883471e+00	4.912423562194159604e+04
7.559999999999883258e+00	5.040349369753558130e+04
7.569999999999883045e+00	4.937218624986265786e+04
7.579999999999882832e+00	5.053373242807805946e+04
7.589999999999882618e+00	4.943968903810833581e+04
7.599999999999882405e+00	4.571913442653648963e+04
7.609999999999882192e+00	5.006254225571177085e+04
7.619999999999881979e+00	5.171026362295763101e+04
7.629999999999881766e+00	5.179845793286622211e+04
7.639999999999881553e+00	5.427020454386393976e+04
7.649999999999881339e+00	5.417815423646131967e+04
7.659999999999881126e+00	5.364541261783961090e+04
7.669999999999880913e+00	5.482930189310464630e+04
7.679999999999880700e+00	5.305577057422969665e+04
7.689999999999880487e+00	5.308681004476851376e+04
7.699999999999880274e+00	5.266551290664137196e+04
7.709999999999880060e+00	5.652229233354287135e+04
7.719999999999879847e+00	5.371409970236590743e+04
7.729999999999879634e+00	4.938965557615308353e+04
7.739999999999879421e+00	5.311614293644632562e+04
7.749999999999879208e+00	5.429744973510219279e+04
7.759999999999878995e+00	5.446718346367952472e+04
7.769999999999878781e+00	4.993600804197417165e+04
7.779999999999878568e+00	5.129026900287969329e+04
7.789999999999878355e+00	5.137150753465508751e+04
7.799999999999878142e+00	5.093650589868225507e+04
7.809999999999877929e+00	5.092709980989692849e+04
7.819999999999877716e+00	5.191632537808545749e+04
7.829999999999877502e+00	5.310031103418954444e+04
7.839999999999877289e+00	5.299651414621296863e+04
7.849999999999877076e+00	5.371920272764934634e+04
7.859999999999876863e+00	5.244669891242433368e+04
7.869999999999876650e+00	5.287027954010319081e+04
7.879999999999876437e+00	5.600888383268330654e+04
7.889999999999876223e+00	5.699407047048589448e+04
7.899999999999876010e+00	5.742790884416722110e+04
7.909999999999875797e+00	5.881152765634181560e+04
7.919999999999875584e+00	5.849413013097264047e+04
7.929999999999875371e+00	5.941714119065354316e+04
7.939999999999875158e+00	6.025172815801640536e+04
7.949999999999874944e+00	5.830724110320963518e+04
7.959999999999874731e+00	5.858677722365920636e+04
7.969999999999874518e+00	5.925240385542404692e+04
7.979999999999874305e+00	5.877808065476346383e+04
7.989999999999874092e+00	6.070635330534673994e+04
7.999999999999873879e+00	6.253910002822180104e+04
8.009999999999873666e+00	6.215635869125431054e+04
8.019999999999873452e+00	6.357829983773984713e+04
8.029999999999873239e+00	6.023575081659452553e+04
8.039999999999873026e+00	6.020821497890273167e+04
8.049999999999872813e+00	5.842393007324943756e+04
8.059999999999872600e+00	5.833340393563088583e+04
8.069999999999872387e+00	5.013733427075004874e+04
8.079999999999872173e+00	5.414974359914385423e+04
8.089999999999871960e+00	5.359557131262801704e+04
8.099999999999871747e+00	5.225802721415516135e+04
8.109999999999871534e+00	5.319540109618430870e+04
8.119999999999871321e+00	5.200964185338559037e+04
8.129999999999871108e+00	5.322977137788693653e+04
8.139999999999870894e+00	4.599582899207393348e+04
8.149999999999870681e+00	4.905591110911379656e+04
8.159999999999870468e+00	4.525635686389762850e+04
8.169999999999870255e+00	4.274660695298941573e+04
8.179999999999870042e+00	4.291886913256353728e+04
8.189999999999869829e+00	4.033846162902159267e+04
8.199999999999869615e+00	3.760540880467323586e+04
8.209999999999869402e+00	4.176895198145278118e+04
8.219999999999869189e+00	4.160584145864474704e+04
8.229999999999868976e+00	3.770750928896649566e+04
8.239999999999868763e+00	3.674441435586396983e+04
8.249999999999868550e+00	3.374682595399197453e+04
8.259999999999868336e+00	3.577531439041702833e+04
8.269999999999868123e+00	3.440447024433745537e+04
8.279999999999867910e+00	3.319797786264304887e+04
8.289999999999867697e+00	3.414722178770030587e+04
8.299999999999867484e+00	3.361722543277630029e+04
8.309999999999867271e+00	3.527375469689232705e+04
8.319999999999867057e+00	3.515170596333590947e+04
8.329999999999866844e+00	3.472820094368531136e+04
8.339999999999866631e+00	3.459558439847267437e+04
8.349999999999866418e+00	3.552500023960854742e+04
8.359999999999866205e+00	3.633480911014902813e+04
8.369999999999865992e+00	3.517721956673223758e+04
8.379999999999865778e+00	3.632789951370391645e+04
8.389999999999865565e+00	3.762987753255752614e+04
8.399999999999865352e+00	3.698237389857516973e+04
8.409999999999865139e+00	3.702697864619163011e+04
8.419999999999864926e+00	3.700382920433681284e+04
8.429999999999864713e+00	3.342935913140457706e+04
8.439999999999864500e+00	3.400154798529113759e+04
8.449999999999864286e+00	3.447539894361543702e+04
8.459999999999864073e+00	3.623223055896542792e+04
8.469999999999863860e+00	3.678116405669256346e+04
8.479999999999863647e+00	3.600182459709273098e+04
8.489999999999863434e+00	3.846263734381971881e+04
8.499999999999863221e+00	3.931290765054327494e+04
8.509999999999863007e+00	3.719741274585431529e+04
8.519999999999862794e+00	4.065700957276826375e+04
8.529999999999862581e+00	4.198791561178259872e+04
8.539999999999862368e+00	4.481916810571929818e+04
8.549999999999862155e+00	4.080638194325842778e+04
8.559999999999861942e+00	4.027556398160083336e+04
8.569999999999861728e+00	4.084153549061922240e+04
8.579999999999861515e+00	4.075254235963348765e+04
8.589999999999861302e+00	3.837325341620304243e+04
8.599999999999861089e+00	3.813826380994493957e+04
8.609999999999860876e+00	2.984728937264973865e+04
8.619999999999860663e+00	2.742081537021977419e+04
8.629999999999860449e+00	2.647157745072469334e+04
8.639999999999860236e+00	2.640078676936398551e+04
8.649999999999860023e+00	2.531513231385641484e+04
8.659999999999859810e+00	2.344866235765843885e+04
8.669999999999859597e+00	2.424909428434895381e+04
8.679999999999859384e+00	1.963185577581043981e+04
8.689999999999859170e+00	1.830782346018035605e+04
8.699999999999858957e+00	1.809466770162397734e+04
8.709999999999858744e+00	1.682002901877478871e+04
8.719999999999858531e+00	1.762931946126967887e+04
8.729999999999858318e+00	1.897911966459378164e+04
8.739999999999858105e+00	2.023854151489909418e+04
8.749999999999857891e+00	2.117534612319008738e+04
8.759999999999857678e+00	2.129148120277212001e+04
8.769999999999857465e+00	2.076049290499722701e+04
8.779999999999857252e+00	1.912663140175767330e+04
8.789999999999857039e+00	1.934810582342514681e+04
8.799999999999856826e+00	2.022982070949279296e+04
8.809999999999856612e+00	1.867459323173224402e+04
8.819999999999856399e+00	1.948734626323900011e+04
8.829999999999856186e+00	1.998772933442219801e+04
8.839999999999855973e+00	2.118879786617779610e+04
8.849999999999855760e+00	2.289492800727931535e+04
8.859999999999855547e+00	2.324090675895338063e+04
8.869999999999855333e+00	2.511371775912363228e+04
8.879999999999855120e+00	2.349967341497510643e+04
8.889999999999854907e+00	2.632298305195340799e+04
8.899999999999854694e+00	2.593513507037686941e+04
8.909999999999854481e+00	2.822233938009779376e+04
8.919999999999854268e+00	2.413059767254008329e+04
8.929999999999854055e+00	2.543858538213030988e+04
8.939999999999853841e+00	2.406033999137893625e+04
8.949999999999853628e+00	2.742525008164298561e+04
8.959999999999853415e+00	2.481300842211490453e+04
8.969999999999853202e+00	2.322626852155346569e+04
8.979999999999852989e+00	2.475320375564859569e+04
8.989999999999852776e+00	2.651084595098174759e+04
8.999999999999852562e+00	2.513644465849779954e+04
9.009999999999852349e+00	2.477913990754115366e+04
9.019999999999852136e+00	2.220985200853741117e+04
9.029999999999851923e+00	2.304428784874129633e+04
9.039999999999851710e+00	2.467031432992748523e+04
9.049999999999851497e+00	2.480983476037011133e+04
9.059999999999851283e+00	2.318239466132757661e+04
9.069999999999851070e+00	2.435491965928411082e+04
9.079999999999850857e+00	2.539801248429040425e+04
9.089999999999850644e+00	2.638446518921546885e+04
9.099999999999850431e+00	2.466557171976956306e+04
9.109999999999850218e+00	2.529215190120895568e+04
9.119999999999850004e+00	2.612308212252883095e+04
9.129999999999849791e+00	2.483193236246550805e+04
9.139999999999849578e+00	2.346034328834579355e+04
9.149999999999849365e+00	2.341117590979726447e+04
9.159999999999849152e+00	2.372861916574925999e+04
9.169999999999848939e+00	2.212204742147817888e+04
9.179999999999848725e+00	2.232944399170640827e+04
9.189999999999848512e+00	2.208875277481749799e+04
9.199999999999848299e+00	2.449313835660349650e+04
9.209999999999848086e+00	2.444858158427104354e+04
9.219999999999847873e+00	2.768534749105373703e+04
9.229999999999847660e+00	2.930797941007333065e+04
9.239999999999847446e+00	2.985261803901084932e+04
9.249999999999847233e+00	2.921198443928327470e+04
9.259999999999847020e+00	2.535637138113499168e+04
9.269999999999846807e+00	2.806789871882842999e+04
9.279999999999846594e+00	2.957540710394617054e+04
9.289999999999846381e+00	2.829861529893591796e+04
9.299999999999846167e+00	3.078832830172694230e+04
9.309999999999845954e+00	3.338127481681386416e+04
9.319999999999845741e+00	3.311468488963866548e+04
9.329999999999845528e+00	3.348219447963000857e+04
9.339999999999845315e+00	3.639380407432878565e+04
9.349999999999845102e+00	3.416113346221913525e+04
9.359999999999844889e+00	3.749676390166938654e+04
9.369999999999844675e+00	3.680872159424913116e+04
9.379999999999844462e+00	4.004174314481733745e+04
9.389999999999844249e+00	4.110135342377075722e+04
9.399999999999844036e+00	4.093479033493134193e+04
9.409999999999843823e+00	4.351044739170152752e+04
9.419999999999843610e+00	4.564317038794017571e+04
9.429999999999843396e+00	4.217127684901383327e+04
9.439999999999843183e+00	4.217900357137902756e+04
9.449999999999842970e+00	4.154642277209225722e+04
9.459999999999842757e+00	3.912686715677028405e+04
9.469999999999842544e+00	3.691822631055057718e+04
9.479999999999842331e+00	3.951071959951949248e+04
9.489999999999842117e+00	4.286001089467910060e+04
9.499999999999841904e+00	4.702831251670259371e+04
9.509999999999841691e+00	4.057234037880568212e+04
9.519999999999841478e+00	4.276812733594682504e+04
9.529999999999841265e+00	4.204561262850464846e+04
9.539999999999841052e+00	3.903359326721528487e+04
9.549999999999840838e+00	3.893840818861142907e+04
9.559999999999840625e+00	4.061953316730041115e+04
9.569999999999840412e+00	4.255261643151957833e+04
9.579999999999840199e+00	3.974940962685536215e+04
9.589999999999839986e+00	4.066895392523913324e+04
9.599999999999839773e+00	4.141851734734558704e+04
9.609999999999839559e+00	4.109931088934669970e+04
9.619999999999839346e+00	4.136352799398778006e+04
9.629999999999839133e+00	4.331587124339534785e+04
9.639999999999838920e+00	4.003685897645083605e+04
9.649999999999838707e+00	3.849126830720934959e+04
9.659999999999838494e+00	4.027088584509491193e+04
9.669999999999838280e+00	3.917466994288897695e+04
9.679999999999838067e+00	3.607562623769513448e+04
9.689999999999837854e+00	3.659455261447625526e+04
9.699999999999837641e+00	3.246857491366243630e+04
9.709999999999837428e+00	3.401363811656393955e+04
9.719999999999837215e+00	3.230372600855392375e+04
9.729999999999837001e+00	3.215587034370976835e+04
9.739999999999836788e+00	3.306357354335852870e+04
9.749999999999836575e+00	3.467589726984023582e+04
9.759999999999836362e+00	3.494420600772363105e+04
9.769999999999836149e+00	3.266081485515613167e+04
9.779999999999835936e+00	3.289836220437976590e+04
9.789999999999835723e+00	3.340212942279882554e+04
9.799999999999835509e+00	3.453766671922397654e+04
9.809999999999835296e+00	3.344123994474495703e+04
9.819999999999835083e+00	3.418779764114526915e+04
9.829999999999834870e+00	3.565009492469529505e+04
9.839999999999834657e+00	3.373436731959790632e+04
9.849999999999834444e+00	3.127563150600998779e+04
9.859999999999834230e+00	3.391777702068620420e+04
9.869999999999834017e+00	3.115927856416932991e+04
9.879999999999833804e+00	3.244697676705363119e+04
9.889999999999833591e+00	3.129470911871631324e+04
9.899999999999833378e+00	3.270931000851769204e+04
9.909999999999833165e+00	3.215740679141354849e+04
9.919999999999832951e+00	3.335065822883860528e+04
9.929999999999832738e+00	3.345746393800925580e+04
9.939999999999832525e+00	3.480456417374557350e+04
9.949999999999832312e+00	3.388405009383246943e+04
9.959999999999832099e+00	2.936298144394938208e+04
9.969999999999831886e+00	3.129842868044096758e+04
9.979999999999831672e+00	3.239746992341652731e+04
9.989999999999831459e+00	3.242628160854925227e+04
9.999999999999831246e+00	3.371001172076664079e+04
1.000999999999983103e+01	3.203904440976814658e+04
1.001999999999983082e+01	3.179547980978002670e+04
1.002999999999983061e+01	3.226144819845861275e+04
1.003999999999983039e+01	3.515625248138437018e+04
1.004999999999983018e+01	3.511800625629047136e+04
1.005999999999982997e+01	3.798689858014625497e+04
1.006999999999982975e+01	3.825996956448245328e+04
1.007999999999982954e+01	4.046501067650524783e+04
1.008999999999982933e+01	3.929828611817378260e+04
1.009999999999982911e+01	3.882707086361938855e+04
1.010999999999982890e+01	3.788333777835806541e+04
1.011999999999982869e+01	3.678965348216928396e+04
1.012999999999982847e+01	3.818164397536152683e+04
1.013999999999982826e+01	3.859069917319590604e+04
1.014999999999982805e+01	3.505357786369951646e+04
1.015999999999982784e+01	3.813067209103809000e+04
1.016999999999982762e+01	3.470825774927022576e+04
1.017999999999982741e+01	3.206763085201009380e+04
1.018999999999982720e+01	3.069649416873093287e+04
1.019999999999982698e+01	2.963224482260583318e+04
1.020999999999982677e+01	3.023026284351190407e+04
1.021999999999982656e+01	2.848794013017226462e+04
1.022999999999982634e+01	2.808550986883285805e+04
1.023999999999982613e+01	2.986846012639279070e+04
1.024999999999982592e+01	3.040950179735201527e+04
1.025999999999982570e+01	3.246494120061949798e+04
1.026999999999982549e+01	3.283076241411351657e+04
1.027999999999982528e+01	3.582813364147859102e+04
1.028999999999982506e+01	3.356729939737429959e+04
1.029999999999982485e+01	3.248302420828019967e+04
1.030999999999982464e+01	3.057455265485183918e+04
1.031999999999982442e+01	2.979918882476493309e+04
1.032999999999982421e+01	3.097914660821777943e+04
1.033999999999982400e+01	2.715512256392914060e+04
1.034999999999982379e+01	2.991743545271819312e+04
1.035999999999982357e+01	3.046774733121107420e+04
1.036999999999982336e+01	3.155102729715566602e+04
1.037999999999982315e+01	3.169263337992223387e+04
1.038999999999982293e+01	3.189363148180688950e+04
1.039999999999982272e+01	3.113304484124899318e+04
1.040999999999982251e+01	3.377951212104929436e+04
1.041999999999982229e+01	3.076560098317622760e+04
1.042999999999982208e+01	3.454278553087706678e+04
1.043999999999982187e+01	3.434022348546102876e+04
1.044999999999982165e+01	2.807519836317775116e+04
1.045999999999982144e+01	2.935573773245691336e+04
1.046999999999982123e+01	2.903320762799646764e+04
1.047999999999982101e+01	2.902552775259784539e+04
1.048999999999982080e+01	2.898237111768110481e+04
1.049999999999982059e+01	2.868971419205432903e+04
1.050999999999982037e+01	2.929017522875663417e+04
1.051999999999982016e+01	2.972216987354842422e+04
1.052999999999981995e+01	2.743676900451888287e+04
1.053999999999981974e+01	2.821389514045781834e+04
1.054999999999981952e+01	2.607997331413707434e+04
1.055999999999981931e+01	2.415807387308001853e+04
1.056999999999981910e+01	2.382986905105314872e+04
1.057999999999981888e+01	2.512247115011258575e+04
1.058999999999981867e+01	2.624499784595885649e+04
1.059999999999981846e+01	2.459916458298150974e+04
1.060999999999981824e+01	1.834351041569976223e+04
1.061999999999981803e+01	2.160414386840748557e+04
1.062999999999981782e+01	2.017843435824510379e+04
1.063999999999981760e+01	1.743486570175996167e+04
1.064999999999981739e+01	1.766671034634613170e+04
1.065999999999981718e+01	1.742423009109700433e+04
1.066999999999981696e+01	2.021138883393540891e+04
1.067999999999981675e+01	1.920414713739812578e+04
1.068999999999981654e+01	1.582271235721059202e+04
1.069999999999981632e+01	1.812486449778152746e+04
1.070999999999981611e+01	1.929248458424593264e+04
1.071999999999981590e+01	2.148975837535033133e+04
1.072999999999981569e+01	2.362092923688763403e+04
1.073999999999981547e+01	2.282317897163662565e+04
1.074999999999981526e+01	2.394725175174158721e+04
1.075999999999981505e+01	2.305148125301584514e+04
1.076999999999981483e+01	2.586474370689810894e+04
1.077999999999981462e+01	2.724848997977010004e+04
1.078999999999981441e+01	2.621640897203444911e+04
1.079999999999981419e+01	2.737885934935174009e+04
1.080999999999981398e+01	2.803791138352200505e+04
1.081999999999981377e+01	2.525784434910159325e+04
1.082999999999981355e+01	2.301019321082503302e+04
1.083999999999981334e+01	2.432507853082517977e+04
1.084999999999981313e+01	2.470770826954271979e+04
1.085999999999981291e+01	2.530264210466352961e+04
1.086999999999981270e+01	2.707275719571169611e+04
1.087999999999981249e+01	2.810831606993266905e+04
1.088999999999981227e+01	2.844309186346589559e+04
1.089999999999981206e+01	2.846719062036625473e+04
1.090999999999981185e+01	2.855654405419176328e+04
1.091999999999981164e+01	2.876832041825700435e+04
1.092999999999981142e+01	2.585944819019029092e+04
1.093999999999981121e+01	2.813912004513286229e+04
1.094999999999981100e+01	2.699109335408534753e+04
1.095999999999981078e+01	2.890432761034669238e+04
1.096999999999981057e+01	2.886439751787829300e+04
1.097999999999981036e+01	2.800390848412785999e+04
1.098999999999981014e+01	2.946276312584005063e+04
1.099999999999980993e+01	2.996795737847010241e+04
1.100999999999980972e+01	2.907891866776518873e+04
1.101999999999980950e+01	3.030224971199201536e+04
1.102999999999980929e+01	3.189661389865595265e+04
1.103999999999980908e+01	3.146215364724026585e+04
1.104999999999980886e+01	3.199285657251520752e+04
1.105999999999980865e+01	3.326139900210184715e+04
1.106999999999980844e+01	3.347949726245521742e+04
1.107999999999980822e+01	3.025208461441446343e+04
1.108999999999980801e+01	3.205984076575180734e+04
1.109999999999980780e+01	3.296331495928539516e+04
1.110999999999980759e+01	3.366762580842766329e+04
1.111999999999980737e+01	3.609330399860030593e+04
1.112999999999980716e+01	3.569346169543471478e+04
1.113999999999980695e+01	3.850052308247701876e+04
1.114999999999980673e+01	3.504068709829497675e+04
1.115999999999980652e+01	3.383760681904869853e+04
1.116999999999980631e+01	3.371765571881919459e+04
1.117999999999980609e+01	3.494094892060539860e+04
1.118999999999980588e+01	3.508862954033059941e+04
1.119999999999980567e+01	3.091409439900280267e+04
1.120999999999980545e+01	3.129011703125374333e+04
1.121999999999980524e+01	3.108829741814813315e+04
1.122999999999980503e+01	3.385243682683581574e+04
1.123999999999980481e+01	3.391848783105771145e+04
1.124999999999980460e+01	3.404188216089722846e+04
1.125999999999980439e+01	3.415089829004962667e+04
1.126999999999980417e+01	3.536388653021215578e+04
1.127999999999980396e+01	3.629539989225225872e+04
1.128999999999980375e+01	3.530517009161689202e+04
1.129999999999980353e+01	3.685437117487941578e+04
1.130999999999980332e+01	3.500681490020635829e+04
1.131999999999980311e+01	3.711928390639746794e+04
1.132999999999980290e+01	3.651915039109344070e+04
1.133999999999980268e+01	3.575014811543594988e+04
1.134999999999980247e+01	3.565850583410524996e+04
1.135999999999980226e+01	3.730030651095154462e+04
1.136999999999980204e+01	3.837586384893630748e+04
1.137999999999980183e+01	3.663729359591240063e+04
1.138999999999980162e+01	3.973220731691203400e+04
1.139999999999980140e+01	4.054812589062611369e+04
1.140999999999980119e+01	4.241975446126041061e+04
1.141999999999980098e+01	4.477361104118080402e+04
1.142999999999980076e+01	4.542028491967899026e+04
1.143999999999980055e+01	4.629487646465271246e+04
1.144999999999980034e+01	4.885181314768856100e+04
1.145999999999980012e+01	4.494652183943377167e+04
1.146999999999979991e+01	4.895680791138959466e+04
1.147999999999979970e+01	4.898311196858159383e+04
1.148999999999979948e+01	4.800540384220305714e+04
1.149999999999979927e+01	4.899457366710311908e+04
1.150999999999979906e+01	5.025099776054902031e+04
1.151999999999979885e+01	5.098571141723418259e+04
1.152999999999979863e+01	5.287814684309297445e+04
1.153999999999979842e+01	5.293622832957085484e+04
1.154999999999979821e+01	5.394084893952515995e+04
1.155999999999979799e+01	5.641167590811544505e+04
1.156999999999979778e+01	5.805733746802457608e+04
1.157999999999979757e+01	6.176516232487786328e+04
1.158999999999979735e+01	6.260116027088976261e+04
1.159999999999979714e+01	5.947554041436375701e+04
1.160999999999979693e+01	6.380664026675325294e+04
1.161999999999979671e+01	6.151846548572603206e+04
1.162999999999979650e+01	6.441608501607924700e+04
1.163999999999979629e+01	6.364423911089444300e+04
1.164999999999979607e+01	6.332243508527772792e+04
1.165999999999979586e+01	5.763533791709126672e+04
1.166999999999979565e+01	6.015539102487234049e+04
1.167999999999979543e+01	6.053040146265638759e+04
1.168999999999979522e+01	5.982146175713455887e+04
1.169999999999979501e+01	6.096904529244453443e+04
1.170999999999979480e+01	6.062769462790002581e+04
1.171999999999979458e+01	6.214423338843097736e+04
1.172999999999979437e+01	5.978580769594509184e+04
1.173999999999979416e+01	5.542088511037231365e+04
1.174999999999979394e+01	5.321133772565466643e+04
1.175999999999979373e+01	4.975892184646698297e+04
1.176999999999979352e+01	4.695847634437205852e+04
1.177999999999979330e+01	4.711128419388965995e+04
1.178999999999979309e+01	4.612831782911831397e+04
1.179999999999979288e+01	4.522469451391766779e+04
1.180999999999979266e+01	4.810911442950439232e+04
1.181999999999979245e+01	4.654707382645321923e+04
1.182999999999979224e+01	4.724867809316670173e+04
1.183999999999979202e+01	4.889358733855192258e+04
1.184999999999979181e+01	4.823018322618507955e+04
1.185999999999979160e+01	4.883891706664989033e+04
1.186999999999979138e+01	4.812109043024787388e+04
1.187999999999979117e+01	4.933763974616002088e+04
1.188999999999979096e+01	4.589965952846707660e+04
1.189999999999979075e+01	4.957998972303992196e+04
1.190999999999979053e+01	4.950103344387422112e+04
1.191999999999979032e+01	5.043055810310053494e+04
1.192999999999979011e+01	4.860692921963097615e+04
1.193999999999978989e+01	4.628534181251174596e+04
1.194999999999978968e+01	4.384682975634625473e+04
1.195999999999978947e+01	4.518390332568973099e+04
1.196999999999978925e+01	4.493267531088514806e+04
1.197999999999978904e+01	4.688588902379801584e+04
1.198999999999978883e+01	4.653582760888688790e+04
1.199999999999978861e+01	4.846783273322416062e+04
1.200999999999978840e+01	4.840865346354472422e+04
1.201999999999978819e+01	4.704631430468860344e+04
1.202999999999978797e+01	4.742703920726924844e+04
1.203999999999978776e+01	4.909002622197825985e+04
1.204999999999978755e+01	5.176562110080608545e+04
1.205999999999978733e+01	5.311256682571030979e+04
1.206999999999978712e+01	4.999589735902343091e+04
1.207999999999978691e+01	5.098140202170644625e+04
1.208999999999978670e+01	5.218488602821659151e+04
1.209999999999978648e+01	5.253258672773736907e+04
1.210999999999978627e+01	4.867908482458410435e+04
1.211999999999978606e+01	5.305325155022184481e+04
1.212999999999978584e+01	5.408445562095392961e+04
1.213999999999978563e+01	5.597346888817746367e+04
1.214999999999978542e+01	5.548712226957505482e+04
1.215999999999978520e+01	5.698938323027835577e+04
1.216999999999978499e+01	5.777071484201212297e+04
1.217999999999978478e+01	5.887195518015579728e+04
1.218999999999978456e+01	5.985839478635645355e+04
1.219999999999978435e+01	6.125084470729391614e+04
1.220999999999978414e+01	6.264412145733656507e+04
1.221999999999978392e+01	6.547095632874457806e+04
1.222999999999978371e+01	6.786672518394989311e+04
1.223999999999978350e+01	6.925897382690406812e+04
1.224999999999978328e+01	7.160692117461404996e+04
1.225999999999978307e+01	7.036630763272836339e+04
1.226999999999978286e+01	7.198813632132043131e+04
1.227999999999978264e+01	7.288433543375386216e+04
1.228999999999978243e+01	7.133396337618445978e+04
1.229999999999978222e+01	7.442156194828472508e+04
1.230999999999978201e+01	7.322087178622175998e+04
1.231999999999978179e+01	7.437331705616114778e+04
1.232999999999978158e+01	7.789316720202405122e+04
1.233999999999978137e+01	7.450275059784689802e+04
1.234999999999978115e+01	7.516406074016785715e+04
1.235999999999978094e+01	7.568611841244132665e+04
1.236999999999978073e+01	7.683281515130006301e+04
1.237999999999978051e+01	7.080107985238265246e+04
1.238999999999978030e+01	6.825379503841228143e+04
1.239999999999978009e+01	7.268144359903948498e+04
1.240999999999977987e+01	6.867199527763550577e+04
1.241999999999977966e+01	6.905588937179584173e+04
1.242999999999977945e+01	6.849821149850015354e+04
1.243999999999977923e+01	6.499269423497428215e+04
1.244999999999977902e+01	5.944465944773096271e+04
1.245999999999977881e+01	5.617450024844775908e+04
1.246999999999977859e+01	5.422704134516675549e+04
1.247999999999977838e+01	5.047432899095703033e+04
1.248999999999977817e+01	5.117418876032503613e+04
1.249999999999977796e+01	5.053857559816203866e+04
1.250999999999977774e+01	4.601348414631013293e+04
1.251999999999977753e+01	4.437931107640483242e+04
1.252999999999977732e+01	4.779359857913915039e+04
1.253999999999977710e+01	4.982992790265012445e+04
1.254999999999977689e+01	4.802196233570006734e+04
1.255999999999977668e+01	3.714940175915349391e+04
1.256999999999977646e+01	3.770820884665842459e+04
1.257999999999977625e+01	3.755407162248203531e+04
1.258999999999977604e+01	3.660934713957057102e+04
1.259999999999977582e+01	3.236107682384554937e+04
1.260999999999977561e+01	3.179355831086175749e+04
1.261999999999977540e+01	3.239076383766903018e+04
1.262999999999977518e+01	2.868149729955296789e+04
1.263999999999977497e+01	3.053099694131051365e+04
1.264999999999977476e+01	3.001738182974405208e+04
1.265999999999977454e+01	2.969941761692018190e+04
1.266999999999977433e+01	3.267299353304348551e+04
1.267999999999977412e+01	2.977055230016751011e+04
1.268999999999977391e+01	3.185690206474584556e+04
1.269999999999977369e+01	3.616338235390276532e+04
1.270999999999977348e+01	3.720810038003433147e+04
1.271999999999977327e+01	4.088491050286073005e+04
1.272999999999977305e+01	3.902901472137213568e+04
1.273999999999977284e+01	4.269662472598257591e+04
1.274999999999977263e+01	4.599326564706065983e+04
1.275999999999977241e+01	4.596289121649618755e+04
1.276999999999977220e+01	5.024749849377878854e+04
1.277999999999977199e+01	5.653717677056114189e+04
1.278999999999977177e+01	5.674125558656674548e+04
1.279999999999977156e+01	5.738099564476277010e+04
1.280999999999977135e+01	5.986266448987688636e+04
1.281999999999977113e+01	6.412738261443502415e+04
1.282999999999977092e+01	6.970149107970455952e+04
1.283999999999977071e+01	7.436382842289685505e+04
1.284999999999977049e+01	7.976788686513878929e+04
1.285999999999977028e+01	8.372797049750546284e+04
1.286999999999977007e+01	8.741265241756387695e+04
1.287999999999976986e+01	9.188559693007521855e+04
1.288999999999976964e+01	9.044601971780924941e+04
1.289999999999976943e+01	9.752263546583575953e+04
1.290999999999976922e+01	9.988633538912140648e+04
1.291999999999976900e+01	1.000347043490376091e+05
1.292999999999976879e+01	1.022420403973357024e+05
1.293999999999976858e+01	1.070533659668036853e+05
1.294999999999976836e+01	1.118966132873954630e+05
1.295999999999976815e+01	1.134395914197678358e+05
1.296999999999976794e+01	1.140798357403369737e+05
1.297999999999976772e+01	1.187350956578777987e+05
1.298999999999976751e+01	1.195732884622809652e+05
1.299999999999976730e+01	1.198949996071706410e+05
1.300999999999976708e+01	1.167694449114792515e+05
1.301999999999976687e+01	1.227040164993868675e+05
1.302999999999976666e+01	1.251227269158215204e+05
1.303999999999976644e+01	1.228353917452470050e+05
1.304999999999976623e+01	1.224723485027849820e+05
1.305999999999976602e+01	1.175747681964535004e+05
1.306999999999976581e+01	1.279559768046993413e+05
1.307999999999976559e+01	1.214814699884757865e+05
1.308999999999976538e+01	1.216142156844177225e+05
1.309999999999976517e+01	1.187448912691992737e+05
1.310999999999976495e+01	1.190939997359570407e+05
1.311999999999976474e+01	1.180178024638737843e+05
1.312999999999976453e+01	1.164795461128299503e+05
1.313999999999976431e+01	1.154188967965213087e+05
1.314999999999976410e+01	1.212339732553880312e+05
1.315999999999976389e+01	1.124769048748080677e+05
1.316999999999976367e+01	1.096512946202832827e+05
1.317999999999976346e+01	1.047522857128966134e+05
1.318999999999976325e+01	1.083565225377873867e+05
1.319999999999976303e+01	1.099987726365105773e+05
1.320999999999976282e+01	9.814935651987342862e+04
1.321999999999976261e+01	1.003235030590138631e+05
1.322999999999976239e+01	1.031300471663808712e+05
1.323999999999976218e+01	9.748025514022231800e+04
1.324999999999976197e+01	1.002966610340467887e+05
1.325999999999976176e+01	9.792695805098884739e+04
1.326999999999976154e+01	1.050425174854846555e+05
1.327999999999976133e+01	1.158820690531219152e+05
1.328999999999976112e+01	1.063339819925107004e+05
1.329999999999976090e+01	9.833417949664617481e+04
1.330999999999976069e+01	1.051571478444577951e+05
1.331999999999976048e+01	9.708627111325919395e+04
1.332999999999976026e+01	9.305015939570462797e+04
1.333999999999976005e+01	7.683552190317746135e+04
1.334999999999975984e+01	8.110171654223646328e+04
1.335999999999975962e+01	7.299447668866123422e+04
1.336999999999975941e+01	6.749536033853178378e+04
1.337999999999975920e+01	5.827618572389064502e+04
1.338999999999975898e+01	5.682457250962199032e+04
1.339999999999975877e+01	6.076041464371433540e+04
1.340999999999975856e+01	4.611362087347743363e+04
1.341999999999975834e+01	4.786984651036599098e+04
1.342999999999975813e+01	4.559098021522924682e+04
1.343999999999975792e+01	3.871721500222825853e+04
1.344999999999975770e+01	3.932246197169889638e+04
1.345999999999975749e+01	3.608803914584864106e+04
1.346999999999975728e+01	3.766185638264460431e+04
1.347999999999975707e+01	3.581550767741187883e+04
1.348999999999975685e+01	3.466483107605530677e+04
1.349999999999975664e+01	3.403817539468074392e+04
1.350999999999975643e+01	3.417813697769255668e+04
1.351999999999975621e+01	3.505072545689554681e+04
1.352999999999975600e+01	3.458786728938447050e+04
1.353999999999975579e+01	3.450911257838066376e+04
1.354999999999975557e+01	3.277274272786410438e+04
1.355999999999975536e+01	3.704950823638129805e+04
1.356999999999975515e+01	3.890531027874958818e+04
1.357999999999975493e+01	3.907848908976635721e+04
1.358999999999975472e+01	4.068859680602108710e+04
1.359999999999975451e+01	4.185911436462831625e+04
1.360999999999975429e+01	4.672003506231257052e+04
1.361999999999975408e+01	4.682140488548503345e+04
1.362999999999975387e+01	5.139899799290296505e+04
1.363999999999975365e+01	5.599752407060766564e+04
1.364999999999975344e+01	5.928450124616445100e+04
1.365999999999975323e+01	6.305296309807994112e+04
1.366999999999975302e+01	6.476027582349967997e+04
1.367999999999975280e+01	6.370496896122249018e+04
1.368999999999975259e+01	6.864657358657123405e+04
1.369999999999975238e+01	7.046197031006769976e+04
1.370999999999975216e+01	7.569683112504001474e+04
1.371999999999975195e+01	7.353778211347962497e+04
1.372999999999975174e+01	7.522236133469777997e+04
1.373999999999975152e+01	7.422976241197224590e+04
1.374999999999975131e+01	7.646663841110997600e+04
1.375999999999975110e+01	7.584893033485229535e+04
1.376999999999975088e+01	7.825359353785762505e+04
1.377999999999975067e+01	7.999786004617548315e+04
1.378999999999975046e+01	8.177301662775391014e+04
1.379999999999975024e+01	8.277432404870912433e+04
1.380999999999975003e+01	8.483335207296832232e+04
1.381999999999974982e+01	8.573882272714399733e+04
1.382999999999974960e+01	8.602617775861744303e+04
1.383999999999974939e+01	8.680518235900514992e+04
1.384999999999974918e+01	8.716092211654588755e+04
1.385999999999974897e+01	9.022216321294929367e+04
1.386999999999974875e+01	8.933817115588749584e+04
1.387999999999974854e+01	9.279340684751220397e+04
1.388999999999974833e+01	9.435287065717007499e+04
1.389999999999974811e+01	9.425846386299334699e+04
1.390999999999974790e+01	9.702990856717736460e+04
1.391999999999974769e+01	9.666304881814384134e+04
1.392999999999974747e+01	9.897475453631329583e+04
1.393999999999974726e+01	1.025140936624223687e+05
1.394999999999974705e+01	9.944052418864009087e+04
1.395999999999974683e+01	9.105993606086890213e+04
1.396999999999974662e+01	7.884106631121685496e+04
1.397999999999974641e+01	8.101363498389889719e+04
1.398999999999974619e+01	6.637801496775247506e+04
1.399999999999974598e+01	5.578836626940705901e+04
1.400999999999974577e+01	5.262457470879842003e+04
1.401999999999974555e+01	5.210203256475529633e+04
1.402999999999974534e+01	4.539006580235330330e+04
1.403999999999974513e+01	4.511384966099460871e+04
1.404999999999974492e+01	4.105587471854488103e+04
1.405999999999974470e+01	3.631546864337265288e+04
1.406999999999974449e+01	3.549703707653076708e+04
1.407999999999974428e+01	3.691580748904112261e+04
1.408999999999974406e+01	3.466415625079542951e+04
1.409999999999974385e+01	3.639598414595040958e+04
1.410999999999974364e+01	3.581198668102504598e+04
1.411999999999974342e+01	3.538805108563220710e+04
1.412999999999974321e+01	3.602713664905106270e+04
1.413999999999974300e+01	3.444078780032555369e+04
1.414999999999974278e+01	3.194042729181456889e+04
1.415999999999974257e+01	3.392910067860104755e+04
1.416999999999974236e+01	3.168069441581426508e+04
1.417999999999974214e+01	3.159648273994976626e+04
1.418999999999974193e+01	3.022066361684149160e+04
1.419999999999974172e+01	2.563052771778533497e+04
1.420999999999974150e+01	2.698297926696233117e+04
1.421999999999974129e+01	2.747837569056828215e+04
1.422999999999974108e+01	2.614890256408058121e+04
1.423999999999974087e+01	2.708596374525103965e+04
1.424999999999974065e+01	2.721930836109854863e+04
1.425999999999974044e+01	2.669020909463696444e+04
1.426999999999974023e+01	2.884461444578344526e+04
1.427999999999974001e+01	2.529576512690042000e+04
1.428999999999973980e+01	2.935618808594576694e+04
1.429999999999973959e+01	2.749440316230864846e+04
1.430999999999973937e+01	3.082266960350267618e+04
1.431999999999973916e+01	3.107181935565134336e+04
1.432999999999973895e+01	3.258577802305955265e+04
1.433999999999973873e+01	3.234929316958614072e+04
1.434999999999973852e+01	3.347292256844826625e+04
1.435999999999973831e+01	3.469146702010136505e+04
1.436999999999973809e+01	3.579340328838856658e+04
1.437999999999973788e+01	3.608644154631497804e+04
1.438999999999973767e+01	3.582568162307755119e+04
1.439999999999973745e+01	3.852522283939424960e+04
1.440999999999973724e+01	4.245098266987707757e+04
1.441999999999973703e+01	4.416866135555227083e+04
1.442999999999973681e+01	4.401328007602589059e+04
1.443999999999973660e+01	4.453220038529769226e+04
1.444999999999973639e+01	4.617089158318591944e+04
1.445999999999973618e+01	4.597850871048807312e+04
1.446999999999973596e+01	4.460602921568862075e+04
1.447999999999973575e+01	4.508104493429764989e+04
1.448999999999973554e+01	4.321591303423122008e+04
1.449999999999973532e+01	4.541113851252463792e+04
1.450999999999973511e+01	4.510667482390844816e+04
1.451999999999973490e+01	4.700613170819809602e+04
1.452999999999973468e+01	4.589840589508575795e+04
1.453999999999973447e+01	4.556242980010086467e+04
1.454999999999973426e+01	4.363535016547708074e+04
1.455999999999973404e+01	4.124208421584839380e+04
1.456999999999973383e+01	4.021087245085433096e+04
1.457999999999973362e+01	4.216957861105672782e+04
1.458999999999973340e+01	4.246298048015905079e+04
1.459999999999973319e+01	4.255401142876679660e+04
1.460999999999973298e+01	3.878251479698790354e+04
1.461999999999973276e+01	4.050189018058715737e+04
1.462999999999973255e+01	3.975212736820976716e+04
1.463999999999973234e+01	4.054242882985806500e+04
1.464999999999973213e+01	3.716936358041147469e+04
1.465999999999973191e+01	4.126494251568251639e+04
1.466999999999973170e+01	4.022394563746584754e+04
1.467999999999973149e+01	4.051729734965958778e+04
1.468999999999973127e+01	3.850019825744213449e+04
1.469999999999973106e+01	4.049989202619174466e+04
1.470999999999973085e+01	3.968194730327851721e+04
1.471999999999973063e+01	4.019701402270803374e+04
1.472999999999973042e+01	3.901277094693692197e+04
1.473999999999973021e+01	3.951673238590230903e+04
1.474999999999972999e+01	4.281822948242313578e+04
1.475999999999972978e+01	4.736284862304427952e+04
1.476999999999972957e+01	4.561786063294443738e+04
1.477999999999972935e+01	4.632275306271656882e+04
1.478999999999972914e+01	5.027031358017670573e+04
1.479999999999972893e+01	4.949251916542716208e+04
1.480999999999972871e+01	5.355825681641943811e+04
1.481999999999972850e+01	5.890740737241150782e+04
1.482999999999972829e+01	5.765510347218481911e+04
1.483999999999972808e+01	6.129755189702660573e+04
1.484999999999972786e+01	6.214326698342180316e+04
1.485999999999972765e+01	6.421604677327282843e+04
1.486999999999972744e+01	6.880903126392659033e+04
1.487999999999972722e+01	7.297085629233164946e+04
1.488999999999972701e+01	7.895749120233036228e+04
1.489999999999972680e+01	8.030630119449278573e+04
1.490999999999972658e+01	8.515022337665694067e+04
1.491999999999972637e+01	9.029545228905646945e+04
1.492999999999972616e+01	9.818515558844094630e+04
1.493999999999972594e+01	9.951361766562244156e+04
1.494999999999972573e+01	1.034008285533690942e+05
1.495999999999972552e+01	1.086812046324992989e+05
1.496999999999972530e+01	1.089850378875889146e+05
1.497999999999972509e+01	1.129817697189475293e+05
1.498999999999972488e+01	1.203512769758140639e+05
1.499999999999972466e+01	1.248422472200124466e+05
1.500999999999972445e+01	1.315709299304262386e+05
1.501999999999972424e+01	1.385783300021890318e+05
1.502999999999972403e+01	1.460824121310426854e+05
1.503999999999972381e+01	1.549784339117489872e+05
1.504999999999972360e+01	1.631933629610746866e+05
1.505999999999972339e+01	1.721216323043556476e+05
1.506999999999972317e+01	1.834760951224491582e+05
1.507999999999972296e+01	1.941060324632711126e+05
1.508999999999972275e+01	2.077672898332321492e+05
1.509999999999972253e+01	2.187014902996094606e+05
1.510999999999972232e+01	2.349515180102929589e+05
1.511999999999972211e+01	2.465052507933088054e+05
1.512999999999972189e+01	2.595236542493305460e+05
1.513999999999972168e+01	2.793934940173717332e+05
1.514999999999972147e+01	2.975975917123387335e+05
1.515999999999972125e+01	3.124324563306135242e+05
1.516999999999972104e+01	3.320284398844777024e+05
1.517999999999972083e+01	3.486025170936111826e+05
1.518999999999972061e+01	3.612421700375376968e+05
1.519999999999972040e+01	3.665181491905964212e+05
1.520999999999972019e+01	3.788916988037367701e+05
1.521999999999971998e+01	3.900340864069017116e+05
1.522999999999971976e+01	3.985965622896798304e+05
1.523999999999971955e+01	4.098375658745102119e+05
1.524999999999971934e+01	4.249794365312797599e+05
1.525999999999971912e+01	4.392285019020421896e+05
1.526999999999971891e+01	4.674106512995888479e+05
1.527999999999971870e+01	4.687396406970787793e+05
1.528999999999971848e+01	4.776954637194972020e+05
1.529999999999971827e+01	4.784956833694367670e+05
1.530999999999971806e+01	4.796414850184110692e+05
1.531999999999971784e+01	4.291988698902908945e+05
1.532999999999971763e+01	4.220696575859298464e+05
1.533999999999971742e+01	3.840319183230935014e+05
1.534999999999971720e+01	3.435277037139713648e+05
1.535999999999971699e+01	3.413596154032342602e+05
1.536999999999971678e+01	3.300002522535568569e+05
1.537999999999971656e+01	3.347737222159011289e+05
1.538999999999971635e+01	3.248685659383825259e+05
1.539999999999971614e+01	3.246144594728474040e+05
1.540999999999971593e+01	3.147598721569927875e+05
1.541999999999971571e+01	2.883416159632885247e+05
1.542999999999971550e+01	2.872598450603372185e+05
1.543999999999971529e+01	2.829390859508475987e+05
1.544999999999971507e+01	2.763638971305290470e+05
1.545999999999971486e+01	2.682803278833595687e+05
1.546999999999971465e+01	2.624977294047957403e+05
1.547999999999971443e+01	2.410508690743785119e+05
1.548999999999971422e+01	2.399081962553316262e+05
1.549999999999971401e+01	2.267191025508265884e+05
1.550999999999971379e+01	2.313556059149154171e+05
1.551999999999971358e+01	2.385958875173297420e+05
1.552999999999971337e+01	2.329279294166933978e+05
1.553999999999971315e+01	2.291058051011151401e+05
1.554999999999971294e+01	2.362524276901195408e+05
1.555999999999971273e+01	2.412629983598792460e+05
1.556999999999971251e+01	2.581399126857593656e+05
1.557999999999971230e+01	2.539746125144931138e+05
1.558999999999971209e+01	2.652195090301174787e+05
1.559999999999971187e+01	2.627970663715167902e+05
1.560999999999971166e+01	2.590847417242952215e+05
1.561999999999971145e+01	2.711058266347419703e+05
1.562999999999971124e+01	2.963108156628172146e+05
1.563999999999971102e+01	2.925225007163971895e+05
1.564999999999971081e+01	3.061778603492884431e+05
1.565999999999971060e+01	3.149587334757803474e+05
1.566999999999971038e+01	3.103093044382890221e+05
1.567999999999971017e+01	3.102297186346469680e+05
1.568999999999970996e+01	3.067770398041009903e+05
1.569999999999970974e+01	3.105743529545712518e+05
1.570999999999970953e+01	3.219733179162505548e+05
1.571999999999970932e+01	3.367930479804570787e+05
1.572999999999970910e+01	3.220711375455065281e+05
1.573999999999970889e+01	3.353343280714743887e+05
1.574999999999970868e+01	3.288720255101718940e+05
1.575999999999970846e+01	3.302095196165703237e+05
1.576999999999970825e+01	3.353333323738498148e+05
1.577999999999970804e+01	3.604890155861158855e+05
1.578999999999970782e+01	3.458161812123846030e+05
1.579999999999970761e+01	3.480524149377656286e+05
1.580999999999970740e+01	3.536874825309844455e+05
1.581999999999970719e+01	3.661949938292129664e+05
1.582999999999970697e+01	3.662728684778699535e+05
1.583999999999970676e+01	3.526975932930164272e+05
1.584999999999970655e+01	3.648800109801702201e+05
1.585999999999970633e+01	3.671267324568947079e+05
1.586999999999970612e+01	3.669729456815835438e+05
1.587999999999970591e+01	3.709958776108700549e+05
1.588999999999970569e+01	3.565310920276519610e+05
1.589999999999970548e+01	3.646287728978403611e+05
1.590999999999970527e+01	3.574123110787114711e+05
1.591999999999970505e+01	3.710199213680946850e+05
1.592999999999970484e+01	3.631708859506155131e+05
1.593999999999970463e+01	3.769836382725403528e+05
1.594999999999970441e+01	3.769819236176228151e+05
1.595999999999970420e+01	3.826363818345663021e+05
1.596999999999970399e+01	3.953677530165733770e+05
1.597999999999970377e+01	3.885247877468537772e+05
1.598999999999970356e+01	3.983081345620823558e+05
1.599999999999970335e+01	3.908313584491204238e+05
1.600999999999970314e+01	4.079902154275549692e+05
1.601999999999970470e+01	4.040862302761703031e+05
1.602999999999970626e+01	4.059516821773631382e+05
1.603999999999970782e+01	4.086904955866254168e+05
1.604999999999970939e+01	4.097536577221958432e+05
1.605999999999971095e+01	4.212026229446460493e+05
1.606999999999971251e+01	4.276786935096312664e+05
1.607999999999971408e+01	4.157966811207315186e+05
1.608999999999971564e+01	4.346293061233902117e+05
1.609999999999971720e+01	4.391282340246207314e+05
1.610999999999971877e+01	4.331127876827369910e+05
1.611999999999972033e+01	4.359185994045864209e+05
1.612999999999972189e+01	4.484912812085187179e+05
1.613999999999972346e+01	4.448331418786155409e+05
1.614999999999972502e+01	4.369847622852585046e+05
1.615999999999972658e+01	4.160073078796783811e+05
1.616999999999972815e+01	4.047102856733870576e+05
1.617999999999972971e+01	4.050740599346804083e+05
1.618999999999973127e+01	3.911571336192258168e+05
1.619999999999973284e+01	3.931963463041129289e+05
1.620999999999973440e+01	4.013188604953581234e+05
1.621999999999973596e+01	3.894028701341077685e+05
1.622999999999973753e+01	3.949809300753743155e+05
1.623999999999973909e+01	3.885429894432871370e+05
1.624999999999974065e+01	3.977173383575088810e+05
1.625999999999974222e+01	3.954936839557251660e+05
1.626999999999974378e+01	4.143792430905980291e+05
1.627999999999974534e+01	4.150903908305020304e+05
1.628999999999974690e+01	4.173809849674166180e+05
1.629999999999974847e+01	4.227523438779187272e+05
1.630999999999975003e+01	4.198641518024360994e+05
1.631999999999975159e+01	4.415099840165312635e+05
1.632999999999975316e+01	4.207287090751309297e+05
1.633999999999975472e+01	4.235876105349292629e+05
1.634999999999975628e+01	4.283228905016091303e+05
1.635999999999975785e+01	4.331188032319216290e+05
1.636999999999975941e+01	4.448612332340584253e+05
1.637999999999976097e+01	4.492247022530399263e+05
1.638999999999976254e+01	4.620522760519030853e+05
1.639999999999976410e+01	4.827539038874167018e+05
1.640999999999976566e+01	4.709048913336524856e+05
1.641999999999976723e+01	4.298116486047431827e+05
1.642999999999976879e+01	4.633527848754214356e+05
1.643999999999977035e+01	4.649908452203950728e+05
1.644999999999977192e+01	4.270060434707417735e+05
1.645999999999977348e+01	4.691735770695248502e+05
1.646999999999977504e+01	4.999389262961111963e+05
1.647999999999977661e+01	4.909355535003254190e+05
1.648999999999977817e+01	5.331004692163608270e+05
1.649999999999977973e+01	5.431696823652758030e+05
1.650999999999978129e+01	5.480782424870339455e+05
1.651999999999978286e+01	5.488118306743147550e+05
1.652999999999978442e+01	5.906620220222431235e+05
1.653999999999978598e+01	5.644148446445432492e+05
1.654999999999978755e+01	5.542970669203775469e+05
1.655999999999978911e+01	5.491993765226600226e+05
1.656999999999979067e+01	5.497533775224213023e+05
1.657999999999979224e+01	5.582359449302775320e+05
1.658999999999979380e+01	5.703730913600428030e+05
1.659999999999979536e+01	5.776235142190551851e+05
1.660999999999979693e+01	5.888053019556635991e+05
1.661999999999979849e+01	5.879352368471706286e+05
1.662999999999980005e+01	5.974105794954504818e+05
1.663999999999980162e+01	5.875966701422323240e+05
1.664999999999980318e+01	6.028337933772737160e+05
1.665999999999980474e+01	6.061500814719204791e+05
1.666999999999980631e+01	6.026653827197132632e+05
1.667999999999980787e+01	6.027885253057858208e+05
1.668999999999980943e+01	6.057833981762300245e+05
1.669999999999981100e+01	5.979491218544937437e+05
1.670999999999981256e+01	5.928175223584210034e+05
1.671999999999981412e+01	5.720095487078471342e+05
1.672999999999981569e+01	5.822911254320248263e+05
1.673999999999981725e+01	5.957339636361787561e+05
1.674999999999981881e+01	5.836272188557494665e+05
1.675999999999982037e+01	5.812470952538582496e+05
1.676999999999982194e+01	5.858667174706121441e+05
1.677999999999982350e+01	5.701190500595342601e+05
1.678999999999982506e+01	5.849628538676726166e+05
1.679999999999982663e+01	5.788696687959614210e+05
1.680999999999982819e+01	5.806406933247477282e+05
1.681999999999982975e+01	5.857700141332270578e+05
1.682999999999983132e+01	5.866052105802247534e+05
1.683999999999983288e+01	5.757377334266350372e+05
1.684999999999983444e+01	5.831616767476608511e+05
1.685999999999983601e+01	5.877205703651336953e+05
1.686999999999983757e+01	5.923720708447365323e+05
1.687999999999983913e+01	5.869916275238827802e+05
1.688999999999984070e+01	5.865710819656985113e+05
1.689999999999984226e+01	5.865671192439973820e+05
1.690999999999984382e+01	5.759637191200186498e+05
1.691999999999984539e+01	5.714567316778758541e+05
1.692999999999984695e+01	5.665901437474295963e+05
1.693999999999984851e+01	5.725438197322059423e+05
1.694999999999985008e+01	5.768377496731623542e+05
1.695999999999985164e+01	5.681762318857926875e+05
1.696999999999985320e+01	5.775178621817572275e+05
1.697999999999985477e+01	5.676427293261250015e+05
1.698999999999985633e+01	5.635168782081864774e+05
1.699999999999985789e+01	5.687390451471871929e+05
1.700999999999985945e+01	5.748046380580188707e+05
1.701999999999986102e+01	5.722361870861405041e+05
1.702999999999986258e+01	5.710132279063111637e+05
1.703999999999986414e+01	5.728464482553214766e+05
1.704999999999986571e+01	5.757854894085484557e+05
1.705999999999986727e+01	5.739259766963971779e+05
1.706999999999986883e+01	5.677566965721421875e+05
1.707999999999987040e+01	5.758186998162928503e+05
1.708999999999987196e+01	5.716698226475624833e+05
1.709999999999987352e+01	5.672049762433115393e+05
1.710999999999987509e+01	5.702608788119876990e+05
1.711999999999987665e+01	5.628540617023245431e+05
1.712999999999987821e+01	5.671476852381897625e+05
1.713999999999987978e+01	5.815040388785696123e+05
1.714999999999988134e+01	5.762397103152843192e+05
1.715999999999988290e+01	5.841235305706688669e+05
1.716999999999988447e+01	5.868799774051986169e+05
1.717999999999988603e+01	5.858788374159252271e+05
1.718999999999988759e+01	5.837413371248322073e+05
1.719999999999988916e+01	5.935830414311664645e+05
1.720999999999989072e+01	5.957437671356552746e+05
1.721999999999989228e+01	6.013098965033077402e+05
1.722999999999989384e+01	6.082629293106757104e+05
1.723999999999989541e+01	6.072272737448064145e+05
1.724999999999989697e+01	6.108286284715238726e+05
1.725999999999989853e+01	6.093132776004282059e+05
1.726999999999990010e+01	6.164982916067172773e+05
1.727999999999990166e+01	6.262301518295105780e+05
1.728999999999990322e+01	6.139122073713493301e+05
1.729999999999990479e+01	6.127061485271689016e+05
1.730999999999990635e+01	6.266215223515704274e+05
1.731999999999990791e+01	6.391587210844543297e+05
1.732999999999990948e+01	6.445714202086725272e+05
1.733999999999991104e+01	6.578283226053753169e+05
1.734999999999991260e+01	6.548962825068267994e+05
1.735999999999991417e+01	6.533791563146275003e+05
1.736999999999991573e+01	6.541029153954419307e+05
1.737999999999991729e+01	6.480616946644660784e+05
1.738999999999991886e+01	6.543088298219445860e+05
1.739999999999992042e+01	6.621963816569132032e+05
1.740999999999992198e+01	6.522410270087695681e+05
1.741999999999992355e+01	6.643973419545164797e+05
1.742999999999992511e+01	6.594530891307262937e+05
1.743999999999992667e+01	6.547703352351286449e+05
1.744999999999992824e+01	6.600306814105126541e+05
1.745999999999992980e+01	6.399453259992140811e+05
1.746999999999993136e+01	6.366177843764382415e+05
1.747999999999993292e+01	6.526301685003489256e+05
1.748999999999993449e+01	6.520943477967766812e+05
1.749999999999993605e+01	6.549202668986443896e+05
1.750999999999993761e+01	6.586274424527401570e+05
1.751999999999993918e+01	6.486753545055562863e+05
1.752999999999994074e+01	6.538778512157755904e+05
1.753999999999994230e+01	6.394858007788353134e+05
1.754999999999994387e+01	6.448705916369981132e+05
1.755999999999994543e+01	6.433670474487736356e+05
1.756999999999994699e+01	6.429234815710904077e+05
1.757999999999994856e+01	6.285626782792701852e+05
1.758999999999995012e+01	6.356729972715728218e+05
1.759999999999995168e+01	6.334783111768530216e+05
1.760999999999995325e+01	6.296949225001968443e+05
1.761999999999995481e+01	6.243373374115410261e+05
1.762999999999995637e+01	6.221922604117977899e+05
1.763999999999995794e+01	6.250576701942123473e+05
1.764999999999995950e+01	6.299986761171205435e+05
1.765999999999996106e+01	6.351264858330036514e+05
1.766999999999996263e+01	6.255337212303401902e+05
1.767999999999996419e+01	6.414707545057300013e+05
1.768999999999996575e+01	6.280511820114017464e+05
1.769999999999996732e+01	6.204350945973815396e+05
1.770999999999996888e+01	6.273237243632689351e+05
1.771999999999997044e+01	6.205485700946722645e+05
1.772999999999997200e+01	6.164502858975490090e+05
1.773999999999997357e+01	6.196018005558786681e+05
1.774999999999997513e+01	6.047731550369684119e+05
1.775999999999997669e+01	6.211479231065013446e+05
1.776999999999997826e+01	6.134406669358331710e+05
1.777999999999997982e+01	6.100667625600275351e+05
1.778999999999998138e+01	6.032014288203740725e+05
1.779999999999998295e+01	6.029136418976505520e+05
1.780999999999998451e+01	5.833128771552672843e+05
1.781999999999998607e+01	5.999815099180213874e+05
1.782999999999998764e+01	6.006033678999480326e+05
1.783999999999998920e+01	6.001498773670538794e+05
1.784999999999999076e+01	6.049742569579042029e+05
1.785999999999999233e+01	6.048030707636409206e+05
1.786999999999999389e+01	6.077143809342095628e+05
1.787999999999999545e+01	6.117212583402999444e+05
1.788999999999999702e+01	5.980950557967596687e+05
1.789999999999999858e+01	5.984817944417847320e+05
1.791000000000000014e+01	6.050577916539558209e+05
1.792000000000000171e+01	5.948738830230933381e+05
1.793000000000000327e+01	6.046662110728928819e+05
1.794000000000000483e+01	6.018841986268358305e+05
1.795000000000000639e+01	6.015029032726776786e+05
1.796000000000000796e+01	6.063682311881224159e+05
1.797000000000000952e+01	5.908651594436429441e+05
1.798000000000001108e+01	5.926948619446838275e+05
1.799000000000001265e+01	5.824378758897841908e+05
1.800000000000001421e+01	5.991847275935722282e+05
1.801000000000001577e+01	5.993467465731963748e+05
1.802000000000001734e+01	5.974804386817889754e+05
1.803000000000001890e+01	6.055255045307091204e+05
1.804000000000002046e+01	6.112032213083202951e+05
1.805000000000002203e+01	6.129337926877316786e+05
1.806000000000002359e+01	6.169541306328827050e+05
1.807000000000002515e+01	6.198312842998333508e+05
1.808000000000002672e+01	6.197187997506861575e+05
1.809000000000002828e+01	6.034843154477791395e+05
1.810000000000002984e+01	5.884063077511087758e+05
1.811000000000003141e+01	5.921552969789288472e+05
1.812000000000003297e+01	5.927375523870901670e+05
1.813000000000003453e+01	6.031596179217128083e+05
1.814000000000003610e+01	5.985682729579802835e+05
1.815000000000003766e+01	5.962153342489474453e+05
1.816000000000003922e+01	5.884484914209501585e+05
1.817000000000004079e+01	5.862715829532069620e+05
1.818000000000004235e+01	5.847116991265342804e+05
1.819000000000004391e+01	5.758704973403553013e+05
1.820000000000004547e+01	5.813579243453099625e+05
1.821000000000004704e+01	5.713713922036819858e+05
1.822000000000004860e+01	5.674964549729239661e+05
1.823000000000005016e+01	5.795848888452767860e+05
1.824000000000005173e+01	5.755289854035445023e+05
1.825000000000005329e+01	5.742090434936761158e+05
1.826000000000005485e+01	5.801901971051258733e+05
1.827000000000005642e+01	5.795379760804271791e+05
1.828000000000005798e+01	5.860999569158183876e+05
1.829000000000005954e+01	6.060896062982217409e+05
1.830000000000006111e+01	6.163752316076603020e+05
1.831000000000006267e+01	6.173051911169365048e+05
1.832000000000006423e+01	6.162757983337222831e+05
1.833000000000006580e+01	6.163624086586650228e+05
1.834000000000006736e+01	6.312850747931697406e+05
1.835000000000006892e+01	6.312660277064626571e+05
1.836000000000007049e+01	6.414780024227038957e+05
1.837000000000007205e+01	6.431485576757218223e+05
1.838000000000007361e+01	6.488039332503143232e+05
1.839000000000007518e+01	6.547956128801367013e+05
1.840000000000007674e+01	6.459306489990353584e+05
1.841000000000007830e+01	6.461348474551737309e+05
1.842000000000007987e+01	6.604169863782459870e+05
1.843000000000008143e+01	6.668490204505780712e+05
1.844000000000008299e+01	6.613192688507975545e+05
1.845000000000008455e+01	6.576813963367377874e+05
1.846000000000008612e+01	6.401055963289764477e+05
1.847000000000008768e+01	6.514390214829267934e+05
1.848000000000008924e+01	6.582510206179126399e+05
1.849000000000009081e+01	6.598630347897042520e+05
1.850000000000009237e+01	6.595703178857909516e+05
1.851000000000009393e+01	6.554484604795665946e+05
1.852000000000009550e+01	6.619146106218590867e+05
1.853000000000009706e+01	6.629986462440985488e+05
1.854000000000009862e+01	6.690648090362090152e+05
1.855000000000010019e+01	6.667975652292968007e+05
1.856000000000010175e+01	6.600363388595810393e+05
1.857000000000010331e+01	6.619228578813667409e+05
1.858000000000010488e+01	6.604807067574898247e+05
1.859000000000010644e+01	6.611283678056016797e+05
1.860000000000010800e+01	6.623608478036477463e+05
1.861000000000010957e+01	6.596347522897646995e+05
1.862000000000011113e+01	6.602750547027743887e+05
1.863000000000011269e+01	6.682332762984659057e+05
1.864000000000011426e+01	6.641518625996233895e+05
1.865000000000011582e+01	6.584861547012021765e+05
1.866000000000011738e+01	6.410922398048442556e+05
1.867000000000011894e+01	6.431356764624493662e+05
1.868000000000012051e+01	6.374998152675000019e+05
1.869000000000012207e+01	6.425615619478691369e+05
1.870000000000012363e+01	6.428563758110585622e+05
1.871000000000012520e+01	6.455776046231179498e+05
1.872000000000012676e+01	6.534599634869452566e+05
1.873000000000012832e+01	6.543317882562817540e+05
1.874000000000012989e+01	6.408230483512580395e+05
1.875000000000013145e+01	6.352067603289805120e+05
1.876000000000013301e+01	6.312803589705624618e+05
1.877000000000013458e+01	6.284402301887137583e+05
1.878000000000013614e+01	6.190627366462046048e+05
1.879000000000013770e+01	6.269641958795783576e+05
1.880000000000013927e+01	6.251718345784544945e+05
1.881000000000014083e+01	6.240786518689596560e+05
1.882000000000014239e+01	6.157008017983020982e+05
1.883000000000014396e+01	6.125861138622958679e+05
1.884000000000014552e+01	6.084153948728702962e+05
1.885000000000014708e+01	6.022424967553263996e+05
1.886000000000014865e+01	6.085688504658648744e+05
1.887000000000015021e+01	6.027458007733300328e+05
1.888000000000015177e+01	6.046662573105199262e+05
1.889000000000015334e+01	5.937097484964139294e+05
1.890000000000015490e+01	5.941042039443935500e+05
1.891000000000015646e+01	5.892829473084053025e+05
1.892000000000015802e+01	5.821014641619122121e+05
1.893000000000015959e+01	5.895766648560162866e+05
1.894000000000016115e+01	5.853729636223423295e+05
1.895000000000016271e+01	5.873716082896431908e+05
1.896000000000016428e+01	5.912304272600004915e+05
1.897000000000016584e+01	6.059870155109731713e+05
1.898000000000016740e+01	5.986843518765985500e+05
1.899000000000016897e+01	6.022731150666046888e+05
1.900000000000017053e+01	6.103802131838269997e+05
1.901000000000017209e+01	6.203382745747312438e+05
1.902000000000017366e+01	6.376821992077094037e+05
1.903000000000017522e+01	6.377854262739026453e+05
1.904000000000017678e+01	6.413717966740271077e+05
1.905000000000017835e+01	6.381266496793576516e+05
1.906000000000017991e+01	6.412011185008056927e+05
1.907000000000018147e+01	6.479275302554467926e+05
1.908000000000018304e+01	6.623206300119804218e+05
1.909000000000018460e+01	6.659363456296372460e+05
1.910000000000018616e+01	6.826675358222628711e+05
1.911000000000018773e+01	6.384893642752044834e+05
1.912000000000018929e+01	6.481315766564102378e+05
1.913000000000019085e+01	6.537165808115222026e+05
1.914000000000019241e+01	6.541771715483830776e+05
1.915000000000019398e+01	6.488732359489258379e+05
1.916000000000019554e+01	6.570207952989732148e+05
1.917000000000019710e+01	6.407482945476404857e+05
1.918000000000019867e+01	6.310238108857409097e+05
1.919000000000020023e+01	6.285692831599509809e+05
1.920000000000020179e+01	6.276294837528903736e+05
1.921000000000020336e+01	6.375567065377322724e+05
1.922000000000020492e+01	6.253196220582695678e+05
1.923000000000020648e+01	6.352443240680901799e+05
1.924000000000020805e+01	6.357637910916577093e+05
1.925000000000020961e+01	6.283981194389265729e+05
1.926000000000021117e+01	6.301255741622927599e+05
1.927000000000021274e+01	6.260238227345492924e+05
1.928000000000021430e+01	6.264944614153007278e+05
1.929000000000021586e+01	6.282839060311388457e+05
1.930000000000021743e+01	6.209207978471098468e+05
1.931000000000021899e+01	6.286095932387223002e+05
1.932000000000022055e+01	6.337810006423986051e+05
1.933000000000022212e+01	6.445311807993585244e+05
1.934000000000022368e+01	6.497609161006631330e+05
1.935000000000022524e+01	6.579188089518074412e+05
1.936000000000022681e+01	6.648992677477607504e+05
1.937000000000022837e+01	6.582386180732341018e+05
1.938000000000022993e+01	6.734013744814123493e+05
1.939000000000023149e+01	6.667115589195165085e+05
1.940000000000023306e+01	6.797679990697389003e+05
1.941000000000023462e+01	6.819312338095114101e+05
1.942000000000023618e+01	6.765948421229508240e+05
1.943000000000023775e+01	6.842301245707869530e+05
1.944000000000023931e+01	6.669770507030030712e+05
1.945000000000024087e+01	6.807934142838276457e+05
1.946000000000024244e+01	6.576553876202935353e+05
1.947000000000024400e+01	6.678878436486779246e+05
1.948000000000024556e+01	6.728790298097719206e+05
1.949000000000024713e+01	6.782193148068392184e+05
1.950000000000024869e+01	6.733326791761441855e+05
1.951000000000025025e+01	6.669249218572420068e+05
1.952000000000025182e+01	6.731974074920534622e+05
1.953000000000025338e+01	6.643876223187486175e+05
1.954000000000025494e+01	6.720277631178302690e+05
1.955000000000025651e+01	6.796915702965639066e+05
1.956000000000025807e+01	6.932282838229155168e+05
1.957000000000025963e+01	6.823509938020376721e+05
1.958000000000026120e+01	6.703878771902049193e+05
1.959000000000026276e+01	6.593011995855593123e+05
1.960000000000026432e+01	6.576283632096098736e+05
1.961000000000026589e+01	6.532091934602286201e+05
1.962000000000026745e+01	6.533747980968017364e+05
1.963000000000026901e+01	6.516996371550399344e+05
1.964000000000027057e+01	6.565590850448879646e+05
1.965000000000027214e+01	6.497534361645237077e+05
1.966000000000027370e+01	6.583233693172559142e+05
1.967000000000027526e+01	6.478758254483707715e+05
1.968000000000027683e+01	6.491371626651971601e+05
1.969000000000027839e+01	6.457140871130510932e+05
1.970000000000027995e+01	6.344063263438821305e+05
1.971000000000028152e+01	6.276962689036829397e+05
1.972000000000028308e+01	6.113055509290897753e+05
1.973000000000028464e+01	6.165281155348443426e+05
1.974000000000028621e+01	6.121208723258629907e+05
1.975000000000028777e+01	6.182372798391359393e+05
1.976000000000028933e+01	6.125303500639696140e+05
1.977000000000029090e+01	6.139394326735031791e+05
1.978000000000029246e+01	6.162409102330966853e+05
1.979000000000029402e+01	6.166028780392501503e+05
1.980000000000029559e+01	6.205979403637961950e+05
1.981000000000029715e+01	6.280703133765909588e+05
1.982000000000029871e+01	6.149686490450758720e+05
1.983000000000030028e+01	6.125556406394720543e+05
1.984000000000030184e+01	6.071868949520448223e+05
1.985000000000030340e+01	5.999990818183992524e+05
1.986000000000030496e+01	5.986651175117653329e+05
1.987000000000030653e+01	6.115839923760076053e+05
1.988000000000030809e+01	6.061531381749729626e+05
1.989000000000030965e+01	6.024556117821044754e+05
1.990000000000031122e+01	6.081624304286863189e+05
1.991000000000031278e+01	6.103311961232007015e+05
1.992000000000031434e+01	6.180914119020758662e+05
1.993000000000031591e+01	6.105491158038917929e+05
1.994000000000031747e+01	6.118679050286082784e+05
1.995000000000031903e+01	6.157686273732653353e+05
1.996000000000032060e+01	6.185673240196516272e+05
1.997000000000032216e+01	6.259884804267114960e+05
1.998000000000032372e+01	6.360236424146000063e+05
1.999000000000032529e+01	6.360236424146000063e+05
