time_s	box_x_m	box_y_m	box_z_m	box_error_m	box_progress_m	box_lateral_error_m	box_tilt_deg	ee_contact_error_m	contact_engaged	base_x_m	base_y_m	base_z_m	roll_deg	pitch_deg	clearance_m	leg_action_delta_l2	arm_action_delta_l2	update_ms
0.01	1	0	0.189019	2.82842712	0	0	0	0.859579075	0	3.76446593e-05	-6.52578558e-06	0.542678993	0.00559086345	-0.0367271089	0.306054374	0	0	43.409975
0.02	1	-1.20024111e-20	0.18932866	2.82842712	-8.48698626e-21	8.48698626e-21	0	0.857520931	0	1.23637838e-05	-3.44326398e-05	0.541104208	0.0160675497	-0.129211916	0.307074004	0.0571304559	0.0961611465	18.939154
0.03	1	-1.50030138e-20	0.189486968	2.82842712	-1.06087328e-20	1.06087328e-20	0	0.854612337	0	-0.000141270786	-4.44270104e-05	0.538969277	0.00702508953	-0.264534745	0.310447588	0.09627444	0.0941870856	18.457486
0.04	1	-6.00120554e-21	0.189610199	2.82842712	-4.24349313e-21	4.24349313e-21	0	0.8506897	0	-0.000435321849	2.64771522e-08	0.536455782	-0.0547102033	-0.4547673	0.316376216	0.082753079	0.0921878173	18.703413
0.05	1	-9.00180831e-21	0.189702446	2.82842712	-6.3652397e-21	6.3652397e-21	0	0.845674259	0	-0.000960865041	0.000110096338	0.533865818	-0.149308156	-0.652277892	0.324837434	0.0821646031	0.0903388995	19.557873
0.06	1	-6.00120554e-21	0.189772407	2.82842712	-4.24349313e-21	4.24349313e-21	0	0.839691875	0	-0.0017681323	0.000263237502	0.531258034	-0.259232334	-0.814592399	0.334870566	0.0731550321	0.0887701284	19.362943
0.07	1	-1.20024111e-20	0.189825691	2.82842712	-8.48698626e-21	8.48698626e-21	0	0.833117848	0	-0.00284738544	0.000454297461	0.528846156	-0.378624186	-0.915124465	0.34718609	0.0744296779	0.0872647012	20.394763
0.08	1	-3.9007836e-20	0.189866386	2.82842712	-2.75827054e-20	2.75827054e-20	0	0.826435205	0	-0.00416200557	0.000689813038	0.526811874	-0.509999524	-0.921740917	0.360240962	0.0768837441	0.0856750481	19.709649
0.09	1	-3.30066305e-20	0.189897515	2.82842712	-2.33392122e-20	2.33392122e-20	0	0.819969394	0	-0.00553496886	0.000959455737	0.524339409	-0.650597755	-1.05917261	0.373230588	0.0703545137	0.0840009725	22.937675
0.1	1	-1.50030138e-20	0.18992135	2.82842712	-1.06087328e-20	1.06087328e-20	0	0.813571309	0	-0.00706252261	0.00124332903	0.52256647	-0.750314388	-1.01960078	0.384828822	0.051310533	0.0822400102	19.642408
0.11	1	-1.50030138e-20	0.189939609	2.82842712	-1.06087328e-20	1.06087328e-20	0	0.806839012	0	-0.00856239367	0.00154248086	0.521241077	-0.831735033	-0.932343059	0.393756526	0.0842332312	0.0804286449	19.317358
0.12	1	-9.00180831e-21	0.189953602	2.82842712	-6.3652397e-21	6.3652397e-21	0	0.799261458	0	-0.0100207249	0.00183548061	0.520497199	-0.872918847	-0.772238114	0.400325804	0.0773496784	0.0785939588	17.650098
0.13	1	-1.20024111e-20	0.189964327	2.82842712	-8.48698626e-21	8.48698626e-21	0	0.79040586	0	-0.0112789643	0.00212391107	0.51963593	-0.887863783	-0.496556947	0.406363227	0.0779186966	0.0767690191	25.232428
0.14	1	-1.20024111e-20	0.189972549	2.82842712	-8.48698626e-21	8.48698626e-21	0	0.779638745	0	-0.0122912463	0.0023884099	0.519142481	-0.864416974	-0.2570092	0.410956014	0.0614584284	0.0748890427	20.442178
0.15	1	-9.00180831e-21	0.189978852	2.82842712	-6.3652397e-21	6.3652397e-21	0	0.766703654	0	-0.0130700517	0.00264764649	0.518911659	-0.826887484	-0.0283007922	0.413150409	0.0371068844	0.073046302	18.961662
0.16	1	-1.80036166e-20	0.189983684	2.82842712	-1.27304794e-20	1.27304794e-20	0	0.751542829	0	-0.0135933021	0.00288283525	0.518879786	-0.76584817	0.198099628	0.412013847	0.0492729293	0.0712222574	18.977203
0.17	1	-2.40048222e-20	0.189987389	2.82842712	-1.69739725e-20	1.69739725e-20	0	0.734260045	0	-0.0138582187	0.00307974402	0.519019622	-0.674599025	0.40507274	0.410048393	0.036589074	0.0693980344	19.017586
0.18	1	-2.40048222e-20	0.189990229	2.82842712	-1.69739725e-20	1.69739725e-20	0	0.715093266	0	-0.0139139907	0.00322123631	0.519358276	-0.565521731	0.585316078	0.407242288	0.0475339345	0.0675648816	20.34539
0.19	1	-2.40048222e-20	0.189992407	2.82842712	-1.69739725e-20	1.69739725e-20	0	0.694380977	0	-0.0137682866	0.00331284393	0.519878114	-0.456960072	0.724246829	0.403524366	0.0490004371	0.0657163953	20.399502
0.2	1	-2.10042194e-20	0.189994076	2.82842712	-1.4852226e-20	1.4852226e-20	0	0.672506161	0	-0.0134221739	0.00336559139	0.5205547	-0.379397918	0.841564689	0.399366547	0.0441305665	0.063826189	18.312273
0.21	1	-2.70054249e-20	0.189995356	2.82842712	-1.90957191e-20	1.90957191e-20	0	0.649853213	0	-0.0128843464	0.00336431989	0.521353508	-0.318506925	0.921923699	0.394787941	0.0576334727	0.0618598569	19.903899
0.22	1	-4.20084388e-20	0.189996338	2.82842712	-2.97044519e-20	2.97044519e-20	0	0.626766154	0	-0.012198545	0.00329953243	0.522283627	-0.259592617	0.981221225	0.389605253	0.0495763932	0.059801048	18.724321
0.23	1	-4.80096443e-20	0.18999709	2.82842712	-3.39479451e-20	3.39479451e-20	0	0.603584056	0	-0.0113256009	0.00322078406	0.522882849	-0.197893187	1.12627696	0.384399818	0.0727339977	0.0576412599	19.277325
0.24	1	-7.50150692e-20	0.189997667	2.82842712	-5.30436641e-20	5.30436641e-20	0	0.580426078	0	-0.0103038184	0.00315273039	0.523527967	-0.243233434	1.15814148	0.378632282	0.0519604475	0.0553551287	19.32581
0.25	1	-7.20144665e-20	0.189998109	2.82842712	-5.09219176e-20	5.09219176e-20	0	0.557477275	0	-0.00909690153	0.00305477125	0.524326856	-0.28432409	1.13236099	0.372590996	0.0626406342	0.0528504964	19.288338
0.26	1	-7.50150692e-20	0.189998448	2.82842712	-5.30436641e-20	5.30436641e-20	0	0.534917087	0	-0.00771036004	0.00292021439	0.525190214	-0.323402687	1.06463379	0.366121035	0.0365460493	0.0501487988	19.122464
0.27	1	-6.60132609e-20	0.189998708	2.82842712	-4.66784244e-20	4.66784244e-20	0	0.512942219	0	-0.00613851276	0.00273284517	0.525917392	-0.340855848	0.952469748	0.359541722	0.0605098434	0.0476602795	20.365208
0.28	1	-7.50150692e-20	0.189998908	2.82842712	-5.30436641e-20	5.30436641e-20	0	0.491678813	0	-0.00436212435	0.00248241513	0.526558119	-0.333376099	0.823786855	0.353154129	0.0692877924	0.045373163	18.636234
0.29	1	-8.10162748e-20	0.189999061	2.82842712	-5.72871573e-20	5.72871573e-20	0	0.47127367	0	-0.00240065624	0.0021815111	0.527099297	-0.304716427	0.689720922	0.347033709	0.0356697903	0.0432710004	20.382059
0.3	1	-8.10162748e-20	0.189999178	2.82842712	-5.72871573e-20	5.72871573e-20	0	0.451899061	0	-0.000240542439	0.00185374238	0.527494585	-0.279106261	0.522771092	0.341094372	0.0609329799	0.0413610279	19.632894
0.31	1	-8.10162748e-20	0.189999268	2.82842712	-5.72871573e-20	5.72871573e-20	0	0.433681262	0	0.00206738605	0.00148919521	0.527823484	-0.246030782	0.350519438	0.335373248	0.0401797324	0.0395675875	19.6916
0.32	1	-7.8015672e-20	0.189999336	2.82842712	-5.51654107e-20	5.51654107e-20	0	0.416714352	0	0.00447316089	0.00108520343	0.528188566	-0.210290831	0.198152689	0.329754095	0.0296467873	0.037880151	23.333928
0.33	1	-8.10162748e-20	0.189999389	2.82842712	-5.72871573e-20	5.72871573e-20	0	0.401127391	0	0.00696624653	0.000661351844	0.528466782	-0.188189792	0.0413273583	0.324384124	0.0789873815	0.0362625953	20.536001
0.34	1	-8.10162748e-20	0.18999943	2.82842712	-5.72871573e-20	5.72871573e-20	0	0.386994762	0	0.0095037043	0.00018679366	0.528664277	-0.155035295	-0.120520435	0.319277537	0.0602077416	0.0346214853	18.91311
0.35	1	-8.40168775e-20	0.189999461	2.82842712	-5.94089038e-20	5.94089038e-20	0	0.374318148	0	0.012023909	-0.000351129407	0.528853257	-0.113535244	-0.255142109	0.314522509	0.0670260901	0.0329400681	19.714704
0.36	1	-8.70174803e-20	0.189999485	2.82842712	-6.15306504e-20	6.15306504e-20	0	0.363118923	0	0.0145467315	-0.000936197248	0.528855791	-0.0749071643	-0.38125842	0.310098707	0.0803321194	0.0312074309	20.43834
0.37	1	-7.8015672e-20	0.189999503	2.82842712	-5.51654107e-20	5.51654107e-20	0	0.353358925	0	0.0170907297	-0.00157684076	0.528629321	-0.0435010318	-0.496318157	0.306020439	0.0848122765	0.0293607878	21.738188
0.38	1	-7.50150692e-20	0.189999517	2.82842712	-5.30436641e-20	5.30436641e-20	0	0.344955887	0	0.0196323388	-0.00225861372	0.528181207	-0.0408151128	-0.577068317	0.30235106	0.063780451	0.0273934415	20.061702
0.39	1	-8.10162748e-20	0.189999528	2.82842712	-5.72871573e-20	5.72871573e-20	0	0.337821735	0	0.0222094343	-0.00297529914	0.527449661	-0.0621505377	-0.633141503	0.299068292	0.115159812	0.0253134765	18.944685
0.4	1	-8.40168775e-20	0.189999536	2.82842712	-5.94089038e-20	5.94089038e-20	0	0.331844532	0	0.0248434184	-0.00373072299	0.526439672	-0.0882939563	-0.676263831	0.296142297	0.0860489942	0.0231494274	19.335812
0.41	1	-8.70174803e-20	0.189999542	2.82842712	-6.15306504e-20	6.15306504e-20	0	0.326821957	0	0.0275392505	-0.00453258845	0.525126499	-0.109226999	-0.698830215	0.293724851	0.117524539	0.0128884841	19.203684
0.42	1	-9.00180831e-20	0.189999547	2.82842712	-6.3652397e-20	6.3652397e-20	0	0.323181378	0	0.0303495234	-0.00536914081	0.523518556	-0.112759811	-0.678328086	0.29249631	0.0690002717	0.0125457401	20.148245
0.43	1	-8.70174803e-20	0.189999551	2.82842712	-6.15306504e-20	6.15306504e-20	0	0.320892628	0	0.033268886	-0.00623943494	0.521631235	-0.103992873	-0.647165463	0.291937997	0.0835423083	0.01220952	19.198873
0.44	1	-9.00180831e-20	0.189999553	2.82842712	-6.3652397e-20	6.3652397e-20	0	0.319807647	0	0.0362873141	-0.00713003758	0.519469	-0.0967504163	-0.60555316	0.291675217	0.0907444137	0.0120047698	20.163131
0.45	1	-9.30186858e-20	0.189999556	2.82842712	-6.57741435e-20	6.57741435e-20	0	0.319766983	0	0.0393999885	-0.00803200757	0.517018245	-0.109156613	-0.561520004	0.291528536	0.0784781521	0.0119408763	19.730652
0.46	1	-9.90198914e-20	0.189999557	2.82842712	-7.00176367e-20	7.00176367e-20	0	0.320462393	0	0.0425775064	-0.00892910112	0.514365384	-0.169952175	-0.493733769	0.29142708	0.0970399373	0.0119773362	20.245357
0.47	1	-9.90198914e-20	0.189999559	2.82842712	-7.00176367e-20	7.00176367e-20	0	0.321560148	0	0.0458136544	-0.00982840816	0.511522814	-0.257151943	-0.414036056	0.291337043	0.0962770177	0.0120925126	19.115389
0.48	1	-9.30186858e-20	0.18999956	2.82842712	-6.57741435e-20	6.57741435e-20	0	0.32265999	0	0.0491293977	-0.0107358931	0.508500369	-0.338971739	-0.336563914	0.291231896	0.0916268767	0.0123012828	19.578747
0.49	1	-8.40168775e-20	0.18999956	2.82842712	-5.94089038e-20	5.94089038e-20	0	0.32303853	0	0.0524108801	-0.0117677304	0.505844758	-0.250724068	-0.128307764	0.291401126	0.0695414136	0.0126097313	20.072333
0.5	1	-8.70174803e-20	0.189999561	2.82842712	-6.15306504e-20	6.15306504e-20	0	0.322483793	0	0.0555758246	-0.012902393	0.503510012	-0.0597118566	0.0501514964	0.291210241	0.0637573958	0.0128732883	19.383588
0.51	1	-7.8015672e-20	0.189999561	2.82842712	-5.51654107e-20	5.51654107e-20	0	0.320597914	0	0.0586309286	-0.01405661	0.501788656	0.044641601	0.276029348	0.290828804	0.0782255094	0.0132415718	19.069123
0.52	1	-8.40168775e-20	0.189999562	2.82842712	-5.94089038e-20	5.94089038e-20	0	0.317196773	0	0.0616238721	-0.0151641588	0.5003912	0.0336366288	0.557149065	0.290508933	0.0698346441	0.00947544822	19.866473
0.53	1	-8.10162748e-20	0.189999562	2.82842712	-5.72871573e-20	5.72871573e-20	0	0.312096439	0	0.0645302887	-0.0163011283	0.499599741	0.0685142884	0.818467916	0.290215058	0.0553280566	0.00929750491	19.220058
0.54	1	-8.40168775e-20	0.189999562	2.82842712	-5.94089038e-20	5.94089038e-20	0	0.305369402	0	0.0673570044	-0.0174876993	0.499241697	0.139723481	1.04945173	0.289998131	0.0513726088	0.00885173893	19.094815
0.55	1	6.83537311e-18	0.189999562	2.82842712	4.83333868e-18	4.83333868e-18	0	0.297300852	0	0.0700914785	-0.0187113741	0.49919255	0.250832285	1.24946585	0.289872488	0.0691752318	0.00829551588	18.853926
0.56	1	6.47230017e-18	0.189999562	2.82842712	4.57660734e-18	4.57660734e-18	0	0.28831917	0	0.0727468784	-0.0199698301	0.499319606	0.405280416	1.41472568	0.289837947	0.0547010565	0.00768241942	19.715755
0.57	1	6.48730319e-18	0.189999562	2.82842712	4.58721608e-18	4.58721608e-18	0	0.279026622	0	0.0753356624	-0.0212423788	0.499570524	0.578897518	1.51988655	0.289863989	0.0741775106	0.00709619535	19.11876
0.58	1	6.496305e-18	0.189999563	2.82842712	4.59358131e-18	4.59358131e-18	0	0.2699685	0	0.0778801361	-0.0225050399	0.49982043	0.769005381	1.57230624	0.289945499	0.0729148975	0.00661591541	20.972736
0.59	1	6.496305e-18	0.189999563	2.82842712	4.59358131e-18	4.59358131e-18	0	0.261165105	0	0.0804031053	-0.0238652777	0.49959281	1.07274629	1.67720086	0.290301494	0.0516526461	0.00629770371	19.592703
0.6	1	6.45429656e-18	0.189999563	2.82842712	4.56387686e-18	4.56387686e-18	0	0.253301308	0	0.0828528597	-0.0252015742	0.499389598	1.31256805	1.7296578	0.290438404	0.108923183	0.00630406447	19.984636
0.61	1	6.45429656e-18	0.189999563	2.82842712	4.56387686e-18	4.56387686e-18	0	0.24654987	0	0.085259719	-0.0265111118	0.498961826	1.5081634	1.74716872	0.290551785	0.107318898	0.00636102319	25.088254
0.62	1.0000015	1.08024343e-06	0.189999197	2.8284253	1.82667976e-06	2.9898485e-07	6.27218637e-05	0.24645477	0	0.0875197295	-0.0277889171	0.498471609	1.59082688	1.71739173	0.290937561	0.113571621	0.00652038438	22.445256
0.63	1.00000216	1.93697366e-06	0.189999389	2.82842423	2.89582245e-06	1.5652803e-07	3.82867745e-05	0.246938536	0	0.0897152297	-0.0290565908	0.497845584	1.60758152	1.64833612	0.290466413	0.087800386	0.00668921758	22.166072
0.64	1.00000209	1.89390992e-06	0.189999422	2.82842431	2.8189751e-06	1.40582008e-07	2.71064729e-05	0.247102873	0	0.0918622945	-0.0303278522	0.497134792	1.60137592	1.56209875	0.289427694	0.141870058	0.0065836001	20.56309
0.65	1.00000207	1.89983111e-06	0.189999456	2.82842431	2.80995256e-06	1.23185633e-07	2.09130979e-05	0.247077784	0	0.0940408451	-0.0316188595	0.496265058	1.63049151	1.48027833	0.288784406	0.088393423	0.00651627982	20.702472
0.66	1.00000206	1.90217253e-06	0.189999481	2.82842432	2.80021682e-06	1.10138633e-07	1.60409505e-05	0.2467323	0	0.096278443	-0.0329324467	0.4951843	1.67097311	1.38486767	0.288359651	0.0789607815	0.00672804454	23.718989
0.67	1.00000205	1.90409385e-06	0.1899995	2.82842433	2.79291429e-06	1.00118934e-07	1.22836637e-05	0.246012123	0	0.0986126125	-0.0342719531	0.493907888	1.72078864	1.27135232	0.288049747	0.0661871023	0.00710084592	19.990399
0.68	1.00000204	1.90555956e-06	0.189999514	2.82842434	2.787306e-06	9.24378337e-08	9.43023815e-06	0.244996582	0	0.101076592	-0.0356262116	0.492386966	1.77492502	1.11759246	0.287796048	0.0890779928	0.00759682432	22.759369
0.69	1.00000203	1.90668374e-06	0.189999526	2.82842434	2.78300671e-06	8.65487051e-08	7.24450962e-06	0.243691647	0	0.103678811	-0.0370150162	0.490674139	1.85831726	0.937567029	0.287574405	0.106428109	0.00820341924	21.656846
0.7	1.00001539	1.51293538e-05	0.190010283	2.82840554	2.15801189e-05	1.83981637e-07	0.000346977853	0.243904076	0	0.10637532	-0.038403295	0.488845211	1.86346159	0.691299268	0.287156409	0.0943988561	0.00894600053	20.262981
0.71	1.00018161	0.000201613964	0.188943866	2.82815615	0.000270978209	1.41469922e-05	0.0647457729	0.244714234	0	0.109125001	-0.0398105384	0.486958469	1.90170911	0.424178046	0.286496998	0.0698054123	0.00957231907	20.057017
0.72	1.00013049	0.000156126468	0.189277805	2.82822446	0.000202669537	1.8126632e-05	0.0443170042	0.24470485	0	0.111894605	-0.0412432548	0.485024066	1.94261125	0.135146907	0.285613095	0.106104413	0.00984554299	19.164508
0.73	1.00010351	0.000133894223	0.189449081	2.82825926	0.00016786886	2.14861656e-05	0.0335030275	0.244330292	0	0.114716524	-0.0427000525	0.482862885	1.99367065	-0.179392327	0.284296952	0.0996896959	0.0107872626	19.81434
0.74	1.00008192	0.000115851002	0.189582188	2.82828728	0.000139845522	2.39925366e-05	0.025022211	0.243662427	0	0.11759753	-0.0441784569	0.480454008	2.081274	-0.505815457	0.283119455	0.0738328797	0.0116407297	19.561772
0.75	1.0000662	0.000102781093	0.18968166	2.82830764	0.000119486562	2.58678534e-05	0.0188519963	0.242543753	0	0.120503596	-0.045708396	0.47790591	2.22608894	-0.81768237	0.282047685	0.0591233489	0.0125965735	19.16076
0.76	1.00005642	9.42289429e-05	0.189756871	2.8283206	0.000106524023	2.67358265e-05	0.0143713881	0.24245634	0	0.12319134	-0.0471942639	0.475841691	2.29110867	-0.983577297	0.281505985	0.0779228261	0.0136526578	18.622086
0.77	1.00004835	8.7342243e-05	0.189813823	2.82833118	9.59496911e-05	2.75708936e-05	0.010967801	0.242897317	0	0.125742437	-0.0485116463	0.473776061	2.17082215	-1.1295341	0.280697822	0.0619108124	0.0139531056	20.08324
0.78	1.00004177	8.17878231e-05	0.189857338	2.82833976	8.73651859e-05	2.83002628e-05	0.00837951407	0.242425725	0	0.128199242	-0.0498189121	0.472245461	2.13257896	-1.22588629	0.279512732	0.0867916966	0.0135085029	20.066161
0.79	1.00003678	7.75808412e-05	0.189890599	2.82834626	8.08661288e-05	2.88497491e-05	0.00641172771	0.240814797	0	0.130629064	-0.0511832951	0.470656025	2.21445684	-1.26240927	0.278587122	0.130452885	0.0132440885	22.510057
0.8	1.00004978	0.000117824363	0.189955728	2.82830861	0.000118512973	4.81158391e-05	0.0110503021	0.240319497	0	0.133019778	-0.0524874624	0.469571654	2.21663648	-1.30685959	0.277155178	0.0847606419	0.013129987	19.574276
0.81	1.00004573	0.000107124985	0.189963147	2.82831904	0.000108084097	4.34135099e-05	0.00797273521	0.238435594	0	0.135335838	-0.053687902	0.468823652	2.16553901	-1.34532475	0.27554026	0.0876299189	0.0127699139	19.929091
0.82	1.00004346	0.000101573213	0.18997184	2.82832457	0.000102555703	4.10905124e-05	0.00614550677	0.235131879	0	0.13757068	-0.054752199	0.468352662	2.06955965	-1.36704919	0.273909008	0.0861574536	0.0121496344	20.356435
0.83	1.00004168	9.7151671e-05	0.189978296	2.82832896	9.8168563e-05	3.92246478e-05	0.0047089417	0.230474146	0	0.139683439	-0.0556878368	0.468124018	1.95664926	-1.34565917	0.27241877	0.047438198	0.0112988277	19.406429
0.84	1.00003898	9.83815174e-05	0.189984501	2.82833	9.71273574e-05	4.20051188e-05	0.00399708547	0.229164411	0	0.141648444	-0.0565005568	0.468013913	1.79078542	-1.27397958	0.27129311	0.0900556573	0.0103382016	20.544505
0.85	1.0000379	9.50992567e-05	0.189987822	2.82833308	9.40455862e-05	4.04450724e-05	0.00299601812	0.226360271	0	0.143479933	-0.057328763	0.467496642	1.7285388	-1.22652183	0.270457323	0.157439581	0.00937786615	21.241469
0.86	1.00003646	9.22605092e-05	0.189990465	2.8283361	9.10201209e-05	3.94559426e-05	0.00204601933	0.222270523	0	0.145123729	-0.0581394797	0.467124691	1.61037746	-1.06243606	0.269962631	0.123112803	0.00868550043	19.620708
0.87	1.00003607	9.07824374e-05	0.189992595	2.82833743	8.96994774e-05	3.86862768e-05	0.00158556639	0.217097033	0	0.14661792	-0.058930908	0.466837678	1.43559126	-0.822300719	0.269603824	0.102930485	0.00747077764	19.790676
0.88	1.00003529	8.94206931e-05	0.189993882	2.82833894	8.81828342e-05	3.82771227e-05	0.00103799109	0.216964152	0	0.148057809	-0.059705108	0.466549847	1.24028608	-0.587961231	0.270510265	0.0961813821	0.00613518596	19.874283
0.89	1.00003533	8.87932602e-05	0.189995082	2.82833936	8.77677728e-05	3.78048599e-05	0.000784258366	0.217225779	0	0.149521132	-0.0604648739	0.466204997	1.03775813	-0.391278296	0.271360856	0.0408143433	0.00537660729	19.198002
0.9	1.0000352	8.81904189e-05	0.189996136	2.82833987	8.72503408e-05	3.74697457e-05	0.000602084783	0.216385608	0	0.151030921	-0.0612112009	0.465865739	0.826933157	-0.232712984	0.271696745	0.0880489182	0.00500268578	19.225842
0.91	1.00003518	8.78842122e-05	0.189996717	2.8283401	8.70214805e-05	3.72655643e-05	0.000418178297	0.216939094	0	0.152589399	-0.0619230141	0.465522606	0.587536505	-0.0975502408	0.272229349	0.0884707632	0.00502144466	20.051201
0.92	1.00003513	8.75581085e-05	0.189997396	2.82834037	8.67568253e-05	3.70690393e-05	0.000323555431	0.2162691	0	0.154216538	-0.0625373015	0.464774202	0.226841981	0.114357835	0.27259717	0.065410638	0.00547553202	20.14185
0.93	1.0000351	8.73106397e-05	0.1899979	2.82834057	8.65557666e-05	3.69201242e-05	0.000247866532	0.214210148	0	0.155881762	-0.0631634272	0.464140809	-0.0295665203	0.281049748	0.272596172	0.099103668	0.00649150429	21.709844
0.94	1.00003495	8.7169942e-05	0.189997961	2.82834077	8.6353962e-05	3.69229523e-05	0.000115846104	0.214967339	0	0.157525446	-0.0637974737	0.463590656	-0.251692283	0.425227888	0.273263362	0.0685654029	0.00713537122	19.299285
0.95	1.000035	8.7089163e-05	0.189998357	2.8283408	8.6328654e-05	3.68340215e-05	9.22391696e-05	0.214164202	0	0.159183982	-0.06443669	0.463080922	-0.451978449	0.560709718	0.273598257	0.0770668856	0.00765595207	21.127113
0.96	1.00003502	8.7021233e-05	0.189998637	2.82834083	8.6296365e-05	3.67702429e-05	7.04712443e-05	0.211767587	0	0.160833884	-0.0651045968	0.462490072	-0.591453019	0.670793724	0.27370387	0.106545302	0.0080743321	20.788369
0.97	1.00003504	8.69697772e-05	0.189998853	2.82834085	8.62727006e-05	3.67211379e-05	5.40446136e-05	0.207783126	0	0.16253433	-0.065801583	0.46167321	-0.648834497	0.726544362	0.273605687	0.109483292	0.00833407589	22.489712
0.98	1.00003477	8.7088942e-05	0.189998622	2.82834096	8.61672528e-05	3.699511e-05	0.000143789272	0.207848723	0	0.164254707	-0.0665109196	0.460684322	-0.666170512	0.740610486	0.27452839	0.106686306	0.0084499448	19.976632
0.99	1.00003499	8.72900755e-05	0.18999872	2.82834066	8.64657002e-05	3.69811085e-05	0.000123961936	0.2078774	0	0.166020912	-0.0672405681	0.459497179	-0.624471988	0.706969056	0.275441956	0.0751233209	0.00860962397	20.477651
1	1.00003507	8.73334228e-05	0.189998925	2.82834058	8.65498613e-05	3.69582497e-05	9.4077953e-05	0.206382213	0	0.167833756	-0.0680072755	0.458074314	-0.51722541	0.63428465	0.276021819	0.0590619574	0.0086694232	18.683433
1.01	1.00003513	8.73716338e-05	0.189999073	2.8283405	8.66210289e-05	3.69411205e-05	7.21931125e-05	0.203470774	0	0.169669383	-0.0687869976	0.456540603	-0.486913084	0.488383549	0.276014615	0.0757626836	0.0086975671	21.824232
1.02	1.00003518	8.74007252e-05	0.189999187	2.82834045	8.66753078e-05	3.69279831e-05	5.53506137e-05	0.199038373	0	0.171443481	-0.0695981799	0.455056347	-0.41400033	0.340721698	0.275769045	0.0803265616	0.00892376871	19.961103
1.03	1.00003331	9.2728837e-05	0.190001055	2.828338	8.91241724e-05	4.20142065e-05	0.000558352299	0.196982541	0	0.173206419	-0.0704305075	0.453665701	-0.377250443	0.182311972	0.275409627	0.0547836328	0.00896050157	21.68985
1.04	1.00003356	-0.000286778553	0.189621078	2.82860618	-0.000179049836	0.000226516283	0.114078387	0.193549828	0	0.174966828	-0.0712670798	0.45237098	-0.358705991	0.0362493456	0.274879178	0.0724510096	0.0090466478	21.13493
1.05	1.00003355	-0.00016824921	0.18974018	2.82852237	-9.52447282e-05	0.000142695586	0.0782168288	0.188482928	0	0.176666044	-0.0720765258	0.451223041	-0.411349517	-0.0150653912	0.274372269	0.140996812	0.00883713411	20.045409
1.06	1.00003356	-0.000107879366	0.189800576	2.82847968	-5.25536203e-05	0.000100010842	0.0600147899	0.182102607	0	0.178346897	-0.0729759508	0.450046281	-0.29921192	-0.109106739	0.273710053	0.0867270878	0.00940348768	20.972917
1.07	1.00003356	-6.05711392e-05	0.189847919	2.82844623	-1.91000296e-05	6.6560497e-05	0.0457432637	0.174643355	0	0.179871899	-0.0738915436	0.449184979	-0.207639267	-0.122906424	0.273075467	0.0919523629	0.0090876082	21.233159
1.08	1.00003356	-2.48565743e-05	0.189883643	2.82842097	6.15517597e-06	4.13076805e-05	0.0349710516	0.166825602	0	0.18129583	-0.0748423576	0.448423791	-0.0670366091	-0.0824067041	0.272862492	0.0715648656	0.00886720982	22.243533
1.09	1.00003356	2.34963517e-06	0.189910849	2.82840173	2.53937501e-05	2.20708642e-05	0.026765731	0.158957824	0	0.182587106	-0.0758180631	0.447797239	0.0967381801	-0.00308891417	0.27288134	0.0603019568	0.00862097667	20.87115
1.1	1.00003356	2.31251926e-05	0.18993162	2.82838704	4.00849473e-05	7.38098626e-06	0.0205002943	0.151453074	0	0.183827855	-0.0767720854	0.447205776	0.247099389	0.0783484263	0.272841242	0.0987639038	0.00827898012	21.802669
1.11	1.00002729	5.09457311e-05	0.189953417	2.82837181	5.53180308e-05	1.6730113e-05	0.013947885	0.149732168	0	0.185040178	-0.0776571536	0.446319585	0.331073364	0.0138243638	0.272473841	0.183600542	0.00788453089	18.795158
1.12	1.0000276	6.12181304e-05	0.189963766	2.82836432	6.28032087e-05	2.37723015e-05	0.0108039884	0.148284312	0	0.186236662	-0.0785943456	0.445683264	0.474085305	-0.0600183647	0.272093467	0.0927891787	0.00733036754	22.488471
1.13	1.00002759	6.96155055e-05	0.189972152	2.82835839	6.8735971e-05	2.97152211e-05	0.00827418969	0.146006057	0	0.187444531	-0.0796582623	0.444717336	0.765293551	-0.0319679103	0.272106934	0.10262358	0.0064966573	20.330267
1.14	1.0000276	7.60175563e-05	0.189978548	2.82835386	7.32678639e-05	3.42371952e-05	0.00634365902	0.143610986	0	0.188737491	-0.0807457841	0.444076892	0.997242925	-0.0565427116	0.271843145	0.0824892577	0.00593632356	20.193076
1.15	1.00002694	8.34604806e-05	0.189983935	2.82834906	7.80680386e-05	3.99629049e-05	0.0046875767	0.143378202	0	0.19009398	-0.0818788266	0.443730002	1.16218809	-0.110384935	0.27145353	0.0909202897	0.00537387029	19.38543
1.16	1.00002701	8.69471041e-05	0.189987549	2.82834655	8.05777806e-05	4.23839933e-05	0.00360576924	0.142825245	0	0.191571479	-0.0830708168	0.443562311	1.32342839	-0.188540696	0.271017609	0.130019491	0.00486527548	21.834382
1.17	1.00002702	8.97451847e-05	0.189990354	2.82834456	8.25683962e-05	4.43504612e-05	0.00276365369	0.141967921	0	0.193215655	-0.0843253295	0.443559347	1.48610858	-0.281408509	0.270542339	0.159296535	0.00461310558	18.781284
1.18	1.00010502	0.000340019291	0.190237437	2.82811244	0.000314692313	0.000166167579	0.0382459543	0.141635569	0	0.19497989	-0.0856713804	0.443833363	1.61215234	-0.375587652	0.26960751	0.0691600559	0.00474181767	19.547515
1.19	1.00024901	0.000816117131	0.189648736	2.82767399	0.000753161379	0.000401002537	0.259756805	0.141655766	0	0.19687005	-0.0871081334	0.444394093	1.74738339	-0.469862037	0.268585082	0.0918628154	0.00509096693	20.208961
1.2	1.0001039	0.00114385798	0.190294752	2.82754492	0.000882301217	0.000735358255	0.291330823	0.14099828	0	0.198860484	-0.0886329953	0.445206995	1.86070111	-0.570478662	0.2672042	0.069028125	0.00525925794	19.969573
1.21	0.99994552	0.00176953021	0.190876799	2.8272147	0.00121272375	0.00128976987	0.341620503	0.140171906	0	0.200959968	-0.0902530523	0.446314164	1.99619919	-0.665119906	0.265652002	0.0927641691	0.00628078216	22.591261
1.22	0.999774453	0.00266260454	0.191506346	2.8267046	0.00172325982	0.00204223163	0.415415315	0.139211911	0	0.203141253	-0.0919686355	0.447655919	2.14913923	-0.761719279	0.263974714	0.0708569223	0.00725897881	21.293075
1.23	0.999438105	0.00380161325	0.192342713	2.82613798	0.00229082664	0.00308546637	0.626382447	0.138891245	0	0.205441416	-0.0936314146	0.44867316	2.21634387	-0.985491491	0.262187169	0.0939299739	0.00821071122	20.546892
1.24	0.999181106	0.00511958574	0.19338562	2.8253892	0.00304104862	0.00419913896	0.893185308	0.13839038	0	0.207705297	-0.0953952462	0.449963364	2.3354424	-1.16675507	0.26056703	0.065443104	7.93879648e-11	22.303132
1.25	0.999138361	0.00708836744	0.194586989	2.82402976	0.0044029618	0.00562150357	1.10743085	0.137222746	0	0.209893606	-0.097368941	0.450846172	2.5591116	-1.20963766	0.259327396	0.0902974942	0.000372123602	25.444356
1.26	0.999095615	0.00905714914	0.194807359	2.82267104	0.00576487497	0.00704386818	1.33260994	0.137827468	0	0.212173101	-0.0993715672	0.451885138	2.7258964	-1.3197069	0.258217199	0.0817078151	0.000770199036	23.083118
1.27	0.99905287	0.0110259308	0.194046728	2.82131304	0.00712678815	0.00846623279	1.56400574	0.139979329	0	0.214308012	-0.101388822	0.453178236	2.87562105	-1.3742391	0.257825465	0.0613472525	0.00118438993	21.913553
1.28	1.00018293	0.0126278326	0.196042399	2.81938228	0.00905857926	0.00879987286	1.70240327	0.140399105	0	0.2162357	-0.103454708	0.454741715	2.86934445	-1.40371484	0.25664033	0.0993310074	0.00159431291	21.402744
1.29	1.00192478	0.0149928441	0.196851137	2.81647972	0.0119625653	0.00924051816	1.96779316	0.141530125	0	0.217985457	-0.105580503	0.456484813	2.85585458	-1.39836977	0.255697075	0.142562144	0.00198576765	20.542837
1.3	1.00300179	0.0167139509	0.197987612	2.81450269	0.0139411351	0.0096959609	1.9071934	0.142959904	0	0.219620468	-0.107731968	0.458191576	2.86796429	-1.39096199	0.255339744	0.086221312	0.00230021942	21.360931
1.31	1.00533229	0.0202927429	0.197965823	2.8103274	0.0181196314	0.0105786407	2.32169454	0.144343141	0	0.221118987	-0.109910492	0.459747306	2.84591654	-1.38233664	0.254781557	0.0777673734	0.00271327554	19.877005
1.32	1.0081073	0.0244997735	0.196937201	2.80539439	0.0230566815	0.0115912305	2.92828864	0.146269268	0	0.222470709	-0.112096505	0.461015283	2.85449951	-1.38350775	0.254534393	0.0712872063	0.00285117941	18.523296
1.33	1.01048526	0.0268940054	0.200263771	2.80202002	0.0264311295	0.0116027376	2.82958293	0.14618737	0	0.223667353	-0.114278618	0.461940144	2.78265859	-1.4174822	0.253986286	0.0633833729	0.0029397214	20.784548
1.34	1.01349227	0.0301998629	0.202227383	2.79755706	0.0308950063	0.0118140493	2.81859283	0.146479582	0	0.224770581	-0.11644319	0.4624287	2.65490685	-1.50398614	0.253429091	0.0769644582	0.00324454238	22.658848
1.35	1.01685099	0.0341551762	0.203062283	2.79238713	0.0360668071	0.0122359062	2.93372512	0.147009605	0	0.225789256	-0.11859643	0.462353866	2.47955557	-1.63264912	0.252976571	0.11987014	0.00332735284	19.452096
1.36	1.02032886	0.0386805115	0.203062696	2.78673141	0.04172593	0.012976574	3.30532749	0.147977818	0	0.226735366	-0.120754075	0.461509992	2.32249162	-1.76296906	0.253114842	0.108645599	0.00320761504	20.03571
1.37	1.02380674	0.0432058468	0.202082109	2.7810759	0.0473850528	0.0137172417	3.67783848	0.149100375	0	0.227566558	-0.122956201	0.459831624	2.21823449	-1.88487851	0.254011451	0.14374881	0.00291189592	20.039863
1.38	1.02602649	0.0488619992	0.204925855	2.77551993	0.0529541613	0.0161471406	3.40243636	0.146373358	0	0.228299053	-0.125215762	0.457275575	2.01863893	-1.99242442	0.254404656	0.119102741	0.00267341082	19.738726
1.39	1.02885374	0.055284114	0.206515582	2.76899575	0.0594944496	0.0186890942	3.35515217	0.143664	0	0.228996856	-0.127523948	0.453744538	1.78618701	-2.10486919	0.25502659	0.105962341	0.00175865797	19.045215
1.4	1.03204711	0.0622087948	0.206909567	2.76186048	0.0666489906	0.0213275306	3.46399311	0.14118651	0	0.229694577	-0.129872832	0.4492379	1.5275558	-2.23803405	0.255894751	0.10589383	0.000728586748	20.781173
1.41	1.03524048	0.0691334755	0.206322553	2.75472785	0.0738035316	0.023965967	3.6794082	0.13883871	0	0.230416625	-0.132054468	0.444122836	1.27630185	-2.32879734	0.257229669	0.117578878	0.000483084578	23.204859
1.42	1.03812984	0.0740293148	0.20728388	2.74923582	0.0793084964	0.0253847647	2.75945689	0.143102711	0	0.231190636	-0.134077275	0.438395897	0.855504461	-2.40039848	0.258951049	0.126250357	0.00197300325	20.049048
1.43	1.04098622	0.079365772	0.206975709	2.74345965	0.0851017066	0.0271384446	1.93150721	0.147749572	0	0.231933229	-0.135949857	0.432227466	0.329398001	-2.39596464	0.260969525	0.107635977	0.00284764044	26.344402
1.44	1.04389101	0.0850499009	0.205576063	2.73740685	0.0911749941	0.0291037293	1.26163298	0.151776036	0	0.232601863	-0.137553932	0.425787422	-0.0057594011	-2.29761273	0.263346005	0.126904818	0.00245074719	26.447106
1.45	1.04683942	0.0913541783	0.202841232	2.7308909	0.0977176295	0.0314766884	0.903203302	0.155292156	0	0.233129639	-0.139155375	0.419897112	-0.0703223352	-2.15281216	0.265763612	0.11010077	0.00206551583	24.87027
1.46	1.04973873	0.0978471622	0.198985371	2.72428054	0.104358984	0.0340177998	0.935153249	0.157792157	0	0.233607775	-0.14074916	0.414631161	0.00716162488	-1.95567506	0.268087384	0.091947069	0.0016674745	20.017458
1.47	1.05263804	0.104340146	0.194148509	2.7176727	0.111000338	0.0365589112	1.32619409	0.15823963	0	0.234035135	-0.142348264	0.410032047	0.208144855	-1.66796117	0.270291315	0.0935709097	0.00125035199	19.934419
1.48	1.05444017	0.110317742	0.190299163	2.7122135	0.11650144	0.0395114067	1.40330181	0.15622626	0	0.234258859	-0.143927511	0.406516235	0.38379782	-1.33402501	0.271978476	0.074987219	0.000803019965	20.134169
1.49	1.05284942	0.114219966	0.190937078	2.71063862	0.118135898	0.0433955267	0.692407516	0.150848682	0	0.234425506	-0.145608573	0.403354977	0.693316358	-1.13558164	0.272849299	0.0605623771	0.000851975096	20.453235
1.5	1.05150013	0.115868591	0.193089054	2.71046175	0.118347561	0.045515372	0.671612449	0.142859211	0	0.234453088	-0.147193663	0.401372987	0.892257676	-0.863016639	0.273122131	0.0534243695	0.00150980649	21.13581
1.51	1.05018931	0.119397821	0.192364388	2.70895299	0.119916208	0.048937811	1.84634406	0.137782077	0	0.234353294	-0.148612782	0.400214059	0.884314079	-0.590064739	0.272657353	0.0475401322	0.00218020573	21.157443
1.52	1.0500849	0.120980682	0.193938681	2.70792956	0.120961635	0.0501308854	1.7518612	0.128162738	0	0.23418026	-0.149902727	0.400024077	0.920948402	-0.327358831	0.271610376	0.069859855	0.00270661408	21.70846
1.53	1.0499805	0.122563542	0.194531973	2.70690667	0.122007063	0.0513239599	1.69095482	0.117219484	0	0.233962731	-0.151047544	0.400719692	0.93919634	-0.0755709709	0.269989853	0.0623989361	0.00303869161	19.368605
1.54	1.0498442	0.124146402	0.194176168	2.70590731	0.123029934	0.052539592	1.63290228	0.106081012	0	0.233866615	-0.151794955	0.401863348	0.793224565	0.153844175	0.267705753	0.131102655	0.00317982478	21.513446
1.55	1.05046568	0.125108803	0.194217606	2.70479224	0.124149907	0.0527806586	1.30030527	0.0942362588	0	0.233971193	-0.152419389	0.403039908	0.878331261	0.425998179	0.266107044	0.1226887	0.00330090536	19.077878
1.56	1.05108716	0.12601475	0.193334497	2.70371633	0.125229963	0.0529818066	0.938530145	0.0846449073	0	0.234285404	-0.152730281	0.404642354	0.950919675	0.594799049	0.26440012	0.120914202	0.00328479634	19.856155
1.57	1.05170864	0.126920698	0.191470389	2.70264043	0.126310018	0.0531829545	0.580652799	0.0784189683	0	0.234820729	-0.152732004	0.406538168	1.02632175	0.666077814	0.262380927	0.139092983	0.00309918543	20.215827
1.58	1.05329365	0.127315285	0.190100162	2.70122448	0.1277098	0.0523412036	0.0690180303	0.0743361459	0	0.23572611	-0.152390331	0.408476982	1.10187231	0.606066961	0.260010488	0.148970011	0.00277334597	19.168479
1.59	1.05399503	0.126680132	0.189662293	2.7011595	0.127756634	0.0513961261	0.45370019	0.072337917	0	0.236923592	-0.151796136	0.410427507	1.16978014	0.45171048	0.257841093	0.122843533	0.00221355685	18.777824
1.6	1.05388125	0.12682463	0.190055725	2.70114127	0.127778351	0.0515787607	0.388721747	0.0727957366	0	0.238316335	-0.151071141	0.412368838	1.25087341	0.240628939	0.25607178	0.11330781	0.00152244863	19.378362
1.61	1.05382238	0.127267142	0.189906262	2.70087684	0.12804963	0.051933288	0.255653339	0.0753516916	0	0.239836856	-0.150281725	0.414400108	1.33244262	0.00414226999	0.254812215	0.074950286	0.0013043463	20.136478
1.62	1.05378015	0.128066171	0.189337439	2.7003533	0.128584766	0.0525281502	0.045350599	0.0798248669	0	0.241554366	-0.149452599	0.416402279	1.43795273	-0.299249948	0.254003439	0.134256895	0.00160590163	20.677201
1.63	1.0537422	0.128032657	0.189539775	2.70040389	0.128534234	0.0525312865	0.0380505163	0.0846921934	0	0.243395864	-0.148618326	0.418364152	1.55615834	-0.648615099	0.253676199	0.0832139626	0.00232894501	21.642243
1.64	1.0537147	0.128050615	0.189647256	2.70041126	0.128527484	0.0525634321	0.0281520744	0.0913440182	0	0.245337388	-0.147790266	0.420261362	1.6632926	-1.02769142	0.253802154	0.0677112738	0.00354612671	19.511396
1.65	1.05453486	0.130371047	0.192528603	2.69821182	0.130748219	0.0536242843	0.535577102	0.0945564696	0	0.247323126	-0.147019508	0.422308298	1.65654683	-1.39870575	0.252320018	0.144918054	0.00146956253	19.456286
1.66	1.05619151	0.133504298	0.194424085	2.6948465	0.134135194	0.054668395	1.28949734	0.0985412135	0	0.249321919	-0.146324212	0.424439364	1.63025171	-1.75734801	0.250883286	0.0720843704	0.0022769442	22.248295
1.67	1.05783532	0.136599631	0.197783253	2.69151715	0.137486274	0.0556947759	1.50808727	0.0994091077	0	0.251303205	-0.145876385	0.426179376	1.68271218	-1.99543934	0.249777763	0.0870083462	0.0017875301	21.438652
1.68	1.05947913	0.139694963	0.20016142	2.68818825	0.140837354	0.0567211568	1.72668038	0.102145625	0	0.2533325	-0.145385386	0.427429584	1.59746641	-2.31668928	0.249288344	0.164061179	0.0013651016	20.834522
1.69	1.06217447	0.144115543	0.201637528	2.68318372	0.145869071	0.0579410854	2.36402757	0.104267485	0	0.255359798	-0.145041088	0.428522678	1.55071843	-2.5759921	0.248998968	0.153199505	0.00103988966	21.788501
1.7	1.0655474	0.149345152	0.201957571	2.67713097	0.151951982	0.059253958	3.11017188	0.106556574	0	0.25734505	-0.144858367	0.429358735	1.53494542	-2.78045497	0.249140314	0.0972250435	0.000745717049	25.386943
1.71	1.06773714	0.154785169	0.205913764	2.6717892	0.157347034	0.0615522513	2.76491464	0.104223817	0	0.259291864	-0.144854726	0.429768518	1.51014228	-2.94249858	0.248954548	0.0886314003	0.00134964234	20.143712
1.72	1.07092872	0.161560364	0.208416447	2.66480324	0.164394607	0.0640862505	2.5650236	0.102318915	0	0.261149102	-0.145068723	0.429736323	1.49752909	-3.03908636	0.248885561	0.142377704	0.000840515978	21.972358
1.73	1.07471989	0.169219246	0.209556105	2.65677656	0.172491015	0.0668211376	2.39975045	0.100791715	0	0.26286401	-0.145534615	0.42907658	1.5243095	-3.04709129	0.249405134	0.159785113	0.000628538812	22.393585
1.74	1.07851105	0.176878128	0.209714764	2.64875313	0.180587422	0.0695560247	2.23453119	0.0989562637	0	0.264418874	-0.146250919	0.427790605	1.61900005	-2.95634592	0.250907724	0.112408144	0.000572914	24.387278
1.75	1.08315864	0.186185627	0.208281407	2.63897771	0.190455159	0.0728510798	2.13571402	0.0978121674	0	0.265881784	-0.147146338	0.425714746	1.75908077	-2.80217866	0.252593251	0.165913681	0.000914750903	21.005036
1.76	1.08823322	0.196124399	0.205604327	2.62846332	0.201071199	0.0762905861	2.07280256	0.0966132713	0	0.26727218	-0.148148738	0.422845945	1.96540692	-2.61153507	0.2546885	0.124589936	0.00131155317	22.937433
1.77	1.09356648	0.206549263	0.201758384	2.61743277	0.212213875	0.0798908939	2.04189366	0.0954678929	0	0.26864295	-0.14915669	0.419099125	2.19627214	-2.43641925	0.257025519	0.154529589	0.00194078207	19.371624
1.78	1.09900099	0.217285831	0.196836964	2.60612107	0.223648558	0.0836400109	2.05161373	0.0942969979	0	0.269989553	-0.150051189	0.414894377	2.46238706	-2.21315732	0.25960771	0.141602862	0.00275168644	21.30019
1.79	1.10142373	0.227414338	0.198735632	2.59743177	0.232523628	0.0890888133	1.03449793	0.0857010108	0	0.2713049	-0.150837063	0.410199407	2.6768041	-1.95373778	0.261059226	0.0887994655	0.0037022556	22.947869
1.8	1.10445153	0.238102044	0.199515825	2.5879313	0.242221958	0.0945051829	2.90066641	0.0773345719	0	0.272604373	-0.151484817	0.405014655	2.8928888	-1.66291306	0.262364387	0.0897354582	0.00381479179	25.265635
1.81	1.10710099	0.246509744	0.201973366	2.58027028	0.250040551	0.098576872	2.96712922	0.0649483571	0	0.273879724	-0.152009454	0.399393691	3.04784575	-1.3062618	0.263899969	0.129503821	0.00406862842	19.906007
1.82	1.11015677	0.257392719	0.200938374	2.57063953	0.259896734	0.10411154	4.27816707	0.0611658877	0	0.275097017	-0.152385687	0.39342689	3.03986972	-0.868298908	0.265296774	0.123349491	0.00348528412	21.877228
1.83	1.11335017	0.263197707	0.204137996	2.56435758	0.266259555	0.105958212	3.61221285	0.0489590976	0	0.275986447	-0.15297299	0.388156267	2.79170782	-0.450205581	0.266659906	0.0828697119	0.0041213761	19.024792
1.84	1.11654357	0.269002695	0.206356618	2.55807737	0.272622375	0.107804885	2.9891964	0.0375881783	0	0.276637244	-0.153494235	0.383640946	2.58253272	-0.0905817572	0.267627154	0.0699200201	0.00330336321	19.475827
1.85	1.11983424	0.27709514	0.205456739	2.55018126	0.280671457	0.111200248	3.08722993	0.0380141303	1	0.277073427	-0.153971423	0.379871543	2.24911975	0.251196014	0.268353581	0.0995104389	0.00303325459	19.850946
1.86	1.12312492	0.285187586	0.203575859	2.54229064	0.28872054	0.114595612	3.33722976	0.0409165242	1	0.277434462	-0.15449508	0.376078389	2.0357597	0.431876346	0.269233096	0.0667403916	0.00402155853	18.09413
1.87	1.12641559	0.293280031	0.200713979	2.53440557	0.296769622	0.117990975	3.70858883	0.0459637288	1	0.277545574	-0.15503268	0.373234038	1.74069419	0.669955592	0.270316558	0.0778454306	0.00496515185	19.539008
1.88	1.12934391	0.300044428	0.198561504	2.52768731	0.303623408	0.120703492	2.81325342	0.0492844654	1	0.277439714	-0.155599964	0.371244927	1.41642882	0.931236525	0.271487843	0.0459309083	0.00620010031	19.76239
1.89	1.13353497	0.30513783	0.198361761	2.52116035	0.31018851	0.121341548	1.40091416	0.0517655535	1	0.277183933	-0.156169137	0.36997336	1.1117931	1.18740828	0.272667391	0.0432568005	0.00684381765	18.998519
1.9	1.13772602	0.310231232	0.197181018	2.51463374	0.316753612	0.121979604	0.39681995	0.0549465347	1	0.276828866	-0.156739605	0.369355242	0.864651089	1.44276821	0.273843113	0.102200701	0.00714532539	23.63465
1.91	1.14191708	0.315324633	0.195019275	2.5081075	0.323318714	0.122617659	1.58094879	0.0584412312	1	0.276450313	-0.157267711	0.369261186	0.685707725	1.66699662	0.274958603	0.0568837298	0.00769246404	20.985391
1.92	1.14427777	0.317329118	0.19679581	2.50501223	0.32640536	0.122365782	1.16627208	0.0613206104	1	0.276009292	-0.157642696	0.368861954	0.468629678	2.00108156	0.27619542	0.0652540667	0.00845667232	20.623719
1.93	1.14663846	0.319333603	0.197591345	2.50191697	0.329492007	0.122113905	1.05690105	0.0641550425	1	0.275599853	-0.157907302	0.368998259	0.395946899	2.22088381	0.277141664	0.0593628343	0.00794200152	19.817135
1.94	1.14899916	0.321338088	0.197405881	2.49882171	0.332578654	0.121862028	1.33039425	0.0667657751	1	0.275266444	-0.158036229	0.369496079	0.424565881	2.32930652	0.277940567	0.0614689224	0.00820815013	20.235286
1.95	1.15135985	0.323342573	0.196239416	2.49572646	0.335665301	0.12161015	1.82178835	0.0690076645	1	0.27503664	-0.158017674	0.370208082	0.537766257	2.33374273	0.278654041	0.0491756576	0.0087992806	25.049533
1.96	1.15258565	0.325429538	0.195340731	2.49341654	0.33800778	0.122219086	1.73758669	0.0724271559	1	0.274904483	-0.157886926	0.371054114	0.741380979	2.21746693	0.279304753	0.0942715026	0.00967145011	20.942386
1.97	1.15379429	0.327148489	0.194292886	2.49136663	0.340077904	0.122579926	1.05343852	0.0737416252	1	0.274843005	-0.157608725	0.371852945	0.986498177	2.01614038	0.279968623	0.157161795	0.0110720258	22.018818
1.98	1.15500294	0.328867439	0.192264041	2.48931681	0.342148027	0.122940765	0.439202999	0.0750117125	1	0.274751588	-0.157284204	0.372708099	1.25157518	1.74419454	0.280744567	0.124494606	0.0116526181	20.879805
1.99	1.15621159	0.330586389	0.189254195	2.48726708	0.344218151	0.123301605	0.518398102	0.0765528709	1	0.274630393	-0.157038633	0.373905109	1.52232709	1.55099726	0.281697279	0.172084465	0.0125612408	21.28666
2	1.15645583	0.330163931	0.189610388	2.48736961	0.344092134	0.122830175	0.353490892	0.0741627823	1	0.274554344	-0.156771744	0.375320756	1.77853066	1.41605704	0.282708431	0.128168286	0.013485881	25.19987
2.01	1.15680369	0.329792701	0.189694099	2.48736106	0.34407561	0.122321701	0.201397353	0.0725091937	1	0.274525364	-0.156443457	0.376945493	1.99295014	1.32454417	0.283743226	0.0681695644	0.0118243198	20.704682
2.02	1.15713527	0.329413293	0.189768812	2.48737017	0.344041788	0.121818958	0.0536191795	0.0716010359	1	0.274627008	-0.156078386	0.378394022	2.224517	1.20508907	0.284579068	0.0426187922	0.0106773752	21.369793
2.03	1.15716068	0.329415288	0.189823914	2.48735001	0.344061164	0.121802403	0.0471710956	0.0721802292	1	0.274883405	-0.15560191	0.380089683	2.41962273	1.10075445	0.285143758	0.0794494404	0.00967738894	22.078362
2.04	1.15719506	0.329397323	0.189865016	2.4873366	0.344072772	0.12176539	0.0354534898	0.0739462123	1	0.275381288	-0.154989654	0.381979777	2.57132473	1.00225484	0.28564303	0.0835839249	0.00885048654	21.632777
2.05	1.15722622	0.329377252	0.189896439	2.487327	0.344080613	0.121729165	0.0243962071	0.0758422164	1	0.276052871	-0.154395085	0.383630603	2.74090975	1.01126105	0.286424536	0.0620427807	0.00814570747	21.008169
2.06	1.15724329	0.32937052	0.189920589	2.48731887	0.344087926	0.121712331	0.0188644175	0.0785224806	1	0.276959821	-0.153621272	0.385471825	2.80477672	0.9885284	0.28692806	0.0399980953	0.00732110339	20.833047
2.07	1.1572568	0.329364794	0.189939051	2.48731271	0.344093428	0.12169873	0.0144394504	0.0814746472	1	0.278053956	-0.152702516	0.387358599	2.81321356	0.964753737	0.28735497	0.0416455283	0.00671722266	19.191744
2.08	1.15726711	0.329360452	0.189953186	2.48730798	0.344097647	0.121688371	0.0110664629	0.0842792669	1	0.279369767	-0.151635168	0.389249957	2.81482755	0.93821541	0.287734673	0.0536484494	0.00619676195	20.579173
2.09	1.15727501	0.329357125	0.189964014	2.48730437	0.344100879	0.121680434	0.00848223839	0.0869149825	1	0.280905733	-0.150392134	0.391183839	2.80213604	0.89425727	0.288028803	0.0646315586	0.00571809257	19.598168
2.1	1.15728106	0.329354576	0.189972311	2.4873016	0.344103356	0.121674352	0.00650224116	0.0893524592	1	0.282567426	-0.149020715	0.39312276	2.75774562	0.855903704	0.288292146	0.0753407355	0.00537544569	21.65237
2.11	1.15767732	0.330732381	0.191356308	2.48608271	0.34535781	0.122368408	0.241675878	0.0903022493	1	0.284243456	-0.147554242	0.395146689	2.58848808	0.828441269	0.287541803	0.0663491956	0.00506506287	18.681299
2.12	1.15827168	0.332430663	0.191866786	2.48450211	0.346978951	0.123149001	0.624776379	0.0914582363	1	0.286001346	-0.145908517	0.397211734	2.36256696	0.80125131	0.286678808	0.101964509	0.00526982836	20.88892
2.13	1.15831084	0.334185556	0.193158685	2.48329554	0.34824754	0.124362205	0.694994681	0.0916037263	1	0.287823709	-0.144078722	0.399145294	2.10065337	0.750405593	0.285690366	0.0992969027	0.00589440385	20.644203
2.14	1.15835136	0.336313175	0.19428038	2.48183875	0.349780647	0.125838007	0.772755093	0.0916086627	1	0.289635979	-0.142115839	0.400828921	1.83952333	0.698514994	0.28479184	0.141062937	0.00570131328	18.52307
2.15	1.15863456	0.338899952	0.194656625	2.47989517	0.351810026	0.127466882	1.11335034	0.09232147	1	0.291551905	-0.140012593	0.402017208	1.61663626	0.596159613	0.28404625	0.16333551	0.00560422924	18.144744
2.16	1.15859066	0.34185445	0.196034885	2.47794976	0.353868128	0.129587071	1.1030305	0.0919223789	1	0.293621168	-0.13779225	0.402753832	1.43001209	0.445276811	0.283225588	0.113003013	0.00602835761	19.520015
2.17	1.15908323	0.345472258	0.196619198	2.47516395	0.356774608	0.131796944	1.42310822	0.0923198171	1	0.295801075	-0.135488598	0.40310215	1.28590367	0.269622398	0.282594113	0.0620845621	0.00562010087	18.769201
2.18	1.16013311	0.349767041	0.196329187	2.4715135	0.360553855	0.134091438	2.01992141	0.0936760105	1	0.298110593	-0.133121842	0.40307436	1.1848842	0.0891404112	0.282226647	0.0731377387	0.00600076087	19.143395
2.19	1.1605847	0.354348653	0.198608789	2.46812014	0.364112863	0.137011808	1.84730579	0.0922222582	1	0.300521383	-0.130706141	0.402858018	1.10948637	-0.118607445	0.281666292	0.130204988	0.00698021861	19.41671
2.2	1.16203971	0.359897193	0.199902141	2.46333823	0.369065126	0.139906365	2.0345055	0.0915780834	1	0.302967336	-0.128324611	0.402548241	1.09806148	-0.284007795	0.28137357	0.143263617	0.00622701101	24.948019
2.21	1.16349473	0.365445732	0.200214492	2.4585604	0.37401739	0.142800921	2.25482382	0.0929512493	1	0.30548653	-0.125954088	0.402070105	1.16671709	-0.405874639	0.281743465	0.117336962	0.00676354294	19.743448
2.22	1.16639297	0.372654262	0.199466288	2.45160537	0.381163949	0.145848761	2.88934913	0.094555397	1	0.308061728	-0.123615648	0.401514514	1.25597779	-0.491987342	0.281962712	0.138539652	0.00493230877	21.518349
2.23	1.1702663	0.378192935	0.200755935	2.44503243	0.387819242	0.147026337	3.3885101	0.0982129098	1	0.310608437	-0.121376643	0.400946561	1.24783454	-0.549571857	0.281470407	0.0829861574	0.00630195995	21.358802
2.24	1.174103	0.383272921	0.205382451	2.43879197	0.394124295	0.147905468	2.86083964	0.0965833246	1	0.313222538	-0.119201711	0.400243108	1.22723553	-0.609293177	0.280536657	0.153461547	0.00654486026	19.859049
2.25	1.17793971	0.388352907	0.209027968	2.43255217	0.400429349	0.148784598	2.33314107	0.0954526441	1	0.315937296	-0.11692005	0.398832813	1.12522233	-0.781092267	0.27925747	0.0702452696	0.00719243905	19.247563
2.26	1.18290706	0.394535536	0.211619711	2.42473564	0.408313573	0.149643933	2.1280294	0.0943268996	1	0.318832468	-0.114625704	0.39718745	1.20264315	-0.895469781	0.278651134	0.10341501	0.00777083627	18.825405
2.27	1.18844509	0.401495029	0.213186915	2.41597792	0.417150659	0.150649056	2.12100286	0.0937419679	1	0.321680205	-0.112334327	0.395627357	1.26753814	-0.875791992	0.278564958	0.0852154645	0.00908349263	19.730248
2.28	1.19437793	0.409019333	0.213751959	2.40655159	0.426666294	0.151774395	2.25998021	0.0938253825	1	0.324503178	-0.109964884	0.393998533	1.2836894	-0.785019899	0.278719044	0.0914076455	0.0103327853	20.081069
2.29	1.20054257	0.417042767	0.213433633	2.39662276	0.436698779	0.153088758	2.58303955	0.0944164273	1	0.327393895	-0.107558282	0.392582834	1.3722349	-0.677219812	0.279113436	0.114659449	0.0117523499	18.251033
2.3	1.20670721	0.4250662	0.212134307	2.38669552	0.446731264	0.154403121	2.90606723	0.0959934041	1	0.330399752	-0.105187012	0.391579819	1.54275651	-0.522902069	0.279912179	0.137459302	0.0135536553	24.376234
2.31	1.2130937	0.433838568	0.210127371	2.37610937	0.457450196	0.156090191	3.56866955	0.0978584417	1	0.333489952	-0.102850032	0.390825557	1.73783617	-0.324706835	0.280806405	0.114693139	0.01527139	19.815316
2.32	1.21957955	0.442866406	0.207354083	2.36528265	0.468420027	0.15788765	4.42831049	0.10040423	1	0.336675919	-0.100532708	0.390086959	1.96211379	-0.0971716354	0.281979579	0.0998034703	0.0175000857	20.87629
2.33	1.22317335	0.451936302	0.211295627	2.35661073	0.477374614	0.161759833	3.14707713	0.0949950642	1	0.339787097	-0.0982915897	0.38943771	2.08087724	0.124709002	0.283067757	0.102279813	0.0194856454	22.243571
2.34	1.22793407	0.461718718	0.214104504	2.34659902	0.487658162	0.165310712	2.25268584	0.090174416	1	0.34292611	-0.0960703477	0.388585544	2.23066432	0.345785244	0.284205786	0.0964454169	0.0157966418	18.1942
2.35	1.23308418	0.471858801	0.216091888	2.33606658	0.498469959	0.168839157	1.89172705	0.0869840614	1	0.345864045	-0.0939959384	0.38762457	2.3106197	0.585326019	0.285147674	0.135466984	0.0145658194	19.681723
2.36	1.23823428	0.481998883	0.217098272	2.32554205	0.509281756	0.172367602	2.03622013	0.0863484099	1	0.348622565	-0.0920184629	0.386524084	2.34393135	0.83044195	0.286289202	0.108638287	0.0149195015	18.313917
2.37	1.24338439	0.492138966	0.217123656	2.31502555	0.520093552	0.175896047	2.60331535	0.0881680193	1	0.351448493	-0.0900600993	0.384876747	2.38692167	0.996852142	0.287508808	0.100645649	0.0160178137	18.674447
2.38	1.2485345	0.502279048	0.21616804	2.30451719	0.530905349	0.179424493	3.38698625	0.0920915449	1	0.354207276	-0.0881648235	0.383089842	2.36657611	1.20056409	0.288847877	0.116703419	0.017338584	18.663567
2.39	1.25439405	0.513360568	0.21497309	2.29286654	0.542884494	0.183116984	3.85234878	0.0951810567	1	0.35693582	-0.0863158071	0.381072678	2.29319681	1.41647452	0.289953396	0.0816795668	0.0189614727	19.344586
2.4	1.26025359	0.524442088	0.21279714	2.28122526	0.554863638	0.186809475	4.31846178	0.100428981	1	0.359634776	-0.0845356458	0.378813627	2.22245751	1.63364654	0.291130002	0.0985454434	0.0219052929	23.463433
2.41	1.26611314	0.535523608	0.20964019	2.26959352	0.566842783	0.190501966	4.78506955	0.107468344	1	0.362309728	-0.0828350414	0.376315871	2.15759612	1.86390645	0.292348512	0.0894520874	0.024335908	22.008436
2.42	1.27197269	0.546605128	0.20550224	2.25797144	0.578821928	0.194194457	5.2520032	0.116155845	1	0.365026115	-0.0811880214	0.373479503	2.13682094	2.0687642	0.293560226	0.0973912389	0.0265745124	22.171407
2.43	1.27783224	0.551240454	0.206829484	2.2505035	0.586242925	0.193328801	3.86876967	0.118510454	1	0.367672257	-0.0797685952	0.370451752	2.19306628	2.28351916	0.294775848	0.165635237	0.0286398437	21.528489
2.44	1.28369179	0.55587578	0.207175728	2.24303558	0.593663922	0.192463145	2.4888491	0.122596872	1	0.370265042	-0.0785714946	0.367186435	2.306683	2.50691268	0.295963389	0.0620765184	0.022365067	19.158452
2.45	1.29005321	0.563004318	0.206118963	2.23357888	0.603202759	0.193005583	1.35547495	0.127660601	1	0.372779635	-0.0775850913	0.363762741	2.41844533	2.70338361	0.296738984	0.0948026364	0.0186009786	21.203864
2.46	1.29641462	0.570132855	0.204081198	2.22412302	0.612741596	0.19354802	0.806874086	0.132949357	1	0.375226594	-0.0766068345	0.359643092	2.5036185	2.95628215	0.297565564	0.101645274	0.019740845	21.823009
2.47	1.30277604	0.577261393	0.201062433	2.214668	0.622280433	0.194090458	1.62345612	0.138256866	1	0.377638247	-0.0758346297	0.355239312	2.62953106	3.17912526	0.298324062	0.118603732	0.0206803559	20.803399
2.48	1.30913745	0.58438993	0.197062668	2.20521383	0.63181927	0.194632895	2.79122625	0.143377762	1	0.380067558	-0.0752114728	0.350487944	2.81915898	3.35554095	0.299043372	0.122569285	0.0217812296	22.600395
2.49	1.31118341	0.588425712	0.199490116	2.20105508	0.636119709	0.196039913	1.5361016	0.142203281	1	0.38248253	-0.0747700194	0.345459538	3.05397338	3.51607562	0.299771323	0.0972936142	0.0228899878	24.287105
2.5	1.31322937	0.592461493	0.200936565	2.19689777	0.640420148	0.19744693	0.49312565	0.141132243	1	0.384590322	-0.0745776335	0.340520689	3.29114301	3.61999597	0.300356467	0.0696786872	0.0195078346	29.481084
2.51	1.31527532	0.596497274	0.201402014	2.19274192	0.644720586	0.198853948	1.20069055	0.139991779	1	0.386369256	-0.0746387564	0.335623472	3.54779041	3.69935622	0.300921153	0.0826811058	0.0181296167	21.617746
2.52	1.31732128	0.600533055	0.200886463	2.18858754	0.649021025	0.200260965	2.44029766	0.138575782	1	0.38803013	-0.0749202786	0.330503579	3.80342912	3.81345279	0.301589134	0.0611782524	0.017591783	20.318302
2.53	1.31936724	0.604568836	0.199389911	2.18443462	0.653321464	0.201667983	3.71258908	0.138808386	1	0.390582283	-0.0734788283	0.32842284	3.25275621	3.3284443	0.300844551	0.0913284008	0.0174796618	21.664414
2.54	1.32068468	0.607492183	0.198753312	2.18155403	0.656320153	0.202803531	2.95915945	0.139284494	1	0.393000535	-0.0718962907	0.325927231	2.73998982	2.80538096	0.30075646	0.163848606	0.0161408244	21.984389
2.55	1.32200212	0.61041553	0.197135712	2.17867434	0.659318843	0.203939079	2.20944581	0.14173505	1	0.395200635	-0.0702282834	0.323732111	2.29791246	2.42677729	0.301182486	0.145507771	0.0138481651	24.040587
2.56	1.32331762	0.613347297	0.194547472	2.1757917	0.662322113	0.205081953	1.46299463	0.146050873	1	0.397295418	-0.0684919504	0.321817175	1.93099579	2.18351412	0.301753969	0.103906392	0.0120505579	19.967612
2.57	1.32483975	0.61639262	0.191298417	2.17267836	0.665551788	0.206159014	0.646229712	0.15160989	1	0.399320829	-0.0666949229	0.320172712	1.62723106	2.07364531	0.302313885	0.0954486401	0.0104358533	19.734145
2.58	1.32656874	0.619546432	0.187383718	2.16933728	0.669004454	0.207166512	0.51131724	0.157982261	1	0.401320839	-0.0648093915	0.31887963	1.37654699	2.10414617	0.3027966	0.095839996	0.00895474178	20.915073
2.59	1.32642602	0.619043852	0.188380839	2.16976721	0.668548158	0.206912053	0.367377455	0.159506957	1	0.403291711	-0.0628681731	0.317937708	1.14811053	2.24493572	0.303196702	0.135319207	0.0075893098	19.45778
2.6	1.32639699	0.618751587	0.188755152	2.16997563	0.668320966	0.206725921	0.277626378	0.16114837	1	0.405414149	-0.060767557	0.317043477	0.981296766	2.43002742	0.303470764	0.144041298	0.00613571443	25.841275
2.61	1.32636927	0.618525658	0.189062374	2.17014082	0.66814161	0.206585764	0.208873124	0.161793506	1	0.407646059	-0.058548492	0.316254647	0.946615015	2.64755516	0.303684346	0.118483365	0.00700833867	22.006759
2.62	1.32792632	0.620661889	0.191618921	2.16758022	0.670753156	0.206995305	0.398893628	0.162300727	1	0.409918245	-0.0562735155	0.315557267	0.876011996	2.78894541	0.305134062	0.115107784	0.00858354152	19.721783
2.63	1.33108203	0.624828576	0.191735761	2.16249477	0.67593087	0.207710176	0.746110613	0.163940003	1	0.412271343	-0.0541124178	0.314655678	0.904797044	3.0117841	0.306807677	0.0893926957	0.00767255291	19.142962
2.64	1.33467691	0.62793096	0.195167515	2.15774754	0.680666554	0.207361925	0.456876096	0.162840092	1	0.414536384	-0.0517733506	0.313498527	0.793430228	3.03946071	0.307882049	0.15396834	0.00394909038	19.232078
2.65	1.33901524	0.631967943	0.196947153	2.15183227	0.68658879	0.207148846	0.231947947	0.162133113	1	0.417044991	-0.0493545579	0.312544807	0.788523215	3.0087919	0.308032633	0.156370436	0.00290978513	20.33645
2.66	1.34335484	0.636304403	0.197642227	2.14572572	0.692723693	0.207146624	0.0477725707	0.16103052	1	0.41957788	-0.0469315783	0.311959329	0.791139345	3.03369702	0.307607982	0.0481143927	0.00226161028	20.128828
2.67	1.34758567	0.640942444	0.197287876	2.13951176	0.698994934	0.207434563	0.194288134	0.159329472	1	0.422383147	-0.0443881129	0.311413115	0.833578972	3.02924169	0.306678427	0.0973392738	0.00437635239	20.016348
2.68	1.35172298	0.645966445	0.195811442	2.1331254	0.70547296	0.208061547	0.478566856	0.157061943	1	0.425413711	-0.0418982447	0.310445148	1.00430202	3.11269683	0.306072159	0.0958683175	0.00683469533	19.797814
2.69	1.3558603	0.650990445	0.193354007	2.12673979	0.711950986	0.20868853	0.763573956	0.153908472	1	0.428359469	-0.0393563221	0.309977649	1.06648804	3.2710818	0.305295139	0.0753902985	0.00887756425	20.285683
2.7	1.35991589	0.656654333	0.189604842	2.12001261	0.718823697	0.209825766	1.20737249	0.151101813	1	0.431536164	-0.0366725101	0.309507084	1.18043666	3.40232899	0.304308938	0.0837865272	0.0106847431	26.151079
2.71	1.36383759	0.658202211	0.189124575	2.11599828	0.722691276	0.208147217	0.279051888	0.143556422	1	0.434921101	-0.0339117145	0.308903751	1.38065199	3.51183369	0.3031575	0.126829661	0.0130487552	21.051303
2.72	1.3673731	0.660321935	0.189656085	2.11192043	0.72669013	0.207146106	0.987415278	0.145413629	1	0.437897695	-0.0313252178	0.308626581	1.39643583	3.70859556	0.303300688	0.0881082536	0.00925853031	18.252686
2.73	1.36996933	0.664983957	0.19328174	2.10695701	0.731822487	0.208606844	0.440444599	0.144612446	1	0.440892525	-0.0287343033	0.308223681	1.44419659	3.81168456	0.304044193	0.134838201	0.00765109439	19.377715
2.74	1.37377049	0.67069209	0.195373643	2.10040042	0.738546572	0.209955278	0.462953728	0.143645289	1	0.443537592	-0.026589202	0.308561096	1.45530592	3.95234024	0.304030375	0.0967902577	0.00635749004	22.032549
2.75	1.37757165	0.676400223	0.196484546	2.09384577	0.745270657	0.211303712	0.816174339	0.142618139	1	0.446092054	-0.0245832182	0.309493401	1.44363591	4.08689392	0.303134227	0.0753511259	0.00659512231	20.212282
2.76	1.38137281	0.682108356	0.196614449	2.08729307	0.751994742	0.212652146	1.24476231	0.141192714	1	0.448469679	-0.0226852814	0.311030537	1.38692919	4.23678781	0.301869667	0.12057614	0.00796719442	21.616096
2.77	1.38517397	0.687816489	0.195763353	2.08074234	0.758718827	0.21400058	1.69239514	0.139189736	1	0.450725956	-0.0209867732	0.312580734	1.23434426	4.483706	0.300969258	0.0827189736	0.00964851826	20.120724
2.78	1.38897512	0.690912868	0.19654301	2.07583965	0.763596122	0.213502226	1.22395086	0.133966832	1	0.452883465	-0.0190229252	0.314733071	1.04558532	4.66399342	0.299683279	0.11014103	0.0110125849	21.705756
2.79	1.39277628	0.694009247	0.196341667	2.07093697	0.768473418	0.213003871	0.755549134	0.128882053	1	0.454978697	-0.0168902323	0.317330036	0.849627854	4.83650455	0.29926503	0.07469267	0.00822096477	20.295835
2.8	1.39556636	0.698911897	0.195156845	2.06568089	0.773912998	0.214497686	0.858428256	0.126052475	1	0.45701676	-0.0146229509	0.320301612	0.651770309	5.00663053	0.299162382	0.083942959	0.00637732236	23.177308
2.81	1.39835644	0.703814547	0.192991024	2.06042686	0.779352577	0.215991501	1.0817782	0.124869717	1	0.459006079	-0.0122087413	0.323537563	0.469754494	5.18103222	0.299463981	0.0728547248	0.0083916639	19.483985
2.82	1.40145377	0.706067263	0.192801396	2.05660204	0.783135636	0.215394264	1.01848728	0.122827672	1	0.461014913	-0.00981839313	0.32662534	0.438665669	5.28217599	0.299940052	0.102002113	0.010294377	19.630928
2.83	1.40328752	0.706840333	0.194374009	2.05469041	0.78497893	0.214644256	0.703562099	0.120894741	1	0.462953897	-0.00732954688	0.330237012	0.343786753	5.47851967	0.300592399	0.0806287456	0.00790248575	20.118266
2.84	1.40590701	0.71006741	0.194674764	2.05062394	0.789113082	0.21507388	0.91486945	0.120776788	1	0.464689052	-0.00463076674	0.333936781	0.119985324	5.76426775	0.30103602	0.0617398591	0.00548401461	20.616327
2.85	1.40884073	0.713664705	0.194232843	2.04608072	0.793731206	0.215543099	1.42706736	0.122027041	1	0.466411117	-0.00183861293	0.337736725	-0.0690154668	6.0956776	0.301390766	0.149082461	0.00831071172	18.74679
2.86	1.41093192	0.718788527	0.196870675	2.04123497	0.798832992	0.217687491	1.01078242	0.119813237	1	0.468067007	0.00101869606	0.341548507	-0.301649497	6.40697651	0.301577413	0.126488466	0.0111499137	19.07616
2.87	1.41348775	0.724375769	0.198781613	2.03574023	0.804591014	0.219831024	0.960736702	0.118944891	1	0.469852081	0.0040637595	0.345138403	-0.529345484	6.73778948	0.301818548	0.115921193	0.0108158137	19.039912
2.88	1.41633166	0.73034206	0.199993419	2.02978735	0.810820764	0.222038882	1.17293767	0.119592439	1	0.471826498	0.00732787695	0.348442358	-0.751695703	7.07582322	0.30210325	0.0854138632	0.0114123428	19.295925
2.89	1.41917557	0.73630835	0.200224225	2.02383855	0.817050515	0.22424674	1.38523192	0.123066681	1	0.473999647	0.0108529974	0.35132225	-0.975238613	7.41357136	0.302473423	0.123677099	0.0124361343	19.432878
2.9	1.42262003	0.74292547	0.199899624	2.01701858	0.824165126	0.226490149	2.0398893	0.126688381	1	0.47632176	0.0146127446	0.353885828	-1.23907782	7.76546089	0.302807969	0.104448009	0.0130379714	21.553969
2.91	1.42606449	0.74954259	0.198594022	2.01020316	0.831279737	0.228733559	2.72622826	0.132755689	1	0.478763233	0.0185760274	0.356259964	-1.54084679	8.16658062	0.303208703	0.109535803	0.0146641572	18.272105
2.92	1.42670015	0.755082762	0.200193167	2.00626303	0.83564671	0.232201573	2.5608792	0.137321576	1	0.481303569	0.0227346319	0.358318672	-1.85435728	8.60859305	0.303625354	0.229983815	0.0158074377	17.873541
2.93	1.4308786	0.763042229	0.200234623	1.99805068	0.844229511	0.234875157	3.23662406	0.140068999	1	0.483869354	0.02703421	0.360167928	-2.15079642	8.99606314	0.303896234	0.109982037	0.0126034179	18.605104
2.94	1.43672385	0.768445132	0.203518681	1.9901155	0.85218316	0.234562368	4.23482455	0.144418343	1	0.486391711	0.0313803926	0.361780103	-2.43327909	9.29014786	0.303984105	0.095797557	0.014981455	18.964233
2.95	1.44236572	0.775138788	0.210539093	1.98154222	0.860905691	0.235306096	4.35796148	0.144508006	1	0.488846074	0.0356520115	0.363213254	-2.63661304	9.4752719	0.304299249	0.0888205806	0.0134855331	18.149356
2.96	1.44800758	0.781832444	0.216578505	1.97297052	0.869628222	0.236049824	4.48193478	0.145178685	1	0.491446357	0.0399366047	0.364390156	-2.72063264	9.55353229	0.303591066	0.13191303	0.0135834205	19.248967
2.97	1.45364945	0.7885261	0.221636917	1.96440043	0.878350753	0.236793552	4.60667603	0.146357767	1	0.494168694	0.0443755562	0.364787135	-2.76703025	9.62581512	0.30339556	0.102361314	0.0144956619	18.490407
2.98	1.45929131	0.795219756	0.225714329	1.95583197	0.887073285	0.237537279	4.73212354	0.148236711	1	0.496733908	0.0486008838	0.365381323	-2.71304373	9.58635733	0.30329984	0.104428909	0.014927167	19.537879
2.99	1.46493318	0.801913412	0.228810741	1.94726516	0.895795816	0.238281007	4.85822168	0.15106138	1	0.499231048	0.0526270753	0.366262165	-2.55379617	9.43413223	0.303318091	0.132968792	0.0159134105	19.892601
3	1.47057505	0.808607068	0.230926153	1.93870003	0.904518347	0.239024735	4.98492013	0.155406308	1	0.501753673	0.0565129234	0.367308301	-2.3069793	9.13841679	0.30342448	0.0788373666	0.0171307208	22.161592
3.01	1.47621691	0.815300724	0.232060565	1.93013659	0.913240879	0.239768463	5.1121733	0.162025874	1	0.504315899	0.0602499464	0.368484273	-1.98622685	8.71473071	0.30363001	0.0641772382	0.0182652516	20.795447
3.02	1.48185878	0.82199438	0.232213977	1.92157488	0.92196341	0.240512191	5.23993983	0.171747813	1	0.506899764	0.0638191669	0.369753204	-1.61339364	8.16787273	0.303899268	0.0876902806	0.0192409209	19.036243
3.03	1.48750064	0.828688036	0.231386389	1.9130149	0.930685941	0.241255918	5.3681821	0.185362587	1	0.509503959	0.0671908189	0.37113067	-1.19754353	7.48937514	0.304196364	0.127739016	0.0200773653	18.367355
3.04	1.49314251	0.835381692	0.229577801	1.90445669	0.939408473	0.241999646	5.49686586	0.203414437	1	0.512086542	0.0703775907	0.372611665	-0.814596558	6.71937138	0.304505154	0.129306811	0.0210355156	18.932568
3.05	1.49878438	0.842075348	0.226788213	1.89590027	0.948131004	0.242743374	5.62595984	0.226055261	1	0.514614183	0.0734161929	0.374073528	-0.480266571	5.87584471	0.304788482	0.122918523	0.022527556	17.40617
3.06	1.50442624	0.848769004	0.223017625	1.88734567	0.956853535	0.243487102	5.75543546	0.25292551	1	0.517194885	0.0760336075	0.37556866	-0.0882173019	5.18455106	0.305334656	0.141993671	0.0246657068	19.476928
3.07	1.51006811	0.85546266	0.218266037	1.8787929	0.965576067	0.244230829	5.88526657	0.284058524	1	0.519718469	0.0784536177	0.377382811	0.1988131	4.52541453	0.305717185	0.122591599	0.0266114856	18.121763
3.08	1.51570997	0.862156316	0.212533449	1.870242	0.974298598	0.244974557	6.01542916	0.319323094	1	0.522122455	0.0806895237	0.37932161	0.395674547	3.92089637	0.306046716	0.085557046	0.0276359409	18.349075
3.09	1.52135184	0.868849972	0.205819862	1.86169298	0.983021129	0.245718285	6.1459012	0.358509278	1	0.524363926	0.0827507514	0.381246196	0.497476247	3.4094314	0.306398114	0.109568442	0.0273449364	19.674913
3.1	1.52280553	0.869593485	0.208263597	1.86008666	0.984574783	0.245216118	5.6163789	0.389988376	1	0.526478682	0.0846661549	0.383117593	0.558910111	2.92812146	0.305298171	0.129982963	0.0234820006	23.752846
3.11	1.52425921	0.870336999	0.209726332	1.85848039	0.986128438	0.24471395	5.08732522	0.421934307	1	0.528662204	0.0866051546	0.384765683	0.585859937	2.48164036	0.304729401	0.14589325	0.0205901932	18.844562
3.12	1.5257129	0.871080512	0.210208067	1.85687417	0.987682092	0.244211783	4.55890332	0.450094142	1	0.531013083	0.0886238285	0.386048169	0.594390431	2.00588455	0.305410097	0.118865288	0.0566630106	20.302188
3.13	1.52716658	0.871824026	0.209708802	1.85526799	0.989235746	0.243709616	4.03136165	0.474806969	1	0.533500918	0.0906987922	0.387071378	0.614357355	1.51209844	0.307514238	0.099877829	0.0411544496	21.643264
3.14	1.52862027	0.872567539	0.208228538	1.85366185	0.9907894	0.243207448	3.50509766	0.496813669	1	0.536086385	0.0927876601	0.38785918	0.639308621	1.01448413	0.310447642	0.0576432457	0.0446464637	19.852417
3.15	1.53007395	0.873311053	0.205767273	1.85205577	0.992343054	0.242705281	2.98078817	0.515944453	1	0.538740841	0.0948518293	0.388438591	0.68971431	0.510355368	0.313582149	0.133409864	0.0405475309	21.63559
3.16	1.53152764	0.874054566	0.202325008	1.85044973	0.993896709	0.242203114	2.45968338	0.532227124	1	0.541504028	0.096866769	0.388799066	0.762359022	0.0282947852	0.316613192	0.123828053	0.0403714202	21.367311
3.17	1.53298132	0.87479808	0.197901743	1.84884374	0.995450363	0.241700946	1.94436166	0.545995099	1	0.544359151	0.0988562126	0.389049897	0.840711164	-0.443787529	0.319211509	0.105082938	0.0422906249	20.809261
3.18	1.53443501	0.875541593	0.192497479	1.84723779	0.997004017	0.241198779	1.44104056	0.557582065	1	0.547336305	0.100790164	0.389219271	0.918876678	-0.863283736	0.321352277	0.159780486	0.0458861207	20.447172
3.19	1.53433856	0.873064891	0.190882561	1.84882292	0.995184526	0.239515683	0.414068445	0.56209479	1	0.550406227	0.102615375	0.389282126	1.00957232	-1.21107255	0.323011728	0.0761196367	0.0473745303	21.652477
3.2	1.53424212	0.870588188	0.188286644	1.85041001	0.993365035	0.237832587	0.770059799	0.564436154	1	0.553477833	0.104429601	0.388668798	0.983324066	-1.63229257	0.323835695	0.112961287	0.0509740007	23.684161
3.21	1.53441139	0.870735319	0.189446141	1.85018612	0.993588766	0.237816931	0.683063826	0.559482412	1	0.556619822	0.10604647	0.38824638	1.08025936	-1.90665889	0.324432744	0.137415769	0.0486733616	20.911275
3.22	1.53462785	0.870993537	0.18978291	1.84985706	0.993924412	0.237846461	0.579178502	0.551282886	1	0.559830969	0.107491165	0.387900533	1.22599265	-2.07774902	0.32470155	0.116824985	0.0437500047	20.624679
3.23	1.53495355	0.871566104	0.189656739	1.84924962	0.994559586	0.238021019	0.381735029	0.539425511	1	0.563098097	0.108776645	0.387398573	1.4324441	-2.15106167	0.324634996	0.135330269	0.0346327429	21.213319
3.24	1.53538944	0.872450508	0.189069893	1.84836467	0.995493176	0.238338165	0.0952548952	0.524060586	1	0.566330453	0.109929482	0.386995667	1.57273341	-2.03849857	0.324403832	0.140994511	0.0274868734	20.264358
3.25	1.53543879	0.872451035	0.18934554	1.84832524	0.995528443	0.238303643	0.0832048029	0.504097023	1	0.569594475	0.111061715	0.386531412	1.73591994	-1.78318282	0.323843218	0.0956971264	0.0194287085	20.480569
3.26	1.53549397	0.872496816	0.189501555	1.84825359	0.995599836	0.238296995	0.0615456699	0.480587895	1	0.572866056	0.112204474	0.386023349	1.8996469	-1.38501004	0.322930329	0.136832247	0.0121507246	20.552924
3.27	1.53553354	0.872528711	0.189622472	1.84820278	0.995650367	0.238291571	0.0462109232	0.453485873	1	0.576192171	0.113442579	0.385365893	2.058063	-0.878881099	0.321581702	0.120995877	0.0218010314	20.522579
3.28	1.535563	0.872552108	0.189712813	1.84816517	0.99568774	0.238287284	0.0348612256	0.423073199	1	0.579591104	0.114827212	0.384485643	2.20553578	-0.28154188	0.319747563	0.0594570015	0.0398277862	19.303446
3.29	1.53558498	0.872569089	0.189780728	1.84813739	0.995715292	0.238283747	0.026481513	0.390294135	1	0.583082696	0.116405556	0.38331792	2.34777662	0.390871507	0.317319383	0.0576252738	0.0524802148	19.589943
3.3	1.53560157	0.872581681	0.18983218	1.84811656	0.995735925	0.238280922	0.0201998422	0.356333365	1	0.586600985	0.118170286	0.381799449	2.40479749	1.13743968	0.314337493	0.156443063	0.0548486146	22.9101
3.31	1.53561414	0.872591213	0.189871403	1.84810079	0.995751553	0.238278774	0.0154414082	0.322465694	1	0.590198934	0.120193648	0.379809474	2.37716482	1.92585913	0.310873059	0.086263568	0.0470357392	19.3486
3.32	1.53562371	0.872598474	0.189901382	1.84808878	0.995763454	0.238277142	0.0118182602	0.289615684	1	0.594005245	0.122447429	0.377420505	2.33446643	2.65894841	0.306792902	0.186116106	0.0426118009	19.955138
3.33	1.53563102	0.872604019	0.189924324	1.8480796	0.995772543	0.238275896	0.00905169681	0.258160202	1	0.597713302	0.124729839	0.374826913	2.07863596	3.42422059	0.302617311	0.145960788	0.0351520464	18.642033
3.34	1.53563661	0.872608261	0.189941894	1.84807259	0.995779494	0.238274943	0.00693566888	0.229099019	1	0.60134829	0.127036025	0.371413528	1.85369107	4.21515304	0.30076878	0.0933277404	0.0217019889	18.402699
3.35	1.539228	0.876192109	0.193518829	1.84304069	1.00085316	0.238269603	0.00255178603	0.22457043	1	0.604154451	0.128866133	0.367974358	1.62101041	4.83802258	0.304325793	0.0686639952	0.0122397988	18.948254
3.36	1.54762231	0.883268522	0.191285603	1.83207264	1.01179261	0.237337712	0.175662135	0.229942276	1	0.606789676	0.130758556	0.364316446	1.4087645	5.39848006	0.307401838	0.0686032632	0.00775401041	19.933914
3.37	1.55671034	0.890785919	0.188023332	1.82028594	1.02353442	0.236227105	0.59454768	0.235480399	1	0.60954557	0.132915124	0.360336367	1.26305087	5.88714992	0.30839344	0.114485534	0.0139235696	20.8505
3.38	1.56328963	0.89715937	0.195960311	1.81118584	1.03269339	0.236081554	0.413340243	0.234119937	1	0.611916091	0.134956154	0.356340703	1.10273155	6.21510834	0.309731828	0.0627551052	0.0218437554	19.324621
3.39	1.57159571	0.904809609	0.20187144	1.79993911	1.04397621	0.235617806	0.702220746	0.235703535	1	0.614325407	0.137156354	0.352096783	1.00522705	6.45816033	0.309769399	0.0843350313	0.0209115344	17.756606
3.4	1.57990179	0.912459848	0.206801568	1.78869296	1.05525903	0.235154058	1.01657926	0.237970569	1	0.616658489	0.139496049	0.347861862	0.929220182	6.59943087	0.308682731	0.063135152	0.0241796666	24.873324
3.41	1.58820787	0.920110088	0.210750697	1.7774474	1.06654185	0.23469031	1.33858415	0.239989089	1	0.619163927	0.142006845	0.343407282	0.949161749	6.65042166	0.307350688	0.1702038	0.0272220153	22.325901
3.42	1.59651395	0.927760327	0.213718826	1.76620243	1.07782467	0.234226562	1.66380143	0.241406442	1	0.621708902	0.144735189	0.338423301	0.923205329	6.73098132	0.30643045	0.0869691995	0.0293171563	22.004213
3.43	1.60482002	0.935410566	0.215705955	1.75495807	1.08910749	0.233762814	1.9906569	0.242394997	1	0.624009168	0.147466585	0.333837094	1.00373498	6.71710426	0.305239891	0.0653747664	0.0305937046	20.868656
3.44	1.6131261	0.943060805	0.216712084	1.74371433	1.10039031	0.233299066	2.31845738	0.243468093	1	0.626078078	0.150138963	0.329560963	1.16671363	6.64798742	0.304438911	0.0922099323	0.0319535005	20.765091
3.45	1.62143218	0.950711044	0.216737213	1.73247123	1.11167313	0.232835318	2.64685139	0.245580201	1	0.628194699	0.152743981	0.325276717	1.45819733	6.57430839	0.304123915	0.109472998	0.0326124564	20.676779
3.46	1.62973826	0.958361283	0.215781341	1.72122876	1.12295595	0.23237157	2.97564198	0.249627215	1	0.63038142	0.155268758	0.320891278	1.89496444	6.50029319	0.304186102	0.0892130967	0.0317004186	21.990826
3.47	1.63804434	0.966011522	0.21384447	1.70998696	1.13423877	0.231907822	3.30471034	0.25603783	1	0.632239941	0.157633988	0.316864982	2.43369425	6.37565034	0.304361395	0.06460826	0.02547028	21.413608
3.48	1.64635041	0.973661761	0.210926599	1.69874583	1.14552159	0.231444074	3.63398056	0.264236502	1	0.634190105	0.16052255	0.314364646	2.56181456	6.01075602	0.304144741	0.130441053	0.0162202186	21.434836
3.49	1.65465649	0.981312	0.207027728	1.68750538	1.15680441	0.230980326	3.96340187	0.274895332	1	0.636078453	0.163536825	0.312301094	2.65309529	5.60450529	0.304104096	0.126902635	0.00614976607	21.550614
3.5	1.65770517	0.987168621	0.209198871	1.68154179	1.16310141	0.232965838	2.49619227	0.281616906	1	0.637618508	0.166281698	0.310212814	2.78855082	5.17603751	0.304140056	0.0639352363	0.0227989547	26.554446
3.51	1.66075385	0.993025242	0.210389014	1.675583	1.16939841	0.234951351	1.14426646	0.292138557	1	0.638725061	0.168738249	0.30824893	2.90421052	4.80979893	0.304371271	0.0522494414	0.0185631825	22.869634
3.52	1.66380254	0.998881862	0.210598158	1.66962906	1.17569541	0.236936864	0.971424499	0.30590386	1	0.63939754	0.17088419	0.306663691	3.03766556	4.53680112	0.304784044	0.0344868409	0.0126230333	21.924773
3.53	1.66685122	1.00473848	0.209826301	1.66368001	1.18199241	0.238922376	2.26581895	0.321311356	1	0.639666519	0.172837075	0.30529006	3.1011253	4.30028342	0.305327618	0.107699669	0.017319276	20.555346
3.54	1.6698999	1.0105951	0.208073444	1.6577359	1.18828941	0.240907889	3.7256079	0.338662927	1	0.639452055	0.174557829	0.304307343	3.08635873	4.17143725	0.305990242	0.0868071316	0.0306298908	21.331272
3.55	1.67294858	1.01645172	0.205339588	1.6517968	1.19458641	0.242893401	5.21366656	0.359643891	1	0.638783735	0.176094918	0.30389286	2.97686491	4.13418923	0.306331364	0.141740508	0.0485544171	23.134968
3.56	1.67490079	1.02109482	0.203934732	1.64746571	1.19925	0.244796144	4.31236715	0.378946356	1	0.637982918	0.177507539	0.30369881	2.86020732	4.09453666	0.305568268	0.0631385848	0.025726592	20.392431
3.57	1.676853	1.02573791	0.201548876	1.64313864	1.20391358	0.246698887	3.50757762	0.396192167	1	0.636644672	0.178604776	0.304271556	2.67156981	4.16727158	0.305477435	0.166944012	0.0334669366	20.383035
3.58	1.67880521	1.030381	0.19818202	1.63881563	1.20857716	0.24860163	2.88144622	0.413763764	1	0.634926436	0.179511356	0.305354257	2.46865998	4.30519934	0.305572513	0.0799486319	0.0469888902	21.137314
3.59	1.6819277	1.03233934	0.197689206	1.63513967	1.21216985	0.247778447	1.66478222	0.426086254	1	0.632699934	0.180120745	0.306391339	2.34749137	4.52523887	0.306639659	0.117892448	0.0405419462	20.686316
3.6	1.6850502	1.03429768	0.196215392	1.63146375	1.21576254	0.246955263	0.452293962	0.434430897	1	0.630745264	0.181011657	0.307510523	2.10377054	4.61660022	0.307842358	0.134379821	0.0435076609	22.372941
3.61	1.68817269	1.03625601	0.193760578	1.62778787	1.21935523	0.24613208	0.775959156	0.439384028	1	0.628649556	0.181682147	0.308517882	2.07284496	4.65273126	0.309144871	0.0976651712	0.0283849721	20.452202
3.62	1.69129518	1.03821435	0.190324764	1.62411204	1.22294792	0.245308896	1.99100638	0.442180251	1	0.626818498	0.182377272	0.309156634	2.05944417	4.58184808	0.310466239	0.0950555501	0.0275275613	20.430031
3.63	1.69068006	1.03830716	0.191659507	1.6245528	1.22257859	0.245809478	1.78042474	0.439505473	1	0.625248512	0.183060394	0.309118565	2.13786536	4.45758934	0.311357216	0.118034714	0.0408626422	19.929033
3.64	1.69006494	1.03845604	0.19206932	1.6249605	1.22224891	0.246349707	1.55148565	0.439071251	1	0.623744201	0.183713821	0.308860003	2.35853766	4.14039159	0.310202995	0.103520864	0.0565712567	20.816428
3.65	1.68919915	1.03877295	0.191916837	1.62547111	1.22186079	0.247186004	1.2644982	0.438890454	1	0.622615872	0.184503639	0.308097719	2.50377571	3.64494106	0.30830847	0.0991145406	0.0342850104	21.375889
3.66	1.6880405	1.03921889	0.191269752	1.62614209	1.22135682	0.248320621	0.896384297	0.438902918	1	0.621830826	0.185417339	0.306827604	2.56201661	3.01739071	0.30604249	0.073337896	0.041229747	21.006291
3.67	1.686579	1.03977516	0.190159403	1.62699307	1.22071674	0.2497474	0.429526945	0.43598978	1	0.62121823	0.186469716	0.304711814	2.48498505	2.28727964	0.30494803	0.08140194	0.0442027036	21.351151
3.68	1.68480739	1.0404462	0.188594956	1.62802797	1.21993852	0.251474613	0.140088258	0.434487718	1	0.620892512	0.187573282	0.302167391	2.30786596	1.55925663	0.304384387	0.0895424553	0.0402043091	20.431925
3.69	1.68490378	1.04041389	0.189165121	1.62796915	1.21998383	0.25138361	0.108926806	0.434603467	1	0.62073367	0.188608139	0.298879876	2.15482741	0.952312142	0.304597642	0.0911822389	0.0493358723	21.894686
3.7	1.68499023	1.04038441	0.189353075	1.6279167	1.2200241	0.251301637	0.0813543212	0.436658828	1	0.620779839	0.189693906	0.295101361	1.87372028	0.361684168	0.30533113	0.0898347559	0.0525439739	22.718439
3.71	1.68505449	1.04036252	0.189511451	1.6278777	1.22005406	0.251240718	0.0608538066	0.440261099	1	0.620997256	0.19078242	0.290878192	1.53753241	-0.182944592	0.306332008	0.121173364	0.0568137659	19.353915
3.72	1.68510205	1.04034635	0.189629056	1.62784881	1.22007626	0.251195651	0.0456890225	0.446096852	1	0.62139011	0.191833648	0.28627188	1.12224605	-0.742222517	0.305809469	0.0983538721	0.0404874593	22.085757
3.73	1.68513702	1.04033447	0.189717388	1.62782756	1.22009259	0.251162524	0.034542923	0.451576898	1	0.622980374	0.192980029	0.283156365	1.27134916	-1.6021077	0.304649609	0.123685372	0.0406378501	22.716133
3.74	1.68516297	1.04032565	0.189784042	1.6278118	1.22010471	0.251137938	0.0262732004	0.454900119	1	0.62558146	0.196352858	0.284115655	0.547409901	-1.672026	0.305483599	0.0952387361	0.0370899586	21.407557
3.75	1.68518251	1.04031901	0.189834694	1.62779994	1.22011382	0.25111943	0.0200493258	0.457065555	1	0.628017291	0.19986427	0.284684347	-0.198234879	-1.7952537	0.306180953	0.173384253	0.0278574326	21.98539
3.76	1.68519732	1.04031397	0.189873325	1.62779094	1.22012074	0.251105393	0.0153294335	0.458599743	1	0.630431764	0.203273328	0.285561821	-0.829611478	-1.84075261	0.306785288	0.0934874454	0.0350309673	22.905095
3.77	1.68520861	1.04031014	0.189902852	1.62778409	1.22012601	0.251094699	0.0117339181	0.45844552	1	0.632950966	0.206688916	0.286635047	-1.38999721	-1.84819598	0.307140109	0.148647633	0.0121937479	20.534733
3.78	1.68521723	1.04030721	0.189925449	1.62777885	1.22013003	0.25108653	0.00898769363	0.455225895	1	0.635517012	0.209985238	0.288183542	-1.85216674	-1.89713255	0.307009267	0.0815736143	0.0338310776	19.181925
3.79	1.68522383	1.04030496	0.189942756	1.62777485	1.22013311	0.25108028	0.0068868925	0.450745187	1	0.638172261	0.213199309	0.290267109	-2.23166602	-1.96098385	0.306574975	0.118707014	0.0161527334	19.964515
3.8	1.68522888	1.04030324	0.189956016	1.62777178	1.22013546	0.251075495	0.00527835592	0.446879898	1	0.640989302	0.216249588	0.292646899	-2.38097108	-1.95199014	0.305933284	0.0850847797	0.0403567641	23.07055
3.81	1.68523274	1.04030193	0.189966179	1.62776943	1.22013727	0.251071829	0.0040460706	0.443921388	1	0.64391981	0.219254814	0.295664086	-2.53137548	-1.93310106	0.305225146	0.0832770257	0.0406358363	19.442403
3.82	1.68523571	1.04030092	0.189973969	1.62776763	1.22013865	0.251069019	0.00310172664	0.439057922	1	0.64700766	0.222283392	0.299239945	-2.63603258	-1.87436646	0.305108415	0.122425957	0.0375108474	19.01944
3.83	1.68523798	1.04030015	0.189979941	1.62776625	1.22013971	0.251066865	0.00237790568	0.433184322	1	0.650210352	0.225366414	0.303374664	-2.71970026	-1.7851048	0.30520341	0.0836360209	0.0218087601	19.476675
3.84	1.68523972	1.04029956	0.189984519	1.62776519	1.22014053	0.251065215	0.00182304885	0.427548799	1	0.653676835	0.228367926	0.307633838	-2.70600201	-1.74810781	0.305157662	0.0673471053	0.0249676867	18.087629
3.85	1.68524106	1.0402991	0.189988029	1.62776438	1.22014115	0.251063949	0.00139768561	0.421815941	1	0.657309917	0.231742076	0.311967457	-2.78328153	-1.8153288	0.305004997	0.144746377	0.0198744551	19.045037
3.86	1.68524208	1.04029875	0.18999072	1.62776376	1.22014163	0.251062979	0.00107158184	0.416050383	1	0.661040756	0.235101075	0.3166885	-2.75152568	-1.80632865	0.305220061	0.0989166203	0.024427944	18.952131
3.87	1.68524287	1.04029849	0.189992783	1.62776328	1.22014199	0.251062235	0.00082156895	0.411650752	1	0.664731891	0.238503314	0.321201214	-2.72295007	-1.60038012	0.305839959	0.0769419467	0.0334840307	18.429169
3.88	1.68524347	1.04029828	0.189994365	1.62776292	1.22014227	0.251061665	0.000629889409	0.409382399	1	0.668520295	0.241905904	0.326212379	-2.66656272	-1.4367193	0.304262591	0.0773615491	0.0254681723	18.969319
3.89	1.68524393	1.04029812	0.189995577	1.62776264	1.22014249	0.251061227	0.000482931839	0.408892741	1	0.67232804	0.245330295	0.331403104	-2.58405477	-1.20922999	0.303415543	0.118675672	0.0203909908	18.614247
3.9	1.68524429	1.040298	0.189996507	1.62776242	1.22014265	0.251060892	0.000370260281	0.410785538	1	0.676174929	0.248855339	0.33665715	-2.45869317	-0.937187868	0.303093378	0.0849104168	0.0225799932	22.211611
3.91	1.68524456	1.04029791	0.18999722	1.62776226	1.22014278	0.251060635	0.000283876849	0.415860083	1	0.680074741	0.252550922	0.341892808	-2.32104839	-0.64293514	0.303112757	0.0947108756	0.0304786964	17.555513
3.92	1.68524477	1.04029784	0.189997767	1.62776213	1.22014288	0.251060438	0.000217646981	0.424091789	1	0.684031459	0.256430067	0.347029794	-2.19002411	-0.346911634	0.303309376	0.0499849652	0.0266153197	19.274602
3.93	1.68524492	1.04029779	0.189998186	1.62776204	1.22014295	0.251060287	0.000166868525	0.434350092	1	0.688078873	0.260499852	0.351947272	-2.04394624	-0.0618722562	0.30373511	0.0824070486	0.0222182462	19.407971
3.94	1.68524505	1.04029775	0.189998507	1.62776196	1.22014301	0.251060171	0.000127937917	0.443925201	1	0.692176272	0.264751662	0.356744957	-1.9098464	0.159117961	0.304047384	0.0876662626	0.0568177657	19.894695
3.95	1.68524514	1.04029771	0.189998753	1.6277619	1.22014305	0.251060082	9.80911239e-05	0.45120506	1	0.696335463	0.269171848	0.361416493	-1.77878527	0.287742482	0.304444323	0.0877395486	0.0467321198	18.863727
3.96	1.68524521	1.04029769	0.189998942	1.62776186	1.22014309	0.251060014	7.52048105e-05	0.45553515	1	0.700545903	0.273742846	0.365897545	-1.67583888	0.348301194	0.305458566	0.0582977847	0.0408723262	20.686418
3.97	1.68524527	1.04029767	0.189999087	1.62776183	1.22014311	0.251059962	5.76597535e-05	0.45679924	1	0.704787645	0.278418573	0.370171278	-1.56269346	0.331355839	0.306856385	0.157506645	0.0402345651	21.300154
3.98	1.68524531	1.04029766	0.189999198	1.6277618	1.22014313	0.251059922	4.42070111e-05	0.455066379	1	0.709052986	0.283210642	0.374177497	-1.46550325	0.248895435	0.308336476	0.0924783459	0.0402684047	20.581684
3.99	1.68524534	1.04029765	0.189999283	1.62776178	1.22014315	0.251059891	3.3893846e-05	0.450540467	1	0.713314987	0.288209117	0.377501754	-1.42877608	0.176744245	0.309887963	0.0844067514	0.0404993136	21.333707
4	1.68524537	1.04029764	0.189999348	1.62776177	1.22014316	0.251059868	2.59805439e-05	0.443567922	1	0.717630482	0.2933226	0.380611754	-1.38133552	0.00329502114	0.310713209	0.066254237	0.0294839521	23.209783
4.01	1.68524539	1.04029763	0.189999398	1.62776176	1.22014317	0.25105985	1.99315465e-05	0.434657508	1	0.721924351	0.298493348	0.383401474	-1.34248502	-0.213672162	0.310819733	0.0859337207	0.0196832946	18.800242
4.02	1.6852454	1.04029763	0.189999437	1.62776175	1.22014317	0.251059836	1.52727673e-05	0.424301411	1	0.72606018	0.303498115	0.386083741	-1.19839199	-0.358166325	0.310431714	0.0789450936	0.0128571914	22.410063
4.03	1.68524541	1.04029762	0.189999466	1.62776174	1.22014318	0.251059825	1.17063545e-05	0.412918822	1	0.729994387	0.30829448	0.3888968	-1.10963088	-0.45413655	0.309320783	0.0688428759	0.00824108103	19.479588
4.04	1.68524542	1.04029762	0.189999489	1.62776173	1.22014318	0.251059817	8.99506352e-06	0.400800677	1	0.733877661	0.312869538	0.391607359	-0.946728147	-0.588880297	0.307442586	0.105080393	0.00579515037	20.361514
4.05	1.68524543	1.04029762	0.189999506	1.62776173	1.22014319	0.251059811	6.88334319e-06	0.388149295	1	0.737635924	0.31727508	0.394416875	-0.775719322	-0.690643127	0.30516336	0.0660009403	0.00458815258	19.641143
4.06	1.68524543	1.04029761	0.189999519	1.62776173	1.22014319	0.251059806	5.26301422e-06	0.375207549	1	0.741281094	0.321460341	0.397216306	-0.586650655	-0.750407759	0.302688622	0.0551932061	0.00379961458	19.015272
4.07	1.68524544	1.04029761	0.189999529	1.62776173	1.22014319	0.251059802	4.00455337e-06	0.362192988	1	0.744807807	0.325397359	0.399897967	-0.386623722	-0.765432379	0.300187324	0.0769645783	0.00311986307	19.219494
4.08	1.68524544	1.04029761	0.189999537	1.62776172	1.22014319	0.2510598	3.07832466e-06	0.349702145	1	0.74830346	0.329114397	0.402395463	-0.148933158	-0.707049552	0.298989922	0.0628370625	0.00302865658	18.643322
4.09	1.68524544	1.04029761	0.189999543	1.62776172	1.22014319	0.251059797	2.41483654e-06	0.338744681	1	0.751794055	0.332647063	0.404657294	0.096822618	-0.607922908	0.298648697	0.0751094448	0.00445929687	18.281225
4.1	1.68524544	1.04029761	0.189999548	1.62776172	1.22014319	0.251059796	1.90909591e-06	0.33017076	1	0.755184582	0.336019601	0.406465833	0.296157346	-0.524194956	0.298763646	0.111449822	0.0066726468	25.523504
4.11	1.68524544	1.04029761	0.189999551	1.62776172	1.2201432	0.251059795	1.47877933e-06	0.32414016	1	0.758535578	0.339166347	0.408195832	0.512199189	-0.398167049	0.299162286	0.0784716618	0.00873104125	18.497472
4.12	1.68524545	1.04029761	0.189999554	1.62776172	1.2201432	0.251059794	1.20741827e-06	0.32051035	1	0.761859348	0.342221788	0.409629825	0.72623913	-0.242423702	0.29964819	0.0704863394	0.010125132	18.765218
4.13	1.68524545	1.04029761	0.189999556	1.62776172	1.2201432	0.251059793	8.53773646e-07	0.318819277	1	0.765153505	0.345189512	0.410780737	0.914070469	-0.0544502378	0.300120865	0.0751607531	0.0110044589	21.713462
4.14	1.68524545	1.04029761	0.189999558	1.62776172	1.2201432	0.251059792	8.53773646e-07	0.318414746	1	0.76843841	0.348088883	0.411668436	1.08377095	0.151934489	0.300523873	0.0780132847	0.0114581262	19.407045
4.15	1.68524545	1.04029761	0.189999559	1.62776172	1.2201432	0.251059792	0	0.318559014	1	0.771717162	0.350921889	0.412319484	1.22814347	0.38004214	0.300862679	0.0703152	0.0116080217	21.226777
4.16	1.68524545	1.04029761	0.18999956	1.62776172	1.2201432	0.251059791	0	0.31857078	1	0.775023491	0.353742731	0.412692334	1.34063949	0.591627951	0.301111722	0.0826980456	0.011567523	24.643771
4.17	1.68524545	1.04029761	0.18999956	1.62776172	1.2201432	0.251059791	0	0.31785479	1	0.778357183	0.356572684	0.412890129	1.39975784	0.778735456	0.30128202	0.0884694174	0.0115304153	20.942174
4.18	1.68524545	1.04029761	0.189999561	1.62776172	1.2201432	0.251059791	0	0.315944507	1	0.781720924	0.359414534	0.412963451	1.40931004	0.951919489	0.301425488	0.0583346418	0.0115432121	19.168951
4.19	1.68524545	1.04029761	0.189999561	1.62776172	1.2201432	0.251059791	0	0.312559879	1	0.785176123	0.362309059	0.41287132	1.3787275	1.09954411	0.301561766	0.0962551491	0.0116044779	20.93056
4.2	1.68524545	1.04029761	0.189999562	1.62776172	1.2201432	0.251059791	0	0.307638527	1	0.788691267	0.365269234	0.412599447	1.29507464	1.21532796	0.30170377	0.0528141404	0.0118001845	23.743567
4.21	1.68524545	1.04029761	0.189999562	1.62776172	1.2201432	0.251059791	0	0.301297139	1	0.792261149	0.368323032	0.412123721	1.1641575	1.27876994	0.301846637	0.0554617355	0.012109908	21.04501
4.22	1.68524545	1.04029761	0.189999562	1.62776172	1.2201432	0.251059791	0	0.293688933	1	0.795977214	0.371417933	0.410965926	1.0841701	1.36486166	0.302224569	0.0765724637	0.0125286997	20.867813
4.23	1.68524545	1.04029761	0.189999562	1.62776172	1.2201432	0.251059791	0	0.28511727	1	0.799716092	0.374622919	0.409689317	0.95006119	1.39509134	0.302459675	0.0807457336	0.013089067	22.507451
4.24	1.68524545	1.04029761	0.189999562	1.62776172	1.2201432	0.251059791	0	0.275844346	1	0.803448094	0.377924045	0.408323296	0.784920802	1.39638048	0.302673041	0.0511620483	0.0136632619	22.709657
4.25	1.68524545	1.04029761	0.189999563	1.62776172	1.2201432	0.25105979	0	0.266181228	1	0.807155026	0.381321133	0.406885628	0.618270227	1.38465687	0.302897326	0.0703335646	0.0141818327	24.460068
4.26	1.68525025	1.04030879	0.190002466	1.62775125	1.2201545	0.251064299	0.000820332093	0.265996442	1	0.810585	0.384642518	0.405670229	0.392927664	1.26152352	0.304262664	0.0812994611	0.0146126848	21.687274
4.27	1.68581646	1.03994716	0.189096079	1.62750725	1.22029916	0.250408221	0.21688316	0.268595321	1	0.813876934	0.387941983	0.404678979	0.202518483	1.06836758	0.304991162	0.0507917778	0.0152410152	23.53166
4.28	1.68570394	1.04013584	0.189381656	1.62748681	1.22035302	0.250621201	0.148299085	0.269216497	1	0.817077477	0.391238546	0.403795823	0.0838535171	0.834386027	0.304918441	0.105532353	0.0146817841	24.323281
4.29	1.68561057	1.04033524	0.189527165	1.62744463	1.22042799	0.250828218	0.0819378522	0.268724944	1	0.820199372	0.394520544	0.403121753	0.0373902573	0.574432254	0.304411374	0.0633484349	0.014240004	22.211167
4.3	1.68558316	1.04038894	0.189642974	1.6274351	1.22044658	0.250885573	0.0637715235	0.2667553	1	0.823248195	0.397757678	0.402565612	0.0644720121	0.297904118	0.303736893	0.0828571144	0.0138755571	20.992869
4.31	1.68556152	1.04043942	0.189729424	1.62742281	1.22046697	0.250936569	0.0479679304	0.266934218	1	0.826119691	0.400923721	0.401706883	0.0748495879	-0.0563648259	0.303636625	0.106847705	0.0136834582	21.16149
4.32	1.68554483	1.0404745	0.189793691	1.62741561	1.22047997	0.250973174	0.0364508111	0.267405487	1	0.828771835	0.403815375	0.401154865	0.147205053	-0.283503165	0.304035987	0.105362355	0.0137494524	20.700698
4.33	1.68553225	1.04050102	0.189842209	1.62741014	1.22048983	0.251000828	0.0277804157	0.267998111	1	0.831232067	0.406444969	0.400785133	0.262362317	-0.384303392	0.304832006	0.0872298139	0.0134745418	21.594799
4.34	1.68552287	1.04052126	0.189879086	1.62740578	1.22049751	0.251021769	0.021211684	0.268952129	1	0.833480465	0.408768576	0.400591403	0.41626999	-0.352008754	0.305987544	0.0798297527	0.0130257769	21.386557
4.35	1.68551526	1.04053587	0.189907287	1.62740332	1.22050246	0.251037479	0.016236447	0.268436508	1	0.835566617	0.410830978	0.400477739	0.595043071	-0.206264803	0.306855054	0.176692973	0.0125162235	23.571866
4.36	1.68551141	1.04054993	0.189929194	1.62739814	1.22050968	0.25105014	0.0123207657	0.269937138	1	0.837540187	0.412649678	0.40027704	0.764351766	0.0197930719	0.308527201	0.12967566	0.0118537258	21.961216
4.37	1.68550683	1.0405582	0.189945607	1.62739696	1.22051229	0.251059235	0.0094484402	0.269709967	1	0.839561278	0.41442309	0.399761835	0.90813266	0.241609627	0.309432115	0.0703582304	0.0115552432	21.958371
4.38	1.68550634	1.04056796	0.189958691	1.62739159	1.22051885	0.25106648	0.00712987523	0.271811039	1	0.841586176	0.416183632	0.39892829	0.952453812	0.414690672	0.311005133	0.12738028	0.0110341529	21.862847
4.39	1.68550347	1.04057259	0.189968197	1.62739119	1.22052008	0.251071784	0.00547275141	0.271862725	1	0.843716381	0.418034302	0.397804965	0.929275914	0.538939224	0.311572453	0.0835703258	0.0108402459	21.906628
4.4	1.68550445	1.04057924	0.189975946	1.62738648	1.22052548	0.251075788	0.00412095154	0.273702854	1	0.845902475	0.419971253	0.396380822	0.785059695	0.568519996	0.312654859	0.0615656287	0.010390249	22.762209
4.41	1.68550259	1.04058177	0.189981428	1.62738649	1.22052596	0.251078901	0.00316404297	0.273194983	1	0.848189179	0.422070411	0.394723483	0.548613274	0.538299315	0.312726676	0.0879160665	0.010346453	21.759654
4.42	1.68550435	1.04058668	0.189986075	1.62738217	1.22053067	0.251081123	0.00237270286	0.274069787	1	0.850479842	0.424270323	0.392879131	0.215490158	0.423082	0.313368962	0.0953280889	0.0101159175	23.278005
4.43	1.68550497	1.04058926	0.189989228	1.62738015	1.22053293	0.25108251	0.0018414902	0.27500372	1	0.852731906	0.426566043	0.390969929	-0.209660885	0.275760181	0.314041905	0.0794467785	0.010285245	22.797156
4.44	1.68550396	1.04059029	0.189991638	1.62738035	1.22053295	0.251083953	0.0014101777	0.273520012	1	0.855014869	0.42900105	0.389003236	-0.670172933	0.106384818	0.31380631	0.10567841	0.0103776209	22.085318
4.45	1.6855055	1.04059297	0.189993447	1.62737753	1.22053594	0.251084759	0.00109713169	0.273674486	1	0.857255353	0.43151948	0.38692807	-1.16758893	-0.11406696	0.314188478	0.107237631	0.0103712819	25.169291
4.46	1.68550642	1.04059441	0.189994795	1.62737595	1.2205376	0.251085128	0.000869776638	0.274195094	1	0.85944373	0.434199488	0.384497292	-1.77426372	-0.335004331	0.314784697	0.0707062087	0.0107482965	24.076543
4.47	1.68550743	1.04059598	0.189995922	1.6273742	1.22053942	0.251085524	0.000698765615	0.27452195	1	0.861490288	0.436878448	0.382100347	-2.33679513	-0.589173451	0.315280074	0.0744202703	0.0111817343	25.353413
4.48	1.68550819	1.04059754	0.189996757	1.62737267	1.22054107	0.251086086	0.000556667619	0.274581652	1	0.863276835	0.439327147	0.38017931	-2.69910731	-0.731188873	0.316004676	0.0975439242	0.0113000737	23.073766
4.49	1.68550955	1.04059961	0.189997581	1.62737035	1.22054349	0.251086593	0.000468908312	0.27476318	1	0.864952876	0.441608287	0.378814802	-2.92954056	-0.780201647	0.316977736	0.0791411871	0.0109661379	23.056625
4.5	1.6855111	1.04060177	0.189998272	1.62736783	1.22054611	0.25108702	0.000441316746	0.275247833	1	0.866623537	0.443650914	0.377478798	-2.96064143	-0.836831371	0.317988823	0.0712952489	0.010499073	22.874034
4.51	1.68551051	1.04060155	0.189998449	1.62736843	1.22054554	0.251087276	0.000288336691	0.273018888	1	0.868244622	0.445615474	0.376700218	-2.9684568	-0.748541974	0.318269141	0.0722533632	0.00991258987	23.379519
4.52	1.68551429	1.04060533	0.189999182	1.62736315	1.22055088	0.251087283	0.000459414322	0.273545956	1	0.86978114	0.447451478	0.376380538	-2.94919678	-0.576632975	0.319870759	0.0657527063	0.00931824942	23.338541
4.53	1.68551714	1.04060739	0.189999195	1.62735963	1.22055436	0.251086724	0.000391905354	0.274878862	1	0.871299265	0.449196441	0.376469328	-2.88636111	-0.368726738	0.321799855	0.106651186	0.00921573982	22.268823
4.54	1.68551975	1.04060928	0.189999232	1.62735641	1.22055754	0.251086213	0.000348745372	0.276747062	1	0.872841247	0.450855924	0.37691098	-2.76163815	-0.149351768	0.323659688	0.0533376194	0.00891606153	22.594242
4.55	1.68551923	1.04060897	0.189999204	1.62735701	1.22055696	0.251086368	0.000218185526	0.275748406	1	0.874517422	0.452472962	0.377613931	-2.53945759	0.0714160326	0.324026365	0.0781709181	0.00852709992	22.779554
4.56	1.68552426	1.04061348	0.189999581	1.62735029	1.2205637	0.251085989	0.000337432905	0.276879837	1	0.876229693	0.453980789	0.378612705	-2.37205999	0.255123736	0.325393537	0.0721359003	0.00799506946	22.890132
4.57	1.68589324	1.03999924	0.189273712	1.62741453	1.22039027	0.250390753	0.506656427	0.278938693	1	0.877889363	0.455348697	0.379692008	-2.2474534	0.476071723	0.326713671	0.13258207	0.00788921238	21.689207
4.58	1.68599789	1.04035943	0.189595774	1.62711757	1.22071896	0.250571448	0.374292958	0.276703601	1	0.879648327	0.456665502	0.380824448	-2.02995377	0.666139807	0.326458587	0.111025815	0.00732562676	22.668912
4.59	1.68682962	1.04237149	0.187885206	1.62525961	1.22272983	0.251406062	0.272823596	0.278617733	1	0.88128058	0.45793077	0.381425872	-1.86125668	0.733096252	0.326709329	0.0907404258	0.00681972677	22.883353
4.6	1.68670386	1.04205206	0.188534516	1.62554945	1.22241503	0.251269125	0.167555188	0.280183762	1	0.882908013	0.459041286	0.382237519	-1.67758384	0.830978642	0.327781827	0.0937831428	0.00543476387	21.909622
4.61	1.68665871	1.04193408	0.188886199	1.62565545	1.22229969	0.251217626	0.129017774	0.281353298	1	0.884594712	0.460069068	0.383101733	-1.45202801	0.920936301	0.328895091	0.0725819152	0.00600399512	21.294649
4.62	1.6866212	1.04183597	0.18916006	1.62574358	1.22220378	0.25117477	0.0968709292	0.282086198	1	0.886394151	0.461046293	0.384023804	-1.22165242	0.978316416	0.329789068	0.0912256585	0.0059134577	20.920922
4.63	1.68659165	1.04176107	0.189365034	1.6258116	1.22212993	0.251142702	0.0725641586	0.279379448	1	0.888389222	0.462023198	0.385001799	-0.992556369	1.0111165	0.329088774	0.0797891369	0.0057512087	21.305271
4.64	1.68657152	1.04170601	0.189519098	1.62586031	1.22207676	0.251118008	0.0542640144	0.279815082	1	0.89052688	0.46298489	0.385957905	-0.818615603	0.968672983	0.329421258	0.111172947	0.00545104007	20.552405
4.65	1.68655664	1.04166546	0.189634638	1.62589623	1.22203757	0.251099855	0.0407851284	0.280701681	1	0.892808837	0.463845609	0.386807396	-0.606272053	0.939505369	0.330034792	0.0804044393	0.00574083789	21.448313
4.66	1.68654669	1.04163639	0.189721574	1.6259214	1.22200998	0.251086335	0.0309479629	0.281212312	1	0.895111808	0.464592554	0.387673097	-0.463792706	0.848716111	0.330332142	0.169587649	0.00591637487	22.41056
4.67	1.68653989	1.04161541	0.189787352	1.62593927	1.22199033	0.251076309	0.0236729854	0.281254917	1	0.89752123	0.465283216	0.38852206	-0.34112212	0.684070797	0.330226949	0.0921682562	0.00564353079	21.477308
4.68	1.68653501	1.04159967	0.18983719	1.62595248	1.22197575	0.251068634	0.018159507	0.281112405	1	0.90001917	0.465943675	0.389343335	-0.256757603	0.444662766	0.329744326	0.10216502	0.00537997414	22.971242
4.69	1.68653139	1.04158786	0.189875129	1.62596236	1.22196485	0.251062839	0.0139592002	0.280945055	1	0.902637888	0.466613061	0.390126987	-0.21508596	0.121887941	0.328864745	0.0889054203	0.00519689314	22.360164
4.7	1.68652854	1.04157894	0.189904044	1.62596992	1.22195652	0.251058542	0.0107374558	0.280795887	1	0.905402861	0.467293029	0.390866996	-0.191548947	-0.266701851	0.32765756	0.0942524591	0.00512048231	22.428419
4.71	1.68652633	1.04157226	0.189926154	1.62597565	1.22195023	0.251055386	0.00826966543	0.2806804	1	0.908280846	0.467949316	0.391566741	-0.162171813	-0.691503789	0.32624267	0.0699555244	0.00522296108	23.378621
4.72	1.68652463	1.04156714	0.189943063	1.62598004	1.22194541	0.251052968	0.00637021876	0.280601777	1	0.911265604	0.468574449	0.392164889	-0.156855394	-1.14001005	0.324696293	0.0704515718	0.00550273481	24.128321
4.73	1.68652319	1.04156334	0.189956004	1.62598344	1.2219417	0.251051295	0.00491066911	0.280542661	1	0.914348008	0.469168099	0.392623944	-0.143888757	-1.59367086	0.323118745	0.0679829564	0.0058319442	23.560108
4.74	1.68652205	1.04156054	0.189965921	1.62598602	1.22193891	0.251050124	0.00378712269	0.280512567	1	0.917504693	0.469686964	0.392911911	-0.0993590238	-2.01592597	0.321680825	0.0651835517	0.00628610726	21.994735
4.75	1.68652125	1.04155847	0.189973515	1.62598788	1.22193689	0.251049222	0.00292333979	0.280514897	1	0.920509109	0.470068103	0.393254771	-0.0728538602	-2.30018951	0.320729765	0.0719868341	0.00685233624	22.010555
4.76	1.686521	1.04155688	0.189979329	1.62598902	1.22193559	0.251048279	0.00226048033	0.280638505	1	0.923317144	0.470418816	0.393153266	-0.139398561	-2.55650154	0.32004859	0.0804764664	0.00703978924	21.705215
4.77	1.68652084	1.04155595	0.189983804	1.6259897	1.22193481	0.251047732	0.00175982134	0.280640967	1	0.925968464	0.47066701	0.393042192	-0.12605979	-2.65408437	0.320007494	0.0604926564	0.00677272562	22.15778
4.78	1.68652131	1.04155568	0.189987254	1.62598948	1.22193496	0.251047207	0.00139357856	0.280754033	1	0.928389046	0.470780458	0.39286396	-0.095383797	-2.59983773	0.320652891	0.116315608	0.0067098687	26.578171
4.79	1.68652244	1.0415559	0.189989955	1.62598843	1.22193592	0.251046566	0.00113275269	0.280899023	1	0.930559026	0.470787414	0.392623384	-0.0718637538	-2.42334615	0.32185745	0.0554989032	0.00656078209	25.768975
4.8	1.68652435	1.04155675	0.189992183	1.62598639	1.22193787	0.251045813	0.000981737235	0.280996692	1	0.932484229	0.470712077	0.392301257	-0.0736777224	-2.15296948	0.323482228	0.0694493303	0.00631070083	26.335616
4.81	1.68652711	1.04155843	0.189994191	1.62598317	1.221941	0.251045054	0.000952689359	0.281039442	1	0.934217766	0.470592419	0.391784516	-0.104882798	-1.82060663	0.325424505	0.0635277465	0.00603375919	25.210961
4.82	1.68653111	1.04156147	0.189996425	1.62597815	1.22194598	0.251044371	0.00106647162	0.281035361	1	0.935809814	0.470498661	0.391231582	-0.13140817	-1.51945114	0.327330176	0.0998905979	0.00591003701	24.425391
4.83	1.6865342	1.04156336	0.189997177	1.62597454	1.22194951	0.251043525	0.000916364446	0.281041134	1	0.937217141	0.470407391	0.390609733	-0.170365118	-1.22960661	0.329193627	0.044151397	0.00581681427	26.193132
4.84	1.6865334	1.04156263	0.189997624	1.62597561	1.22194843	0.251043576	0.000654064172	0.278349463	1	0.938515693	0.470355957	0.389949421	-0.179482681	-0.911131205	0.329374256	0.101023743	0.00581978423	22.739398
4.85	1.68653834	1.04156602	0.189997573	1.62596963	1.22195431	0.251042481	0.000517067623	0.279522472	1	0.939571147	0.47027719	0.389202482	-0.216505766	-0.631908284	0.331140223	0.0939444048	0.00589975071	22.836048
4.86	1.68654207	1.04156871	0.189998691	1.62596503	1.22195885	0.251041745	0.000695531091	0.280696924	1	0.940440074	0.470202738	0.38833066	-0.229979365	-0.401866855	0.332970554	0.0746646274	0.00622135394	22.039066
4.87	1.68654504	1.04157062	0.189998896	1.6259615	1.22196231	0.251040995	0.000624772164	0.281399057	1	0.941213814	0.47022929	0.387174624	-0.252201156	-0.262987092	0.334492526	0.0826069892	0.00619929802	22.213315
4.88	1.68654794	1.04157258	0.189999089	1.62595801	1.22196574	0.251040334	0.000580775091	0.281642769	1	0.941917256	0.470391115	0.385711874	-0.265277212	-0.224466754	0.335654023	0.0820917166	0.00613353637	22.917473
4.89	1.68655065	1.04157434	0.189999142	1.62595478	1.2219689	0.251039654	0.000518575253	0.281723744	1	0.942533114	0.470673494	0.383946536	-0.270935797	-0.288527462	0.33638405	0.0788170286	0.00608485234	22.616505
4.9	1.68655318	1.0415759	0.189999107	1.62595182	1.22197179	0.251038976	0.000445664937	0.281773592	1	0.943048127	0.471071163	0.381920216	-0.28068612	-0.457874345	0.336735915	0.0608219479	0.00603083284	22.939663
4.91	1.68655551	1.04157725	0.189999008	1.62594913	1.2219744	0.251038278	0.00036557467	0.281818818	1	0.943462521	0.471604976	0.379622129	-0.306460727	-0.719129598	0.336776426	0.084320629	0.00597132314	23.663609
4.92	1.68655784	1.04157822	0.189998867	1.62594669	1.22197672	0.251037316	0.00028520385	0.281884774	1	0.943703558	0.47224728	0.37693635	-0.417134594	-1.005734	0.33672575	0.0528988704	0.00596131091	24.579144
4.93	1.68656	1.04157932	0.189998721	1.62594429	1.22197903	0.251036574	0.000208659904	0.281968344	1	0.943811666	0.472997654	0.37401385	-0.536385946	-1.37632012	0.336434679	0.0875280249	0.0062335233	22.788165
4.94	1.68656174	1.0415801	0.18999873	1.62594243	1.22198081	0.25103589	0.000246410967	0.282024322	1	0.943736713	0.473813827	0.370858528	-0.69632087	-1.80814755	0.335933462	0.0618493187	0.00647827529	22.6967
4.95	1.68656321	1.04158067	0.189998672	1.6259409	1.22198226	0.251035259	0.000250078448	0.282074263	1	0.943454352	0.474668916	0.367462235	-0.891036767	-2.29102221	0.335252895	0.0842581007	0.00683031796	20.906165
4.96	1.68656449	1.04158104	0.189998601	1.62593965	1.22198342	0.251034613	0.000241725017	0.282136208	1	0.942967397	0.475573223	0.363807545	-1.13798585	-2.82189667	0.334409321	0.0830371004	0.00723346536	22.059707
4.97	1.68656554	1.04158129	0.189998527	1.62593865	1.22198435	0.251034044	0.000222622195	0.282216696	1	0.942207517	0.476476236	0.359939887	-1.43879751	-3.37129438	0.333488351	0.0803696361	0.00774590177	22.604096
4.98	1.68656641	1.04158146	0.18999846	1.62593785	1.22198508	0.251033548	0.000198299842	0.28233281	1	0.941153821	0.47737299	0.355861548	-1.79831622	-3.91844745	0.332567402	0.0871380251	0.00838680883	21.691567
4.99	1.68656693	1.04158151	0.189998403	1.6259374	1.22198549	0.251033218	0.000164592414	0.282475036	1	0.939802679	0.478249534	0.351542133	-2.20234745	-4.46183758	0.331576786	0.0723728294	0.00916179351	23.011882
5	1.68656716	1.04158146	0.189998362	1.62593724	1.22198561	0.251033021	0.000127283878	0.282661688	1	0.938178434	0.479137058	0.34688646	-2.63361803	-4.99391838	0.330655206	0.0848080105	0.0100649935	22.607555
5.01	1.68656724	1.04158132	0.18999835	1.62593727	1.22198556	0.251032863	0.000100643944	0.282899271	1	0.936279734	0.480015641	0.341913847	-3.0796181	-5.51257925	0.329825645	0.0462589239	0.010990708	23.980061
5.02	1.68656646	1.04158294	0.189998376	1.62593694	1.22198616	0.251034557	4.75437713e-05	0.282984866	1	0.936827454	0.481272277	0.341351399	-2.51951818	-4.9718648	0.332185589	0.0818168858	0.0118538882	23.089315
5.03	1.68656926	1.04158433	0.189998312	1.62593386	1.22198912	0.251033562	0.000100026424	0.284601825	1	0.937401516	0.482339002	0.340410821	-1.97005579	-4.50338515	0.335034211	0.0481121923	0.00965756797	24.473439
5.04	1.68657177	1.0415855	0.189998634	1.62593114	1.22199172	0.251032614	0.000226253238	0.285128592	1	0.937890455	0.483358777	0.339357853	-1.66414555	-4.11977447	0.337346424	0.0606202988	0.00819064925	22.289188
5.05	1.68657147	1.04158536	0.189998849	1.62593147	1.22199141	0.251032727	0.000163215977	0.281653276	1	0.938418373	0.484369005	0.33826453	-1.45042059	-3.82875676	0.33800536	0.0932165015	0.00757282399	23.612622
5.06	1.68657473	1.04158715	0.189998592	1.62592778	1.22199498	0.251031694	0.000262981686	0.281897802	1	0.939017728	0.485353387	0.337111453	-1.32323058	-3.65316549	0.33939921	0.0717300859	0.00718873829	22.662239
5.07	1.68657606	1.04158798	0.189998527	1.62592621	1.22199651	0.25103134	0.000259620198	0.282771286	1	0.93986645	0.486399164	0.335951018	-1.26983362	-3.53932045	0.340715505	0.0495501659	0.00719180694	22.310104
5.08	1.68657739	1.04158875	0.18999854	1.62592469	1.22199799	0.251030941	0.000262684938	0.283407125	1	0.94064954	0.487394628	0.334403916	-1.28921547	-3.57304287	0.341532483	0.0451988753	0.00721429841	22.269669
5.09	1.68657826	1.04158984	0.189998547	1.62592334	1.22199938	0.251031094	0.000252259412	0.283575445	1	0.941824991	0.48843691	0.333345326	-1.22527568	-3.54499958	0.34232806	0.0637790837	0.00678761746	24.137968
5.1	1.68657965	1.04159065	0.189998537	1.62592174	1.22200094	0.25103069	0.000258474948	0.283805712	1	0.94281719	0.48936288	0.331895705	-1.25331883	-3.64281489	0.342759311	0.0699995808	0.00661912878	23.565536
5.11	1.68658066	1.04159131	0.189998521	1.62592053	1.22200212	0.251030437	0.000246585438	0.283833264	1	0.943739232	0.490236007	0.330097755	-1.3879793	-3.83999107	0.342806588	0.0558149647	0.00614588909	21.675531
5.12	1.68658117	1.0415925	0.189998476	1.62591942	1.22200332	0.251030923	0.000228195664	0.283761419	1	0.945399259	0.491338911	0.329041924	-1.29889087	-3.89188287	0.343185535	0.0700014262	0.0056669285	22.409355
5.13	1.68658248	1.04159356	0.189998452	1.62591774	1.222005	0.251030742	0.000238420017	0.284061047	1	0.947307176	0.492497184	0.327872368	-1.21289474	-3.97954843	0.34360336	0.0695516171	0.00589360421	23.248996
5.14	1.68658372	1.04159464	0.189998481	1.6259161	1.22200664	0.251030627	0.000248299923	0.284216057	1	0.94940357	0.493682835	0.326634863	-1.14308046	-4.10039313	0.34392705	0.0605473142	0.00613270784	22.283066
5.15	1.68658495	1.04159582	0.189998513	1.62591441	1.22200834	0.251030594	0.000258928589	0.284203545	1	0.951642986	0.494850211	0.325381405	-1.07061621	-4.24273092	0.344170588	0.0671336151	0.0063052713	24.84515
5.16	1.68658622	1.04159698	0.189998533	1.6259127	1.22201006	0.251030514	0.000267728496	0.284151978	1	0.954130442	0.496015373	0.323859102	-0.992895917	-4.38304843	0.344362753	0.104220634	0.00645521486	25.769282
5.17	1.68658765	1.0415982	0.189998566	1.62591082	1.22201194	0.251030366	0.000284193791	0.284116046	1	0.956769644	0.497173366	0.322316952	-0.947064543	-4.54567839	0.344444894	0.0899337664	0.00685697849	23.639702
5.18	1.68658905	1.04159942	0.189998597	1.62590898	1.22201378	0.251030239	0.000296103176	0.284050824	1	0.959546627	0.498308639	0.320770728	-0.907625606	-4.73299416	0.344455993	0.0816356308	0.00714061576	21.712529
5.19	1.68659035	1.04160076	0.189998622	1.62590714	1.22201565	0.25103027	0.000305897697	0.283980996	1	0.962569831	0.499531359	0.319060196	-0.810218133	-4.93754028	0.344470523	0.10549751	0.0073136911	23.92745
5.2	1.6865919	1.04160202	0.189998678	1.62590514	1.22201764	0.251030066	0.00032573115	0.283948702	1	0.965590829	0.50060447	0.316931563	-0.74338247	-5.22053671	0.344342116	0.0764137651	0.00764461879	22.504825
5.21	1.68659148	1.04160172	0.189998787	1.62590566	1.22201713	0.251030147	0.000199748368	0.280059493	1	0.968557004	0.501479801	0.314446847	-0.637727898	-5.52471058	0.343071141	0.0998374268	0.00768582306	23.754593
5.22	1.68659367	1.04160443	0.189998442	1.62590229	1.22202059	0.251030521	0.000270073315	0.280752833	1	0.971763899	0.502249955	0.312065654	-0.37198883	-5.76033772	0.343207942	0.138077362	0.00755304163	25.68332
5.23	1.68659482	1.04160586	0.189998444	1.62590052	1.22202242	0.251030712	0.000277878075	0.281992298	1	0.975023261	0.502733874	0.309752214	0.0693708647	-6.01973854	0.343528751	0.125008903	0.00811824393	23.769279
5.24	1.68659688	1.04160583	0.18999845	1.62589887	1.22202386	0.251029233	0.000264592704	0.282585932	1	0.978529635	0.504196543	0.309631272	0.0244996487	-5.76757785	0.344808594	0.0896399614	0.00821573539	23.823224
5.25	1.68659941	1.04160788	0.189998712	1.62589563	1.22202709	0.251028897	0.000373834909	0.283367999	1	0.98186909	0.50542413	0.309587852	0.0398855619	-5.51715178	0.346217724	0.0723913626	0.00959750591	26.009557
5.26	1.68660257	1.04160985	0.189998939	1.62589191	1.22203072	0.251028057	0.000390910872	0.283743322	1	0.984929517	0.506521859	0.309187729	0.00427099154	-5.3461147	0.347228643	0.0614667901	5.01063837e-11	26.429788
5.27	1.6866058	1.04161208	0.189999202	1.62588798	1.22203459	0.251027349	0.000431121877	0.283925851	1	0.987837021	0.507385652	0.308941194	0.0259435733	-5.17879438	0.34813297	0.11066734	0.000422548458	25.778773
5.28	1.68660936	1.04161432	0.189999454	1.62588379	1.22203868	0.25102642	0.000481548015	0.284251022	1	0.990527559	0.50799859	0.308746408	0.0801621785	-5.01003527	0.349005509	0.0934324124	0.000859036096	24.179831
5.29	1.6866131	1.04161642	0.189999658	1.62587953	1.22204281	0.251025259	0.000530077935	0.284852957	1	0.992949115	0.508334136	0.308654785	0.145379089	-4.81933098	0.349913418	0.0621131285	0.00129385753	22.678823
5.3	1.68647894	1.04125937	0.18961797	1.62619838	1.22169547	0.250867647	0.114812715	0.283766246	1	0.995344905	0.508443852	0.308362905	0.277822963	-4.65908171	0.349669663	0.0428401063	0.00171616179	25.143777
5.31	1.6865255	1.04137388	0.189737996	1.62609327	1.22180937	0.250915698	0.0784399101	0.285108419	1	0.997337452	0.50825998	0.3083485	0.421955702	-4.52886048	0.350396888	0.0401485344	0.0021054816	24.514907
5.32	1.6865531	1.04143467	0.189801124	1.62603513	1.22187187	0.250939162	0.05984258	0.286368308	1	0.99902373	0.507880193	0.308553691	0.573273222	-4.40116392	0.351116805	0.0786004994	0.00243436266	25.273022
5.33	1.68657634	1.0414856	0.189850039	1.62598633	1.22192432	0.250958743	0.0449124182	0.287305883	1	1.00043401	0.507341076	0.308924228	0.69551432	-4.25822544	0.351743513	0.0490377948	0.00270402284	25.520509
5.34	1.68659517	1.04152523	0.18988684	1.62594777	1.22196565	0.250973453	0.0336072074	0.287878305	1	1.00155149	0.506632879	0.309552614	0.833969725	-4.12329051	0.352188196	0.0368760381	0.00293422996	21.864312
5.35	1.6866037	1.04154942	0.189913175	1.62592661	1.22198879	0.250984524	0.0257746896	0.285820104	1	1.00243042	0.505815267	0.310289706	0.941929962	-3.96517452	0.351545455	0.0585109043	0.00307895614	21.328144
5.36	1.68661635	1.04157044	0.189933471	1.625904	1.2220126	0.250990442	0.0195708251	0.287207614	1	1.00305141	0.504858233	0.311134474	1.05716677	-3.82677737	0.35195982	0.0406029581	0.00320284547	22.42574
5.37	1.68662638	1.04158928	0.189949371	1.6258848	1.22203301	0.250996673	0.0144899773	0.28814089	1	1.0034982	0.503806006	0.312020484	1.17673968	-3.70094153	0.352362735	0.0418450298	0.00326243561	22.581965
5.38	1.68663353	1.04160102	0.189961406	1.6258721	1.22204637	0.250999919	0.011040935	0.288567663	1	1.00379776	0.502684382	0.312876974	1.30175634	-3.5985229	0.352612609	0.0578013751	0.00327880194	24.959634
5.39	1.68663887	1.04161	0.189970235	1.62586249	1.22205649	0.251002491	0.00838450069	0.288780994	1	1.00396673	0.501517251	0.313627554	1.41119844	-3.5152528	0.352756905	0.0425510395	0.00326543302	24.946335
5.4	1.68664326	1.04161683	0.189976937	1.62585492	1.22206443	0.251004226	0.00637443311	0.288949442	1	1.00401082	0.500323323	0.314218675	1.49767944	-3.45980459	0.352815023	0.0372147847	0.00326738596	23.972823
5.41	1.68664685	1.04162204	0.189982008	1.62584895	1.22207066	0.251005367	0.00485178237	0.289105119	1	1.00392867	0.499107518	0.314601975	1.56268917	-3.43651322	0.352797448	0.0384573867	0.00328989507	23.385803
5.42	1.68664991	1.04162597	0.189985854	1.62584417	1.22207559	0.251005978	0.00370132904	0.289246635	1	1.00373451	0.497890287	0.314668002	1.56955185	-3.44004622	0.352748586	0.0388794363	0.00333618552	24.630004
5.43	1.68665244	1.04162905	0.189988777	1.6258403	1.22207957	0.25100637	0.00282311821	0.289369243	1	1.00345022	0.496685171	0.314488752	1.59103684	-3.49202631	0.352595749	0.0515732367	0.00343481133	22.858756
5.44	1.68665454	1.04163145	0.189991006	1.62583719	1.22208274	0.251006579	0.00215747215	0.289467384	1	1.00309589	0.495472418	0.314065838	1.62531728	-3.58932206	0.352341866	0.0311569395	0.0034795752	24.44405
5.45	1.68665631	1.04163329	0.189992703	1.62583467	1.2220853	0.251006631	0.00165582416	0.289559221	1	1.0026254	0.494201164	0.313407141	1.67621731	-3.71117775	0.352050184	0.0490696874	0.00348672245	26.67913
5.46	1.68665831	1.04163434	0.189994033	1.62583244	1.22208745	0.251005955	0.00130665029	0.289597989	1	1.00244392	0.493606104	0.313606909	1.49930693	-3.62005208	0.352144959	0.0635146194	0.00347533309	25.141097
5.47	1.68665992	1.04163571	0.18999497	1.62583034	1.22208956	0.251005792	0.000999775137	0.289978074	1	1.00234523	0.493148229	0.313813249	1.32734837	-3.55793593	0.352310845	0.0560264809	0.0036567364	24.863517
5.48	1.68666125	1.04163686	0.189995729	1.62582858	1.22209131	0.251005659	0.000764118828	0.290168417	1	1.00211743	0.492676194	0.313934479	1.21667482	-3.53346545	0.352396841	0.040921075	0.00366256537	25.213967
5.49	1.68666115	1.04163743	0.189996645	1.62582833	1.22209165	0.251006134	0.000585885952	0.285805702	1	1.00179339	0.492319219	0.313620042	1.09286719	-3.5925042	0.351266759	0.0342699859	0.00342603604	24.891309
5.5	1.68666345	1.04163852	0.189996604	1.62582583	1.22209404	0.251005284	0.00046941559	0.286372347	1	1.00133226	0.491822868	0.313215985	1.05658697	-3.68138926	0.351125368	0.0271106839	0.00316176677	25.062842
5.51	1.68666429	1.04163891	0.189996932	1.62582491	1.22209492	0.25100496	0.000396398379	0.287492637	1	1.00101117	0.491748922	0.31336704	0.905598842	-3.65942961	0.351319991	0.0371852233	0.00281159829	23.995952
5.52	1.68666501	1.04163955	0.189997185	1.62582396	1.22209587	0.251004901	0.000312800573	0.288506723	1	1.00069113	0.491770287	0.313483917	0.783881026	-3.66582313	0.351490165	0.0232522066	0.00278327341	25.043414
5.53	1.68666568	1.04164009	0.189997404	1.6258231	1.22209673	0.251004813	0.000250550201	0.289066005	1	1.0004329	0.491912008	0.313633386	0.689134455	-3.70473166	0.351483119	0.0499323369	0.00265716699	22.879419
5.54	1.68666628	1.04164058	0.189997558	1.62582233	1.22209749	0.251004734	0.000204235791	0.289352783	1	1.00023735	0.492184976	0.313807573	0.605323207	-3.77996893	0.351292685	0.028430323	0.00245594028	23.173115
5.55	1.68666673	1.04164105	0.189997662	1.62582169	1.22209815	0.25100475	0.000163966779	0.289555433	1	1.00000065	0.492430571	0.313681668	0.550475605	-3.89859432	0.351006983	0.0258708166	0.00232395616	22.009281
5.56	1.68666718	1.04164141	0.189997739	1.62582111	1.22209872	0.25100469	0.000138889844	0.289659677	1	0.999853559	0.49290389	0.31383227	0.471587634	-3.98829465	0.350688638	0.0328196053	0.00197838959	24.274136
5.57	1.68666754	1.0416419	0.189997783	1.62582053	1.22209932	0.251004782	0.000105260284	0.289838005	1	0.99968675	0.493367102	0.313996039	0.444105015	-4.06783701	0.350410918	0.0397768565	0.00182158427	23.4251
5.58	1.68666787	1.04164238	0.189997828	1.62581998	1.2220999	0.251004878	7.74679035e-05	0.289973184	1	0.999440405	0.49368401	0.314076959	0.476820616	-4.19780406	0.350005898	0.0270732273	0.00173961808	25.3171
5.59	1.68666821	1.04164268	0.189997873	1.62581953	1.22210035	0.251004856	6.51726311e-05	0.289975037	1	0.999183748	0.494052738	0.314434955	0.48682097	-4.28141015	0.349621985	0.0418682326	0.00146075999	22.96423
5.6	1.68666852	1.04164306	0.189997889	1.62581905	1.22210084	0.251004905	4.86351316e-05	0.290049211	1	0.999001594	0.494403333	0.314810436	0.510342542	-4.35934326	0.349263723	0.0241755296	0.00138977347	22.272089
5.61	1.68666875	1.04164352	0.189997911	1.6258186	1.22210133	0.251005066	2.5882159e-05	0.290122477	1	0.998740245	0.494589684	0.315124113	0.581655107	-4.47398795	0.348822167	0.0408362452	0.00122608261	22.66249
5.62	1.68666891	1.04164391	0.189997942	1.62581824	1.22210172	0.251005229	1.59726424e-05	0.290111368	1	0.998410352	0.49458134	0.315358688	0.691996467	-4.62464221	0.348264312	0.0571018967	0.0010015213	22.549828
5.63	1.68666901	1.04164426	0.189997968	1.62581796	1.22210203	0.251005405	3.01612987e-05	0.290069611	1	0.998026725	0.494407016	0.315514635	0.831001	-4.80706415	0.347601386	0.0424321359	0.00103420385	25.937771
5.64	1.68666917	1.0416444	0.189997981	1.62581774	1.22210225	0.251005389	4.78113242e-05	0.290028159	1	0.997779305	0.494486025	0.316112059	0.872994169	-4.88167102	0.347111892	0.0330134373	0.00143990253	23.769055
5.65	1.68666933	1.04164476	0.189997972	1.6258174	1.22210262	0.251005537	5.64782722e-05	0.290243151	1	0.997523156	0.494617624	0.316118417	0.90079928	-5.05805473	0.34653222	0.0483518015	0.00166195012	23.646805
5.66	1.68666947	1.04164497	0.189997995	1.62581716	1.22210286	0.251005587	6.80024144e-05	0.290257248	1	0.997384972	0.494918326	0.31647318	0.894649678	-5.12195836	0.346143097	0.0486319816	0.00173089071	20.508973
5.67	1.68666963	1.04164541	0.189997979	1.62581677	1.22210328	0.251005783	7.26711345e-05	0.290387372	1	0.997248274	0.495164019	0.316792382	0.907718413	-5.16856509	0.345870854	0.0488441877	0.00168655938	23.042257
5.68	1.68666977	1.04164582	0.189997985	1.62581642	1.22210368	0.251005977	7.86584584e-05	0.290461416	1	0.997044228	0.495261778	0.316998118	0.945521166	-5.21355512	0.345631449	0.0347407652	0.00163522222	24.493188
5.69	1.68666987	1.04164623	0.189997995	1.62581609	1.22210404	0.251006189	8.70011684e-05	0.290462567	1	0.996805939	0.495246294	0.317103631	1.01739513	-5.27403182	0.34535187	0.0358668936	0.00160193717	24.17032
5.7	1.68667002	1.04164651	0.189998	1.62581581	1.22210434	0.251006279	9.06609528e-05	0.290437062	1	0.996589837	0.49531566	0.317305497	1.04500214	-5.29150396	0.345166618	0.0562341927	0.00166225141	22.99281
5.71	1.68667018	1.04164686	0.189997993	1.62581548	1.2221047	0.251006419	9.41670145e-05	0.290498389	1	0.996380992	0.495382897	0.317469372	1.07163552	-5.30558245	0.345025234	0.0511393684	0.00175800624	23.936847
5.72	1.68667029	1.04164723	0.189997998	1.62581516	1.22210504	0.251006603	9.95369727e-05	0.290561925	1	0.996136283	0.495390186	0.317448872	1.11405439	-5.34635317	0.344846126	0.0517804929	0.0018838795	23.911647
5.73	1.68667043	1.04164752	0.189998004	1.62581488	1.22210534	0.251006709	0.000101935711	0.290569167	1	0.99597092	0.495544499	0.317469928	1.1133403	-5.34526519	0.344769292	0.0890613769	0.0019668147	23.832056
5.74	1.6866706	1.04164789	0.189997995	1.62581453	1.22210573	0.251006849	0.000102146444	0.290643134	1	0.995854218	0.495745438	0.317441842	1.09909968	-5.35335536	0.344679334	0.0951649934	0.00217768579	21.750402
5.75	1.68667077	1.04164822	0.189997995	1.62581419	1.22210608	0.251006962	0.000101624172	0.290709843	1	0.996052192	0.496128224	0.317233534	1.05640506	-5.36284724	0.344610136	0.0654805401	0.00240006221	22.206986
5.76	1.68667092	1.04164872	0.189997987	1.62581378	1.22210654	0.251007211	0.00010454806	0.290766495	1	0.996310996	0.496616816	0.317196039	1.05345736	-5.37374618	0.344511425	0.119661893	0.00275200865	21.66016
5.77	1.68667111	1.04164913	0.189997985	1.62581338	1.22210697	0.251007364	0.000102676709	0.290818884	1	0.99666306	0.497229443	0.317299933	1.02806057	-5.39052153	0.344369565	0.0821611233	0.0021314318	22.119482
5.78	1.68667132	1.04164957	0.189997983	1.62581296	1.22210742	0.251007525	0.000100567867	0.290839306	1	0.997018704	0.497873015	0.317646205	1.03575729	-5.38657216	0.344240912	0.0688684662	0.00218056619	21.08301
5.79	1.68667154	1.04165002	0.189997978	1.62581251	1.2221079	0.251007689	9.816912e-05	0.290830805	1	0.997394942	0.498534885	0.318318282	1.06095124	-5.34298776	0.344158924	0.0678337181	0.00220129474	21.331936
5.8	1.68667193	1.04165032	0.189997972	1.62581202	1.22210838	0.251007622	7.92723198e-05	0.290860304	1	0.997730965	0.499415394	0.318823969	0.965276698	-5.35170848	0.343976541	0.0568845847	0.00221372618	22.443695
5.81	1.68667198	1.04165029	0.189998369	1.625812	1.2221084	0.251007571	6.04855095e-05	0.285151197	1	0.998164997	0.500382067	0.319845659	0.930531575	-5.2739287	0.342822419	0.0943556639	0.00218147632	21.7123
5.82	1.68667283	1.04165165	0.189997808	1.62581051	1.22210996	0.251007931	6.84138577e-05	0.285297786	1	0.998630002	0.501394969	0.321312973	0.880762598	-5.14360235	0.342826165	0.0413697152	0.00143096346	23.414207
5.83	1.68667314	1.04165209	0.18999779	1.62581	1.22211049	0.251008025	6.7787692e-05	0.2865987	1	0.999177484	0.502526735	0.323165101	0.82574127	-4.96394729	0.343181819	0.0359664596	0.00252136955	25.633885
5.84	1.68667359	1.04165264	0.189997836	1.62580931	1.2221112	0.251008093	6.24948313e-05	0.287580375	1	0.999831331	0.503793785	0.32538372	0.719107767	-4.75766729	0.343535651	0.0484951969	0.00289925	23.077004
5.85	1.68667418	1.04165336	0.189997889	1.62580841	1.22211212	0.251008183	6.78091948e-05	0.288060719	1	1.00058796	0.505196134	0.32792427	0.581939828	-4.52611574	0.343811957	0.0269285818	0.00272233159	22.848967
5.86	1.68667469	1.04165453	0.18999796	1.62580731	1.22211331	0.251008654	0.000102673159	0.288299561	1	1.0014899	0.506492189	0.330175915	0.549264816	-4.35547704	0.34393034	0.023684156	0.00252596815	22.081701
5.87	1.68667543	1.0416553	0.189997992	1.62580626	1.22211438	0.251008675	0.000113413795	0.288292816	1	1.0024925	0.507940826	0.332850166	0.446843138	-4.14657088	0.343977524	0.056978139	0.00226093146	21.208291
5.88	1.68667619	1.0416563	0.189998018	1.62580506	1.22211562	0.25100884	0.000135225456	0.288310545	1	1.00356219	0.509471826	0.335744773	0.32178672	-3.91150256	0.344041321	0.0687509852	0.00227760287	23.588617
5.89	1.68667697	1.04165753	0.189998064	1.6258037	1.22211705	0.251009158	0.00016477389	0.288333419	1	1.004799	0.511127141	0.338634837	0.225741181	-3.7040669	0.344020526	0.102125533	0.00236441065	23.745435
5.9	1.68667786	1.04165882	0.189998122	1.62580222	1.22211859	0.251009444	0.00019316617	0.288288693	1	1.00616548	0.512882512	0.341485126	0.144764069	-3.52542371	0.343901617	0.0533503147	0.00248059852	23.938353
5.91	1.68667884	1.04166017	0.189998179	1.62580063	1.22212024	0.251009707	0.000220488594	0.288180948	1	1.00767009	0.514754636	0.344275554	0.0636251885	-3.37768463	0.343607947	0.0302255014	0.0026592428	22.294538
5.92	1.68667989	1.04166163	0.189998236	1.62579893	1.22212201	0.251009995	0.000247923871	0.288038464	1	1.00928361	0.516710409	0.346979959	-0.0179780022	-3.25477502	0.343124371	0.0510162351	0.00290670797	21.910351
5.93	1.68668103	1.04166314	0.189998291	1.62579711	1.22212388	0.251010259	0.00027411453	0.287874733	1	1.01098739	0.518722859	0.349598754	-0.111516094	-3.14903628	0.342584636	0.0269231256	0.00320592737	28.571017
5.94	1.68668221	1.0416648	0.189998348	1.62579519	1.22212589	0.251010596	0.000302147828	0.287699056	1	1.0127568	0.520760444	0.352125611	-0.200798956	-3.04913702	0.34202637	0.0442675399	0.00352735922	22.866886
5.95	1.68668353	1.04166657	0.189998429	1.62579308	1.22212807	0.251010915	0.000336300128	0.287522291	1	1.01460292	0.522843133	0.354539351	-0.290433912	-2.96465873	0.341428495	0.0313182638	0.00391006116	23.089349
5.96	1.68668495	1.04166851	0.189998544	1.62579079	1.22213045	0.251011284	0.00037852996	0.287336803	1	1.01650127	0.524941403	0.356840751	-0.369918453	-2.88667772	0.340814752	0.0310345595	0.00429824845	22.936521
5.97	1.68668457	1.04166808	0.189998684	1.62579134	1.22212988	0.251011244	0.000245201056	0.283943807	1	1.01845181	0.52704484	0.359015334	-0.407362806	-2.7864561	0.339344376	0.0508340144	0.00474216192	23.447638
5.98	1.68668654	1.04167175	0.189998268	1.62578759	1.22213387	0.251012453	0.000358185265	0.285126742	1	1.02037767	0.528970353	0.360769866	-0.38579013	-2.73889443	0.338964263	0.0474290064	0.00531438608	23.840588
5.99	1.68668844	1.0416741	0.189998627	1.62578466	1.22213687	0.251012765	0.000444250351	0.286064413	1	1.02223222	0.53082757	0.362581687	-0.376136888	-2.63601842	0.338773137	0.0585567979	0.00604481944	21.471192
6	1.68669006	1.0416768	0.189998559	1.62578177	1.22213993	0.251013526	0.000364385351	0.286542563	1	1.0240172	0.532615195	0.364346371	-0.360916513	-2.50324262	0.33860004	0.0276989571	0.00653411948	24.270545
6.01	1.6866923	1.04167962	0.189999098	1.62577829	1.22214351	0.251013946	0.000516565512	0.286754658	1	1.02572895	0.534345359	0.366087056	-0.337944302	-2.33905113	0.338450737	0.041022095	0.00690582021	27.16874
6.02	1.68663607	1.04122805	0.189498823	1.62608993	1.22178444	0.250734398	0.204126117	0.28651284	1	1.02734914	0.536115451	0.367452848	-0.398076476	-2.22323938	0.338024748	0.0375866211	0.0072036298	23.527097
6.03	1.68725275	1.0428817	0.188098841	1.62461711	1.22338981	0.25146764	0.332081286	0.287198282	1	1.02886255	0.537806973	0.368723824	-0.346739076	-2.06990568	0.337799212	0.0241291748	0.00717052754	23.358927
6.04	1.68712154	1.04253046	0.1886748	1.62493008	1.22304866	0.251312057	0.21686487	0.287636126	1	1.03026834	0.539438402	0.369920843	-0.322816257	-1.89843738	0.337786061	0.0416133733	0.00611707221	24.403057
6.05	1.68706304	1.04237244	0.188992229	1.62507046	1.22289556	0.251241686	0.165520279	0.287631524	1	1.03158634	0.541011129	0.370995083	-0.280459561	-1.71332449	0.33768896	0.0372539186	0.00680723526	24.681165
6.06	1.68701625	1.04224559	0.189239043	1.62518302	1.22277277	0.251185076	0.124168284	0.287415666	1	1.03280294	0.54252206	0.371934983	-0.236959842	-1.51820774	0.337573581	0.0559034619	0.00718444574	23.256192
6.07	1.68698144	1.04215074	0.189424502	1.62526703	1.2226811	0.25114262	0.0931674268	0.287201368	1	1.03390101	0.543959554	0.372732634	-0.192825407	-1.30808418	0.337515388	0.029924127	0.00743403941	23.882683
6.08	1.68695568	1.04207992	0.189564406	1.62532959	1.2226128	0.251110759	0.069905298	0.287045249	1	1.03488109	0.545321885	0.373369158	-0.144457126	-1.0855177	0.337547556	0.0351339666	0.0075723029	22.503662
6.09	1.68693729	1.04202824	0.189669345	1.6253749	1.22256325	0.251087223	0.0527404988	0.28693957	1	1.0357937	0.546648814	0.373769641	-0.0880119469	-0.87578346	0.337618898	0.0615756475	0.00762929884	24.610519
6.1	1.68692464	1.0419912	0.189748274	1.62540695	1.22252812	0.25106997	0.0401440138	0.286843048	1	1.03663306	0.547917097	0.373937139	-0.00498426323	-0.670077453	0.33759007	0.0610169987	0.00766188799	22.696936
6.11	1.68691613	1.04196424	0.189807885	1.62542971	1.22250304	0.251056929	0.0307716147	0.286772692	1	1.03740507	0.549141403	0.373955943	0.022101481	-0.511070004	0.337130073	0.0599899845	0.00777731981	24.332794
6.12	1.6869104	1.04194464	0.189853252	1.6254459	1.22248512	0.251047121	0.0237216373	0.286671811	1	1.03807539	0.550306966	0.373807268	0.0338433748	-0.392883336	0.336636869	0.0389878933	0.00757402349	26.021548
6.13	1.6869066	1.04193035	0.18988783	1.62545739	1.22247233	0.2510397	0.0183683817	0.28657368	1	1.03865943	0.551426868	0.373462309	0.0384719437	-0.309225159	0.336123185	0.038215009	0.00732521301	21.231204
6.14	1.68690127	1.04191689	0.189913945	1.62546963	1.22245904	0.251033956	0.0140491031	0.284231529	1	1.03920427	0.55252501	0.372884432	0.0708971699	-0.238019074	0.335589366	0.0378334785	0.00711213218	22.619591
6.15	1.68690008	1.04190993	0.189933248	1.62547469	1.22245329	0.251029873	0.0109124822	0.286112977	1	1.0396708	0.553566524	0.372136125	0.0727893619	-0.208123916	0.335774019	0.0218016918	0.0071898468	25.021033
6.16	1.68690018	1.04190525	0.189949174	1.62547737	1.22245004	0.25102649	0.0086218792	0.287210252	1	1.04007909	0.554573565	0.371244796	0.0683285019	-0.206225832	0.335688618	0.0563622664	0.00706768714	22.184585
6.17	1.68690029	1.04190176	0.189961124	1.62547934	1.22244765	0.25102394	0.00681096978	0.287683911	1	1.04040271	0.555516105	0.370285074	0.0696378823	-0.206472677	0.335351373	0.0459064002	0.00689775536	22.580404
6.18	1.68690033	1.04189891	0.189969949	1.62548098	1.22244567	0.251021899	0.00534680571	0.287972327	1	1.04062551	0.556385198	0.369276023	0.0751615226	-0.207375326	0.334930225	0.030246076	0.00680595543	22.629872
6.19	1.68690061	1.04189701	0.189976674	1.62548188	1.22244452	0.251020363	0.00421554946	0.288229419	1	1.04073346	0.557158704	0.368205778	0.0865723441	-0.206872946	0.334546414	0.0397388452	0.00672985165	22.399024
6.2	1.68690115	1.04189585	0.189981806	1.62548213	1.22244408	0.25101916	0.00334266361	0.288463254	1	1.04072182	0.557824811	0.367095277	0.104249181	-0.198449306	0.334245322	0.0265887282	0.00664548034	23.370016
6.21	1.68690189	1.04189528	0.189985729	1.62548186	1.22244421	0.251018232	0.0026711367	0.288663807	1	1.04060841	0.558397364	0.365908074	0.132699551	-0.17241207	0.33405914	0.0562965658	0.00654629414	24.41232
6.22	1.68690284	1.04189515	0.189988725	1.62548118	1.22244478	0.251017468	0.00215429762	0.288833802	1	1.04041496	0.558873005	0.364667187	0.174321544	-0.121194809	0.333988733	0.0332983616	0.00643402008	22.593071
6.23	1.68690394	1.04189532	0.18999101	1.62548019	1.22244568	0.251016813	0.00175545578	0.288982062	1	1.04016991	0.55921411	0.363506605	0.213141383	-0.0745049726	0.333948016	0.0357372359	0.00636478569	24.241139
6.24	1.68690505	1.04189566	0.189992741	1.62547909	1.22244671	0.251016266	0.00144148372	0.289089053	1	1.03988188	0.559459677	0.362400691	0.256933463	-0.0457325766	0.333899536	0.04201902	0.00630295139	22.448161
6.25	1.68690618	1.04189604	0.189994029	1.62547796	1.22244777	0.251015734	0.00118851118	0.289159986	1	1.03952343	0.559603905	0.361460353	0.286071307	-0.0120344791	0.333879014	0.0469075016	0.00616169334	23.799817
6.26	1.68690736	1.04189652	0.18999501	1.62547672	1.22244894	0.25101524	0.000991746569	0.289324712	1	1.03913831	0.559679267	0.359908605	0.274945212	-0.11522959	0.333771388	0.0386215514	0.00583253523	22.985882
6.27	1.68690843	1.041897	0.189995757	1.62547557	1.22245005	0.251014822	0.000833126043	0.289290103	1	1.03861863	0.559614089	0.358754272	0.270606009	-0.169205469	0.333682593	0.0313227881	0.00500451345	22.615921
6.28	1.68690952	1.04189744	0.189996286	1.62547443	1.22245113	0.251014366	0.000704359636	0.289331255	1	1.03799721	0.559431072	0.357921997	0.247574812	-0.190819114	0.333676358	0.0217844712	0.00434798841	24.268051
6.29	1.6869106	1.04189789	0.189996686	1.62547329	1.22245221	0.251013919	0.000601901943	0.289412126	1	1.03728448	0.559161823	0.357377663	0.204112311	-0.180110221	0.333759851	0.0402546561	0.00371486071	24.81507
6.3	1.68691166	1.04189838	0.189996989	1.62547215	1.2224533	0.251013516	0.000521504065	0.289501598	1	1.03650694	0.55884764	0.357119313	0.1485784	-0.155727823	0.333870096	0.0299938224	0.00314838719	22.018716
6.31	1.68691269	1.04189888	0.189997216	1.62547102	1.22245438	0.251013142	0.000456626849	0.289573089	1	1.03569137	0.558499116	0.357131768	0.087337535	-0.115658478	0.33399485	0.0220377349	0.00259633946	21.566503
6.32	1.68691373	1.04189935	0.189997385	1.6254699	1.22245545	0.251012736	0.000404141671	0.289646666	1	1.03480173	0.558122484	0.357237546	0.00805527563	-0.0309369344	0.334225904	0.0417707526	0.00217393829	22.643208
6.33	1.68691475	1.04189994	0.18999751	1.62546873	1.22245659	0.251012434	0.000366216152	0.289724539	1	1.03389614	0.557726726	0.357646722	-0.0569061656	0.0348186553	0.334393167	0.0346352255	0.00211467454	22.648715
6.34	1.68691447	1.04189971	0.189998015	1.6254691	1.22245623	0.251012473	0.000276955801	0.285746571	1	1.03298829	0.557332155	0.358280736	-0.105144454	0.114862528	0.333853083	0.0410861639	0.0019738039	23.745824
6.35	1.68691615	1.0419006	0.189997445	1.62546721	1.22245805	0.251011914	0.00026529565	0.286927256	1	1.03204397	0.556928269	0.359202145	-0.180508304	0.170386905	0.334171805	0.0481343126	0.0018759066	24.358461
6.36	1.68691704	1.04190104	0.18999755	1.62546624	1.22245899	0.251011591	0.000244468658	0.288086303	1	1.03103439	0.556464013	0.36028858	-0.243516071	0.260318197	0.33470679	0.0387277771	0.00251200222	21.588198
6.37	1.6869179	1.04190161	0.189997643	1.6254652	1.22246	0.251011395	0.000233561325	0.288865879	1	1.03012171	0.555952266	0.361207765	-0.254695865	0.247922817	0.334977665	0.0361489477	0.00292936432	22.765378
6.38	1.68691871	1.04190199	0.189997716	1.62546433	1.22246084	0.251011085	0.000215688977	0.289259251	1	1.02917615	0.555445536	0.362300095	-0.297065686	0.243597504	0.335114711	0.0224396797	0.00350535574	22.445874
6.39	1.6869195	1.04190235	0.18999775	1.62546347	1.22246165	0.251010776	0.000198802802	0.289564727	1	1.02825845	0.554962806	0.363426703	-0.345947915	0.230602345	0.335197548	0.0405448608	0.00425693532	25.60171
6.4	1.68692027	1.04190275	0.18999777	1.62546262	1.22246248	0.251010519	0.000185284618	0.289833859	1	1.0273978	0.554484436	0.364558788	-0.382349086	0.204941168	0.335252776	0.0423390124	0.00495135789	24.239608
6.41	1.68692106	1.04190315	0.189997787	1.62546174	1.22246332	0.251010246	0.000176005805	0.290059427	1	1.02659053	0.553990492	0.36568535	-0.404575508	0.184190932	0.335324952	0.0410126802	0.00552177926	23.183898
6.42	1.68692189	1.0419036	0.189997799	1.62546081	1.22246422	0.251009971	0.000171616998	0.290254753	1	1.02584277	0.553479326	0.366739247	-0.406714918	0.165895917	0.335417085	0.0446478458	0.00584072303	24.131058
6.43	1.68692284	1.041904	0.189997816	1.6254598	1.22246519	0.251009584	0.000172208494	0.290425572	1	1.02511021	0.552956773	0.367622566	-0.437413155	0.16827726	0.335573856	0.0511781203	0.0055161364	21.965237
6.44	1.68692379	1.04190451	0.189997826	1.62545873	1.22246621	0.251009272	0.000175707363	0.290566805	1	1.02442714	0.552423304	0.368481432	-0.467052351	0.164420968	0.335703742	0.0320996951	0.00498615902	24.652421
6.45	1.68692476	1.04190499	0.189997839	1.62545767	1.22246724	0.251008932	0.000178926189	0.290678569	1	1.02377061	0.55187311	0.369284409	-0.508633784	0.153782021	0.335822889	0.0348443381	0.0046619787	24.999329
6.46	1.68692574	1.04190547	0.189997851	1.62545659	1.22246827	0.251008571	0.00018223218	0.290769894	1	1.02313264	0.551324233	0.370053575	-0.570877811	0.132912817	0.335924846	0.0389740693	0.00447789916	22.96714
6.47	1.68692671	1.04190596	0.18999786	1.62545552	1.22246931	0.251008235	0.000184563273	0.290844874	1	1.02252676	0.550795684	0.370814221	-0.642097128	0.104687996	0.336004235	0.0362956756	0.00443606904	23.358871
6.48	1.68692768	1.04190646	0.189997867	1.62545444	1.22247034	0.251007901	0.000186734564	0.290910747	1	1.02196042	0.550275495	0.371634867	-0.716938227	0.0787173923	0.336073669	0.04920414	0.00445412008	22.773397
6.49	1.68692864	1.041907	0.189997872	1.62545335	1.2224714	0.251007606	0.000189077615	0.290980127	1	1.02143553	0.54977441	0.37249021	-0.782864851	0.0519058593	0.336135033	0.0143619292	0.00450099378	21.508856
6.5	1.68692959	1.04190759	0.189997879	1.62545223	1.22247249	0.251007346	0.000192184429	0.291050295	1	1.02097875	0.549301371	0.373338949	-0.826483873	0.00806144667	0.336155591	0.0339371745	0.00451972508	24.432457
6.51	1.68693062	1.0419081	0.189997889	1.6254511	1.22247358	0.251006981	0.000196091195	0.291115021	1	1.02056518	0.548863712	0.374066527	-0.888127939	-0.0266982708	0.336183419	0.0342919476	0.00449416175	23.103045
6.52	1.68693163	1.04190874	0.189997899	1.6254499	1.22247475	0.25100672	0.000202068581	0.291177379	1	1.02023645	0.548482398	0.37479568	-0.92538743	-0.0866107018	0.335949314	0.0260205948	0.00434466896	21.488617
6.53	1.68693263	1.04190938	0.189997911	1.62544873	1.22247591	0.251006467	0.000206369647	0.291224608	1	1.01998424	0.548167057	0.375471478	-0.948315647	-0.166296205	0.335659492	0.0335785605	0.00420405214	21.175463
6.54	1.68693242	1.04190927	0.189998322	1.62544895	1.22247569	0.251006535	0.000154742793	0.287197177	1	1.01982856	0.547901893	0.376122865	-0.917513508	-0.236634627	0.334484168	0.0429203373	0.00404249973	22.801183
6.55	1.68693421	1.04191055	0.189997729	1.62544676	1.22247785	0.251006172	0.000190211495	0.288137445	1	1.01968182	0.547583531	0.37684446	-0.86420815	-0.322410561	0.33426189	0.0510628028	0.00370924886	21.088323
6.56	1.68693515	1.04191115	0.189997758	1.62544565	1.22247894	0.251005937	0.000191607046	0.289374571	1	1.01953231	0.547210448	0.377602556	-0.781803891	-0.397593076	0.334271557	0.0364921984	0.00360309083	21.800536
6.57	1.68693629	1.04191166	0.189997834	1.62544442	1.22248011	0.251005492	0.000201888134	0.290230967	1	1.01929858	0.546871626	0.378020788	-0.773436188	-0.533456248	0.334177104	0.0484137462	0.00346316948	21.556324
6.58	1.68693726	1.0419123	0.189997892	1.62544327	1.22248124	0.251005256	0.000207293006	0.29062092	1	1.01905461	0.54644763	0.378609371	-0.718908917	-0.626103581	0.334058048	0.0357777308	0.003515705	23.00512
6.59	1.68693824	1.04191293	0.189997908	1.6254421	1.22248239	0.251005013	0.000210885547	0.290917725	1	1.01881583	0.54595513	0.379286065	-0.642982425	-0.694780181	0.333948092	0.0282321791	0.0034921072	22.670502
6.6	1.68693927	1.0419135	0.189997919	1.62544093	1.22248352	0.251004682	0.000213578265	0.291186509	1	1.0185834	0.54541144	0.379985059	-0.575817281	-0.74372151	0.333873169	0.0340007417	0.00343629729	22.676997
6.61	1.68694022	1.04191424	0.189997933	1.62543972	1.22248472	0.251004537	0.000218716079	0.291447203	1	1.01839778	0.54474392	0.380411169	-0.442561766	-0.829689463	0.333776762	0.0409206453	0.00336789532	20.059855
6.62	1.68694131	1.04191479	0.189997949	1.62543852	1.22248587	0.251004158	0.000221848116	0.291601814	1	1.01816941	0.544011177	0.380867278	-0.365020256	-0.868291455	0.333761858	0.035803186	0.00317063331	21.329688
6.63	1.68694246	1.04191535	0.189997954	1.62543726	1.22248708	0.251003734	0.000227065271	0.291755478	1	1.01790095	0.543237781	0.381272985	-0.322451239	-0.868067229	0.333863417	0.0389587123	0.00304064383	22.48099
6.64	1.68694365	1.04191595	0.189997962	1.62543595	1.22248835	0.251003317	0.000234234476	0.291910279	1	1.01760596	0.542440339	0.381603074	-0.312814113	-0.847011685	0.334044287	0.0268223	0.00289853684	21.907297
6.65	1.68694486	1.04191658	0.189997975	1.6254346	1.22248964	0.25100291	0.000241703907	0.292045757	1	1.01729969	0.541648396	0.381827992	-0.332012345	-0.814147366	0.334276441	0.0364888105	0.00281145451	23.526928
6.66	1.68694606	1.04191725	0.189997988	1.62543323	1.22249097	0.251002539	0.000249114706	0.292163197	1	1.01700353	0.540858383	0.38194379	-0.365751392	-0.784504144	0.334515951	0.037685413	0.00278846534	24.899719
6.67	1.68694724	1.04191796	0.189998	1.62543186	1.22249231	0.251002205	0.000255245481	0.292257617	1	1.01672308	0.540066273	0.381968354	-0.400828639	-0.756990393	0.334759126	0.03695103	0.00280504689	23.773221
6.68	1.6869484	1.0419187	0.189998011	1.62543049	1.22249366	0.251001907	0.000260564667	0.292346236	1	1.01647721	0.539276585	0.381876282	-0.425763502	-0.741499874	0.334984159	0.031086211	0.00280939053	23.161113
6.69	1.68694956	1.04191945	0.189998021	1.62542911	1.222495	0.251001613	0.000264954727	0.292429763	1	1.01626008	0.538484277	0.381640577	-0.443152797	-0.739106766	0.335196516	0.0391264398	0.00273353554	22.902108
6.7	1.68695074	1.04192017	0.189998029	1.62542773	1.22249635	0.251001292	0.000268666166	0.292504042	1	1.01604049	0.537663389	0.381269914	-0.472101562	-0.714140255	0.335479088	0.0407628573	0.00260544505	22.218743
6.71	1.6869519	1.04192101	0.189998037	1.6254263	1.22249776	0.251001066	0.000273780595	0.292592855	1	1.01585337	0.536848935	0.380828698	-0.474607395	-0.7008703	0.335747101	0.0217463966	0.00241633771	22.372182
6.72	1.68695303	1.04192183	0.189998047	1.6254249	1.22249914	0.251000846	0.000276787306	0.292667024	1	1.01567806	0.536027207	0.380358122	-0.463129479	-0.687507154	0.336016763	0.0241825147	0.00217468485	25.217365
6.73	1.68695418	1.04192263	0.189998052	1.62542351	1.22250051	0.251000596	0.0002791644	0.292734733	1	1.01548903	0.535196513	0.379876776	-0.445404745	-0.663812185	0.336293733	0.0349841275	0.00197296024	24.508073
6.74	1.68695535	1.04192339	0.189998055	1.62542211	1.22250188	0.251000305	0.000281552491	0.292804086	1	1.0152481	0.534342006	0.379375322	-0.435405964	-0.608051877	0.336671424	0.0651736413	0.00185025689	22.527263
6.75	1.68695659	1.04192413	0.189998058	1.62542068	1.22250328	0.250999954	0.000284893149	0.292885642	1	1.01497566	0.533493075	0.378895319	-0.462179763	-0.541927674	0.337070599	0.0225625982	0.00181030833	23.107854
6.76	1.68695777	1.0419249	0.189998062	1.62541927	1.22250466	0.250999667	0.000286536154	0.292949298	1	1.01466125	0.532656756	0.378458639	-0.499558651	-0.45932209	0.337499365	0.0366280352	0.0018866033	21.874348
6.77	1.68695893	1.04192572	0.189998074	1.62541785	1.22250605	0.250999425	0.000288441586	0.293100211	1	1.01433764	0.531846987	0.377310532	-0.568141092	-0.506222053	0.337737548	0.0326674907	0.00193812085	23.368409
6.78	1.68695866	1.04192555	0.189998444	1.62541816	1.22250575	0.25099949	0.000216491813	0.289159745	1	1.01392018	0.531035436	0.376339651	-0.597601881	-0.469480251	0.337161971	0.0312956503	0.00199357909	23.725357
6.79	1.68696061	1.04192704	0.189997891	1.62541571	1.22250818	0.250999165	0.000257997908	0.289962368	1	1.01340851	0.530220793	0.375483535	-0.637339617	-0.437330926	0.337540807	0.0327232694	0.00190121122	23.648533
6.8	1.6869614	1.04192772	0.189997871	1.62541467	1.22250922	0.250999089	0.000243979171	0.291272887	1	1.01283816	0.529390512	0.374743289	-0.650935698	-0.391918501	0.338161562	0.0388073125	0.00175180023	23.794423
6.81	1.68696222	1.04192844	0.189997918	1.62541358	1.22251031	0.250999022	0.000240251965	0.292173065	1	1.01224702	0.528596111	0.374091038	-0.652081584	-0.355257675	0.33870596	0.0354822992	0.00153605914	22.554764
6.82	1.68696302	1.04192915	0.189997955	1.62541252	1.22251138	0.250998956	0.000236429023	0.292678755	1	1.01167113	0.527889122	0.373503123	-0.652230288	-0.34032254	0.339079629	0.0458416121	0.00114474538	22.358604
6.83	1.68696372	1.04192988	0.189997966	1.62541153	1.22251239	0.250998973	0.000229972771	0.292998756	1	1.01109343	0.527231265	0.372832914	-0.626599031	-0.326580656	0.339410525	0.0466838047	0.00084033232	22.85994
6.84	1.68696443	1.04193056	0.189997961	1.62541055	1.22251337	0.250998955	0.000223550159	0.293261524	1	1.01053794	0.526627873	0.372194792	-0.593270731	-0.344711134	0.339609068	0.0507647351	0.00062063584	22.836606
6.85	1.68696505	1.04193121	0.189997953	1.62540967	1.22251427	0.25099898	0.000213685746	0.293462531	1	1.01000721	0.526064912	0.37166356	-0.542479973	-0.367612679	0.339741024	0.0511318664	0.000506286254	23.107858
6.86	1.6869657	1.04193177	0.189997939	1.62540881	1.22251513	0.250998921	0.000203406084	0.293643162	1	1.00947764	0.525521112	0.37123099	-0.516298826	-0.370630191	0.339885976	0.0305955487	0.000570045266	23.213303
6.87	1.6869663	1.04193244	0.189997928	1.62540793	1.22251602	0.250998964	0.000197482108	0.293801452	1	1.00895433	0.524994944	0.370955092	-0.455317262	-0.378619229	0.339987506	0.0298677859	0.000674570501	21.810473
6.88	1.68696687	1.04193307	0.18999792	1.6254071	1.22251687	0.250999003	0.000190129084	0.293916691	1	1.00843063	0.524465993	0.370868736	-0.383759638	-0.373428327	0.340074001	0.028924573	0.000881042765	24.373941
6.89	1.68696748	1.04193364	0.189997909	1.62540628	1.2225177	0.250998981	0.000182468027	0.294013503	1	1.00789599	0.523942974	0.370948547	-0.323040816	-0.362850441	0.340132702	0.0301117578	0.00112021174	23.727132
6.9	1.68696817	1.04193405	0.189997905	1.62540547	1.22251849	0.25099878	0.000171578767	0.29413856	1	1.00728094	0.523543614	0.37077065	-0.376596315	-0.425947884	0.34003273	0.036906763	0.00135742114	24.974963
6.91	1.68696863	1.04193459	0.189997906	1.62540478	1.22251919	0.250998835	0.000160031893	0.294127519	1	1.00665256	0.52315383	0.370782337	-0.385306661	-0.45815542	0.33993568	0.0220271992	0.00149175501	22.67761
6.92	1.68696914	1.04193513	0.189997888	1.62540405	1.22251993	0.250998862	0.000151527385	0.294178015	1	1.00603007	0.522795117	0.370899984	-0.401693121	-0.474476421	0.339857946	0.039184188	0.00168517172	25.456321
6.93	1.68696956	1.04193582	0.189997885	1.62540331	1.22252072	0.25099905	0.000148715998	0.294292903	1	1.00549421	0.522411546	0.370757102	-0.342808216	-0.551775143	0.339691311	0.0241750184	0.00181711018	21.875254
6.94	1.68697005	1.04193628	0.189997883	1.62540264	1.22252139	0.250999028	0.000138340314	0.29433552	1	1.00498125	0.522075246	0.370697699	-0.338938886	-0.599385715	0.339554931	0.0481703684	0.00204301266	22.271467
6.95	1.68697062	1.04193673	0.18999787	1.62540192	1.22252211	0.250998942	0.000131320268	0.294408502	1	1.004462	0.521736	0.370659781	-0.381444051	-0.592375497	0.339576551	0.0438034058	0.00203076562	23.605908
6.96	1.68697119	1.04193731	0.189997861	1.62540112	1.22252292	0.250998951	0.000132966851	0.29450613	1	1.00394697	0.521425271	0.370694347	-0.389978858	-0.552369029	0.339712311	0.0283975445	0.00176382912	22.343683
6.97	1.6869718	1.04193786	0.189997858	1.62540029	1.22252375	0.250998911	0.000135381689	0.294609327	1	1.00348746	0.521180985	0.370757824	-0.408517386	-0.52711105	0.339813104	0.0463239923	0.00149198212	23.377275
6.98	1.6869724	1.04193839	0.189997863	1.6253995	1.22252455	0.250998864	0.000135680186	0.294668991	1	1.00306383	0.520993265	0.370830115	-0.431438369	-0.506685771	0.339896411	0.0436970707	0.00131516124	26.619193
6.99	1.686973	1.04193893	0.189997866	1.62539869	1.22252535	0.250998812	0.000136446278	0.294705628	1	1.00266568	0.52084815	0.370939736	-0.455738987	-0.495638805	0.339943938	0.0296539444	0.00120831323	23.01186
7	1.68697362	1.04193942	0.189997869	1.6253979	1.22252614	0.250998724	0.000135395149	0.294730005	1	1.00230143	0.520770003	0.371081811	-0.491904452	-0.486974899	0.339970251	0.034846514	0.00121916354	23.963569
7.01	1.68697424	1.04193993	0.18999787	1.6253971	1.22252694	0.250998643	0.000135478571	0.294762448	1	1.0019679	0.520772212	0.371211294	-0.533696986	-0.485113656	0.339978796	0.0341091665	0.00129205238	24.599758
7.02	1.68697486	1.04194047	0.189997872	1.62539628	1.22252776	0.250998587	0.000137160271	0.294794747	1	1.00163542	0.520811634	0.371321053	-0.564552598	-0.455422862	0.340079312	0.0424079784	0.00137910048	24.622435
7.03	1.6869756	1.04194098	0.189997874	1.62539539	1.22252864	0.250998425	0.000141316948	0.294845035	1	1.00128912	0.520912869	0.371443566	-0.615404387	-0.427035606	0.340183241	0.0367338556	0.00142511686	24.29315
7.04	1.68697627	1.04194153	0.189997879	1.62539452	1.2225295	0.250998345	0.00014539492	0.294877252	1	1.00096163	0.521059903	0.371535736	-0.661105743	-0.407943786	0.340263814	0.0430374868	0.00156127921	25.008447
7.05	1.68697695	1.04194208	0.189997885	1.62539364	1.22253037	0.250998247	0.000148642458	0.294895101	1	1.00064589	0.521245735	0.371583783	-0.704174392	-0.393096031	0.340337123	0.0226360179	0.00164764584	24.02447
7.06	1.68697768	1.0419426	0.18999789	1.62539275	1.22253126	0.250998103	0.000151556246	0.294920351	1	1.00033199	0.521455547	0.371502735	-0.768092246	-0.359402405	0.34048906	0.0448725377	0.00170215072	23.757785
7.07	1.68697841	1.04194323	0.189997895	1.62539179	1.22253222	0.250998031	0.000158838615	0.294963226	1	1.00004118	0.521695809	0.371287073	-0.799367181	-0.32042715	0.34069701	0.0299129609	0.00183505088	25.238104
7.08	1.68697918	1.04194387	0.189997904	1.62539079	1.22253321	0.250997936	0.000166444262	0.295005523	1	0.999759297	0.521929871	0.371004943	-0.814060515	-0.270893046	0.340952956	0.0321413571	0.00185129057	25.080001
7.09	1.68697997	1.04194452	0.189997915	1.62538977	1.22253423	0.250997837	0.00017396463	0.295046786	1	0.999507686	0.522167769	0.370619767	-0.817186151	-0.219078643	0.341235574	0.0249148099	0.00183069072	23.386232
7.1	1.68698077	1.04194519	0.189997926	1.62538872	1.22253528	0.250997748	0.000181337985	0.295081027	1	0.999302561	0.522399021	0.370154846	-0.807105599	-0.160483345	0.341549024	0.0306494818	0.00181007815	24.37788
7.11	1.68698162	1.04194586	0.189997937	1.62538765	1.22253634	0.250997622	0.000188423027	0.295117198	1	0.999132735	0.52261152	0.369608746	-0.793981644	-0.0887281183	0.34191867	0.0363232093	0.00182347343	23.157251
7.12	1.68698248	1.04194655	0.189997948	1.62538654	1.22253744	0.250997499	0.000195975925	0.295149362	1	0.998981846	0.522807363	0.369069312	-0.774622785	-0.0166690532	0.342288322	0.0390077877	0.00195830991	24.91713
7.13	1.68698332	1.04194724	0.189997958	1.62538546	1.22253852	0.250997393	0.000200936312	0.295158003	1	0.998860989	0.522972189	0.368648468	-0.754721692	0.0487445723	0.342609443	0.0645673869	0.00205778443	25.550323
7.14	1.68698409	1.04194792	0.189997962	1.62538444	1.22253955	0.250997326	0.000202777981	0.295149286	1	0.998783574	0.523085969	0.368355127	-0.71973502	0.106812682	0.342877435	0.047350176	0.00208816284	21.932951
7.15	1.6869849	1.04194848	0.189997966	1.62538345	1.22254052	0.250997154	0.000200874633	0.295182956	1	0.998722985	0.523280782	0.367763095	-0.736109995	0.0547935934	0.34290574	0.0317899557	0.00201033923	22.817635
7.16	1.68698474	1.04194834	0.189998364	1.62538366	1.22254031	0.250997174	0.000150936943	0.290534335	1	0.99869895	0.523356449	0.367348917	-0.673137644	0.0743984235	0.342120445	0.0314721476	0.0019138378	21.927984
7.17	1.68698639	1.04194967	0.189997833	1.62538155	1.22254241	0.250996939	0.000192019368	0.290896459	1	0.998640262	0.523363007	0.367006966	-0.652804266	0.120582069	0.342262562	0.0389543147	0.00187565133	24.242665
7.18	1.68698693	1.04195016	0.189997785	1.62538082	1.22254315	0.250996907	0.000171979769	0.292219623	1	0.998588296	0.523314982	0.366867158	-0.615530809	0.152815796	0.342651628	0.0597340436	0.00182493409	24.542475
7.19	1.68698742	1.04195081	0.189997839	1.62538004	1.22254395	0.250997021	0.00016805033	0.293189409	1	0.998591982	0.523153799	0.36666663	-0.508215201	0.121292996	0.342894758	0.0417643291	0.00172244236	22.542177
7.2	1.68698799	1.04195132	0.189997888	1.62537928	1.22254471	0.250996976	0.000162961214	0.293625982	1	0.998550673	0.522896768	0.366674323	-0.44280267	0.118205788	0.34305142	0.0334283642	0.00104746667	24.273106
7.21	1.6869886	1.0419518	0.1899979	1.6253785	1.22254549	0.250996885	0.000157365561	0.293861513	1	0.998477	0.52257603	0.366804372	-0.394624112	0.133415211	0.343165864	0.0206094923	0.000553788245	22.36137
7.22	1.68698916	1.0419523	0.189997898	1.62537776	1.22254623	0.250996844	0.000150615448	0.294053756	1	0.998395533	0.522220955	0.367035868	-0.35374363	0.152214578	0.343241879	0.0291497968	0.000298694801	21.04096
7.23	1.68698969	1.0419528	0.189997894	1.62537704	1.22254696	0.250996825	0.000143454299	0.294228978	1	0.998287808	0.521836413	0.36735012	-0.310282852	0.174705149	0.343303819	0.0328323021	0.000343386789	22.021496
7.24	1.68699021	1.0419533	0.189997891	1.62537632	1.22254768	0.25099681	0.000137120407	0.294376122	1	0.998178148	0.52144504	0.367729433	-0.261776434	0.185945705	0.343314744	0.0191053846	0.000533896139	21.901513
7.25	1.6869907	1.0419538	0.189997891	1.62537563	1.22254838	0.250996813	0.000130922785	0.294493787	1	0.998128167	0.521095923	0.36802653	-0.202361724	0.158517871	0.343219541	0.0612760666	0.000766646841	23.975801
7.26	1.68699118	1.04195429	0.189997891	1.62537496	1.22254907	0.250996824	0.000125149938	0.294577841	1	0.998111632	0.520728295	0.368167615	-0.132437458	0.136675172	0.34316236	0.0414666307	0.000988322772	23.29798
7.27	1.68699172	1.04195479	0.189997886	1.62537422	1.2225498	0.250996788	0.000123141866	0.294658949	1	0.998135233	0.52041641	0.368231764	-0.0549518493	0.0914441341	0.343045859	0.0356657287	0.0010246669	25.376818
7.28	1.68699227	1.04195525	0.189997884	1.62537351	1.22255051	0.250996733	0.000119838924	0.294726111	1	0.99815757	0.520131767	0.368175343	-0.00107917655	0.0572170228	0.342967528	0.0310015274	0.00106628456	23.503914
7.29	1.6869928	1.04195581	0.189997881	1.62537275	1.22255129	0.250996755	0.000121847588	0.294782887	1	0.998189256	0.519870672	0.368153798	0.0757701842	0.0127204336	0.342852274	0.0314684241	0.000992135973	23.42577
7.3	1.68699331	1.04195635	0.189997881	1.62537202	1.22255203	0.250996769	0.000121274933	0.294825105	1	0.998238961	0.519624128	0.368143545	0.159705788	-0.0393070008	0.342701246	0.0315172183	0.00104192405	26.853157
7.31	1.68699382	1.04195687	0.189997881	1.6253713	1.22255276	0.250996778	0.000120354833	0.294858898	1	0.998317831	0.519405158	0.368136709	0.24386507	-0.0975761252	0.342517807	0.0178609448	0.00118962322	24.812095
7.32	1.68699435	1.04195738	0.18999788	1.62537057	1.22255349	0.250996766	0.00011925968	0.294893747	1	0.998421948	0.519223978	0.36809906	0.312808536	-0.160577264	0.342314846	0.0301635256	0.00139348388	22.421028
7.33	1.68699488	1.0419579	0.189997879	1.62536984	1.22255424	0.250996756	0.000119097598	0.294922922	1	0.998523402	0.519056403	0.368080195	0.362069888	-0.214041718	0.342123494	0.0241524346	0.00157423757	25.174389
7.34	1.68699542	1.04195844	0.189997878	1.62536909	1.222555	0.250996754	0.000120169968	0.294953747	1	0.998637763	0.518901738	0.368075597	0.393263464	-0.254645033	0.341956885	0.0243248119	0.00171518969	24.776439
7.35	1.68699598	1.04195898	0.189997877	1.62536831	1.22255578	0.250996749	0.000122613905	0.294990667	1	0.998750726	0.518752314	0.368066043	0.406503205	-0.27425049	0.341846895	0.0320206902	0.00179868584	26.181211
7.36	1.68699648	1.0419597	0.189997885	1.62536749	1.22255664	0.250996904	0.000131103609	0.295056599	1	0.998910299	0.518528667	0.367786454	0.474664367	-0.341809636	0.34167887	0.0480061346	0.00182271542	25.995961
7.37	1.68699639	1.04195957	0.189998303	1.62536763	1.22255649	0.250996874	9.79944714e-05	0.290219323	1	0.999055069	0.518285428	0.367616769	0.512744442	-0.366160808	0.340603775	0.0332912328	0.00212856365	24.445255
7.38	1.68699775	1.04196092	0.189997772	1.62536574	1.2225584	0.250996865	0.000140872652	0.290471462	1	0.999141044	0.517998223	0.367560528	0.520740668	-0.395197256	0.340356554	0.0258952614	0.00239873349	22.698654
7.39	1.68699816	1.04196135	0.189997737	1.62536516	1.22255899	0.25099688	0.000118662252	0.291822201	1	0.999170946	0.517686971	0.367595851	0.517893651	-0.400830719	0.340500401	0.0425127819	0.00232757653	24.231724
7.4	1.68699869	1.04196177	0.189997788	1.62536448	1.22255966	0.250996803	0.000114086652	0.292910384	1	0.999089795	0.517462714	0.367326505	0.424945919	-0.454091529	0.340610579	0.0400739444	0.00246878892	22.918421
7.41	1.68699913	1.0419624	0.189997851	1.62536375	1.22256043	0.250996934	0.000120291223	0.293404914	1	0.998906324	0.517103888	0.36720802	0.404214495	-0.394312508	0.340913624	0.0430528132	0.00214395432	22.219745
7.42	1.68699973	1.04196312	0.189997868	1.62536284	1.22256136	0.250997015	0.000132920246	0.293723508	1	0.998670746	0.516714617	0.367329844	0.400402506	-0.325477738	0.341134016	0.0443088418	0.00203781703	24.903646
7.43	1.68700026	1.04196371	0.189997879	1.62536207	1.22256214	0.250997063	0.000134194641	0.293948961	1	0.998359072	0.51630137	0.367631157	0.389077321	-0.248266239	0.341303128	0.0415255743	0.00219646603	24.767069
7.44	1.68700075	1.04196427	0.189997884	1.62536134	1.22256289	0.250997113	0.000132428522	0.294125779	1	0.997983274	0.515882039	0.368107638	0.372844035	-0.165816923	0.341427321	0.0270228358	0.00233573916	22.317479
7.45	1.68700122	1.04196482	0.189997887	1.62536064	1.22256361	0.250997168	0.000129346003	0.294284452	1	0.997593734	0.5155002	0.368584223	0.343069124	-0.0992493787	0.341487696	0.0635744941	0.00247062589	24.5233
7.46	1.68700168	1.04196535	0.189997889	1.62535995	1.22256431	0.250997219	0.000125687544	0.294395038	1	0.99715139	0.515148712	0.369147643	0.317343753	-0.0445424902	0.34148582	0.0387679347	0.00257907902	23.695613
7.47	1.68700213	1.04196585	0.18999789	1.62535929	1.22256499	0.250997257	0.000120263951	0.294465127	1	0.996648349	0.514805536	0.36984847	0.273383358	0.0144947807	0.341449441	0.0442112818	0.00272354961	23.577071
7.48	1.6870026	1.0419663	0.189997886	1.62535865	1.22256563	0.250997234	0.000112607533	0.294524742	1	0.996065005	0.51448212	0.370639165	0.184314878	0.0744996676	0.341387932	0.0564189869	0.00283411405	25.17676
7.49	1.68700301	1.04196683	0.189997889	1.62535801	1.22256629	0.250997324	0.000109446322	0.29459576	1	0.99556931	0.514200491	0.371222861	0.111427142	0.0528698126	0.341128654	0.0361776531	0.00283995748	22.869081
7.5	1.68700337	1.04196731	0.1899979	1.62535744	1.22256689	0.250997408	0.000103006296	0.294600795	1	0.994966575	0.513905787	0.371824128	0.00796769271	0.0409621098	0.34087176	0.0881942676	0.00308903826	23.120391
7.51	1.68700377	1.04196774	0.189997896	1.62535686	1.22256748	0.25099743	9.52062896e-05	0.294624028	1	0.994316115	0.513643737	0.37239097	-0.101453055	0.0178231438	0.340595334	0.0292426136	0.00315155564	23.18395
7.52	1.68700416	1.04196816	0.189997894	1.6253563	1.22256805	0.250997447	8.75065926e-05	0.294666946	1	0.993622004	0.513419266	0.372897202	-0.220842077	-0.0067888274	0.340336199	0.0362223914	0.00319649856	24.246133
7.53	1.68700455	1.04196859	0.189997891	1.62535572	1.22256863	0.250997478	8.22508001e-05	0.294722796	1	0.992899542	0.51322296	0.373361712	-0.340050091	-0.0206966066	0.34012431	0.0312771711	0.00317234754	23.039317
7.54	1.68700494	1.04196906	0.189997888	1.62535513	1.22256924	0.250997537	8.07572392e-05	0.294792079	1	0.992169486	0.513034713	0.37378301	-0.43899502	-0.0137787296	0.339992608	0.0583590232	0.00308986701	22.074547
7.55	1.68700537	1.04196953	0.189997882	1.62535451	1.22256988	0.250997564	7.97536099e-05	0.294875951	1	0.991453901	0.512863038	0.374150257	-0.530213792	0.0120520462	0.339937756	0.0276604797	0.00295212343	24.674444
7.56	1.68700582	1.04197002	0.189997877	1.62535386	1.22257054	0.250997594	8.08925187e-05	0.294960368	1	0.990768748	0.512745628	0.374462356	-0.605602532	0.0397903335	0.339910257	0.0286187879	0.00274160841	24.603698
7.57	1.68700626	1.04197054	0.189997877	1.6253532	1.22257122	0.250997654	8.42038993e-05	0.295035618	1	0.990145383	0.512677817	0.374692523	-0.669451722	0.0589305057	0.339877958	0.0274040299	0.00253370188	24.998824
7.58	1.68700669	1.04197108	0.18999788	1.62535253	1.22257191	0.250997724	8.81663402e-05	0.295096933	1	0.989583302	0.512635435	0.374819309	-0.709138095	0.0485971703	0.339791265	0.0536667742	0.00232395876	24.375906
7.59	1.68700712	1.04197159	0.189997885	1.62535188	1.22257257	0.250997785	8.97518759e-05	0.295126685	1	0.98907935	0.512592628	0.374899646	-0.728247157	0.0105758093	0.339639691	0.033239804	0.00220307928	23.9567
7.6	1.68700707	1.0419715	0.189998303	1.62535197	1.22257247	0.25099775	6.7318306e-05	0.290030471	1	0.988689513	0.512577072	0.374877845	-0.674972606	-0.0206735011	0.33860273	0.0369764935	0.00215147131	23.499982
7.61	1.68700824	1.04197281	0.189997772	1.62535026	1.22257423	0.250997855	0.000109439662	0.290125002	1	0.988391872	0.512547527	0.374839533	-0.64596775	-0.0897348094	0.338251833	0.0301675153	0.00241356683	22.212577
7.62	1.68700863	1.04197315	0.189997738	1.62534974	1.22257474	0.250997817	8.60703775e-05	0.29154626	1	0.988179289	0.512503501	0.374831165	-0.610814146	-0.175974823	0.338260045	0.0379103883	0.00189241896	23.260764
7.63	1.68700905	1.04197353	0.189997794	1.62534917	1.22257531	0.250997793	7.98129962e-05	0.29267246	1	0.988041731	0.512427299	0.374869592	-0.570969417	-0.266903173	0.338311938	0.023185551	0.00183410758	23.386817
7.64	1.6870096	1.04197393	0.189997849	1.6253485	1.22257598	0.250997683	8.11713817e-05	0.29327016	1	0.987951976	0.512378447	0.374840615	-0.55144803	-0.33718328	0.338343021	0.0372632923	0.00165143854	22.273439
7.65	1.6870102	1.0419744	0.189997877	1.62534774	1.22257673	0.250997589	8.85376032e-05	0.293565543	1	0.987890345	0.512268183	0.374939548	-0.522072347	-0.404507576	0.338290119	0.0398138214	0.0014188006	25.392199
7.66	1.68701077	1.04197482	0.189997888	1.62534703	1.22257744	0.25099749	9.03629768e-05	0.293759924	1	0.987857104	0.512106229	0.375091495	-0.490154815	-0.457908855	0.338214954	0.0337128702	0.00137635133	22.75491
7.67	1.68701146	1.04197515	0.189997903	1.62534627	1.22257816	0.250997227	9.12300188e-05	0.293985548	1	0.987784711	0.511985291	0.374931402	-0.552998259	-0.569061552	0.338034399	0.0314369596	0.00136088515	24.486957
7.68	1.68701197	1.04197554	0.189997912	1.62534563	1.2225788	0.250997146	8.8907316e-05	0.294075327	1	0.98768671	0.511777178	0.374942862	-0.546997663	-0.618938184	0.337981105	0.0201164182	0.00168545049	26.36218
7.69	1.68701255	1.04197601	0.1899979	1.62534489	1.22257953	0.250997071	9.25862312e-05	0.294211919	1	0.987626234	0.511541247	0.375060219	-0.504386432	-0.646317256	0.337994632	0.0453879212	0.00184085906	24.830921
7.7	1.68701306	1.0419766	0.189997901	1.62534413	1.22258031	0.250997124	9.88535688e-05	0.294382795	1	0.987688458	0.511227848	0.374952763	-0.354219511	-0.726852167	0.337948186	0.0608555722	0.00191715883	24.198307
7.71	1.68701372	1.04197693	0.189997912	1.6253434	1.22258102	0.250996895	9.88240691e-05	0.29444425	1	0.987749009	0.510900077	0.375087793	-0.247722234	-0.764700625	0.337958517	0.0638459095	0.00176385605	22.804507
7.72	1.68701443	1.04197731	0.189997913	1.62534261	1.22258178	0.250996656	0.000102335376	0.29450351	1	0.987789806	0.510543913	0.375390102	-0.133098402	-0.755633491	0.3380943	0.0410362482	0.00197906257	23.287643
7.73	1.68701524	1.04197766	0.189997918	1.62534174	1.22258261	0.250996337	0.000109196281	0.294582494	1	0.987827582	0.510192902	0.37576997	-0.0340498717	-0.710794573	0.338340943	0.0564431535	0.00225707944	24.792785
7.74	1.68701611	1.04197804	0.189997927	1.62534082	1.22258348	0.250995989	0.000118591587	0.294657282	1	0.98785852	0.509854505	0.376178432	0.0465986229	-0.625781054	0.33871381	0.0341797867	0.00262129327	24.752897
7.75	1.68701703	1.04197846	0.189997937	1.62533983	1.22258443	0.250995637	0.000130747288	0.294726131	1	0.987876231	0.509511662	0.376540893	0.124225201	-0.503547881	0.339219344	0.0544651079	0.00304600795	22.427603
7.76	1.68701805	1.04197889	0.189997952	1.62533875	1.22258546	0.250995212	0.000145695416	0.294784134	1	0.987893081	0.509196223	0.376815892	0.184652411	-0.355849915	0.339823503	0.0361914102	0.00343428293	22.377412
7.77	1.6870191	1.04197938	0.189997967	1.62533761	1.22258655	0.250994817	0.000160802096	0.294826467	1	0.987914484	0.508926176	0.377001633	0.247831793	-0.206039289	0.34045079	0.0293872732	0.0038267064	22.006849
7.78	1.68702017	1.04197987	0.189997984	1.62533645	1.22258766	0.25099441	0.000174462539	0.294843016	1	0.987947159	0.508702255	0.377111268	0.310839754	-0.0596082114	0.341069832	0.0168322804	0.00408513492	23.261851
7.79	1.68702127	1.04198037	0.189998002	1.62533527	1.22258879	0.250993986	0.000186886741	0.294844834	1	0.987980677	0.508533011	0.377137678	0.361310778	0.0795006814	0.341664027	0.0348641078	0.0042200529	21.428398
7.8	1.68702237	1.0419809	0.189998019	1.62533408	1.22258993	0.250993585	0.00019736765	0.294842232	1	0.988038858	0.50844673	0.377034161	0.399501345	0.181819455	0.342154524	0.041228892	0.00426483662	22.945957
7.81	1.68702344	1.0419814	0.189998034	1.62533291	1.22259105	0.250993181	0.000204538936	0.29482039	1	0.988067514	0.5084108	0.376803985	0.413474572	0.276093152	0.342618147	0.0451679364	0.00418773796	22.240776
7.82	1.68702451	1.04198195	0.189998044	1.62533172	1.22259219	0.25099281	0.000211061756	0.294802959	1	0.98806602	0.508421668	0.376465577	0.408517828	0.357645478	0.343045592	0.0160059028	0.00409578836	23.820036
7.83	1.68702554	1.04198251	0.189998052	1.62533056	1.22259332	0.250992481	0.000215188224	0.294786071	1	0.988018735	0.508469507	0.376071084	0.387469882	0.407925807	0.34337262	0.04904204	0.00394966473	21.711059
7.84	1.68702648	1.04198307	0.189998056	1.62532947	1.22259438	0.25099221	0.000214361804	0.294752786	1	0.987926457	0.508545248	0.375642195	0.355093188	0.429636137	0.343595621	0.0216939935	0.00369384923	22.10777
7.85	1.68702627	1.04198297	0.189998431	1.6253297	1.22259416	0.250992289	0.000161008219	0.29015134	1	0.987869116	0.508636315	0.375116834	0.357039331	0.468804313	0.342844924	0.0494364626	0.00335955925	22.717847
7.86	1.68702824	1.04198433	0.189997942	1.62532731	1.22259652	0.250991859	0.000211034125	0.290421035	1	0.987759129	0.50870083	0.374612321	0.356125432	0.4656796	0.342931837	0.0308524749	0.00318850574	23.271294
7.87	1.68702881	1.04198479	0.189997873	1.62532658	1.22259724	0.250991784	0.000185115374	0.291784217	1	0.987641121	0.508738058	0.374089885	0.370542706	0.446634651	0.343272466	0.0405868939	0.00256880939	23.658507
7.88	1.68702944	1.04198529	0.189997913	1.62532577	1.22259804	0.250991686	0.000176656888	0.292823681	1	0.987511619	0.508778574	0.373444094	0.373121804	0.443573152	0.34367362	0.0402937589	0.00209219977	22.846697
7.89	1.68703018	1.04198594	0.189997963	1.62532479	1.22259903	0.250991623	0.000179966088	0.293377657	1	0.987374992	0.508785434	0.372759647	0.399759337	0.440481852	0.344001522	0.0372721566	0.00165687495	22.212537
7.9	1.68703089	1.04198659	0.189997988	1.62532384	1.22259999	0.250991581	0.000181241486	0.293659385	1	0.987223113	0.508749406	0.372039729	0.433858087	0.437799789	0.344261628	0.0286146951	0.00129224015	21.389659
7.91	1.68703156	1.0419872	0.18999799	1.62532294	1.22260089	0.25099154	0.000178970996	0.293851143	1	0.987038157	0.508652061	0.371354838	0.467131537	0.444138942	0.344496451	0.0301191651	0.00112095453	25.248327
7.92	1.68703218	1.04198779	0.189997982	1.62532209	1.22260174	0.250991515	0.000174688013	0.294025778	1	0.986841506	0.508486897	0.370751336	0.498085805	0.46515724	0.34473062	0.0534258753	0.00110110015	23.879737
7.93	1.68703286	1.04198826	0.189997976	1.62532126	1.22260256	0.250991374	0.000168295224	0.294227343	1	0.986641021	0.508413269	0.369911659	0.442037853	0.392809943	0.344726369	0.0568021226	0.00120941512	23.845634
7.94	1.68703331	1.04198875	0.189997975	1.62532061	1.22260323	0.2509914	0.000154796956	0.294276905	1	0.986422692	0.508276734	0.369303032	0.418029147	0.351400395	0.3447081	0.0281012913	0.00101303008	22.373401
7.95	1.68703378	1.04198931	0.189997957	1.6253199	1.22260395	0.250991461	0.00014619487	0.294349128	1	0.986232717	0.508098091	0.368918042	0.396486511	0.335778094	0.344702491	0.0324081384	0.00103239487	23.69412
7.96	1.68703415	1.04199002	0.189997952	1.62531918	1.22260472	0.250991705	0.000143077791	0.294476336	1	0.986130782	0.5077983	0.368408679	0.475520926	0.268337613	0.344599208	0.039032606	0.00117508691	22.841646
7.97	1.68703459	1.04199045	0.189997944	1.62531857	1.22260533	0.250991697	0.000130208179	0.29451432	1	0.986026046	0.507428451	0.36817793	0.497140801	0.255838567	0.344557603	0.0263018644	0.00164822129	22.076527
7.98	1.6870351	1.04199089	0.189997926	1.6253179	1.22260601	0.250991646	0.000121934301	0.294578502	1	0.985913266	0.507015462	0.368155817	0.488142577	0.310408957	0.344682662	0.0522777208	0.00177677096	21.635635
7.99	1.68703569	1.04199134	0.18999791	1.62531716	1.22260674	0.250991549	0.00011857622	0.294673782	1	0.985782334	0.506607183	0.368352714	0.43879574	0.397055274	0.344882667	0.0483630087	0.00159262682	21.66561
8	1.68703624	1.04199181	0.189997905	1.62531644	1.22260746	0.250991496	0.000116639355	0.294752687	1	0.985680028	0.506223024	0.368657535	0.368720472	0.490877505	0.345092687	0.0387087649	0.00117427271	22.277879
8.01	1.68703678	1.04199229	0.189997904	1.62531571	1.22260819	0.250991448	0.000115458484	0.294801106	1	0.985633503	0.505875986	0.368985667	0.292035507	0.580236395	0.345282142	0.051508751	0.000704262342	21.755795
8.02	1.68703734	1.04199277	0.189997904	1.62531498	1.22260892	0.250991396	0.000114853977	0.294821494	1	0.985660017	0.505579229	0.369360426	0.208707787	0.648482628	0.345395105	0.0345442534	0.000376561986	24.395883
8.03	1.68703795	1.04199317	0.189997907	1.62531426	1.22260963	0.250991239	0.000112111241	0.294836874	1	0.985683963	0.505337329	0.369635169	0.0711127683	0.745668995	0.345593382	0.027032686	0.000295125369	23.936339
8.04	1.68703852	1.04199375	0.189997905	1.62531345	1.22261045	0.250991249	0.00011833931	0.294867345	1	0.985796775	0.505161404	0.369862501	-0.0440537044	0.805818751	0.345713695	0.0443585535	0.000501114725	25.123589
8.05	1.68703908	1.04199427	0.189997909	1.62531269	1.22261121	0.250991221	0.00011973852	0.294873474	1	0.985973283	0.505050506	0.370045761	-0.152569139	0.836576017	0.345761665	0.0442500278	0.000748169822	23.19048
8.06	1.68703899	1.04199417	0.189998321	1.62531283	1.22261107	0.250991216	8.98452258e-05	0.289907392	1	0.986243685	0.505025052	0.370125734	-0.241343826	0.8538009	0.344774987	0.0291789057	0.00105639127	22.487564
8.07	1.68704055	1.04199541	0.189997823	1.62531084	1.22261305	0.250990986	0.000135133787	0.2900193	1	0.986534473	0.505052762	0.370118809	-0.345616444	0.826370903	0.344634202	0.0326009043	0.00164881579	23.447644
8.08	1.68704102	1.04199576	0.189997776	1.62531024	1.22261364	0.250990904	0.000112358039	0.291397298	1	0.986836818	0.505115981	0.370024985	-0.443700516	0.774859577	0.344786403	0.0482378842	0.00192757743	24.560245
8.09	1.68704152	1.04199622	0.189997828	1.62530957	1.22261431	0.250990874	0.000109602724	0.292466776	1	0.987177988	0.505171677	0.369890525	-0.493788094	0.7034298	0.344909052	0.0862667576	0.00250060115	24.471218
8.1	1.68704211	1.04199675	0.189997886	1.62530879	1.2226151	0.250990836	0.00011655183	0.293007058	1	0.98754883	0.505207446	0.369742172	-0.496823415	0.626715057	0.344936538	0.0360937714	0.00265145622	24.12844
8.11	1.68704277	1.04199723	0.189997916	1.62530797	1.22261591	0.250990708	0.000121614055	0.293255841	1	0.987907465	0.505225964	0.369684261	-0.477787384	0.547836306	0.344865113	0.0479735769	0.00272158309	23.591853
8.12	1.6870434	1.04199769	0.189997925	1.62530719	1.22261668	0.250990588	0.000122107541	0.293415936	1	0.988250119	0.505232792	0.369728885	-0.443738275	0.465062481	0.34471848	0.0519769922	0.00274950686	23.755973
8.13	1.687044	1.04199812	0.189997927	1.62530645	1.22261741	0.250990468	0.000120160869	0.293561018	1	0.988530071	0.505207527	0.369851081	-0.398822988	0.395148979	0.344571093	0.0455983859	0.00271653071	23.025019
8.14	1.68704461	1.04199856	0.189997926	1.6253057	1.22261815	0.250990344	0.000119014944	0.293692286	1	0.988727899	0.505156447	0.370068322	-0.354317781	0.338758961	0.344430617	0.0248761825	0.00260240476	22.913118
8.15	1.6870453	1.04199893	0.189997934	1.62530493	1.2226189	0.250990121	0.000117625719	0.293826149	1	0.988845024	0.505196599	0.370099775	-0.386827069	0.222675226	0.344142543	0.0376120981	0.00248263442	22.931572
8.16	1.68704582	1.04199934	0.189997938	1.62530427	1.22261955	0.250990041	0.000111638862	0.293837997	1	0.988811533	0.505183793	0.370298956	-0.383299055	0.157491776	0.343925656	0.0360876212	0.00266593857	22.760289
8.17	1.68704624	1.04199999	0.189997933	1.62530354	1.22262032	0.250990203	0.000112804793	0.293911575	1	0.988744328	0.505054216	0.370280596	-0.272749007	0.0747355167	0.343714682	0.0495150527	0.0025061755	24.775675
8.18	1.68704677	1.04200043	0.189997926	1.62530285	1.222621	0.250990143	0.000109112806	0.293951769	1	0.988591628	0.504885125	0.370358738	-0.222038208	0.0658709856	0.343667175	0.0359585321	0.00188015874	22.427705
8.19	1.68704735	1.04200096	0.189997913	1.62530207	1.22262179	0.250990104	0.000112555736	0.294031075	1	0.98831883	0.50466157	0.370595221	-0.158700173	0.111875632	0.343767753	0.0286647233	0.00145268706	27.675999
8.2	1.68704791	1.04200155	0.189997909	1.62530127	1.2226226	0.250990132	0.000117647406	0.294128297	1	0.987973095	0.504417455	0.370845227	-0.0839953021	0.176726912	0.343936781	0.0537812831	0.00106775438	25.287806
8.21	1.68704845	1.04200215	0.18999791	1.62530048	1.2226234	0.250990164	0.000122131417	0.294195525	1	0.98758661	0.504163319	0.371114629	-0.000459231596	0.246334386	0.344115108	0.0399736569	0.000805344654	22.339867
8.22	1.68704899	1.04200272	0.189997912	1.62529971	1.22262419	0.250990184	0.000124633408	0.294234746	1	0.987193904	0.503921385	0.371388981	0.0789083754	0.308401365	0.344261499	0.0286739124	0.000775920326	22.393117
8.23	1.68704951	1.04200331	0.189997914	1.62529895	1.22262497	0.250990238	0.000126773169	0.294266572	1	0.986751517	0.503633142	0.371580493	0.172127865	0.403477457	0.344523263	0.0263739159	0.000924377906	22.811336
8.24	1.68705012	1.04200387	0.189997912	1.62529812	1.2226258	0.250990201	0.000130359242	0.294310899	1	0.986273258	0.50332587	0.371799271	0.238387258	0.490672539	0.344760745	0.0337269854	0.000981461491	22.663587
8.25	1.68705068	1.04200439	0.189997914	1.62529736	1.22262657	0.25099018	0.000129728651	0.294336961	1	0.985769846	0.503016416	0.371997663	0.28167836	0.574288655	0.344980977	0.0261502146	0.00106466256	23.149505
8.26	1.68705122	1.04200493	0.189997915	1.62529661	1.22262733	0.250990172	0.000128846296	0.294358368	1	0.985251244	0.50270756	0.372158875	0.303458	0.643673284	0.345159055	0.031742733	0.00111980538	22.671845
8.27	1.68705173	1.04200546	0.189997916	1.62529588	1.22262806	0.250990186	0.000126698398	0.294380956	1	0.984711749	0.502394619	0.372205818	0.311488702	0.700343681	0.3453183	0.0433866041	0.00115307092	24.611214
8.28	1.68705224	1.04200597	0.189997916	1.62529517	1.22262878	0.25099019	0.00012370588	0.294403993	1	0.984163779	0.502088165	0.37214819	0.309402946	0.737034334	0.345435082	0.0379452796	0.00113189246	22.997028
8.29	1.68705269	1.0420065	0.189997917	1.62529449	1.22262948	0.250990244	0.000120657278	0.294432622	1	0.983618804	0.501771837	0.371927993	0.31927091	0.765241002	0.345557031	0.0365017622	0.00111810831	23.446886
8.3	1.68705318	1.04200701	0.189997915	1.6252938	1.22263018	0.250990261	0.000117153798	0.294466048	1	0.983063998	0.50144203	0.371655922	0.317467583	0.768964122	0.345613383	0.0266712129	0.00110800676	25.4195
8.31	1.68705361	1.04200747	0.189997914	1.62529318	1.22263081	0.250990278	0.00010974562	0.29448134	1	0.982503533	0.501092566	0.371409929	0.30695241	0.75701881	0.345600833	0.047455376	0.00115983036	24.178832
8.32	1.68705354	1.04200736	0.189998325	1.6252933	1.22263069	0.250990256	8.27984382e-05	0.289313767	1	0.981956361	0.500736612	0.371193105	0.295580875	0.761283365	0.344602625	0.0278612503	0.00130995491	24.553168
8.33	1.68705466	1.04200865	0.189997804	1.62529163	1.22263239	0.250990376	0.00011826229	0.289345292	1	0.981435787	0.50033484	0.370981237	0.288173791	0.738815479	0.344433127	0.0580106626	0.00185516964	25.01807
8.34	1.68705498	1.042009	0.189997764	1.62529117	1.22263287	0.250990396	9.0616721e-05	0.290817048	1	0.980965901	0.499947099	0.370681265	0.258013277	0.725094631	0.344653156	0.0359364773	0.00171572667	26.536441
8.35	1.68705531	1.04200948	0.189997818	1.62529062	1.22263344	0.250990499	8.71434845e-05	0.29202309	1	0.980582746	0.49954448	0.370411549	0.250387854	0.69435715	0.344848016	0.0295172685	0.00199991078	29.043751
8.36	1.6870557	1.04200996	0.189997877	1.62529002	1.22263405	0.250990563	8.74565984e-05	0.292652007	1	0.980266048	0.499128684	0.370174725	0.22821168	0.653655113	0.34490579	0.0446221761	0.00208795361	28.464098
8.37	1.68705611	1.04201043	0.189997906	1.62528942	1.22263467	0.250990606	8.64042552e-05	0.292949613	1	0.979987716	0.498690197	0.369972476	0.185312748	0.613283553	0.344864832	0.0294437061	0.00214489802	28.439816
8.38	1.6870565	1.04201089	0.189997916	1.62528882	1.22263528	0.250990657	8.43682166e-05	0.293156318	1	0.979715413	0.498223976	0.369811108	0.12952767	0.596011779	0.344837794	0.0355089888	0.00218006774	24.795773
8.39	1.6870569	1.04201139	0.189997917	1.62528821	1.22263591	0.250990727	8.41086215e-05	0.293377942	1	0.979487853	0.497760164	0.36961982	0.0739571835	0.577806042	0.344810833	0.0553664553	0.00210770717	26.308643
8.4	1.68705736	1.04201176	0.189997919	1.62528762	1.2226365	0.250990666	7.64020088e-05	0.293614475	1	0.97922016	0.497369445	0.36914682	-0.0649599921	0.504431015	0.344682769	0.0306176007	0.00195539356	24.151651
8.41	1.68705772	1.04201219	0.18999793	1.62528708	1.22263706	0.250990716	7.32207349e-05	0.293721789	1	0.978898966	0.496912098	0.368788323	-0.163054231	0.499097828	0.344708651	0.0387412401	0.00159166459	25.570595
8.42	1.68705816	1.04201267	0.189997918	1.62528644	1.2226377	0.25099074	7.38797918e-05	0.293853894	1	0.978545234	0.496437688	0.368603506	-0.26179653	0.534636618	0.344828823	0.0486293426	0.00125824921	23.463734
8.43	1.68705852	1.04201327	0.189997923	1.62528579	1.22263839	0.250990913	8.30840646e-05	0.294020086	1	0.978232456	0.495854317	0.368239016	-0.26957545	0.516065669	0.344862557	0.0291141255	0.000993091492	22.16893
8.44	1.68705891	1.04201366	0.18999793	1.62528525	1.22263894	0.250990909	7.57312143e-05	0.294069538	1	0.977858149	0.495255034	0.368115568	-0.314745516	0.540102151	0.344934687	0.0301473637	0.00106209974	22.021945
8.45	1.68705934	1.04201404	0.189997924	1.62528468	1.22263951	0.250990878	6.93451333e-05	0.294132271	1	0.977460898	0.494683602	0.368141047	-0.374449783	0.584701586	0.345038936	0.0226851217	0.0010352679	23.390762
8.46	1.68705974	1.04201446	0.18999792	1.62528411	1.22264009	0.250990893	6.65231586e-05	0.29421583	1	0.977071188	0.494151885	0.368235248	-0.426511876	0.637537569	0.345162853	0.0250150848	0.00101854986	25.003738
8.47	1.68706013	1.04201488	0.189997919	1.62528354	1.22264067	0.250990913	6.4729332e-05	0.29429687	1	0.976725885	0.493691873	0.368364489	-0.468145704	0.689857753	0.345281349	0.0291438798	0.00101493567	23.068315
8.48	1.68706053	1.04201532	0.189997918	1.62528296	1.22264126	0.250990935	6.39532883e-05	0.294362062	1	0.976428802	0.493301655	0.368549223	-0.499435275	0.738399009	0.345376218	0.0175630063	0.00098729439	32.732729
8.49	1.68706096	1.04201572	0.189997918	1.62528238	1.22264184	0.250990915	6.11924058e-05	0.294421271	1	0.976151141	0.492990198	0.368697373	-0.554581356	0.799164217	0.345503915	0.0244735112	0.000955792711	36.419217
8.5	1.68706137	1.04201622	0.189997918	1.62528175	1.22264249	0.250990985	6.62321475e-05	0.294466657	1	0.975931516	0.492766905	0.368884663	-0.576430933	0.837585543	0.345560337	0.0354565347	0.000822291691	21.701551
8.51	1.68706175	1.04201671	0.189997923	1.62528116	1.2226431	0.250991064	6.95183586e-05	0.294485035	1	0.975753265	0.492601759	0.369150882	-0.576461835	0.859473367	0.345545359	0.0316664353	0.000771382834	25.781094
8.52	1.68706212	1.0420172	0.189997927	1.62528056	1.22264371	0.250991141	7.18540689e-05	0.294504611	1	0.975624698	0.492486615	0.369323042	-0.554081506	0.875012265	0.345539687	0.0412717185	0.000841840778	26.007698
8.53	1.68706255	1.04201764	0.189997926	1.62527996	1.22264433	0.250991148	7.06417082e-05	0.294519073	1	0.975571031	0.492498379	0.369494222	-0.541578459	0.826500285	0.345337917	0.0487460858	0.000815999396	27.588309
8.54	1.68706252	1.04201756	0.189998334	1.62528003	1.22264425	0.250991114	5.31126814e-05	0.28917473	1	0.975559465	0.492588344	0.369712269	-0.522801758	0.783845605	0.344143898	0.073209977	0.000972428361	25.664672
8.55	1.68706361	1.04201878	0.189997832	1.62527843	1.22264588	0.250991205	9.02863108e-05	0.28899176	1	0.975518026	0.492703877	0.370077038	-0.518264194	0.716654098	0.343681971	0.0400390447	0.00167426677	24.193749
8.56	1.68706392	1.04201913	0.189997785	1.62527797	1.22264635	0.25099123	6.91134908e-05	0.290415113	1	0.975499991	0.492898651	0.370467707	-0.516701069	0.61098656	0.343487915	0.0572487458	0.00132452309	25.34924
8.57	1.68706423	1.0420195	0.189997846	1.62527751	1.22264683	0.250991274	6.33117918e-05	0.291595933	1	0.975473896	0.493135241	0.370893962	-0.514825682	0.512079099	0.343338825	0.0502269763	0.00170859482	25.693345
8.58	1.68706462	1.04201996	0.189997902	1.62527692	1.22264744	0.250991326	6.70687973e-05	0.292197859	1	0.975397783	0.493367742	0.371396833	-0.503929694	0.44162789	0.343174097	0.0412214942	0.00172598697	26.264642
8.59	1.68706507	1.04202047	0.189997927	1.62527626	1.22264811	0.25099137	7.22738428e-05	0.292479605	1	0.975283054	0.493603488	0.371880345	-0.481147374	0.391274555	0.343009372	0.045061398	0.00173953993	23.456384
8.6	1.68706552	1.04202098	0.189997939	1.62527559	1.22264879	0.250991418	7.72794856e-05	0.292736561	1	0.97515228	0.493831216	0.37161872	-0.442935172	0.231290637	0.34267156	0.0724054863	0.00170139738	24.27997
8.61	1.68706592	1.04202139	0.189997953	1.62527503	1.22264936	0.25099142	7.33997104e-05	0.29282267	1	0.974962963	0.49402079	0.371426753	-0.399771091	0.146005277	0.342469565	0.026859181	0.00172197741	25.674634
8.62	1.68706642	1.04202189	0.189997937	1.62527433	1.22265007	0.250991421	7.64639983e-05	0.292993416	1	0.974708168	0.494143278	0.371231736	-0.35186666	0.119908155	0.342460296	0.0281449308	0.00151220555	23.317568
8.63	1.68706696	1.04202241	0.18999793	1.62527358	1.22265082	0.250991405	8.25912931e-05	0.293204171	1	0.97440236	0.494196642	0.371017854	-0.302353451	0.133238614	0.342593823	0.0383100361	0.00120925877	23.416689
8.64	1.68706756	1.04202291	0.189997931	1.6252728	1.2226516	0.250991334	8.87349751e-05	0.293379718	1	0.973994893	0.494180871	0.370789447	-0.278382495	0.186750072	0.342861288	0.0662124975	0.000972162458	25.412807
8.65	1.68706819	1.04202342	0.189997936	1.625272	1.22265241	0.250991255	9.6033407e-05	0.293499496	1	0.973503427	0.494107284	0.370563659	-0.277214478	0.265612386	0.343202841	0.0322765387	0.000700490747	24.226582
8.66	1.6870688	1.04202394	0.18999794	1.6252712	1.2226532	0.250991185	0.000102064345	0.293575511	1	0.972937088	0.493982056	0.37036689	-0.293145165	0.359796203	0.34358123	0.0355086216	0.000444591683	22.452353
8.67	1.6870694	1.04202443	0.189997942	1.62527043	1.22265397	0.250991107	0.00010508008	0.293626472	1	0.972294287	0.493800789	0.370220259	-0.325635595	0.462169444	0.343969091	0.0282435275	0.000214166756	23.656601
8.68	1.68706998	1.04202486	0.189997942	1.6252697	1.22265469	0.250991001	0.000104191872	0.293662836	1	0.971584814	0.493597891	0.370131543	-0.385771763	0.568378263	0.344343305	0.0475523777	0.00018128933	24.009092
8.69	1.68707049	1.04202533	0.18999794	1.62526901	1.22265538	0.250990972	0.000102385225	0.293689255	1	0.97082919	0.493344536	0.370147574	-0.444992846	0.673820506	0.344683139	0.0426040847	0.000378469967	24.207975
8.7	1.68707094	1.04202582	0.189997938	1.62526836	1.22265604	0.250991002	9.90082981e-05	0.293721792	1	0.970093148	0.493051028	0.37015315	-0.471714761	0.785810851	0.345045385	0.0251287617	0.000522816198	23.579692
8.71	1.68707143	1.04202626	0.189997932	1.62526771	1.2226567	0.250990965	9.54509773e-05	0.293764044	1	0.969370565	0.492757255	0.370240279	-0.503210202	0.878694725	0.34533095	0.0258193828	0.000575704117	22.852709
8.72	1.68707189	1.04202666	0.189997932	1.6252671	1.2226573	0.250990924	8.84098998e-05	0.293807895	1	0.968690256	0.492498826	0.370239559	-0.546761541	0.983003568	0.345649263	0.0509446011	0.000658581567	22.807512
8.73	1.68707234	1.04202716	0.189997927	1.62526645	1.22265798	0.250990961	8.83645413e-05	0.293857663	1	0.968098003	0.492286134	0.370254902	-0.54981613	1.06484498	0.34590422	0.0369388626	0.000610526658	24.966369
8.74	1.68707275	1.04202766	0.189997929	1.62526582	1.22265862	0.250991021	8.72939194e-05	0.293903726	1	0.967618924	0.492112189	0.370216904	-0.520051437	1.12530855	0.346108512	0.0515651424	0.000471003985	22.920447
8.75	1.68707318	1.04202813	0.189997929	1.62526519	1.22265926	0.250991053	8.58711256e-05	0.29394006	1	0.967262032	0.491978538	0.370145766	-0.46731216	1.16027103	0.346246847	0.039472549	0.000340869786	25.344326
8.76	1.68707362	1.04202858	0.189997929	1.62526457	1.22265989	0.250991055	8.32681021e-05	0.293961424	1	0.966998631	0.491869547	0.370100601	-0.402678019	1.1821733	0.346339687	0.0441131526	0.000310181143	23.226162
8.77	1.68707407	1.04202902	0.189997929	1.62526395	1.22266052	0.250991053	8.10275722e-05	0.293975886	1	0.96681875	0.491772862	0.370098072	-0.328974456	1.18204458	0.34636172	0.0336442921	0.00034105328	23.536816
8.78	1.68707402	1.04202894	0.189998336	1.62526404	1.22266042	0.250991033	6.09716339e-05	0.288669736	1	0.966783296	0.49175417	0.370106601	-0.244198532	1.1709128	0.345367847	0.045187127	0.000398874414	22.811915
8.79	1.68707541	1.04203009	0.189997857	1.62526223	1.22266222	0.250990857	9.89751622e-05	0.288514956	1	0.966804005	0.491756577	0.37013363	-0.1851779	1.11956303	0.345093374	0.0281286514	0.00126828488	23.956666
8.8	1.68707582	1.0420304	0.189997797	1.62526172	1.22266273	0.250990792	7.30163675e-05	0.289981745	1	0.966892645	0.49179025	0.370180001	-0.136075414	1.04477898	0.345148243	0.0266332833	0.000551617897	23.145389
8.81	1.68707622	1.04203074	0.189997851	1.62526119	1.22266326	0.250990747	6.51726311e-05	0.291216586	1	0.967058939	0.491809999	0.370138989	-0.0787581433	0.966521945	0.345268231	0.0405044671	0.00113042687	23.032405
8.82	1.6870768	1.0420311	0.189997913	1.62526051	1.22266393	0.250990594	6.95917178e-05	0.291832853	1	0.967247081	0.491818182	0.370172074	-0.0395153491	0.872541205	0.345235427	0.027353519	0.00114645894	25.485545
8.83	1.68707744	1.04203142	0.189997954	1.6252598	1.22266461	0.250990366	7.2756344e-05	0.292082095	1	0.967397289	0.491784044	0.370190719	-0.0458215547	0.807490901	0.345181834	0.0598782266	0.00147124629	24.463356
8.84	1.68707805	1.04203182	0.189997961	1.62525908	1.22266531	0.250990218	7.70054608e-05	0.292236343	1	0.967550455	0.491709385	0.370316869	-0.0534665477	0.739990273	0.345056686	0.033505398	0.00182633867	23.25064
8.85	1.68707853	1.04203225	0.18999796	1.62525844	1.22266596	0.250990179	7.57985609e-05	0.292408663	1	0.967778753	0.491578789	0.370298352	-0.00101488213	0.62052514	0.344798824	0.0215634111	0.00211567918	23.291308
8.86	1.68707905	1.04203258	0.189997968	1.62525783	1.22266655	0.250990049	7.20111382e-05	0.292519669	1	0.967956957	0.491367949	0.370439282	-0.00770018843	0.525979755	0.344540657	0.0312085032	0.00209381079	22.658152
8.87	1.68707958	1.04203293	0.189997966	1.6252572	1.22266718	0.250989921	7.01602487e-05	0.292620502	1	0.968091373	0.491082588	0.370734324	-0.0170498617	0.469204147	0.344352755	0.0355461179	0.00228741098	23.489094
8.88	1.68708019	1.04203324	0.189997971	1.62525652	1.22266783	0.250989709	7.15032243e-05	0.292763805	1	0.968119119	0.490812188	0.370780101	-0.106817804	0.355141662	0.344062109	0.0348902509	0.00241715733	23.691025
8.89	1.68708061	1.04203357	0.189997977	1.62525598	1.22266837	0.250989645	6.44980644e-05	0.292776437	1	0.968099898	0.49047813	0.3709987	-0.146779481	0.299237579	0.343873374	0.0403459587	0.00289338915	24.315374
8.9	1.6870811	1.04203399	0.189997961	1.62525534	1.222669	0.250989597	6.32599606e-05	0.292836572	1	0.968059667	0.490098067	0.371332576	-0.164054479	0.277964945	0.343771107	0.0236104696	0.00302903408	23.924999
8.91	1.6870816	1.04203439	0.189997952	1.62525469	1.22266965	0.250989524	6.34899976e-05	0.292927474	1	0.968007766	0.489696537	0.371737805	-0.167686463	0.277858244	0.343726674	0.0287924643	0.00300210291	23.683066
8.92	1.68708212	1.0420348	0.189997948	1.62525403	1.2226703	0.250989446	6.48137359e-05	0.293010086	1	0.967950319	0.489296286	0.372168601	-0.164844918	0.295462958	0.343728595	0.0306854621	0.00286239178	25.64506
8.93	1.68708265	1.04203523	0.189997945	1.62525336	1.22267097	0.250989379	6.73291332e-05	0.293068813	1	0.967923664	0.488929186	0.372637583	-0.156673169	0.313574595	0.343714355	0.0465777149	0.00261629336	25.262375
8.94	1.68708313	1.0420357	0.189997944	1.62525269	1.22267165	0.25098937	6.97591065e-05	0.293107654	1	0.967939423	0.488586444	0.373097957	-0.129974599	0.318125545	0.343652385	0.0394075422	0.00227924966	23.29767
8.95	1.6870836	1.04203617	0.189997944	1.62525203	1.22267232	0.250989369	7.19047739e-05	0.293121687	1	0.967978825	0.488253512	0.373579883	-0.0889744534	0.321858109	0.343568681	0.0269424769	0.0019088471	24.411262
8.96	1.6870841	1.04203664	0.189997943	1.62525135	1.222673	0.250989347	7.45672432e-05	0.293135969	1	0.968046879	0.487931219	0.374049651	-0.0656542483	0.335984543	0.343503256	0.0214622785	0.00157455202	25.979321
8.97	1.68708456	1.04203725	0.189997944	1.62525063	1.22267375	0.250989454	8.30226281e-05	0.293169969	1	0.968143694	0.487588928	0.374392948	0.0159550975	0.371765066	0.343542207	0.0360052024	0.00133777275	22.984667
8.98	1.68708514	1.04203779	0.189997944	1.62524983	1.22267455	0.250989423	9.18074676e-05	0.293199414	1	0.968292675	0.487297332	0.374841558	0.0681715335	0.390281057	0.343504697	0.0385502532	0.00114550799	25.29158
8.99	1.68708568	1.04203831	0.189997949	1.62524909	1.2226753	0.250989409	9.59574733e-05	0.293202184	1	0.96845476	0.487048802	0.375367617	0.0912126615	0.407629197	0.34343363	0.0238375387	0.00126227397	25.575544
9	1.68708623	1.04203883	0.189997952	1.62524834	1.22267605	0.250989395	0.000100448202	0.293194362	1	0.968600563	0.48683857	0.375942264	0.0809906424	0.424032242	0.343341155	0.0337976674	0.00142514049	23.972924
9.01	1.68708669	1.04203948	0.189997962	1.62524758	1.22267684	0.250989523	0.000107954267	0.293208647	1	0.96881008	0.486614712	0.376211576	0.116569222	0.372820251	0.343118514	0.0321844604	0.00152052255	25.22292
9.02	1.68708662	1.04203937	0.18999836	1.6252477	1.22267672	0.250989493	8.06624087e-05	0.288134636	1	0.96894669	0.486399402	0.376514252	0.101419135	0.389003603	0.342107147	0.0662434658	0.00184287398	25.447978
9.03	1.68708816	1.04204081	0.189997918	1.62524561	1.22267882	0.250989427	0.000129975646	0.288016667	1	0.96898834	0.486189019	0.376792086	0.0500233228	0.403656419	0.341923308	0.0290992058	0.00242897786	24.841568
9.04	1.68708865	1.04204124	0.189997827	1.62524497	1.22267947	0.250989381	0.000109393028	0.289481901	1	0.968978522	0.486030479	0.377056477	-0.0316684801	0.416479036	0.342139646	0.0344207658	0.00141852678	23.114928
9.05	1.68708916	1.04204173	0.189997874	1.62524426	1.22268018	0.25098937	0.000108734702	0.290704642	1	0.968935069	0.485930924	0.377265916	-0.127885022	0.432487479	0.342427006	0.0427518441	0.00114571495	22.469713
9.06	1.68708982	1.04204232	0.189997945	1.62524338	1.22268106	0.250989319	0.000119485614	0.291315545	1	0.968812365	0.485852451	0.377459561	-0.23973337	0.464961455	0.342675013	0.0461359408	0.000806608385	23.302288
9.07	1.68709052	1.04204297	0.189997989	1.62524244	1.22268201	0.250989281	0.000131003491	0.291571569	1	0.968617655	0.485793375	0.377628688	-0.354989711	0.504118591	0.342863713	0.0337118861	0.000737986793	23.748286
9.08	1.68709121	1.04204358	0.189998005	1.62524152	1.22268293	0.250989224	0.000137635091	0.291733085	1	0.968342648	0.485760232	0.377741966	-0.479669828	0.5467575	0.343033147	0.0338495961	0.000822947997	25.470527
9.09	1.68709186	1.0420442	0.189998011	1.62524062	1.22268384	0.250989204	0.000142357635	0.291895873	1	0.967993236	0.485744361	0.377798306	-0.597973913	0.594383793	0.343214934	0.0244835573	0.000852012164	23.298775
9.1	1.68709253	1.04204481	0.189998015	1.62523972	1.22268474	0.250989162	0.000145805443	0.2920613	1	0.967570823	0.485755862	0.377779487	-0.719694789	0.6490533	0.343427273	0.0228268734	0.000834757236	24.466472
9.11	1.68709319	1.04204546	0.18999802	1.62523881	1.22268567	0.250989159	0.00015051378	0.292203177	1	0.967094164	0.48579746	0.377720909	-0.830141787	0.705687268	0.343648813	0.0458861996	0.000811550499	25.479693
9.12	1.68709385	1.04204612	0.189998025	1.62523789	1.2226866	0.250989154	0.000154322982	0.292318176	1	0.966595118	0.48588314	0.377567654	-0.932540091	0.753212948	0.343861177	0.0563801484	0.00077151164	24.66487
9.13	1.6870945	1.04204678	0.189998029	1.62523698	1.22268752	0.250989162	0.000157721828	0.292404151	1	0.966121826	0.486020523	0.377337033	-1.01604266	0.798373461	0.344075341	0.0455432256	0.000766766302	26.384541
9.14	1.68709517	1.04204746	0.189998032	1.62523603	1.22268848	0.250989177	0.000162124849	0.292479221	1	0.965639361	0.486158908	0.377083464	-1.07740692	0.848838522	0.34431254	0.0398431531	0.00071354827	21.606743
9.15	1.68709586	1.04204812	0.189998036	1.62523508	1.22268944	0.25098915	0.000164981678	0.292546971	1	0.965159855	0.486323001	0.376766651	-1.13240942	0.890663461	0.344533365	0.043289778	0.000650745374	22.613567
9.16	1.68709653	1.04204879	0.189998039	1.62523415	1.22269038	0.250989148	0.000166958051	0.292596278	1	0.964705554	0.486516131	0.376391038	-1.17939943	0.908278796	0.344686382	0.0459257358	0.00060554091	23.039535
9.17	1.68709713	1.04204946	0.189998039	1.62523327	1.22269128	0.250989203	0.000167676884	0.29262344	1	0.964275577	0.486713366	0.375966853	-1.19672412	0.912346684	0.344803142	0.0323938932	0.000576407123	23.909198
9.18	1.68709779	1.04205006	0.189998037	1.62523239	1.22269217	0.250989156	0.000165634288	0.292659397	1	0.963820213	0.486900457	0.375430385	-1.22531957	0.960605194	0.345067205	0.0386182294	0.000507749266	22.447855
9.19	1.68709847	1.04205082	0.189998039	1.62523139	1.22269319	0.25098921	0.000171786811	0.292708258	1	0.963393361	0.487091539	0.375013044	-1.21198048	0.99298739	0.345287782	0.0429512447	0.000587149598	22.14148
9.2	1.68709908	1.04205148	0.189998037	1.6252305	1.22269409	0.25098925	0.000171415127	0.292732998	1	0.962987876	0.487261397	0.374729762	-1.17423692	1.02259822	0.345472079	0.0160830304	0.000598738374	21.778624
9.21	1.68709972	1.04205204	0.189998035	1.62522965	1.22269494	0.250989193	0.000166809543	0.292769826	1	0.962537868	0.487489682	0.374309496	-1.17385943	0.982345632	0.345478439	0.0583951649	0.000546962395	23.34437
9.22	1.68709961	1.0420519	0.189998416	1.62522983	1.22269476	0.250989171	0.000125498918	0.287751561	1	0.962082079	0.48764251	0.374086554	-1.10762106	1.01175593	0.344611396	0.0271142275	0.000464808491	23.124419
9.23	1.6871012	1.04205341	0.189997976	1.62522765	1.22269695	0.25098912	0.000169460627	0.287681589	1	0.961562554	0.487709481	0.373985946	-1.04039391	1.05589539	0.344739192	0.0652228073	0.00147164882	22.544262
9.24	1.6871016	1.04205399	0.18999788	1.625227	1.22269764	0.250989242	0.000147774383	0.289192142	1	0.961082834	0.487624069	0.373653705	-0.859622639	1.0570387	0.345146935	0.0307792719	0.000464578738	22.964146
9.25	1.68710209	1.04205438	0.189997918	1.62522636	1.22269827	0.250989175	0.000133783906	0.290367496	1	0.960600893	0.487468332	0.373560969	-0.728547251	1.09771949	0.345591213	0.0492116207	0.000693923992	25.261235
9.26	1.68710274	1.04205485	0.18999797	1.62522556	1.22269906	0.25098904	0.000132623781	0.290970579	1	0.96010419	0.487256187	0.373610111	-0.620926827	1.17109826	0.346010906	0.0309965202	0.000396338957	23.363724
9.27	1.68710343	1.04205535	0.189997996	1.62522471	1.2226999	0.250988914	0.00013401255	0.291250981	1	0.959615469	0.48700723	0.373801017	-0.534415012	1.25585137	0.346364961	0.0256977409	0.000161280592	24.457988
9.28	1.68710406	1.04205585	0.189998001	1.6252239	1.2227007	0.250988816	0.000132516562	0.291436827	1	0.959127139	0.4866915	0.374086181	-0.458507637	1.35243853	0.346694119	0.0516862248	0.000306862852	25.203497
9.29	1.68710469	1.04205632	0.189997999	1.62522312	1.22270148	0.250988706	0.000129427692	0.291614152	1	0.958657559	0.48633026	0.374422533	-0.401362046	1.45610923	0.347011858	0.0276346204	0.000416389099	24.421301
9.3	1.6871053	1.04205682	0.189997996	1.62522233	1.22270226	0.25098863	0.000127638446	0.291781341	1	0.958243075	0.485952108	0.374793404	-0.350700199	1.55890102	0.347306132	0.031730464	0.000505501909	24.379573
9.31	1.68710591	1.04205733	0.189997996	1.62522154	1.22270305	0.250988556	0.000126770294	0.291921527	1	0.957888746	0.485560622	0.375174801	-0.304494443	1.6480239	0.347544362	0.0174070164	0.00057299099	25.097848
9.32	1.68710647	1.04205787	0.189997997	1.62522077	1.22270383	0.250988548	0.000127014434	0.292031618	1	0.95760428	0.485140803	0.375415949	-0.230687944	1.72426025	0.347765974	0.0425260808	0.000649910509	24.724255
9.33	1.6871072	1.04205828	0.189998003	1.62521994	1.22270464	0.250988313	0.000124601236	0.292115762	1	0.957309191	0.484716009	0.375550401	-0.231121641	1.81405622	0.348028562	0.0643706577	0.000624912536	24.057817
9.34	1.68710788	1.04205879	0.189998005	1.62521908	1.22270548	0.2509882	0.0001270546	0.292173273	1	0.957053052	0.484305215	0.375710065	-0.247153611	1.86622385	0.348169055	0.0328229444	0.000565454677	23.748695
9.35	1.68710845	1.04205923	0.189998004	1.62521837	1.22270619	0.250988105	0.000121301977	0.292194493	1	0.956833071	0.483908904	0.375822621	-0.28698474	1.84203626	0.348060421	0.103254457	4.88380008e-11	25.364839
9.36	1.68710887	1.0420596	0.189998004	1.62521781	1.22270675	0.250988067	0.000106749023	0.292148511	1	0.956642189	0.483490829	0.376007704	-0.337895482	1.76538069	0.347721864	0.103192199	3.45698736e-05	23.680418
9.37	1.68710923	1.04205992	0.189998004	1.62521733	1.22270723	0.250988041	8.85129008e-05	0.292092604	1	0.956456992	0.483075145	0.376279607	-0.407283668	1.67515518	0.347276083	0.0663578521	9.25334936e-05	23.228596
9.38	1.68710957	1.04206024	0.189997998	1.62521687	1.2227077	0.250988029	7.08837825e-05	0.29208013	1	0.956307333	0.482701122	0.376663587	-0.493729935	1.59208071	0.346805155	0.0552935048	0.000174079113	24.161281
9.39	1.68710985	1.0420606	0.189997992	1.62521643	1.22270815	0.250988083	5.72092054e-05	0.292111344	1	0.95613838	0.482317366	0.377267994	-0.567156398	1.52240645	0.346327128	0.0683290611	0.000269219273	23.712328
9.4	1.6871101	1.04206093	0.189997992	1.62521603	1.22270856	0.250988143	4.53385158e-05	0.292148221	1	0.955965366	0.48192672	0.37810479	-0.626792745	1.47163216	0.345850053	0.0580459419	0.000381927366	23.379575
9.41	1.68711029	1.04206125	0.189998001	1.62521569	1.22270892	0.250988226	3.87504148e-05	0.292241057	1	0.955894967	0.481629062	0.378425386	-0.694445636	1.25619944	0.344987006	0.0958399196	0.000511647896	23.653849
9.42	1.68711029	1.0420612	0.18999839	1.62521572	1.22270889	0.250988195	2.92658861e-05	0.286437554	1	0.955840013	0.481359152	0.378907413	-0.714875347	1.14777967	0.343451393	0.0751283899	0.000687103059	22.929496
9.43	1.68711095	1.04206208	0.189997892	1.62521467	1.22270997	0.250988353	4.7367128e-05	0.285919107	1	0.955806634	0.481176666	0.379603197	-0.777998176	1.02477869	0.342674836	0.0366513215	0.000868926078	26.031298
9.44	1.68711105	1.04206229	0.189997831	1.62521447	1.22271019	0.250988429	5.52319627e-05	0.28741089	1	0.955795906	0.481087998	0.380488058	-0.835149725	0.920669675	0.342295437	0.0584714764	0.000951631613	23.487205
9.45	1.68711116	1.0420625	0.189997886	1.62521425	1.22271042	0.250988496	6.66435824e-05	0.288848643	1	0.955787948	0.48109469	0.381471284	-0.92233553	0.870357577	0.342103212	0.0474513873	0.00108710995	22.621018
9.46	1.6871113	1.04206292	0.189997946	1.62521389	1.22271082	0.250988694	7.67494547e-05	0.289633431	1	0.955887749	0.48119037	0.382492112	-0.954081479	0.81328172	0.341822446	0.133864197	0.00117622238	23.828241
9.47	1.68711148	1.04206333	0.189997986	1.6252135	1.22271124	0.250988862	8.27588123e-05	0.289909317	1	0.956086837	0.481357803	0.383595402	-0.93859306	0.759085079	0.341449068	0.0700982207	0.00126857824	24.478994
9.48	1.68711168	1.04206376	0.189997997	1.62521309	1.22271168	0.250989029	8.83356646e-05	0.290009742	1	0.956359092	0.481585669	0.384797637	-0.885866628	0.714125486	0.341041313	0.0348325297	0.00137398387	22.278007
9.49	1.68711189	1.04206419	0.189997994	1.62521266	1.22271213	0.250989182	9.23339521e-05	0.290111845	1	0.956671684	0.481872646	0.386133803	-0.811724147	0.684006521	0.340648077	0.0710233806	0.00148099921	24.929346
9.5	1.68711215	1.04206459	0.189997989	1.62521221	1.2227126	0.250989279	9.09419233e-05	0.290255735	1	0.957013764	0.482212386	0.387439226	-0.753401831	0.684773294	0.340374132	0.090193461	0.00158171515	27.563805
9.51	1.68711247	1.04206503	0.189997981	1.6252117	1.22271314	0.250989364	8.73273141e-05	0.290391476	1	0.957334956	0.482594702	0.388823855	-0.714844284	0.690396109	0.340118437	0.0785839165	0.00160944247	24.171643
9.52	1.68711278	1.04206548	0.189997981	1.62521118	1.22271368	0.250989463	8.54968094e-05	0.290460368	1	0.957633836	0.483013714	0.390280174	-0.68167049	0.703446897	0.339874266	0.062661751	0.00162485593	24.404644
9.53	1.6871131	1.04206598	0.18999798	1.62521063	1.22271425	0.250989585	8.55777662e-05	0.290482907	1	0.95795059	0.483452081	0.391716443	-0.631398999	0.700740046	0.339591714	0.0578534139	0.00162542075	25.538227
9.54	1.68711344	1.04206644	0.189997981	1.62521009	1.22271482	0.250989678	8.38786442e-05	0.290468366	1	0.958298137	0.483925471	0.39308569	-0.57451435	0.645069783	0.339163872	0.0914010538	0.00163638175	26.200279
9.55	1.68711375	1.04206687	0.189997987	1.62520958	1.22271534	0.250989761	8.21088813e-05	0.290419477	1	0.958717636	0.484437508	0.394247882	-0.504137727	0.535530347	0.338606588	0.0775495905	0.00167378659	23.747255
9.56	1.6871141	1.04206725	0.189997988	1.62520908	1.22271586	0.250989784	7.55239886e-05	0.290359682	1	0.95921825	0.48499215	0.395231913	-0.443539726	0.401983918	0.338007938	0.0519362171	0.001704289	21.819519
9.57	1.68711455	1.04206756	0.189997981	1.62520853	1.22271639	0.250989681	5.92804253e-05	0.290341068	1	0.959767679	0.48561657	0.39594625	-0.461845317	0.273022254	0.337483532	0.0643122951	0.0016843226	23.599753
9.58	1.687115	1.04206798	0.189997968	1.62520792	1.22271701	0.250989662	5.38825199e-05	0.29034647	1	0.960363681	0.486274408	0.396554271	-0.464799624	0.131748937	0.336973105	0.0343074687	0.0015861959	24.464428
9.59	1.68711546	1.0420684	0.189997959	1.6252073	1.22271763	0.250989629	4.92975735e-05	0.290348745	1	0.960980668	0.486907214	0.397057954	-0.462280655	-0.00150721135	0.33652503	0.0633829448	0.0015500874	21.620104
9.6	1.687116	1.04206881	0.18999795	1.62520662	1.22271831	0.250989533	4.45764697e-05	0.290353139	1	0.961558322	0.487448612	0.397384091	-0.453881797	-0.0833293057	0.336283732	0.111229438	0.00157656645	22.739431
9.61	1.68711671	1.04206925	0.189997944	1.62520579	1.22271912	0.250989344	4.77121225e-05	0.290385556	1	0.962014509	0.487830554	0.397465685	-0.454013342	-0.100959289	0.336318608	0.104088649	0.00159571678	21.926407
9.62	1.68711753	1.04206978	0.189997948	1.62520481	1.22272008	0.250989143	6.43792885e-05	0.290430348	1	0.962404526	0.488052195	0.39727942	-0.446891287	-0.0563786336	0.336627662	0.076383742	0.00164113657	23.069536
9.63	1.68711852	1.04207041	0.189997967	1.62520365	1.22272121	0.250988888	8.93693452e-05	0.290484404	1	0.962697193	0.48808057	0.396873241	-0.432228702	0.0676329356	0.33725814	0.0940289677	0.00165734341	24.435562
9.64	1.68711971	1.04207107	0.189998005	1.62520229	1.22272253	0.25098851	0.000119598421	0.290608313	1	0.962921525	0.488048998	0.39574893	-0.44965933	0.131296577	0.337900422	0.0617393435	0.0016938612	21.582085
9.65	1.6871208	1.04207187	0.189998053	1.62520094	1.22272386	0.25098831	0.000146608125	0.290581102	1	0.963077824	0.487780056	0.394463643	-0.407077495	0.28705968	0.338827956	0.0836492388	0.00187595679	21.850901
9.66	1.68712208	1.04207291	0.189998103	1.62519929	1.2227255	0.250988143	0.000180945637	0.290620856	1	0.963268625	0.487395105	0.392949451	-0.273637865	0.448613608	0.339852969	0.0787672477	0.00193270805	22.337346
9.67	1.68712341	1.04207397	0.189998161	1.62519759	1.2227272	0.250987945	0.000211456827	0.290694825	1	0.963516631	0.486909477	0.391102951	-0.0891309852	0.593617342	0.340911722	0.0551612033	0.00181617398	22.280057
9.68	1.68712482	1.04207507	0.189998224	1.62519581	1.22272897	0.250987729	0.000239984822	0.290750423	1	0.963838358	0.486346815	0.388965787	0.130036913	0.700705337	0.341910367	0.0507492951	0.00179488887	21.647689
9.69	1.68712624	1.0420762	0.189998289	1.625194	1.22273077	0.250987528	0.000265345103	0.290773836	1	0.964201927	0.485709302	0.386562756	0.369378991	0.753173424	0.342778264	0.0651497595	0.00193144805	23.234077
9.7	1.68712773	1.04207716	0.189998339	1.62519222	1.22273251	0.250987154	0.00028416301	0.290751491	1	0.964528588	0.484915476	0.384058521	0.512379323	0.799530158	0.34359972	0.0434361792	0.0021797923	24.161884
9.71	1.68712923	1.04207809	0.189998369	1.62519046	1.22273422	0.250986742	0.000298125972	0.290733727	1	0.964795073	0.48405403	0.381574485	0.591849672	0.855955311	0.34441769	0.0778881299	0.00245701119	24.783334
9.72	1.68713066	1.04207911	0.189998389	1.6251887	1.22273596	0.250986455	0.000308503047	0.290772502	1	0.96498715	0.483138617	0.379010076	0.635628489	0.97770533	0.345448963	0.0866474745	0.00270722544	24.356645
9.73	1.68713231	1.04208019	0.189998439	1.62518673	1.22273789	0.250986054	0.000331985137	0.290868255	1	0.965125483	0.482266258	0.376586043	0.599256146	1.07502184	0.346383997	0.0670601562	0.00313086779	24.527724
9.74	1.68713374	1.04208113	0.189998453	1.62518502	1.22273957	0.250985706	0.000334799038	0.290915483	1	0.965154892	0.481429413	0.374341645	0.490670464	1.15050479	0.347178369	0.0742280136	0.00337840151	23.941483
9.75	1.68713506	1.04208197	0.189998445	1.62518347	1.22274108	0.250985368	0.000328897944	0.290913305	1	0.9650861	0.480671108	0.372293774	0.303191983	1.20308927	0.347813032	0.0349775326	0.00344226721	23.961329
9.76	1.68713619	1.04208281	0.189998424	1.62518206	1.22274248	0.250985161	0.000317311037	0.290902403	1	0.964977091	0.480009739	0.370427164	0.0713133469	1.22869991	0.348284721	0.0609446354	0.00337161003	22.359249
9.77	1.6871372	1.04208358	0.189998391	1.62518079	1.22274374	0.250984993	0.000301766413	0.290899314	1	0.964769971	0.479437978	0.368840955	-0.204480682	1.2524807	0.348651912	0.0459568492	0.00320219158	24.443688
9.78	1.68713789	1.04208458	0.189998361	1.62517964	1.22274494	0.250985213	0.000284134792	0.290931437	1	0.964602086	0.478898036	0.367276081	-0.372664089	1.17346021	0.348692333	0.0478474718	0.00294549634	23.521208
9.79	1.68713768	1.04208438	0.189998662	1.62517993	1.22274464	0.250985218	0.000214220638	0.286151286	1	0.964410918	0.478465161	0.366172651	-0.552101886	1.13123689	0.347662007	0.0582197577	0.00233925654	22.421201
9.8	1.68713933	1.04208598	0.189998203	1.62517766	1.22274694	0.250985186	0.000240549115	0.286237175	1	0.964119867	0.478209099	0.36512232	-0.830973422	0.98554667	0.347285277	0.0758094517	0.00200385643	22.478386
9.81	1.68713952	1.04208652	0.189998084	1.62517719	1.22274745	0.25098543	0.00019300006	0.287634391	1	0.963884547	0.477979607	0.364267513	-0.9516077	0.863450432	0.347238677	0.0943584643	0.00118674156	22.326971
9.82	1.68713981	1.04208708	0.189998076	1.62517662	1.22274806	0.250985621	0.000170130333	0.288801626	1	0.963711795	0.477836305	0.363757376	-1.014622	0.700663905	0.347013123	0.0567015995	0.00108189603	22.461095
9.83	1.68714011	1.04208753	0.189998091	1.62517611	1.22274859	0.250985727	0.000149068487	0.289382243	1	0.963565253	0.477726275	0.363578283	-1.04301809	0.533613389	0.346611512	0.0798732868	0.000584224173	21.487928
9.84	1.6871405	1.04208785	0.18999808	1.62517561	1.22274909	0.250985679	0.000125733932	0.289660232	1	0.963315751	0.47759347	0.36353306	-1.11097934	0.466494868	0.346401528	0.0615964079	0.000764223966	23.676355
9.85	1.6871409	1.0420884	0.18999805	1.62517496	1.22274977	0.250985784	0.000119778083	0.289874033	1	0.963077505	0.477430959	0.363932698	-1.13612355	0.403552772	0.346131644	0.056195842	0.00101535812	23.060555
9.86	1.68714126	1.04208882	0.189998033	1.62517442	1.22275032	0.250985822	0.000105692212	0.290048499	1	0.962847345	0.477238152	0.364684751	-1.12763877	0.350053975	0.345816824	0.0527251861	0.00156656054	25.476116
9.87	1.68714164	1.0420892	0.18999802	1.62517389	1.22275085	0.250985828	9.22036011e-05	0.290194076	1	0.962691206	0.477116266	0.365658954	-1.08677727	0.286066241	0.345421574	0.121195195	0.00210849652	25.490524
9.88	1.68714201	1.04208959	0.189998011	1.62517336	1.22275139	0.250985842	8.22950996e-05	0.290306714	1	0.96261956	0.476994392	0.366814587	-1.00711322	0.223039531	0.344986855	0.0753451084	0.00260795551	20.51624
9.89	1.68714243	1.04208996	0.189998002	1.62517281	1.22275195	0.250985809	7.32058006e-05	0.290399593	1	0.962622468	0.476892549	0.368000562	-0.908509829	0.157872095	0.344539262	0.0889004328	0.00299543903	22.91662
9.9	1.6871428	1.04209045	0.189998002	1.62517222	1.22275256	0.250985891	7.43028369e-05	0.290493341	1	0.962718514	0.476679685	0.368869939	-0.706555547	0.0270648023	0.343969364	0.054625476	0.00325120154	23.93791
9.91	1.68714324	1.04209077	0.189998005	1.62517167	1.22275309	0.250985804	6.29943796e-05	0.290484231	1	0.962767768	0.476432811	0.369771993	-0.552125713	-0.0561521962	0.34349504	0.130138229	0.00333743485	23.325947
9.92	1.68714378	1.04209111	0.189997995	1.62517103	1.22275372	0.250985665	5.74951738e-05	0.290527747	1	0.962787644	0.476254861	0.370547402	-0.434602565	-0.158886762	0.343004962	0.0781590803	0.00338734081	23.000109
9.93	1.68714435	1.04209141	0.189997995	1.6251704	1.22275433	0.250985476	5.1926005e-05	0.290545289	1	0.962634405	0.475948576	0.371417963	-0.31868973	-0.164449667	0.342777403	0.11708641	0.00355557995	22.165942
9.94	1.68714498	1.04209182	0.189997985	1.62516965	1.22275506	0.250985317	5.71390843e-05	0.290648853	1	0.962464954	0.475736526	0.371990194	-0.254942231	-0.197810013	0.342561708	0.0623465829	0.00352737433	21.934588
9.95	1.68714567	1.04209213	0.189997999	1.62516891	1.22275577	0.250985049	6.00075948e-05	0.290722649	1	0.962282069	0.475644704	0.372270531	-0.263607611	-0.267018658	0.342297437	0.0724372126	0.00361518115	21.975902
9.96	1.68714633	1.04209246	0.189998007	1.62516817	1.22275648	0.250984815	6.44698043e-05	0.290732083	1	0.961891295	0.475452344	0.372494885	-0.279081476	-0.212469082	0.342396268	0.0653467358	0.00392996056	23.893373
9.97	1.6871471	1.04209301	0.189997998	1.62516723	1.22275741	0.25098466	7.9566024e-05	0.290811382	1	0.961457956	0.475261733	0.372701876	-0.295213791	-0.114686363	0.342670474	0.0817816693	0.00384127619	23.389189
9.98	1.68714788	1.04209357	0.189998001	1.62516627	1.22275836	0.250984505	9.37714019e-05	0.290911526	1	0.961024183	0.475081171	0.372893889	-0.312063495	0.0181890783	0.343081966	0.0525603119	0.00365135071	22.640903
9.99	1.68714871	1.04209418	0.189998015	1.62516524	1.22275938	0.250984348	0.000109496262	0.291005297	1	0.960656692	0.47498352	0.372983602	-0.322826145	0.142868048	0.343513188	0.0919729576	0.00345216745	24.326552
10	1.68714951	1.04209487	0.189998034	1.62516419	1.22276043	0.250984268	0.00012472695	0.291061346	1	0.960415036	0.474949669	0.372974267	-0.291872571	0.246663191	0.343908089	0.0746822693	0.00334590902	22.287319
10.01	1.68715043	1.04209547	0.189998057	1.6251631	1.2227615	0.250984044	0.00013748672	0.291098535	1	0.960236935	0.474956397	0.372735118	-0.279039078	0.327271471	0.344276573	0.0847719901	0.0031463132	23.006809
10.02	1.68715133	1.04209611	0.189998079	1.62516199	1.22276259	0.25098386	0.000149124711	0.291092693	1	0.960167013	0.475039416	0.372425309	-0.272627916	0.342108196	0.344451253	0.110266572	0.00283238116	22.47818
10.03	1.68715119	1.042096	0.189998448	1.62516217	1.22276241	0.250983881	0.000111380654	0.286247472	1	0.960242473	0.475224262	0.372072206	-0.275425731	0.32186205	0.343468156	0.0498465501	0.00255326111	23.440709
10.04	1.68715306	1.04209755	0.189998054	1.62515974	1.22276484	0.250983657	0.000164452851	0.286169045	1	0.960406926	0.475433983	0.371731661	-0.27482157	0.262096643	0.343314356	0.0817949446	0.00269404045	21.188159
10.05	1.68715365	1.04209808	0.189997947	1.62515895	1.22276563	0.250983615	0.000146159964	0.287606809	1	0.960612564	0.475641051	0.371517855	-0.279443999	0.226161274	0.343537033	0.0759513857	0.00172220674	23.185166
10.06	1.6871543	1.04209875	0.18999799	1.62515803	1.22276656	0.250983626	0.00014901958	0.288814134	1	0.960854345	0.475861445	0.371410408	-0.294943928	0.205870685	0.343800014	0.0877627558	0.00127365496	25.232903
10.07	1.68715503	1.04209965	0.189998073	1.62515691	1.22276771	0.250983747	0.000163791084	0.289435886	1	0.961097107	0.476032753	0.371248149	-0.288473801	0.26288595	0.34422711	0.0430107246	0.000765147509	22.560621
10.08	1.68715614	1.04210043	0.189998134	1.62515556	1.22276905	0.250983519	0.000181432424	0.289741572	1	0.961318174	0.476329396	0.371030617	-0.405634084	0.220668614	0.344319641	0.0699625941	0.000991368978	26.553165
10.09	1.68715687	1.04210118	0.189998157	1.62515453	1.22277009	0.250983527	0.000183398449	0.289781114	1	0.961478001	0.476537822	0.371254051	-0.498008054	0.244790359	0.344424983	0.0678037119	0.000991970128	21.591192
10.1	1.68715756	1.04210213	0.189998164	1.6251534	1.22277126	0.250983714	0.000190833212	0.289900198	1	0.961645602	0.476638754	0.371461155	-0.539212213	0.249078003	0.344465401	0.0815840558	0.000914479623	22.206848
10.11	1.6871583	1.04210289	0.189998163	1.62515237	1.22277231	0.250983728	0.000190754892	0.289996873	1	0.961714915	0.476751864	0.371863549	-0.652989846	0.294038613	0.344556403	0.0847981557	0.0010056288	25.256658
10.12	1.68715906	1.04210373	0.189998164	1.62515125	1.22277345	0.250983785	0.000194841921	0.290109347	1	0.961714961	0.476871565	0.372357964	-0.779570533	0.367356467	0.344710877	0.0694336571	0.00104655657	24.177775
10.13	1.68715981	1.04210466	0.189998174	1.6251501	1.22277464	0.250983913	0.000201394689	0.290208635	1	0.96163314	0.476955669	0.372894124	-0.896345901	0.454668835	0.34489461	0.099969203	0.00110827603	24.843482
10.14	1.68716051	1.04210565	0.189998186	1.62514895	1.22277583	0.250984119	0.000208173757	0.290264175	1	0.961526917	0.477001105	0.373434329	-0.980819628	0.529272654	0.345023232	0.061202587	0.00126513787	23.6051
10.15	1.68716115	1.04210663	0.189998194	1.62514785	1.22277697	0.250984353	0.000212404401	0.29027759	1	0.961385436	0.477004235	0.373947464	-1.03621292	0.585001613	0.345075427	0.0354570993	0.00160561846	21.981419
10.16	1.68716172	1.04210762	0.189998196	1.62514681	1.22277808	0.250984652	0.000215516551	0.290280177	1	0.961185311	0.476966658	0.374273674	-1.04857011	0.614729105	0.345068133	0.0967909771	0.00205070664	26.286943
10.17	1.68716223	1.04210862	0.189998194	1.62514581	1.22277915	0.250984995	0.000217876276	0.290277774	1	0.96098648	0.476880222	0.37435842	-1.00020532	0.607321009	0.344981138	0.0618671872	0.00251876985	25.666993
10.18	1.68716271	1.04210958	0.189998187	1.62514485	1.22278017	0.250985336	0.000217836125	0.29027549	1	0.96079881	0.476757388	0.37423595	-0.900681453	0.572137287	0.344838528	0.0725656364	0.00307589722	24.516724
10.19	1.68716321	1.04211048	0.189998175	1.62514393	1.22278115	0.250985619	0.000215093355	0.290293345	1	0.960604857	0.476593348	0.373883471	-0.768091406	0.521588435	0.344692743	0.0434765555	0.00360808721	23.220579
10.2	1.68716374	1.0421113	0.189998159	1.62514301	1.22278211	0.250985825	0.00021030925	0.290321627	1	0.960383741	0.476412783	0.373437658	-0.633417234	0.477201478	0.344583012	0.0921481057	0.00402469938	21.945245
10.21	1.68716431	1.04211209	0.189998143	1.62514209	1.22278307	0.250985978	0.000204895003	0.290365963	1	0.960155909	0.476250896	0.372999052	-0.519404124	0.440770885	0.344500002	0.07659185	0.00426586522	22.22415
10.22	1.68716484	1.04211296	0.189998133	1.62514114	1.22278406	0.25098622	0.000204041184	0.290446463	1	0.959882352	0.476038757	0.372391801	-0.382942461	0.475851579	0.344696695	0.0544322079	0.00430591854	22.627901
10.23	1.68716566	1.04211375	0.189998131	1.62514001	1.2227852	0.250986201	0.000202896572	0.29054586	1	0.959563635	0.475850708	0.371922305	-0.288117199	0.538346143	0.344977719	0.060366274	0.00409857073	24.339514
10.24	1.68716636	1.04211463	0.189998138	1.62513893	1.22278631	0.250986328	0.000204802485	0.290651708	1	0.959339937	0.475658716	0.37121635	-0.161432534	0.559385128	0.345201245	0.064298834	0.00383098959	24.10536
10.25	1.68716706	1.04211542	0.189998143	1.6251379	1.22278737	0.250986396	0.000202937883	0.290668048	1	0.959037907	0.475460679	0.370667346	-0.0875115838	0.653767795	0.34559052	0.0623081842	0.00386603184	23.181606
10.26	1.6871679	1.04211626	0.189998145	1.62513673	1.22278856	0.250986388	0.000205131445	0.29071607	1	0.958727873	0.475304909	0.370257469	-0.0320559587	0.785901971	0.346086032	0.088774732	0.00367374344	22.216158
10.27	1.68716891	1.04211688	0.18999815	1.62513555	1.22278971	0.250986113	0.000201691262	0.290820162	1	0.958349858	0.475313764	0.369633874	-0.123859911	0.867024271	0.346481934	0.0490986085	0.00353142131	21.874009
10.28	1.68716963	1.04211773	0.189998162	1.62513446	1.22279082	0.250986206	0.000203699728	0.290826215	1	0.95793081	0.475322485	0.369014899	-0.155546844	1.04485174	0.347163055	0.0483266568	0.00298284821	22.718922
10.29	1.68717056	1.04211876	0.189998178	1.62513311	1.2227922	0.25098628	0.000216306548	0.290867547	1	0.957626879	0.47545708	0.368689973	-0.157700839	1.17950608	0.347694302	0.0481520267	0.0028822858	23.884366
10.3	1.68717132	1.04211964	0.189998186	1.62513197	1.22279336	0.250986368	0.000217348704	0.290879217	1	0.957426686	0.475661648	0.368582879	-0.136373122	1.26823717	0.348039283	0.0833915502	0.00278450511	25.095922
10.31	1.68717205	1.04212041	0.189998185	1.62513093	1.22279442	0.250986389	0.000213048603	0.290843038	1	0.957360655	0.475950308	0.368688071	-0.10158908	1.3172811	0.348206751	0.0689595883	0.0025515847	21.857553
10.32	1.68717192	1.04212022	0.189998528	1.62513115	1.2227942	0.250986348	0.000160204886	0.285955529	1	0.957479975	0.476335713	0.368923424	-0.00695180112	1.36636989	0.347316938	0.0665175958	0.00218796223	22.308091
10.33	1.68717382	1.04212204	0.189998128	1.62512854	1.22279683	0.25098629	0.000212593067	0.285955707	1	0.957709351	0.476746945	0.369324616	0.0455847503	1.37085664	0.347254835	0.0633363292	0.00211791517	25.46438
10.34	1.68717444	1.04212256	0.189998017	1.62512773	1.22279764	0.250986221	0.000188264349	0.287382164	1	0.958031727	0.477205538	0.3698465	0.139694254	1.33961928	0.347393445	0.0528876156	0.00147203347	24.675732
10.35	1.68717515	1.04212307	0.189998055	1.62512685	1.2227985	0.25098608	0.000178373319	0.288501422	1	0.958458931	0.477691352	0.370417484	0.223729413	1.25652555	0.34735359	0.0663062404	0.00132952508	24.51373
10.36	1.6871759	1.04212366	0.189998114	1.6251259	1.22279945	0.250985969	0.000177060798	0.288994157	1	0.958934663	0.478157466	0.371024339	0.333225049	1.12652536	0.347052116	0.0777483492	0.000641286619	23.297308
10.37	1.68717669	1.04212416	0.18999814	1.62512497	1.22280036	0.250985766	0.000171969172	0.289137859	1	0.959374579	0.478593481	0.371662879	0.440271452	0.970851414	0.346571714	0.0902588568	0.000257724569	23.145639
10.38	1.68717746	1.04212458	0.189998137	1.6251241	1.2228012	0.250985512	0.00016273517	0.28920612	1	0.959798984	0.479047446	0.372305744	0.531145182	0.789210541	0.345962263	0.0609520208	0.000936432377	21.826428
10.39	1.68717842	1.04212482	0.189998139	1.62512318	1.22280205	0.250985008	0.00015185415	0.289318518	1	0.960085233	0.479574151	0.372786772	0.491412841	0.656773584	0.345501857	0.126550065	0.00162137262	22.713478
10.4	1.68717934	1.04212526	0.189998128	1.62512218	1.22280301	0.250984665	0.000152560535	0.289444102	1	0.960206316	0.480086289	0.373507678	0.46117761	0.524231128	0.345004262	0.0818382491	0.00238525836	23.134415
10.41	1.68718002	1.04212576	0.189998121	1.62512134	1.22280384	0.250984545	0.000147458351	0.289565629	1	0.960275931	0.480484924	0.373889354	0.536670162	0.281980951	0.34423789	0.0994144558	0.00327599117	23.380833
10.42	1.68718076	1.04212599	0.189998132	1.6251206	1.22280453	0.250984178	0.000134343935	0.289522585	1	0.960171309	0.480875096	0.374390519	0.501235182	0.0811705197	0.343483666	0.10863084	0.00381562991	23.410268
10.43	1.68718167	1.04212618	0.18999813	1.62511976	1.22280531	0.250983674	0.000129944798	0.289527627	1	0.959944268	0.481319964	0.374925961	0.402518604	-0.113979707	0.342727529	0.0600807191	0.00471656711	21.668812
10.44	1.68718245	1.04212643	0.189998119	1.62511897	1.22280604	0.250983296	0.000124073611	0.289554967	1	0.959550426	0.481715248	0.37565611	0.329602598	-0.250906212	0.342095801	0.0792408209	0.00569816077	21.758278
10.45	1.68718326	1.04212671	0.189998105	1.62511816	1.22280681	0.250982921	0.000121374066	0.289648866	1	0.959102543	0.482233866	0.376354341	0.201103818	-0.394580661	0.341461992	0.0921111461	0.00627091309	23.613746
10.46	1.6871841	1.04212695	0.189998106	1.62511734	1.22280757	0.250982492	0.000121118557	0.289705789	1	0.958496912	0.482677857	0.377179733	0.0772240249	-0.464971402	0.341011972	0.0972752484	0.00694227591	24.027013
10.47	1.6871849	1.0421273	0.18999809	1.62511648	1.22280839	0.250982181	0.000119607563	0.289772457	1	0.957833897	0.483084585	0.378121274	-0.0375748129	-0.478971518	0.340719763	0.0886375957	0.00728841919	27.42205
10.48	1.68718576	1.04212767	0.18999808	1.62511557	1.22280926	0.250981827	0.000121521115	0.289854201	1	0.957168303	0.483502561	0.379122998	-0.153056582	-0.453584383	0.3405535	0.0699834782	0.00735687071	25.302277
10.49	1.6871866	1.04212811	0.18999807	1.62511463	1.22281016	0.250981549	0.000123088579	0.289936869	1	0.956559743	0.483916084	0.380125357	-0.236021924	-0.410899337	0.340457965	0.058659359	0.00726229492	22.36483
10.5	1.68718744	1.04212861	0.189998067	1.62511366	1.22281111	0.250981308	0.000126395991	0.29000016	1	0.95602957	0.484334439	0.381070158	-0.27571554	-0.359413054	0.340412059	0.0643315878	0.00692470758	23.491408
10.51	1.68718829	1.04212919	0.18999807	1.62511263	1.22281212	0.250981115	0.000132307371	0.290042047	1	0.955609863	0.484762866	0.381943368	-0.268589468	-0.306458032	0.340394642	0.03583992	0.00628790499	24.057403
10.52	1.6871893	1.04212969	0.189998081	1.62511153	1.22281318	0.250980757	0.000142608314	0.290071149	1	0.955299519	0.485216007	0.382705814	-0.283426243	-0.249356948	0.340424162	0.127418184	0.00544082838	24.276994
10.53	1.68719031	1.04213033	0.189998098	1.62511033	1.22281435	0.250980494	0.000154992253	0.290109037	1	0.955098097	0.48566954	0.383243639	-0.327628709	-0.188097884	0.340532698	0.0485623943	0.0046455784	23.799266
10.54	1.68719129	1.04213119	0.189998126	1.62510903	1.22281565	0.250980411	0.00016989452	0.290145274	1	0.955037735	0.486134278	0.383536906	-0.315351746	-0.1550314	0.340626249	0.0649156738	0.00388949899	23.193732
10.55	1.68719232	1.04213202	0.189998156	1.62510771	1.22281697	0.25098027	0.000184543524	0.290144993	1	0.955000252	0.48653923	0.383701269	-0.312350099	-0.149209188	0.340664569	0.0461549684	0.00296642952	21.907049
10.56	1.68719214	1.04213189	0.189998505	1.62510793	1.22281675	0.250980306	0.000137807107	0.285636555	1	0.955053779	0.486943602	0.383698603	-0.309540995	-0.155939817	0.339622342	0.0386614724	0.00223496925	25.004486
10.57	1.68719427	1.0421337	0.189998127	1.62510515	1.22281953	0.250980076	0.000199700923	0.285714343	1	0.955121429	0.487276178	0.383540726	-0.296401542	-0.193306437	0.339521554	0.0450328232	0.00240555161	23.305297
10.58	1.68719506	1.04213444	0.189998039	1.62510407	1.22282061	0.250980039	0.000190307276	0.287139701	1	0.955217366	0.487561416	0.383156399	-0.274016565	-0.244040412	0.339756303	0.0612622331	0.000917262239	23.107672
10.59	1.68719589	1.04213527	0.189998098	1.62510291	1.22282179	0.250980046	0.000195497387	0.28827233	1	0.955306234	0.487759287	0.382566627	-0.245229768	-0.303865222	0.340007601	0.0688756901	0.000327602663	24.517301
10.6	1.6871968	1.0421362	0.189998179	1.62510163	1.22282309	0.250980058	0.000206685534	0.288829365	1	0.955407666	0.487900686	0.381688181	-0.214043698	-0.388885079	0.340148313	0.0626438587	0.000824826753	20.844211
10.61	1.6871977	1.04213713	0.189998225	1.62510036	1.22282438	0.250980078	0.000215037431	0.289064539	1	0.955500588	0.487941901	0.380513891	-0.195707922	-0.483244268	0.34024312	0.0686673413	0.00150440477	23.569529
10.62	1.68719857	1.04213805	0.189998241	1.62509911	1.22282565	0.250980118	0.000219864535	0.289229001	1	0.955524952	0.487844813	0.379078716	-0.178483503	-0.567626964	0.340384625	0.0789796218	0.00198387166	22.020088
10.63	1.68719943	1.04213894	0.189998242	1.62509789	1.22282689	0.250980135	0.000221936813	0.289417342	1	0.955481922	0.487611974	0.377369336	-0.175541078	-0.639340865	0.340609747	0.0544828278	0.00232421882	21.62073
10.64	1.6872002	1.04213995	0.189998245	1.62509667	1.22282815	0.250980304	0.000225908249	0.28963154	1	0.955389219	0.487192673	0.375297602	-0.114982883	-0.670862011	0.341031436	0.0776509139	0.00257857362	22.81339
10.65	1.68720105	1.04214096	0.189998253	1.62509539	1.22282946	0.250980417	0.00023138841	0.289841814	1	0.955259839	0.486640347	0.372955743	-0.0422530229	-0.73168857	0.341424675	0.0739009285	0.00307194282	22.933018
10.66	1.68720172	1.04214192	0.189998254	1.62509428	1.22283061	0.250980618	0.000230329079	0.289980023	1	0.955150646	0.485963521	0.37034586	0.0604952422	-0.824574973	0.341746135	0.100212945	0.00359156683	24.028522
10.67	1.6872023	1.0421428	0.18999824	1.62509329	1.22283165	0.250980829	0.000224746892	0.290069681	1	0.955036795	0.485158746	0.36758722	0.183375131	-0.955981055	0.341945284	0.0965573627	0.00420262149	23.464976
10.68	1.68720274	1.04214358	0.189998213	1.62509248	1.22283251	0.250981076	0.00021292882	0.290143672	1	0.954957293	0.484257303	0.364653614	0.323855581	-1.13084451	0.342010294	0.0629018488	0.00484902526	23.050771
10.69	1.68720306	1.04214431	0.189998187	1.62509179	1.22283326	0.250981366	0.000197836137	0.290219936	1	0.954874818	0.483216562	0.361591695	0.485614408	-1.33096154	0.341986039	0.0716006645	0.00553876595	24.328593
10.7	1.6872033	1.04214504	0.189998171	1.62509116	1.22283394	0.250981713	0.000184458582	0.290312333	1	0.954878327	0.482054168	0.358369628	0.68361551	-1.55695485	0.341884725	0.0975733727	0.00631409055	26.487071
10.71	1.6872035	1.04214569	0.189998155	1.62509062	1.22283454	0.250982028	0.000170940324	0.290430194	1	0.954957636	0.480778142	0.354942761	0.900306396	-1.82386237	0.341676353	0.0902047482	0.00718835687	23.874712
10.72	1.68720363	1.04214623	0.189998143	1.6250902	1.22283501	0.250982321	0.000157425767	0.290541675	1	0.955086191	0.479389389	0.35132067	1.12505072	-2.14047038	0.341320147	0.0883484791	0.00803403055	23.544818
10.73	1.68720365	1.0421467	0.18999814	1.6250899	1.22283536	0.25098264	0.000147594228	0.290641803	1	0.955301919	0.477906882	0.347434774	1.36851734	-2.50994573	0.340814336	0.061411801	0.00881607553	24.058616
10.74	1.68720366	1.042147	0.189998132	1.62508971	1.22283558	0.250982842	0.000133595798	0.290726736	1	0.955336807	0.476273228	0.343601225	1.53785902	-2.82024379	0.340425132	0.0473154416	0.00957193707	25.375366
10.75	1.68720365	1.04214728	0.189998121	1.62508956	1.22283577	0.250983048	0.00012818552	0.290840182	1	0.955205039	0.474433248	0.34002545	1.71855009	-3.14251145	0.339938963	0.0670334645	0.00968066583	24.004529
10.76	1.68720339	1.04214756	0.189998137	1.62508961	1.22283578	0.250983428	0.000146269641	0.290973545	1	0.955160631	0.472417202	0.336230959	2.01565271	-3.52134084	0.339318486	0.0417565118	0.0095097562	23.842415
10.77	1.68720322	1.04214761	0.18999815	1.62508972	1.2228357	0.250983583	0.00015372431	0.291239292	1	0.955108656	0.470349736	0.332129618	2.22181278	-4.08655702	0.338178334	0.0776554735	0.00955496139	26.129134
10.78	1.68720335	1.04214757	0.189998502	1.62508964	1.22283576	0.250983462	0.000114755563	0.284867615	1	0.95486473	0.468111406	0.328334029	2.50794165	-4.64964601	0.335992276	0.0516591393	0.00922716231	25.883748
10.79	1.68720325	1.04214823	0.189998091	1.62508933	1.22283616	0.250984005	0.000168442422	0.284188982	1	0.954629317	0.465707086	0.324420556	2.85918518	-5.303671	0.334279568	0.0666905632	0.00945474368	24.773864
10.8	1.68720449	1.04214615	0.189998209	1.62508955	1.22283556	0.250981656	0.000213142671	0.285502246	1	0.955277065	0.466288242	0.325373248	2.15511241	-4.95513086	0.335041443	0.0732304271	0.00942695629	24.447225
10.81	1.68720486	1.04214748	0.189998054	1.62508847	1.22283676	0.250982335	0.000128233846	0.287610292	1	0.955957236	0.467024723	0.326072784	1.65973938	-4.75771535	0.335971044	0.0795971369	0.00519663107	25.238557
10.82	1.68720497	1.0421479	0.189998107	1.62508814	1.22283714	0.250982552	0.000113159637	0.288754723	1	0.956672322	0.467821108	0.326648074	1.31611878	-4.66382423	0.336500293	0.0651874294	0.00327745407	24.13755
10.83	1.68720508	1.0421483	0.189998155	1.62508781	1.2228375	0.250982758	0.000103929189	0.289013036	1	0.957375442	0.468545689	0.327059651	1.12447582	-4.65474413	0.336624963	0.0655846045	0.00222833975	26.29316
10.84	1.6872052	1.04214868	0.189998167	1.62508748	1.22283786	0.250982938	0.000102914259	0.288932671	1	0.95804665	0.469133226	0.327336043	1.07750292	-4.71223907	0.336477547	0.0818754845	0.00188415325	23.085436
10.85	1.68720537	1.04214896	0.189998158	1.62508719	1.22283817	0.250983016	0.000104153386	0.288914116	1	0.958562383	0.46963267	0.327201753	1.11685909	-4.7411808	0.336459074	0.0775176198	0.00191717066	28.270377
10.86	1.68720554	1.04214938	0.189998133	1.6250868	1.22283859	0.250983195	0.000104621243	0.289006788	1	0.959010802	0.469987042	0.326936051	1.28219689	-4.83106248	0.336323542	0.0947728345	0.00234575873	27.377625
10.87	1.68720568	1.04214964	0.189998135	1.62508653	1.22283887	0.25098328	0.000108277888	0.289114072	1	0.959469126	0.470310899	0.326328593	1.49522683	-5.01507836	0.335974088	0.0731828746	0.00271803408	23.932979
10.88	1.68720604	1.04214953	0.189998131	1.62508631	1.22283905	0.250982953	0.000103144196	0.289136728	1	0.960137629	0.471100489	0.326110222	1.53002711	-5.11958045	0.335724466	0.0623318676	0.00284539543	24.2814
10.89	1.68720643	1.04214971	0.189998099	1.62508588	1.22283946	0.250982797	9.38607543e-05	0.28932862	1	0.960875078	0.472079919	0.325749264	1.48830382	-5.25384122	0.335477841	0.0441175078	0.00249540456	25.92824
10.9	1.68720684	1.0421498	0.189998097	1.6250855	1.22283981	0.250982573	8.89974566e-05	0.289447835	1	0.96163926	0.473229749	0.325221426	1.34181574	-5.4121178	0.335190018	0.052056516	0.00208482349	25.643985
10.91	1.68720728	1.04214987	0.189998096	1.6250851	1.22284017	0.250982317	8.72020178e-05	0.289466901	1	0.962456371	0.474607238	0.324474542	1.07983518	-5.60207432	0.334829717	0.0574696291	0.00183390046	25.299434
10.92	1.68720773	1.04214994	0.189998093	1.6250847	1.22284054	0.25098205	8.82654963e-05	0.289436532	1	0.963346391	0.476251606	0.323538427	0.70364021	-5.8369129	0.334351602	0.0688760467	0.00222295322	24.078913
10.93	1.68720818	1.04214999	0.189998091	1.62508431	1.22284089	0.250981757	9.33624027e-05	0.289402297	1	0.964407128	0.478208798	0.322379218	0.194226648	-6.12481504	0.33374271	0.0566705498	0.00311128978	24.648498
10.94	1.68720852	1.04215017	0.189998094	1.62508393	1.22284126	0.250981652	8.8566414e-05	0.289386109	1	0.96539555	0.480252323	0.320761892	-0.312646315	-6.51868846	0.332922702	0.0727933429	0.00430884299	24.910589
10.95	1.68720852	1.04215023	0.18999846	1.62508389	1.2228413	0.250981691	6.67310268e-05	0.283513412	1	0.966301881	0.482357676	0.318674526	-0.822584528	-6.99603146	0.330985489	0.0565779196	0.00520330959	24.728907
10.96	1.68720986	1.04215027	0.189998051	1.62508279	1.22284227	0.25098077	0.000107511088	0.282911762	1	0.967400506	0.48518651	0.317003697	-1.60092375	-7.37623756	0.330069716	0.115214499	0.00618313395	23.442024
10.97	1.68720976	1.04215166	0.18999793	1.62508205	1.22284319	0.250981821	6.37706621e-05	0.284375793	1	0.970286932	0.488414919	0.317750964	-1.65071892	-7.14887777	0.331067665	0.109193863	0.00748415363	24.561893
10.98	1.6872117	1.04215304	0.189997991	1.62507967	1.22284553	0.250981432	3.67618713e-05	0.286571087	1	0.972979415	0.491392473	0.318390564	-1.65279335	-6.89795874	0.332632156	0.10244215	0.00803667704	27.080937
10.99	1.68721362	1.04215508	0.189998501	1.62507691	1.22284834	0.250981513	0.00018373796	0.287468764	1	0.975526071	0.494003403	0.318718211	-1.54843708	-6.66942272	0.334068119	0.0849431016	0.00833228801	26.887956
11	1.68721585	1.04215715	0.189998978	1.62507389	1.22285138	0.250981396	0.000322259687	0.2873324	1	0.977896289	0.496385691	0.319126628	-1.41769963	-6.4122799	0.335019192	0.0745798788	0.00848959149	24.677647
11.01	1.68721763	1.04215928	0.189998865	1.6250712	1.22285414	0.250981642	0.000257833987	0.286994316	1	0.980127708	0.498521178	0.319508084	-1.226633	-6.15401374	0.335853766	0.0964499586	0.00884487559	23.074632
11.02	1.68721951	1.0421609	0.18999896	1.62506872	1.22285662	0.25098146	0.000330573615	0.286761449	1	0.982149689	0.50033983	0.31998562	-1.06455516	-5.89210173	0.33664155	0.0928988896	0.00925294861	24.114864
11.03	1.68722139	1.04216254	0.189998789	1.62506624	1.2228591	0.250981296	0.000245692559	0.286652124	1	0.984043971	0.502118047	0.320221719	-0.985888104	-5.70456566	0.337245234	0.072761883	0.00941723021	23.117272
11.04	1.6872231	1.04216401	0.189998869	1.62506399	1.22286135	0.250981127	0.000306774546	0.286503837	1	0.98575643	0.503752752	0.320397729	-0.887642427	-5.49576537	0.337864142	0.0839583091	0.00927941264	27.589678
11.05	1.6872252	1.04216631	0.18999883	1.62506094	1.22286446	0.250981269	0.000261988898	0.28640244	1	0.987229931	0.505103351	0.320742973	-0.820271957	-5.28516286	0.338438139	0.0688334694	1.00203467e-10	28.319144
11.06	1.68722801	1.04216941	0.189999584	1.62505684	1.22286865	0.250981475	0.000483553305	0.286276158	1	0.98852995	0.506234544	0.321295026	-0.759818576	-5.10973193	0.338843313	0.0978478526	0.000366400284	27.380803
11.07	1.68724821	1.04170138	0.18947302	1.62531644	1.22255198	0.250636242	0.252048244	0.286394414	1	0.989547876	0.50711425	0.322297736	-0.739093973	-4.93537092	0.33897276	0.150321525	0.000704226152	27.043814
11.08	1.68737607	1.04206908	0.189493448	1.62499638	1.22290239	0.250805837	0.128093042	0.282597047	1	0.990338599	0.507825629	0.323621031	-0.688236233	-4.72402022	0.338236758	0.0581269545	0.000984935237	25.846936
11.09	1.68741351	1.04216015	0.189625976	1.62491245	1.22299327	0.250843753	0.100239561	0.283369801	1	0.99087658	0.508438902	0.325109923	-0.650748763	-4.48187932	0.338551129	0.0546484636	0.00118141014	25.526584
11.1	1.68744501	1.04224044	0.189716989	1.62483967	1.22307232	0.250878252	0.0751451374	0.284704632	1	0.991385632	0.508730861	0.326450916	-0.582220945	-4.3572736	0.338897214	0.0611496083	0.00134591129	22.705059
11.11	1.68746879	1.04229993	0.189785579	1.6247854	1.22313119	0.250903501	0.0567720972	0.28538699	1	0.991659506	0.508880277	0.328080402	-0.540672671	-4.20719076	0.339205928	0.0466899248	0.00143013947	23.057626
11.12	1.68748721	1.04234502	0.189836922	1.62474395	1.2231761	0.250922368	0.0430099376	0.285672775	1	0.991775672	0.508952202	0.32981102	-0.516626811	-4.05958195	0.339426729	0.0432313272	0.00142988046	24.555799
11.13	1.68750144	1.04237927	0.189875589	1.62471226	1.22321038	0.250936517	0.0326518353	0.285806553	1	0.991783898	0.508987707	0.331515997	-0.509729633	-3.92587809	0.339580755	0.0473479963	0.00135629118	25.61429
11.14	1.68751254	1.04240551	0.189904856	1.62468783	1.22323678	0.250947225	0.0248105376	0.285912965	1	0.991715172	0.509015259	0.333087391	-0.49790815	-3.80663805	0.339713097	0.0460684897	0.001224125	22.262691
11.15	1.68752133	1.04242568	0.189927063	1.62466884	1.22325726	0.250955275	0.018860026	0.286025287	1	0.991582293	0.509052361	0.33446296	-0.487787955	-3.71331177	0.339821714	0.0446594935	0.0010728923	24.053656
11.16	1.68752836	1.04244122	0.189943939	1.624654	1.22327322	0.250961285	0.0143390094	0.286118188	1	0.991379606	0.509092184	0.335636103	-0.490858342	-3.64006522	0.339919994	0.0246935228	0.000909255146	26.770733
11.17	1.68753411	1.0424534	0.189956843	1.62464218	1.2232859	0.25096584	0.0108829185	0.286187838	1	0.991085829	0.509108963	0.336600122	-0.497153841	-3.57892594	0.340032584	0.0345079639	0.000745071663	25.366584
11.18	1.68753887	1.04246298	0.189966703	1.62463269	1.22329604	0.250969247	0.00824292277	0.28624219	1	0.990684561	0.509079082	0.337355427	-0.505007612	-3.52178884	0.34018716	0.0475900349	0.00061139036	23.409018
11.19	1.68754292	1.04247047	0.189974234	1.624625	1.2233042	0.250971672	0.00623049302	0.286290242	1	0.990113553	0.508990503	0.337922182	-0.540432816	-3.47041179	0.340379752	0.067693277	0.000547895043	25.445583
11.2	1.68754631	1.04247638	0.189979972	1.62461877	1.22331078	0.250973456	0.00469784098	0.286327358	1	0.989342715	0.508812581	0.338271093	-0.586032953	-3.42838142	0.340605363	0.0637844818	0.000597992737	24.398415
11.21	1.68754921	1.04248095	0.189984326	1.62461374	1.22331606	0.250974643	0.00353854746	0.286355717	1	0.988344587	0.508571495	0.338414529	-0.659665081	-3.39506947	0.340855115	0.056788402	0.0007606462	24.388259
11.22	1.68755168	1.04248448	0.189987621	1.62460967	1.2233203	0.250975393	0.00266396847	0.286387142	1	0.987097388	0.508270157	0.338372226	-0.769921466	-3.3639339	0.341094904	0.0399129083	0.00101502064	23.242466
11.23	1.68755378	1.04248729	0.189990129	1.62460632	1.22332377	0.250975893	0.00199952877	0.286430271	1	0.985622389	0.50793966	0.338195076	-0.876873374	-3.37282667	0.341208669	0.0635659086	0.00134035794	22.918846
11.24	1.68755551	1.04248943	0.18999203	1.62460365	1.22332651	0.250976178	0.00150224427	0.286478124	1	0.984028762	0.507591784	0.337774006	-0.994133068	-3.42240993	0.341234932	0.039349581	0.0016687355	24.795291
11.25	1.68755701	1.04249103	0.189993466	1.6246015	1.2233287	0.250976249	0.00113296696	0.286554423	1	0.982353873	0.507271789	0.337030992	-1.12410506	-3.51143845	0.341196321	0.0437062265	0.00202554808	24.296915
11.26	1.68755833	1.04249225	0.18999456	1.62459972	1.22333049	0.250976186	0.000859627116	0.286663637	1	0.980584712	0.50697969	0.335918699	-1.27116919	-3.6360353	0.341113981	0.0632844773	0.0023787814	23.586078
11.27	1.68755944	1.04249321	0.189995393	1.62459825	1.22333196	0.25097608	0.000657409034	0.28678746	1	0.978729874	0.506689668	0.334466058	-1.42815325	-3.79662528	0.340978932	0.0339058892	0.00268822665	21.556075
11.28	1.6875604	1.04249391	0.18999603	1.62459706	1.22333314	0.250975891	0.000513663178	0.286920461	1	0.976803249	0.506432601	0.33266732	-1.62025131	-3.99813005	0.340773189	0.0602777974	0.002941877	23.148097
11.29	1.68756117	1.04249443	0.189996511	1.62459614	1.22333404	0.250975713	0.000411259318	0.287062399	1	0.974823169	0.506208141	0.330524508	-1.84902864	-4.24480078	0.340484527	0.0458016823	0.00318863079	24.749623
11.3	1.68756171	1.0424948	0.18999687	1.62459548	1.22333469	0.250975596	0.000338459608	0.287214191	1	0.972811285	0.50599182	0.32803122	-2.10356429	-4.54634802	0.340088379	0.0575580836	0.0034441178	23.908309
11.31	1.68756167	1.04249506	0.189997522	1.62459536	1.22333484	0.250975806	0.000257901829	0.281700734	1	0.970775459	0.505775634	0.325227906	-2.38587618	-4.88007542	0.338611678	0.0414249279	0.00370626237	22.913506
11.32	1.68756296	1.04249544	0.189997263	1.6245941	1.22333602	0.25097516	0.000244174785	0.281682624	1	0.968586123	0.505520285	0.322301096	-2.67005306	-5.29118984	0.337828872	0.0291676674	0.00403931127	24.010973
11.33	1.68756247	1.04249625	0.189997358	1.62459401	1.22333625	0.250976077	0.000185190176	0.283015316	1	0.968587293	0.505896352	0.322296084	-2.34170107	-5.04209476	0.338530868	0.0430621265	0.00421079235	24.04968
11.34	1.68756384	1.04249677	0.189997422	1.6245926	1.22333759	0.250975482	0.000136875653	0.285320496	1	0.968793062	0.506230574	0.322115947	-2.05159892	-4.90730542	0.339497345	0.0426477028	0.00296485187	23.716613
11.35	1.68756485	1.04249714	0.189997654	1.62459157	1.22333856	0.250975032	0.000106225363	0.286395313	1	0.969101639	0.506535236	0.321892815	-1.86335788	-4.8270541	0.340195754	0.0545399114	0.00205822555	23.176622
11.36	1.68756584	1.04249762	0.189997812	1.62459048	1.2233396	0.250974671	8.52748502e-05	0.286545846	1	0.969572589	0.506845345	0.321599118	-1.7214715	-4.78654018	0.340590274	0.0503012398	0.0013493368	25.208068
11.37	1.68756681	1.04249811	0.189997896	1.62458941	1.22334064	0.250974323	8.13014892e-05	0.286458117	1	0.970166794	0.507140919	0.321283005	-1.61413623	-4.77690125	0.340789391	0.0204569221	0.00121556704	25.650809
11.38	1.68756775	1.04249855	0.189997943	1.62458839	1.22334161	0.250973971	8.52962176e-05	0.286447189	1	0.970842808	0.507416658	0.32095786	-1.54867112	-4.78530044	0.340902603	0.0488761459	0.00133968921	25.390831
11.39	1.68756867	1.04249899	0.189997977	1.62458739	1.22334258	0.250973636	9.10140327e-05	0.286535391	1	0.971611738	0.507692618	0.320573414	-1.51917504	-4.80405874	0.340990212	0.0402567775	0.00151533088	24.935676
11.4	1.68756959	1.0424995	0.189998006	1.62458635	1.22334358	0.250973344	9.81542684e-05	0.28665039	1	0.972484984	0.507986794	0.320133213	-1.50311996	-4.83840449	0.341042152	0.0479268413	0.00172986372	22.90537
11.41	1.68757056	1.04250002	0.189998037	1.62458526	1.22334463	0.250973028	0.000108754812	0.286741782	1	0.973437213	0.50828916	0.319578533	-1.49912986	-4.87026056	0.341121021	0.0282041411	0.00194655516	24.550974
11.42	1.68757163	1.04250055	0.189998069	1.62458408	1.22334577	0.250972648	0.000123679361	0.286796786	1	0.97430269	0.508567124	0.319015194	-1.53338965	-4.88610257	0.341245554	0.0516318882	0.00222620382	22.77363
11.43	1.68757272	1.04250108	0.189998098	1.62458288	1.22334692	0.250972251	0.000137107116	0.286809264	1	0.974978673	0.508784755	0.31848242	-1.60228585	-4.87385957	0.341436365	0.0620608083	0.00251094259	25.426332
11.44	1.68757378	1.04250164	0.189998118	1.62458169	1.22334807	0.250971897	0.000147017739	0.286799637	1	0.97544025	0.508927867	0.31797676	-1.69792679	-4.83103258	0.34170133	0.0220421034	0.00274699724	24.353359
11.45	1.6875748	1.04250222	0.189998129	1.62458053	1.22334919	0.250971588	0.000153315973	0.286799282	1	0.975838683	0.509066203	0.317386176	-1.80341027	-4.76505589	0.342046821	0.0601959549	0.00293376205	28.468727
11.46	1.68757579	1.04250287	0.189998138	1.62457935	1.22335035	0.250971343	0.000159431799	0.286810144	1	0.976031077	0.509158013	0.316927549	-1.92119976	-4.69105235	0.342389314	0.0409494766	0.00318239927	27.79444
11.47	1.68757668	1.04250343	0.189998146	1.6245783	1.22335138	0.250971113	0.000158898263	0.286848562	1	0.975995262	0.509179102	0.31596104	-2.04818433	-4.74300774	0.342478568	0.0270655149	0.00326726583	25.818638
11.48	1.68757705	1.04250414	0.189998122	1.62457758	1.22335215	0.250971353	0.00014223213	0.286663886	1	0.976332716	0.509334814	0.315803221	-2.03931137	-4.63300808	0.342758036	0.0442810868	0.00302955965	25.398378
11.49	1.68757808	1.04250472	0.189998098	1.62457641	1.22335328	0.250971031	0.000148121731	0.286811793	1	0.97652611	0.50946822	0.31571723	-2.06410004	-4.54530132	0.343062291	0.0289159819	0.00307092402	24.791483
11.5	1.68757886	1.04250525	0.189998101	1.62457546	1.22335421	0.250970853	0.000144741704	0.286867654	1	0.976632583	0.509611733	0.315708998	-2.12949003	-4.47618741	0.343277397	0.0478429068	0.00299008435	23.394095
11.51	1.6875795	1.04250585	0.189998096	1.6245746	1.22335508	0.250970827	0.000139945976	0.286817303	1	0.976610695	0.509721636	0.315812366	-2.1704158	-4.43167661	0.343366487	0.0332689845	0.0028060259	24.155332
11.52	1.68757938	1.04250574	0.189998462	1.62457476	1.22335492	0.250970837	0.000105329512	0.281638505	1	0.976529721	0.509813288	0.316007981	-2.18070943	-4.40631799	0.342318251	0.0329311977	0.00239594609	24.144342
11.53	1.68758074	1.04250731	0.189997994	1.62457274	1.22335699	0.250970986	0.000133043578	0.281754314	1	0.976353645	0.509801411	0.316246715	-2.17441105	-4.42650993	0.3420883	0.0573187463	0.00182122901	27.262242
11.54	1.68758094	1.04250776	0.189997932	1.6245723	1.22335745	0.250971161	0.000102463509	0.283107308	1	0.976409001	0.509788807	0.316362959	-2.08991866	-4.41357426	0.342269529	0.050920751	0.00141110623	24.789703
11.55	1.68758133	1.04250827	0.18999795	1.62457169	1.22335809	0.250971249	9.68384078e-05	0.284244825	1	0.976292902	0.509612648	0.316485266	-2.01244166	-4.42522201	0.342427385	0.0601406933	0.0018544752	26.444862
11.56	1.68758169	1.04250876	0.18999799	1.62457111	1.22335869	0.25097134	9.27435571e-05	0.284798955	1	0.97606416	0.509332007	0.316676053	-1.92790351	-4.44590091	0.342439143	0.0411624381	0.00213285533	25.376917
11.57	1.68758205	1.04250922	0.189998002	1.62457055	1.22335927	0.250971409	8.681245e-05	0.2850505	1	0.975737365	0.508951445	0.316949625	-1.84741746	-4.4661485	0.34234388	0.0401786116	0.00229582462	26.315244
11.58	1.68758238	1.04250964	0.189997999	1.62457003	1.2233598	0.250971472	7.95293703e-05	0.285230789	1	0.97533519	0.50849107	0.317307478	-1.7710481	-4.4895635	0.342170038	0.0262206487	0.00257281161	24.057204
11.59	1.68758269	1.04251005	0.189997996	1.62456955	1.2233603	0.250971544	7.34989529e-05	0.285409707	1	0.974889312	0.507984994	0.31774576	-1.69930224	-4.52120963	0.341925956	0.0320007455	0.00294485049	23.768949
11.6	1.68758297	1.04251044	0.189997995	1.62456908	1.22336078	0.250971618	6.96021914e-05	0.28558154	1	0.974416566	0.507444088	0.318237625	-1.63503367	-4.55709068	0.341640827	0.042832131	0.00334811058	23.670514
11.61	1.68758329	1.04251079	0.189997993	1.62456862	1.22336125	0.250971647	6.41921967e-05	0.285739147	1	0.97404221	0.50699462	0.318744708	-1.60743807	-4.58499224	0.341352711	0.0475835244	0.00367024186	26.013385
11.62	1.68758366	1.04251113	0.189997993	1.62456813	1.22336176	0.250971626	5.72919651e-05	0.285941364	1	0.973509405	0.506437392	0.318729439	-1.62534523	-4.69307148	0.340957106	0.0464636774	0.00374298027	25.727414
11.63	1.68758382	1.04251161	0.189998004	1.62456771	1.22336221	0.250971851	7.27613532e-05	0.285936954	1	0.973333951	0.506025475	0.319143768	-1.58162673	-4.68424136	0.340739607	0.0396665694	0.00388823723	25.241287
11.64	1.68758431	1.04251201	0.189997968	1.62456709	1.22336283	0.250971784	6.2020647e-05	0.286153709	1	0.973146301	0.505624083	0.319493391	-1.58168973	-4.6737974	0.34063141	0.0318462045	0.00367744569	25.267212
11.65	1.68758471	1.04251243	0.189997967	1.6245665	1.22336342	0.250971795	5.97702533e-05	0.286303636	1	0.97293516	0.50521323	0.319810787	-1.58416888	-4.6583878	0.340574011	0.0541765822	0.00326324512	26.116244
11.66	1.68758515	1.04251284	0.189997967	1.62456591	1.22336402	0.250971782	5.58161663e-05	0.286371358	1	0.972730418	0.504787309	0.320116642	-1.58319008	-4.64429975	0.340529747	0.0343826672	0.00275115927	23.436982
11.67	1.68758559	1.04251323	0.189997965	1.62456532	1.22336461	0.250971742	5.04015783e-05	0.286408111	1	0.972562078	0.504353157	0.320373426	-1.57695884	-4.63094253	0.340503572	0.0186978482	0.00222879947	24.370281
11.68	1.68758605	1.04251363	0.189997962	1.62456472	1.22336522	0.2509717	4.60721448e-05	0.286444911	1	0.97238697	0.503866598	0.320591945	-1.55643845	-4.61431897	0.340504421	0.0347678906	0.00179191216	24.997769
11.69	1.68758651	1.04251402	0.18999796	1.62456412	1.22336582	0.250971654	4.22510141e-05	0.286482561	1	0.972198525	0.50329847	0.320755238	-1.52348729	-4.58916468	0.34055047	0.0292694069	0.00154429928	24.475302
11.7	1.68758697	1.04251442	0.189997956	1.62456351	1.22336642	0.250971605	3.91527599e-05	0.286522132	1	0.972116062	0.502732683	0.320906323	-1.4825998	-4.55664208	0.340634015	0.030578083	0.00140348708	22.207621
11.71	1.68758749	1.04251479	0.189997954	1.62456287	1.22336706	0.250971498	3.40654615e-05	0.286588619	1	0.971990592	0.502060273	0.320930306	-1.43110466	-4.52236613	0.340765265	0.047778876	0.00129149989	22.543345
11.72	1.68758796	1.0425152	0.189997955	1.62456225	1.22336768	0.250971457	3.41616164e-05	0.28662056	1	0.971840922	0.501280468	0.320917234	-1.36313361	-4.48069683	0.340926347	0.0414082448	0.00123144398	23.110275
11.73	1.68758846	1.04251556	0.189997955	1.62456163	1.22336829	0.250971357	3.03300009e-05	0.286644566	1	0.971753697	0.5005057	0.320885569	-1.30196521	-4.44689285	0.34106567	0.0721374018	0.00121645178	25.822882
11.74	1.68758896	1.04251592	0.189997954	1.62456102	1.22336889	0.250971257	2.714678e-05	0.286684074	1	0.971765009	0.49977839	0.320821371	-1.24774052	-4.42015146	0.341194848	0.034938801	0.00126421566	25.208381
11.75	1.68758951	1.04251625	0.189997956	1.62456038	1.22336951	0.2509711	2.43886536e-05	0.286736805	1	0.971861365	0.499146515	0.320756145	-1.220923	-4.40032267	0.341309966	0.0486916604	0.00135639828	24.42896
11.76	1.68759007	1.0425166	0.189997959	1.62455973	1.22337015	0.250970956	2.52405295e-05	0.286786877	1	0.972035121	0.498617567	0.320711926	-1.20671141	-4.39429324	0.341383413	0.0531203258	0.00157888716	24.187374
11.77	1.68759002	1.04251656	0.189998359	1.62455978	1.2233701	0.250970961	1.88990853e-05	0.281490764	1	0.972137326	0.498186719	0.32018187	-1.27808342	-4.42169234	0.34043474	0.044490228	0.00183759979	22.754799
11.78	1.68759171	1.0425175	0.189997895	1.62455787	1.22337195	0.250970437	5.02277293e-05	0.281417547	1	0.972472882	0.497915012	0.320125263	-1.28235854	-4.43307665	0.340336926	0.0309704291	0.0025501077	25.658175
11.79	1.68759221	1.04251779	0.189997831	1.62455729	1.22337251	0.25097029	3.23984319e-05	0.282935809	1	0.972853867	0.497787915	0.320165814	-1.29831888	-4.47866959	0.340513397	0.0555994596	0.0027043544	24.312706
11.8	1.68759287	1.04251799	0.18999791	1.62455664	1.22337312	0.250969961	3.76629352e-05	0.284173198	1	0.973014869	0.497751319	0.3199436	-1.41641495	-4.61455326	0.340506266	0.0232050395	0.00309929947	25.453462
11.81	1.6875932	1.04251843	0.189997966	1.62455611	1.22337367	0.250970041	2.90157458e-05	0.284658809	1	0.97346664	0.497896121	0.320062714	-1.4204984	-4.69457088	0.340415966	0.0557077158	0.00342401066	24.217347
11.82	1.687594	1.04251878	0.189997996	1.62455526	1.22337448	0.25096972	4.23457958e-05	0.285004159	1	0.973667388	0.498072514	0.319970676	-1.48018513	-4.82465666	0.340199267	0.0492802634	0.00322452278	24.542694
11.83	1.68759445	1.0425192	0.189998002	1.62455465	1.22337509	0.250969702	3.8693941e-05	0.285143269	1	0.974037379	0.498370695	0.320106355	-1.49328898	-4.9090784	0.339974951	0.0418214352	0.00328602529	24.833338
11.84	1.68759519	1.04251956	0.189998009	1.62455384	1.22337587	0.250969426	4.63717785e-05	0.285382798	1	0.974197153	0.498708689	0.319983941	-1.56613966	-5.04882725	0.33966711	0.0407680273	0.00301492972	23.286043
11.85	1.6875956	1.04252002	0.189998004	1.62455324	1.22337648	0.250969462	4.13705973e-05	0.285480931	1	0.974543037	0.499136685	0.320103394	-1.58347276	-5.10974765	0.339472417	0.0283609797	0.00298405139	23.603487
11.86	1.68759617	1.04252066	0.189997992	1.6245524	1.22337734	0.250969516	5.50203959e-05	0.28568991	1	0.975041509	0.499561713	0.32004641	-1.5107902	-5.20664171	0.339249051	0.0422007916	0.00259120575	22.858439
11.87	1.68759681	1.04252115	0.189998002	1.62455159	1.22337814	0.250969406	6.22669711e-05	0.285801854	1	0.975535655	0.500008153	0.320094376	-1.49363961	-5.26646337	0.339095075	0.0382907338	0.00180139089	23.594018
11.88	1.68759762	1.04252162	0.189998016	1.62455067	1.22337904	0.250969171	7.17373113e-05	0.285876539	1	0.975790643	0.500338001	0.320103403	-1.49662257	-5.29556631	0.339042552	0.0387832582	0.0015715965	23.33893
11.89	1.68759841	1.04252206	0.189998031	1.62454977	1.22337992	0.250968924	7.84914748e-05	0.285897294	1	0.975683276	0.500558081	0.320005916	-1.57562109	-5.31719231	0.339033628	0.0670541741	0.00129907274	23.602776
11.9	1.68759899	1.04252258	0.189998027	1.62454899	1.22338069	0.250968876	8.0000003e-05	0.2858494	1	0.975483037	0.500739149	0.320031723	-1.65093476	-5.28622404	0.339111726	0.032596526	0.00141447255	24.324225
11.91	1.68759972	1.04252302	0.189998023	1.62454815	1.22338152	0.250968674	8.18243051e-05	0.285897817	1	0.974947393	0.500823929	0.319918032	-1.78561555	-5.26269267	0.339224586	0.0568063337	0.0013809236	28.134158
11.92	1.68760015	1.04252358	0.189998012	1.62454747	1.22338222	0.250968767	7.98175626e-05	0.285882232	1	0.974410628	0.500861276	0.320026472	-1.87461844	-5.17670216	0.339427387	0.0359398126	0.0015238633	27.152002
11.93	1.68760074	1.0425241	0.189998001	1.62454668	1.223383	0.250968715	8.15029691e-05	0.285975026	1	0.97362748	0.500790021	0.319964844	-1.98881986	-5.11237334	0.339639908	0.0477962361	0.00120550067	23.413524
11.94	1.6876011	1.04252474	0.189998002	1.62454602	1.22338371	0.250968911	8.35521229e-05	0.285973947	1	0.972958578	0.500694477	0.320123451	-2.02584843	-5.006337	0.339891308	0.0507102329	0.00105713485	23.264759
11.95	1.68760158	1.0425253	0.189997986	1.62454529	1.22338445	0.250968968	8.53987063e-05	0.286050376	1	0.97229332	0.500556272	0.320278858	-2.04475037	-4.91175192	0.340136437	0.0227809092	0.000690820972	22.615457
11.96	1.68760202	1.04252583	0.189997981	1.62454462	1.22338514	0.25096903	8.45063413e-05	0.286100273	1	0.971689013	0.500410376	0.320465028	-2.05200092	-4.83670763	0.340315237	0.0249243773	0.000503660852	23.680121
11.97	1.68760245	1.04252635	0.189997979	1.62454397	1.22338581	0.2509691	8.36000925e-05	0.286121611	1	0.971183653	0.500261775	0.320694914	-2.04482103	-4.78889364	0.340397634	0.0400232967	0.000539571007	23.171007
11.98	1.68760287	1.04252684	0.189997975	1.62454334	1.22338645	0.250969144	8.06624087e-05	0.286155578	1	0.970910436	0.500254239	0.320752557	-2.0367166	-4.7280402	0.340548799	0.0354611017	0.000698005162	22.557598
11.99	1.68760352	1.04252729	0.189997975	1.62454255	1.22338723	0.250969006	7.79369554e-05	0.286232236	1	0.970534719	0.500210926	0.320746564	-2.07222604	-4.74040185	0.340530762	0.0392802974	0.000510275068	24.387289
12	1.68760347	1.04252721	0.189998371	1.62454265	1.22338713	0.250968981	5.86437473e-05	0.280985713	1	0.970065542	0.500165157	0.320579096	-2.1445143	-4.79554606	0.339402578	0.0410381057	0.000599663775	25.675465
12.01	1.68760463	1.04252855	0.189997919	1.62454091	1.22338891	0.250969112	8.88129802e-05	0.280854173	1	0.969808298	0.500129648	0.320775084	-2.16142026	-4.8050499	0.339165069	0.0317225345	0.00149750074	24.522388
12.02	1.68760504	1.04252893	0.189997846	1.62454036	1.22338946	0.250969087	6.86053743e-05	0.282348001	1	0.96962953	0.500079606	0.321002844	-2.17407097	-4.8132559	0.339325837	0.0289741349	0.000994822822	23.951502
12.03	1.68760545	1.04252934	0.18999789	1.62453979	1.22339004	0.250969095	6.46053401e-05	0.283585213	1	0.969497059	0.500004442	0.321266567	-2.18795149	-4.83142856	0.339491757	0.0338949006	0.00130742166	27.058532
12.04	1.68760592	1.04252982	0.189997944	1.62453912	1.22339072	0.250969095	6.68892286e-05	0.28420412	1	0.969406406	0.499907357	0.32157607	-2.21092117	-4.86370173	0.339507439	0.0265698954	0.00112674577	24.783753
12.05	1.68760641	1.0425303	0.189997973	1.62453844	1.2233914	0.250969088	6.86000617e-05	0.284465251	1	0.969365549	0.499805785	0.321914125	-2.24386202	-4.90826867	0.339387511	0.0386621973	0.00108221491	24.045587
12.06	1.68760688	1.04253078	0.189997978	1.62453779	1.22339207	0.2509691	6.86744019e-05	0.284635621	1	0.969397905	0.49971622	0.322237743	-2.27586913	-4.96265431	0.339195641	0.0299293018	0.00120245582	24.476217
12.07	1.68760734	1.04253126	0.189997977	1.62453713	1.22339274	0.250969111	6.83339007e-05	0.284815301	1	0.969459536	0.49961597	0.32250849	-2.30355389	-5.01238122	0.339017331	0.0278170373	0.00127160224	23.466804
12.08	1.68760783	1.04253177	0.189997976	1.62453644	1.22339344	0.250969123	6.99156693e-05	0.284992131	1	0.969526865	0.499497301	0.322740733	-2.32363033	-5.05701467	0.338861313	0.0340724013	0.00126363987	23.088516
12.09	1.68760834	1.04253227	0.189997978	1.62453573	1.22339415	0.250969121	7.17677882e-05	0.285139508	1	0.969606189	0.499378015	0.322907801	-2.342117	-5.09290745	0.338740672	0.0314638344	0.00122234246	25.787913
12.1	1.68760886	1.04253282	0.189997979	1.62453498	1.22339491	0.250969139	7.65925853e-05	0.285259857	1	0.969721912	0.49927136	0.322974999	-2.34970037	-5.11983251	0.338665935	0.0356311438	0.00113072794	24.838116
12.11	1.68760942	1.04253339	0.189997983	1.62453419	1.22339572	0.250969145	8.26662778e-05	0.285365942	1	0.969925731	0.499212125	0.322904091	-2.34898293	-5.13918416	0.338644743	0.0377138175	0.000959678629	24.27053
12.12	1.68761009	1.04253398	0.189997993	1.62453331	1.2233966	0.250969088	8.87883544e-05	0.285466181	1	0.970157287	0.499183769	0.322687383	-2.35256777	-5.13559815	0.338729634	0.0385996475	0.000713830247	21.565174
12.13	1.68761082	1.04253463	0.18999801	1.62453233	1.22339758	0.250969037	9.88351325e-05	0.285559807	1	0.970429603	0.499175907	0.322314734	-2.35615627	-5.11047454	0.338921072	0.0276081365	0.000526858672	24.497129
12.14	1.68761161	1.04253536	0.189998034	1.62453126	1.22339865	0.25096899	0.000111180868	0.285637537	1	0.97072656	0.499180173	0.321832479	-2.35128947	-5.0709304	0.339188374	0.034550799	0.000636374222	25.066413
12.15	1.68761245	1.0425361	0.189998061	1.62453015	1.22339977	0.250968923	0.000123112265	0.285691535	1	0.971020998	0.499172242	0.321286029	-2.34942485	-5.0179591	0.339513654	0.0252295354	0.000958111196	25.239198
12.16	1.68761338	1.04253675	0.189998088	1.62452901	1.22340089	0.250968727	0.000131323043	0.28573937	1	0.971138925	0.499129336	0.320503949	-2.39664665	-5.00687625	0.339777177	0.038392388	0.00131231189	24.508275
12.17	1.68761398	1.04253761	0.189998102	1.62452803	1.22340192	0.250968907	0.000139745299	0.285669718	1	0.971395057	0.499080337	0.320014334	-2.36937891	-4.92700874	0.340132195	0.0416142406	0.0014892826	25.239201
12.18	1.68761488	1.04253836	0.18999811	1.62452685	1.22340309	0.250968797	0.000147453407	0.285724487	1	0.971570786	0.498977098	0.319554682	-2.34917997	-4.85125903	0.340509055	0.0329422701	0.00170876765	24.185974
12.19	1.68761554	1.04253929	0.189998128	1.62452577	1.22340421	0.250968989	0.000156894701	0.285764122	1	0.971940427	0.498923114	0.318989946	-2.22953826	-4.80497901	0.340823733	0.0255527067	0.00178878922	23.952579
12.2	1.68761646	1.0425399	0.189998141	1.62452467	1.22340529	0.250968773	0.000156676188	0.285787273	1	0.972055143	0.498747127	0.318310112	-2.19786282	-4.78604962	0.341089232	0.0462594444	0.00189183967	24.873615
12.21	1.68761634	1.04253976	0.189998494	1.62452485	1.22340511	0.250968754	0.00011764121	0.280844528	1	0.971938524	0.498522248	0.317465589	-2.2046739	-4.78625155	0.340310039	0.0258615018	0.00175204384	24.28302
12.22	1.68761803	1.04254143	0.189998081	1.6245225	1.22340748	0.250968742	0.000155869234	0.280856368	1	0.971991904	0.4983248	0.317054044	-2.14569478	-4.71935585	0.340496982	0.0224286312	0.00186982696	24.047737
12.23	1.68761864	1.04254188	0.189997971	1.62452174	1.22340824	0.250968629	0.000131572585	0.282358833	1	0.971954853	0.498080869	0.316773081	-2.09390044	-4.64718851	0.341064651	0.0429739217	0.00160542845	23.343873
12.24	1.68761923	1.04254238	0.189998003	1.62452097	1.22340901	0.25096857	0.000124785378	0.28355976	1	0.971903004	0.497798766	0.316355828	-2.06408501	-4.54541906	0.341771258	0.0232867513	0.00174046505	25.312564
12.25	1.68762	1.04254307	0.189998065	1.62451994	1.22341004	0.250968503	0.000132006769	0.284165301	1	0.971684072	0.497464148	0.316068546	-2.03624539	-4.443159	0.342363837	0.0268847762	0.00165492005	25.973966
12.26	1.68762067	1.0425437	0.189998092	1.62451903	1.22341096	0.250968483	0.00013310657	0.284409479	1	0.971376422	0.497101025	0.315891318	-2.01230783	-4.35041242	0.342807045	0.0307029442	0.00137809481	23.718736
12.27	1.68762123	1.04254428	0.189998084	1.62451823	1.22341176	0.2509685	0.000128718942	0.284559071	1	0.971047957	0.496737034	0.315801274	-1.97961701	-4.27369494	0.343129759	0.0277654806	0.00109191803	25.472325
12.28	1.68762172	1.04254482	0.189998063	1.62451752	1.22341249	0.25096853	0.000121082442	0.284716318	1	0.970728219	0.496389537	0.315789446	-1.93728506	-4.21538728	0.343358138	0.0208968679	0.000792173552	25.092903
12.29	1.68762219	1.04254532	0.189998046	1.62451685	1.22341318	0.250968552	0.000112270423	0.284877546	1	0.970406064	0.496076172	0.315809034	-1.88879812	-4.16580717	0.343542561	0.0478095796	0.000514383517	23.729338
12.3	1.68762267	1.0425458	0.189998032	1.62451617	1.22341386	0.250968556	0.000104446915	0.285015277	1	0.970104985	0.495812348	0.315886008	-1.84110858	-4.13324663	0.343651127	0.0324302493	0.000366027146	22.985994
12.31	1.68762312	1.04254629	0.189998021	1.62451552	1.22341452	0.250968585	9.76666301e-05	0.285116011	1	0.969851948	0.495589717	0.316012142	-1.79105909	-4.1193946	0.343679177	0.0297750339	0.000343687139	23.442757
12.32	1.68762356	1.04254677	0.189998011	1.62451488	1.22341518	0.250968611	9.12979087e-05	0.285188031	1	0.969621738	0.495395342	0.316168738	-1.73914499	-4.11551939	0.343658927	0.0250375926	0.000464087833	23.59682
12.33	1.68762399	1.04254727	0.189998004	1.62451424	1.22341584	0.250968658	8.73189666e-05	0.285243467	1	0.969459144	0.495240467	0.316344938	-1.67548594	-4.12990438	0.343572531	0.0309022982	0.000624494927	26.763167
12.34	1.68762447	1.04254768	0.189997995	1.62451361	1.22341646	0.250968608	7.84868313e-05	0.285291225	1	0.969398158	0.495154188	0.316529106	-1.65373134	-4.15466289	0.34344164	0.0408265168	0.00078844699	24.482578
12.35	1.68762493	1.04254817	0.189997988	1.62451295	1.22341713	0.250968627	7.6067351e-05	0.285335984	1	0.969419946	0.495155175	0.316741758	-1.62199872	-4.20040589	0.343242299	0.0325090187	0.000841781928	23.798282
12.36	1.68762536	1.04254871	0.189997988	1.62451229	1.22341782	0.25096871	7.83846046e-05	0.285383996	1	0.969531091	0.495167689	0.316804969	-1.55997694	-4.23786857	0.343103048	0.0311388568	0.000901324997	23.649417
12.37	1.68762592	1.04254919	0.189997985	1.62451155	1.22341855	0.250968655	7.72464652e-05	0.285411579	1	0.969594474	0.495181486	0.317011117	-1.53202466	-4.29206353	0.342885176	0.0616321118	0.000796630089	24.466294
12.38	1.6876264	1.04254962	0.189997985	1.62451091	1.2234192	0.25096862	7.22587128e-05	0.285394051	1	0.969566393	0.495175764	0.317337448	-1.52721099	-4.34586442	0.342626878	0.0329532713	0.00084762496	24.015805
12.39	1.68762684	1.04255007	0.189997983	1.62451029	1.22341983	0.250968619	6.83712256e-05	0.285363762	1	0.969448017	0.495163214	0.317785915	-1.53879944	-4.40679908	0.342310047	0.0438236902	0.000999969116	24.965552
12.4	1.68762718	1.04255068	0.189997993	1.62450966	1.22342049	0.250968813	7.64258568e-05	0.285353311	1	0.969480379	0.495143852	0.318143755	-1.45074825	-4.50898852	0.34188916	0.0408611657	0.00125711057	24.316266
12.41	1.68762716	1.04255058	0.189998384	1.62450973	1.22342041	0.250968757	5.69282029e-05	0.279865661	1	0.96967851	0.495249202	0.318625318	-1.40432769	-4.59346633	0.340458277	0.0321003617	0.00155751183	23.592036
12.42	1.68762876	1.04255173	0.189997933	1.62450776	1.22342235	0.250968441	7.66021017e-05	0.279852957	1	0.969623045	0.495276393	0.318939029	-1.47036757	-4.71549826	0.339883971	0.0168889133	0.00198023502	23.725685
12.43	1.68762901	1.04255217	0.189997879	1.6245073	1.22342284	0.250968578	6.38791594e-05	0.281286206	1	0.969630124	0.495343876	0.319431829	-1.46122696	-4.81147048	0.339691944	0.0505779712	0.00175728757	23.916901
12.44	1.68762939	1.04255261	0.189997916	1.62450673	1.22342343	0.250968616	6.2343017e-05	0.282526627	1	0.969568926	0.495388799	0.319934882	-1.44244087	-4.90237322	0.339568141	0.0227641608	0.00196878615	24.66786
12.45	1.68762983	1.04255311	0.189997965	1.62450608	1.22342409	0.250968653	6.52229423e-05	0.283180635	1	0.969467369	0.495434608	0.320409452	-1.41204023	-4.986613	0.339382903	0.0267724213	0.00194107382	25.937715
12.46	1.68763034	1.0425536	0.18999799	1.62450538	1.2234248	0.250968648	6.74156885e-05	0.283480312	1	0.969295334	0.495460456	0.320919115	-1.38288119	-5.0668141	0.339117562	0.0381622944	0.00194087741	24.212451
12.47	1.68763082	1.04255407	0.189997994	1.62450472	1.22342547	0.250968635	6.60668561e-05	0.283672513	1	0.969084099	0.495492657	0.321422827	-1.36348798	-5.13859	0.338830275	0.041608141	0.00204309108	23.278162
12.48	1.6876313	1.04255453	0.18999799	1.62450406	1.22342613	0.250968623	6.44302193e-05	0.283863337	1	0.968840721	0.495542275	0.321930324	-1.3547441	-5.2041708	0.338544335	0.0140304746	0.0020841468	21.934645
12.49	1.68763178	1.04255501	0.189997986	1.62450339	1.22342681	0.250968622	6.37592306e-05	0.284053087	1	0.968646274	0.495670272	0.322402215	-1.3526532	-5.27220863	0.338250518	0.0483915883	0.00208879703	22.283137
12.5	1.68763229	1.04255549	0.189997985	1.6245027	1.22342751	0.2509686	6.41126595e-05	0.284222721	1	0.968499578	0.495886509	0.322829158	-1.36471134	-5.33878778	0.337964814	0.0281666985	0.00201796809	25.271679
12.51	1.68763284	1.042556	0.189997988	1.62450195	1.22342826	0.250968575	6.71502607e-05	0.284357251	1	0.968394469	0.496184632	0.323226076	-1.38928258	-5.40609203	0.337678411	0.0249871221	0.00187824956	25.158469
12.52	1.68763344	1.0425565	0.189997996	1.62450116	1.22342904	0.250968501	6.95340849e-05	0.284448673	1	0.968242291	0.496492882	0.323648127	-1.44290714	-5.46416546	0.337408444	0.0493947297	0.00171549334	25.347988
12.53	1.68763403	1.04255703	0.189998001	1.62450037	1.22342983	0.250968458	7.35931093e-05	0.284508842	1	0.968117128	0.496862441	0.324032633	-1.51615559	-5.51915274	0.33714578	0.0466594787	0.00159826503	23.783878
12.54	1.68763466	1.04255759	0.189998008	1.62449954	1.22343067	0.250968407	7.85981997e-05	0.284567216	1	0.967998496	0.497274823	0.324313815	-1.60472357	-5.55328333	0.336966281	0.0335703239	0.00144204482	25.5531
12.55	1.68763536	1.04255818	0.189998019	1.62449862	1.22343159	0.250968332	8.59686895e-05	0.284630052	1	0.967901031	0.497759831	0.324534861	-1.71671059	-5.58212342	0.336820394	0.0417043335	0.00119157739	25.675156
12.56	1.68763608	1.04255881	0.189998034	1.62449767	1.22343254	0.250968268	9.41437892e-05	0.284681992	1	0.967818545	0.498287043	0.324690285	-1.84282514	-5.5985332	0.336726247	0.0193440134	0.000930363006	24.646225
12.57	1.68763669	1.0425597	0.189998057	1.62449666	1.2234336	0.250968463	0.000110859146	0.284736678	1	0.967932798	0.498818311	0.324631483	-1.87225254	-5.63581294	0.336632508	0.026526988	0.000680454227	23.203534
12.58	1.68763752	1.04256037	0.189998077	1.62449559	1.22343466	0.250968354	0.00011819447	0.28475706	1	0.968011752	0.499312365	0.324605272	-1.95824334	-5.64056113	0.336623853	0.0618706808	0.000553945651	26.829967
12.59	1.68763837	1.04256111	0.1899981	1.62449447	1.22343578	0.250968279	0.000128046124	0.284770308	1	0.967962066	0.499687955	0.324569102	-2.03727238	-5.62731012	0.336684536	0.0796035239	0.000481103307	24.443239
12.6	1.68763924	1.04256175	0.189998118	1.62449338	1.22343686	0.250968111	0.000132851679	0.284786169	1	0.967758909	0.499994328	0.324220129	-2.16589285	-5.63332766	0.33676212	0.0336295352	0.000535009246	23.761137
12.61	1.68763988	1.04256264	0.189998129	1.62449235	1.22343793	0.25096829	0.000141582342	0.284726414	1	0.967758945	0.500281823	0.324025832	-2.19142687	-5.57939094	0.336953967	0.0482482827	0.000607200189	23.121921
12.62	1.68764076	1.04256353	0.189998141	1.62449111	1.22343919	0.250968296	0.000152811173	0.284801679	1	0.967902646	0.500595102	0.323732403	-2.18636554	-5.52853503	0.337207025	0.0344744823	0.00071098336	23.634054
12.63	1.68764179	1.04256426	0.189998167	1.62448985	1.22344043	0.250968084	0.000159472942	0.284891621	1	0.967886042	0.500767417	0.323150454	-2.21429236	-5.50952965	0.337461081	0.0436061829	0.00099558454	23.463445
12.64	1.68764267	1.04256497	0.18999819	1.62448872	1.22344155	0.250967961	0.000162340518	0.284873617	1	0.967712149	0.500813338	0.322235982	-2.2630885	-5.5184006	0.337681923	0.035266643	0.00112480383	24.920345
12.65	1.68764255	1.04256482	0.189998531	1.6244889	1.22344136	0.250967945	0.000121757821	0.279780281	1	0.967920113	0.500875561	0.321625833	-2.16714898	-5.40701024	0.337141097	0.0335101771	0.00116892851	24.558558
12.66	1.68764472	1.04256702	0.189998155	1.62448585	1.22344446	0.25096797	0.000186757984	0.280041242	1	0.968076157	0.500800064	0.320977727	-2.11635081	-5.32720707	0.337513504	0.0298793499	0.00199798428	24.540953
12.67	1.68764554	1.04256759	0.189998071	1.62448486	1.22344544	0.250967786	0.000168446749	0.281566221	1	0.968219668	0.500613583	0.32039583	-2.05949135	-5.2264989	0.338284208	0.042489124	0.00179394493	24.096029
12.68	1.68764647	1.0425683	0.189998128	1.62448369	1.22344659	0.250967634	0.000170162464	0.282732115	1	0.968330078	0.500322021	0.319823036	-2.00683648	-5.12060064	0.339084074	0.0141178332	0.00204527192	24.740414
12.69	1.68764748	1.04256908	0.189998201	1.62448241	1.22344786	0.250967471	0.000178054284	0.283299708	1	0.968431545	0.499960622	0.319279133	-1.95914601	-5.02022485	0.339757203	0.0300530394	0.00200872863	24.092047
12.7	1.68764847	1.04256985	0.189998237	1.62448116	1.22344911	0.250967314	0.000182462035	0.283546918	1	0.968562158	0.499569729	0.318799906	-1.91443858	-4.93858053	0.340270568	0.0415519873	0.00195452584	25.611345
12.71	1.6876494	1.04257055	0.189998241	1.62448	1.22345025	0.250967151	0.000180778379	0.283709254	1	0.968711532	0.499133403	0.318410507	-1.87516774	-4.87416254	0.340664768	0.0173365394	0.00186918128	26.734623
12.72	1.68765031	1.04257112	0.189998228	1.62447892	1.22345131	0.250966918	0.0001746108	0.283873525	1	0.968929904	0.498716147	0.318043739	-1.88074562	-4.81779734	0.34099914	0.0431378081	0.00171509561	25.906806
12.73	1.68765116	1.04257182	0.18999822	1.62447783	1.2234524	0.250966806	0.000171848326	0.284044495	1	0.96921922	0.498303668	0.317637728	-1.84552613	-4.76730861	0.341322339	0.033895225	0.00168430704	26.351613
12.74	1.68765207	1.04257246	0.189998216	1.62447671	1.2234535	0.250966613	0.000169967443	0.284183407	1	0.969514699	0.497893533	0.317327755	-1.84874021	-4.73709162	0.341553375	0.0411757938	0.00167709505	27.245273
12.75	1.68765295	1.04257303	0.189998208	1.62447566	1.22345452	0.250966397	0.000164891079	0.284259804	1	0.969745674	0.497461817	0.317093194	-1.87673178	-4.70184377	0.341760462	0.0425386632	0.00163905344	24.857572
12.76	1.68765365	1.04257383	0.189998202	1.62447463	1.22345558	0.25096646	0.000163459195	0.284325092	1	0.970140374	0.497026744	0.316757678	-1.82365849	-4.70111845	0.341881553	0.0342352693	0.00161178519	25.490875
12.77	1.68765451	1.04257438	0.18999819	1.62447361	1.22345658	0.25096625	0.000157839635	0.284362779	1	0.970563723	0.496608286	0.316525807	-1.82797604	-4.69674605	0.341973903	0.0342758506	0.00144272875	26.230725
12.78	1.68765537	1.04257493	0.189998178	1.62447259	1.22345757	0.250966027	0.000153128058	0.28440218	1	0.97097502	0.496214089	0.316358638	-1.85500009	-4.70287919	0.342019011	0.0408041865	0.00149628971	27.422657
12.79	1.68765616	1.04257549	0.189998167	1.62447162	1.22345854	0.250965862	0.000148254543	0.284426911	1	0.971399763	0.495879174	0.316228175	-1.89802819	-4.72097956	0.342010889	0.0320339149	0.00154579585	25.313558
12.8	1.68765693	1.04257607	0.189998156	1.62447066	1.22345949	0.250965726	0.000144050111	0.284442949	1	0.971831497	0.495597629	0.316137397	-1.95131877	-4.74909363	0.341956508	0.0198388234	0.00159946701	24.10262
12.81	1.68765767	1.04257666	0.189998145	1.62446971	1.22346043	0.250965626	0.000140478848	0.284453365	1	0.972272609	0.495368765	0.316088771	-2.00622434	-4.78999152	0.341853139	0.0428456353	0.00163040527	24.83398
12.82	1.68765839	1.04257724	0.189998135	1.62446879	1.22346135	0.25096553	0.000136739786	0.284455994	1	0.972681094	0.495158781	0.316091948	-2.05747484	-4.83932587	0.341711576	0.0249512379	0.00171095026	25.100034
12.83	1.68765916	1.04257769	0.189998129	1.6244679	1.22346221	0.250965301	0.000129751125	0.284472683	1	0.97283762	0.494942202	0.315859999	-2.17013416	-4.96924819	0.3413946	0.045324808	0.00177569997	25.256707
12.84	1.68765905	1.04257759	0.189998487	1.62446805	1.22346206	0.250965306	9.78008798e-05	0.27922833	1	0.973271137	0.49482091	0.315815492	-2.16979007	-4.96881292	0.340349632	0.0368197024	0.00208833734	25.180943
12.85	1.68766085	1.04257943	0.189998074	1.62446551	1.22346464	0.250965336	0.000143649795	0.279398624	1	0.973558294	0.494672332	0.315784473	-2.16623351	-5.01052389	0.340167061	0.0299856802	0.00206137735	27.149138
12.86	1.68766131	1.04257987	0.189997981	1.62446488	1.22346527	0.250965326	0.000117916619	0.280858143	1	0.973787396	0.494525043	0.315865688	-2.14107248	-5.04776286	0.34030572	0.0282356382	0.00158983096	23.784616
12.87	1.6876619	1.04258037	0.189998015	1.62446411	1.22346604	0.250965254	0.000112630187	0.281992767	1	0.973863819	0.494354312	0.316024997	-2.1267782	-5.07563849	0.34046596	0.0331783992	0.00150493517	25.507902
12.88	1.68766257	1.04258098	0.189998067	1.62446321	1.22346695	0.25096522	0.000116389109	0.282565087	1	0.973829761	0.494165399	0.316180564	-2.11490381	-5.09029095	0.340566576	0.0428779481	0.00116262041	24.037111
12.89	1.68766324	1.04258164	0.189998094	1.62446227	1.22346789	0.250965211	0.000120509175	0.282841328	1	0.973652812	0.493925928	0.316313959	-2.09649233	-5.08093949	0.340664515	0.0311521956	0.000942853831	23.215512
12.9	1.68766389	1.0425823	0.189998097	1.62446136	1.22346881	0.250965218	0.000122334175	0.283041886	1	0.973359436	0.493637792	0.316440039	-2.06773749	-5.05391798	0.340780048	0.0271484103	0.00084434535	25.249924
12.91	1.68766447	1.04258295	0.189998095	1.6244605	1.22346969	0.250965264	0.000122735715	0.283274223	1	0.972937508	0.493234617	0.316139232	-2.00849237	-5.11749009	0.340723246	0.0437070614	0.000781739562	23.297337
12.92	1.6876648	1.04258365	0.189998093	1.62445983	1.22347041	0.250965524	0.000120427489	0.283326928	1	0.972770826	0.49286546	0.316330189	-1.89392692	-5.08508372	0.340756755	0.0234106217	0.000996260422	22.817865
12.93	1.68766554	1.04258418	0.189998068	1.62445892	1.22347131	0.250965376	0.000115707593	0.283555396	1	0.972531701	0.492493012	0.316583682	-1.81340996	-5.06429356	0.340803055	0.0319641672	0.000977668065	22.59291
12.94	1.68766613	1.04258472	0.189998062	1.62445813	1.22347211	0.250965347	0.00011225419	0.283719052	1	0.972361724	0.492232901	0.316856486	-1.74254221	-5.05028517	0.340817153	0.0192280535	0.00106278288	23.68149
12.95	1.68766683	1.04258521	0.189998067	1.62445727	1.22347295	0.25096519	0.000107771804	0.283834959	1	0.972007969	0.491923196	0.316989086	-1.71996748	-5.08019435	0.340733347	0.0195870703	0.00103982098	25.18637
12.96	1.68766734	1.04258567	0.189998065	1.62445659	1.22347364	0.25096516	0.000100636701	0.283845492	1	0.971510425	0.491613462	0.316942597	-1.7285955	-5.16462821	0.3404911	0.0530486165	0.00124407181	25.16057
12.97	1.68766765	1.04258634	0.189998061	1.62445594	1.22347433	0.250965412	0.000101846286	0.28378692	1	0.971351527	0.491390583	0.317177956	-1.63147073	-5.15511608	0.340406664	0.024120069	0.00160477514	25.366592
12.98	1.68766836	1.04258689	0.189998036	1.62445504	1.22347522	0.250965301	0.000100549745	0.283944218	1	0.971188987	0.491204884	0.3174734	-1.56329163	-5.17342073	0.340298213	0.0172273975	0.0013948754	24.699878
12.99	1.68766899	1.04258733	0.189998037	1.62445428	1.22347598	0.250965162	9.31122266e-05	0.284042263	1	0.971003545	0.491059023	0.31779227	-1.55505646	-5.18203413	0.340206676	0.0370214251	0.00138048763	24.139124
13	1.68766958	1.0425879	0.189998038	1.62445347	1.22347679	0.250965152	9.54586136e-05	0.284084168	1	0.970775425	0.490933417	0.318112432	-1.53923477	-5.19136274	0.340108351	0.0439640375	0.00133047687	23.804442
13.01	1.68767016	1.04258846	0.189998037	1.62445267	1.2234776	0.250965136	9.63478926e-05	0.28409496	1	0.970523043	0.49084629	0.318419186	-1.5335527	-5.19740917	0.340012382	0.0340288703	0.00132394735	24.040978
13.02	1.68767075	1.04258902	0.189998035	1.62445186	1.22347842	0.250965116	9.73301957e-05	0.284108372	1	0.97022194	0.490779929	0.318714565	-1.53663838	-5.19491911	0.33994221	0.022943825	0.00129948592	25.248999
13.03	1.68767135	1.04258959	0.189998035	1.62445104	1.22347924	0.25096509	9.8306391e-05	0.284131364	1	0.969851308	0.49071068	0.318987536	-1.55095801	-5.17722254	0.339924133	0.0432895991	0.00126634114	24.475109
13.04	1.68767195	1.04259019	0.189998035	1.6244502	1.22348009	0.25096509	0.000100680151	0.284161977	1	0.969488308	0.490710038	0.319224958	-1.56563737	-5.15921861	0.339915225	0.040979394	0.00121881698	27.764653
13.05	1.68767255	1.04259081	0.189998037	1.62444935	1.22348095	0.250965108	0.000103978274	0.284196016	1	0.969115704	0.490752755	0.319452434	-1.57386982	-5.14110357	0.33991184	0.0458444826	0.00113901422	26.096991
13.06	1.68767316	1.04259142	0.189998041	1.6244485	1.22348182	0.250965112	0.000106396777	0.284220909	1	0.968729125	0.490836513	0.319699032	-1.58096382	-5.12710718	0.339892053	0.0376119562	0.00108334708	24.953958
13.07	1.68767374	1.04259205	0.189998044	1.62444766	1.22348268	0.250965146	0.000108922245	0.284236406	1	0.968387841	0.490991339	0.319950909	-1.57848111	-5.12727453	0.339826038	0.034415284	0.00107798136	24.241368
13.08	1.68767433	1.04259268	0.189998046	1.62444681	1.22348353	0.250965171	0.000110648538	0.28425263	1	0.968102271	0.491211954	0.320168062	-1.56837791	-5.13326015	0.339747778	0.031230967	0.0010920216	24.965081
13.09	1.68767495	1.04259332	0.189998052	1.62444593	1.22348443	0.250965183	0.000113281961	0.284271545	1	0.967829131	0.491420948	0.320374835	-1.55522764	-5.13851615	0.33967787	0.0456697023	0.00108334337	27.113418
13.1	1.68767489	1.04259319	0.189998428	1.62444606	1.2234843	0.250965141	8.49365331e-05	0.279126316	1	0.967624056	0.491666786	0.320518891	-1.53834468	-5.13085894	0.338646705	0.0328175001	0.00108955717	25.734748
13.11	1.68767675	1.04259486	0.189998044	1.62444357	1.22348679	0.250965004	0.000128248056	0.279201689	1	0.967264766	0.491855825	0.320452097	-1.57455228	-5.17843787	0.338419783	0.0325679964	0.00170124651	27.040449
13.12	1.68767713	1.0425954	0.189997953	1.62444295	1.22348744	0.250965118	0.000110516703	0.280631226	1	0.967090919	0.492078878	0.320591824	-1.55862256	-5.16073013	0.338665099	0.0283038546	0.00098988684	23.235049
13.13	1.68767785	1.04259598	0.189997992	1.62444202	1.22348836	0.250965019	0.000110407821	0.281905149	1	0.966884218	0.492267763	0.320633773	-1.56698548	-5.12397098	0.33906011	0.0519814896	0.00108060542	23.858173
13.14	1.68767868	1.04259672	0.189998073	1.62444092	1.22348947	0.250964958	0.000121817673	0.282581489	1	0.966657811	0.492436469	0.320572192	-1.58513773	-5.06906279	0.339448744	0.0226515102	0.00082458906	22.790104
13.15	1.68767944	1.04259772	0.189998138	1.62443971	1.22349071	0.250965128	0.000140833838	0.282908035	1	0.966601136	0.492577939	0.320263865	-1.51562079	-5.02837269	0.339773819	0.0373667604	0.000654928818	23.554413
13.16	1.6876804	1.04259849	0.18999817	1.62443848	1.22349194	0.250964985	0.000148325818	0.283109205	1	0.966665588	0.492713832	0.319914333	-1.50253905	-4.97116174	0.340108955	0.0357277848	0.000936309006	24.491563
13.17	1.68768142	1.04259929	0.189998194	1.62443719	1.22349322	0.250964837	0.000157233492	0.283313705	1	0.966821335	0.492879638	0.319507631	-1.47607927	-4.92093547	0.340433579	0.0390631466	0.0010044488	24.203271
13.18	1.6876824	1.04260015	0.18999822	1.62443589	1.22349453	0.250964747	0.000166680583	0.28349343	1	0.967067283	0.493066815	0.31908121	-1.45215242	-4.88687694	0.340709424	0.043046949	0.00121720138	23.499698
13.19	1.6876834	1.042601	0.189998245	1.62443458	1.22349584	0.250964643	0.000174573225	0.283619976	1	0.967417906	0.493293948	0.318639131	-1.42613476	-4.87008106	0.340924378	0.0306308151	0.00140542576	25.808049
13.2	1.68768442	1.04260186	0.189998267	1.62443325	1.22349716	0.250964533	0.00018184577	0.283701857	1	0.967874145	0.49356222	0.318192257	-1.39693624	-4.87192963	0.341072806	0.0216024518	0.0015744549	27.367107
13.21	1.68768547	1.0426027	0.189998285	1.62443191	1.2234985	0.250964385	0.000187781686	0.283752679	1	0.968374083	0.493845181	0.317741059	-1.37482403	-4.87928656	0.34119595	0.0377736581	0.00171313673	24.621415
13.22	1.68768656	1.04260352	0.189998299	1.62443054	1.22349985	0.250964185	0.000192864046	0.283788934	1	0.968905894	0.494146664	0.317249208	-1.38960114	-4.88086698	0.341335634	0.0471031954	0.00182428432	24.335657
13.23	1.68768765	1.04260443	0.189998316	1.62442913	1.22350126	0.250964063	0.000200174874	0.283814841	1	0.969395171	0.494373147	0.316746295	-1.37329425	-4.87022185	0.341519766	0.0339572244	0.00196752241	23.907317
13.24	1.68768877	1.04260528	0.189998328	1.62442772	1.22350265	0.250963871	0.000204871877	0.283815573	1	0.969784031	0.494530633	0.3163485	-1.38939985	-4.86203285	0.341668924	0.0320232131	0.00207299646	25.675859
13.25	1.68768981	1.04260607	0.189998329	1.62442642	1.22350394	0.250963694	0.000204571007	0.28378761	1	0.970070983	0.494633349	0.316043396	-1.42188907	-4.8490357	0.341797885	0.0389577711	0.00199452077	27.377966
13.26	1.68769079	1.04260686	0.189998321	1.62442516	1.2235052	0.250963559	0.000202340752	0.28376437	1	0.970403395	0.49479535	0.315822912	-1.46510066	-4.83199661	0.341908409	0.0293163009	0.00183429606	24.651292
13.27	1.68769188	1.04260754	0.189998315	1.62442388	1.22350645	0.25096327	0.000200274989	0.283792433	1	0.970472129	0.494853548	0.315432492	-1.55073528	-4.84348569	0.341989385	0.0333053673	0.00177561487	25.715734
13.28	1.68769265	1.04260838	0.189998305	1.62442276	1.22350759	0.250963318	0.000194622942	0.283725858	1	0.970577297	0.494896719	0.315248221	-1.59482777	-4.82361863	0.342078495	0.0370634248	0.00153247251	25.149935
13.29	1.68769355	1.04260914	0.189998286	1.62442158	1.22350876	0.250963215	0.000190580944	0.283731404	1	0.970643238	0.494907731	0.315150487	-1.63080365	-4.81706966	0.342125797	0.0311068708	0.00138017991	26.210705
13.3	1.68769428	1.04260997	0.189998272	1.6244205	1.22350987	0.25096329	0.000185816925	0.283755605	1	0.970823806	0.494892917	0.314922079	-1.5974109	-4.82928772	0.342145179	0.0335770224	0.00115518205	24.413902
13.31	1.68769516	1.04261064	0.189998257	1.6244194	1.22351096	0.250963142	0.000179903296	0.283753488	1	0.9709777	0.494858432	0.314840623	-1.59824213	-4.83821353	0.342135382	0.0226521595	0.000929909355	28.50928
13.32	1.68769602	1.04261125	0.189998238	1.62441834	1.223512	0.250962963	0.000172774762	0.283749633	1	0.971088657	0.494830759	0.314830549	-1.6274347	-4.8486847	0.342103654	0.0242045991	0.000747595116	27.231485
13.33	1.68769683	1.04261189	0.189998222	1.62441731	1.22351303	0.25096284	0.000166645593	0.283746683	1	0.971158687	0.494800544	0.314848001	-1.66852908	-4.8568325	0.342069345	0.036749483	0.000617901898	24.208296
13.34	1.68769767	1.04261247	0.18999821	1.62441629	1.22351403	0.250962657	0.000160470839	0.283764993	1	0.970985723	0.494691699	0.314656486	-1.74849848	-4.89856077	0.341993247	0.0343123325	0.000553706727	22.730524
13.35	1.68769755	1.04261234	0.189998548	1.62441647	1.22351385	0.250962655	0.000120829333	0.27864815	1	0.971034403	0.494614326	0.314627358	-1.7340922	-4.83877984	0.341123015	0.018830212	0.000616889865	24.596023
13.36	1.68769953	1.04261426	0.189998144	1.62441373	1.22351662	0.250962614	0.000168455404	0.278876186	1	0.971089565	0.4945743	0.314604181	-1.75510572	-4.80138123	0.341173702	0.0216746934	0.00109434311	26.024127
13.37	1.68770022	1.04261475	0.189998052	1.62441289	1.22351745	0.250962471	0.000145505174	0.280391359	1	0.971053428	0.494479214	0.314572909	-1.769406	-4.7652765	0.341573778	0.0385365678	0.000788008351	25.282381
13.38	1.68770093	1.04261538	0.189998095	1.62441194	1.2235184	0.250962413	0.000142886615	0.281530355	1	0.970987726	0.494370686	0.314550826	-1.781464	-4.73260811	0.341963428	0.0223789486	0.00105224197	24.148356
13.39	1.68770177	1.04261608	0.189998153	1.62441085	1.22351948	0.250962319	0.000147324821	0.28209688	1	0.970828975	0.494224091	0.314558697	-1.79586066	-4.69368869	0.342265335	0.0397164844	0.000742874376	25.179722
13.4	1.68770259	1.0426168	0.189998181	1.62440977	1.22352057	0.250962243	0.000150096709	0.282359306	1	0.970601687	0.494028138	0.314622046	-1.8085469	-4.65592503	0.342469627	0.0335116626	0.00046817274	25.950489
13.41	1.68770335	1.04261745	0.18999818	1.62440876	1.22352158	0.250962167	0.000147821236	0.282537969	1	0.970311239	0.493796251	0.314758385	-1.82182771	-4.62102536	0.342605541	0.0319682964	0.000364928916	23.89646
13.42	1.68770406	1.04261806	0.189998167	1.62440783	1.22352251	0.250962098	0.000142769233	0.282707821	1	0.969930093	0.493516768	0.314986652	-1.83691486	-4.5867408	0.342699827	0.0448088604	0.000375578567	26.863311
13.43	1.68770474	1.04261862	0.189998151	1.62440695	1.22352339	0.250962013	0.000135556565	0.282862967	1	0.969517422	0.493245996	0.315295025	-1.86528877	-4.56059341	0.342735718	0.0381024347	0.000549214812	25.108682
13.44	1.68770544	1.04261912	0.189998136	1.62440609	1.22352423	0.250961867	0.000126888114	0.282998644	1	0.969057035	0.492956986	0.315644927	-1.94939771	-4.52212203	0.342781824	0.0460911271	0.000807455446	24.11912
13.45	1.68770602	1.04261978	0.189998128	1.62440524	1.22352511	0.25096193	0.000125646941	0.28314579	1	0.96850677	0.492586005	0.315630585	-1.97009519	-4.59356777	0.342595492	0.0266009332	0.00104719633	24.88474
13.46	1.68770633	1.04262046	0.18999812	1.62440459	1.22352581	0.250962187	0.000120027336	0.283105918	1	0.968278579	0.492247482	0.316015906	-1.92865393	-4.56924986	0.342521438	0.0375163488	0.00147074959	24.958927
13.47	1.68770711	1.04262098	0.189998093	1.62440365	1.22352673	0.250962	0.000115341628	0.283255777	1	0.967998109	0.491887063	0.316476386	-1.92705575	-4.56428707	0.342439314	0.0359314243	0.00142670594	25.798891
13.48	1.6877077	1.0426215	0.189998082	1.62440286	1.22352751	0.250961951	0.000110354991	0.283353728	1	0.967825103	0.491644948	0.316980187	-1.92589126	-4.57295193	0.342303181	0.0154117716	0.00155703289	26.488089
13.49	1.68770842	1.04262196	0.189998082	1.62440202	1.22352834	0.25096177	0.000104708298	0.283431316	1	0.967542852	0.491390898	0.317299749	-1.96330413	-4.63297403	0.342064352	0.0346619314	0.00161768232	25.529778
13.5	1.68770901	1.04262237	0.189998081	1.6244013	1.22352905	0.250961641	9.52981211e-05	0.283420902	1	0.967125253	0.491137307	0.317438932	-2.04238035	-4.73755111	0.341704499	0.0482555959	0.00187143854	26.629635
13.51	1.68770894	1.04262227	0.189998451	1.62440141	1.22352894	0.250961622	7.20566749e-05	0.278021608	1	0.967007517	0.490965545	0.317875634	-2.02717262	-4.75138374	0.34048997	0.0305562602	0.00226074657	23.204927
13.52	1.68771059	1.04262396	0.189998026	1.62439908	1.22353129	0.250961655	0.000113612862	0.278144151	1	0.966845705	0.490789631	0.318265981	-2.03619989	-4.79739525	0.340156649	0.0342161643	0.00239163258	25.795057
13.53	1.68771103	1.04262437	0.189997937	1.62439848	1.2235319	0.250961627	9.07654148e-05	0.279694382	1	0.966744992	0.490645969	0.318697593	-2.03239678	-4.84089802	0.340183491	0.0438584642	0.00198778394	25.284468
13.54	1.68771161	1.04262485	0.189997978	1.62439773	1.22353265	0.250961559	8.83975316e-05	0.280933816	1	0.96665508	0.490540927	0.31914472	-2.03946963	-4.89096553	0.340213795	0.0371467655	0.0020023153	24.284777
13.55	1.68771238	1.04262537	0.189998045	1.6243968	1.22353356	0.250961382	9.21798811e-05	0.281571487	1	0.966530499	0.490455837	0.319517901	-2.10501716	-4.91538735	0.340233851	0.0172965331	0.00186179991	23.437219
13.56	1.68771315	1.04262611	0.189998091	1.62439575	1.22353462	0.250961357	0.00010492041	0.281878329	1	0.966351962	0.490390812	0.319881227	-2.143433	-4.93940004	0.340182368	0.052705676	0.00173090606	24.309421
13.57	1.68771386	1.04262683	0.189998111	1.62439475	1.22353563	0.250961368	0.000112837097	0.282076656	1	0.966164352	0.490340335	0.320252034	-2.1653282	-4.97020718	0.340065802	0.0353942725	0.00166445141	26.860697
13.58	1.68771455	1.0426275	0.189998117	1.6243938	1.2235366	0.250961358	0.000116845404	0.282260737	1	0.965945422	0.490279804	0.320607015	-2.17366504	-4.99715299	0.33994691	0.0240287567	0.00161494837	24.527871
13.59	1.68771527	1.04262816	0.189998122	1.62439283	1.22353757	0.250961316	0.0001197233	0.28243776	1	0.965707824	0.490224135	0.320916587	-2.17927676	-5.0152918	0.339856312	0.027626245	0.00156399774	25.192142
13.6	1.68771601	1.04262887	0.189998131	1.62439181	1.22353859	0.250961288	0.000124217464	0.28259386	1	0.965416522	0.490125869	0.321174926	-2.17819605	-5.01644473	0.339825455	0.0429901249	0.0014843457	23.97571
13.61	1.68771682	1.04262951	0.189998142	1.62439078	1.22353962	0.250961168	0.000126787542	0.282735373	1	0.964933545	0.489940205	0.321164842	-2.20350402	-5.05285672	0.339758641	0.034777515	0.00140029214	25.631293
13.62	1.68771736	1.04263029	0.189998142	1.62438988	1.22354056	0.250961335	0.000130443091	0.282745832	1	0.964633623	0.489772486	0.321409822	-2.15835961	-5.02582532	0.33977099	0.0466048837	0.00151551237	25.125321
13.63	1.68771822	1.04263098	0.189998141	1.62438878	1.22354166	0.250961222	0.000133650349	0.282872215	1	0.964270289	0.489565509	0.321650219	-2.12163997	-4.9979249	0.339826271	0.0384260211	0.00133420092	25.568924
13.64	1.68771897	1.0426317	0.189998147	1.62438775	1.22354269	0.250961205	0.000136392845	0.282964822	1	0.963954268	0.489444759	0.321898542	-2.07326931	-4.97142658	0.339876912	0.0197502699	0.00128112483	25.670374
13.65	1.68771976	1.04263241	0.189998161	1.62438669	1.22354376	0.250961143	0.000139222709	0.283069061	1	0.963593831	0.489266281	0.321727583	-1.99652554	-5.0409488	0.339753539	0.0425648067	0.00117770185	23.864911
13.66	1.68772032	1.04263309	0.189998157	1.62438584	1.22354463	0.250961227	0.000136601115	0.282995894	1	0.963374023	0.489076154	0.321868924	-1.91634489	-5.03903936	0.339702484	0.0452571764	0.00135591591	24.092864
13.67	1.68772128	1.04263358	0.189998151	1.62438477	1.22354566	0.250960892	0.000131275854	0.283072538	1	0.96293156	0.488823878	0.321827216	-1.91201877	-5.07972847	0.339612783	0.034096341	0.00124710561	24.502167
13.68	1.68772185	1.04263422	0.189998139	1.62438394	1.22354651	0.250960945	0.000128026198	0.283048201	1	0.962660629	0.488605904	0.32211335	-1.8737322	-5.06660157	0.339566248	0.026321779	0.00137463523	24.202024
13.69	1.68772265	1.04263483	0.18999813	1.62438293	1.22354751	0.250960805	0.000127604176	0.283135223	1	0.962425241	0.488410299	0.322391365	-1.85605343	-5.06629199	0.339517442	0.0348829123	0.00130991354	24.639378
13.7	1.68772333	1.04263554	0.189998134	1.62438196	1.22354849	0.250960826	0.000130006488	0.283210845	1	0.962302019	0.488187716	0.32251553	-1.80786904	-5.06127183	0.339522305	0.0504989698	0.00128699572	24.359122
13.71	1.68772416	1.0426362	0.189998143	1.62438091	1.22354955	0.250960717	0.000132692466	0.283254048	1	0.962229848	0.487965927	0.322649575	-1.76868375	-5.07043383	0.339485025	0.0276296174	0.00113899126	26.74147
13.72	1.68772492	1.04263687	0.189998149	1.6243799	1.22355056	0.250960649	0.000133960867	0.283267264	1	0.962239835	0.487754921	0.322749305	-1.72268193	-5.08739427	0.339425009	0.0288636287	0.00106716206	23.352577
13.73	1.68772571	1.04263754	0.189998154	1.62437886	1.22355159	0.250960562	0.000135535054	0.283285922	1	0.962350138	0.487550991	0.322761005	-1.67980854	-5.10448944	0.339382845	0.032732584	0.000975095785	22.964441
13.74	1.68772654	1.04263825	0.189998162	1.62437777	1.22355268	0.250960473	0.000139138912	0.283313415	1	0.96253833	0.487338018	0.322723919	-1.6160805	-5.1255812	0.339347253	0.0251643359	0.000809894172	27.484926
13.75	1.68772739	1.04263897	0.189998173	1.62437667	1.22355378	0.250960385	0.00014292232	0.283345102	1	0.962818367	0.487146513	0.32256328	-1.5458182	-5.14333232	0.33935132	0.0417882405	0.000653843819	27.1333
13.76	1.68772831	1.04263971	0.189998187	1.62437549	1.22355496	0.250960257	0.000148411795	0.283381277	1	0.963214778	0.486983943	0.322302665	-1.47586105	-5.1625229	0.339378715	0.0267577233	0.000449922811	26.29563
13.77	1.68772928	1.04264047	0.189998206	1.62437425	1.22355618	0.250960111	0.000155025171	0.283414352	1	0.963668982	0.486833113	0.32196466	-1.4058289	-5.17720228	0.339442946	0.0366081682	0.000342904451	24.681132
13.78	1.68773028	1.04264126	0.189998226	1.62437298	1.22355745	0.250959958	0.000162353988	0.28343686	1	0.964169458	0.486689473	0.321563835	-1.33629802	-5.18792215	0.339535878	0.0416232063	0.000490448726	26.148582
13.79	1.68773134	1.04264204	0.189998246	1.62437166	1.22355875	0.250959763	0.000169344448	0.28345015	1	0.964670496	0.486542082	0.321106387	-1.27905459	-5.18652842	0.339678911	0.0265957841	0.000733768216	24.095247
13.8	1.68773244	1.04264282	0.189998265	1.62437032	1.22356008	0.250959539	0.000176297539	0.28345371	1	0.965140661	0.486411065	0.320660947	-1.24285189	-5.17952896	0.339837165	0.0494264586	0.000997322823	24.120039
13.81	1.68773353	1.04264358	0.18999828	1.62436898	1.22356139	0.250959302	0.000181603093	0.283447534	1	0.965542162	0.486275176	0.320243859	-1.23329071	-5.16220441	0.340017528	0.0317461819	0.00121288866	22.423454
13.82	1.68773462	1.04264436	0.189998291	1.62436765	1.2235627	0.250959084	0.000185738452	0.283434847	1	0.965878527	0.486134581	0.319874587	-1.24898441	-5.13913042	0.340201111	0.0296599779	0.00136074086	24.973673
13.83	1.68773562	1.04264516	0.189998304	1.62436637	1.22356398	0.250958946	0.000188304999	0.283465176	1	0.966145245	0.485923627	0.319036075	-1.25036966	-5.22393639	0.340182803	0.0312202922	0.00144428105	24.117696
13.84	1.68773546	1.04264501	0.189998617	1.62436659	1.22356376	0.250958948	0.000141278257	0.278486367	1	0.966738688	0.485812912	0.318707825	-1.21055824	-5.18430699	0.339353884	0.032032097	0.00125879582	23.983222
13.85	1.68773779	1.04264698	0.189998251	1.62436354	1.22356681	0.250958696	0.000195558899	0.278697128	1	0.967253169	0.485717253	0.318394845	-1.21912999	-5.17324591	0.339401451	0.0342032897	0.00186022497	25.680246
13.86	1.68773872	1.04264751	0.189998162	1.62436247	1.22356784	0.250958412	0.00017542088	0.280196301	1	0.967624615	0.485552158	0.318082865	-1.25435981	-5.16192389	0.339805672	0.0474298573	0.00162910789	24.273211
13.87	1.68773968	1.0426481	0.189998207	1.62436135	1.22356894	0.250958148	0.000172326972	0.281331139	1	0.967767685	0.485311853	0.317530673	-1.33813947	-5.15403315	0.340267095	0.0236292284	0.00177639679	25.539823
13.88	1.68774061	1.0426489	0.189998264	1.62436013	1.22357016	0.250958061	0.000176760014	0.281828186	1	0.967996622	0.485119048	0.317201849	-1.39201692	-5.10210489	0.340677546	0.0357274172	0.00187218595	25.318375
13.89	1.68774168	1.04264973	0.189998292	1.62435878	1.2235715	0.250957883	0.000183481896	0.28212406	1	0.968183366	0.484940852	0.316888039	-1.45179928	-5.05490122	0.341018648	0.0330775304	0.00193290464	24.997616
13.9	1.68774264	1.04265056	0.189998303	1.62435751	1.22357277	0.250957794	0.000185516585	0.282334329	1	0.96837851	0.484799834	0.316560596	-1.49599776	-5.01266958	0.341310221	0.0362502994	0.00190500225	23.675921
13.91	1.68774359	1.04265139	0.189998307	1.62435626	1.22357402	0.250957712	0.000186638903	0.282515364	1	0.968572328	0.484686926	0.316265073	-1.52063349	-4.98018118	0.341547951	0.0353107512	0.00181996521	24.685709
13.92	1.6877445	1.04265222	0.189998308	1.62435503	1.22357525	0.250957651	0.000186742371	0.282664271	1	0.968727461	0.484585871	0.315995131	-1.52521164	-4.95113328	0.341756176	0.0319951999	0.00167156535	24.599339
13.93	1.68774545	1.04265299	0.189998307	1.62435381	1.22357647	0.250957526	0.000185836538	0.282782112	1	0.968817442	0.484509953	0.315687082	-1.5467272	-4.90457801	0.342009979	0.0239162341	0.00148692809	24.711174
13.94	1.68774639	1.04265386	0.18999831	1.62435254	1.22357775	0.250957483	0.000188248861	0.282871475	1	0.968827395	0.484439786	0.315451282	-1.5278376	-4.86341483	0.342228933	0.0307827355	0.00141236827	23.29393
13.95	1.68774731	1.04265461	0.189998307	1.62435135	1.22357893	0.250957357	0.000185695277	0.282931925	1	0.9685949	0.484331245	0.315149699	-1.5325884	-4.85943716	0.342348867	0.0324362459	0.0011979615	28.262349
13.96	1.68774799	1.04265539	0.189998288	1.62435034	1.22357996	0.250957425	0.000178548954	0.282893815	1	0.968446992	0.484278944	0.315151204	-1.49951423	-4.82039717	0.342454295	0.0431115014	0.000843880142	25.182482
13.97	1.68774886	1.04265609	0.189998267	1.62434923	1.22358107	0.250957307	0.000173729826	0.282950059	1	0.968133688	0.484185243	0.315251161	-1.48601659	-4.77569565	0.342577933	0.0626070809	0.000581045544	24.585102
13.98	1.68774941	1.04265707	0.189998257	1.6243482	1.22358216	0.250957613	0.000174875686	0.283028534	1	0.968073993	0.484144089	0.315080136	-1.33207438	-4.75281837	0.342693865	0.0390060416	0.000285888226	24.375109
13.99	1.68775038	1.04265766	0.18999825	1.62434708	1.22358325	0.250957342	0.000168477038	0.283077342	1	0.967747039	0.484014181	0.314976312	-1.2987848	-4.75666223	0.342725324	0.0436110694	0.000606480429	26.015944
14	1.68775114	1.04265814	0.189998234	1.62434618	1.22358414	0.250957144	0.000154914634	0.283040691	1	0.967134176	0.483835795	0.314855275	-1.32561872	-4.78287003	0.342665932	0.0255764534	0.000539351806	25.462736
14.01	1.68775159	1.04265879	0.189998194	1.62434543	1.22358491	0.25095729	0.00014429785	0.282947063	1	0.966633902	0.483715207	0.315189414	-1.30434235	-4.74431663	0.342648507	0.0362997792	0.000658137655	27.960274
14.02	1.68775229	1.04265936	0.189998159	1.62434453	1.22358581	0.250957195	0.000135994109	0.283025921	1	0.966054657	0.483609251	0.31561889	-1.30395839	-4.7202604	0.342613208	0.020422453	0.000875551421	25.110425
14.03	1.68775286	1.04265989	0.189998139	1.62434375	1.22358659	0.250957167	0.000126635096	0.283084229	1	0.965416226	0.483532726	0.316120418	-1.31900295	-4.69994206	0.342550235	0.0288369687	0.00116076246	24.390302
14.04	1.68775342	1.04266044	0.189998121	1.62434299	1.22358737	0.25095716	0.000119415437	0.283105317	1	0.964715858	0.483485073	0.316689119	-1.3431562	-4.6836605	0.342451776	0.0431959006	0.00143207564	27.705947
14.05	1.68775393	1.04266097	0.189998101	1.62434225	1.22358811	0.250957172	0.000112571925	0.283106277	1	0.964034582	0.48350883	0.31734972	-1.37341471	-4.69030007	0.342255119	0.0417489826	0.00170528586	25.870867
14.06	1.68775387	1.04266086	0.189998467	1.62434237	1.22358799	0.250957134	8.48893187e-05	0.277817047	1	0.963449145	0.483649326	0.31796474	-1.42086996	-4.69057308	0.341074139	0.030678039	0.00198971677	23.942268
14.07	1.68775548	1.04266246	0.189998057	1.62434013	1.22359026	0.250957127	0.00011955575	0.277833814	1	0.962828534	0.483802039	0.318608701	-1.45911295	-4.728121	0.340680599	0.036405812	0.00242684001	26.306065
14.08	1.68775586	1.04266288	0.189997963	1.62433957	1.22359082	0.250957163	9.60523811e-05	0.279335189	1	0.962349614	0.484051793	0.319292307	-1.48563954	-4.77859051	0.340597199	0.0408106526	0.00225537443	24.786367
14.09	1.6877563	1.04266337	0.189997989	1.62433893	1.22359148	0.2509572	9.16366037e-05	0.280583143	1	0.961961602	0.484358249	0.319944003	-1.51052335	-4.83786749	0.340531085	0.0259901891	0.00241072536	26.02324
14.1	1.68775691	1.04266398	0.189998049	1.62433807	1.22359235	0.250957192	9.65368473e-05	0.281249574	1	0.961633287	0.484675238	0.320413057	-1.53829893	-4.8749578	0.340483789	0.0407985786	0.00232929817	24.537723
14.11	1.68775771	1.04266465	0.189998095	1.62433703	1.22359339	0.250957101	0.000104247825	0.281573119	1	0.961334911	0.485033407	0.320849238	-1.58657395	-4.91468798	0.340360644	0.0204353309	0.00207448155	27.779526
14.12	1.68775845	1.04266536	0.189998118	1.62433602	1.22359441	0.250957077	0.00011146243	0.281778903	1	0.961084223	0.485379536	0.321252005	-1.6370695	-4.95336471	0.340206338	0.0445307381	0.00189376426	23.976323
14.13	1.68775921	1.04266605	0.189998132	1.624335	1.22359544	0.250957035	0.00011687971	0.281967563	1	0.960883717	0.485730524	0.321607668	-1.69108997	-4.99100043	0.340050957	0.031492301	0.00171571727	24.003447
14.14	1.68775996	1.04266682	0.189998148	1.62433394	1.22359651	0.250957049	0.000124428539	0.282147181	1	0.960750822	0.486075309	0.321881591	-1.72454527	-5.02883554	0.339909537	0.0432746224	0.00150991067	22.970985
14.15	1.68776073	1.04266764	0.189998169	1.62433283	1.22359764	0.250957083	0.000133401961	0.282294028	1	0.96061974	0.48634733	0.322087045	-1.72343667	-5.05868678	0.339807008	0.042271444	0.00131031735	25.149337
14.16	1.68776159	1.0426684	0.189998187	1.62433169	1.22359878	0.250957017	0.00013928029	0.282394973	1	0.960441432	0.486545202	0.322236466	-1.71678216	-5.07072124	0.339764639	0.0449084107	0.00118590407	26.672557
14.17	1.68776254	1.04266905	0.189998204	1.62433054	1.22359991	0.250956797	0.000141445842	0.282493874	1	0.960034879	0.486669962	0.322017036	-1.76166387	-5.1442668	0.339632452	0.0389414725	0.00108491966	24.570033
14.18	1.68776308	1.04266993	0.189998205	1.62432959	1.22360091	0.250957041	0.000145840434	0.282437082	1	0.959918838	0.486818267	0.322172607	-1.70327374	-5.12802842	0.339614287	0.0387573265	0.00113010994	22.523905
14.19	1.68776407	1.04267072	0.189998205	1.62432832	1.22360218	0.250956894	0.000151671633	0.282572873	1	0.959851524	0.48696084	0.322274331	-1.65272219	-5.10629613	0.33968357	0.0329198555	0.000944711726	24.575308
14.2	1.68776506	1.04267149	0.189998225	1.62432707	1.22360342	0.250956749	0.000157261305	0.282689622	1	0.959737999	0.487046878	0.322301638	-1.60615214	-5.08992301	0.339772277	0.0305234287	0.00079190343	24.231645
14.21	1.687766	1.04267228	0.189998246	1.62432584	1.22360464	0.250956639	0.000162241705	0.282718545	1	0.95955501	0.487047946	0.322290596	-1.56520833	-5.05858433	0.3399014	0.0528238304	0.000756921044	24.267659
14.22	1.68776696	1.04267307	0.189998258	1.6243246	1.22360588	0.250956519	0.000166332549	0.282714295	1	0.959295992	0.486973788	0.32227281	-1.52604584	-5.0161328	0.34005684	0.0269000526	0.000711734565	25.578114
14.23	1.68776792	1.04267381	0.189998262	1.62432339	1.22360708	0.250956364	0.000167602965	0.28271158	1	0.958962386	0.486842125	0.322267534	-1.49977824	-4.96218088	0.340239216	0.0459398743	0.000670118791	23.66722
14.24	1.68776873	1.0426747	0.189998266	1.62432221	1.22360829	0.250956414	0.000171080986	0.282733835	1	0.958681964	0.486639107	0.322177373	-1.39584444	-4.9268065	0.340389508	0.0280599732	0.000613308101	25.658277
14.25	1.68776968	1.04267534	0.189998261	1.62432106	1.22360941	0.250956204	0.000167607314	0.282743242	1	0.958334368	0.486342784	0.322129919	-1.36356793	-4.85288351	0.340635781	0.0439083638	0.000785700883	26.307669
14.26	1.68777069	1.042676	0.189998258	1.62431986	1.22361059	0.25095595	0.000166835759	0.282780698	1	0.957878777	0.485971127	0.322067318	-1.36017414	-4.75802734	0.340957828	0.0434021168	0.000624293079	25.455541
14.27	1.68777174	1.04267656	0.189998258	1.62431869	1.22361172	0.250955606	0.000164248831	0.282837424	1	0.957171813	0.485533408	0.321738048	-1.4328716	-4.69524856	0.341247818	0.0303422399	0.000460280251	24.676527
14.28	1.68777247	1.0426773	0.189998247	1.62431766	1.22361276	0.250955613	0.000159990894	0.282796813	1	0.956660319	0.485146508	0.321634765	-1.45750964	-4.54868788	0.341680177	0.0365245434	0.00052025781	23.773275
14.29	1.68777355	1.04267802	0.189998242	1.62431636	1.22361404	0.250955356	0.000164543691	0.282911387	1	0.956115879	0.484758031	0.321530878	-1.51169761	-4.40578594	0.342152834	0.0449705863	0.000305447225	23.635511
14.3	1.68777454	1.0426787	0.189998248	1.62431516	1.22361522	0.250955136	0.000165473579	0.282988549	1	0.955509673	0.484362259	0.321470269	-1.5949521	-4.25915345	0.342624872	0.0637792105	9.73189657e-11	27.57493
14.31	1.68777547	1.04267944	0.189998253	1.62431397	1.2236164	0.250954999	0.000166590908	0.283020309	1	0.954983709	0.484043909	0.321428673	-1.68266283	-4.11086408	0.343094558	0.0457010559	1.47869813e-05	27.440886
14.32	1.68777653	1.04268007	0.18999826	1.62431274	1.2236176	0.250954704	0.000167935345	0.283074011	1	0.954315043	0.483697268	0.321175904	-1.80485062	-4.01855234	0.343441325	0.0496992646	3.85642461e-05	26.510784
14.33	1.68777638	1.04267994	0.189998584	1.62431294	1.2236174	0.250954718	0.000126037928	0.278091343	1	0.953846567	0.483377886	0.321052172	-1.84235733	-3.87228924	0.342839554	0.0512649837	7.44126945e-05	26.000815
14.34	1.68777858	1.04268189	0.189998235	1.62431001	1.22362033	0.250954539	0.000178634666	0.278174153	1	0.953515915	0.483096897	0.320920038	-1.89403967	-3.79494392	0.343071237	0.0657386506	0.000135238678	24.742037
14.35	1.68777935	1.04268236	0.189998122	1.62430912	1.2236212	0.250954324	0.000152223316	0.279719193	1	0.953419896	0.482902658	0.320746142	-1.95509993	-3.71526592	0.343641	0.0530448339	0.000127737128	26.791429
14.36	1.68778026	1.042683	0.18999816	1.624308	1.22362231	0.250954133	0.000152405172	0.281033516	1	0.953481946	0.482781742	0.320611852	-1.99487814	-3.67021275	0.344129775	0.067709472	0.000200739315	26.902998
14.37	1.68778132	1.0426837	0.189998237	1.62430674	1.22362355	0.250953879	0.000160992373	0.281690527	1	0.953649483	0.482744355	0.320514284	-2.05249257	-3.64833424	0.344446311	0.0535184496	0.000229669273	23.342085
14.38	1.68778249	1.04268441	0.189998292	1.62430537	1.22362488	0.250953556	0.000171366217	0.281936853	1	0.95389974	0.482822573	0.320390652	-2.14279306	-3.63326587	0.344666715	0.0515658473	0.000262351586	23.348422
14.39	1.68778368	1.04268523	0.189998325	1.62430393	1.2236263	0.250953289	0.000182276175	0.282074961	1	0.954307714	0.483026515	0.320209771	-2.23544127	-3.64117728	0.344781385	0.0631223002	0.000346902179	23.343692
14.4	1.68778491	1.04268605	0.189998351	1.62430245	1.22362775	0.250953004	0.000192284913	0.282219247	1	0.954851364	0.483308765	0.319989549	-2.32319826	-3.67141758	0.344801831	0.0470487739	0.000454667559	23.83128
14.41	1.68778624	1.0426868	0.18999838	1.62430093	1.22362922	0.25095259	0.00020204874	0.282384748	1	0.955288024	0.483604986	0.319409783	-2.45566148	-3.77903969	0.344675963	0.0692253151	0.000553813053	23.603894
14.42	1.68778725	1.04268778	0.1899984	1.62429954	1.22363063	0.250952572	0.000206253053	0.282390349	1	0.956004887	0.483980942	0.319170142	-2.50159347	-3.80294419	0.344652896	0.0340031634	0.000634177636	24.676365
14.43	1.68778872	1.04268877	0.189998427	1.62429776	1.22363237	0.250952232	0.000223651217	0.282550631	1	0.956763301	0.484399078	0.318853544	-2.54237376	-3.84105901	0.344656261	0.0413460828	0.000715158072	24.059871
14.44	1.68779013	1.04268984	0.189998471	1.624296	1.22363412	0.250951991	0.00023884766	0.282657221	1	0.957551573	0.48486076	0.318490575	-2.55461698	-3.89022381	0.344638991	0.0555528278	0.000806854219	23.448164
14.45	1.68779164	1.04269089	0.18999852	1.62429416	1.22363593	0.250951669	0.0002558274	0.282691432	1	0.958335361	0.485363516	0.318079203	-2.57733749	-3.93716861	0.344625605	0.0333758504	0.000885347707	25.718863
14.46	1.68779321	1.04269206	0.189998585	1.6242922	1.22363787	0.250951386	0.000278527868	0.282679716	1	0.959008153	0.485836428	0.317732007	-2.56882819	-3.98237539	0.344599609	0.0479242601	0.000986788616	24.070946
14.47	1.68779479	1.04269318	0.189998634	1.62429026	1.22363978	0.250951056	0.000295749705	0.282642997	1	0.959559787	0.486268859	0.317448827	-2.57502824	-4.01024452	0.344601355	0.0742182992	0.00104544611	24.978257
14.48	1.68779646	1.04269426	0.189998679	1.62428828	1.22364172	0.250950638	0.000312614091	0.282616614	1	0.959926841	0.486660928	0.317191797	-2.62569404	-4.02547762	0.344631214	0.0517006991	0.00110429712	24.871884
14.49	1.68779774	1.04269607	0.189998484	1.62428617	1.22364391	0.250951017	0.000182493992	0.282602956	1	0.960303654	0.486916651	0.316773923	-2.50544073	-4.05082012	0.344668192	0.0507357314	0.0011376056	25.336455
14.5	1.68779948	1.04269713	0.189998579	1.62428415	1.22364588	0.250950533	0.00023130964	0.282574848	1	0.960332707	0.48697307	0.316374798	-2.50631549	-4.13037678	0.344539791	0.0353144699	0.00111103563	24.737187
14.51	1.68780065	1.0426982	0.189998576	1.62428257	1.22364747	0.250950462	0.000237267675	0.282427392	1	0.96050652	0.48703834	0.316411947	-2.44842542	-4.14804072	0.344428424	0.045777809	0.00092461016	23.970693
14.52	1.68780206	1.04269924	0.189998568	1.62428083	1.2236492	0.250950202	0.000247759169	0.282459456	1	0.960540271	0.48698622	0.316556317	-2.39132464	-4.1775698	0.344305187	0.0696569179	0.000817889496	23.696119
14.53	1.68780326	1.04270021	0.18999856	1.62427928	1.22365074	0.250950044	0.00024904886	0.282478363	1	0.960499493	0.486844742	0.316745666	-2.32032522	-4.2114716	0.344155614	0.0659714804	0.000633973146	24.588805
14.54	1.68780438	1.04270117	0.189998544	1.62427781	1.22365221	0.250949931	0.000246973858	0.282465367	1	0.960386206	0.486606893	0.317015797	-2.22943161	-4.25600418	0.343946587	0.0430553364	0.000434011702	24.356452
14.55	1.68780542	1.04270202	0.189998513	1.62427647	1.22365354	0.25094979	0.000238720974	0.282436881	1	0.960391054	0.486451664	0.317393611	-2.14278212	-4.31943009	0.343636477	0.0638736619	0.00024884534	25.504154
14.56	1.68780658	1.0427026	0.189998478	1.62427519	1.22365478	0.250949385	0.000227643978	0.28246281	1	0.960118344	0.486202916	0.317599126	-2.15865657	-4.42866346	0.3432422	0.0381378225	0.000273801963	24.252763
14.57	1.68780638	1.04270244	0.18999875	1.62427544	1.22365452	0.250949411	0.000171508655	0.277583895	1	0.960073833	0.486048545	0.318129273	-2.11037983	-4.50210603	0.341856842	0.0551125615	0.000454741309	23.03212
14.58	1.68780841	1.0427043	0.18999835	1.6242727	1.22365727	0.250949287	0.000206000207	0.277755135	1	0.96003388	0.48591792	0.318692887	-2.10690825	-4.62087476	0.341236346	0.0426203302	0.000921834821	25.079111
14.59	1.68780906	1.04270468	0.189998214	1.62427196	1.223658	0.2509491	0.00016699734	0.279219404	1	0.959975601	0.485794611	0.319405278	-2.14880765	-4.72730783	0.340957624	0.0811154421	0.000871819196	23.991355
14.6	1.6878097	1.04270517	0.189998208	1.62427115	1.2236588	0.250948992	0.000150845157	0.280421516	1	0.95998302	0.485648939	0.319900041	-2.20717271	-4.7946173	0.340879806	0.0390511448	0.0011137313	23.832964
14.61	1.68781061	1.04270579	0.189998242	1.62427006	1.22365988	0.250948786	0.000151385407	0.281062732	1	0.959927143	0.485481917	0.320483954	-2.31570342	-4.86874303	0.340694398	0.078107791	0.00106524915	24.67409
14.62	1.68781139	1.04270637	0.18999825	1.62426908	1.22366084	0.250948647	0.000146886291	0.281329298	1	0.959888128	0.485315522	0.321101361	-2.43179646	-4.94928144	0.340392151	0.0808131136	0.00120210799	22.856618
14.63	1.68781205	1.04270702	0.189998234	1.62426816	1.22366177	0.250948639	0.000141443266	0.281503553	1	0.959901671	0.485157447	0.321614171	-2.48524663	-5.03782391	0.340046748	0.094062477	0.00141296137	24.263137
14.64	1.68781278	1.04270756	0.189998211	1.62426725	1.22366267	0.250948507	0.000134015269	0.281680045	1	0.959916209	0.48489737	0.322058824	-2.57491109	-5.08868167	0.339813656	0.089626908	0.00150342604	25.425624
14.65	1.68781354	1.04270818	0.189998194	1.62426628	1.22366364	0.250948404	0.000131876941	0.281890211	1	0.960003017	0.48460294	0.322303901	-2.63705197	-5.13000906	0.339663589	0.0717497666	0.00157038164	24.084439
14.66	1.68781425	1.04270894	0.189998192	1.62426525	1.22366468	0.250948437	0.000135125695	0.282083275	1	0.960211026	0.484315802	0.32235034	-2.62807269	-5.17364284	0.339543905	0.0693716357	0.00154841367	23.642326
14.67	1.68781501	1.04270972	0.189998198	1.62426418	1.22366578	0.250948456	0.000140221763	0.282232877	1	0.960541153	0.484069826	0.322265938	-2.5359677	-5.23228074	0.339410596	0.0700474596	0.00140547791	23.834169
14.68	1.68781577	1.04271055	0.189998207	1.62426308	1.2236669	0.25094851	0.000146443959	0.282342444	1	0.961000064	0.483832538	0.322015394	-2.35194995	-5.29899858	0.339294467	0.0698955697	0.00118582129	24.283803
14.69	1.68781655	1.04271146	0.189998222	1.62426191	1.22366809	0.250948593	0.000154992253	0.282441431	1	0.9617231	0.483637533	0.321458174	-2.06359962	-5.37253549	0.339243061	0.0551183168	0.000836100304	24.021054
14.7	1.68781747	1.04271242	0.189998247	1.6242606	1.22366942	0.250948628	0.000166759282	0.282535027	1	0.962565065	0.483420202	0.32076483	-1.69115934	-5.45530938	0.339215655	0.0479302946	0.00034178098	24.476116
14.71	1.68781839	1.0427134	0.189998274	1.62425928	1.22367077	0.250948664	0.000177054623	0.282599822	1	0.963590917	0.483207451	0.319885237	-1.21969774	-5.55594421	0.339158321	0.0906850975	0.00036641086	26.82047
14.72	1.68781934	1.04271443	0.189998302	1.6242579	1.22367217	0.250948727	0.000188128786	0.282649086	1	0.96487877	0.483028224	0.31881272	-0.644674261	-5.68752827	0.339046808	0.0674500802	0.000945270781	24.523432
14.73	1.68782036	1.04271544	0.18999833	1.62425648	1.2236736	0.25094872	0.000197254973	0.282701673	1	0.966488298	0.482897799	0.317506096	0.0204408423	-5.84911255	0.338895733	0.0689251003	0.00164029011	23.619632
14.74	1.68782145	1.04271649	0.189998361	1.62425498	1.22367512	0.250948688	0.000207540766	0.282764791	1	0.968441126	0.482750225	0.316011994	0.769020631	-6.04817406	0.338676934	0.0892388767	0.00239429828	24.118438
14.75	1.68782132	1.04271629	0.189998659	1.62425522	1.22367487	0.250948641	0.000155314075	0.277722671	1	0.971023918	0.483984318	0.316090044	0.862719248	-5.82783158	0.338154853	0.0610821547	0.00307574014	25.180034
14.76	1.6878267	1.04271795	0.18999851	1.62424989	1.22367986	0.250946006	0.000323355991	0.278491066	1	0.973499397	0.485193301	0.315684705	0.876315302	-5.68583076	0.338800949	0.0994193007	0.00425734945	23.346676
14.77	1.68782894	1.04271977	0.189998387	1.624247	1.22368273	0.250945707	0.000205007036	0.280105689	1	0.975999246	0.486425671	0.315161357	0.911663772	-5.57687346	0.339706516	0.107534362	0.00580162751	23.460482
14.78	1.68783183	1.04272198	0.18999903	1.62424337	1.22368633	0.250945232	0.000382338104	0.281054247	1	0.978578653	0.487717967	0.314572512	0.946152488	-5.52612496	0.340398326	0.210234636	0.00713332013	22.649953
14.79	1.68783456	1.04272394	0.189999125	1.62424001	1.22368965	0.250944685	0.000365415121	0.281361719	1	0.981349149	0.489168452	0.313851499	0.978935075	-5.54019327	0.340781228	0.102730844	0.0080999465	25.896265
14.8	1.68783728	1.04272594	0.189999172	1.62423663	1.22369299	0.25094418	0.000348710883	0.281412822	1	0.984272808	0.490763365	0.313113353	1.01378635	-5.58860963	0.340967936	0.0637622535	0.00890434547	23.031542
14.81	1.68784008	1.04272792	0.189999181	1.6242332	1.22369636	0.250943596	0.000330550461	0.281443052	1	0.987262289	0.492461835	0.312365339	1.03250198	-5.6605107	0.341046448	0.0849993193	0.00861247597	22.996734
14.82	1.6878434	1.04272933	0.189999214	1.62422969	1.22369971	0.250942243	0.000336037758	0.281485666	1	0.990104592	0.494289194	0.311349025	0.865189616	-5.75778718	0.34110219	0.112197838	0.00891660382	23.183669
14.83	1.6878463	1.04273139	0.189999238	1.62422613	1.22370322	0.250941653	0.000329521236	0.281432417	1	0.992790085	0.496088219	0.310575389	0.70443997	-5.78325448	0.341044088	0.140804867	0.00939597212	23.976519
14.84	1.68784906	1.04273392	0.189999262	1.62422241	1.22370696	0.250941492	0.000322926268	0.281446038	1	0.995504904	0.497726129	0.309573712	0.678883498	-5.82739893	0.340990628	0.0501781491	0.00991404044	23.234711
14.85	1.68785215	1.04273597	0.189999296	1.62421871	1.22371059	0.250940757	0.0003299026	0.281333047	1	0.997936529	0.499254051	0.308947946	0.568866446	-5.75814335	0.341150661	0.063185434	0.00998195321	23.231629
14.86	1.68785597	1.04273815	0.189999441	1.62421433	1.22371484	0.250939597	0.000384836991	0.281287282	1	1.00019479	0.500801269	0.30863472	0.396923193	-5.63949319	0.341407365	0.120454383	2.01710055e-10	24.045371
14.87	1.68785997	1.04274032	0.189999594	1.62420982	1.22371921	0.250938301	0.000441108581	0.281617772	1	1.00225878	0.502350295	0.308571606	0.173022172	-5.4729001	0.341818859	0.0546588223	0.000419929785	26.342989
14.88	1.68786404	1.04274249	0.189999735	1.62420526	1.22372361	0.250936955	0.00049259188	0.282509408	1	1.0040633	0.503886599	0.308938215	-0.0565025952	-5.26763402	0.342346613	0.124981747	0.000864515606	26.446684
14.89	1.68786336	1.04274215	0.189999569	1.62420601	1.22372289	0.2509372	0.000304944235	0.281048761	1	1.00557869	0.50545046	0.309798473	-0.295541954	-5.01115877	0.342120772	0.0555065612	0.00132586726	24.875756
14.9	1.68787375	1.04274795	0.190001594	1.62419419	1.22373434	0.25093395	0.000853938409	0.282245503	1	1.00683119	0.507003386	0.311095716	-0.499397564	-4.73993835	0.342675708	0.0437755189	0.00178183209	24.128872
14.91	1.68831901	1.04293868	0.18840269	1.62372208	1.22418406	0.250753976	0.919411784	0.284768924	1	1.00784081	0.508502712	0.312776283	-0.668175118	-4.42167435	0.343279167	0.0570270651	0.00219833757	21.593631
14.92	1.68893039	1.04341998	0.188915868	1.62294451	1.22495669	0.250661992	0.629541389	0.282571227	1	1.0087056	0.50997546	0.314836062	-0.827127522	-4.03595471	0.343171458	0.0656810946	0.00246551621	22.946716
14.93	1.69140297	1.04468134	0.189198398	1.62020367	1.22759699	0.249805528	0.248541982	0.285678672	1	1.00944866	0.511577399	0.316916849	-1.02922844	-3.74349251	0.344089138	0.0805587747	0.00273965578	23.704668
14.94	1.6921654	1.04561066	0.190502392	1.61903995	1.22879324	0.249923536	0.173482098	0.288045818	1	1.0100431	0.513057069	0.319480123	-1.12188288	-3.38690512	0.345317144	0.0524905842	0.00276285794	24.72587
14.95	1.69338142	1.04668904	0.19020883	1.61742199	1.23041562	0.249826213	0.591425178	0.290314021	1	1.01048541	0.514471827	0.322426623	-1.2019056	-2.9773476	0.346364985	0.0511483972	0.00295866898	21.761913
14.96	1.69390731	1.0474201	0.189971721	1.61656629	1.23130442	0.249971291	0.309726443	0.28950908	1	1.0110021	0.515662901	0.325342526	-1.06405483	-2.59089335	0.346386246	0.0658907123	0.00285698167	21.205327
14.97	1.69541337	1.0500685	0.187449582	1.61378938	1.23424206	0.250779048	0.614572218	0.291724607	1	1.01153701	0.516703058	0.328796372	-0.939826508	-2.17997475	0.346607469	0.0581524584	0.0026376453	24.798824
14.98	1.69528585	1.04958942	0.188441925	1.61417449	1.23381313	0.250530453	0.462495297	0.293023154	1	1.01203897	0.517600951	0.33270823	-0.865763345	-1.77942834	0.347336212	0.0626321723	0.00195770112	24.686651
14.99	1.69520665	1.04922072	0.188799858	1.61445562	1.23349642	0.25032575	0.347749702	0.293411198	1	1.01252847	0.518341775	0.336996649	-0.795340888	-1.37917133	0.347835253	0.0488076108	0.00184356646	23.099963
15	1.69514593	1.04894364	0.189096194	1.61466787	1.23325756	0.250172764	0.261407936	0.29300053	1	1.01303345	0.518947237	0.341606274	-0.726545843	-1.00035326	0.348021968	0.0460231139	0.00161568416	22.784048
15.01	1.69510036	1.04873539	0.189317568	1.61482737	1.23307808	0.250057729	0.196474622	0.292503506	1	1.01357373	0.519417595	0.34640456	-0.673989944	-0.658204476	0.347990077	0.0447014875	0.00134657991	24.194244
15.02	1.69506609	1.04857903	0.189484574	1.61494717	1.23294329	0.249971395	0.147662288	0.292123198	1	1.01420811	0.519810309	0.351212844	-0.611742123	-0.352929972	0.34783012	0.0218303869	0.00110351157	23.978053
15.03	1.69504072	1.04846162	0.189610481	1.61503685	1.23284233	0.249906314	0.1109265	0.291854901	1	1.01500993	0.520140886	0.355904368	-0.618287459	-0.128246136	0.347469187	0.0747514349	0.00111831634	25.102352
15.04	1.69502234	1.04837415	0.189704675	1.61510324	1.23276748	0.24985746	0.0834681939	0.2916346	1	1.01591858	0.520382215	0.360032707	-0.588452818	0.0140238825	0.346989405	0.111585623	0.00137165371	24.385623
15.05	1.69501461	1.04829213	0.189775356	1.6151578	1.23270402	0.249804929	0.0589809991	0.288135591	1	1.0170033	0.520664011	0.363814045	-0.612897138	0.108345724	0.345529617	0.032064836	0.0016893159	24.843726
15.06	1.69500309	1.04825093	0.189828083	1.61519139	1.23266674	0.249783946	0.045328517	0.288893546	1	1.01817636	0.52095764	0.36724095	-0.661202059	0.131414851	0.344884444	0.0326229544	0.00178110977	21.935438
15.07	1.69499437	1.04821832	0.18986827	1.61521765	1.23263751	0.249767052	0.0346810307	0.289896452	1	1.01942979	0.52126175	0.370345164	-0.707087671	0.105188747	0.344317889	0.0591492387	0.00192465788	25.005337
15.08	1.69498798	1.04819408	0.189898911	1.6152371	1.23261585	0.249754426	0.026623407	0.290467127	1	1.02075191	0.52160378	0.373122363	-0.737189251	0.0310111655	0.34361994	0.0557559004	0.00211068612	23.440342
15.09	1.69498334	1.04817595	0.189922278	1.61525153	1.23259975	0.249744884	0.0204768674	0.290702745	1	1.02205746	0.521933329	0.375608581	-0.759991235	-0.0696692942	0.342820733	0.0728844924	0.00231281904	23.365431
15.1	1.69498005	1.04816234	0.189940104	1.61526221	1.23258781	0.249737591	0.0157729255	0.290798492	1	1.0232912	0.522225804	0.377792858	-0.802313276	-0.180333284	0.342002302	0.0481702419	0.00249061531	22.532241
15.11	1.69497776	1.04815228	0.189953735	1.61526999	1.23257907	0.249732094	0.0121741905	0.290864695	1	1.02445718	0.522495144	0.37966907	-0.856835028	-0.302237362	0.341192351	0.0308884095	0.0025570095	21.054301
15.12	1.69497623	1.04814493	0.189964169	1.61527555	1.23257279	0.24972798	0.00941964248	0.29092707	1	1.02557706	0.522756695	0.38123387	-0.910484989	-0.437650083	0.340398719	0.0360932678	0.00253613098	22.247414
15.13	1.69497529	1.04813966	0.189972161	1.61527942	1.2325684	0.249724918	0.00731064817	0.290984694	1	1.02668791	0.523026304	0.382474993	-0.9519122	-0.594231844	0.339606297	0.0405041574	0.00246189424	23.146683
15.14	1.69497484	1.04813594	0.189978284	1.61528198	1.23256545	0.249722607	0.00569396444	0.291023155	1	1.02774103	0.523289595	0.383443687	-0.983434196	-0.743078167	0.338889018	0.0732966573	0.00236671884	22.293702
15.15	1.69497472	1.04813352	0.189982977	1.6152835	1.23256366	0.249720988	0.00445974808	0.291068268	1	1.02877202	0.523556309	0.384132709	-0.976370658	-0.903314756	0.338203259	0.058664577	0.00224298096	22.071722
15.16	1.69497489	1.04813201	0.189986576	1.61528425	1.23256271	0.24971979	0.00351294253	0.291101343	1	1.02977989	0.523824057	0.384551939	-0.934909094	-1.07451251	0.337544262	0.0373433116	0.00217722687	22.538527
15.17	1.69497532	1.04813116	0.189989332	1.61528441	1.23256241	0.249718892	0.00278608921	0.291118434	1	1.0307133	0.524073039	0.384781249	-0.878496172	-1.23349978	0.336963464	0.0510165277	0.00217375761	24.867502
15.18	1.69497594	1.04813085	0.189991443	1.61528409	1.23256263	0.249718231	0.0022290045	0.291141122	1	1.03156403	0.524305255	0.384841744	-0.811111708	-1.37618993	0.336475613	0.0314702571	0.00214224978	24.561432
15.19	1.69497672	1.04813093	0.189993061	1.61528341	1.23256324	0.249717739	0.00180189793	0.291168208	1	1.03231732	0.52451583	0.384774549	-0.736645897	-1.48965458	0.336111067	0.0302602391	0.00206939324	24.420777
15.2	1.69497767	1.04813131	0.189994301	1.61528242	1.23256418	0.249717336	0.00147412569	0.291201608	1	1.03296435	0.524698148	0.38463726	-0.662678961	-1.5656095	0.33588373	0.0471767917	0.00193770312	23.245552
15.21	1.69497875	1.04813194	0.189995258	1.61528118	1.23256539	0.249717014	0.00122503042	0.29123977	1	1.03350515	0.524860282	0.384464999	-0.590533752	-1.59645999	0.335807013	0.0314873635	0.00176183644	23.519349
15.22	1.69497993	1.04813282	0.189996008	1.6152797	1.23256685	0.249716802	0.00104005015	0.291287416	1	1.03391857	0.524973734	0.384237954	-0.499833009	-1.57485079	0.335911953	0.0591553888	0.00156761722	24.944132
15.23	1.69498117	1.04813402	0.189996609	1.61527799	1.23256857	0.249716774	0.000908846357	0.291383942	1	1.03434344	0.524982853	0.383583763	-0.31250301	-1.59200402	0.336033562	0.041344215	0.00147220801	23.529953
15.24	1.69498256	1.04813512	0.189997079	1.61527622	1.23257033	0.249716566	0.000803619178	0.291368849	1	1.03466513	0.524955482	0.38299758	-0.146779475	-1.53011299	0.336332938	0.0607418048	0.00169405807	22.559949
15.25	1.6949841	1.04813666	0.18999721	1.61527407	1.23257251	0.249716564	0.00060768595	0.291420372	1	1.03494059	0.52491949	0.382344279	0.0166967084	-1.43074494	0.336773573	0.0552000233	0.00186165611	24.63857
15.26	1.69498603	1.04813783	0.189997592	1.61527182	1.2325747	0.249716038	0.000588780159	0.291528905	1	1.03509474	0.524930063	0.381318297	0.0875076742	-1.35560199	0.337258457	0.0239326084	0.0020779531	22.439301
15.27	1.69498779	1.0481392	0.189997881	1.61526959	1.23257691	0.249715756	0.000574283848	0.291534121	1	1.0351898	0.524904723	0.380340755	0.187188634	-1.21721506	0.337883981	0.0310782521	0.00225714249	23.316693
15.28	1.69498964	1.04814092	0.189997878	1.61526708	1.23257944	0.249715664	0.000442841123	0.291580513	1	1.03523576	0.524891141	0.379417715	0.282063293	-1.06208868	0.338555831	0.0217828853	0.002658542	23.363684
15.29	1.69499159	1.04814236	0.189998126	1.61526466	1.23258184	0.249715308	0.000476901941	0.291629687	1	1.03526465	0.524895704	0.378477593	0.363637596	-0.90904539	0.339226104	0.0355919071	0.00305327063	22.577718
15.3	1.69499352	1.04814405	0.189998085	1.6152621	1.2325844	0.249715134	0.000370078131	0.291664115	1	1.03531816	0.524921929	0.377482169	0.429529281	-0.769577338	0.339860242	0.0402964151	0.00341566598	22.975523
15.31	1.6949955	1.04814544	0.189998281	1.61525968	1.23258678	0.249714718	0.000419711165	0.291678476	1	1.03536521	0.52495872	0.376489687	0.468739196	-0.632518569	0.340475523	0.0318243663	0.0037582396	22.706621
15.32	1.69499745	1.04814703	0.189998188	1.61525717	1.23258928	0.24971446	0.000320222031	0.291686842	1	1.03536095	0.524985548	0.375541543	0.479360282	-0.499389041	0.341067546	0.0535169712	0.00408627198	23.287442
15.33	1.69499936	1.04814833	0.18999833	1.61525486	1.23259155	0.249714026	0.000372939822	0.291689427	1	1.03531238	0.525017488	0.37462379	0.458745262	-0.382759974	0.34160153	0.0211310172	0.00436406531	21.587067
15.34	1.6950011	1.04814955	0.189998396	1.61525274	1.23259365	0.249713658	0.000396483877	0.291681891	1	1.03521604	0.525046838	0.373731596	0.415671062	-0.275581325	0.342095353	0.0248647933	0.00458331409	25.980196
15.35	1.69500269	1.04815103	0.189998201	1.61525058	1.23259582	0.249713581	0.000274327185	0.291685721	1	1.03511041	0.525035437	0.372724501	0.387167586	-0.153241954	0.342650938	0.0566633786	0.00476826565	27.19247
15.36	1.69500437	1.0481522	0.189998269	1.61524854	1.23259783	0.249713225	0.00031743047	0.291713808	1	1.03497687	0.525003137	0.371720056	0.346015868	-0.0396283871	0.343188756	0.0338178518	0.00505688009	21.89876
15.37	1.69500591	1.04815332	0.189998292	1.61524663	1.23259971	0.249712929	0.000335218977	0.291736201	1	1.03480796	0.524942501	0.370719193	0.297277033	0.0728412758	0.343699127	0.0235480813	0.00439085268	25.972903
15.38	1.69500732	1.04815446	0.189998295	1.61524482	1.23260151	0.249712737	0.000344371481	0.291753319	1	1.03462562	0.524865126	0.369826528	0.270443881	0.167212224	0.344111849	0.0374305618	0.00439259046	23.185114
15.39	1.69500864	1.04815553	0.189998291	1.61524313	1.2326032	0.24971256	0.00034686229	0.291761889	1	1.03443152	0.524773716	0.36899804	0.250801863	0.242597549	0.344457581	0.0332825105	0.0042173565	26.500544
15.4	1.69500836	1.04815527	0.189998608	1.6152435	1.23260283	0.249712574	0.000260330971	0.288056531	1	1.03424997	0.524671542	0.368225333	0.252713586	0.327025145	0.343963729	0.0249613262	0.00398006085	23.014058
15.41	1.69501049	1.04815712	0.189998044	1.61524069	1.23260564	0.24971238	0.000309287679	0.289088228	1	1.03402525	0.524504377	0.367572136	0.271715093	0.378349657	0.344326768	0.0237288401	0.00367030392	23.97179
15.42	1.69501148	1.04815798	0.189998043	1.61523938	1.23260695	0.249712287	0.000299856925	0.290325302	1	1.03382846	0.524328258	0.366987058	0.305214583	0.389953266	0.344727249	0.0407272827	0.00335704278	25.516711
15.43	1.69501241	1.04815879	0.189998078	1.61523816	1.23260817	0.249712205	0.000291794553	0.291077629	1	1.03367621	0.524166248	0.366475723	0.347523276	0.370373707	0.344957947	0.028523464	0.00285836849	25.500933
15.44	1.69501329	1.04815951	0.189998086	1.61523702	1.23260931	0.249712086	0.000280862983	0.291490272	1	1.03355933	0.524023303	0.366058998	0.380463521	0.325170351	0.34500603	0.0359046583	0.00228846255	23.958142
15.45	1.69501406	1.04816022	0.18999807	1.61523598	1.23261036	0.249712043	0.00026790949	0.291760455	1	1.03349424	0.523863792	0.365660398	0.419051246	0.29979041	0.345038745	0.0468504972	0.00180381825	24.191407
15.46	1.69501492	1.04816087	0.189998047	1.61523491	1.23261142	0.249711896	0.000256467692	0.291998946	1	1.03344448	0.523720813	0.365462282	0.42205574	0.236418844	0.344916634	0.0420881057	0.00162260508	23.995936
15.47	1.69501567	1.04816143	0.189998028	1.61523396	1.23261235	0.249711759	0.00024100474	0.292163518	1	1.03338884	0.523607685	0.365377618	0.383444375	0.162294424	0.344724467	0.0313077994	0.00148354487	23.03227
15.48	1.69501625	1.04816218	0.189998008	1.61523305	1.23261329	0.24971188	0.000232124396	0.292327568	1	1.03338066	0.523426641	0.365127732	0.423089061	-0.019295435	0.344294565	0.056398249	0.00151721944	24.268325
15.49	1.69501681	1.04816269	0.189997991	1.6152323	1.23261404	0.249711844	0.000213036628	0.292335056	1	1.03330508	0.523235327	0.36513367	0.409749716	-0.180307455	0.343809721	0.0486245113	0.00145684405	24.771999
15.5	1.69501741	1.04816318	0.189997958	1.61523153	1.23261482	0.249711774	0.000196568288	0.292377791	1	1.03312359	0.523023486	0.365365945	0.371117408	-0.303661621	0.343363743	0.0351892664	0.00183672305	24.71096
15.51	1.69501797	1.04816375	0.189997929	1.61523074	1.23261561	0.249711775	0.000185756111	0.292459814	1	1.03279049	0.522761257	0.36575551	0.328449431	-0.3664657	0.34307881	0.0545454179	0.00222538294	22.967498
15.52	1.69501866	1.04816427	0.189997912	1.61522988	1.23261647	0.249711656	0.000178620384	0.292598072	1	1.03227975	0.522556843	0.365912004	0.221228359	-0.431345751	0.342876266	0.0467813992	0.00242820962	22.60725
15.53	1.69501924	1.04816491	0.189997901	1.61522903	1.23261733	0.249711694	0.000176270662	0.29265082	1	1.03158269	0.522279289	0.366240142	0.156240511	-0.41095174	0.342870037	0.0246055586	0.00262748532	24.03957
15.54	1.69501984	1.04816562	0.189997886	1.61522812	1.23261826	0.249711778	0.000178446862	0.292733595	1	1.03074762	0.521949878	0.366700994	0.108038233	-0.331216955	0.343026092	0.0227074962	0.00254297582	22.45845
15.55	1.69502047	1.04816633	0.189997877	1.6152272	1.23261921	0.249711833	0.00018085699	0.29282785	1	1.02979469	0.521570356	0.367290279	0.067607696	-0.207048538	0.343302525	0.0300517919	0.00234801826	22.722566
15.56	1.6950211	1.04816704	0.189997875	1.61522627	1.23262016	0.249711885	0.000183531549	0.292919482	1	1.02874125	0.52115315	0.367939015	0.0286712365	-0.0647413527	0.343635794	0.0416450231	0.00212886566	22.577029
15.57	1.69502172	1.04816774	0.189997876	1.61522535	1.23262109	0.249711946	0.000185137031	0.292990572	1	1.02761191	0.520713559	0.368601365	-0.0102840323	0.0834675535	0.343990551	0.0358479618	0.00197138597	25.844145
15.58	1.69502231	1.04816846	0.189997877	1.61522446	1.23262201	0.249712041	0.000186187264	0.293052844	1	1.02647423	0.520281794	0.369216811	-0.0465660198	0.212644523	0.344301078	0.045398143	0.00188020875	22.71565
15.59	1.69502287	1.04816914	0.189997877	1.61522361	1.23262289	0.249712125	0.000184740914	0.293105908	1	1.02535862	0.519882642	0.369756222	-0.0861155715	0.312254868	0.344539137	0.047058231	0.00189692092	23.293587
15.6	1.69502337	1.04816986	0.18999788	1.61522278	1.23262375	0.249712279	0.000183589129	0.293159415	1	1.02431679	0.519524612	0.370161823	-0.108381948	0.36449676	0.344665408	0.0444032798	0.00199969531	22.631021
15.61	1.69502328	1.04816968	0.189998299	1.61522296	1.23262356	0.249712218	0.000137910213	0.288576679	1	1.02339521	0.519200722	0.370357419	-0.0783046203	0.404582736	0.343769595	0.0434951725	0.00221817916	23.464318
15.62	1.69502431	1.04817134	0.189997741	1.61522114	1.23262547	0.249712664	0.000182396106	0.289137491	1	1.02252258	0.518889761	0.370450433	-0.0635298692	0.381981244	0.343707622	0.051611976	0.00239789551	22.736636
15.63	1.69502472	1.0481718	0.189997734	1.61522054	1.23262608	0.249712692	0.000159990894	0.290468332	1	1.0217419	0.518634327	0.37030144	-0.0888519184	0.320195166	0.343846957	0.0498744397	0.00267786614	26.234601
15.64	1.69502514	1.0481724	0.189997789	1.61521985	1.2326268	0.249712818	0.000156529567	0.291437272	1	1.02105653	0.518439657	0.369981442	-0.102735086	0.219803128	0.343895776	0.020189809	0.00275593563	28.393522
15.65	1.69502562	1.04817302	0.189997838	1.6152191	1.23262758	0.249712924	0.000156277896	0.291983589	1	1.0204155	0.518262668	0.369548541	-0.12544449	0.105355245	0.343839331	0.0288240746	0.00269811536	28.940638
15.66	1.69502609	1.04817364	0.18999786	1.61521835	1.23262835	0.249713024	0.000155069834	0.292313618	1	1.01983406	0.518096238	0.369091909	-0.152222072	-0.0191044221	0.343687198	0.0513446799	0.00258807691	23.798383
15.67	1.69502654	1.04817425	0.189997868	1.61521764	1.23262909	0.249713141	0.000152455384	0.292572578	1	1.01931191	0.517930857	0.368631355	-0.17472506	-0.137461929	0.343513964	0.0406439752	0.0025093672	23.528183
15.68	1.69502699	1.04817486	0.189997869	1.61521691	1.23262984	0.249713252	0.000150438696	0.292816425	1	1.01885859	0.517764787	0.368165406	-0.193939735	-0.245091865	0.343356703	0.0354513101	0.00242738992	23.865771
15.69	1.69502748	1.04817544	0.189997869	1.61521617	1.23263061	0.249713313	0.000148279124	0.293039084	1	1.01846962	0.517631379	0.367705252	-0.227906693	-0.351853583	0.343191398	0.0474006122	0.0023077634	22.695569
15.7	1.695028	1.04817602	0.189997871	1.61521541	1.23263138	0.249713358	0.000146794455	0.293216543	1	1.01808777	0.517471645	0.367300951	-0.284401787	-0.421414766	0.343112164	0.0483033497	0.00211229824	23.891874
15.71	1.69502853	1.04817667	0.189997872	1.6152146	1.23263221	0.249713446	0.000150264162	0.293372603	1	1.01771924	0.517285603	0.366979555	-0.332558921	-0.473763294	0.343064498	0.0379064691	0.00183674225	24.634582
15.72	1.69502908	1.04817728	0.189997879	1.61521379	1.23263304	0.249713485	0.000151750911	0.293573807	1	1.01736764	0.517099739	0.365973993	-0.38748997	-0.64612173	0.342852954	0.0497651072	0.00159992116	25.253512
15.73	1.69502952	1.04817782	0.189997893	1.61521311	1.23263373	0.249713557	0.000146854031	0.293563457	1	1.01695528	0.516837454	0.365200279	-0.441167247	-0.730753323	0.342768723	0.0357627857	0.0014072639	24.944206
15.74	1.69503006	1.0481784	0.189997876	1.61521234	1.23263452	0.249713579	0.000145287091	0.29363803	1	1.01645653	0.516489979	0.364646891	-0.489425548	-0.754381772	0.3428308	0.0455166361	0.00113746124	22.200102
15.75	1.69503061	1.04817895	0.189997867	1.61521157	1.2326353	0.24971359	0.000143278888	0.29376075	1	1.01589749	0.516092747	0.364269942	-0.536163577	-0.734770511	0.343001159	0.0315829932	0.000986231013	24.064319
15.76	1.69503116	1.0481795	0.189997864	1.6152108	1.23263608	0.249713581	0.000141332422	0.293876237	1	1.01527405	0.515645556	0.364074584	-0.59139547	-0.681388804	0.343242573	0.0329068802	0.000936704341	22.390624
15.77	1.6950317	1.04818004	0.189997864	1.61521005	1.23263684	0.24971359	0.000139857401	0.293969456	1	1.01463467	0.515186189	0.363990839	-0.643219933	-0.616824698	0.343493896	0.0343689651	0.00100193485	21.555978
15.78	1.69503221	1.0481806	0.189997865	1.61520931	1.23263759	0.249713621	0.000138139943	0.294038954	1	1.01400169	0.514719375	0.363982271	-0.681914234	-0.541121941	0.343755554	0.0220956899	0.0010993033	23.118184
15.79	1.69503273	1.04818112	0.189997864	1.61520858	1.23263834	0.249713626	0.000135596888	0.294106229	1	1.01338381	0.514245562	0.363967555	-0.724780659	-0.443411966	0.34407924	0.0304253502	0.00113945001	23.80394
15.8	1.69503324	1.04818171	0.189997863	1.61520782	1.23263911	0.249713677	0.000137048622	0.294176467	1	1.01281685	0.513811451	0.364014716	-0.748677639	-0.358276228	0.34435337	0.0481935483	0.00105224376	24.264404
15.81	1.69503369	1.04818234	0.189997867	1.61520709	1.23263987	0.249713803	0.000139178198	0.294235425	1	1.01226835	0.513350241	0.36401016	-0.729214568	-0.237946112	0.344731474	0.0265914193	0.000948415223	25.135509
15.82	1.69503427	1.04818289	0.189997864	1.61520629	1.23264067	0.249713778	0.000139442435	0.294296629	1	1.01174655	0.512932748	0.364131671	-0.732432314	-0.128288859	0.345056347	0.0494563706	0.000736284814	24.717709
15.83	1.6950348	1.04818342	0.189997867	1.61520555	1.23264142	0.249713782	0.00013730634	0.294335686	1	1.01124348	0.512549862	0.364318705	-0.746850734	-0.023506777	0.345347529	0.0231852451	0.00066237699	23.0794
15.84	1.69503531	1.04818397	0.189997869	1.61520482	1.23264217	0.249713814	0.000136208341	0.294363657	1	1.01077235	0.512196235	0.364552345	-0.76151366	0.0741574656	0.345602992	0.0286144348	0.00064007859	22.820055
15.85	1.6950358	1.04818452	0.189997871	1.6152041	1.23264291	0.249713858	0.000135128392	0.294386286	1	1.01034887	0.511887658	0.364824149	-0.774973383	0.162176302	0.345816352	0.0317016266	0.000617159752	23.883021
15.86	1.69503628	1.04818509	0.189997872	1.61520338	1.23264365	0.249713919	0.000134541833	0.294403202	1	1.00997311	0.511622325	0.365175745	-0.787894381	0.251603675	0.346009485	0.0322750459	0.000593168504	24.275001
15.87	1.69503675	1.04818568	0.189997872	1.61520265	1.2326444	0.249714003	0.000135551187	0.294427547	1	1.00969256	0.511417307	0.365577524	-0.792428825	0.32129952	0.346131251	0.0314637419	0.000591456812	23.525575
15.88	1.69503669	1.04818554	0.189998293	1.61520278	1.23264426	0.249713947	0.000101731707	0.28947703	1	1.00952444	0.511242388	0.365867498	-0.745984431	0.417607497	0.345343285	0.0380674655	0.000655702629	22.906985
15.89	1.69503807	1.04818693	0.189997763	1.61520085	1.23264622	0.249713956	0.000147848355	0.289790118	1	1.00934439	0.511193296	0.365811899	-0.828600576	0.385777535	0.345182711	0.0336864436	0.000817897353	24.289729
15.9	1.69503837	1.04818739	0.189997751	1.61520033	1.23264676	0.249714069	0.000129520586	0.291075731	1	1.00919116	0.511149829	0.365915812	-0.848339374	0.364906163	0.345316627	0.0312219894	0.000772549944	23.813867
15.91	1.69503874	1.04818797	0.189997804	1.61519969	1.23264743	0.249714216	0.000130090564	0.292080669	1	1.00908852	0.511120551	0.366107271	-0.855919703	0.336360672	0.345436075	0.0333749346	0.00120484977	23.718828
15.92	1.69503916	1.04818859	0.189997855	1.61519898	1.23264816	0.249714355	0.000134140312	0.292626245	1	1.00904137	0.511110933	0.366373078	-0.858294137	0.298769126	0.345429953	0.0144375213	0.00129381489	27.932609
15.93	1.6950396	1.0481892	0.189997882	1.61519826	1.23264891	0.249714479	0.000136891629	0.292907489	1	1.00904933	0.511123897	0.366731098	-0.866782171	0.236880257	0.345257131	0.0418887899	0.00151526514	32.490125
15.94	1.69504	1.04818981	0.189997897	1.61519758	1.23264962	0.249714625	0.00013818215	0.29308528	1	1.00912082	0.511169435	0.367164162	-0.872914606	0.143570723	0.344929408	0.0338118412	0.00183671508	24.190734
15.95	1.69504042	1.04819034	0.189997903	1.61519694	1.23265029	0.249714705	0.000133947263	0.293232609	1	1.00923356	0.511246257	0.367591026	-0.909106118	0.0466583096	0.344565837	0.0244039186	0.00217490709	24.124476
15.96	1.69504079	1.04819101	0.18999791	1.61519623	1.23265103	0.249714915	0.000139583505	0.293361298	1	1.00941448	0.511345313	0.368147411	-0.907645094	-0.0650660132	0.344119101	0.0344031971	0.00236665305	23.091958
15.97	1.69504119	1.04819163	0.189997915	1.61519555	1.23265175	0.249715077	0.000141082059	0.293456271	1	1.00962797	0.511432528	0.368818841	-0.895405065	-0.170913224	0.343654939	0.0345437162	0.00265178338	24.424199
15.98	1.69504159	1.04819229	0.189997917	1.61519484	1.2326525	0.249715254	0.000144439224	0.293526959	1	1.00984357	0.511477702	0.369598374	-0.869572079	-0.242146078	0.343261866	0.0449868616	0.00291636098	22.303888
15.99	1.69504198	1.04819309	0.189997926	1.61519405	1.23265334	0.249715542	0.0001548864	0.293626367	1	1.01015557	0.511426626	0.37014399	-0.764890236	-0.352283831	0.342825408	0.0285539603	0.00308179794	23.821723
16	1.69504243	1.04819372	0.189997927	1.61519332	1.2326541	0.249715673	0.000154360764	0.293626648	1	1.01040485	0.511300724	0.370893821	-0.701324011	-0.402498139	0.342494194	0.0385140859	0.00343666854	23.882882
16.01	1.69504298	1.04819433	0.189997915	1.61519251	1.23265492	0.249715713	0.000153622328	0.293658127	1	1.0106186	0.511152098	0.371745497	-0.664602152	-0.410068088	0.342273133	0.0390074426	0.00345500979	23.654423
16.02	1.69504356	1.04819497	0.189997909	1.61519166	1.23265579	0.249715756	0.000156231246	0.293710693	1	1.01079586	0.510997934	0.372687038	-0.650074461	-0.397927041	0.342107203	0.0389010329	0.00322219086	22.180932
16.03	1.69504423	1.04819552	0.189997911	1.6151908	1.23265665	0.249715674	0.000154820498	0.293780912	1	1.01089909	0.510919391	0.373378222	-0.712954377	-0.446249523	0.341846569	0.0264735574	0.00285488254	25.251158
16.04	1.69504473	1.04819619	0.189997922	1.61519	1.23265748	0.249715791	0.000158328404	0.293736796	1	1.01097384	0.510795228	0.374150051	-0.70990614	-0.464174607	0.341626091	0.0609716538	0.00235445652	23.680894
16.05	1.69504532	1.04819683	0.189997917	1.61518915	1.23265835	0.249715829	0.000161234424	0.293726198	1	1.01101006	0.510634528	0.374971236	-0.715347042	-0.466633591	0.341448568	0.040694839	0.00211619706	25.578579
16.06	1.6950459	1.0481975	0.189997916	1.61518829	1.23265923	0.249715896	0.000165094305	0.293745626	1	1.01106486	0.510456759	0.375747476	-0.687097857	-0.475059623	0.341275045	0.0536284644	0.00191943398	22.586442
16.07	1.69504651	1.04819813	0.189997917	1.61518743	1.2326601	0.249715908	0.000166840129	0.293763449	1	1.01114764	0.510282015	0.376472859	-0.635360927	-0.499075368	0.341071716	0.0321797868	0.00182473366	23.414141
16.08	1.69504715	1.04819871	0.189997919	1.61518656	1.23266097	0.249715865	0.000166636845	0.29377045	1	1.01124547	0.510115115	0.377113921	-0.570551293	-0.526700973	0.340873252	0.0302120411	0.00181154081	23.560088
16.09	1.69504784	1.04819929	0.189997922	1.61518566	1.23266187	0.24971579	0.00016739843	0.293787847	1	1.01135299	0.509966929	0.377583064	-0.499882285	-0.562871818	0.340688862	0.0470401416	0.00180765401	22.240918
16.1	1.69504857	1.04819988	0.189997928	1.61518473	1.2326628	0.249715686	0.0001689113	0.293806426	1	1.01146228	0.509821256	0.377890508	-0.425772637	-0.602526377	0.340529212	0.0375843766	0.00178933376	24.096478
16.11	1.69504935	1.04820044	0.189997935	1.61518377	1.23266375	0.249715526	0.000170338006	0.293828825	1	1.01157345	0.509684336	0.378021525	-0.359627285	-0.642069807	0.340405963	0.0281625427	0.00179486876	22.543152
16.12	1.69505017	1.04820102	0.189997944	1.61518276	1.23266474	0.24971536	0.000173660582	0.293856307	1	1.0116748	0.509529052	0.378000663	-0.295249721	-0.668717282	0.340351705	0.0261757817	0.0018562113	23.839462
16.13	1.69505101	1.04820166	0.189997953	1.61518171	1.23266578	0.24971522	0.00017965191	0.293892785	1	1.01174155	0.509324004	0.37785458	-0.21852009	-0.669807356	0.340401321	0.0295010888	0.00194441385	25.097318
16.14	1.69505189	1.04820232	0.189997963	1.61518061	1.23266687	0.249715067	0.000186997869	0.293932557	1	1.0117568	0.50904669	0.377660939	-0.125460479	-0.631763958	0.340577526	0.0356497181	0.00199998318	23.462556
16.15	1.69505283	1.04820299	0.189997975	1.61517945	1.23266802	0.249714872	0.000194970947	0.293981807	1	1.01171668	0.508698763	0.377425505	-0.0290169792	-0.55015625	0.340893866	0.0302447471	0.00201729165	24.172829
16.16	1.69505382	1.0482037	0.189997989	1.61517823	1.23266921	0.249714672	0.000204437343	0.294039144	1	1.01165623	0.50829064	0.3771557	0.0716008772	-0.436426007	0.341314991	0.0346710135	0.00204918048	23.214207
16.17	1.69505468	1.04820462	0.189998011	1.615177	1.23267047	0.249714718	0.000217281619	0.294125479	1	1.01162785	0.507735655	0.376596215	0.285258961	-0.357345565	0.34171912	0.0470223018	0.00207910746	23.130503
16.18	1.69505566	1.04820528	0.189998027	1.61517582	1.23267163	0.249714493	0.000220630705	0.294106316	1	1.01154484	0.507102034	0.376192833	0.442928232	-0.204082633	0.342267056	0.0419962781	0.00167598788	23.244566
16.19	1.69505682	1.04820588	0.189998035	1.61517452	1.23267288	0.249714096	0.000225901795	0.294179028	1	1.01141364	0.506537698	0.375576675	0.522597203	-0.0949426683	0.34275791	0.0434365752	0.00168294086	25.725772
16.2	1.69505783	1.0482065	0.189998046	1.61517334	1.23267403	0.249713823	0.00022699624	0.294176543	1	1.01124805	0.5059608	0.375158287	0.603600983	0.0281002424	0.343223858	0.0391135853	0.00202023029	24.709856
16.21	1.69505877	1.04820715	0.189998045	1.6151722	1.23267516	0.249713615	0.000226944855	0.294183544	1	1.01107896	0.505402094	0.374877339	0.662682441	0.140991601	0.343628045	0.0242821295	0.00213424616	24.99329
16.22	1.69505969	1.04820774	0.189998043	1.61517111	1.23267622	0.249713386	0.00022349472	0.294194289	1	1.01092408	0.504887113	0.374693235	0.697533452	0.223355379	0.343922211	0.032141562	0.00219369649	26.814721
16.23	1.69506061	1.04820823	0.189998039	1.61517008	1.23267721	0.249713075	0.000216611309	0.294201339	1	1.0107677	0.504425401	0.374451934	0.66216217	0.300701914	0.344211074	0.0305332113	0.0021813389	23.036135
16.24	1.69506142	1.04820887	0.189998031	1.61516905	1.23267824	0.249712954	0.000213920991	0.294214765	1	1.01063892	0.504015509	0.374268381	0.639838994	0.354885326	0.34441996	0.0396106077	0.00225305448	25.516728
16.25	1.69506125	1.04820872	0.189998413	1.61516928	1.23267801	0.24971297	0.000160772628	0.289614001	1	1.01057442	0.503689152	0.374116489	0.598047516	0.421706724	0.343702667	0.0345213636	0.00212989331	25.529334
16.26	1.69506306	1.0482101	0.189997902	1.61516699	1.23268028	0.249712665	0.0002058657	0.289955602	1	1.01049287	0.503380643	0.374028234	0.545438888	0.465466618	0.343755714	0.0270806963	0.00222885699	26.588838
16.27	1.69506359	1.04821061	0.189997841	1.61516627	1.23268101	0.249712649	0.000183225474	0.291327648	1	1.01041769	0.503092357	0.374000912	0.49656432	0.498205061	0.344105373	0.0247948464	0.00197430817	24.336344
16.28	1.69506421	1.04821117	0.189997885	1.61516544	1.23268184	0.249712608	0.000178422351	0.29234245	1	1.0103602	0.502860118	0.374014823	0.448444098	0.524009626	0.344445275	0.0379956474	0.00186945864	24.394048
16.29	1.69506487	1.04821185	0.189997937	1.6151645	1.23268279	0.249712623	0.000182585837	0.292877987	1	1.01031939	0.50265361	0.373950288	0.42068258	0.559736547	0.344739994	0.0246731894	0.00155175914	24.413513
16.3	1.6950656	1.04821254	0.189997964	1.61516351	1.23268379	0.249712599	0.000187313346	0.293155407	1	1.01032474	0.502519208	0.373946383	0.404399697	0.564676619	0.344858275	0.0304986609	0.00126960725	23.13214
16.31	1.69506622	1.04821319	0.189997971	1.61516262	1.23268469	0.249712612	0.000186189222	0.293333766	1	1.01035444	0.502455142	0.373960329	0.394486039	0.547196558	0.344862345	0.0212666908	0.000933893343	24.224433
16.32	1.6950668	1.04821385	0.18999797	1.61516177	1.23268557	0.249712676	0.000184529699	0.293483367	1	1.01040797	0.50244876	0.374017902	0.401071549	0.505143555	0.344766064	0.0326660074	0.000596308721	25.013742
16.33	1.69506738	1.04821445	0.189997967	1.61516094	1.23268641	0.249712691	0.000180610967	0.293604402	1	1.01045302	0.5025058	0.374131046	0.398833373	0.442111524	0.34458705	0.0410656533	0.00030195433	24.275985
16.34	1.69506792	1.04821508	0.189997964	1.61516014	1.23268723	0.249712749	0.000177396003	0.293692218	1	1.01046708	0.502597029	0.374304365	0.397300859	0.366908175	0.344353525	0.0361388365	0.00040712707	22.847988
16.35	1.6950685	1.04821565	0.189997958	1.61515933	1.23268804	0.249712741	0.000172772653	0.293762516	1	1.01044952	0.502712852	0.374424198	0.35473806	0.301677498	0.344156641	0.0347206112	0.000707281078	22.359742
16.36	1.69506905	1.04821633	0.189997954	1.61515849	1.23268891	0.249712842	0.000174431201	0.293837476	1	1.01040291	0.502883114	0.374462421	0.338590424	0.218246756	0.343928453	0.0528585486	0.000844616393	24.108118
16.37	1.69506957	1.04821701	0.189997954	1.61515767	1.23268976	0.249712947	0.000174546082	0.293884328	1	1.0102927	0.503062608	0.374454344	0.324779845	0.134029748	0.343705644	0.0224533073	0.00104698411	24.734003
16.38	1.6950701	1.04821766	0.189997951	1.61515685	1.2326906	0.249713033	0.000173822108	0.293914374	1	1.01014666	0.503267712	0.374457294	0.309544276	0.0451227269	0.343462134	0.0501488541	0.00122404769	23.537912
16.39	1.69507061	1.04821833	0.189997948	1.61515605	1.23269143	0.249713151	0.000172873879	0.293939164	1	1.00996437	0.503475249	0.374504056	0.305311102	-0.0394480392	0.343220187	0.0371990743	0.00138791186	25.053958
16.4	1.6950711	1.04821899	0.189997944	1.61515526	1.23269225	0.249713266	0.00017166159	0.293969629	1	1.00972834	0.503664828	0.374568539	0.310665379	-0.121770819	0.34297919	0.035477814	0.00156773451	25.623241
16.41	1.69507159	1.04821964	0.189997942	1.61515448	1.23269305	0.249713376	0.000169684156	0.294003085	1	1.00945857	0.503855906	0.374560888	0.326324383	-0.216847112	0.342691798	0.0520662926	0.00173456151	23.474629
16.42	1.69507205	1.04822029	0.18999794	1.61515373	1.23269384	0.249713509	0.000167592092	0.294022238	1	1.00914631	0.504007334	0.374533169	0.365032512	-0.296750159	0.342446138	0.049146904	0.00186210972	23.006526
16.43	1.69507255	1.04822092	0.189997935	1.61515296	1.23269463	0.249713612	0.000165665091	0.294054179	1	1.0087827	0.5041	0.374485519	0.417938835	-0.357775519	0.342264376	0.0256935115	0.00196280105	23.280957
16.44	1.69507314	1.04822142	0.189997929	1.61515218	1.23269541	0.249713549	0.000158643458	0.294124813	1	1.00829761	0.504184808	0.374167809	0.394113744	-0.453074698	0.342058052	0.0325704286	0.00203214494	23.064932
16.45	1.6950736	1.04822198	0.189997929	1.61515148	1.23269613	0.249713614	0.000153565378	0.294117562	1	1.00771258	0.504182403	0.373938466	0.41734799	-0.49290393	0.341970026	0.0253618222	0.00180308836	22.316694
16.46	1.6950741	1.04822258	0.189997917	1.61515072	1.2326969	0.249713684	0.000151940529	0.294156945	1	1.00704375	0.504101768	0.373791687	0.442431974	-0.483807386	0.342021502	0.0199130746	0.00169979548	24.312803
16.47	1.69507456	1.04822326	0.189997914	1.61514995	1.23269771	0.249713843	0.000154313534	0.294262548	1	1.00642485	0.503936695	0.373460229	0.549672178	-0.504935945	0.342048201	0.0332727249	0.00155634098	26.653543
16.48	1.69507509	1.04822372	0.189997912	1.61514925	1.23269841	0.249713795	0.000145020937	0.294283855	1	1.00567252	0.503659029	0.37337041	0.573554866	-0.453083183	0.342225173	0.0746209432	0.00172731492	23.237819
16.49	1.69507571	1.04822416	0.189997901	1.61514849	1.23269916	0.249713664	0.000137510576	0.294338975	1	1.00482633	0.503336395	0.373431051	0.540140117	-0.355421652	0.342521361	0.0335414917	0.00162405381	23.741799
16.5	1.69507627	1.04822468	0.189997894	1.61514773	1.23269992	0.249713633	0.000135440903	0.294412251	1	1.00390734	0.502963399	0.373628308	0.476888743	-0.226757774	0.3428959	0.02665589	0.00143033441	22.853499
16.51	1.6950768	1.04822521	0.189997892	1.61514699	1.23270068	0.249713635	0.000134327657	0.294478578	1	1.00296731	0.502551965	0.373913494	0.398533424	-0.0865239799	0.343292772	0.0300809277	0.00128177626	25.129345
16.52	1.69507732	1.04822574	0.189997893	1.61514626	1.23270141	0.249713646	0.000132552311	0.29452648	1	1.00201941	0.50211571	0.374266952	0.306935922	0.0545368575	0.343676503	0.0188333641	0.0012185819	26.135019
16.53	1.6950778	1.04822627	0.189997894	1.61514556	1.23270213	0.249713677	0.000130112975	0.294563139	1	1.00113719	0.501689822	0.37462823	0.212058608	0.175779288	0.343993731	0.0427847131	0.00121081211	23.295784
16.54	1.69507821	1.04822686	0.189997897	1.61514488	1.23270284	0.249713805	0.000130655266	0.294600935	1	1.00031904	0.501256408	0.37488826	0.169990696	0.294583681	0.344316709	0.0174566084	0.00125309281	23.992651
16.55	1.69507876	1.04822732	0.189997895	1.61514417	1.23270355	0.249713741	0.000125617931	0.294648035	1	0.999547821	0.500813997	0.375072728	0.0562949433	0.399234014	0.344617714	0.0558526315	0.0012845447	24.909993
16.56	1.69507922	1.04822786	0.189997898	1.61514348	1.23270426	0.249713793	0.000124785378	0.294676947	1	0.998747593	0.500308263	0.375291418	-0.0302528811	0.484914245	0.344853421	0.0634428176	0.00118895265	24.151454
16.57	1.69507916	1.04822773	0.189998313	1.6151436	1.23270413	0.249713748	9.37480786e-05	0.28962393	1	0.998031734	0.499790497	0.375478128	-0.0946574698	0.559075257	0.344027761	0.044583346	0.00129232512	22.403466
16.58	1.69508026	1.04822904	0.189997792	1.61514194	1.23270583	0.249713903	0.000134327657	0.289683103	1	0.997324062	0.499225876	0.375647441	-0.167671378	0.583853633	0.343980532	0.0275429428	0.00183029722	21.580768
16.59	1.69508058	1.04822938	0.189997759	1.61514148	1.23270629	0.249713916	0.00010825769	0.291091565	1	0.996626113	0.498629753	0.375788092	-0.244182065	0.595139276	0.344235034	0.0321625133	0.00159968488	22.688334
16.6	1.69508093	1.04822974	0.189997817	1.61514099	1.23270679	0.249713923	9.70339197e-05	0.29222753	1	0.995947382	0.498017415	0.37592954	-0.323844989	0.581523894	0.344433053	0.0374413804	0.00187858085	25.611219
16.61	1.69508129	1.04823014	0.189997874	1.61514046	1.23270733	0.24971394	9.19700887e-05	0.292824801	1	0.995321636	0.49741315	0.375985836	-0.401454138	0.538579963	0.344464449	0.0379684086	0.00202517074	23.65019
16.62	1.69508165	1.04823055	0.189997906	1.61513993	1.23270788	0.249713983	8.88170839e-05	0.293125313	1	0.994810123	0.496857238	0.375879141	-0.462844761	0.448982441	0.344304754	0.0592335308	0.00221252729	24.337408
16.63	1.69508199	1.04823095	0.189997921	1.61513942	1.2327084	0.249714026	8.42341923e-05	0.293341387	1	0.994393651	0.4963372	0.375592191	-0.50997701	0.326125731	0.344035263	0.0356425544	0.00238087285	22.615481
16.64	1.69508232	1.04823133	0.18999793	1.61513893	1.2327089	0.249714063	7.95385353e-05	0.293549971	1	0.99405513	0.495829938	0.375183597	-0.542448161	0.171848425	0.343677487	0.037642972	0.00244528849	23.190306
16.65	1.69508262	1.04823172	0.189997938	1.61513845	1.23270939	0.249714127	7.71284199e-05	0.293746492	1	0.993777461	0.495330347	0.374651309	-0.544987248	0.0132655006	0.343317095	0.0263190334	0.00248423779	23.598853
16.66	1.69508296	1.0482321	0.189997941	1.61513796	1.2327099	0.249714154	7.36376677e-05	0.293926601	1	0.993526318	0.494817556	0.374091918	-0.549186993	-0.134380693	0.342989264	0.0296601769	0.00241594922	23.27036
16.67	1.6950833	1.04823249	0.189997941	1.61513745	1.23271042	0.249714192	7.20617327e-05	0.294090239	1	0.993312842	0.494305562	0.373505059	-0.540761897	-0.267203367	0.342708521	0.0446317141	0.0022994363	24.333554
16.68	1.69508366	1.04823287	0.18999794	1.61513693	1.23271094	0.249714202	6.91978142e-05	0.294237124	1	0.993081721	0.493771328	0.37292992	-0.538425039	-0.368056185	0.342522216	0.0431763087	0.00212329286	23.651729
16.69	1.69508405	1.04823325	0.189997935	1.6151364	1.23271148	0.249714191	6.57793672e-05	0.294366168	1	0.992855283	0.49325153	0.372435617	-0.548635762	-0.440107098	0.342406427	0.054373304	0.00190157663	23.348795
16.7	1.69508447	1.04823361	0.189997931	1.61513585	1.23271203	0.249714148	6.09417385e-05	0.294482008	1	0.992584283	0.492726311	0.372076812	-0.582759366	-0.457653305	0.342428285	0.0648255409	0.00169846302	25.634341
16.71	1.69508488	1.04823401	0.189997929	1.61513528	1.23271261	0.249714146	6.12102713e-05	0.294667114	1	0.992371928	0.492229778	0.371114045	-0.603473731	-0.603864691	0.342233819	0.0150024578	0.00156573527	25.277266
16.72	1.69508521	1.0482343	0.189997952	1.61513484	1.23271305	0.249714117	5.42465496e-05	0.294631201	1	0.992039671	0.491671977	0.370514815	-0.642051452	-0.638274909	0.342224202	0.0162237908	0.00168177559	26.31489
16.73	1.69508564	1.04823466	0.189997933	1.61513428	1.23271361	0.249714065	5.0840769e-05	0.294683823	1	0.991645612	0.491115215	0.370187362	-0.688708508	-0.611172074	0.342358043	0.0284901791	0.00183122576	24.227817
16.74	1.69508607	1.04823501	0.189997923	1.61513372	1.23271416	0.249714013	4.81077018e-05	0.294795478	1	0.991220546	0.490587504	0.37011227	-0.741982332	-0.552589747	0.342556325	0.032786479	0.00205062882	26.548019
16.75	1.69508648	1.04823537	0.189997921	1.61513318	1.23271471	0.249713974	4.66772974e-05	0.294902933	1	0.99080998	0.49010771	0.370166644	-0.791456871	-0.469301675	0.342807819	0.05530464	0.0023484789	25.537172
16.76	1.69508691	1.04823575	0.18999792	1.61513261	1.23271528	0.24971394	4.71434604e-05	0.29499021	1	0.990408646	0.4896466	0.370271495	-0.827094165	-0.355137034	0.343141171	0.0177640714	0.00262422216	24.94362
16.77	1.69508737	1.04823613	0.189997917	1.61513202	1.23271587	0.249713879	4.76050588e-05	0.295048325	1	0.990031229	0.489248473	0.370500935	-0.848735413	-0.245394312	0.343435436	0.0213958112	0.00291436378	23.88867
16.78	1.69508783	1.04823649	0.189997919	1.61513144	1.23271644	0.249713812	4.69420248e-05	0.295087664	1	0.989648952	0.488903973	0.370688936	-0.870616564	-0.11313162	0.343801652	0.0452585858	0.00310284924	24.277803
16.79	1.69508826	1.04823693	0.189997915	1.61513082	1.23271707	0.249713819	5.338646e-05	0.295116917	1	0.98934127	0.488624905	0.370953502	-0.848501245	-0.0220721782	0.344030296	0.0303201624	0.00303307127	23.737577
16.8	1.69508865	1.04823733	0.189997923	1.61513027	1.23271763	0.249713826	5.51527202e-05	0.295105286	1	0.989107186	0.488402701	0.371298834	-0.798525101	0.0429514985	0.344144816	0.0351668808	0.00281849662	23.758292
16.81	1.69508863	1.04823727	0.189998331	1.61513033	1.23271756	0.249713797	4.13265251e-05	0.289686905	1	0.988958555	0.488262737	0.371737748	-0.74167187	0.100292335	0.3432051	0.0421120876	0.00257581943	22.504961
16.82	1.69508978	1.04823834	0.189997825	1.61512877	1.23271914	0.249713737	7.70669648e-05	0.289476967	1	0.988798466	0.488123968	0.372294019	-0.680443321	0.128417237	0.343004127	0.0204136468	0.00268649124	24.545594
16.83	1.69509011	1.04823867	0.189997776	1.61512831	1.2327196	0.249713745	6.04915348e-05	0.29092773	1	0.988632563	0.487966502	0.372812753	-0.609218639	0.174515847	0.343254277	0.0363672892	0.00213015623	22.716725
16.84	1.69509054	1.04823899	0.189997829	1.61512778	1.23272013	0.249713665	5.40985369e-05	0.292157301	1	0.988469393	0.487882922	0.373402425	-0.569769261	0.208027331	0.343504989	0.0718373423	0.00217955216	25.671676
16.85	1.69509099	1.04823937	0.189997888	1.61512718	1.23272072	0.249713608	5.63619951e-05	0.292776724	1	0.98830995	0.487870946	0.373974915	-0.556373421	0.234627341	0.343642665	0.0436176383	0.00206480309	23.719654
16.86	1.69509148	1.04823979	0.189997919	1.61512654	1.23272137	0.249713568	6.21439311e-05	0.293037692	1	0.988173596	0.487937122	0.374494549	-0.545388689	0.247258802	0.343658788	0.0518341609	0.00207314758	23.497361
16.87	1.69509195	1.04824023	0.189997929	1.6151259	1.23272201	0.249713544	6.64025163e-05	0.293195371	1	0.988063371	0.488067356	0.374969885	-0.535596506	0.236185457	0.343566616	0.029070402	0.00208508824	25.103329
16.88	1.6950924	1.04824066	0.189997931	1.61512528	1.23272264	0.24971353	6.84671105e-05	0.293341123	1	0.987969257	0.488225831	0.375411173	-0.527927324	0.215881986	0.343433499	0.0286809055	0.00208427378	24.388607
16.89	1.69509286	1.04824111	0.189997932	1.61512465	1.23272327	0.249713518	7.11506497e-05	0.2934881	1	0.987873823	0.488406935	0.375779755	-0.521771118	0.196371878	0.343310793	0.0413283923	0.00204488958	22.717403
16.9	1.69509335	1.04824159	0.189997933	1.61512397	1.23272396	0.249713515	7.65068846e-05	0.293620682	1	0.98775704	0.488570959	0.37606087	-0.512884846	0.198432916	0.343264304	0.0235128432	0.00196593227	22.482462
16.91	1.69509389	1.04824209	0.189997935	1.61512324	1.23272469	0.249713486	8.36698173e-05	0.29372811	1	0.987672404	0.488765078	0.37630471	-0.504262055	0.178223874	0.343160802	0.0368071666	0.00189682	24.486932
16.92	1.69509438	1.04824259	0.18999794	1.61512255	1.23272539	0.249713496	8.88417017e-05	0.29379586	1	0.987622341	0.488984714	0.37644767	-0.487779974	0.14230467	0.343019249	0.0376286783	0.00182625064	23.330096
16.93	1.69509488	1.04824309	0.189997944	1.61512185	1.2327261	0.249713489	9.32217613e-05	0.293849585	1	0.987626021	0.489245642	0.376373813	-0.465020095	0.0773995832	0.342829943	0.0506278422	0.00176015553	25.922251
16.94	1.69509538	1.0482436	0.189997947	1.61512114	1.23272682	0.249713497	9.77114005e-05	0.293886063	1	0.987646949	0.489501809	0.376124767	-0.432505486	0.00240296406	0.342638989	0.0309353157	0.00166392713	23.771798
16.95	1.69509591	1.0482441	0.189997949	1.61512042	1.23272754	0.249713484	0.00010154524	0.29392024	1	0.987661726	0.489741005	0.375709574	-0.399573771	-0.075101503	0.342470989	0.0288033266	0.00155416698	24.34435
16.96	1.69509645	1.0482446	0.189997948	1.61511969	1.23272828	0.249713453	0.00010472222	0.293956911	1	0.987684884	0.489980528	0.37515498	-0.371071233	-0.148506732	0.342344508	0.0625930397	0.00150759877	24.3588
16.97	1.69509701	1.04824512	0.189997948	1.61511894	1.23272904	0.249713424	0.000108721294	0.294002561	1	0.98771864	0.490215095	0.374490272	-0.348512257	-0.224908521	0.342241236	0.0368569944	0.00146283298	24.466659
16.98	1.69509754	1.04824565	0.189997948	1.61511819	1.23272979	0.249713426	0.000112707823	0.294041622	1	0.987746798	0.490420624	0.373771394	-0.324834519	-0.292696478	0.34218097	0.0317600748	0.0013932048	23.481029
16.99	1.69509808	1.04824618	0.189997948	1.61511744	1.23273055	0.249713417	0.000115805198	0.294073785	1	0.987752777	0.490603791	0.373055318	-0.309586593	-0.353972729	0.342147462	0.0557718836	0.00127686105	23.926002
17	1.6950986	1.0482467	0.189997948	1.61511671	1.23273129	0.249713413	0.000117306138	0.294094061	1	0.987725044	0.490756644	0.372415704	-0.30855306	-0.406553985	0.342134109	0.0525101455	0.00114965932	23.550058
17.01	1.6950991	1.04824722	0.189997947	1.615116	1.23273201	0.249713431	0.000117681479	0.294108164	1	0.987629479	0.490860274	0.371883637	-0.324938237	-0.433893137	0.342184992	0.0500335346	0.000951649162	24.838881
17.02	1.69509964	1.04824767	0.189997945	1.6151153	1.23273271	0.249713369	0.000114812717	0.294164529	1	0.987450034	0.491062654	0.371075874	-0.430348949	-0.52520384	0.342133645	0.0391487369	0.000736653467	24.192633
17.03	1.69509957	1.04824756	0.189998349	1.61511542	1.23273258	0.249713339	8.63662836e-05	0.289035523	1	0.987202076	0.491129463	0.37036623	-0.463829034	-0.508511515	0.341350407	0.0302697621	0.000701241392	25.181541
17.04	1.69510066	1.04824932	0.189997883	1.61511351	1.23273459	0.249713813	0.000147584351	0.288987852	1	0.986897151	0.490993915	0.369625778	-0.426799516	-0.547129068	0.341311147	0.0374797272	0.00159068837	25.322573
17.05	1.69510096	1.04824971	0.189997822	1.61511304	1.23273508	0.249713872	0.000123076735	0.29038971	1	0.986502354	0.490744261	0.369185584	-0.431023524	-0.540007307	0.341708124	0.0556587261	0.000782675988	26.525091
17.06	1.6951013	1.04825014	0.189997863	1.61511251	1.23273563	0.249713936	0.000114255842	0.291582154	1	0.986051926	0.490421923	0.368980915	-0.447634961	-0.489219366	0.342231493	0.0329047937	0.00119151389	25.304077
17.07	1.69510168	1.04825069	0.189997914	1.61511188	1.23273628	0.249714063	0.000117023063	0.292224803	1	0.985577396	0.490046734	0.368967206	-0.463980678	-0.411858291	0.342717146	0.0316359717	0.00134929686	22.633347
17.08	1.69510207	1.04825126	0.189997941	1.61511123	1.23273696	0.249714187	0.000119671537	0.292530289	1	0.985098901	0.489645448	0.369086208	-0.490880668	-0.31055917	0.343169636	0.0380244304	0.00166620186	24.215635
17.09	1.69510243	1.0482519	0.189997953	1.61511056	1.23273767	0.249714381	0.000125768712	0.292745163	1	0.984631947	0.48920849	0.369228478	-0.507345706	-0.186563037	0.343647171	0.0566651251	0.00207317489	25.413478
17.1	1.69510282	1.04825252	0.189997955	1.61510988	1.23273838	0.249714544	0.000129469925	0.292951783	1	0.984183525	0.488748648	0.369384291	-0.528755051	-0.0485503094	0.344152367	0.0195449312	0.00248532324	24.710317
17.11	1.69510322	1.04825313	0.189997957	1.61510919	1.2327391	0.249714695	0.000132293597	0.293150829	1	0.983750163	0.488308508	0.369453944	-0.569292869	0.0930171288	0.344683628	0.0404821577	0.00283473031	23.821069
17.12	1.6951036	1.04825383	0.189997966	1.61510847	1.23273987	0.249714921	0.000139713999	0.293306308	1	0.983391523	0.487899263	0.369487999	-0.595955188	0.197715207	0.345100054	0.0353005937	0.00312914232	23.568388
17.13	1.69510396	1.04825449	0.189997977	1.6151078	1.23274058	0.249715134	0.000143388227	0.293397193	1	0.983121917	0.487531583	0.369452014	-0.613423772	0.262720033	0.345386415	0.0336022248	0.0033934331	22.979294
17.14	1.69510429	1.04825513	0.189997986	1.61510715	1.23274127	0.24971535	0.000146057691	0.293445713	1	0.982958162	0.487214308	0.369374831	-0.619803438	0.292740595	0.345548984	0.0437599139	0.00363463258	24.903756
17.15	1.69510463	1.04825575	0.18999799	1.61510651	1.23274194	0.249715549	0.000146782041	0.293482816	1	0.982866926	0.486947298	0.369257419	-0.622395764	0.286650901	0.345592673	0.0603774199	0.00383098735	23.911277
17.16	1.69510494	1.04825638	0.189997996	1.61510589	1.23274261	0.249715782	0.000148941296	0.293520662	1	0.982800556	0.486696584	0.369017388	-0.593692556	0.281096968	0.345644415	0.0303924865	0.00389078848	23.156916
17.17	1.69510531	1.04825695	0.18999799	1.61510526	1.23274327	0.249715918	0.000145712926	0.293549496	1	0.982779052	0.486503755	0.36887243	-0.571877955	0.236624468	0.345553529	0.0415755427	0.00381160343	24.188839
17.18	1.69510563	1.04825747	0.189997993	1.61510469	1.23274387	0.24971606	0.000140766537	0.293553377	1	0.982773903	0.486337679	0.368829162	-0.536881508	0.177513322	0.345379556	0.0344678569	0.0036134224	22.738657
17.19	1.69510596	1.04825793	0.18999799	1.61510415	1.23274443	0.249716154	0.000132835217	0.293560577	1	0.982782689	0.486194587	0.368811497	-0.503874646	0.110533029	0.345166931	0.0299253556	0.00337831002	21.532389
17.2	1.69510634	1.04825834	0.189997982	1.61510361	1.23274498	0.249716174	0.000120949927	0.293578997	1	0.982798644	0.486118192	0.368807438	-0.503788167	0.061271858	0.344986014	0.0465289475	0.00305481221	25.627454
17.21	1.69510672	1.04825881	0.189997974	1.61510302	1.23274558	0.249716239	0.000115968738	0.293603946	1	0.982766198	0.486025122	0.369013185	-0.497252057	0.0196940295	0.344783509	0.0581460189	0.00265285176	25.161863
17.22	1.69510698	1.04825938	0.189997983	1.61510247	1.23274618	0.249716457	0.000121638028	0.2936331	1	0.982777935	0.48582362	0.36911077	-0.394802188	-0.0928302589	0.344384512	0.0386782502	0.00239315376	25.2578
17.23	1.69510699	1.04825926	0.189998376	1.61510254	1.2327461	0.24971636	9.10300492e-05	0.28818199	1	0.982782616	0.485620912	0.369450426	-0.336945902	-0.174667831	0.342989392	0.0411374024	0.00265514384	21.426675
17.24	1.69510794	1.04826025	0.189997871	1.61510119	1.23274747	0.249716388	0.000106540552	0.287934791	1	0.982632869	0.485447335	0.369665951	-0.388620881	-0.317712343	0.342382021	0.0336825661	0.00312462035	24.555339
17.25	1.69510814	1.04826055	0.189997828	1.61510085	1.23274782	0.249716462	9.18511259e-05	0.28931572	1	0.982359332	0.485193334	0.370150222	-0.388700267	-0.389206281	0.342236488	0.0326992241	0.00260286089	26.053224
17.26	1.69510839	1.04826092	0.189997872	1.61510043	1.23274826	0.24971655	8.97112587e-05	0.290564355	1	0.981985819	0.484868817	0.370840777	-0.376881594	-0.402157985	0.342247686	0.0293370179	0.00275854778	22.097919
17.27	1.69510872	1.04826131	0.189997922	1.61509992	1.23274878	0.249716591	8.64970044e-05	0.291253213	1	0.981534908	0.48451408	0.371624229	-0.365708355	-0.384913739	0.34225422	0.0336703171	0.00280498528	23.965134
17.28	1.69510907	1.04826177	0.189997953	1.61509937	1.23274935	0.24971667	8.74315906e-05	0.291573612	1	0.981056638	0.484137967	0.372409745	-0.330275787	-0.353733803	0.342231316	0.0445870165	0.00283954215	24.655093
17.29	1.69510944	1.04826219	0.189997961	1.61509883	1.2327499	0.249716703	8.4700198e-05	0.291773544	1	0.980568247	0.483759572	0.373164964	-0.284068266	-0.317747587	0.342193391	0.0195168307	0.00288816107	26.045259
17.3	1.69510983	1.04826258	0.189997962	1.61509829	1.23275045	0.249716705	7.97307572e-05	0.291969942	1	0.980092393	0.483420651	0.373793144	-0.244583558	-0.288310885	0.342151539	0.0608121572	0.00287999138	23.874688
17.31	1.69511024	1.04826296	0.189997963	1.61509773	1.23275101	0.249716685	7.42194029e-05	0.292169028	1	0.979609992	0.483136956	0.374203169	-0.227645324	-0.273206318	0.342109284	0.0689759584	0.00278846017	23.16618
17.32	1.69511064	1.04826337	0.189997963	1.61509716	1.23275159	0.249716687	7.20718474e-05	0.292331779	1	0.979139755	0.482890625	0.3744574	-0.217864723	-0.248484563	0.342122101	0.0624303314	0.0026025745	23.872138
17.33	1.69511107	1.04826383	0.18999796	1.61509655	1.23275221	0.249716711	7.35088697e-05	0.292475269	1	0.978695767	0.482671414	0.374583012	-0.197116721	-0.213242561	0.342198558	0.0272432912	0.00232056848	24.654043
17.34	1.69511153	1.0482643	0.189997955	1.6150959	1.23275287	0.249716718	7.48209736e-05	0.292595682	1	0.978293649	0.482486389	0.374658785	-0.17242701	-0.171889692	0.342311006	0.04698468	0.00201757939	26.14279
17.35	1.69511202	1.04826476	0.18999795	1.61509523	1.23275354	0.249716702	7.58514341e-05	0.292698346	1	0.977929568	0.482326811	0.374672427	-0.158199542	-0.115681335	0.342488552	0.0416380519	0.00174169839	24.068828
17.36	1.69511254	1.04826525	0.189997947	1.61509452	1.23275426	0.249716676	7.97216143e-05	0.29277989	1	0.977584769	0.482192204	0.374715022	-0.155157526	-0.0590191649	0.342669098	0.0509444683	0.00143134664	23.455721
17.37	1.69511306	1.04826575	0.189997949	1.61509381	1.23275498	0.249716662	8.40002201e-05	0.292836796	1	0.977254911	0.482080911	0.374744146	-0.159452969	-0.0048243015	0.342844779	0.0411237828	0.00120909782	25.818454
17.38	1.69511358	1.04826625	0.189997951	1.61509309	1.2327557	0.249716646	8.82035368e-05	0.292868981	1	0.976909574	0.481967582	0.374799365	-0.169797954	0.0464733373	0.343001981	0.0356627642	0.00102858332	24.116438
17.39	1.69511412	1.04826669	0.189997952	1.6150924	1.23275639	0.249716575	8.8455235e-05	0.292883627	1	0.976566061	0.481903196	0.374877529	-0.207853511	0.0862262103	0.343112955	0.0476047221	0.000880814238	24.603864
17.4	1.69511464	1.04826713	0.189997953	1.61509171	1.23275708	0.249716523	8.87390823e-05	0.29289515	1	0.976222275	0.481879749	0.374959535	-0.260670568	0.119290399	0.343197313	0.0221184237	0.000701081795	23.826663
17.41	1.69511512	1.04826764	0.189997954	1.61509103	1.23275778	0.249716543	9.23931418e-05	0.292923584	1	0.975905871	0.481875097	0.37492686	-0.285036579	0.175198092	0.343377246	0.0364905713	0.000586672575	21.660341
17.42	1.69511571	1.04826815	0.189997953	1.61509025	1.23275855	0.249716491	9.77859723e-05	0.292968072	1	0.975640039	0.481935367	0.374889303	-0.310905973	0.201323626	0.343483556	0.0410079166	0.000409426125	22.691444
17.43	1.69511622	1.04826864	0.189997958	1.61508956	1.23275925	0.249716471	9.93317114e-05	0.292986059	1	0.975434314	0.482055836	0.374805153	-0.321924612	0.18833964	0.343474255	0.0354429968	0.000387702092	23.29782
17.44	1.69511616	1.04826854	0.189998358	1.61508966	1.23275914	0.249716438	7.45134588e-05	0.287839379	1	0.975337112	0.482300848	0.374630964	-0.333871097	0.169235947	0.342429318	0.0322578296	0.000406138574	26.759205
17.45	1.69511762	1.04826985	0.189997911	1.6150877	1.23276111	0.249716336	0.000120176033	0.287681274	1	0.975291572	0.482577301	0.374412388	-0.324745924	0.0991846311	0.34220169	0.0414441117	0.00160308985	25.46923
17.46	1.69511805	1.04827024	0.189997833	1.61508713	1.23276168	0.249716309	9.86579688e-05	0.289140653	1	0.975266649	0.48288817	0.374220227	-0.322088371	0.0261459866	0.34229848	0.0481433855	0.000108306726	25.393018
17.47	1.6951185	1.04827064	0.189997876	1.61508653	1.23276228	0.249716273	9.26098471e-05	0.290373289	1	0.97527601	0.483239985	0.37405534	-0.328837695	-0.0524339773	0.342381491	0.0248219108	0.00055012505	24.36075
17.48	1.69511904	1.04827113	0.189997938	1.61508581	1.23276301	0.249716233	9.81579815e-05	0.290984286	1	0.975334845	0.483645823	0.373952219	-0.340433288	-0.13249898	0.342348196	0.0372605215	0.000226682281	24.541209
17.49	1.69511962	1.04827165	0.189997972	1.61508503	1.23276379	0.2497162	0.00010522219	0.291234032	1	0.975413932	0.484081881	0.373918413	-0.354090126	-0.211401529	0.342225207	0.033878423	0.000304954657	23.101347
17.5	1.69512014	1.04827223	0.189997981	1.61508427	1.23276457	0.249716239	0.000111990892	0.291398942	1	0.975536346	0.484506857	0.373812604	-0.328371243	-0.268229503	0.34215124	0.0443251562	0.000521615189	23.738743
17.51	1.69512082	1.04827273	0.189997987	1.61508342	1.2327654	0.249716109	0.000115044217	0.291564805	1	0.975619997	0.484916294	0.373821375	-0.342793685	-0.330883671	0.342031111	0.0508914847	0.000529082029	24.292978
17.52	1.69512147	1.04827312	0.189998	1.61508267	1.23276614	0.249715928	0.000111062793	0.291754126	1	0.975653416	0.48534219	0.373266157	-0.419685059	-0.527114703	0.341616291	0.0619496574	0.000480819227	21.608975
17.53	1.69512188	1.0482735	0.18999801	1.61508211	1.2327667	0.249715906	0.000100882669	0.291732113	1	0.975550096	0.48569164	0.372934033	-0.481004555	-0.631574584	0.341346318	0.045211826	0.000686560094	23.043748
17.54	1.69512241	1.04827401	0.18999799	1.61508139	1.23276743	0.249715889	0.000102192818	0.291791638	1	0.975368368	0.486011995	0.372801674	-0.539570589	-0.677731392	0.341224557	0.0612826935	0.000694361153	21.384321
17.55	1.69512295	1.04827452	0.189997976	1.61508065	1.23276818	0.249715871	0.000104202365	0.291910972	1	0.975118836	0.486294579	0.372895961	-0.594782262	-0.68645966	0.341191095	0.0365404591	0.000560394302	22.763306
17.56	1.69512346	1.04827506	0.189997971	1.61507992	1.23276891	0.24971589	0.000106807049	0.292014403	1	0.974837706	0.486501308	0.373178917	-0.628636528	-0.662096773	0.341224252	0.0487538692	0.000489806082	21.874956
17.57	1.69512398	1.04827559	0.18999797	1.61507919	1.23276966	0.249715899	0.000109639297	0.292080498	1	0.974533706	0.486623071	0.373603992	-0.648058318	-0.602401969	0.341334464	0.030951437	0.000491595883	25.936224
17.58	1.69512451	1.04827616	0.189997969	1.61507842	1.23277044	0.249715924	0.000114552118	0.292123201	1	0.974189542	0.486626095	0.374136896	-0.642980583	-0.50373018	0.34154252	0.0409337015	0.000540617447	24.360216
17.59	1.69512507	1.04827674	0.189997968	1.61507763	1.23277124	0.249715939	0.000119966591	0.292158412	1	0.973856318	0.48653578	0.374699225	-0.612831594	-0.384081978	0.341814725	0.0420417098	0.000597885988	22.323726
17.6	1.69512566	1.04827731	0.18999797	1.61507682	1.23277206	0.249715924	0.0001246568	0.292189975	1	0.973582793	0.486374017	0.375223446	-0.563944564	-0.257877892	0.342120995	0.0488405891	0.000630437725	25.891069
17.61	1.69512628	1.04827788	0.189997975	1.61507598	1.23277291	0.249715888	0.000129399529	0.29221352	1	0.973359057	0.486132019	0.375708887	-0.507301391	-0.126815299	0.342453502	0.0280048758	0.000664923859	25.597753
17.62	1.69512694	1.04827844	0.189997982	1.61507511	1.23277377	0.249715823	0.00013351393	0.292230467	1	0.973236145	0.485850482	0.376112209	-0.455692324	-0.0150080004	0.34274747	0.0314798748	0.000711793581	26.418817
17.63	1.69512762	1.04827898	0.189997991	1.61507425	1.23277463	0.249715722	0.000135758064	0.292237084	1	0.973212416	0.485557791	0.376403339	-0.424445557	0.0746900818	0.34299541	0.0436929155	0.000722001451	26.505956
17.64	1.69512833	1.04827951	0.189997999	1.61507336	1.2327755	0.249715598	0.000137923426	0.292232899	1	0.973261142	0.485250893	0.376643479	-0.416130612	0.156350634	0.343225255	0.0482154928	0.000609159861	25.397224
17.65	1.69512905	1.04828007	0.189998006	1.61507245	1.23277641	0.249715478	0.000141476759	0.292229921	1	0.973381814	0.484930553	0.376880032	-0.425254546	0.237555348	0.343454602	0.0272212125	0.000434391279	25.015818
17.66	1.69512978	1.04828066	0.189998015	1.61507151	1.23277735	0.249715381	0.000146868921	0.292243726	1	0.973532353	0.48456547	0.377030484	-0.426190438	0.327679315	0.343734934	0.0947453678	0.000276111403	25.897764
17.67	1.69513059	1.04828126	0.189998027	1.61507051	1.23277834	0.249715236	0.000152737218	0.292253209	1	0.973745744	0.484180105	0.377171725	-0.449973911	0.402320101	0.343975554	0.0567243535	0.00032547536	24.487687
17.68	1.69513136	1.04828184	0.189998038	1.61506954	1.23277929	0.249715099	0.000156172914	0.292245294	1	0.974028187	0.483790365	0.377285434	-0.479079931	0.441341778	0.344108715	0.0394710755	0.00051348446	23.638663
17.69	1.69513124	1.0482817	0.189998417	1.61506972	1.23277912	0.249715085	0.000117094674	0.287386816	1	0.974375805	0.483456197	0.377228053	-0.537119344	0.50920838	0.343306198	0.0353134553	0.00072787483	25.93503
17.7	1.69513319	1.04828319	0.189998001	1.61506726	1.23278155	0.249714761	0.000172797965	0.287385524	1	0.974761634	0.483100419	0.377151262	-0.576610191	0.529986952	0.343375518	0.0305713211	0.00175423208	24.644724
17.71	1.6951338	1.04828367	0.18999791	1.61506649	1.23278232	0.249714671	0.00015388071	0.288826847	1	0.975172431	0.482724392	0.377064967	-0.605569505	0.530460669	0.343707926	0.0363355087	0.00126989885	25.343248
17.72	1.69513447	1.04828416	0.189997958	1.61506566	1.23278314	0.249714541	0.000150319938	0.289976262	1	0.975606487	0.482328347	0.376977727	-0.62884491	0.520268443	0.343996548	0.0233984732	0.00161516901	25.163969
17.73	1.69513526	1.04828471	0.189998026	1.61506469	1.23278409	0.24971437	0.000155365692	0.290533579	1	0.976047145	0.481911023	0.376877626	-0.648575133	0.509236173	0.344181657	0.0346540635	0.00177847609	26.476946
17.74	1.69513606	1.04828531	0.189998063	1.6150637	1.23278508	0.249714227	0.000160894997	0.29076057	1	0.97647063	0.481442977	0.376815309	-0.651946764	0.483116291	0.344231706	0.0512185509	0.00199431762	27.185947
17.75	1.6951368	1.04828583	0.189998071	1.61506279	1.23278596	0.249714071	0.000159356342	0.290895683	1	0.97692418	0.480950538	0.376708196	-0.643938563	0.428453267	0.344154567	0.0394363393	0.00217914525	24.601671
17.76	1.69513753	1.04828627	0.189998069	1.61506195	1.23278679	0.249713872	0.000152901779	0.291019817	1	0.977305739	0.480431972	0.376628611	-0.652601252	0.348894948	0.343961526	0.0512307046	0.00233871707	24.112235
17.77	1.69513817	1.04828667	0.189998062	1.61506119	1.23278753	0.249713697	0.000143049768	0.291136359	1	0.977667116	0.479914659	0.376482216	-0.670535297	0.252302595	0.343698973	0.0421027279	0.00261969513	26.075812
17.78	1.69513879	1.04828709	0.189998052	1.61506045	1.23278826	0.249713556	0.000134715093	0.291245225	1	0.978019855	0.479382019	0.376289113	-0.67788119	0.156692688	0.343426606	0.0532562189	0.00300924358	26.178752
17.79	1.69513947	1.04828747	0.189998044	1.61505967	1.23278901	0.249713345	0.000127638446	0.29135457	1	0.978350645	0.478855508	0.376020045	-0.696529919	0.0789810346	0.343214726	0.0422359073	0.003364681	26.827786
17.8	1.69514016	1.04828789	0.189998037	1.61505886	1.2327898	0.249713154	0.00012472695	0.29147191	1	0.978636487	0.478314186	0.375635553	-0.711808109	0.0198031105	0.343086103	0.0511840359	0.00372012877	25.973426
17.81	1.69514084	1.04828837	0.189998031	1.61505803	1.23279062	0.249713014	0.000124443184	0.291575461	1	0.978905318	0.477763627	0.375159815	-0.701759217	-0.0329686242	0.342997612	0.0431726583	0.00395053926	26.185293
17.82	1.69514151	1.04828885	0.189998027	1.61505721	1.23279143	0.249712878	0.000124026602	0.29165642	1	0.979155115	0.477209008	0.374621715	-0.671023619	-0.0688449311	0.342970835	0.037043301	0.00399146473	26.231265
17.83	1.69514218	1.04828935	0.189998023	1.61505637	1.23279226	0.249712758	0.000125333273	0.291731187	1	0.979377581	0.476641753	0.37405418	-0.61837549	-0.0744076593	0.343045048	0.0320438499	0.00389364203	26.090051
17.84	1.69514295	1.04828981	0.189998025	1.61505548	1.23279313	0.249712538	0.000127074678	0.291834376	1	0.979527647	0.476134519	0.373223739	-0.605025048	-0.103025217	0.343121333	0.0325231022	0.00368398472	26.010432
17.85	1.69514362	1.0482903	0.189998026	1.61505465	1.23279395	0.249712411	0.000127252377	0.291855101	1	0.979600992	0.475646727	0.372567752	-0.540558815	-0.0973421867	0.343246255	0.0393250426	0.00369102472	23.889278
17.86	1.69514424	1.04829086	0.189998016	1.61505382	1.23279478	0.249712366	0.000129365726	0.291887089	1	0.979606228	0.475174479	0.372106006	-0.468638368	-0.0400931856	0.34349398	0.04928982	0.00330351064	24.505393
17.87	1.69514477	1.04829157	0.189998011	1.61505298	1.23279566	0.249712503	0.00013673712	0.291992651	1	0.979641043	0.47462473	0.371388014	-0.277264289	-0.0392582252	0.343645072	0.0311208443	0.0028683823	23.841924
17.88	1.69514533	1.04829204	0.189998013	1.61505224	1.23279639	0.249712428	0.000131492229	0.291975161	1	0.979607466	0.474083582	0.370934534	-0.154672311	0.0232978007	0.343900339	0.0219995561	0.00197990876	24.76636
17.89	1.69514605	1.04829251	0.189998005	1.61505138	1.23279723	0.249712253	0.000130468235	0.292002075	1	0.979502775	0.473605666	0.370715849	-0.0791319295	0.130112897	0.344262173	0.0424881001	0.00151454512	25.203034
17.9	1.69514671	1.04829307	0.189997999	1.61505052	1.23279809	0.249712188	0.000133530307	0.292065174	1	0.979336668	0.47317944	0.370719259	-0.024585873	0.264315962	0.34468416	0.0391598505	0.0012613936	24.814444
17.91	1.69514735	1.04829365	0.189997999	1.61504967	1.23279895	0.249712146	0.000136585106	0.292116597	1	0.979146617	0.472824499	0.370898075	0.0150579928	0.40014156	0.345085521	0.0212208655	0.00108553934	27.653602
17.92	1.69514794	1.04829423	0.189998	1.61504885	1.23279978	0.249712138	0.00013848777	0.292126407	1	0.978941729	0.472520014	0.371270622	0.0481759208	0.520376931	0.345395103	0.0417522688	0.000911956642	26.617315
17.93	1.69514852	1.04829474	0.189998002	1.61504808	1.23280055	0.249712082	0.000135945861	0.292125308	1	0.97878273	0.472327238	0.37157946	0.0341101056	0.599407077	0.345594805	0.100854818	8.64105108e-11	28.64499
17.94	1.69514843	1.04829461	0.189998391	1.61504822	1.2328004	0.249712059	0.00010221778	0.287073299	1	0.978697278	0.472116001	0.371891849	0.119708905	0.668333342	0.344691899	0.0883338179	2.17479014e-05	23.383453
17.95	1.69514985	1.04829621	0.189997971	1.61504613	1.23280253	0.249712187	0.000152378865	0.286875945	1	0.978579287	0.471933925	0.37240045	0.168339927	0.636864994	0.344406702	0.0690969505	5.16417001e-05	23.770314
17.96	1.69515017	1.04829654	0.189997893	1.61504569	1.23280299	0.249712191	0.000118037101	0.288243168	1	0.978416034	0.47181762	0.373045506	0.184030302	0.58292788	0.344328747	0.0907335932	1.97804437e-05	22.790754
17.97	1.69515048	1.04829686	0.189997929	1.61504524	1.23280344	0.249712195	9.90966064e-05	0.289449444	1	0.978254143	0.471803489	0.373832628	0.160339263	0.532322095	0.344239856	0.0733924537	0.00010463379	25.252694
17.98	1.69515082	1.04829729	0.189997972	1.61504472	1.23280398	0.249712264	9.45918013e-05	0.290082504	1	0.978106844	0.471903042	0.374815621	0.127774486	0.49539176	0.344066973	0.0473791987	0.000188145347	24.320635
17.99	1.69515115	1.04829781	0.189997995	1.61504414	1.23280458	0.249712393	9.6559497e-05	0.29033158	1	0.97800865	0.472099565	0.376045579	0.109261726	0.456110755	0.343761236	0.0728611116	0.000284913875	26.586357
18	1.69515151	1.04829819	0.189998	1.61504363	1.23280511	0.249712412	8.86980013e-05	0.290476719	1	0.977928953	0.472489452	0.377111077	0.0262215985	0.332385619	0.343200247	0.0507357765	0.000412749914	25.821436
18.01	1.69515173	1.04829861	0.189998011	1.6150432	1.23280556	0.249712554	8.69257302e-05	0.290512378	1	0.977889296	0.472947915	0.378398533	-0.000941733917	0.230515447	0.342597641	0.038086578	0.000547080403	25.171895
18.02	1.69515198	1.04829905	0.189998003	1.61504274	1.23280605	0.249712685	8.77436763e-05	0.290614301	1	0.977889333	0.473462361	0.379696159	-0.0458699813	0.148467884	0.342058798	0.0394044872	0.000695903995	24.766705
18.03	1.69515212	1.04829976	0.189998016	1.61504221	1.23280665	0.249713086	0.000109981158	0.290788419	1	0.978018851	0.473936323	0.380603928	0.0643589778	0.0341569652	0.341514019	0.0516315854	0.000825751762	24.444464
18.04	1.69515239	1.0483002	0.189998015	1.61504173	1.23280715	0.249713216	0.000109186267	0.290853296	1	0.978196383	0.474429546	0.381637207	0.117018848	-0.0500465392	0.341025761	0.0380118691	0.000993357457	23.713848
18.05	1.69515268	1.04830069	0.189998005	1.61504121	1.2328077	0.249713349	0.000109742299	0.29090955	1	0.978387318	0.474930605	0.382776002	0.145864767	-0.102253778	0.340622049	0.0474187703	0.0011440088	26.996982
18.06	1.69515298	1.04830123	0.189997998	1.61504065	1.23280829	0.249713525	0.000114035526	0.290975533	1	0.978560886	0.475404141	0.383908837	0.152860353	-0.112923304	0.340362174	0.0574231171	0.00127857599	26.879336
18.07	1.69515328	1.04830188	0.189997995	1.61504002	1.23280897	0.249713765	0.000122984901	0.291036237	1	0.978679441	0.47578052	0.38501487	0.152982165	-0.0752516366	0.340271039	0.0797240873	0.00138345949	25.700111
18.08	1.69515364	1.04830253	0.189997992	1.61503935	1.23280968	0.249713974	0.000128466694	0.291076998	1	0.978761045	0.476075536	0.386056786	0.131080628	-0.0317988748	0.340222699	0.0636713758	0.00146253012	24.884708
18.09	1.69515399	1.04830317	0.189997994	1.61503869	1.23281038	0.249714185	0.000133158584	0.291077592	1	0.978831073	0.476362545	0.386988483	0.0838207963	0.0346344248	0.340264318	0.0861655431	0.00150566802	26.333458
18.1	1.69515437	1.04830391	0.189997994	1.61503795	1.23281117	0.249714433	0.000140148966	0.291088949	1	0.978974852	0.476686638	0.38776937	0.0289052536	0.0923068616	0.340323618	0.0681822754	0.0014895647	24.319293
18.11	1.69515476	1.04830472	0.189998001	1.61503716	1.23281202	0.249714735	0.000149705259	0.291102175	1	0.979135346	0.476993761	0.388429119	-0.0126268753	0.180329579	0.340508379	0.0637086906	0.00144580985	24.189112
18.12	1.69515521	1.04830561	0.189998005	1.61503627	1.23281297	0.249715038	0.000159824511	0.291132557	1	0.979322711	0.477250357	0.38894777	-0.0407474103	0.289789949	0.34080736	0.0733910805	0.00138963211	25.870056
18.13	1.69515573	1.04830659	0.189998018	1.61503527	1.23281403	0.249715365	0.000173765486	0.291162747	1	0.979498006	0.477435789	0.389298227	-0.0461782326	0.450750075	0.341313202	0.070511895	0.00133022605	25.61489
18.14	1.69515644	1.04830763	0.18999804	1.61503408	1.23281526	0.249715601	0.000188741915	0.291199042	1	0.979686951	0.477576403	0.389531993	-0.0599692684	0.608651898	0.341860585	0.0553144877	0.00123596632	25.546751
18.15	1.6951572	1.04830867	0.189998072	1.61503285	1.23281654	0.249715798	0.000202335348	0.291199714	1	0.979866448	0.477666483	0.389632018	-0.0806521872	0.762622952	0.342424725	0.0427956124	0.00115242816	24.642328
18.16	1.69515802	1.04830976	0.18999811	1.61503155	1.23281789	0.24971599	0.000217066808	0.291180591	1	0.980054597	0.477706885	0.389517265	-0.10215104	0.891065961	0.342952043	0.0459134395	0.00107149418	26.184928
18.17	1.6951589	1.04831084	0.189998146	1.61503021	1.23281927	0.249716129	0.000229471423	0.291135713	1	0.980181919	0.477689651	0.389284097	-0.136200672	1.01237358	0.343468033	0.0492740458	0.00100497739	27.883406
18.18	1.69515981	1.04831195	0.189998178	1.61502882	1.2328207	0.249716271	0.000241925467	0.291087094	1	0.980233965	0.477609897	0.389032502	-0.173983295	1.13821338	0.343988445	0.0691430039	0.000927715348	26.814387
18.19	1.6951608	1.048313	0.189998204	1.6150274	1.23282215	0.249716317	0.00025055602	0.291053287	1	0.980204608	0.47751365	0.388808889	-0.231396006	1.25173149	0.344457648	0.057381477	0.000834007423	27.540871
18.2	1.69516174	1.04831407	0.189998226	1.615026	1.23282357	0.249716408	0.000258261942	0.291025436	1	0.980123004	0.477402037	0.388596354	-0.285916589	1.35225159	0.344870981	0.0417505587	0.000712490696	24.52071
18.21	1.6951627	1.04831511	0.189998243	1.61502462	1.23282498	0.249716463	0.000263402661	0.291002881	1	0.979972672	0.477265041	0.388394137	-0.339826362	1.44945642	0.345257393	0.0591422395	0.00060985886	27.893402
18.22	1.69516368	1.04831613	0.189998256	1.61502323	1.23282639	0.249716496	0.000267182048	0.290987935	1	0.979735892	0.477077365	0.38821199	-0.387024639	1.54216221	0.345613624	0.0447339903	0.000534733586	24.683683
18.23	1.69516463	1.04831712	0.189998264	1.61502187	1.23282777	0.249716521	0.000268751616	0.290981908	1	0.979480563	0.476864217	0.387949737	-0.422589666	1.61908228	0.345925827	0.0743382158	0.00050109363	24.492063
18.24	1.69516563	1.04831802	0.189998267	1.61502054	1.23282911	0.249716451	0.000267031954	0.290976659	1	0.979149418	0.476612277	0.38766432	-0.469349374	1.67261206	0.346157147	0.0881536666	0.000578402742	25.848151
18.25	1.69516547	1.04831778	0.18999859	1.6150208	1.23282883	0.249716394	0.000200596839	0.286536346	1	0.978819619	0.476381245	0.387334435	-0.527396263	1.71792569	0.345275169	0.0484496077	0.000775787211	28.482998
18.26	1.69516747	1.04831961	0.189998171	1.61501811	1.23283153	0.249716272	0.000252126456	0.2867208	1	0.978495763	0.476155323	0.386858264	-0.577072076	1.71422623	0.34529588	0.0845896241	0.00130360204	25.273482
18.27	1.69516812	1.04832025	0.189998062	1.61501721	1.23283245	0.249716267	0.000230330661	0.288168842	1	0.978247887	0.475972291	0.386252176	-0.566081128	1.64063735	0.345428129	0.0516141343	0.00133695839	26.530714
18.28	1.69516873	1.04832086	0.189998087	1.61501635	1.23283332	0.249716266	0.0002171541	0.289292398	1	0.978042916	0.475768869	0.385472851	-0.502005338	1.55900314	0.345534896	0.0333284167	0.00158385163	26.292771
18.29	1.69516959	1.04832143	0.189998131	1.61501533	1.23283432	0.249716059	0.00021005608	0.289853245	1	0.977868986	0.475588613	0.384715347	-0.458568913	1.42823228	0.345387825	0.0598718258	0.00172743751	27.037667
18.3	1.69517032	1.04832193	0.189998144	1.61501444	1.23283519	0.249715895	0.000198224472	0.290080989	1	0.977694693	0.47538753	0.38396201	-0.403651928	1.25458502	0.345009883	0.0554635028	0.0019908977	28.007233
18.31	1.695171	1.0483223	0.189998129	1.61501367	1.23283593	0.249715677	0.00017877539	0.290206942	1	0.977493827	0.475202279	0.383280756	-0.373078302	1.0613515	0.344491721	0.0675087446	0.00223727202	25.698463
18.32	1.69517163	1.04832261	0.189998105	1.61501298	1.2328366	0.249715454	0.000157529914	0.290352756	1	0.977232265	0.475034181	0.382694121	-0.38148542	0.858640237	0.343893802	0.0697234471	0.00253778596	24.514148
18.33	1.69517216	1.04832294	0.189998078	1.61501236	1.23283721	0.249715318	0.000137815041	0.290512834	1	0.976922604	0.474877525	0.382262651	-0.401923759	0.67138942	0.343287667	0.0586866649	0.00292171987	27.054258
18.34	1.69517265	1.04832329	0.189998052	1.61501176	1.2328378	0.249715212	0.00012084743	0.290674375	1	0.976588232	0.474743644	0.382022235	-0.415510232	0.502811034	0.342688435	0.059331586	0.00330373122	25.500123
18.35	1.69517302	1.04832371	0.189998035	1.61501121	1.23283836	0.249715251	0.000107450051	0.290860412	1	0.976241297	0.474521167	0.381535019	-0.320938938	0.2744088	0.34194879	0.0828702636	0.00359447724	26.191369
18.36	1.6951734	1.04832399	0.189998035	1.61501074	1.23283882	0.249715175	8.76730343e-05	0.29091386	1	0.975883639	0.474293805	0.381131051	-0.259158397	0.0691135817	0.341215778	0.081958545	0.00364477189	25.382978
18.37	1.69517382	1.04832426	0.189998021	1.61501024	1.23283931	0.249715073	7.16712338e-05	0.291000063	1	0.975577533	0.474101635	0.380685898	-0.195443221	-0.152150619	0.340437442	0.0758507294	0.00380664249	26.401135
18.38	1.69517418	1.04832455	0.189998014	1.61500978	1.23283978	0.24971502	5.7748179e-05	0.291100404	1	0.975277047	0.473886976	0.380281408	-0.107870451	-0.351277187	0.339711119	0.0937022138	0.00398632156	26.677249
18.39	1.69517459	1.04832479	0.189998008	1.6150093	1.23284024	0.249714901	4.45601144e-05	0.291234108	1	0.974981132	0.47375199	0.379709387	-0.0652574998	-0.583834233	0.338928629	0.0706321689	0.00406582166	25.220486
18.4	1.69517498	1.04832502	0.189998011	1.61500885	1.23284067	0.249714784	3.18424379e-05	0.291322591	1	0.974574276	0.473567051	0.379131472	-0.0171569912	-0.727007089	0.338410079	0.0992031784	0.00432783584	25.236216
18.41	1.69517546	1.04832532	0.189997991	1.61500829	1.23284122	0.249714663	2.85854841e-05	0.291475049	1	0.974090218	0.473383422	0.378398569	-0.0331374056	-0.782819388	0.338251917	0.0726834308	0.00431935399	25.580721
18.42	1.69517599	1.04832572	0.18999797	1.61500762	1.23284188	0.249714565	3.49421924e-05	0.291657394	1	0.973593843	0.473241047	0.377731932	-0.0707235199	-0.79074887	0.338286801	0.0783904925	0.00418788198	27.028425
18.43	1.69517656	1.04832613	0.189997961	1.61500692	1.23284257	0.249714458	4.27057544e-05	0.291818661	1	0.973047763	0.473112861	0.377131074	-0.135990588	-0.728141998	0.338574926	0.109178158	0.00408071346	26.403073
18.44	1.69517714	1.04832666	0.189997954	1.61500615	1.23284336	0.249714421	5.7017763e-05	0.291946056	1	0.972491409	0.47298873	0.376612199	-0.210092585	-0.614322781	0.339049487	0.0554830261	0.0030382113	23.883048
18.45	1.69517771	1.04832728	0.189997955	1.61500532	1.2328442	0.249714453	7.48745372e-05	0.292038652	1	0.971980032	0.472878424	0.37619017	-0.263322922	-0.463457489	0.339649484	0.0563250028	0.00269033448	25.60325
18.46	1.69517835	1.04832791	0.189997962	1.61500442	1.2328451	0.249714447	9.22431208e-05	0.292106246	1	0.971511392	0.472775723	0.375875694	-0.305849785	-0.275088265	0.340368829	0.0827104041	0.00227591042	25.396243
18.47	1.69517884	1.04832884	0.189997987	1.61500348	1.23284611	0.249714756	0.00011759163	0.292194731	1	0.971113624	0.47254625	0.375289104	-0.186527023	-0.1478173	0.340958218	0.0599868073	0.00189335108	23.951143
18.48	1.69517941	1.04832941	0.189998	1.61500269	1.23284691	0.249714758	0.000122955262	0.292123356	1	0.970829229	0.472289961	0.374947449	-0.121525269	-0.0041289907	0.341511187	0.103910419	0.0012263957	23.451057
18.49	1.69518013	1.04832991	0.189998003	1.61500181	1.23284777	0.2497146	0.000124208661	0.292050743	1	0.970568743	0.472068344	0.375125094	-0.137469162	0.0806540882	0.34178992	0.0560573171	0.00105525788	25.442504
18.5	1.69518082	1.04833016	0.189998017	1.61500111	1.23284844	0.249714298	0.000109429671	0.292005337	1	0.97028936	0.472040823	0.37530811	-0.344254902	0.0794606119	0.341820093	0.0445652275	0.000672268459	26.917465
18.51	1.69518073	1.04833007	0.189998402	1.61500123	1.23284831	0.249714294	8.28996185e-05	0.286703662	1	0.970025924	0.47212091	0.376011706	-0.505808084	0.0774761563	0.340687999	0.0709665574	0.000617825078	26.819821
18.52	1.6951818	1.04833142	0.189997937	1.61499957	1.23285002	0.249714489	0.000119241342	0.286419157	1	0.969694771	0.472233296	0.377136594	-0.677279827	0.0376565709	0.340288623	0.0662366402	0.0016423094	24.67497
18.53	1.69518204	1.04833182	0.189997866	1.61499914	1.23285048	0.249714604	9.69249329e-05	0.287834397	1	0.969425113	0.472438354	0.378457178	-0.8484827	-0.030584678	0.340106865	0.101225742	0.00106969721	24.609457
18.54	1.69518227	1.04833224	0.189997917	1.61499871	1.23285093	0.249714737	9.21877884e-05	0.289048242	1	0.969220729	0.472736844	0.379873788	-1.02667912	-0.111656817	0.339873994	0.0408268674	0.00180297745	26.864673
18.55	1.69518254	1.04833282	0.18999798	1.61499815	1.23285153	0.249714961	0.000102025058	0.289649424	1	0.968993431	0.473048043	0.381379503	-1.1906402	-0.151879157	0.339646733	0.0865531858	0.00233461909	25.633921
18.56	1.6951829	1.04833346	0.189998007	1.61499748	1.23285224	0.249715162	0.000111740021	0.289916751	1	0.968739008	0.473403417	0.382827488	-1.36239881	-0.161353096	0.339461187	0.0696972748	0.00284377721	25.727766
18.57	1.69518328	1.04833419	0.189998017	1.61499675	1.23285303	0.249715406	0.000123511276	0.290100906	1	0.96848471	0.473812159	0.384171638	-1.52335764	-0.155272146	0.33932195	0.0460615011	0.00315121439	24.986819
18.58	1.69518367	1.04833499	0.189998024	1.61499596	1.23285386	0.249715695	0.000136331371	0.29028641	1	0.968263164	0.474247044	0.385357215	-1.66935936	-0.136534577	0.339251117	0.0807451318	0.00330459053	26.179485
18.59	1.69518408	1.04833586	0.189998034	1.61499511	1.23285478	0.249716016	0.00015010885	0.290461287	1	0.96801548	0.47464627	0.386403328	-1.78615277	-0.0683449683	0.339356278	0.0873189548	0.00336226623	25.456944
18.6	1.69518459	1.04833684	0.189998046	1.61499412	1.23285583	0.249716346	0.000166962417	0.290622124	1	0.967721663	0.474951377	0.38727361	-1.86466065	0.0531510867	0.339668632	0.092228095	0.00334761294	24.852486
18.61	1.69518517	1.04833797	0.189998071	1.61499299	1.23285703	0.249716737	0.000189075687	0.290754934	1	0.967424039	0.475139355	0.38791963	-1.88004609	0.23043117	0.34020541	0.0888874939	0.00337122938	24.825482
18.62	1.6951859	1.04833915	0.189998109	1.6149917	1.23285839	0.249717055	0.000209762646	0.290860595	1	0.96717398	0.475306994	0.388342364	-1.85931366	0.379239328	0.340715818	0.121028589	0.00349369127	25.008638
18.63	1.69518662	1.04834028	0.189998146	1.61499046	1.23285969	0.249717342	0.000224295615	0.290897329	1	0.96697527	0.4754469	0.388510595	-1.80812035	0.483682504	0.341124293	0.0356424908	0.00368115348	24.884669
18.64	1.69518739	1.04834129	0.189998174	1.61498924	1.23286095	0.249717523	0.000231308065	0.290877971	1	0.9668207	0.475577169	0.388471483	-1.76221223	0.534042776	0.341381434	0.0554076714	0.00383840935	25.526541
18.65	1.69518805	1.04834233	0.189998191	1.6149881	1.23286215	0.249717786	0.000237594637	0.29083849	1	0.966710848	0.475654605	0.388213227	-1.68828519	0.520263536	0.341456059	0.0968818126	0.0037962081	25.827069
18.66	1.69518859	1.04834334	0.189998196	1.61498706	1.23286325	0.249718112	0.000240761141	0.290799032	1	0.96672113	0.475718972	0.387631305	-1.54870415	0.43173306	0.341334656	0.061366864	0.0037757498	24.418999
18.67	1.69518911	1.04834424	0.189998191	1.61498611	1.23286426	0.24971839	0.000238230387	0.290775399	1	0.966847601	0.475774856	0.386670415	-1.36611112	0.261743123	0.341015135	0.0575170365	0.00388471565	24.559258
18.68	1.69518904	1.048344	0.189998533	1.61498631	1.23286404	0.249718266	0.000179015792	0.286034877	1	0.967067416	0.475796962	0.385495316	-1.17620472	0.0978102775	0.339704781	0.0717610878	0.00399181412	26.734526
18.69	1.69519034	1.04834602	0.189998115	1.61498407	1.23286638	0.249718779	0.000233139618	0.286051827	1	0.967414214	0.475786164	0.384056106	-0.94993701	-0.140799536	0.33919211	0.10665486	0.00431474068	26.336764
18.7	1.69519079	1.04834654	0.189997998	1.6149834	1.23286707	0.249718822	0.00020437672	0.287510351	1	0.967703903	0.475691553	0.382635304	-0.773172419	-0.304543213	0.339224607	0.0664779283	0.00392319482	25.374464
18.71	1.69519147	1.04834709	0.189998015	1.61498253	1.23286794	0.249718737	0.000191113755	0.288752875	1	0.967950338	0.475554653	0.381382801	-0.633536019	-0.378694811	0.339529354	0.0698159881	0.00350777852	24.588858
18.72	1.69519237	1.04834776	0.189998072	1.61498141	1.23286904	0.249718572	0.000189766438	0.289442362	1	0.968206688	0.475460871	0.380338942	-0.556230767	-0.388222009	0.339936099	0.0896369751	0.00299959608	26.142082
18.73	1.69519337	1.04834849	0.189998115	1.61498017	1.23287027	0.249718381	0.000194413089	0.289795675	1	0.96849315	0.475450222	0.379455502	-0.531392097	-0.343004771	0.3404349	0.084104688	0.00241130033	27.710996
18.74	1.69519469	1.04834897	0.18999815	1.61497882	1.23287154	0.249717791	0.000193870546	0.290074423	1	0.968671892	0.475557917	0.378277207	-0.700793982	-0.318324251	0.340938116	0.0842968246	0.0019571868	24.884492
18.75	1.69519573	1.04834974	0.189998174	1.61497752	1.23287283	0.249717593	0.000203502819	0.29022838	1	0.968929266	0.47579141	0.377255571	-0.849393228	-0.23460043	0.341559773	0.0560860223	0.00204180438	25.603542
18.76	1.69519689	1.04835071	0.189998203	1.61497601	1.23287433	0.249717461	0.000221132319	0.290425744	1	0.969193144	0.476020858	0.376281891	-0.955423244	-0.0485379983	0.34250582	0.0631568711	0.00295214849	25.531002
18.77	1.69519823	1.04835185	0.189998254	1.61497426	1.23287609	0.249717318	0.000246603174	0.290664663	1	0.969566454	0.476261578	0.375120417	-0.975094365	0.103029976	0.343431011	0.0832282358	0.00397651321	24.778844
18.78	1.69519963	1.04835282	0.189998306	1.61497256	1.23287776	0.249717019	0.000263662664	0.290736881	1	0.969894307	0.476506158	0.374197855	-1.04477793	0.339732175	0.344543938	0.044220416	0.00453037655	25.595573
18.79	1.69520119	1.04835399	0.189998375	1.6149706	1.2328797	0.24971674	0.000293141662	0.290787681	1	0.970246275	0.476825975	0.373534346	-1.07398925	0.57621692	0.345609246	0.0567656909	0.0051744226	24.785405
18.8	1.69520268	1.04835511	0.189998428	1.61496874	1.23288154	0.249716474	0.000312315488	0.290795091	1	0.970666509	0.477219019	0.373072833	-1.08936796	0.795792086	0.346563083	0.0597466138	0.00555522181	24.633791
18.81	1.69520416	1.04835616	0.189998469	1.61496693	1.23288333	0.249716171	0.000325801634	0.290758255	1	0.971139894	0.477669127	0.372796142	-1.09835719	0.953449383	0.347259664	0.0950945838	0.00582172911	24.052595
18.82	1.69520555	1.04835702	0.189998473	1.6149653	1.23288491	0.249715797	0.000324408147	0.2906596	1	0.971616524	0.47815585	0.372697103	-1.12190814	1.08327052	0.347785084	0.0626181685	0.00587834679	26.961456
18.83	1.69520693	1.04835786	0.189998469	1.61496369	1.23288648	0.249715417	0.000322650764	0.290580284	1	0.972013778	0.478578795	0.372529571	-1.17884866	1.24345967	0.348396246	0.0970676071	0.00587397478	24.738698
18.84	1.6952083	1.04835887	0.18999847	1.61496199	1.23288817	0.249715159	0.000325606927	0.290528622	1	0.972371168	0.478945948	0.372465765	-1.20503319	1.38465947	0.348917137	0.0483536292	0.00598679293	25.539828
18.85	1.69520963	1.04835972	0.189998464	1.61496042	1.23288971	0.249714824	0.000322040205	0.290469942	1	0.972665751	0.479274314	0.372346654	-1.23698858	1.49084025	0.349320032	0.112263638	0.00592957894	26.652127
18.86	1.6952109	1.04836049	0.18999845	1.61495893	1.23289115	0.249714467	0.000315196302	0.290404276	1	0.972927261	0.479599477	0.37201543	-1.28777117	1.56219592	0.349634822	0.0709419709	0.00581410384	26.721789
18.87	1.69521214	1.04836124	0.189998434	1.61495749	1.23289256	0.249714124	0.000307748392	0.290359408	1	0.973130081	0.479937724	0.37132479	-1.35687982	1.57277582	0.349823238	0.097676461	0.00580104405	26.0368
18.88	1.69521188	1.04836104	0.189998716	1.61495782	1.23289223	0.24971417	0.000231479749	0.28600255	1	0.973279325	0.480285892	0.370447471	-1.41993996	1.56345194	0.348878499	0.103633176	0.00585110394	26.315883
18.89	1.6952142	1.04836265	0.189998292	1.61495499	1.23289501	0.24971366	0.000277986916	0.286270775	1	0.973322853	0.480614697	0.369344231	-1.46130313	1.48447618	0.348803619	0.0987797537	0.00594198074	26.42057
18.9	1.69521497	1.04836311	0.189998185	1.6149541	1.23289588	0.249713447	0.000243565027	0.287626942	1	0.973258798	0.480942694	0.368005004	-1.48123306	1.3547691	0.348863448	0.0609846904	0.00590718723	26.90448
18.91	1.69521572	1.0483635	0.189998192	1.61495327	1.23289669	0.249713194	0.000220199131	0.28863665	1	0.973109075	0.481305284	0.366400884	-1.50026031	1.19084203	0.348818922	0.1049063	0.0059223246	24.783349
18.92	1.69521648	1.04836391	0.189998206	1.61495241	1.23289752	0.249712937	0.000203509982	0.28915315	1	0.972893616	0.481687645	0.364524828	-1.51223259	0.965988377	0.348532235	0.0654649583	0.00591843607	25.996748
18.93	1.69521712	1.04836426	0.189998194	1.61495169	1.23289821	0.249712738	0.000181430415	0.289406811	1	0.972614753	0.482045986	0.362277389	-1.51116756	0.669477017	0.348005972	0.0950142248	0.00592468632	25.716065
18.94	1.69521765	1.04836451	0.189998173	1.61495111	1.23289877	0.249712539	0.000154152845	0.28958046	1	0.972259201	0.482364586	0.359647139	-1.51758552	0.301464838	0.347270886	0.099246497	0.00591464155	25.166864
18.95	1.69521804	1.04836472	0.189998146	1.61495067	1.23289919	0.24971241	0.000122940441	0.289760291	1	0.97181155	0.482659684	0.35658754	-1.54213777	-0.115488495	0.34643122	0.0831739813	0.0059274493	25.842276
18.96	1.69521839	1.04836488	0.189998126	1.6149503	1.23289955	0.249712276	9.23734162e-05	0.289964449	1	0.971223492	0.482905863	0.353113334	-1.59974901	-0.566061605	0.34554625	0.0762837026	0.00595937667	24.896058
18.97	1.6952187	1.04836499	0.189998115	1.61494998	1.23289985	0.249712141	6.26811748e-05	0.290174856	1	0.970447623	0.483065199	0.349227381	-1.69871289	-1.03872665	0.344655002	0.0859887688	0.00608406797	27.655128
18.98	1.69521894	1.04836507	0.189998112	1.61494974	1.23290008	0.24971202	3.34282639e-05	0.290382502	1	0.969501772	0.483164236	0.344925019	-1.84558604	-1.52723281	0.34377708	0.110579011	0.00630998394	27.503737
18.99	1.6952192	1.04836499	0.189998114	1.61494957	1.23290021	0.249711781	2.63289175e-05	0.290551637	1	0.968208008	0.483275636	0.340551627	-2.11631927	-2.07861727	0.342720308	0.0480723055	0.00669776479	26.538905
19	1.6952193	1.04836478	0.189998136	1.61494962	1.23290013	0.249711561	5.80628854e-05	0.29068187	1	0.966609205	0.483461835	0.336033672	-2.51298927	-2.69506941	0.341467301	0.0636679529	0.00731284471	25.522144
19.01	1.69521931	1.04836452	0.189998153	1.61494976	1.23289995	0.249711376	9.91186712e-05	0.290938616	1	0.964685686	0.483710183	0.331356181	-3.0288437	-3.37823293	0.340052024	0.0551483563	0.00814913382	28.460638
19.02	1.69521927	1.04836426	0.189998169	1.61494994	1.23289974	0.249711218	0.000136563757	0.29135382	1	0.962381168	0.484039955	0.326544463	-3.6597044	-4.09620576	0.338588562	0.0691422435	0.009156778	25.636826
19.03	1.69521933	1.04836437	0.189998515	1.61494983	1.23289986	0.249711254	0.000100535246	0.283897127	1	0.962706362	0.484614263	0.32633083	-3.321051	-3.82345298	0.337603765	0.0637260008	0.0102922736	25.719731
19.04	1.69522001	1.04836732	0.189997955	1.61494754	1.23290243	0.249712852	0.000105457463	0.283782699	1	0.963012738	0.485230824	0.326045375	-3.11687142	-3.67432107	0.337998341	0.0705082056	0.00765286198	27.046362
19.05	1.69522031	1.04836742	0.189997875	1.61494725	1.23290271	0.249712722	0.000100654808	0.285740919	1	0.963339822	0.485826278	0.325851041	-2.85940328	-3.61146974	0.338545561	0.0526593193	0.00616760471	27.067728
19.06	1.69522048	1.04836754	0.189997959	1.61494704	1.23290291	0.249712681	9.97454656e-05	0.287294496	1	0.963614575	0.486292072	0.325792471	-2.71611229	-3.54493303	0.339076228	0.0790889697	0.0050849608	25.678761
19.07	1.69522077	1.04836775	0.189998029	1.61494668	1.23290327	0.249712622	9.02378566e-05	0.288089312	1	0.9638076	0.486747527	0.325405743	-2.53817326	-3.58232305	0.339225998	0.0745460819	0.0042523595	25.907561
19.08	1.69522091	1.048368	0.189998084	1.61494641	1.23290355	0.249712702	9.58244444e-05	0.288344296	1	0.963927386	0.487165942	0.324659953	-2.34437893	-3.72802108	0.338983885	0.0293723072	0.00307314618	27.044774
19.09	1.69522079	1.0483685	0.189998105	1.61494623	1.23290381	0.249713139	0.000129697743	0.28841256	1	0.964514229	0.487644535	0.324253387	-1.95420637	-3.82850918	0.338659895	0.0731938946	0.0018670548	26.252326
19.1	1.69522103	1.04836874	0.189998086	1.61494589	1.23290415	0.249713139	0.000124592461	0.288652708	1	0.965281044	0.487956856	0.323978939	-1.70425345	-3.93425041	0.338383527	0.0698326142	0.00107110149	25.707005
19.11	1.69522121	1.04836907	0.189998078	1.61494555	1.23290451	0.24971325	0.000126988606	0.288991756	1	0.966251016	0.488211978	0.323319383	-1.38444632	-4.04629826	0.338150566	0.0301564316	0.00138449276	27.425227
19.12	1.69522138	1.04836947	0.189998078	1.61494517	1.23290491	0.249713405	0.000129717413	0.289199029	1	0.967443083	0.488463592	0.322714739	-1.04122519	-4.22405943	0.337710683	0.0691353519	0.00195968062	26.979463
19.13	1.69522149	1.04836982	0.189998089	1.61494488	1.23290524	0.249713583	0.000136237771	0.289269877	1	0.968809353	0.488660641	0.322158725	-0.660636784	-4.44691059	0.33708171	0.0694449014	0.0024479479	25.591619
19.14	1.69522163	1.0483701	0.189998093	1.6149446	1.23290554	0.24971368	0.000136990103	0.28927051	1	0.970529048	0.488787801	0.321726246	-0.346822819	-4.67743764	0.336413109	0.0755307121	0.00293798855	24.788511
19.15	1.69522192	1.0483703	0.189998088	1.61494425	1.23290588	0.249713618	0.000125004241	0.289328726	1	0.97220198	0.488771638	0.321160274	-0.108820438	-4.99491065	0.335546774	0.0843517081	0.00320502023	24.717354
19.16	1.69522199	1.04837052	0.18999811	1.61494406	1.23290608	0.249713716	0.000131652893	0.28929603	1	0.973799538	0.488598662	0.320371489	0.095929889	-5.38453295	0.334480522	0.062465411	0.0031419515	24.743665
19.17	1.6952218	1.04837095	0.189998123	1.61494396	1.23290626	0.249714161	0.000163298578	0.289197681	1	0.975814725	0.488380677	0.319908033	0.462793827	-5.70509735	0.333418755	0.0839734054	0.00306426196	26.714634
19.18	1.69522188	1.04837124	0.189998107	1.61494373	1.23290652	0.249714308	0.00016625584	0.289279029	1	0.978014936	0.488077898	0.31930278	0.871368567	-6.06676707	0.332273886	0.0725161177	0.00327945401	26.909683
19.19	1.69522187	1.04837149	0.189998117	1.61494359	1.23290669	0.249714495	0.000174163546	0.28933654	1	0.980494425	0.48771235	0.318581044	1.35103523	-6.47724675	0.330955484	0.0966111304	0.00334295206	25.751655
19.2	1.69522201	1.04837146	0.189998477	1.61494349	1.23290677	0.249714373	0.000130331281	0.282477073	1	0.983901531	0.488592451	0.31975984	1.20964587	-6.45012896	0.329795232	0.0869526765	0.00338256529	24.876658
19.21	1.69522446	1.04837246	0.189997929	1.61494093	1.2329092	0.249713345	5.75648611e-05	0.282577887	1	0.987091801	0.48932756	0.320899574	1.09956773	-6.44458473	0.329765511	0.096112083	0.00265369133	24.911458
19.22	1.69522514	1.04837286	0.189997871	1.61494014	1.23290997	0.249713143	4.54027802e-05	0.284392913	1	0.989837753	0.490014246	0.32171941	0.898998964	-6.45601616	0.329927894	0.136657822	0.00344898043	26.840115
19.23	1.69522581	1.04837348	0.189997958	1.61493923	1.23291088	0.249713118	5.46348428e-05	0.28557167	1	0.992304601	0.490552614	0.322734045	0.732203865	-6.37927701	0.3301971	0.0839778112	0.00448544412	25.088523
19.24	1.69522689	1.04837424	0.189998067	1.61493791	1.23291218	0.249712887	7.87510741e-05	0.286027504	1	0.994537579	0.490962867	0.323813459	0.559648137	-6.21843609	0.330499836	0.0875567518	0.00546142599	23.432912
19.25	1.6952282	1.04837505	0.189998144	1.61493638	1.23291368	0.249712532	0.000112678716	0.286174371	1	0.996569553	0.491298282	0.324945686	0.362851385	-5.99191554	0.330855802	0.104919409	0.00666074652	25.458234
19.26	1.69522958	1.0483759	0.189998198	1.61493476	1.23291526	0.249712155	0.000146550937	0.286278918	1	0.998459793	0.491605191	0.326116496	0.147524464	-5.71445195	0.331285443	0.0637454482	0.00789491475	26.415395
19.27	1.69523107	1.04837679	0.189998249	1.61493303	1.23291694	0.249711737	0.000179148079	0.286395475	1	1.00038129	0.492001026	0.327320581	-0.0866238834	-5.42975644	0.331689711	0.154856752	0.00907570348	25.997697
19.28	1.6952324	1.04837798	0.189998314	1.61493125	1.23291873	0.249711632	0.000210997854	0.286555925	1	1.00252054	0.492389255	0.327989103	-0.18179113	-5.25668665	0.331817144	0.0533781172	0.010191964	24.107962
19.29	1.69523395	1.04837882	0.189998369	1.61492951	1.23292041	0.249711135	0.00023298793	0.286481162	1	1.00466182	0.492906076	0.328820286	-0.345372483	-5.05820823	0.331885878	0.0547786538	0.0106867136	24.831775
19.3	1.69523571	1.04837985	0.18999844	1.61492748	1.23292239	0.24971061	0.000268862797	0.286427733	1	1.00678182	0.493509556	0.329795349	-0.548205962	-4.83655278	0.331857694	0.0543393045	0.0114580616	25.471497
19.31	1.69523754	1.04838106	0.189998533	1.61492529	1.23292454	0.249710182	0.000309978628	0.28639121	1	1.00880481	0.49415983	0.330916995	-0.755411628	-4.57763626	0.331716293	0.0827107001	0.0123111908	22.947838
19.32	1.69523952	1.04838239	0.189998652	1.61492291	1.23292687	0.249709715	0.000358220876	0.286324958	1	1.01072956	0.494884297	0.332247864	-0.975813448	-4.27616206	0.331643924	0.128939928	0.012968861	23.913299
19.33	1.69524155	1.04838419	0.189998558	1.61492021	1.23292958	0.249709555	0.000268899395	0.286240141	1	1.01261515	0.495675992	0.333799103	-1.17651171	-3.94210532	0.331613017	0.0689234772	0.0134488802	25.789626
19.34	1.69524366	1.04838591	0.18999875	1.61491749	1.23293229	0.249709276	0.000357653719	0.286133307	1	1.01447122	0.49653834	0.335550247	-1.33688544	-3.58539303	0.331588525	0.0541165599	0.0136653953	23.647071
19.35	1.69524603	1.04838779	0.189998714	1.61491446	1.2329353	0.249708933	0.00029761697	0.286025877	1	1.01632022	0.497577137	0.337095985	-1.51586981	-3.30306406	0.331405761	0.0882542047	0.013624445	23.043534
19.36	1.69524809	1.04839003	0.189998683	1.61491148	1.23293833	0.249709061	0.000250774118	0.285839863	1	1.01828109	0.498717749	0.338733474	-1.60987307	-3.04117628	0.331079245	0.101951871	0.0136101716	24.227711
19.37	1.69525042	1.04839225	0.189999048	1.61490829	1.23294156	0.249708976	0.000384326186	0.285647535	1	1.02035916	0.499968596	0.340452697	-1.64585821	-2.81232379	0.330608448	0.0784438333	0.0131930955	26.912165
19.38	1.69524995	1.04839183	0.189999049	1.61490891	1.23294093	0.249709016	0.000239996972	0.282121023	1	1.02255829	0.501356773	0.342243032	-1.68070143	-2.58404465	0.328952812	0.0538577341	0.0125112685	26.502191
19.39	1.6952538	1.0483956	0.189998371	1.61490358	1.23294632	0.249708963	0.000157235809	0.282968518	1	1.02488126	0.502860723	0.344036111	-1.68159744	-2.42074694	0.328139069	0.0550230357	4.0660305e-11	26.191881
19.4	1.69525677	1.04839801	0.18999891	1.61489976	1.23295012	0.249708567	0.000334650954	0.284085379	1	1.02730811	0.504476233	0.345835934	-1.67128359	-2.3003349	0.327496539	0.0580081675	0.000457126758	25.917829
19.41	1.69525997	1.04840076	0.189999231	1.61489556	1.23295433	0.249708243	0.000391042311	0.28469551	1	1.02982462	0.506163165	0.347588988	-1.6401732	-2.216159	0.326799801	0.0560844214	0.000864326307	27.083119
19.42	1.69535372	1.04790066	0.189430779	1.61511456	1.232667	0.249288334	0.304115017	0.285581431	1	1.03238408	0.507873563	0.349294175	-1.59211173	-2.14548929	0.326205637	0.0916028099	0.00121098723	26.107872
19.43	1.69601919	1.04958029	0.188129312	1.61358717	1.23432523	0.250005451	0.249946862	0.286379591	1	1.03486501	0.509338917	0.350545455	-1.3125257	-2.08591405	0.325197133	0.12220725	0.0014622879	26.064051
19.44	1.69591175	1.04929585	0.188692816	1.61384155	1.23404813	0.24988029	0.155685368	0.286693915	1	1.03726662	0.510752872	0.352026749	-1.0704739	-1.9636158	0.324888471	0.0755115971	0.0015621515	26.031249
19.45	1.69587116	1.04918572	0.189007215	1.61393923	1.23394155	0.24983112	0.119689906	0.28724826	1	1.03969531	0.512278637	0.353348939	-0.824244987	-1.89415187	0.324144555	0.109783168	0.00163782574	25.718843
19.46	1.69583576	1.04909286	0.189250639	1.61402254	1.23385086	0.249790493	0.0896773685	0.285661828	1	1.04199058	0.513656339	0.354823571	-0.519351095	-1.7153819	0.323731833	0.0909340943	0.0016897407	25.757215
19.47	1.69581217	1.04902591	0.189433424	1.61408105	1.23378683	0.249759833	0.0672711885	0.286908288	1	1.0438682	0.514773165	0.356770305	-0.272995851	-1.50242088	0.323886401	0.0645062603	0.0016827163	25.249051
19.48	1.69579471	1.04897631	0.189571247	1.61412437	1.23373942	0.249737107	0.0505863567	0.287956466	1	1.04539891	0.515711372	0.359199908	-0.0545162615	-1.27157493	0.324193077	0.0502113658	0.00164395344	23.723122
19.49	1.69578265	1.04894087	0.18967466	1.614155	1.23370583	0.249720579	0.03837569	0.288736314	1	1.04662653	0.5165086	0.362095916	0.134576395	-1.03098405	0.324578028	0.0523869848	0.00155935841	25.971821
19.5	1.69577486	1.04891626	0.189752705	1.61417579	1.23368293	0.249708678	0.0294756359	0.289190659	1	1.04755778	0.517199443	0.365411044	0.289581108	-0.786142577	0.324986318	0.0660980189	0.00147580079	26.217736
19.51	1.69577	1.0488995	0.189812112	1.6141896	1.23366763	0.249700268	0.0229072035	0.289374136	1	1.04820524	0.517643977	0.368646068	0.497438889	-0.606479078	0.3253499	0.041908437	0.00144882822	24.69965
19.52	1.69576338	1.04888249	0.189856002	1.61420497	1.23365093	0.249692919	0.0174700737	0.287241186	1	1.0487075	0.518076396	0.372087953	0.618375252	-0.407127316	0.32535112	0.0583416763	0.0015285231	23.948412
19.53	1.69576166	1.04887482	0.189889625	1.61421087	1.23364429	0.249688707	0.0136861644	0.288532	1	1.04906793	0.518485437	0.375592194	0.706852321	-0.247022147	0.325703383	0.0662012078	0.00172241042	24.833802
19.54	1.69576083	1.0488693	0.189916184	1.6142148	1.23363979	0.249685394	0.0108521309	0.289457119	1	1.04940391	0.51892555	0.378987483	0.737296462	-0.154552332	0.32592373	0.0610051778	0.00192816765	25.96566
19.55	1.69576038	1.0488655	0.189936373	1.6142174	1.23363679	0.24968303	0.0086493269	0.289834004	1	1.04979128	0.519422001	0.382209349	0.72603407	-0.124279491	0.325831462	0.0678522986	0.00207062632	27.165959
19.56	1.69576007	1.04886278	0.189951554	1.61421926	1.23363465	0.249681324	0.00689986141	0.289968981	1	1.05023204	0.519988076	0.385176276	0.682461346	-0.158196704	0.325449452	0.0439567815	0.00214079497	25.184903
19.57	1.69575988	1.04886093	0.189962971	1.6142205	1.23363321	0.249680144	0.00551173301	0.290029508	1	1.05071738	0.520622165	0.38788644	0.621175843	-0.237732318	0.324857665	0.0514187218	0.00211510577	25.329876
19.58	1.69575989	1.04885984	0.18997159	1.61422114	1.23363244	0.249679369	0.00441915895	0.290071492	1	1.05115106	0.52130373	0.390377029	0.547799231	-0.318641482	0.324196036	0.0746634897	0.00200033745	25.761482
19.59	1.69576016	1.04885929	0.189978093	1.61422124	1.23363224	0.249678785	0.00355764835	0.290111069	1	1.05152604	0.522026613	0.392685346	0.447096335	-0.391725583	0.323498774	0.0558742021	0.00179580232	26.228817
19.6	1.69576065	1.04885931	0.189983047	1.61422083	1.23363261	0.249678454	0.00289125602	0.290151781	1	1.05186677	0.522786782	0.3947808	0.339441972	-0.465496608	0.322763494	0.055370909	0.00148835473	24.174417
19.61	1.69576132	1.04885968	0.189986801	1.61422007	1.23363334	0.249678242	0.00236845212	0.290178707	1	1.0521803	0.523586928	0.396634837	0.238950291	-0.554220161	0.321955423	0.0336940812	0.00117010327	25.884986
19.62	1.6957621	1.04886022	0.189989612	1.61421912	1.23363428	0.249678076	0.00194933725	0.290189238	1	1.05247002	0.524416681	0.398159629	0.149752558	-0.674356689	0.321049968	0.0584063322	0.000957639265	24.364435
19.63	1.69576291	1.04886094	0.18999171	1.61421805	1.23363535	0.249678014	0.00161375777	0.29018629	1	1.05275549	0.525256728	0.399308944	0.0900297716	-0.836405498	0.320035657	0.0585839364	0.000970597339	26.162459
19.64	1.69576376	1.04886174	0.189993274	1.61421689	1.23363652	0.249677979	0.00134335986	0.290171016	1	1.0530167	0.526069686	0.400093921	0.0595542561	-1.03484792	0.318938617	0.0602307032	0.00119382258	25.623859
19.65	1.69576463	1.04886268	0.189994466	1.61421563	1.2336378	0.249678023	0.00113334038	0.290158413	1	1.05327313	0.52684025	0.400540857	0.0661230772	-1.26634592	0.317786093	0.0473305073	0.0014957332	26.524934
19.66	1.69576555	1.04886368	0.18999537	1.6142143	1.23363916	0.249678081	0.00096782351	0.290150279	1	1.05347332	0.527532886	0.400717235	0.0929660039	-1.4994054	0.316660072	0.0614101118	0.00175984582	27.947401
19.67	1.69576651	1.04886474	0.189996052	1.6142129	1.23364059	0.249678148	0.000838035699	0.290170495	1	1.05361411	0.528138139	0.400648179	0.131956815	-1.72583037	0.315594873	0.0370773902	0.00199725337	24.909325
19.68	1.69576749	1.04886586	0.189996569	1.61421145	1.23364207	0.249678253	0.000736870464	0.290210652	1	1.05369009	0.528637903	0.400397381	0.184599178	-1.92313665	0.314650945	0.0508363437	0.00221982849	25.126353
19.69	1.69576856	1.04886697	0.18999696	1.61420993	1.23364361	0.249678282	0.000656293197	0.290279391	1	1.05372157	0.52905503	0.399949897	0.228379539	-2.10123876	0.313800108	0.0505868464	0.00239284649	25.761303
19.7	1.69576968	1.04886809	0.189997258	1.61420836	1.2336452	0.249678278	0.000592913065	0.290363917	1	1.05370344	0.529391762	0.399283548	0.251540831	-2.26069464	0.313052551	0.0393762701	0.00261221177	24.310087
19.71	1.69577083	1.04886925	0.189997485	1.61420675	1.23364683	0.249678287	0.000544426491	0.290449542	1	1.05361541	0.52962563	0.39846269	0.252753901	-2.37961805	0.312464995	0.063376266	0.00289538003	25.290906
19.72	1.69577202	1.04887045	0.189997659	1.61420508	1.23364852	0.249678296	0.000508313771	0.290552102	1	1.05345297	0.529743464	0.397498068	0.235821639	-2.45508378	0.312056822	0.0492471804	0.00320018777	26.900707
19.73	1.69577324	1.04887171	0.189997795	1.61420335	1.23365028	0.249678325	0.000482494674	0.290663117	1	1.0532203	0.529743501	0.39640945	0.203333143	-2.48172793	0.311837658	0.0365764816	0.00349610786	24.746402
19.74	1.6957745	1.04887303	0.189997904	1.61420155	1.2336521	0.249678362	0.000465096671	0.290775821	1	1.05287443	0.529604991	0.395235268	0.153377391	-2.4392803	0.311867496	0.0470041848	0.00378031677	24.303725
19.75	1.6957758	1.04887446	0.189998	1.61419966	1.23365403	0.24967846	0.000457058454	0.290998447	1	1.05249607	0.529385937	0.393327797	0.167452143	-2.48389775	0.311841813	0.0393722641	0.00403459441	25.623255
19.76	1.69577712	1.04887571	0.189998084	1.61419786	1.23365585	0.249678413	0.000443789866	0.290989051	1	1.05195749	0.529023394	0.391635095	0.101889219	-2.45173012	0.312022426	0.0242347227	0.00419122472	26.209893
19.77	1.69577839	1.04887707	0.189998121	1.61419604	1.2336577	0.249678475	0.000436087822	0.291069364	1	1.05129418	0.52854674	0.390049514	0.0157735922	-2.35804481	0.312443549	0.034132741	0.00438901805	26.840801
19.78	1.69577959	1.04887854	0.189998157	1.61419419	1.2336596	0.24967866	0.000433559842	0.291214173	1	1.0505235	0.52794007	0.388511001	-0.0597544492	-2.21996567	0.313085507	0.0716898282	0.004468365	26.029474
19.79	1.69578078	1.04888007	0.189998196	1.61419234	1.23366151	0.249678904	0.000433699365	0.291355778	1	1.0497076	0.527215478	0.386992953	-0.116805017	-2.05863278	0.313863974	0.0361146365	0.00435868664	25.623806
19.8	1.69578192	1.04888162	0.189998228	1.61419051	1.23366342	0.249679193	0.00043421588	0.291468521	1	1.04886126	0.526383971	0.385544374	-0.150976711	-1.88851937	0.314723669	0.0518430466	0.00411599441	23.240532
19.81	1.69578298	1.04888317	0.189998251	1.61418873	1.23366527	0.249679537	0.000433505198	0.291554127	1	1.04800244	0.525462133	0.384210114	-0.164992112	-1.71602653	0.315625107	0.0359209076	0.0037172944	25.624337
19.82	1.69578395	1.04888473	0.189998263	1.61418703	1.23366705	0.249679958	0.000431828886	0.291626482	1	1.04711435	0.524464852	0.383029167	-0.155732567	-1.53041316	0.316583468	0.0373336483	0.00321368472	26.281641
19.83	1.69578487	1.04888626	0.189998266	1.61418539	1.23366878	0.249680388	0.000428712556	0.29170547	1	1.04625682	0.523427324	0.381983014	-0.133606466	-1.35700617	0.317530433	0.0418557517	0.0026301362	26.285295
19.84	1.69578577	1.0488877	0.189998264	1.61418381	1.23367044	0.249680774	0.000422353116	0.291778364	1	1.0454497	0.522392329	0.381029185	-0.13481288	-1.20579391	0.318427004	0.0659715782	0.00205074796	24.991839
19.85	1.69578657	1.04888916	0.189998256	1.6141823	1.23367204	0.249681232	0.000416798968	0.291849088	1	1.04469472	0.521372359	0.380184689	-0.150105032	-1.07165105	0.319274857	0.0315478715	0.00165584819	26.180686
19.86	1.69578641	1.04888876	0.189998582	1.61418266	1.23367165	0.249681066	0.000313248841	0.288155676	1	1.04400328	0.520337529	0.379246043	-0.137587653	-0.88005334	0.319067453	0.0302185696	0.00137548209	24.048386
19.87	1.69578773	1.04889151	0.189998029	1.61417998	1.23367452	0.249682078	0.000386813172	0.289214705	1	1.04336297	0.519427123	0.378164809	-0.196206135	-0.822095379	0.319832473	0.0222146067	0.00139603732	24.179604
19.88	1.69578826	1.04889277	0.189998029	1.61417881	1.23367579	0.24968259	0.000375748682	0.290505829	1	1.04275867	0.518560676	0.377277828	-0.249577309	-0.774316567	0.320711857	0.0462424154	0.00146547285	25.127117
19.89	1.69578879	1.04889401	0.189998069	1.61417765	1.23367704	0.249683099	0.00036904656	0.291331389	1	1.04220769	0.517750919	0.376549893	-0.3139163	-0.73964261	0.321471294	0.046637029	0.00138099913	25.937069
19.9	1.6957893	1.04889524	0.189998093	1.61417651	1.23367827	0.249683606	0.000362734252	0.291812118	1	1.04168294	0.517000926	0.375867079	-0.385429693	-0.715279273	0.322105797	0.0680754554	0.00111852511	24.924273
19.91	1.69578976	1.04889649	0.1899981	1.6141754	1.23367948	0.249684163	0.000357329516	0.292133409	1	1.04116862	0.516295204	0.375217719	-0.443225116	-0.690461541	0.322678265	0.0401851518	0.000958265701	23.341828
19.92	1.69579019	1.04889774	0.189998099	1.61417432	1.23368067	0.249684741	0.000352361393	0.292389922	1	1.04064614	0.51563483	0.374634689	-0.481775306	-0.656943112	0.32322736	0.0379136241	0.000977580932	24.14134
19.93	1.69579065	1.04889892	0.189998091	1.61417325	1.23368183	0.249685251	0.000345741433	0.292616163	1	1.04014767	0.515041593	0.374060219	-0.518933552	-0.631528311	0.323724262	0.0390275508	0.00112216884	24.932901
19.94	1.69579111	1.04890009	0.189998084	1.61417219	1.23368298	0.249685757	0.000339889851	0.29280289	1	1.03966149	0.514522693	0.373521206	-0.556824314	-0.611105413	0.3241767	0.0200921745	0.00122768704	26.014929
19.95	1.69579153	1.0489013	0.189998081	1.61417114	1.23368413	0.249686314	0.000336648914	0.292953982	1	1.03916563	0.514064261	0.373046433	-0.578823227	-0.586156333	0.324609121	0.0324211202	0.00129814446	24.482484
19.96	1.69579186	1.04890267	0.189998095	1.61417007	1.23368533	0.249687048	0.00034150519	0.293150697	1	1.03873471	0.513503339	0.372011748	-0.469581901	-0.611226717	0.324949907	0.0596551713	0.00141850746	24.434948
19.97	1.69579231	1.04890371	0.189998089	1.61416909	1.23368639	0.249687466	0.000330050605	0.293161732	1	1.03821392	0.513015587	0.371266915	-0.437003422	-0.620536693	0.325259813	0.0363847192	0.00177536306	26.045306
19.98	1.69579273	1.04890475	0.189998065	1.61416814	1.23368742	0.249687899	0.000320026207	0.293239663	1	1.03767255	0.512595545	0.370574912	-0.41556348	-0.630925437	0.325540999	0.0875410362	0.00182610647	24.400337
19.99	1.69579314	1.04890577	0.18999805	1.6141672	1.23368843	0.249688334	0.000311261096	0.293346204	1	1.03711292	0.51224284	0.36990898	-0.402557176	-0.650430846	0.325774493	0.0294723918	0.00179693375	24.803072
20	1.69579353	1.04890679	0.189998042	1.61416629	1.23368943	0.249688782	0.000304030941	0.293437371	1	1.03652623	0.511959761	0.369309324	-0.389668162	-0.663816328	0.325977132	0.0337311954	0.001673645	23.435639
20.01	1.69579392	1.04890778	0.189998031	1.61416539	1.23369041	0.249689204	0.000296706918	0.293513153	1	1.03589225	0.511740998	0.36882667	-0.382634068	-0.665446525	0.326170024	0.0251727789	0.00151769521	26.365851
20.02	1.69579429	1.0489088	0.189998026	1.61416449	1.23369139	0.249689668	0.000292281275	0.293578102	1	1.03516706	0.511549669	0.368532704	-0.360447652	-0.646233209	0.326376824	0.0680173016	0.00137047033	24.422309
20.03	1.69579473	1.04890963	0.189998008	1.61416365	1.23369228	0.249689939	0.000278942367	0.293659886	1	1.03434797	0.511474468	0.368075215	-0.380238437	-0.687875589	0.32646498	0.031025029	0.00135485724	25.817191
20.04	1.69579471	1.04890936	0.189998397	1.61416382	1.23369208	0.249689758	0.000210141082	0.288995588	1	1.03350272	0.511444643	0.367850083	-0.391569979	-0.681753847	0.325393989	0.0271062756	0.00117891792	23.929742
20.05	1.69579541	1.04891148	0.189997861	1.614162	1.23369408	0.249690767	0.000274826275	0.28947618	1	1.03261422	0.511425972	0.367821046	-0.379990927	-0.675858496	0.325406676	0.0276624724	0.00115267792	23.673542
20.06	1.69579567	1.04891222	0.189997842	1.61416137	1.23369478	0.249691109	0.000261074712	0.290830023	1	1.03173607	0.511423397	0.367918779	-0.355840003	-0.661172458	0.325783457	0.0320487555	0.00146413967	26.681398
20.07	1.69579596	1.04891304	0.189997896	1.61416064	1.23369557	0.249691483	0.000254991188	0.291831171	1	1.03089292	0.511452957	0.368037044	-0.314338854	-0.633724336	0.326196503	0.0533948757	0.00178810571	26.044347
20.08	1.69579633	1.04891389	0.189997939	1.61415984	1.23369643	0.249691824	0.000250404693	0.292387356	1	1.0300836	0.511529755	0.368207922	-0.278695555	-0.588545503	0.326535919	0.0413176803	0.00179852123	24.70961
20.09	1.6957967	1.04891483	0.189997962	1.61415899	1.23369735	0.249692224	0.000250920865	0.292730583	1	1.02929845	0.511605032	0.368309261	-0.229329695	-0.490305437	0.326912824	0.0343740426	0.00173113625	26.213402
20.1	1.6957971	1.04891579	0.189997972	1.6141581	1.23369832	0.249692618	0.000252330198	0.293046388	1	1.02866581	0.511647435	0.368124304	-0.0972500934	-0.499166311	0.327007926	0.0461261286	0.00152895886	24.943775
20.11	1.69579747	1.04891649	0.189997983	1.61415739	1.23369907	0.249692853	0.000240873136	0.293157478	1	1.02806536	0.511715409	0.368100631	-0.0299626386	-0.495137863	0.327058622	0.0357256976	0.00173075996	24.732195
20.12	1.6957979	1.04891718	0.189997963	1.61415664	1.23369987	0.249693039	0.000230939064	0.293301442	1	1.027478	0.511811836	0.368212872	-0.00112692775	-0.48575814	0.327091378	0.0461482955	0.00169457171	23.955502
20.13	1.69579831	1.04891791	0.189997954	1.61415587	1.23370068	0.249693263	0.000225024026	0.293457493	1	1.02692735	0.511933786	0.368408806	0.0033360383	-0.474418273	0.327115093	0.0255772579	0.00157232903	25.109512
20.14	1.69579872	1.04891868	0.189997951	1.61415508	1.23370151	0.249693519	0.000222260091	0.293588947	1	1.02640612	0.51206773	0.368658846	-0.00273231604	-0.456885092	0.327146746	0.0373498646	0.00141597679	27.703541
20.15	1.69579915	1.04891946	0.189997948	1.61415428	1.23370236	0.24969377	0.000220387739	0.293687945	1	1.02592447	0.512188501	0.368931343	-0.0162362998	-0.439709948	0.327181158	0.0434379908	0.00127873165	25.081003
20.16	1.69579956	1.04892028	0.18999795	1.61415347	1.23370323	0.249694052	0.000220652179	0.293754833	1	1.02546322	0.512273542	0.369249784	-0.027941606	-0.419556401	0.327232469	0.0520304306	0.00119683049	23.854865
20.17	1.69579997	1.0489211	0.189997951	1.61415265	1.2337041	0.249694347	0.000221543979	0.293802277	1	1.02499412	0.512301894	0.369595851	-0.0410115783	-0.392736034	0.327327331	0.0482367052	0.00121247274	26.044027
20.18	1.69580038	1.04892195	0.189997954	1.61415183	1.23370499	0.249694657	0.000223102996	0.293844585	1	1.02453488	0.512282696	0.369907584	-0.0495433495	-0.372170125	0.327436134	0.0372784503	0.00128865425	27.647635
20.19	1.69580084	1.04892265	0.189997947	1.61415104	1.23370581	0.249694822	0.000217053375	0.293900492	1	1.02404686	0.512317692	0.369880856	-0.107848282	-0.426440884	0.327430425	0.0220524173	0.00141791237	25.743763
20.2	1.69580122	1.04892343	0.189997955	1.61415027	1.23370663	0.249695107	0.000216522114	0.293880106	1	1.02350661	0.512274834	0.36999049	-0.159082652	-0.44635488	0.327492652	0.0376971753	0.00137002761	25.227647
20.21	1.69580158	1.04892428	0.189997955	1.61414948	1.23370749	0.249695454	0.000219798218	0.293903951	1	1.02297828	0.512189437	0.370135652	-0.20419903	-0.45668402	0.327612258	0.0322264814	0.00147439215	25.919744
20.22	1.69580197	1.04892508	0.189997953	1.6141487	1.23370832	0.249695748	0.000219799876	0.293951444	1	1.02250299	0.512087942	0.370281034	-0.261836253	-0.473450027	0.327746859	0.0420867519	0.00163608747	26.513982
20.23	1.69580233	1.04892591	0.189997956	1.61414791	1.23370917	0.249696076	0.000221636087	0.294001052	1	1.02208824	0.511974905	0.370408567	-0.323187647	-0.498118701	0.327881812	0.0152479248	0.0017649428	24.609709
20.24	1.69580266	1.04892686	0.189997969	1.61414709	1.23371007	0.249696516	0.000229026273	0.294057547	1	1.02171668	0.511815213	0.370373404	-0.346566813	-0.491455872	0.328111905	0.0216372765	0.00187159387	25.761283
20.25	1.69580309	1.04892771	0.189997965	1.61414624	1.23371098	0.249696816	0.000229595275	0.294103603	1	1.0214352	0.511668907	0.370331177	-0.391071924	-0.510277284	0.328288106	0.0343629276	0.00191368233	26.459948
20.26	1.69580349	1.04892854	0.189997966	1.61414543	1.23371185	0.249697123	0.00022935386	0.294125767	1	1.02119109	0.511535103	0.370347176	-0.445987694	-0.538518364	0.328419304	0.0347885848	0.00190829346	24.978966
20.27	1.69580385	1.04892942	0.189997972	1.61414461	1.23371273	0.249697485	0.000231643439	0.29414187	1	1.0209978	0.511421778	0.370434427	-0.478716852	-0.582398827	0.32846569	0.0213647759	0.00188997338	25.595154
20.28	1.69580385	1.04892919	0.189998368	1.61414476	1.23371256	0.24969732	0.000173811624	0.289342993	1	1.02090443	0.511363381	0.370535846	-0.499428487	-0.629041465	0.327236902	0.0372809093	0.00196304245	22.905945
20.29	1.69580462	1.04893124	0.189997855	1.61414292	1.23371456	0.249698228	0.000243289538	0.289639367	1	1.02081136	0.511309895	0.370683813	-0.506832913	-0.699515718	0.327058356	0.0268598412	0.00212169361	23.574014
20.3	1.69580489	1.04893193	0.189997828	1.6141423	1.23371524	0.249698519	0.000233636215	0.290983358	1	1.02076143	0.511261202	0.370823621	-0.49886348	-0.778066903	0.327181944	0.0409135357	0.00208991692	23.362688
20.31	1.69580524	1.04893264	0.189997881	1.6141416	1.23371599	0.249698783	0.000227294685	0.29198904	1	1.0207806	0.511241187	0.370974491	-0.490592911	-0.865156119	0.327261392	0.0372181388	0.00217891476	24.005974
20.32	1.69580563	1.04893345	0.189997931	1.61414081	1.23371683	0.249699076	0.000225761388	0.2925177	1	1.02082424	0.511238276	0.371181797	-0.484748893	-0.936389298	0.327262157	0.0397486504	0.00203575356	25.335517
20.33	1.69580604	1.04893428	0.189997954	1.61413998	1.23371771	0.249699376	0.000226164623	0.292802841	1	1.02084561	0.511238239	0.371457308	-0.479899898	-0.979701073	0.32724405	0.0440824831	0.00187767267	26.51887
20.34	1.69580636	1.04893532	0.189997982	1.61413911	1.23371868	0.249699878	0.000237327575	0.293060952	1	1.02088555	0.51110218	0.371447277	-0.353210477	-1.04679995	0.327166108	0.0794590453	0.00173655892	26.512794
20.35	1.69580675	1.04893611	0.189997989	1.61413833	1.23371951	0.249700164	0.00023338961	0.293166268	1	1.02080386	0.510914552	0.371636158	-0.280345577	-1.01924446	0.327299689	0.0321834334	0.0020484384	25.285796
20.36	1.69580735	1.0489368	0.189997962	1.61413744	1.23372042	0.249700228	0.000224763108	0.293365565	1	1.02063057	0.510795389	0.371667907	-0.310651525	-0.995531001	0.327497206	0.0377316904	0.00207399886	23.966532
20.37	1.69580786	1.04893765	0.18999796	1.61413653	1.23372138	0.249700471	0.000226690971	0.293530505	1	1.0203372	0.510637983	0.371804181	-0.335929248	-0.898184803	0.327865571	0.0471624535	0.00159864039	24.477875
20.38	1.69580836	1.04893864	0.189997966	1.61413554	1.23372244	0.249700819	0.000235876506	0.293675986	1	1.01997738	0.510443033	0.372065157	-0.338462788	-0.77161036	0.32829148	0.0387079302	0.00126411559	26.67361
20.39	1.69580887	1.04893959	0.189997974	1.61413457	1.23372347	0.249701124	0.000240894318	0.293770822	1	1.01959891	0.510212461	0.372382323	-0.330181827	-0.631823588	0.328731028	0.0229751339	0.00112283328	24.754075
20.4	1.69580942	1.04894047	0.189997978	1.61413361	1.23372448	0.249701358	0.000242501776	0.293833576	1	1.01923037	0.509963279	0.372692177	-0.323597535	-0.503893624	0.32912712	0.0298047277	0.00105268114	25.379565
20.41	1.69580995	1.04894134	0.189997981	1.61413266	1.23372547	0.249701595	0.000243148679	0.293871141	1	1.01886576	0.509686423	0.37298528	-0.315795159	-0.384418329	0.329479025	0.0396105069	0.000980088101	25.748201
20.42	1.69581048	1.04894219	0.189997982	1.61413174	1.23372644	0.249701827	0.000242742127	0.293894244	1	1.01853924	0.509385629	0.373300467	-0.298318817	-0.289783518	0.329733217	0.0436109074	0.000876171603	23.685905
20.43	1.69581101	1.04894295	0.189997978	1.61413086	1.23372735	0.249701991	0.000237994668	0.293906212	1	1.01822361	0.509077325	0.373570779	-0.294940766	-0.210313791	0.329956436	0.0230106224	0.000816653544	25.539251
20.44	1.6958115	1.04894376	0.189997976	1.61412999	1.23372828	0.249702217	0.00023618842	0.293920228	1	1.01792549	0.50876159	0.373881562	-0.282508654	-0.157978022	0.330064432	0.0282569527	0.000773324926	26.009021
20.45	1.69581194	1.04894455	0.189997975	1.61412917	1.23372915	0.249702462	0.000232837708	0.293936704	1	1.01766727	0.508422885	0.374070344	-0.238954211	-0.0972667647	0.330160486	0.0288951914	0.000774466633	25.220194
20.46	1.69581248	1.04894527	0.189997965	1.6141283	1.23373004	0.249702594	0.000228285088	0.293952623	1	1.01736326	0.508066165	0.374285808	-0.22551002	-0.0332525841	0.330300356	0.0518102109	0.000729553613	25.22811
20.47	1.69581301	1.04894599	0.189997957	1.61412745	1.23373092	0.249702728	0.000224235485	0.293980937	1	1.01703731	0.507709192	0.374503942	-0.227990943	0.0276222136	0.330453453	0.0235343692	0.000709963709	26.561477
20.48	1.6958135	1.04894674	0.189997953	1.61412661	1.2337318	0.249702908	0.000222002491	0.294009238	1	1.01675285	0.507356906	0.374755485	-0.227915185	0.0736795624	0.330535566	0.0652751387	0.000716325398	25.490319
20.49	1.695814	1.04894744	0.189997949	1.6141258	1.23373265	0.249703056	0.000217581663	0.294027815	1	1.01648423	0.507007985	0.375007191	-0.231149618	0.105869109	0.330561766	0.028010707	0.000764302476	25.066151
20.5	1.6958145	1.04894811	0.189997945	1.614125	1.23373347	0.249703173	0.000212131398	0.29403932	1	1.0162236	0.506668375	0.375243542	-0.249234634	0.125561186	0.330551207	0.0142217719	0.000853014088	23.695496
20.51	1.69581445	1.0489479	0.189998349	1.61412516	1.23373329	0.249703059	0.000159566617	0.289275375	1	1.0160289	0.506369319	0.375416519	-0.293158884	0.136168423	0.329403437	0.0278652797	0.000964906221	23.945261
20.52	1.69581558	1.04894956	0.189997822	1.61412327	1.23373526	0.249703434	0.000213656748	0.289560752	1	1.01581951	0.506067945	0.37556214	-0.329753987	0.108713684	0.329176815	0.0255285501	0.00137935605	26.742684
20.53	1.69581594	1.0489501	0.189997789	1.61412267	1.23373589	0.249703561	0.00019544145	0.290932078	1	1.01562858	0.505773145	0.375664219	-0.360110125	0.0521896728	0.329226299	0.0273330739	0.00126824805	30.002888
20.54	1.69581632	1.04895066	0.189997844	1.61412203	1.23373656	0.249703684	0.000187280265	0.291955501	1	1.01534303	0.505434032	0.375774349	-0.382309604	-0.0125284425	0.329265846	0.0815817515	0.00157897617	24.286757
20.55	1.69581673	1.04895126	0.189997894	1.61412134	1.23373728	0.249703821	0.000183452098	0.292476983	1	1.01502629	0.505093292	0.375882004	-0.400257497	-0.0923465509	0.329154258	0.0345496663	0.00170326798	25.930508
20.56	1.69581714	1.04895184	0.189997917	1.61412067	1.23373798	0.24970394	0.000178250681	0.292741879	1	1.01470064	0.504759708	0.37600681	-0.415693567	-0.189892694	0.328901707	0.0354713036	0.00190957277	23.949069
20.57	1.69581752	1.04895239	0.189997925	1.61412004	1.23373864	0.249704063	0.000172062399	0.2929386	1	1.01438961	0.504444208	0.376150473	-0.428914391	-0.305514701	0.328549237	0.0337166973	0.00213986506	24.401154
20.58	1.69581785	1.04895298	0.189997931	1.61411943	1.23373928	0.249704243	0.000169789371	0.293148414	1	1.01414707	0.50412696	0.376122261	-0.412641535	-0.407630421	0.328212901	0.032227071	0.00234272132	23.630792
20.59	1.69581824	1.04895356	0.189997929	1.61411877	1.23373997	0.249704384	0.000167552942	0.293349917	1	1.01392992	0.50382375	0.376068658	-0.398425272	-0.506337876	0.32788217	0.0602409592	0.0023319747	24.551339
20.6	1.69581863	1.04895415	0.189997928	1.61411811	1.23374066	0.249704521	0.000165660691	0.293519569	1	1.01370327	0.503513524	0.376021819	-0.377506069	-0.581606799	0.327602891	0.0291684286	0.00230066846	24.910637
20.61	1.69581902	1.04895476	0.189997927	1.61411743	1.23374137	0.249704671	0.000165867368	0.293663635	1	1.01347263	0.503198589	0.375979417	-0.345229265	-0.64395416	0.32736225	0.0423089923	0.00221271029	26.791841
20.62	1.69581943	1.04895536	0.189997926	1.61411675	1.23374208	0.249704811	0.000165370027	0.293778839	1	1.01328451	0.502899222	0.37593155	-0.305795404	-0.712843746	0.327107521	0.0368506233	0.00208664416	25.647154
20.63	1.69581983	1.04895594	0.189997927	1.61411608	1.23374278	0.249704941	0.000163817784	0.293866838	1	1.01310533	0.50261667	0.375876258	-0.271776961	-0.782288852	0.326860212	0.0337026784	0.00196070781	25.984353
20.64	1.6958203	1.04895642	0.189997922	1.61411542	1.23374345	0.249704949	0.000154554255	0.293960526	1	1.01287842	0.502444767	0.375553646	-0.3084776	-0.900731	0.326557303	0.0349036215	0.00184528333	27.262469
20.65	1.69582066	1.04895704	0.189997927	1.61411476	1.23374414	0.249705127	0.00015760162	0.293996766	1	1.0126053	0.50227743	0.37539841	-0.322442894	-0.976109163	0.326323399	0.0381539543	0.00185164071	29.218026
20.66	1.69582102	1.0489577	0.189997926	1.61411408	1.23374487	0.24970534	0.000163086411	0.29405643	1	1.01228346	0.502116343	0.375374964	-0.315282739	-1.01819394	0.326185792	0.0337308755	0.00176192111	28.589879
20.67	1.69582134	1.04895844	0.189997937	1.61411339	1.23374561	0.249705644	0.000172546788	0.294166923	1	1.01197005	0.501882236	0.375130745	-0.208191962	-1.11574354	0.325946544	0.0403350736	0.00159784462	30.166875
20.68	1.69582134	1.04895826	0.189998342	1.61411349	1.23374549	0.249705514	0.000129058272	0.289123949	1	1.01157084	0.501674007	0.375170563	-0.167309239	-1.12037564	0.324801134	0.0403783195	0.00155633902	28.678502
20.69	1.6958222	1.04895986	0.189997818	1.61411186	1.23374722	0.249706036	0.000183219506	0.289211815	1	1.01112101	0.50148369	0.375394329	-0.127368273	-1.10677257	0.324669328	0.0469615256	0.00201644421	30.168694
20.7	1.6958225	1.04896037	0.189997771	1.61411131	1.2337478	0.24970618	0.000172580581	0.290664672	1	1.01067259	0.501327338	0.375731881	-0.0984331031	-1.07798071	0.325003513	0.027848362	0.00147538688	28.181923
20.71	1.69582285	1.04896097	0.189997827	1.61411068	1.23374847	0.249706361	0.000171835601	0.291827164	1	1.01025643	0.501209542	0.376134053	-0.067398686	-1.04037055	0.32541239	0.0224458802	0.00158678743	31.112445
20.72	1.69582326	1.04896165	0.189997887	1.61410994	1.23374925	0.249706552	0.000174330878	0.292426623	1	1.00985109	0.501137109	0.37658784	-0.0424667055	-1.00163974	0.325731651	0.0353466424	0.00156845168	31.030709
20.73	1.69582366	1.04896244	0.189997926	1.61410916	1.23375008	0.249706821	0.000181771597	0.292725156	1	1.00951161	0.501089594	0.376876359	0.00413431093	-0.941432491	0.326023635	0.0367109399	0.00164002973	30.65004
20.74	1.69582415	1.04896316	0.189997933	1.61410834	1.23375094	0.249706988	0.000184290557	0.29292755	1	1.00924175	0.501113158	0.377149143	0.028707014	-0.913051519	0.326198854	0.0238704924	0.00159437832	30.233627
20.75	1.69582461	1.04896384	0.189997938	1.61410756	1.23375175	0.249707143	0.000184211433	0.29309527	1	1.00901393	0.501193661	0.377411848	0.0298816461	-0.882796958	0.326360952	0.0539236121	0.00151730587	31.666084
20.76	1.69582508	1.04896459	0.189997942	1.61410673	1.23375261	0.249707342	0.000188581572	0.293265264	1	1.00881651	0.501307114	0.37759244	0.0260560003	-0.858681694	0.326517449	0.0519243486	0.00134871185	28.243294
20.77	1.69582557	1.04896537	0.189997951	1.61410588	1.23375351	0.249707546	0.000193610941	0.29340092	1	1.00866397	0.501460586	0.377663898	0.0255736422	-0.85693819	0.326612107	0.0319585285	0.00117189523	29.550779
20.78	1.69582607	1.04896614	0.18999796	1.61410503	1.2337544	0.249707741	0.000197633385	0.293481812	1	1.00851063	0.501633993	0.37767031	0.0263572169	-0.858437217	0.326685311	0.0344908685	0.00101368357	31.058742
20.79	1.69582657	1.04896693	0.189997967	1.61410416	1.23375531	0.249707945	0.000202176772	0.293543068	1	1.00837428	0.501820551	0.3775666	0.036549608	-0.868199924	0.326736284	0.0321588463	0.000869396899	29.844785
20.8	1.69582707	1.04896773	0.189997973	1.61410328	1.23375623	0.249708152	0.000206288392	0.293596809	1	1.00826979	0.502012759	0.377308772	0.0621123912	-0.88825093	0.326768139	0.0238503218	0.00075446363	28.172832
20.81	1.69582758	1.04896853	0.189997978	1.6141024	1.23375716	0.24970836	0.000209983194	0.293643318	1	1.00818977	0.502209531	0.376901867	0.104841326	-0.913312574	0.32679817	0.0276735093	0.000682473649	30.01361
20.82	1.69582813	1.04896929	0.18999798	1.61410151	1.23375809	0.249708514	0.000211642893	0.293688905	1	1.00814189	0.502417487	0.376323495	0.146282184	-0.952263165	0.326809561	0.0255396104	0.0006822502	30.28754
20.83	1.69582866	1.04897008	0.189997983	1.61410062	1.23375902	0.249708694	0.000214110022	0.293732063	1	1.00809421	0.502619646	0.375590395	0.194361871	-0.983237326	0.326861848	0.0358698301	0.000684417683	31.083626
20.84	1.69582923	1.04897086	0.189997982	1.6140997	1.23375997	0.24970884	0.000216225656	0.293773395	1	1.00804084	0.502833818	0.374804267	0.237848408	-1.00686782	0.326945093	0.0451306156	0.000771867393	29.379777
20.85	1.69582985	1.04897158	0.18999798	1.61409877	1.23376092	0.249708912	0.000215650108	0.293805542	1	1.00788213	0.503036471	0.37410684	0.247156834	-1.00093088	0.327130547	0.0765501348	0.000901048921	32.671106
20.86	1.69583045	1.04897235	0.189997977	1.61409783	1.23376189	0.249709034	0.000217705583	0.293845933	1	1.00767151	0.503258149	0.373501878	0.236091125	-0.979385442	0.327365001	0.0594342004	0.00101187414	30.372567
20.87	1.69583104	1.04897311	0.189997976	1.6140969	1.23376285	0.249709151	0.000218955907	0.293882022	1	1.00741591	0.503506311	0.372999849	0.205932995	-0.942510846	0.327640063	0.0235854419	0.0010897797	30.651672
20.88	1.69583166	1.04897384	0.189997984	1.61409597	1.2337638	0.249709233	0.000218694415	0.293980586	1	1.00711778	0.503760037	0.371885601	0.19285332	-1.04406755	0.327668054	0.041918661	0.00114603017	28.813075
20.89	1.69583159	1.04897363	0.189998377	1.61409616	1.2337636	0.249709133	0.000164224421	0.289223675	1	1.00674157	0.50401847	0.37107956	0.136716762	-1.04994537	0.326817419	0.0364704558	0.00103810276	31.721288
20.9	1.69583278	1.04897542	0.189997891	1.61409414	1.23376571	0.249709554	0.000221719937	0.289376593	1	1.00623648	0.504239242	0.370474651	0.0933739652	-1.02156651	0.326992677	0.0243303467	0.00155527976	29.028257
20.91	1.69583316	1.04897606	0.189997828	1.61409346	1.23376643	0.249709739	0.0002080862	0.290786929	1	1.00567215	0.504437541	0.369970186	0.0593437424	-0.962507406	0.327661215	0.0290806414	0.00110888082	28.662497
20.92	1.6958336	1.04897674	0.189997873	1.6140927	1.23376722	0.249709908	0.000203823148	0.291891777	1	1.00508337	0.504642002	0.369534951	0.0277284316	-0.887908279	0.328413296	0.0394192181	0.0013519701	29.020055
20.93	1.69583411	1.04897752	0.189997931	1.61409183	1.23376814	0.249710104	0.000207691737	0.29246146	1	1.00451272	0.504858999	0.369138609	0.0097197634	-0.813884234	0.329064348	0.0452136812	0.00129755203	32.220404
20.94	1.69583462	1.0489783	0.189997961	1.61409095	1.23376905	0.249710289	0.000210200043	0.292724819	1	1.00395867	0.505098165	0.368794097	-0.00201005735	-0.739118556	0.3296209	0.0381099044	0.00132513521	29.509596
20.95	1.69583511	1.04897906	0.189997969	1.61409011	1.23376993	0.249710477	0.000210641722	0.292899014	1	1.00340929	0.505359892	0.368534318	-0.00972960179	-0.666998399	0.330113685	0.0270724479	0.00145839005	30.312165
20.96	1.69583552	1.04897991	0.189997979	1.61408928	1.23377082	0.249710793	0.000214332898	0.293082971	1	1.00288588	0.505584158	0.36816388	0.0389592655	-0.557077997	0.330679529	0.0243467384	0.00159210852	30.828836
20.97	1.69583607	1.04898066	0.189997976	1.61408839	1.23377174	0.249710936	0.000214603101	0.293242	1	1.00237084	0.505821094	0.367908412	0.0687169774	-0.460562445	0.33120835	0.0247817717	0.00190385977	30.308936
20.98	1.69583659	1.04898137	0.189997976	1.61408756	1.23377261	0.249711064	0.000211670444	0.293354853	1	1.00185784	0.506074074	0.367759914	0.0830961389	-0.375378595	0.331689176	0.0224903979	0.00208738218	29.396121
20.99	1.6958371	1.04898206	0.189997976	1.61408674	1.23377346	0.2497112	0.000208647676	0.293427705	1	1.00135096	0.506336695	0.367721465	0.0847825242	-0.307049564	0.332112411	0.0455108507	0.00219404598	30.071803
21	1.69583756	1.04898276	0.189997975	1.61408595	1.23377428	0.249711366	0.000205700987	0.293473421	1	1.00089682	0.506619908	0.367748254	0.0790277445	-0.258745192	0.332469106	0.0320199244	0.00227929132	27.726815
21.01	1.69583801	1.04898345	0.189997973	1.61408518	1.23377509	0.249711533	0.000202562183	0.29350187	1	1.00048059	0.506915647	0.367856972	0.064182991	-0.222907463	0.332788221	0.0279818052	0.00236767514	30.161761
21.02	1.69583845	1.04898416	0.18999797	1.61408441	1.2337759	0.249711727	0.000200789338	0.293525455	1	1.00011149	0.50720473	0.368013723	0.0458308404	-0.199568664	0.333077264	0.0337741401	0.00249194281	30.373967
21.03	1.69583889	1.04898486	0.189997968	1.61408364	1.2337767	0.249711911	0.000198802802	0.293540314	1	0.999774196	0.50748579	0.368209232	0.0145265634	-0.174066712	0.333377099	0.0416509841	0.00264831599	30.27565
21.04	1.69583931	1.04898563	0.189997969	1.61408285	1.23377754	0.249712158	0.000201117614	0.293559718	1	0.999456225	0.507732296	0.368423762	-0.00609195398	-0.146022889	0.333691171	0.052444148	0.00278584074	28.833936
21.05	1.69583974	1.04898638	0.189997969	1.61408206	1.23377838	0.249712385	0.000202198403	0.293570181	1	0.999153915	0.507945956	0.368645358	-0.0210257734	-0.113940306	0.334017881	0.0263239299	0.00296874217	31.00566
21.06	1.6958403	1.04898698	0.189997965	1.61408125	1.2337792	0.249712417	0.000195771247	0.293604511	1	0.998860807	0.508251343	0.368503404	-0.1134188	-0.151750878	0.334244251	0.0482541674	0.00315199351	29.402727
21.07	1.69584072	1.04898771	0.189997969	1.61408048	1.23378002	0.249712633	0.000196748057	0.293581476	1	0.99857559	0.508526135	0.36842341	-0.189659732	-0.145333887	0.334547298	0.019530508	0.0029254416	31.219961
21.08	1.69584116	1.04898856	0.189997968	1.61407963	1.23378093	0.24971292	0.000203454457	0.29360392	1	0.99832139	0.508765258	0.36833373	-0.240504029	-0.124496427	0.334898274	0.039245686	0.00287408256	29.204032
21.09	1.69584162	1.04898939	0.189997972	1.61407877	1.23378183	0.249713181	0.000208100211	0.293632281	1	0.998107078	0.508965002	0.368235039	-0.273302186	-0.0968217057	0.335263003	0.025482336	0.00294015846	33.88865
21.1	1.69584211	1.04899018	0.189997974	1.61407791	1.23378274	0.249713398	0.000210752429	0.293648625	1	0.997911804	0.509129043	0.368135105	-0.300899222	-0.0523254569	0.335660652	0.0244333584	0.00302146845	30.777734
21.11	1.69584264	1.04899095	0.189997973	1.61407702	1.23378366	0.249713562	0.000212248197	0.293656703	1	0.997723161	0.509267869	0.368105959	-0.338844975	-0.0031645509	0.336039042	0.0504941126	0.00306378338	31.266566
21.12	1.6958431	1.0489918	0.189997983	1.61407615	1.23378459	0.249713844	0.000216752599	0.293688627	1	0.997604669	0.509296848	0.367864469	-0.300332525	-0.0219921563	0.336228346	0.0377246316	0.00297102839	30.800155
21.13	1.69584306	1.04899158	0.189998376	1.61407631	1.2337844	0.249713713	0.000162517781	0.288830981	1	0.997466204	0.509291849	0.367769974	-0.318610495	0.0139376545	0.335433825	0.0316620942	0.00299646765	30.493541
21.14	1.69584428	1.0489933	0.189997884	1.61407431	1.23378649	0.24971407	0.000217723998	0.288980186	1	0.997290916	0.509219711	0.367770772	-0.332159988	0.0539492557	0.335539656	0.0482320519	0.00284847159	29.904827
21.15	1.69584471	1.0489938	0.189997824	1.61407367	1.23378714	0.24971412	0.000196037287	0.29036077	1	0.997102872	0.509098658	0.367801305	-0.373501868	0.120079966	0.336095828	0.0396389037	0.00244475347	30.636483
21.16	1.69584518	1.04899443	0.189997867	1.61407291	1.23378792	0.249714229	0.000191694525	0.291448125	1	0.996951225	0.508921954	0.367913687	-0.395244514	0.177217679	0.336619854	0.0440216394	0.00222398313	30.426924
21.17	1.69584571	1.04899509	0.189997923	1.61407211	1.23378876	0.249714319	0.000191153799	0.291989553	1	0.996822858	0.508670747	0.368063591	-0.403486299	0.24034919	0.337025306	0.0358207161	0.00178055855	30.261873
21.18	1.69584628	1.04899571	0.189997948	1.61407128	1.2337896	0.249714359	0.000189618495	0.292243072	1	0.996721458	0.508351663	0.368201531	-0.407272519	0.299546572	0.337312662	0.0393398177	0.00137011326	29.948819
21.19	1.69584684	1.04899628	0.189997953	1.61407048	1.23379041	0.249714363	0.000184689613	0.292407844	1	0.996624639	0.50797966	0.368381916	-0.419061302	0.352872508	0.337514727	0.0348950884	0.00104350469	30.045219
21.2	1.69584738	1.04899683	0.189997952	1.61406973	1.23379117	0.249714369	0.000178267038	0.292566355	1	0.996537793	0.507551302	0.368555053	-0.43252625	0.39914279	0.337667853	0.0249585459	0.000728973111	32.493564
21.21	1.69584795	1.04899733	0.189997949	1.61406897	1.23379193	0.249714324	0.00017019673	0.292706138	1	0.996403181	0.50708465	0.368769288	-0.478939259	0.474518176	0.337893311	0.0630230149	0.00048118583	31.362925
21.22	1.69584852	1.0489979	0.189997944	1.61406818	1.23379274	0.249714317	0.000168267068	0.292846618	1	0.996263805	0.506611127	0.369046546	-0.523445254	0.544788473	0.338077745	0.023293534	0.000314226237	28.550717
21.23	1.69584917	1.04899835	0.189997949	1.61406739	1.23379351	0.249714181	0.000159486654	0.29297145	1	0.996100849	0.506203223	0.369037223	-0.621750447	0.544903427	0.338113789	0.0396410329	0.000431305298	31.515287
21.24	1.6958496	1.04899893	0.189997953	1.6140667	1.23379423	0.249714287	0.000158537743	0.293018448	1	0.995941034	0.505756272	0.369000009	-0.626199877	0.579507288	0.338151786	0.0265678977	0.0009020002	30.545127
21.25	1.69585015	1.04899945	0.189997946	1.61406595	1.23379499	0.249714267	0.000154996956	0.293064649	1	0.995804405	0.505291965	0.368969423	-0.643055344	0.600139955	0.338142102	0.0298706809	0.00106846629	30.640725
21.26	1.69585067	1.04899994	0.189997942	1.61406524	1.2337957	0.249714245	0.000149183356	0.293119618	1	0.995687932	0.504822243	0.368903769	-0.640207235	0.60825477	0.33808674	0.0355712372	0.00131450308	29.737437
21.27	1.69585116	1.04900042	0.189997938	1.61406455	1.23379639	0.249714234	0.000143563505	0.293171268	1	0.995612816	0.504358232	0.368794838	-0.619270117	0.610391417	0.338003203	0.0237635	0.00146149366	32.677844
21.28	1.69585166	1.0490009	0.189997934	1.61406387	1.23379708	0.24971422	0.000138748068	0.293224895	1	0.995594973	0.503916759	0.368637902	-0.583163963	0.605615523	0.337889994	0.024140768	0.0015272112	32.31729
21.29	1.69585216	1.04900138	0.189997931	1.61406318	1.23379777	0.249714212	0.000135158058	0.293279256	1	0.995650096	0.503513623	0.368445082	-0.530768506	0.601081775	0.337752939	0.0413798094	0.00154767015	30.931116
21.3	1.69585268	1.04900187	0.189997928	1.61406248	1.23379848	0.249714185	0.000132511061	0.293332785	1	0.995743659	0.503152027	0.368271651	-0.469857109	0.608556662	0.337618631	0.0474143195	0.00156253283	31.036469
21.31	1.69585327	1.04900232	0.189997925	1.61406174	1.23379922	0.249714088	0.000129165541	0.293397248	1	0.995847414	0.502823834	0.367996537	-0.432681427	0.623110986	0.337541029	0.0670447643	0.00160500159	30.218854
21.32	1.69585384	1.04900283	0.189997924	1.61406097	1.23379998	0.249714042	0.000130741712	0.293455422	1	0.995978891	0.502548704	0.367709917	-0.383430831	0.626733102	0.337413267	0.0347901955	0.00168642567	30.493311
21.33	1.69585439	1.04900331	0.189997927	1.61406024	1.23380072	0.249713997	0.000130059742	0.293479201	1	0.996083051	0.502277994	0.367510605	-0.329429856	0.63273038	0.337263282	0.039542348	0.00177838428	31.0258
21.34	1.69585494	1.04900378	0.189997927	1.61405953	1.23380143	0.249713941	0.000127718374	0.293489605	1	0.996155699	0.502000973	0.367386236	-0.27684002	0.6486774	0.337121427	0.0367271472	0.00183693393	29.704436
21.35	1.69585547	1.04900424	0.189997925	1.61405882	1.23380214	0.249713888	0.000125565695	0.293504172	1	0.99620656	0.501711302	0.367346506	-0.226218234	0.676965447	0.336991833	0.036132203	0.00187530723	29.257752
21.36	1.69585594	1.04900477	0.189997928	1.61405813	1.23380284	0.249713933	0.00012674154	0.293566623	1	0.996294151	0.501330562	0.367025847	-0.0900615578	0.635826081	0.336706032	0.0288644956	0.00192454465	29.684063
21.37	1.69585589	1.04900464	0.189998335	1.61405825	1.23380271	0.249713875	9.51067054e-05	0.288453846	1	0.996350109	0.500952938	0.366868295	-0.0287420402	0.651016229	0.335525311	0.0323077022	0.0017013781	31.011821
21.38	1.69585732	1.04900577	0.189997837	1.61405643	1.23380452	0.249713664	0.000131028528	0.288488995	1	0.996315711	0.500555081	0.366770358	0.0154186402	0.698088645	0.335311916	0.0271444556	0.00196189454	29.212142
21.39	1.69585779	1.0490061	0.189997779	1.61405586	1.23380509	0.249713561	0.00010887539	0.28995986	1	0.996220159	0.500243737	0.36654118	0.00584139038	0.691482037	0.335421546	0.0374774702	0.00183858095	30.399974
21.4	1.69585816	1.04900652	0.189997836	1.6140553	1.23380565	0.2497136	0.000105111291	0.291104557	1	0.996035578	0.499870834	0.366358908	0.0693094209	0.748478091	0.335694233	0.0518082415	0.00228310721	30.409302
21.41	1.69585875	1.04900696	0.189997888	1.61405457	1.23380638	0.249713492	0.000106875275	0.291686085	1	0.995771884	0.49949875	0.366367344	0.0969966545	0.802793695	0.335871419	0.0272226709	0.00211751034	31.065214
21.42	1.69585929	1.04900737	0.189997915	1.61405389	1.23380705	0.249713403	0.000105512745	0.291962738	1	0.995428759	0.499129128	0.366465682	0.109763418	0.847794546	0.33594341	0.0408966397	0.00202140243	29.017781
21.43	1.69585977	1.04900776	0.189997922	1.61405327	1.23380767	0.249713336	0.000100564243	0.292142895	1	0.99504213	0.498782219	0.36665321	0.109369652	0.875836177	0.335916469	0.02670775	0.00197820213	32.150847
21.44	1.69586021	1.04900813	0.189997925	1.6140527	1.23380824	0.249713289	9.37247495e-05	0.292311742	1	0.994643672	0.498471993	0.366890927	0.0995390307	0.879008408	0.335805028	0.0310644437	0.00200300314	30.519118
21.45	1.69586064	1.04900849	0.189997929	1.61405215	1.23380879	0.249713242	8.69383077e-05	0.292468469	1	0.994266698	0.498214864	0.367139273	0.0724848543	0.863906353	0.335649173	0.0473009613	0.00207185068	32.077982
21.46	1.69586105	1.04900887	0.18999793	1.61405159	1.23380935	0.249713221	8.32899842e-05	0.292608602	1	0.993942303	0.498014334	0.367392894	0.0332039721	0.839503745	0.335473653	0.0348559615	0.00214880548	29.918245
21.47	1.69586147	1.04900927	0.18999793	1.61405101	1.23380994	0.249713202	8.17440895e-05	0.292730271	1	0.99366476	0.497868471	0.367647718	-0.0179449631	0.806351056	0.335291007	0.0204610415	0.00218609504	29.508169
21.48	1.6958619	1.04900969	0.189997928	1.61405042	1.23381053	0.249713195	8.22419374e-05	0.292833855	1	0.993427103	0.49777961	0.36785235	-0.0839716062	0.778415486	0.335159378	0.0320185458	0.00216764408	31.32719
21.49	1.69586233	1.04901018	0.189997926	1.61404978	1.23381118	0.249713234	8.76189754e-05	0.292923112	1	0.993270045	0.497750863	0.368063612	-0.143222408	0.734799153	0.334992838	0.0390964343	0.00204027415	30.562652
21.5	1.69586275	1.04901067	0.18999793	1.61404915	1.23381183	0.249713293	9.31200548e-05	0.292988386	1	0.993180984	0.497787281	0.36822683	-0.189286279	0.674662268	0.334791337	0.043011933	0.00188919876	31.436266
21.51	1.69586318	1.04901116	0.189997932	1.61404852	1.23381248	0.24971333	9.67819368e-05	0.29303154	1	0.993159206	0.497913655	0.368316647	-0.23530335	0.591647226	0.33454411	0.0365433027	0.00170407635	31.127324
21.52	1.69586361	1.04901167	0.189997935	1.61404787	1.23381315	0.249713389	0.000101706625	0.293062221	1	0.993183012	0.498109637	0.368341272	-0.280486744	0.492826679	0.33427591	0.0249993589	0.00151850739	29.104168
21.53	1.69586404	1.04901222	0.189997938	1.6140472	1.23381383	0.249713473	0.000108082483	0.293084337	1	0.993183726	0.49835068	0.368336032	-0.317708955	0.385158488	0.334016957	0.0526441864	0.00132484181	33.190751
21.54	1.6958644	1.04901287	0.189997947	1.61404653	1.23381455	0.249713674	0.000121298972	0.293121523	1	0.993173429	0.498586527	0.368107237	-0.303431971	0.311998913	0.333879846	0.0324768658	0.00114166961	29.530602
21.55	1.69586486	1.04901349	0.189997945	1.61404579	1.23381531	0.249713792	0.000129281178	0.293146212	1	0.993164526	0.49887851	0.36789234	-0.278023268	0.205034009	0.333689891	0.0540003851	0.000805382324	32.112786
21.56	1.69586525	1.04901407	0.189997952	1.61404513	1.233816	0.249713928	0.000134156613	0.293144454	1	0.993131594	0.499202602	0.367688411	-0.236442608	0.0858079131	0.333481644	0.0205916932	0.000847369552	29.664739
21.57	1.69586524	1.04901393	0.189998353	1.61404522	1.23381589	0.249713838	0.000100477225	0.288004446	1	0.993077929	0.49957468	0.367521562	-0.20809389	-0.017818399	0.332227625	0.0348767132	0.00119661179	31.712816
21.58	1.69586623	1.04901559	0.189997865	1.61404345	1.23381777	0.249714308	0.000162075384	0.287982437	1	0.992948004	0.499935912	0.367393184	-0.156895999	-0.129200069	0.331962963	0.0371235804	0.0020431167	29.72708
21.59	1.69586651	1.04901615	0.189997814	1.61404289	1.23381836	0.249714503	0.000156992236	0.289425086	1	0.992755435	0.500284161	0.367318875	-0.0932843242	-0.225174866	0.332162913	0.0262601301	0.00218026339	30.942529
21.6	1.69586689	1.04901665	0.189997868	1.61404229	1.23381898	0.249714589	0.000151011779	0.290621131	1	0.992487499	0.500709596	0.36705532	-0.0779108027	-0.385620305	0.332259687	0.0290341943	0.00284492934	31.371467
21.61	1.69586721	1.0490173	0.189997939	1.61404165	1.23381967	0.249714825	0.000157040981	0.291164702	1	0.992103645	0.501054826	0.367029116	-0.02772191	-0.482525357	0.332358699	0.0400559199	0.00303283394	31.367821
21.62	1.69586757	1.04901802	0.189997968	1.61404093	1.23382043	0.249715077	0.000164623411	0.291422579	1	0.991644035	0.501377836	0.367160476	0.0216525229	-0.527413552	0.332515771	0.0420597775	0.00344643337	30.523466
21.63	1.69586791	1.04901882	0.189997985	1.61404018	1.23382124	0.249715405	0.000175279542	0.29167359	1	0.99116656	0.501597246	0.367099382	0.145430308	-0.599304823	0.332618746	0.024178962	0.00381072265	31.501429
21.64	1.69586826	1.04901943	0.189997992	1.61403954	1.23382192	0.24971559	0.000173650088	0.291815392	1	0.990609955	0.501809764	0.367193221	0.20916236	-0.61935035	0.332844749	0.0541127052	0.00444882696	31.176335
21.65	1.69586867	1.04902009	0.189997982	1.61403882	1.23382267	0.249715766	0.000173947869	0.291991617	1	0.989994192	0.502018636	0.367469151	0.251392959	-0.615893506	0.333110452	0.024153676	0.0047418974	30.254023
21.66	1.69586907	1.04902072	0.189997978	1.61403812	1.23382341	0.249715925	0.000172684031	0.292154472	1	0.98932449	0.502222109	0.367871579	0.268800989	-0.594630623	0.333409653	0.0246980416	0.00488340007	31.674854
21.67	1.69586949	1.04902136	0.189997977	1.61403741	1.23382415	0.249716085	0.000172204261	0.292279393	1	0.988553097	0.502398129	0.368342306	0.258857487	-0.530958069	0.333826606	0.0472285455	0.00491905708	29.452185
21.68	1.69586993	1.04902205	0.189997973	1.61403665	1.23382495	0.249716256	0.000173891288	0.292374984	1	0.987706028	0.502538573	0.368928305	0.226828114	-0.431854992	0.334319431	0.0353078558	0.00486179365	28.900458
21.69	1.69587039	1.04902274	0.18999797	1.61403587	1.23382576	0.249716423	0.000175547572	0.292452633	1	0.986804656	0.502647479	0.369572571	0.184651373	-0.306467501	0.334858385	0.0427905655	0.00469220083	31.388205
21.7	1.69587088	1.0490234	0.189997967	1.61403509	1.23382658	0.249716537	0.000174950699	0.2925195	1	0.98584087	0.502728024	0.370161261	0.123489629	-0.159339653	0.335482133	0.0363041402	0.00442825394	31.10782
21.71	1.69587138	1.04902411	0.189997967	1.61403427	1.23382743	0.249716691	0.000178172967	0.292576314	1	0.984897629	0.502782267	0.3706874	0.0688699736	-0.0326429115	0.336042705	0.0369521805	0.00417411148	32.990558
21.72	1.69587187	1.04902475	0.18999797	1.61403349	1.23382823	0.249716798	0.000176788878	0.292597276	1	0.983958101	0.502808475	0.371153675	0.00817587495	0.0867609551	0.336566363	0.0274447208	0.00394531921	31.205316
21.73	1.69587237	1.04902538	0.189997969	1.61403271	1.23382904	0.24971689	0.00017553719	0.29261668	1	0.982987555	0.502806643	0.371508332	-0.058441891	0.215898241	0.33713337	0.0374269288	0.00368614402	31.478331
21.74	1.6958729	1.04902603	0.189997968	1.6140319	1.23382987	0.249716971	0.000175672097	0.29264526	1	0.982043766	0.502790241	0.371804175	-0.132634936	0.325197195	0.337622291	0.0464331138	0.00344852245	31.099078
21.75	1.69587344	1.04902661	0.189997967	1.61403113	1.23383065	0.249717004	0.000171943738	0.29267086	1	0.981130847	0.502759428	0.371968395	-0.211432298	0.410141356	0.338033563	0.0361719322	0.00308075545	32.098964
21.76	1.69587396	1.04902716	0.189997967	1.61403038	1.23383142	0.249717025	0.000167296069	0.292687926	1	0.980269483	0.502733716	0.372001331	-0.29195148	0.460717358	0.338328834	0.0279759217	0.00267289549	29.837707
21.77	1.69587446	1.04902769	0.189997966	1.61402966	1.23383214	0.249717045	0.000161309002	0.292690044	1	0.979464943	0.502714894	0.372006556	-0.365146189	0.490650704	0.338519413	0.0592791076	0.00223231447	31.375182
21.78	1.69587495	1.0490282	0.189997962	1.61402897	1.23383285	0.249717058	0.000154655623	0.292699515	1	0.978685549	0.502678291	0.372003981	-0.42606574	0.518906686	0.338669126	0.0307845058	0.00182535922	29.896289
21.79	1.69587545	1.04902869	0.189997958	1.61402828	1.23383355	0.249717055	0.000148274208	0.292724051	1	0.97795756	0.502625709	0.371998657	-0.472955394	0.545510609	0.338787953	0.0397247771	0.00149756547	29.982099
21.8	1.69587595	1.04902918	0.189997954	1.61402759	1.23383424	0.249717045	0.00014247024	0.292758312	1	0.977261909	0.502549298	0.371997683	-0.504205212	0.574682526	0.338890393	0.0238019187	0.00126204313	30.23118
21.81	1.69587649	1.04902961	0.18999795	1.61402689	1.23383494	0.249716972	0.000134988067	0.292801171	1	0.976589695	0.502462533	0.371922923	-0.547928146	0.626662783	0.339082128	0.0255200801	0.00110967406	31.77674
21.82	1.69587704	1.04903013	0.189997946	1.61402614	1.23383569	0.249716941	0.000134343935	0.292859713	1	0.975969237	0.502369181	0.371846503	-0.575569064	0.667717807	0.339222786	0.0455662072	0.000885254114	31.546114
21.83	1.69587758	1.04903058	0.189997947	1.61402544	1.23383639	0.249716885	0.00012996443	0.292900676	1	0.975398515	0.502264452	0.371708483	-0.593691057	0.702928482	0.339331667	0.0339386228	0.000766796832	32.526413
21.84	1.69587815	1.049031	0.189997949	1.61402473	1.23383709	0.24971677	0.000124000152	0.292933456	1	0.974911505	0.502170312	0.371467776	-0.618723212	0.716724154	0.33937105	0.0413921877	0.000718743065	30.526412
21.85	1.6958787	1.04903141	0.189997949	1.61402405	1.23383777	0.24971668	0.000119177138	0.292955769	1	0.974501317	0.502069228	0.371205595	-0.634086904	0.713589849	0.339335142	0.037368068	0.000818462833	29.222286
21.86	1.69587865	1.0490313	0.189998351	1.61402416	1.23383765	0.249716635	8.97437539e-05	0.287812345	1	0.974174277	0.501953502	0.370863732	-0.624352705	0.729474499	0.338292963	0.0439085659	0.00103584926	30.95431
21.87	1.69588018	1.0490325	0.189997886	1.6140222	1.23383959	0.249716402	0.000131774645	0.28775333	1	0.973854386	0.501774572	0.370533414	-0.607756442	0.723394115	0.338100185	0.0543981156	0.0016839472	31.312453
21.88	1.69588062	1.04903284	0.189997817	1.61402166	1.23384013	0.24971633	0.000108149904	0.289244771	1	0.973591865	0.501565924	0.37017608	-0.578597037	0.696719076	0.338230625	0.0411390514	0.00132253285	31.330189
21.89	1.69588108	1.04903314	0.189997868	1.61402111	1.23384068	0.249716222	9.63327602e-05	0.290468613	1	0.973368392	0.501319543	0.369813742	-0.541990034	0.661403688	0.338355474	0.024196813	0.00168306673	31.892428
21.9	1.69588161	1.0490335	0.189997925	1.61402047	1.2338413	0.249716098	9.35573872e-05	0.291088943	1	0.973180132	0.501036077	0.369464359	-0.497268874	0.620864275	0.338352658	0.0225906366	0.00166457347	30.348184
21.91	1.69588216	1.04903386	0.189997955	1.61401981	1.23384195	0.249715962	9.08938186e-05	0.29135975	1	0.973008728	0.500719278	0.369201039	-0.453000037	0.573168427	0.338221051	0.037665763	0.00166165095	29.949184
21.92	1.69588266	1.0490342	0.189997964	1.6140192	1.23384254	0.249715843	8.51978835e-05	0.291544107	1	0.972896345	0.500379928	0.368952714	-0.414831225	0.505532029	0.337980663	0.0365492545	0.00171637459	30.523737
21.93	1.69588316	1.04903451	0.189997966	1.61401862	1.23384311	0.249715718	7.76370886e-05	0.291734509	1	0.972780419	0.500008604	0.368666195	-0.404694345	0.457561358	0.337811008	0.0321701416	0.00180265147	32.487123
21.94	1.69588363	1.0490349	0.189997961	1.61401801	1.23384372	0.249715657	7.58514341e-05	0.291941708	1	0.972667862	0.499602274	0.36840451	-0.373034556	0.413070382	0.337637154	0.0213143788	0.00182691776	30.172623
21.95	1.69588408	1.04903526	0.189997962	1.61401743	1.23384429	0.249715594	7.25707599e-05	0.292105871	1	0.972543012	0.499143279	0.36818333	-0.331040437	0.373144113	0.337446543	0.0311563276	0.00181055141	29.521064
21.96	1.69588461	1.04903553	0.189997971	1.61401684	1.23384486	0.249715413	6.51782231e-05	0.292243509	1	0.972319278	0.498702305	0.367687378	-0.345196749	0.281263709	0.337161523	0.0327466554	0.00183539914	28.815814
21.97	1.69588498	1.04903588	0.189997978	1.61401634	1.23384537	0.249715391	6.12400356e-05	0.292286839	1	0.972025133	0.49816237	0.367391903	-0.302021758	0.241625121	0.336920239	0.0408859165	0.00213294714	31.303213
21.98	1.69588537	1.04903624	0.189997973	1.61401581	1.2338459	0.249715373	5.94829681e-05	0.292348575	1	0.971629642	0.497489083	0.367301381	-0.229123059	0.249722878	0.336763486	0.056592944	0.00219118341	29.905076
21.99	1.69588571	1.0490366	0.189997974	1.61401532	1.2338464	0.249715391	5.96603926e-05	0.292465758	1	0.971239499	0.496685428	0.367069367	-0.0548190515	0.213950575	0.336475088	0.0469607702	0.00220742146	31.340997
22	1.69588604	1.04903682	0.189997991	1.61401493	1.23384679	0.249715305	4.88892588e-05	0.292479933	1	0.970759949	0.495752087	0.366966839	0.0680078402	0.217857387	0.336273956	0.0563179863	0.00217334043	29.673379
22.01	1.69588642	1.04903705	0.189997987	1.61401448	1.23384722	0.249715199	4.08028778e-05	0.292538605	1	0.970241961	0.494768729	0.366971094	0.174150832	0.257170592	0.336163306	0.0480386635	0.00228414858	31.615548
22.02	1.6958868	1.04903728	0.189997984	1.61401404	1.23384765	0.249715093	3.49421924e-05	0.292652157	1	0.969752096	0.493773441	0.366986589	0.256943533	0.297902034	0.336079152	0.0384187518	0.00234929622	29.972682
22.03	1.69588718	1.04903749	0.189997986	1.61401361	1.23384807	0.249714978	3.00523472e-05	0.292767149	1	0.96931549	0.492806515	0.366990685	0.307462413	0.339771168	0.336012282	0.0373157361	0.0024141317	29.278744
22.04	1.69588755	1.04903772	0.189997988	1.61401318	1.23384849	0.249714877	2.81874633e-05	0.292867412	1	0.96892025	0.491871932	0.367028628	0.33467321	0.389427336	0.335964455	0.0232521819	0.0024622498	33.524597
22.05	1.69588794	1.04903795	0.189997989	1.61401273	1.23384892	0.249714768	2.65632019e-05	0.292950686	1	0.968558286	0.490970607	0.36713387	0.339863402	0.438655125	0.335904965	0.0407736283	0.00251445269	29.690941
22.06	1.69588831	1.04903819	0.18999799	1.61401229	1.23384936	0.249714674	2.68633606e-05	0.293041024	1	0.96824713	0.490096745	0.367122342	0.332634175	0.524120426	0.335975186	0.0203823929	0.00262259843	31.04257
22.07	1.69588874	1.04903846	0.189997983	1.61401178	1.23384986	0.24971456	2.39969635e-05	0.293128706	1	0.967974619	0.489267262	0.367164476	0.305216628	0.594617731	0.336009484	0.0174544715	0.00259158547	32.23238
22.08	1.69588915	1.0490387	0.189997987	1.61401131	1.23385032	0.249714444	2.22145275e-05	0.293185658	1	0.967755884	0.488491541	0.367225389	0.268653832	0.648671046	0.335981336	0.0146965737	0.00269835054	29.941648
22.09	1.69588954	1.04903894	0.189997992	1.61401085	1.23385076	0.249714331	2.13443412e-05	0.293220255	1	0.967622129	0.4877978	0.367271068	0.228311162	0.671806208	0.33584788	0.0302408328	0.00285197199	31.370984
22.1	1.69588954	1.04903892	0.189998384	1.61401086	1.23385075	0.249714322	1.60409505e-05	0.287468941	1	0.967568737	0.487216487	0.367387608	0.152218304	0.680678951	0.3346684	0.0615195209	0.00302435993	30.935225
22.11	1.6958908	1.04903968	0.189997907	1.6140094	1.23385217	0.249713964	2.39817707e-05	0.287063452	1	0.967550149	0.486694068	0.367582238	0.102578476	0.638572365	0.334133943	0.0439372599	0.0035258534	30.856394
22.12	1.69589108	1.04903992	0.189997842	1.61400904	1.23385254	0.249713939	2.71870273e-05	0.288593743	1	0.967533765	0.486218994	0.367875585	0.0682411562	0.571024368	0.333969883	0.0499195407	0.00330866958	31.259329
22.13	1.69589137	1.0490401	0.189997905	1.61400869	1.23385287	0.249713864	3.12882124e-05	0.289941006	1	0.967525159	0.485800369	0.368278182	0.0336711908	0.488215479	0.33379816	0.0323824776	0.00343028197	31.634146
22.14	1.6958917	1.04904034	0.189997973	1.61400828	1.23385328	0.249713799	3.10661001e-05	0.290619633	1	0.967520578	0.485435831	0.368718927	-0.00313427824	0.413374713	0.333555871	0.0470320458	0.00338003956	29.79271
22.15	1.69589205	1.04904067	0.189998003	1.61400781	1.23385376	0.249713786	3.37753545e-05	0.290906954	1	0.967537813	0.485133006	0.369187681	-0.00661019155	0.336234257	0.333212565	0.0224992655	0.00326703042	30.913417
22.16	1.6958924	1.04904099	0.189998013	1.61400733	1.23385424	0.249713764	3.69596235e-05	0.291084569	1	0.967594413	0.48488844	0.369658715	-0.0057795258	0.254441044	0.33282921	0.0380870874	0.00307075506	29.985897
22.17	1.69589272	1.04904138	0.189998013	1.61400685	1.23385473	0.249713816	4.62143187e-05	0.291300586	1	0.967690613	0.484660102	0.36993078	0.0413491607	0.20230232	0.332543419	0.036990757	0.00283530802	30.000379
22.18	1.6958932	1.04904165	0.189998009	1.61400629	1.23385527	0.249713663	3.64232286e-05	0.291521056	1	0.967790429	0.484559311	0.369916041	-0.00967291565	0.0687620315	0.332151069	0.0174802551	0.00241764592	31.246066
22.19	1.69589357	1.04904199	0.189998016	1.6140058	1.23385576	0.249713645	4.01636757e-05	0.291644799	1	0.967902539	0.484504015	0.369997349	-0.0511986902	-0.0466367357	0.331770285	0.0303376996	0.00230938797	30.773216
22.2	1.69589392	1.0490424	0.189998012	1.61400528	1.2338563	0.249713685	4.85526292e-05	0.291759575	1	0.968071591	0.484490898	0.370047419	-0.0764420347	-0.16299917	0.331385501	0.0478192419	0.00212284498	30.775954
22.21	1.69589429	1.0490428	0.189998008	1.61400474	1.23385685	0.2497137	5.37809633e-05	0.291856848	1	0.968265744	0.484515589	0.370090465	-0.101778556	-0.274799579	0.331021525	0.0249324028	0.00187116595	32.452927
22.22	1.69589467	1.04904322	0.189998004	1.61400419	1.23385741	0.249713734	6.01592442e-05	0.291939243	1	0.968484776	0.484560142	0.370104339	-0.117319606	-0.381297196	0.330698136	0.0310229421	0.00162742565	31.908089
22.23	1.69589506	1.04904364	0.189998	1.61400362	1.23385799	0.249713756	6.50214637e-05	0.291998412	1	0.968660345	0.48462362	0.370137607	-0.139362616	-0.467610371	0.330449946	0.0413657041	0.00137180381	28.835121
22.24	1.69589546	1.0490441	0.189997995	1.61400303	1.23385859	0.249713799	7.12530248e-05	0.29205098	1	0.968788559	0.484694799	0.370162101	-0.161310058	-0.528298067	0.330301656	0.0206439303	0.0011576076	29.175789
22.25	1.69589581	1.04904466	0.189997999	1.61400242	1.23385924	0.249713942	8.46184015e-05	0.29212989	1	0.968950676	0.48469839	0.369891406	-0.0961419895	-0.628813749	0.330082525	0.0214265957	0.000953386229	27.874553
22.26	1.69589616	1.0490451	0.189998006	1.61400188	1.2338598	0.249714016	8.88786157e-05	0.292098626	1	0.969005056	0.48466657	0.369723611	-0.066299871	-0.653102993	0.330071055	0.0432854036	0.000971526006	31.646431
22.27	1.6958966	1.04904562	0.189997991	1.61400121	1.23386048	0.249714069	9.36274823e-05	0.292134596	1	0.968967235	0.484617757	0.369583705	-0.0366790021	-0.6257731	0.330241865	0.0339572792	0.000938926786	30.648341
22.28	1.69589705	1.04904617	0.189997982	1.61400052	1.23386118	0.249714141	9.9942584e-05	0.292210115	1	0.968849209	0.484547406	0.369452387	-0.00698633364	-0.554097682	0.330579835	0.0369682507	0.000939148396	31.530857
22.29	1.69589751	1.04904675	0.189997978	1.61399981	1.23386192	0.249714221	0.000107113722	0.29227842	1	0.968667898	0.484457666	0.369348148	0.0220366763	-0.447718294	0.331046056	0.0300908324	0.00102763467	28.910011
22.3	1.69589814	1.04904719	0.18999798	1.61399904	1.23386267	0.249714085	0.000102790234	0.292335838	1	0.968354451	0.484446927	0.36903647	-0.0538805012	-0.37369741	0.331513639	0.0487133709	0.00118688023	29.639955
22.31	1.69589861	1.04904775	0.189997983	1.61399833	1.23386341	0.249714151	0.00010983525	0.292327822	1	0.967938344	0.484414463	0.368861526	-0.111930245	-0.246941251	0.332095417	0.0234464772	0.00100100407	29.048618
22.32	1.69589912	1.04904836	0.18999798	1.61399756	1.2338642	0.249714226	0.000118941425	0.292335944	1	0.9674604	0.484369591	0.368766836	-0.178529722	-0.0906871155	0.33277937	0.019396226	0.00102412126	29.971597
22.33	1.69589965	1.04904898	0.189997979	1.61399677	1.233865	0.249714284	0.000126833528	0.292361162	1	0.966923139	0.484312459	0.368736412	-0.252646424	0.0852077623	0.333540195	0.0213602563	0.00109787002	32.221849
22.34	1.69590019	1.04904959	0.189997982	1.61399597	1.23386582	0.249714339	0.000133773008	0.292385211	1	0.966379497	0.484265549	0.368736398	-0.330075825	0.263932024	0.334327198	0.0343039349	0.00120516735	30.585241
22.35	1.69590074	1.04905019	0.189997986	1.61399518	1.23386663	0.249714372	0.000138839976	0.29239576	1	0.965847121	0.484245957	0.36874822	-0.419617558	0.422757994	0.335072174	0.0278542136	0.00133752403	30.015508
22.36	1.69590125	1.0490508	0.189997992	1.6139944	1.23386743	0.249714438	0.000143042124	0.292391794	1	0.965329169	0.484246977	0.368710868	-0.511279214	0.566143382	0.335789025	0.0450168126	0.00142803493	30.843879
22.37	1.69590166	1.04905156	0.189998005	1.61399363	1.23386825	0.24971469	0.000153954115	0.29239658	1	0.964861078	0.484205152	0.368528364	-0.517357058	0.717911947	0.336494668	0.0414370779	0.00154409146	30.405023
22.38	1.69590217	1.04905219	0.189998009	1.61399285	1.23386905	0.249714773	0.000156331527	0.292367906	1	0.964431275	0.484139183	0.368387588	-0.515476379	0.815854574	0.337009496	0.0395315005	0.00180661111	29.833698
22.39	1.6959026	1.04905269	0.18999801	1.6139922	1.23386972	0.249714823	0.000149478674	0.2923121	1	0.964071354	0.484077166	0.368236	-0.510878512	0.868413027	0.33734682	0.0374222049	0.00186013495	30.778653
22.4	1.69590257	1.04905254	0.189998397	1.61399231	1.23386959	0.24971474	0.000112597823	0.286980481	1	0.96381231	0.484035066	0.368094872	-0.509005394	0.901103241	0.33647871	0.0218950705	0.00183793441	31.830441
22.41	1.69590371	1.04905407	0.189997962	1.61399048	1.23387149	0.249715015	0.000161861613	0.28669319	1	0.963550985	0.483926487	0.36804418	-0.467901737	0.889751299	0.336448568	0.0321948477	0.0022620358	30.320826
22.42	1.69590402	1.04905445	0.189997878	1.61399001	1.23387197	0.249715061	0.000139207001	0.288166632	1	0.963347966	0.48380466	0.368033711	-0.422992155	0.843128826	0.336638052	0.0536305079	0.00180338481	31.075255
22.43	1.69590432	1.04905478	0.189997926	1.61398958	1.23387241	0.249715086	0.000124595386	0.289430693	1	0.96320449	0.483681553	0.368110395	-0.375251881	0.773901448	0.336698503	0.0481335945	0.00194526139	30.576661
22.44	1.69590468	1.04905512	0.189997981	1.61398909	1.2338729	0.249715068	0.00011323691	0.290064676	1	0.963106816	0.483577603	0.368151772	-0.351270654	0.716345989	0.336694794	0.0367938236	0.00175007376	29.258134
22.45	1.69590507	1.04905558	0.189998005	1.6139885	1.23387351	0.249715121	0.000112062466	0.290334718	1	0.963047301	0.483458045	0.368313906	-0.310286041	0.648361209	0.336522255	0.0285876146	0.00160099086	31.658323
22.46	1.69590544	1.04905598	0.189998012	1.61398797	1.23387405	0.249715139	0.000106407053	0.290490499	1	0.962989874	0.483301706	0.368574107	-0.266683011	0.58696577	0.336279652	0.0310967213	0.00161622566	29.499176
22.47	1.69590581	1.04905637	0.189998009	1.61398744	1.23387459	0.249715154	0.000101459063	0.290648671	1	0.962916236	0.483088622	0.368963629	-0.218214472	0.548501783	0.336040483	0.035285536	0.00164384165	31.655031
22.48	1.69590619	1.04905673	0.189998012	1.61398692	1.23387511	0.249715141	9.47573365e-05	0.290870763	1	0.962842175	0.482838541	0.368825677	-0.137206291	0.384703836	0.335492633	0.0391663518	0.00167269359	28.952155
22.49	1.69590645	1.04905701	0.189998036	1.61398654	1.2338755	0.249715149	8.67620557e-05	0.290881587	1	0.962659716	0.48247927	0.369044262	-0.0752575263	0.313884766	0.335072585	0.022572195	0.00192200515	30.638331
22.5	1.69590683	1.04905735	0.189998019	1.61398603	1.23387601	0.249715132	8.21887408e-05	0.290971549	1	0.962486585	0.482094593	0.369429105	-0.0202399918	0.279900152	0.334743106	0.0522962441	0.00204424133	29.508643
22.51	1.6959072	1.04905771	0.189998009	1.61398553	1.23387652	0.249715125	7.93182828e-05	0.291122487	1	0.962344154	0.481699396	0.369886515	0.0348782984	0.267215712	0.334485701	0.0168733969	0.00207796553	29.451362
22.52	1.69590759	1.04905806	0.189998005	1.613985	1.23387704	0.249715091	7.50592808e-05	0.291259462	1	0.962256464	0.481327902	0.370395894	0.0775244117	0.265921823	0.33426827	0.0395364846	0.0020604176	29.32385
22.53	1.69590801	1.04905841	0.189998002	1.61398446	1.23387758	0.249715044	7.09197654e-05	0.291357406	1	0.962204603	0.480998938	0.370967314	0.101703942	0.271671058	0.334070508	0.0269036581	0.00198751583	32.145194
22.54	1.69590843	1.04905877	0.189997999	1.6139839	1.23387814	0.249714999	6.80345643e-05	0.29142299	1	0.962183338	0.48071176	0.371576722	0.112194692	0.277406027	0.333868163	0.020994753	0.00189916486	32.767866
22.55	1.69590885	1.0490591	0.189997999	1.61398337	1.23387867	0.249714934	6.33348143e-05	0.291448534	1	0.962197799	0.480469597	0.372183218	0.0964643946	0.299286072	0.333727625	0.0484153038	3.91147889e-11	32.154349
22.56	1.6959093	1.04905944	0.189997992	1.61398281	1.23387923	0.249714862	5.95931559e-05	0.291475345	1	0.962151763	0.480265311	0.372826983	0.0400700997	0.360027169	0.333736808	0.0637753081	7.02361432e-05	30.735189
22.57	1.69590977	1.0490598	0.189997982	1.61398222	1.23387981	0.249714783	5.69218004e-05	0.291516976	1	0.9620669	0.480135779	0.37356488	-0.03795862	0.423723589	0.33375319	0.058344525	0.000129842029	30.907064
22.58	1.69591022	1.04906014	0.189997979	1.61398165	1.23388037	0.2497147	5.3821609e-05	0.291551858	1	0.961935281	0.480035327	0.374339072	-0.148266481	0.536494128	0.333957061	0.122858895	0.000187466194	32.006257
22.59	1.69591074	1.04906053	0.189997969	1.613981	1.23388102	0.24971461	5.48213104e-05	0.291608345	1	0.961844782	0.480030868	0.37510463	-0.281058629	0.656429391	0.334239229	0.0625527338	0.000236003819	30.105674
22.6	1.6959112	1.04906104	0.189997964	1.61398033	1.2338817	0.24971464	6.53569163e-05	0.291678597	1	0.961751489	0.480042598	0.375759653	-0.365272848	0.842167996	0.334749938	0.0657380657	0.000278199371	29.299279
22.61	1.69591188	1.04906151	0.189997975	1.6139795	1.23388252	0.249714499	7.27914012e-05	0.291773535	1	0.961808953	0.480164277	0.375853928	-0.412562718	0.837430875	0.334826354	0.0673049386	0.000288607015	32.302995
22.62	1.69591184	1.04906143	0.18999837	1.61397958	1.23388243	0.249714467	5.42062226e-05	0.286487369	1	0.961896754	0.48039006	0.376305589	-0.522238426	0.92011144	0.334064254	0.0712116217	0.00031211163	28.604963
22.63	1.69591352	1.04906272	0.189997967	1.61397747	1.23388453	0.249714198	0.000104303748	0.286073176	1	0.962024535	0.480687924	0.376964716	-0.59088835	0.971625033	0.334095416	0.0624121016	0.000409790744	27.858295
22.64	1.69591399	1.04906318	0.189997859	1.61397681	1.23388519	0.249714185	9.34404453e-05	0.287528788	1	0.96225594	0.481062505	0.377642785	-0.638496028	0.963960527	0.334339128	0.0586605459	0.000302175349	29.310331
22.65	1.69591446	1.0490636	0.189997902	1.61397619	1.23388581	0.24971415	9.09779851e-05	0.288821657	1	0.962551692	0.481497256	0.378351681	-0.664221426	0.900037801	0.334410828	0.0574252266	0.000319748909	30.072473
22.66	1.69591503	1.04906405	0.18999798	1.61397546	1.23388654	0.249714068	9.57026562e-05	0.289406606	1	0.962926808	0.482007503	0.378977395	-0.691990274	0.794545204	0.334262972	0.0563706494	0.000285613696	30.686264
22.67	1.69591556	1.04906466	0.189998026	1.61397467	1.23388735	0.249714124	0.000108808419	0.289542138	1	0.963362431	0.482534627	0.379560078	-0.677771033	0.647991239	0.333879776	0.0468897373	0.000283972413	28.585399
22.68	1.69591607	1.04906521	0.189998038	1.61397394	1.2338881	0.24971415	0.000113974785	0.289547181	1	0.963833055	0.483101736	0.380049489	-0.64943465	0.464849725	0.333353724	0.0911671783	0.000363184454	30.590418
22.69	1.69591653	1.04906575	0.189998033	1.61397324	1.23388881	0.249714207	0.000116514299	0.289587091	1	0.964287494	0.48368757	0.380499128	-0.627739363	0.285448828	0.332837637	0.0585570415	0.00046787486	31.912442
22.7	1.69591696	1.04906642	0.189998026	1.61397251	1.23388958	0.249714379	0.000125382699	0.289693559	1	0.964593208	0.484220718	0.381026624	-0.59039855	0.188407158	0.332565502	0.111873842	0.00057161649	31.401227
22.71	1.69591752	1.04906709	0.18999802	1.61397166	1.23389045	0.249714456	0.000134696153	0.289848647	1	0.964780524	0.484740943	0.381586196	-0.578845075	0.134252429	0.332449462	0.0812139207	0.000687510414	30.885626
22.72	1.69591811	1.04906781	0.189998025	1.61397076	1.23389137	0.249714543	0.000144668663	0.289988258	1	0.964923191	0.485271959	0.382085838	-0.584361366	0.0973689142	0.332416153	0.0526593314	0.000786732925	29.749659
22.73	1.69591871	1.04906858	0.189998039	1.61396982	1.23389234	0.249714671	0.000156235912	0.290074754	1	0.96492744	0.485737512	0.382573176	-0.579911728	0.0848236105	0.332430613	0.0613120322	0.000862363275	30.794409
22.74	1.69591921	1.04906944	0.189998053	1.61396891	1.23389331	0.249714925	0.000169540186	0.290090956	1	0.964864111	0.486080043	0.383112839	-0.538796192	0.0800233876	0.332391744	0.087655173	0.000936546712	31.954587
22.75	1.69591982	1.04907005	0.189998059	1.61396806	1.23389417	0.249714928	0.000167765978	0.290088361	1	0.964729554	0.486409693	0.383343673	-0.53751753	0.0094121138	0.332173078	0.0750262796	0.00101367489	30.690784
22.76	1.69592023	1.04907073	0.189998058	1.61396732	1.23389494	0.249715111	0.000168249739	0.290027272	1	0.964538734	0.486608406	0.383592026	-0.482761856	-0.03343281	0.331945647	0.0561808393	0.000987420492	31.417555
22.77	1.69592067	1.04907139	0.189998047	1.61396658	1.23389572	0.249715274	0.000167761633	0.289993542	1	0.96423467	0.486674288	0.383974114	-0.400076509	-0.0594789386	0.331687337	0.0744082471	0.00101868124	32.042879
22.78	1.69592108	1.04907195	0.189998035	1.61396592	1.2338964	0.249715374	0.000160953882	0.289983742	1	0.963849279	0.48661873	0.384498167	-0.300630158	-0.0768828961	0.331363168	0.0381769128	0.00108680523	28.641339
22.79	1.69592138	1.04907255	0.189998036	1.61396532	1.23389704	0.24971558	0.000158916611	0.290016481	1	0.963513727	0.48638656	0.384895619	-0.0776634028	-0.140010018	0.330831252	0.0884959778	0.00118616621	30.175096
22.8	1.69592169	1.04907292	0.189998035	1.61396485	1.23389752	0.249715634	0.00014294272	0.289965585	1	0.963186029	0.486021216	0.385452569	0.12769097	-0.130019097	0.330429192	0.088705571	0.00145138913	30.846013
22.81	1.6959221	1.04907332	0.189998008	1.61396429	1.23389809	0.249715628	0.000130040125	0.290020907	1	0.962904917	0.485590817	0.386070744	0.334168474	-0.067038746	0.330166349	0.0630203135	0.00158482295	31.266833
22.82	1.69592255	1.0490737	0.189997985	1.6139637	1.23389868	0.249715573	0.000117175573	0.290150027	1	0.962676671	0.485114825	0.386676089	0.512935447	0.0419628604	0.330081482	0.0854698979	0.00161424285	28.259117
22.83	1.69592309	1.0490741	0.189997968	1.61396303	1.23389934	0.249715474	0.000107507698	0.290309435	1	0.962471387	0.484612892	0.38708351	0.648675898	0.213316556	0.330309336	0.0557867289	0.00155175545	30.082779
22.84	1.69592373	1.04907462	0.189997964	1.6139622	1.23390017	0.249715384	0.000109172914	0.290454106	1	0.962356034	0.484097513	0.387424265	0.754457308	0.376327787	0.330555736	0.0437615626	0.00135455965	29.632858
22.85	1.69592441	1.04907507	0.189997974	1.61396138	1.23390097	0.249715228	0.000107385584	0.290522917	1	0.96228798	0.483582027	0.387702992	0.826306628	0.537754547	0.330804612	0.0665155199	0.00117283357	30.12304
22.86	1.6959252	1.04907551	0.189997988	1.61396049	1.23390183	0.249714978	0.000106211638	0.290546943	1	0.962181232	0.48308475	0.38790133	0.840962482	0.714482027	0.331128972	0.112950989	0.00107032405	31.710557
22.87	1.69592612	1.04907595	0.189998005	1.61395949	1.2339028	0.249714645	0.000109419678	0.290573016	1	0.96206808	0.482650858	0.387966156	0.784827061	0.882297554	0.331470641	0.0551954756	0.00111603428	29.462956
22.88	1.69592707	1.04907644	0.189998026	1.61395844	1.23390381	0.249714313	0.000117501713	0.290612729	1	0.96198449	0.482314253	0.387781676	0.683567356	1.01482431	0.331768155	0.0506936948	0.00144151569	32.63544
22.89	1.6959281	1.04907689	0.189998052	1.61395733	1.23390486	0.249713901	0.000126136208	0.290626202	1	0.961947217	0.482078504	0.387458009	0.539529085	1.10579123	0.331958708	0.0981479424	0.0019685108	29.272477
22.9	1.69592915	1.04907735	0.189998076	1.61395622	1.23390593	0.249713483	0.000135149968	0.290625763	1	0.961965221	0.481955756	0.38695044	0.356424863	1.14008812	0.331990716	0.0522822575	0.0026204437	30.414668
22.91	1.69592902	1.04907724	0.189998446	1.61395638	1.23390576	0.249713503	0.000100998211	0.285783116	1	0.962112818	0.482004761	0.386197921	0.116996768	1.12092653	0.33083655	0.061180727	0.00338880689	31.245504
22.92	1.69593151	1.04907831	0.189998075	1.61395375	1.23390827	0.249712496	0.000159326607	0.28564519	1	0.962300817	0.48214945	0.385234648	-0.0947690318	1.00908481	0.330325573	0.0334194099	0.00444655096	30.005563
22.93	1.69593236	1.04907868	0.189997988	1.61395284	1.23390914	0.249712158	0.0001409218	0.287114567	1	0.96251105	0.48238364	0.384049521	-0.291343134	0.822316367	0.329944616	0.0554208236	0.00511638908	31.248991
22.94	1.69593331	1.04907893	0.18999805	1.61395193	1.23390998	0.249711662	0.000136189609	0.288359392	1	0.962691729	0.482711974	0.38245839	-0.523664522	0.62233504	0.329629759	0.0901621147	0.00594169382	29.846238
22.95	1.69593438	1.0490793	0.189998121	1.61395084	1.23391101	0.249711169	0.000145887908	0.288999437	1	0.962889601	0.483137525	0.3806597	-0.726155598	0.35449231	0.329000667	0.0705976939	0.00670570375	30.991265
22.96	1.69593534	1.04907965	0.189998164	1.61394986	1.23391193	0.249710741	0.000146712499	0.289233931	1	0.963096735	0.483660721	0.378639545	-0.902579689	0.0352125648	0.328108802	0.0841838523	0.00740210403	31.659788
22.97	1.69593613	1.04908005	0.189998163	1.61394898	1.23391278	0.249710464	0.000140890761	0.289343301	1	0.96311958	0.484051513	0.376860667	-0.988376868	-0.172040228	0.32742139	0.0777305545	0.00803401576	33.204153
22.98	1.69593692	1.04908057	0.189998141	1.61394804	1.2339137	0.249710272	0.0001388216	0.289552818	1	0.963078595	0.484373369	0.375227968	-1.00923466	-0.29741028	0.326980867	0.067447223	0.00811481107	31.230672
22.99	1.69593775	1.04908111	0.189998127	1.61394705	1.23391467	0.249710065	0.000140351662	0.289836105	1	0.963001167	0.48464574	0.373676063	-0.975131139	-0.344326206	0.326818568	0.0460751954	0.00789477837	29.51464
23	1.69593843	1.04908187	0.189998125	1.61394605	1.23391569	0.249710123	0.000147436104	0.290153894	1	0.962920523	0.484759147	0.371860243	-0.742006686	-0.379385733	0.326698252	0.0660031333	0.00746092056	28.232356
23.01	1.69593916	1.04908243	0.18999813	1.61394514	1.2339166	0.249710004	0.000148099584	0.290261826	1	0.962810886	0.484764615	0.370258647	-0.53718066	-0.29754962	0.326942843	0.0454905042	0.0064948002	30.671995
23.02	1.69594008	1.04908318	0.18999813	1.61394395	1.23391778	0.249709882	0.000161803058	0.290422096	1	0.962683628	0.484707967	0.368836147	-0.311945597	-0.101595775	0.327586809	0.0823314611	0.0057298504	28.683027
23.03	1.69594106	1.0490841	0.189998148	1.61394261	1.23391913	0.249709836	0.000180711836	0.290639128	1	0.962584791	0.484609898	0.367515319	-0.0642981583	0.180138945	0.328500189	0.0459680594	0.00507502669	29.332972
23.04	1.69594224	1.04908497	0.189998181	1.61394115	1.23392057	0.249709619	0.000199804924	0.290811618	1	0.962586011	0.484541152	0.366402297	0.132914716	0.465037428	0.329479192	0.0896451465	0.00470427696	30.702381
23.05	1.6959435	1.0490857	0.189998216	1.6139397	1.23392198	0.249709248	0.000212956205	0.290917542	1	0.962594191	0.484587417	0.36525383	0.207285583	0.675691284	0.330362755	0.0643561125	0.00464561999	30.19915
23.06	1.69594447	1.04908662	0.189998243	1.61393838	1.23392331	0.24970921	0.000222353541	0.290898615	1	0.962645752	0.484643981	0.364414985	0.287422655	0.905529267	0.331236339	0.0432871127	0.00407655897	29.588907
23.07	1.69594545	1.04908754	0.189998258	1.61393704	1.23392466	0.249709163	0.000230411347	0.290867923	1	0.962816053	0.484705738	0.363774453	0.33436885	1.1246698	0.332093993	0.0884459273	0.0041689485	30.482597
23.08	1.69594646	1.04908842	0.189998267	1.61393571	1.233926	0.249709078	0.000236003175	0.290856741	1	0.96304719	0.484825394	0.363314281	0.370349132	1.31942892	0.332896218	0.0761225992	0.00424735448	27.731539
23.09	1.69594737	1.04908932	0.189998274	1.61393444	1.23392728	0.249709074	0.000238864445	0.290832152	1	0.963412252	0.485005355	0.363019714	0.386761294	1.47575769	0.333586272	0.0583749059	0.00422553241	31.316555
23.1	1.69594827	1.04909017	0.189998275	1.61393322	1.23392851	0.249709034	0.000238952926	0.290787768	1	0.963936072	0.485253656	0.362863265	0.371887555	1.57818828	0.33411623	0.0818270608	0.00412907692	29.426369
23.11	1.69594911	1.049091	0.189998273	1.61393205	1.23392969	0.249709025	0.000237279963	0.290727482	1	0.964557103	0.485539717	0.362813113	0.340808264	1.63379618	0.3344908	0.0822720729	0.00393559643	32.159458
23.12	1.69594896	1.04909079	0.189998595	1.61393229	1.23392944	0.249708987	0.000178260904	0.285884298	1	0.965261865	0.485850835	0.362793858	0.256291791	1.65779178	0.333697114	0.11175011	0.00364305463	30.412001
23.13	1.69595078	1.04909291	0.189998224	1.61392958	1.23393222	0.249709195	0.000241859171	0.285855295	1	0.965916611	0.48600822	0.362559047	0.249323492	1.72051113	0.33393802	0.067831639	0.00340663653	31.918638
23.14	1.69595155	1.04909358	0.18999811	1.61392855	1.23393325	0.249709122	0.000224800401	0.287250333	1	0.966576155	0.486115096	0.362532357	0.172699561	1.75008943	0.334513397	0.082657213	0.00336142727	28.643298
23.15	1.69595219	1.04909428	0.189998135	1.61392762	1.2339342	0.249709168	0.000216863548	0.288374887	1	0.96724838	0.486160006	0.362587788	0.0910132266	1.76307767	0.335045749	0.104004276	0.00327321696	28.40838
23.16	1.69595286	1.04909509	0.18999819	1.6139266	1.23393524	0.249709264	0.000216902199	0.288918193	1	0.968056935	0.486177761	0.36250626	0.0705524083	1.71011331	0.335262772	0.0623479162	0.00283047645	31.919442
23.17	1.69595339	1.04909592	0.189998213	1.61392568	1.23393621	0.249709478	0.000215651799	0.289081647	1	0.969017051	0.486157034	0.362362562	0.130519714	1.58998302	0.335131624	0.0674275044	0.00232033096	30.177613
23.18	1.69595381	1.04909667	0.189998203	1.61392491	1.23393703	0.24970971	0.000208527113	0.289133004	1	0.970149621	0.48610206	0.362085093	0.271296869	1.37735331	0.334626776	0.0513699814	0.0018844478	31.732012
23.19	1.69595419	1.04909723	0.189998178	1.61392427	1.23393769	0.24970984	0.000193288772	0.289138666	1	0.971186368	0.485900823	0.361836319	0.369099663	1.18368784	0.334140258	0.07328641	0.00166093659	27.247157
23.2	1.69595457	1.04909793	0.189998151	1.61392355	1.23393846	0.249710069	0.000187711801	0.289249737	1	0.972328483	0.485618837	0.361451253	0.579289516	0.954212071	0.33350759	0.077496033	0.00158088685	29.128482
23.21	1.69595494	1.04909849	0.18999813	1.61392292	1.23393911	0.249710205	0.000176407074	0.28930728	1	0.973361753	0.48519373	0.361206049	0.731616257	0.787092249	0.333041273	0.0815571981	0.00200819336	29.530976
23.22	1.69595544	1.04909907	0.189998098	1.61392218	1.23393988	0.24971025	0.000169503636	0.289397511	1	0.974268928	0.484720836	0.361219495	0.839077944	0.688794002	0.332728486	0.0824792141	0.00216295578	29.194622
23.23	1.69595617	1.04909951	0.189998081	1.61392133	1.2339407	0.249710055	0.000156669209	0.289521181	1	0.974950473	0.484334195	0.361251416	0.784148942	0.603212712	0.332549774	0.10810247	0.00207228262	29.531736
23.24	1.69595669	1.04910019	0.189998064	1.6139205	1.23394156	0.249710164	0.000160409505	0.289604547	1	0.975518766	0.483920046	0.361700449	0.737607194	0.623201729	0.332585936	0.0642910603	0.00143145615	31.385672
23.25	1.69595725	1.049101	0.189998059	1.61391958	1.23394252	0.249710337	0.000169400396	0.289667504	1	0.975979039	0.483424568	0.362681621	0.693632459	0.67406062	0.332614618	0.0954936686	0.0010591583	29.231547
23.26	1.69595777	1.04910165	0.189998053	1.61391878	1.23394335	0.249710439	0.000169337991	0.289666972	1	0.976343949	0.482913531	0.364099651	0.652408951	0.759555013	0.332633757	0.0545479818	0.00086643827	28.699723
23.27	1.69595813	1.04910255	0.189998067	1.61391795	1.23394424	0.249710819	0.000178964887	0.289719395	1	0.976787736	0.482249213	0.365282184	0.786547496	0.850108373	0.332602193	0.0721103113	0.00095613475	28.838975
23.28	1.69595871	1.04910311	0.189998063	1.61391716	1.23394504	0.249710798	0.00017173164	0.289614047	1	0.977083246	0.481565462	0.366922024	0.819281349	0.959928999	0.33257769	0.0717765193	0.00135378872	30.24278
23.29	1.69595928	1.04910369	0.189998047	1.61391635	1.23394586	0.249710804	0.000166857604	0.289548639	1	0.977293369	0.480929718	0.368908815	0.833812503	1.09161977	0.332561948	0.0874468252	0.00165921645	30.155012
23.3	1.69595985	1.04910429	0.189998036	1.61391554	1.23394669	0.24971083	0.000164335349	0.289544621	1	0.977476462	0.480404615	0.370991033	0.826182781	1.21989577	0.332548831	0.108139505	0.00201794829	31.472187
23.31	1.69596046	1.04910494	0.189998037	1.61391466	1.23394758	0.249710853	0.000164736283	0.289551131	1	0.977662214	0.47998911	0.373095896	0.796896112	1.33384059	0.332500863	0.0717831245	0.00228140835	30.465322
23.32	1.69596115	1.04910559	0.189998047	1.61391372	1.23394853	0.249710829	0.000165926685	0.289535066	1	0.977840731	0.479699205	0.375189574	0.723544356	1.4341511	0.332411888	0.0617949642	0.00244753786	30.411469
23.33	1.69596193	1.04910626	0.189998063	1.6139127	1.23394955	0.249710752	0.000168630562	0.289504766	1	0.977999013	0.479548423	0.377219251	0.601899971	1.49860073	0.332229028	0.0654593515	0.00249007318	28.708771
23.34	1.69596185	1.04910609	0.189998436	1.61391286	1.23394937	0.249710689	0.00012647094	0.284690293	1	0.97818741	0.479579195	0.37910144	0.423636075	1.54877138	0.330954437	0.0635032128	0.00255507518	28.079736
23.35	1.69596368	1.04910797	0.189998055	1.61391027	1.233952	0.249710718	0.000188741915	0.284710061	1	0.978324655	0.47973819	0.380696503	0.288795939	1.54185709	0.33049523	0.0859373619	0.00296300084	30.980852
23.36	1.69596426	1.0491087	0.189997972	1.61390937	1.23395293	0.249710825	0.000183163799	0.286124748	1	0.978467202	0.480018491	0.381930031	0.183231767	1.49317192	0.330343505	0.0992064339	0.00260686877	28.19844
23.37	1.69596503	1.04910946	0.18999804	1.61390831	1.23395401	0.249710819	0.000187029051	0.287241087	1	0.978628401	0.480423312	0.382828198	0.0843566732	1.4047918	0.330146501	0.0765132617	0.0025970493	30.39229
23.38	1.69596592	1.04911038	0.189998134	1.61390705	1.23395528	0.249710846	0.000200052848	0.287782249	1	0.978826135	0.480945081	0.383400816	0.0117954463	1.26941555	0.329747181	0.0643254687	0.00253575528	28.861318
23.39	1.6959668	1.04911136	0.189998197	1.61390576	1.2339566	0.249710919	0.000212879175	0.288004638	1	0.979053983	0.481573013	0.38359652	-0.0162966003	1.08789733	0.329168989	0.074635805	0.00251881612	31.443691
23.4	1.69596766	1.04911235	0.189998229	1.61390448	1.23395791	0.249711004	0.000222523944	0.288137253	1	0.979251197	0.482292764	0.383505474	-0.01814416	0.903519273	0.328588356	0.0668892067	0.00240566613	29.768248
23.41	1.69596856	1.04911339	0.18999825	1.61390314	1.23395928	0.249711109	0.000232908136	0.288306387	1	0.979420955	0.48308813	0.383094527	0.0157398889	0.708837558	0.328029671	0.0503028257	0.00210953638	28.88507
23.42	1.6959695	1.04911443	0.189998271	1.61390177	1.23396068	0.249711177	0.000241626992	0.288478755	1	0.979581844	0.483971034	0.382375093	0.0526703096	0.512280273	0.327527298	0.0489723228	0.001718941	29.966361
23.43	1.69597051	1.0491155	0.189998295	1.61390032	1.23396215	0.249711211	0.000251331588	0.28864423	1	0.979698455	0.484947746	0.381364522	0.107396357	0.314657931	0.327075532	0.0739590898	0.00138813923	30.174842
23.44	1.69597156	1.04911659	0.189998319	1.61389883	1.23396367	0.249711242	0.000260870814	0.288773302	1	0.979738379	0.486015808	0.38011606	0.153995869	0.131329645	0.326717623	0.0708304271	0.00118353146	30.158948
23.45	1.69597266	1.04911773	0.189998342	1.61389727	1.23396524	0.249711275	0.000271283805	0.288885854	1	0.979694672	0.487172879	0.378640849	0.196268286	-0.0409806519	0.326447507	0.0393595101	0.00124894901	32.579403
23.46	1.69597377	1.04911887	0.189998364	1.6138957	1.23396684	0.249711291	0.000280300532	0.288986604	1	0.979620837	0.488435843	0.376895727	0.24317168	-0.234942151	0.326167954	0.0836380086	0.00152078803	29.970331
23.47	1.6959749	1.04911994	0.189998381	1.61389416	1.23396839	0.249711253	0.000285239629	0.289058688	1	0.979510376	0.489806475	0.374877298	0.268762364	-0.43878545	0.325921632	0.0684568042	0.00186389727	28.32953
23.48	1.69597595	1.04912115	0.189998393	1.6138926	1.23396999	0.249711362	0.000293110577	0.289110258	1	0.979170484	0.491101419	0.37290596	0.350442651	-0.523231746	0.326059074	0.0896127908	0.00228017928	30.868631
23.49	1.69597696	1.04912264	0.189998409	1.6138909	1.23397176	0.249711706	0.00031017022	0.289208765	1	0.978679307	0.492302214	0.371003098	0.476953843	-0.479783129	0.326649654	0.110256817	0.00260717334	30.570901
23.5	1.69597812	1.04912412	0.189998437	1.61388909	1.23397363	0.249711928	0.000326510101	0.289360972	1	0.978021066	0.493296909	0.368995688	0.661813825	-0.464111272	0.327257539	0.0874732243	0.00316258968	31.348262
23.51	1.6959793	1.04912514	0.189998445	1.61388754	1.23397518	0.249711823	0.00032134797	0.289309897	1	0.977259011	0.494259313	0.367442435	0.724134551	-0.377800014	0.328045869	0.0843831183	0.00352421163	29.610945
23.52	1.69598052	1.0491263	0.189998437	1.61388587	1.23397687	0.249711774	0.000322966896	0.289340261	1	0.976443418	0.49522651	0.366232945	0.71939771	-0.251284228	0.328975953	0.034236747	0.00380117281	31.329132
23.53	1.69598169	1.0491275	0.189998435	1.61388421	1.23397855	0.249711797	0.000325147674	0.289416486	1	0.97559043	0.496195743	0.365340715	0.667383661	-0.0957827107	0.330017333	0.0340909945	0.00399808046	30.86283
23.54	1.6959828	1.04912877	0.18999844	1.61388257	1.23398023	0.24971191	0.000328850291	0.289482457	1	0.974788263	0.497169565	0.364695464	0.59477063	0.0896071913	0.331147535	0.0762185692	0.0041381888	29.760611
23.55	1.69598399	1.04913004	0.18999845	1.61388086	1.23398196	0.249711967	0.000333159937	0.289515172	1	0.974029091	0.498180151	0.364368648	0.488043132	0.301490969	0.332337347	0.0570530779	0.00432069607	28.570093
23.56	1.69598518	1.04913134	0.189998461	1.61387914	1.23398372	0.249712049	0.000338306663	0.289524785	1	0.973353849	0.499242198	0.364348624	0.358807946	0.505537047	0.333487941	0.0580963443	0.00448269626	29.224304
23.57	1.69598647	1.04913246	0.189998471	1.61387743	1.23398543	0.249711921	0.000337632666	0.289526875	1	0.972779525	0.500478969	0.364204096	0.12252902	0.61266893	0.334433562	0.0470920989	0.00457256638	29.115737
23.58	1.69598626	1.04913217	0.189998742	1.61387778	1.23398507	0.249711866	0.000253556399	0.285257959	1	0.972337057	0.50178003	0.36435826	-0.104800606	0.738877078	0.33415291	0.0605191551	0.00435213948	32.826571
23.59	1.69598835	1.049135	0.18999838	1.61387442	1.23398855	0.249712391	0.000336658658	0.285575173	1	0.971818017	0.502964221	0.364571767	-0.243460784	0.926307585	0.335085794	0.0590202007	0.00429061859	30.890491
23.6	1.6959894	1.04913618	0.189998313	1.61387287	1.23399013	0.249712484	0.000328273469	0.286938296	1	0.971315767	0.504121698	0.364893153	-0.410725006	1.07213241	0.336284707	0.119037692	0.00442594378	30.139703
23.61	1.69599037	1.04913733	0.189998361	1.61387141	1.23399163	0.249712608	0.000324842641	0.287909593	1	0.970831362	0.505266325	0.36520754	-0.560202674	1.17046084	0.337342319	0.0512085348	0.00447044933	30.895816
23.62	1.69599131	1.04913854	0.189998417	1.61386994	1.23399315	0.249712799	0.000325149916	0.288337799	1	0.970353565	0.506350391	0.365371692	-0.667669615	1.19081562	0.338088471	0.114964366	0.00437926487	29.589836
23.63	1.69599209	1.04913972	0.189998434	1.61386861	1.23399454	0.249713086	0.000321244744	0.288454514	1	0.96980903	0.507335475	0.365407889	-0.729693497	1.16618268	0.338600104	0.105494799	0.0043784618	30.652545
23.64	1.69599275	1.04914085	0.189998415	1.61386742	1.2339958	0.249713415	0.000313515169	0.288499678	1	0.969194026	0.508196144	0.365368409	-0.746247063	1.12520908	0.338994649	0.0768953031	0.00454853222	31.0078
23.65	1.69599329	1.04914197	0.189998381	1.61386632	1.23399698	0.249713822	0.000305759456	0.288581351	1	0.968646429	0.508937956	0.365203636	-0.683379354	1.02730725	0.339191245	0.0855569589	0.00490192559	32.755158
23.66	1.6959937	1.04914302	0.189998344	1.61386537	1.23399801	0.24971428	0.000295916024	0.288664508	1	0.968236255	0.509552174	0.364788431	-0.547152744	0.870708209	0.339187822	0.0962503918	0.00551345552	30.004899
23.67	1.69599409	1.04914397	0.189998308	1.61386449	1.23399896	0.249714673	0.000283554411	0.28872911	1	0.968034736	0.510047409	0.364070804	-0.361470279	0.641787583	0.33895285	0.0914411655	0.00618065998	31.798254
23.68	1.69599439	1.04914499	0.189998287	1.61386365	1.23399989	0.249715182	0.00027569751	0.288795018	1	0.967994243	0.510415601	0.362962124	-0.0379949821	0.372321656	0.338552357	0.0740573779	0.00671416643	30.025641
23.69	1.69599477	1.04914577	0.189998249	1.61386288	1.23400071	0.249715469	0.000259410942	0.288832794	1	0.96814988	0.510631001	0.361606246	0.284453521	0.0469996995	0.338003979	0.116590025	0.00738476953	33.374447
23.7	1.69599512	1.04914649	0.189998214	1.61386217	1.23400147	0.249715727	0.000243190645	0.288884117	1	0.96846976	0.510675589	0.360048474	0.632577729	-0.312472719	0.337369106	0.0917322387	0.00774874465	30.533374
23.71	1.69599554	1.04914703	0.189998168	1.61386152	1.23400214	0.249715812	0.000220521651	0.288880626	1	0.968512676	0.510484744	0.358894838	0.831062515	-0.543115208	0.337053221	0.136682618	0.00806287507	32.285546
23.72	1.69599609	1.04914756	0.189998109	1.61386076	1.23400291	0.249715804	0.000202749221	0.288976123	1	0.968311738	0.510150363	0.358229438	0.942466821	-0.654527946	0.337018492	0.094976365	0.00763014791	29.062096
23.73	1.69599685	1.04914792	0.189998078	1.61385994	1.2340037	0.249715513	0.000175703215	0.289163894	1	0.967830307	0.509837289	0.357485355	0.855011957	-0.74599996	0.337126454	0.138334284	0.00692658519	34.567333
23.74	1.69599744	1.04914841	0.189998052	1.61385917	1.23400446	0.249715445	0.000163913423	0.289269172	1	0.967233184	0.509477193	0.357213779	0.722032729	-0.726438572	0.337430281	0.0734574683	0.00548550483	30.986037
23.75	1.69599809	1.04914897	0.189998028	1.61385832	1.23400531	0.249715383	0.000158790422	0.289396097	1	0.966568116	0.509089572	0.357272289	0.534664006	-0.616308737	0.337954194	0.0808109888	0.00420703325	28.623353
23.76	1.69599882	1.04914953	0.189998018	1.61385739	1.23400623	0.249715265	0.000155934692	0.289507648	1	0.965869537	0.508726946	0.357849978	0.325087606	-0.495405166	0.33837278	0.0766466728	0.00300878027	31.412367
23.77	1.69599957	1.04914991	0.189998019	1.61385657	1.23400703	0.249715	0.000141960249	0.289541164	1	0.965089682	0.508399465	0.358854614	0.0397911874	-0.336375281	0.338812216	0.103543074	0.00192596899	32.762594
23.78	1.6960002	1.04915046	0.189998015	1.61385574	1.23400786	0.249714942	0.000141138881	0.289611145	1	0.964401349	0.508004636	0.359745572	-0.192676053	-0.239050277	0.339092742	0.0766716258	0.00115267277	32.96381
23.79	1.69600072	1.04915096	0.189998015	1.61385502	1.23400858	0.24971493	0.000136659801	0.289583572	1	0.963648525	0.507538961	0.360620708	-0.418510951	-0.0686161369	0.339548816	0.143179731	0.00124391047	38.076149
23.8	1.69600151	1.04915145	0.189998014	1.61385409	1.2340095	0.249714716	0.000135190413	0.289569885	1	0.962839487	0.507072267	0.361780784	-0.676461018	0.08372843	0.339916141	0.0879198035	0.0013108629	40.080255
23.81	1.69600213	1.04915193	0.189998011	1.61385331	1.23401027	0.249714617	0.000130593882	0.289568958	1	0.962044935	0.506588951	0.362990386	-0.912111844	0.237293245	0.340267714	0.0837229081	0.00172385495	37.147435
23.82	1.69600273	1.04915246	0.189998008	1.61385251	1.23401107	0.24971457	0.00013054643	0.289584717	1	0.961333714	0.506093021	0.364175148	-1.10790714	0.388492989	0.340597625	0.0765818591	0.00199794743	37.035949
23.83	1.69600326	1.04915306	0.189998004	1.61385173	1.23401187	0.249714617	0.000134820564	0.28958851	1	0.960840728	0.505599828	0.365482556	-1.21056417	0.455017254	0.340562968	0.0677993404	0.00210392414	35.59547
23.84	1.6960032	1.04915292	0.189998393	1.61385186	1.23401173	0.249714563	0.000101009036	0.284537474	1	0.960638118	0.505135991	0.36683079	-1.23402731	0.455305296	0.339162594	0.0836105475	0.00245737836	38.536755
23.85	1.69600444	1.04915419	0.189997937	1.61385011	1.2340135	0.249714584	0.000136427579	0.284455123	1	0.960738188	0.504684561	0.368036125	-1.1788346	0.331931133	0.338249405	0.109248441	0.00311133794	35.848921
23.86	1.69600477	1.04915448	0.189997889	1.61384967	1.23401394	0.249714553	0.000108038637	0.28578228	1	0.961053181	0.504207646	0.369204384	-1.05624371	0.118035637	0.337343934	0.117518084	0.00343197189	36.778029
23.87	1.69600511	1.04915471	0.189997946	1.61384926	1.23401434	0.249714479	8.88088764e-05	0.286840592	1	0.961599834	0.503740358	0.370272831	-0.908170625	-0.157232789	0.336208038	0.0740978513	0.00406331631	39.689334
23.88	1.69600557	1.04915493	0.189997996	1.61384876	1.23401483	0.24971431	7.29914055e-05	0.287385213	1	0.962329039	0.503300417	0.371092595	-0.790647506	-0.447616726	0.334964905	0.0526046596	0.00451520873	40.512761
23.89	1.69600608	1.04915527	0.189998012	1.61384815	1.23401542	0.249714187	6.83339007e-05	0.287671378	1	0.963182162	0.502863487	0.371775961	-0.670661022	-0.771153184	0.333536455	0.0881818293	0.00465829242	42.831302
23.9	1.69600657	1.04915556	0.189998019	1.61384758	1.23401598	0.249714051	6.05698099e-05	0.287866922	1	0.964155818	0.50241737	0.372290202	-0.545863192	-1.11719918	0.332007193	0.0793428767	0.00479556525	38.841387
23.91	1.69600708	1.04915584	0.18999802	1.61384701	1.23401653	0.249713883	5.23245542e-05	0.288050863	1	0.965157058	0.501973193	0.372655018	-0.441486908	-1.46246986	0.330478258	0.101210737	0.00483953143	39.344159
23.92	1.69600752	1.04915617	0.189998016	1.61384645	1.23401708	0.249713802	4.91865511e-05	0.288235942	1	0.966199487	0.501489632	0.372912657	-0.297002831	-1.82138303	0.328902824	0.0981153163	0.00486313095	39.031032
23.93	1.696008	1.04915642	0.189998018	1.61384591	1.2340176	0.249713644	4.06865918e-05	0.288385552	1	0.967273257	0.500992447	0.372981143	-0.163019616	-2.16104594	0.327358533	0.0976552548	0.00483937586	42.013787
23.94	1.6960085	1.04915674	0.18999801	1.61384533	1.23401817	0.249713515	3.81819182e-05	0.288531478	1	0.968318355	0.500438642	0.372994567	-0.0377961067	-2.43017304	0.326072892	0.101509763	0.00469275799	42.688374
23.95	1.69600904	1.04915711	0.189997995	1.61384467	1.23401882	0.249713392	4.13353433e-05	0.288703779	1	0.969337436	0.499860161	0.372963567	0.0715850164	-2.63671348	0.325058208	0.06232109	0.00433312551	40.095145
23.96	1.69600976	1.04915744	0.189997999	1.6138439	1.23401956	0.249713118	4.34083241e-05	0.288897009	1	0.970303032	0.499360028	0.372580622	0.099246839	-2.83341336	0.324226189	0.0866732915	0.00393507272	40.150949
23.97	1.6960104	1.04915787	0.189997994	1.61384312	1.23402032	0.249712968	5.23593699e-05	0.289024106	1	0.971167667	0.498828589	0.372224558	0.133711741	-2.916434	0.323780332	0.0655535108	0.00385861445	38.865722
23.98	1.69601094	1.04915861	0.189997987	1.61384226	1.23402122	0.249713113	7.80864569e-05	0.289217027	1	0.972000202	0.498120974	0.371514206	0.316269121	-2.97763767	0.323518205	0.0966134347	0.00359760193	37.571067
23.99	1.69601158	1.04915917	0.189997993	1.61384141	1.23402207	0.249713053	9.00437791e-05	0.289246855	1	0.972685313	0.497334095	0.370985	0.438564609	-2.87162799	0.323806106	0.0472880203	0.00283741893	44.447665
24	1.69601253	1.04915993	0.189998001	1.61384019	1.23402329	0.249712921	0.000114609373	0.289373787	1	0.973231431	0.496491445	0.370603298	0.540818948	-2.61414096	0.324649853	0.051105192	0.0022455393	37.529818
24.01	1.69601374	1.04916077	0.189998037	1.61383872	1.23402473	0.249712657	0.000142970764	0.289535316	1	0.973672087	0.495649115	0.370475732	0.576347825	-2.29889382	0.325775817	0.061363994	0.00187382562	43.052317
24.02	1.69601495	1.04916168	0.189998089	1.61383721	1.23402622	0.249712448	0.000170429986	0.289627522	1	0.974028615	0.49482647	0.37058553	0.576880028	-1.94430976	0.327071605	0.0811266429	0.00185675984	40.551907
24.03	1.69601612	1.04916275	0.189998149	1.61383563	1.23402781	0.249712376	0.000198536796	0.289652933	1	0.974325859	0.49401969	0.370792765	0.574647852	-1.57071444	0.328418383	0.0739657393	0.00191388844	37.850611
24.04	1.69601735	1.04916384	0.189998207	1.61383399	1.23402946	0.249712278	0.000223796206	0.289624149	1	0.974564399	0.493248083	0.371049052	0.563159665	-1.19386853	0.329749299	0.0498035181	0.00203444737	38.804083
24.05	1.69601859	1.04916501	0.189998261	1.61383231	1.23403115	0.24971223	0.000246699221	0.289572301	1	0.974774693	0.492531593	0.37132138	0.555082292	-0.841089987	0.331036556	0.0551719438	0.0022025846	42.461151
24.06	1.6960198	1.04916619	0.189998306	1.61383063	1.23403284	0.249712208	0.000265111496	0.289498057	1	0.974933885	0.49187417	0.371656777	0.547298208	-0.508055301	0.332265962	0.038700176	0.00237499262	40.905123
24.07	1.69602098	1.04916739	0.189998343	1.61382897	1.23403453	0.249712225	0.000280193891	0.289420207	1	0.975091733	0.491298981	0.372067686	0.547572003	-0.207982009	0.333391235	0.0513024107	0.00253893957	43.572924
24.08	1.69602215	1.04916857	0.189998371	1.61382732	1.2340362	0.249712229	0.000291031638	0.289351272	1	0.975278892	0.490839523	0.372468299	0.545459264	0.0455143456	0.334378352	0.0395522132	0.00270480907	44.165522
24.09	1.6960233	1.04916976	0.189998394	1.6138257	1.23403785	0.249712262	0.000299456771	0.289290596	1	0.975514268	0.490500848	0.372784003	0.548499103	0.242249658	0.335198828	0.0500040378	0.002855743	51.931416
24.1	1.69602442	1.04917093	0.189998412	1.61382411	1.23403946	0.249712296	0.000304880884	0.289224462	1	0.975848911	0.49030206	0.372993767	0.552394949	0.368974185	0.335813174	0.0645055475	0.00297510486	46.84638
24.11	1.69602422	1.04917066	0.189998698	1.61382442	1.23403913	0.249712241	0.000228655184	0.285000264	1	0.9763093	0.490243407	0.372913402	0.569024058	0.488098427	0.335328007	0.0544707442	0.00304035012	39.948168
24.12	1.69602651	1.04917311	0.189998333	1.61382113	1.23404249	0.249712358	0.000304798387	0.285306885	1	0.9768852	0.490314995	0.372739037	0.567939506	0.507555756	0.335599431	0.0690345775	0.00338645895	43.373807
24.13	1.69602749	1.04917405	0.18999826	1.61381979	1.23404384	0.24971233	0.000291219425	0.286655579	1	0.977581087	0.490538199	0.372442097	0.525610498	0.457197961	0.336009385	0.0702593151	0.00325542988	41.718971
24.14	1.69602846	1.04917507	0.189998309	1.6138184	1.23404525	0.249712369	0.000289811826	0.287634711	1	0.97835913	0.490872264	0.372017524	0.473949045	0.375465497	0.336328175	0.0640122594	0.00314228129	43.21404
24.15	1.6960295	1.04917624	0.189998373	1.61381687	1.23404681	0.249712454	0.000296699548	0.288096516	1	0.979162887	0.491263544	0.371495677	0.442017409	0.279695692	0.336509012	0.0787705743	0.00292548413	38.18738
24.16	1.69603055	1.04917744	0.189998409	1.61381532	1.2340484	0.249712561	0.000302980197	0.28829271	1	0.98001685	0.491702726	0.370833383	0.446085669	0.157319859	0.336535506	0.0553744175	0.0028204922	39.90934
24.17	1.69603153	1.04917862	0.18999842	1.61381383	1.23404993	0.249712696	0.000305859568	0.288410934	1	0.980936948	0.49216581	0.370023528	0.486113382	0.00874588164	0.336437253	0.0923676011	0.0028134703	40.668714
24.18	1.69603248	1.04917979	0.189998421	1.61381237	1.23405143	0.249712852	0.000307060733	0.288529533	1	0.981883268	0.492637292	0.369026669	0.588271115	-0.127450878	0.336329696	0.0570175764	0.00282176733	44.748347
24.19	1.69603365	1.0491808	0.189998419	1.61381083	1.23405297	0.249712746	0.000305216615	0.288629504	1	0.982828945	0.493146604	0.368086563	0.642744461	-0.261257862	0.336208681	0.0818577302	0.0029476685	38.966523
24.2	1.69603481	1.04918181	0.189998415	1.61380929	1.23405451	0.24971264	0.000304028544	0.288723409	1	0.983712838	0.49368736	0.367226263	0.66969368	-0.380367303	0.336107059	0.0682826881	0.00290433643	39.587769
24.21	1.69603594	1.0491829	0.189998415	1.61380775	1.23405607	0.249712609	0.000305101959	0.288795241	1	0.984546071	0.494254833	0.366468475	0.688191702	-0.469201594	0.336059432	0.0545280112	0.00281563699	38.011933
24.22	1.69603708	1.04918404	0.189998418	1.61380614	1.23405769	0.249712611	0.000309012989	0.288861181	1	0.985254788	0.494786384	0.365759352	0.709856975	-0.457313076	0.3362584	0.0730947223	0.0027704227	39.292366
24.23	1.69603852	1.0491851	0.189998433	1.61380436	1.23405946	0.24971234	0.000315215959	0.289001301	1	0.985930164	0.495340813	0.364496404	0.70109014	-0.578312924	0.336230581	0.0631083419	0.00293772656	41.376589
24.24	1.69603971	1.04918603	0.189998438	1.61380285	1.23406095	0.249712156	0.000310461495	0.288896408	1	0.98635803	0.495912632	0.363682677	0.615712374	-0.557625767	0.336454719	0.0590525437	0.00289321248	41.435558
24.25	1.69604103	1.04918719	0.189998429	1.6138011	1.23406271	0.249712045	0.000317470653	0.288893225	1	0.98655328	0.496450034	0.363451161	0.549076076	-0.445855536	0.336826198	0.0533421151	0.00310541776	37.173863
24.26	1.69604235	1.04918825	0.189998425	1.61379941	1.23406439	0.249711863	0.000319339878	0.288922256	1	0.98657189	0.496993536	0.3636579	0.459830764	-0.292053664	0.337248752	0.0764229072	0.00319790861	42.430322
24.27	1.69604365	1.04918927	0.189998424	1.61379776	1.23406603	0.249711664	0.000319398079	0.28890978	1	0.986365873	0.497517699	0.364373811	0.349481175	-0.0782012089	0.33772939	0.0704139748	0.00318103521	37.443583
24.28	1.69604493	1.04919031	0.189998421	1.61379612	1.23406767	0.249711493	0.0003195327	0.288872421	1	0.985998043	0.498013382	0.365538536	0.237721538	0.196038496	0.338269655	0.0642560866	0.00311592905	38.099279
24.29	1.69604623	1.04919133	0.189998418	1.61379446	1.23406932	0.249711297	0.000319923693	0.28883319	1	0.985511475	0.498504414	0.367047438	0.133615214	0.501146637	0.338800633	0.0319681637	0.00308049256	37.554043
24.3	1.69604753	1.04919234	0.189998416	1.61379282	1.23407095	0.249711094	0.000319473383	0.288789987	1	0.984939279	0.498997239	0.368705567	0.044482754	0.836969869	0.339356363	0.0760336064	0.00306661636	39.181457
24.31	1.69604886	1.04919336	0.189998418	1.61379114	1.23407261	0.249710874	0.000320621277	0.288748148	1	0.984378756	0.499530991	0.370442006	-0.0172396354	1.14733597	0.339770027	0.0512253505	0.00314141167	42.016084
24.32	1.6960502	1.04919427	0.189998418	1.61378952	1.2340742	0.249710572	0.000318276693	0.288681808	1	0.983837629	0.500119154	0.372146581	-0.0681547769	1.41746245	0.34002309	0.0783269183	0.00322833642	40.756886
24.33	1.69605156	1.04919512	0.189998415	1.61378792	1.23407576	0.249710203	0.00031499504	0.28861216	1	0.98330677	0.500778262	0.37364452	-0.124685354	1.64869551	0.340207777	0.0433756086	0.00335567385	40.6863
24.34	1.69605131	1.04919488	0.189998701	1.61378826	1.23407542	0.249710217	0.000236697099	0.284489601	1	0.982864622	0.501476812	0.374934773	-0.157820455	1.84342344	0.339176323	0.086201107	0.0034068382	39.483292
24.35	1.69605386	1.04919673	0.189998277	1.61378511	1.23407853	0.249709719	0.00029436377	0.28496766	1	0.982415729	0.50216969	0.376110864	-0.145448402	1.95065911	0.338944187	0.0410079113	0.00355154685	42.591368
24.36	1.69605491	1.04919736	0.189998218	1.61378389	1.23407972	0.249709421	0.0002733076	0.286234455	1	0.982005142	0.502888209	0.377035044	-0.132763336	1.96791981	0.338731432	0.0729236551	0.00351877524	41.60173
24.37	1.69605599	1.04919795	0.189998253	1.61378267	1.2340809	0.249709077	0.000262038975	0.287095892	1	0.981640105	0.503623851	0.377640846	-0.123001447	1.90520129	0.338268069	0.0475217914	0.00370860012	39.849575
24.38	1.69605706	1.04919857	0.189998285	1.61378144	1.2340821	0.249708755	0.0002546608	0.287504425	1	0.981322346	0.504369995	0.377972528	-0.0990192343	1.75415826	0.337441653	0.0759791149	0.00399301631	40.068019
24.39	1.69605807	1.04919901	0.189998281	1.61378037	1.23408311	0.249708353	0.000238080411	0.28768465	1	0.981073917	0.505141721	0.378008465	-0.0568381383	1.50703005	0.336235846	0.0936424055	8.06005931e-11	41.419063
24.4	1.69605897	1.04919929	0.189998257	1.61377948	1.23408395	0.249707915	0.000213445119	0.287794846	1	0.980853548	0.505925792	0.377755817	-0.000297765024	1.18212895	0.334742895	0.0617610909	0.000186810983	43.604007
24.41	1.69605986	1.04919945	0.189998237	1.61377866	1.23408469	0.249707396	0.000186783353	0.287899615	1	0.980637321	0.506741614	0.377251723	0.0359954977	0.805167293	0.333063137	0.0742536147	0.000404743675	44.437379
24.42	1.69606084	1.04919948	0.189998227	1.61377786	1.2340854	0.249706725	0.000165347986	0.288045219	1	0.980396598	0.507633716	0.37630334	-0.00321644019	0.413749343	0.331460458	0.0439701827	0.000657703139	42.291974
24.43	1.69606174	1.04919957	0.189998204	1.61377707	1.23408611	0.249706155	0.000149736905	0.288235293	1	0.980129794	0.508557866	0.37514867	-0.0498056807	-0.0258620224	0.329744748	0.0753312566	0.00093499316	42.350845
24.44	1.69606262	1.04919954	0.189998201	1.61377638	1.23408671	0.249705509	0.000138340314	0.288365863	1	0.979762249	0.509552238	0.373892354	-0.138502173	-0.462112451	0.328035574	0.0968679193	0.00123945885	44.467392
24.45	1.69606355	1.04919945	0.189998197	1.61377568	1.2340873	0.249704789	0.000137316957	0.288492755	1	0.979271785	0.510636017	0.372570812	-0.278102585	-0.886012118	0.326392577	0.106062377	0.00157356374	42.246847
24.46	1.69606433	1.04919941	0.189998179	1.61377508	1.23408782	0.249704214	0.000133478438	0.288614984	1	0.978494789	0.511647348	0.371520904	-0.351151062	-1.20794021	0.32502105	0.0576847186	0.00193381219	41.664731
24.47	1.69606498	1.04919941	0.189998151	1.61377455	1.23408829	0.249703747	0.000127321097	0.288746681	1	0.977574477	0.512585631	0.370745167	-0.398548031	-1.45026969	0.323927762	0.0602497009	0.00221262996	42.585225
24.48	1.69606543	1.04919949	0.189998115	1.61377414	1.23408866	0.249703491	0.000112270423	0.288948629	1	0.976569661	0.513312638	0.369862734	-0.242592042	-1.68183483	0.322893471	0.0869080263	0.00241725737	43.21424
24.49	1.69606597	1.04919933	0.189998117	1.6137738	1.23408893	0.249702993	0.000122000042	0.288966372	1	0.975471027	0.513919106	0.369345209	-0.145990871	-1.8120254	0.322195202	0.0747817732	0.00244334692	43.088782
24.5	1.69606654	1.04919925	0.189998087	1.61377338	1.23408928	0.249702533	0.000128716111	0.289077175	1	0.974292236	0.51444774	0.369172265	-0.0476114792	-1.83362217	0.321865683	0.0554471158	0.00242689097	43.899509
24.51	1.69606707	1.04919924	0.189998057	1.61377296	1.23408964	0.249702155	0.000129582478	0.289268357	1	0.973136578	0.514927517	0.36924429	0.0676791613	-1.76476902	0.321885394	0.0705049639	0.0023390266	42.433388
24.52	1.69606778	1.04919918	0.189998054	1.61377243	1.2340901	0.24970161	0.00013925412	0.289499879	1	0.972071701	0.515548437	0.369077485	0.121850149	-1.71599283	0.322037419	0.0843789935	0.00216818145	39.391804
24.53	1.69606831	1.04919927	0.189998039	1.61377194	1.23409054	0.249701291	0.000131807831	0.289629498	1	0.971054636	0.516114532	0.369133823	0.216931594	-1.56290836	0.322541899	0.0449950665	0.00201988136	43.615049
24.54	1.69606902	1.04919941	0.189998026	1.61377129	1.23409114	0.249700897	0.000124601236	0.289742076	1	0.970167537	0.516653846	0.369350923	0.267244463	-1.36569767	0.323321097	0.0379096163	0.00171862576	40.324446
24.55	1.69606977	1.04919963	0.189998017	1.61377055	1.23409183	0.24970052	0.000114236701	0.289849676	1	0.969410769	0.517168492	0.36967079	0.298113849	-1.14394454	0.324304038	0.0364307656	0.00137879277	38.462149
24.56	1.69607056	1.04919992	0.189998015	1.61376974	1.23409259	0.249700165	0.000102221346	0.289924359	1	0.968816409	0.517676407	0.370017074	0.299414576	-0.919112553	0.325408762	0.0420661443	0.000982444241	42.161517
24.57	1.6960714	1.04920028	0.189998015	1.61376885	1.23409344	0.249699829	9.09419233e-05	0.289956769	1	0.968390917	0.518176546	0.370386119	0.269403013	-0.705097989	0.326566931	0.0292036327	0.000580585807	40.128652
24.58	1.69607227	1.04920073	0.189998016	1.61376789	1.23409437	0.24969953	8.26795034e-05	0.289956977	1	0.968102044	0.518671864	0.370719362	0.210141264	-0.499500727	0.327783921	0.0520737678	0.000284519036	40.124722
24.59	1.69607317	1.04920128	0.18999802	1.61376683	1.2340954	0.249699285	8.32155615e-05	0.289935472	1	0.967976553	0.519143126	0.371034657	0.136225221	-0.325333469	0.328950778	0.0391145612	0.000446392328	43.900659
24.6	1.69607411	1.0492019	0.189998037	1.6137657	1.23409651	0.249699056	9.46341751e-05	0.289879889	1	0.967983762	0.519579202	0.371340539	0.0338587189	-0.191685391	0.329997189	0.0854351731	0.000824216219	43.022917
24.61	1.69607399	1.04920185	0.189998416	1.61376583	1.23409638	0.249699108	7.02951824e-05	0.285111902	1	0.968116162	0.520017511	0.371627303	-0.117726391	-0.059615003	0.329959457	0.042340904	0.00113954313	42.318118
24.62	1.69607615	1.04920355	0.189998001	1.61376308	1.23409911	0.249698779	0.000136891629	0.285241296	1	0.968297026	0.52035794	0.371929413	-0.234712142	0.0316999112	0.330809698	0.0472120353	0.00150320151	43.825481
24.63	1.69607689	1.04920433	0.189997947	1.61376203	1.23410018	0.249698804	0.000139405838	0.286577621	1	0.968525762	0.520628249	0.372174224	-0.355380831	0.0964012938	0.331931949	0.0414849792	0.00175081763	38.880557
24.64	1.69607764	1.04920535	0.189998028	1.61376082	1.23410144	0.249699001	0.000161597949	0.287618478	1	0.96883727	0.520794061	0.372168558	-0.407134485	0.149552782	0.333019397	0.0714843653	0.00205918786	40.560488
24.65	1.69607864	1.04920643	0.189998131	1.61375937	1.23410291	0.249699053	0.000189437732	0.288097751	1	0.969220752	0.520867496	0.372029527	-0.468194985	0.139694193	0.333833407	0.0475820782	0.00240177019	44.366463
24.66	1.69607957	1.04920753	0.189998197	1.61375798	1.23410434	0.249699178	0.00021083715	0.288244196	1	0.969592644	0.520831259	0.371815093	-0.518052026	0.107716919	0.334452881	0.0520898006	0.00267403226	39.5123
24.67	1.69608045	1.04920863	0.189998229	1.61375662	1.23410574	0.249699326	0.000226362751	0.288314698	1	0.969923997	0.520685919	0.371525248	-0.564387689	0.0483292348	0.334910941	0.0647462883	0.00291971912	37.085835
24.68	1.69608125	1.0492097	0.189998241	1.61375534	1.23410707	0.249699521	0.000236499923	0.288385732	1	0.970130583	0.520418389	0.371237614	-0.609853351	-0.0112815949	0.335297876	0.0538620119	0.00309566139	42.227994
24.69	1.696082	1.04921077	0.189998244	1.6137541	1.23410835	0.249699746	0.000243802835	0.288471466	1	0.970205274	0.520034644	0.370954709	-0.651873773	-0.0586775841	0.335652665	0.0557387604	0.00321102757	41.000693
24.7	1.69608275	1.0492118	0.189998241	1.61375289	1.23410961	0.249699949	0.000248280841	0.288561634	1	0.970143508	0.519537169	0.370657692	-0.69434744	-0.0896663323	0.335995669	0.0303900304	0.00325202748	44.824453
24.71	1.69608351	1.04921277	0.189998234	1.61375171	1.23411083	0.249700099	0.000249472893	0.288642812	1	0.969900469	0.518930738	0.370361806	-0.751620204	-0.0907402098	0.336370061	0.0444761872	0.00320589427	42.462911
24.72	1.69608423	1.04921374	0.189998224	1.61375056	1.23411203	0.249700273	0.000249897665	0.28874808	1	0.96966072	0.518238983	0.369877115	-0.770899538	-0.137598092	0.336601615	0.0345156853	0.00304575357	41.913299
24.73	1.69608486	1.04921457	0.189998209	1.61374956	1.23411306	0.249700418	0.00024359196	0.288780894	1	0.969205782	0.517445578	0.369356446	-0.838224084	-0.158358393	0.336860898	0.054296816	0.00298834537	39.547392
24.74	1.69608553	1.04921534	0.189998182	1.61374856	1.23411408	0.249700481	0.000235559537	0.288835749	1	0.968619721	0.5165784	0.36880206	-0.90919608	-0.177439792	0.337057073	0.0279269619	0.00269838486	43.514886
24.75	1.6960861	1.04921604	0.18999815	1.61374768	1.23411498	0.249700571	0.000225261992	0.288908398	1	0.967906366	0.515632567	0.36815549	-0.966349626	-0.1910387	0.337213995	0.0436239158	0.00231747407	39.94506
24.76	1.69608663	1.04921666	0.189998116	1.61374689	1.23411579	0.249700645	0.000213146091	0.288992487	1	0.967079384	0.514613722	0.367386484	-0.996485372	-0.197541196	0.337342855	0.0397992653	0.00194308433	41.543191
24.77	1.69608714	1.0492172	0.189998085	1.61374617	1.23411653	0.249700662	0.000197692389	0.28908851	1	0.966156371	0.513555576	0.366445005	-1.00187356	-0.209219094	0.337408494	0.0650379158	0.00165661441	42.638045
24.78	1.69608765	1.04921761	0.189998057	1.61374551	1.23411718	0.249700592	0.000176636256	0.28918504	1	0.965081064	0.512467361	0.365351192	-0.99939465	-0.22399621	0.337416239	0.0579745317	0.00148338344	40.460119
24.79	1.69608813	1.04921793	0.189998035	1.61374493	1.23411775	0.249700475	0.000151947725	0.289305524	1	0.964020385	0.51135469	0.363931425	-0.964405042	-0.313762263	0.337213216	0.033651627	0.00155525702	41.782883
24.8	1.69608849	1.0492182	0.189998032	1.61374449	1.23411819	0.24970041	0.000125800584	0.289399863	1	0.962989085	0.510220458	0.362129141	-0.889818095	-0.501777788	0.336723673	0.0557822011	0.00192669777	41.454095
24.81	1.69608845	1.04921808	0.189998414	1.61374458	1.23411808	0.249700353	9.58168372e-05	0.284140231	1	0.961980122	0.509068561	0.359893128	-0.79297356	-0.760623582	0.335038009	0.0406839842	0.00244866486	38.591114
24.82	1.69608923	1.04921878	0.18999792	1.61374354	1.23411913	0.249700298	9.13218578e-05	0.284061341	1	0.96091644	0.507806824	0.357293103	-0.593463806	-1.13104361	0.333935511	0.0473685256	0.00311953791	39.268081
24.83	1.69608923	1.0492188	0.189997915	1.61374353	1.23411914	0.24970031	6.91134908e-05	0.285532589	1	0.959854054	0.506439305	0.354287244	-0.318198653	-1.60696575	0.332893224	0.0454831318	0.00344194978	39.727716
24.84	1.69608912	1.04921871	0.189998009	1.61374367	1.234119	0.249700323	8.0671445e-05	0.286775645	1	0.958768487	0.504930174	0.35093443	0.0355905863	-2.1714009	0.331605999	0.0422328168	0.00407877263	42.414937
24.85	1.69608889	1.04921861	0.189998106	1.61374392	1.23411877	0.249700421	0.000115306864	0.287474487	1	0.957667122	0.503232991	0.3471641	0.516866225	-2.78065841	0.329875264	0.0537909173	0.00471084699	46.925462
24.86	1.69608868	1.04921844	0.189998158	1.61374419	1.2341185	0.249700444	0.000150329636	0.288030635	1	0.956490991	0.501327994	0.343138997	1.02896604	-3.45113131	0.327855924	0.050041082	0.00529868996	44.776606
24.87	1.69608841	1.04921825	0.1899982	1.61374452	1.23411817	0.2497005	0.000188434633	0.288631448	1	0.955223742	0.499188781	0.338856046	1.60174405	-4.17789833	0.325682695	0.0390528673	0.00606300999	38.563767
24.88	1.69608805	1.04921802	0.189998256	1.61374495	1.23411776	0.249700596	0.000229182173	0.289242085	1	0.953960313	0.496828109	0.334263332	2.23157698	-4.96910248	0.323370403	0.0646568423	0.00705335703	38.963446
24.89	1.69608695	1.04921709	0.189998644	1.61374638	1.23411632	0.249700715	0.000367418391	0.28979814	1	0.952540392	0.494189548	0.329530956	2.80401486	-5.75036549	0.321158487	0.0172075149	0.00828680963	41.204444
24.9	1.69608741	1.04921736	0.189998744	1.61374585	1.23411684	0.249700588	0.000222643476	0.282254727	1	0.953190122	0.494237663	0.330138431	2.05324775	-5.36635809	0.321608265	0.0428543934	0.00835266738	40.583722
24.91	1.69609099	1.0492182	0.189998194	1.61374246	1.23411996	0.249698651	0.000105750818	0.281999728	1	0.953788168	0.494361373	0.330396807	1.54188342	-5.1089326	0.322890669	0.0408215305	0.00586327064	42.68987
24.92	1.69609112	1.04921874	0.18999805	1.61374204	1.23412044	0.249698932	9.85359839e-05	0.283705627	1	0.954382506	0.494508826	0.330589101	1.18290098	-4.88702347	0.324445561	0.0271248971	0.00266844696	43.557497
24.93	1.69609132	1.04921915	0.189998061	1.61374163	1.23412087	0.249699079	9.23970865e-05	0.285397869	1	0.954969088	0.494652942	0.330655142	0.948505584	-4.71254082	0.325869874	0.0356758561	0.00212487209	44.308893
24.94	1.6960916	1.04921959	0.189998105	1.61374115	1.23412138	0.249699199	8.04497638e-05	0.286322884	1	0.955624245	0.49482334	0.330638838	0.818838437	-4.57514161	0.326997043	0.0413358285	0.00229525894	44.846421
24.95	1.69609197	1.04922009	0.189998123	1.61374056	1.234122	0.249699287	6.83552317e-05	0.286688415	1	0.956394898	0.495064646	0.330532216	0.758557035	-4.47536197	0.327834705	0.0406076931	0.0022643669	41.877689
24.96	1.69609238	1.04922066	0.189998119	1.61373989	1.23412268	0.249699404	6.54683519e-05	0.286855793	1	0.95715112	0.495290347	0.330334857	0.764748857	-4.39770332	0.328473025	0.0353503123	0.00238139804	40.236616
24.97	1.69609282	1.04922117	0.189998103	1.61373923	1.23412336	0.249699454	6.49597762e-05	0.286998843	1	0.957913418	0.495554509	0.329917432	0.798929926	-4.31582378	0.329084988	0.0528048113	0.00250201264	42.669832
24.98	1.69609332	1.04922174	0.189998084	1.61373849	1.23412411	0.249699502	6.84671105e-05	0.287151308	1	0.958570618	0.495775133	0.329514498	0.883827089	-4.24321737	0.329573739	0.0352631704	0.00277329979	43.017553
24.99	1.69609379	1.04922223	0.189998074	1.61373783	1.23412479	0.249699521	7.08786406e-05	0.287247318	1	0.95916914	0.495977092	0.329151116	0.985681039	-4.18184114	0.329961043	0.0256330148	0.00283586063	41.611242
25	1.69609425	1.0492227	0.189998065	1.61373718	1.23412545	0.249699527	7.23494458e-05	0.287294417	1	0.959659203	0.496134979	0.32890018	1.09759574	-4.13628394	0.330224708	0.039625114	0.00278626405	40.241406
25.01	1.69609464	1.04922318	0.18999806	1.61373658	1.23412607	0.249699582	7.61056721e-05	0.287324993	1	0.960123956	0.496256612	0.328606688	1.25433768	-4.08130013	0.330457128	0.0505220823	0.00256796316	44.040363
25.02	1.6960951	1.04922359	0.189998047	1.61373597	1.23412668	0.249699548	7.28264416e-05	0.287338901	1	0.960477809	0.496345272	0.328417816	1.38024137	-4.03912654	0.330628608	0.0322499752	0.00244949646	40.993174
25.03	1.69609554	1.04922395	0.18999804	1.6137354	1.23412725	0.249699499	6.72912303e-05	0.28734515	1	0.960774535	0.49643942	0.328279456	1.49153006	-4.01445341	0.330719547	0.0307116923	0.00220576686	39.251704
25.04	1.69609594	1.04922432	0.189998037	1.61373486	1.23412779	0.249699475	6.38334988e-05	0.287344719	1	0.960972823	0.496515844	0.328214543	1.59433026	-3.99839477	0.330751606	0.0321013324	0.00193648259	42.797044
25.05	1.69609632	1.04922467	0.189998035	1.61373435	1.2341283	0.249699451	6.00865002e-05	0.287342847	1	0.961133193	0.496600004	0.328173365	1.68584143	-3.99073026	0.330741502	0.0302379833	0.00164024994	41.27297
25.06	1.69609671	1.049225	0.189998031	1.61373384	1.23412881	0.249699405	5.5278135e-05	0.287355944	1	0.961318218	0.496728168	0.328094575	1.75183406	-3.99231381	0.330722506	0.04611118	0.00139205714	42.741642
25.07	1.69609712	1.04922533	0.189998026	1.61373331	1.23412934	0.249699352	5.1133843e-05	0.287387675	1	0.961523156	0.496896329	0.327966599	1.78434066	-3.99910422	0.330724192	0.0278341441	0.00123292713	44.50723
25.08	1.69609754	1.04922567	0.189998021	1.61373277	1.23412988	0.249699299	4.81682718e-05	0.287425757	1	0.961793819	0.497136694	0.327780863	1.78578612	-4.01697516	0.330735327	0.0452701807	0.00112877624	41.440248
25.09	1.69609795	1.04922605	0.189998016	1.61373221	1.23413044	0.249699269	4.79559421e-05	0.287458318	1	0.962114196	0.497442505	0.327573739	1.77301741	-4.04558683	0.330741539	0.0375391363	0.00110211666	43.34971
25.1	1.69609837	1.04922643	0.189998014	1.61373165	1.234131	0.249699247	4.85751438e-05	0.287470952	1	0.96242675	0.497756049	0.327382404	1.7528587	-4.07878194	0.330738486	0.0363442676	0.00112791061	42.005496
25.11	1.6960988	1.0492268	0.189998013	1.61373109	1.23413157	0.249699203	4.71202618e-05	0.287472586	1	0.962769788	0.49815797	0.327088319	1.70437544	-4.11312754	0.330787002	0.0496126053	0.00112807845	43.344842
25.12	1.69609923	1.04922722	0.189998006	1.61373049	1.23413217	0.249699196	5.01841729e-05	0.287478101	1	0.963112509	0.49858532	0.326829849	1.67356265	-4.15551505	0.330811939	0.0367247379	0.0012583268	43.895551
25.13	1.69609961	1.04922768	0.189998008	1.61372991	1.23413276	0.249699256	5.75585293e-05	0.287472539	1	0.963511846	0.499006686	0.326553591	1.68513097	-4.1933666	0.330827281	0.0500319378	0.00131208875	45.851444
25.14	1.69609997	1.04922817	0.189998015	1.61372933	1.23413336	0.249699346	6.5873492e-05	0.287454923	1	0.963723061	0.499235428	0.326165227	1.74456666	-4.2750895	0.330710114	0.0275099832	0.00139060938	47.571896
25.15	1.69609998	1.0492281	0.189998401	1.61372937	1.23413332	0.249699289	4.90306974e-05	0.281761414	1	0.963964894	0.499544185	0.326095685	1.75509227	-4.28037862	0.329653283	0.0346594656	0.00117521335	46.515742
25.16	1.69610137	1.0492292	0.189997938	1.6137276	1.23413508	0.249699082	6.97695549e-05	0.281571927	1	0.964265001	0.499937947	0.325927123	1.7249898	-4.31981938	0.329521454	0.0352009058	0.00149583803	47.348823
25.17	1.69610166	1.04922965	0.189997875	1.6137271	1.2341356	0.249699195	7.05487789e-05	0.283119876	1	0.964317377	0.500150362	0.325653963	1.78215684	-4.36681042	0.329767147	0.0358959945	0.00129577332	42.208906
25.18	1.69610192	1.04923	0.189997943	1.61372668	1.23413604	0.24969926	7.14675351e-05	0.284332215	1	0.964164999	0.500172147	0.325220216	1.87460787	-4.43763933	0.329982733	0.035352658	0.00154578778	44.615816
25.19	1.6961022	1.04923033	0.189998011	1.61372626	1.23413647	0.249699296	7.05900959e-05	0.284871597	1	0.963816281	0.500009728	0.324670727	1.99481666	-4.53700265	0.329995064	0.0260367128	0.00125046594	44.122888
25.2	1.69610259	1.04923052	0.189998032	1.61372583	1.23413688	0.249699152	5.5376946e-05	0.285030475	1	0.963709831	0.500152548	0.324680737	1.97734117	-4.50926155	0.330161225	0.0511149274	0.00134625904	47.379972
25.21	1.69610305	1.049231	0.189997997	1.61372517	1.23413755	0.24969917	5.89041945e-05	0.285426758	1	0.96360561	0.500344949	0.324627449	1.9593196	-4.49796608	0.330361533	0.0447103374	0.00123493557	48.996327
25.22	1.69610343	1.04923145	0.189998003	1.61372461	1.23413812	0.249699216	6.31965537e-05	0.285754205	1	0.963509329	0.500547821	0.324471809	1.97548759	-4.46889874	0.330609566	0.047635473	0.00113785644	46.804486
25.23	1.69610389	1.04923185	0.189998005	1.613724	1.23413873	0.249699173	5.98859987e-05	0.285953476	1	0.963428194	0.500780569	0.324289876	1.95538719	-4.44713807	0.330843824	0.0397511427	0.00114539474	42.281628
25.24	1.69610435	1.04923225	0.189998005	1.61372339	1.23413935	0.249699133	5.77923411e-05	0.286070768	1	0.963312471	0.501024828	0.324116975	1.92408963	-4.43265171	0.331042357	0.0343391409	0.0010718914	45.686133
25.25	1.69610481	1.04923264	0.189998005	1.61372278	1.23413995	0.249699084	5.529132e-05	0.286147108	1	0.963161219	0.501299975	0.323885203	1.86871913	-4.415495	0.331261686	0.0486491182	0.00100352033	44.266026
25.26	1.69610527	1.04923308	0.189998001	1.61372216	1.23414058	0.249699068	5.66458065e-05	0.286219045	1	0.962892287	0.501565955	0.32359297	1.806111	-4.37901705	0.33156455	0.0488356373	0.000968620856	42.01235
25.27	1.69610572	1.04923354	0.189997999	1.61372152	1.23414123	0.249699074	5.98981694e-05	0.286280182	1	0.962470579	0.501803143	0.323279745	1.74804795	-4.32123949	0.331946329	0.0298100234	0.0010026509	46.093581
25.28	1.69610619	1.04923397	0.189997995	1.61372089	1.23414186	0.249699049	6.01531856e-05	0.28633337	1	0.962028803	0.502109902	0.322882713	1.66929636	-4.26864927	0.33234525	0.0508693484	0.00106493124	46.207475
25.29	1.69610664	1.04923444	0.189997993	1.61372025	1.23414252	0.249699062	6.35989737e-05	0.286382162	1	0.961498513	0.502382707	0.322504447	1.61807192	-4.18524757	0.332826027	0.0396479678	0.00113936352	45.182738
25.3	1.69610704	1.049235	0.189998001	1.61371959	1.2341432	0.249699177	7.41014539e-05	0.286452373	1	0.960818868	0.502496404	0.321807205	1.63507239	-4.14392988	0.333233055	0.0658511658	0.00131171707	43.662228
25.31	1.69610748	1.04923533	0.189998004	1.61371904	1.23414374	0.249699095	6.45206636e-05	0.286400281	1	0.960306258	0.502801618	0.321390462	1.58857855	-4.02904735	0.333767175	0.0387329626	0.00139957196	41.965498
25.32	1.69610797	1.04923591	0.189997985	1.61371831	1.23414449	0.24969916	7.37118718e-05	0.286520639	1	0.959841067	0.503141228	0.320950145	1.56928946	-3.92465055	0.33431667	0.0330809932	0.00166477867	40.729238
25.33	1.69610844	1.0492364	0.189997985	1.61371764	1.23414517	0.249699169	7.54998557e-05	0.286612681	1	0.959594856	0.503582573	0.320505784	1.55718104	-3.81913114	0.334853941	0.020191847	0.00188172593	42.056499
25.34	1.69610893	1.04923698	0.189997994	1.61371691	1.23414592	0.249699241	8.42341923e-05	0.286678458	1	0.959220499	0.503886924	0.319875388	1.58085404	-3.78666432	0.335179348	0.0249322426	0.00214116215	45.468492
25.35	1.69610891	1.04923688	0.189998385	1.61371698	1.23414584	0.249699182	6.27915547e-05	0.281338546	1	0.958759823	0.50413777	0.318899791	1.59348431	-3.76827856	0.334461524	0.0327279111	0.00192038764	47.976982
25.36	1.69611043	1.04923797	0.189997961	1.61371511	1.23414769	0.249698877	8.31323043e-05	0.281098339	1	0.958410135	0.504516885	0.318382092	1.58878878	-3.69258654	0.334685602	0.0325568191	0.00191630832	50.413854
25.37	1.69611081	1.04923844	0.189997872	1.61371452	1.23414829	0.249698946	7.58802586e-05	0.282628837	1	0.958080734	0.504840608	0.318027423	1.59379541	-3.61444361	0.33534368	0.0565497146	0.00197903032	48.462708
25.38	1.69611121	1.04923883	0.189997919	1.61371397	1.23414885	0.249698938	7.15185142e-05	0.283902305	1	0.95778387	0.505119681	0.317817049	1.6259361	-3.55484568	0.335953016	0.0416512437	0.00236571158	50.463078
25.39	1.69611163	1.04923925	0.189997976	1.61371339	1.23414944	0.249698935	7.09249044e-05	0.2845024	1	0.957555466	0.505364063	0.317764266	1.6791091	-3.52650216	0.336287147	0.036401483	0.00211762621	45.199681
25.4	1.69611214	1.04923956	0.189998009	1.61371279	1.23415002	0.249698796	6.07920411e-05	0.284719901	1	0.957468754	0.505746812	0.31776805	1.68335805	-3.55961561	0.336325452	0.0384534971	0.00173355086	48.0961
25.41	1.69611255	1.04923993	0.189998016	1.61371223	1.23415058	0.249698765	5.7247417e-05	0.284851596	1	0.957355738	0.506085609	0.317887531	1.70315472	-3.59015025	0.33628182	0.058078957	0.00138238184	46.816299
25.42	1.69611296	1.04924032	0.189998017	1.61371168	1.23415113	0.249698751	5.53440286e-05	0.284998958	1	0.957214647	0.506358442	0.318026665	1.72547183	-3.62142011	0.336209004	0.050607662	0.00121622252	46.070993
25.43	1.69611337	1.04924067	0.189998018	1.61371114	1.23415168	0.249698713	5.19400409e-05	0.285143712	1	0.957020038	0.506553497	0.318164292	1.74318275	-3.64421314	0.336149854	0.0381065398	0.00112353181	51.221348
25.44	1.69611379	1.04924102	0.189998018	1.61371059	1.23415222	0.249698655	4.77731941e-05	0.285266998	1	0.95675849	0.506658648	0.318280388	1.74391224	-3.65330043	0.336133603	0.0503945841	0.00107326683	45.392979
25.45	1.69611424	1.04924135	0.189998017	1.61371004	1.23415277	0.249698574	4.25946637e-05	0.285361053	1	0.956515727	0.506736003	0.318417857	1.71823694	-3.67295535	0.336080972	0.0505681628	0.0010172183	42.774155
25.46	1.69611466	1.04924169	0.189998016	1.6137095	1.23415331	0.249698521	4.04710322e-05	0.285440862	1	0.956324983	0.506789949	0.318535274	1.68228843	-3.69352009	0.336027817	0.0400348664	0.000944994731	42.853287
25.47	1.69611505	1.04924208	0.189998014	1.61370895	1.23415387	0.249698517	4.33579177e-05	0.285528473	1	0.956158004	0.506789802	0.318552172	1.67406765	-3.68520798	0.336065253	0.0233992503	0.000889220594	43.825809
25.48	1.69611548	1.04924248	0.189998014	1.61370837	1.23415445	0.249698501	4.53867227e-05	0.28561388	1	0.955867616	0.50655462	0.318320884	1.69040541	-3.73790815	0.336004164	0.0410360268	0.00082212115	39.846628
25.49	1.69611591	1.04924269	0.189998023	1.6137079	1.2341549	0.249698344	3.30334281e-05	0.285551515	1	0.955667085	0.506446769	0.318466524	1.61683349	-3.71088111	0.336067009	0.0279357565	0.000965483252	41.980612
25.5	1.69611635	1.04924313	0.189998	1.61370728	1.23415553	0.24969834	3.85050968e-05	0.285660974	1	0.955508542	0.506286774	0.318618477	1.56600879	-3.68666646	0.336194132	0.0542856067	0.000865256973	42.796896
25.51	1.69611677	1.04924352	0.189998001	1.61370671	1.2341561	0.249698321	4.08118092e-05	0.28575091	1	0.95540496	0.506094804	0.318759	1.52095115	-3.66702089	0.336326398	0.0189485824	0.000911431489	43.459086
25.52	1.6961172	1.04924391	0.189998004	1.61370614	1.23415668	0.249698291	4.18958481e-05	0.285789917	1	0.955324073	0.50586539	0.318888621	1.47577294	-3.64667253	0.336465778	0.0244565467	0.00094225281	48.20278
25.53	1.69611763	1.04924431	0.189998003	1.61370556	1.23415726	0.24969827	4.38011676e-05	0.28580116	1	0.955318627	0.505624563	0.319041413	1.43652816	-3.62950012	0.336595625	0.017679063	0.000987784466	42.571799
25.54	1.6961181	1.04924466	0.189998002	1.61370497	1.23415784	0.249698182	3.98173521e-05	0.285815662	1	0.955382942	0.505495011	0.319125441	1.33973985	-3.65568408	0.336603934	0.0374875364	0.00110892484	42.807901
25.55	1.69611856	1.04924501	0.189998004	1.61370439	1.23415842	0.249698114	3.79809342e-05	0.285827413	1	0.955391782	0.505382097	0.31912079	1.23702663	-3.64927529	0.336730653	0.029524186	0.000896288258	43.152825
25.56	1.69611896	1.04924553	0.189998007	1.61370377	1.23415906	0.249698194	4.96658557e-05	0.285861812	1	0.955212326	0.505045261	0.318908301	1.20938215	-3.7109767	0.336696003	0.0165213146	0.000759846545	44.597003
25.57	1.69611895	1.04924547	0.189998394	1.6137038	1.23415902	0.249698151	3.66824719e-05	0.280150948	1	0.955138034	0.50489232	0.319025576	1.08955628	-3.68386957	0.335776823	0.030562854	0.000909324279	43.868291
25.58	1.69612046	1.04924661	0.189997948	1.61370192	1.23416089	0.249697897	6.03648761e-05	0.279992528	1	0.955018746	0.504712591	0.319148778	1.00706543	-3.69754429	0.335639193	0.0531468886	0.00114550971	43.433299
25.59	1.6961208	1.04924693	0.189997886	1.61370145	1.23416136	0.249697886	4.94599555e-05	0.281520958	1	0.954898293	0.504553047	0.319350207	0.921044736	-3.70661071	0.335878478	0.0267655321	0.000826323409	43.437732
25.6	1.69612117	1.04924729	0.189997932	1.61370094	1.23416187	0.24969787	4.88295832e-05	0.282812881	1	0.954819983	0.504388085	0.319615577	0.861691268	-3.70736055	0.336163787	0.0346282843	0.00134405733	40.541627
25.61	1.69612159	1.04924773	0.189997985	1.61370034	1.23416249	0.249697886	5.3188111e-05	0.283482362	1	0.954699411	0.504173088	0.319827234	0.836005463	-3.71488823	0.336311666	0.0443596687	0.00106308868	39.5033
25.62	1.69612208	1.04924811	0.189998013	1.61369972	1.2341631	0.249697812	5.11765911e-05	0.283747627	1	0.954602753	0.503981474	0.320034575	0.817186344	-3.73028047	0.336319247	0.063452245	0.000816374422	39.492809
25.63	1.69612254	1.04924852	0.189998016	1.6136991	1.23416372	0.249697772	5.13330295e-05	0.283921873	1	0.954553773	0.503817469	0.320247092	0.81187653	-3.75210603	0.336246058	0.018993226	0.000842024206	40.720341
25.64	1.69612301	1.04924892	0.189998013	1.6136985	1.23416432	0.249697726	5.04377214e-05	0.284106718	1	0.954524215	0.503679719	0.320507938	0.815765117	-3.78372796	0.336109286	0.0277785183	0.000893468389	40.055273
25.65	1.69612343	1.04924934	0.189998013	1.6136979	1.23416492	0.249697728	5.30371446e-05	0.284295766	1	0.954512436	0.503520325	0.320727257	0.862984979	-3.79889407	0.335993847	0.0330876573	0.000978149006	47.993684
25.66	1.69612391	1.04924975	0.189998011	1.61369728	1.23416555	0.249697675	5.21361475e-05	0.284438752	1	0.954535869	0.503366946	0.321041849	0.903277675	-3.83383381	0.335797472	0.0367766431	0.00096799697	51.7195
25.67	1.69612435	1.04925014	0.189998014	1.61369669	1.23416614	0.249697642	5.14323335e-05	0.284530806	1	0.954571933	0.503203815	0.321431786	0.96450153	-3.88025573	0.335511509	0.0317913221	0.00105541383	47.498376
25.68	1.69612478	1.04925053	0.189998017	1.61369611	1.23416672	0.249697613	5.08766001e-05	0.284601869	1	0.954600336	0.503081319	0.321719125	1.04197271	-3.90771232	0.335289205	0.0338154766	0.00120407496	40.831727
25.69	1.69612519	1.04925103	0.18999802	1.61369548	1.23416737	0.249697678	5.89598549e-05	0.284684473	1	0.954455155	0.502724696	0.321822499	1.21002803	-3.981859	0.334946718	0.0298957403	0.00118351001	44.596414
25.7	1.69612563	1.04925127	0.18999803	1.61369499	1.23416784	0.24969753	4.43880195e-05	0.28462055	1	0.954398842	0.50249417	0.322277783	1.29994227	-3.98147781	0.334698624	0.0543125759	0.00156045385	41.965267
25.71	1.69612623	1.04925161	0.189998016	1.6136943	1.23416851	0.249697351	3.7322703e-05	0.28473805	1	0.954397225	0.502412943	0.322578089	1.3228114	-4.01160613	0.334474212	0.0456397079	0.00152781642	39.175913
25.72	1.69612671	1.04925202	0.18999801	1.61369368	1.23416913	0.249697303	3.90782187e-05	0.284851678	1	0.954531777	0.502407736	0.322877498	1.36314445	-4.0283221	0.334273563	0.0437947217	0.0013656199	41.671831
25.73	1.69612717	1.04925251	0.189998012	1.61369301	1.23416981	0.249697321	4.732864e-05	0.284960191	1	0.954595374	0.502319905	0.322817635	1.45965891	-4.0986615	0.333975505	0.0422745915	0.00111345158	38.801125
25.74	1.69612716	1.04925245	0.189998399	1.61369306	1.23416976	0.249697287	3.51086838e-05	0.27951293	1	0.954852258	0.502434377	0.322824491	1.47189757	-4.11870902	0.332806324	0.0284878792	0.00106663711	41.308014
25.75	1.69612905	1.04925362	0.189997996	1.61369084	1.23417192	0.249696783	6.51670385e-05	0.279399941	1	0.955125806	0.50257664	0.322711514	1.50079133	-4.16316789	0.33248674	0.0267286463	0.00152772019	40.561544
25.76	1.69612954	1.04925404	0.189997908	1.6136902	1.23417256	0.249696732	5.23593699e-05	0.280951506	1	0.955419582	0.502763207	0.32261774	1.51954602	-4.19051948	0.332653634	0.0374980207	0.000626143973	43.722624
25.77	1.69613014	1.0492545	0.189997956	1.61368944	1.23417332	0.24969663	5.72028343e-05	0.282261088	1	0.955694043	0.502961858	0.322515676	1.5447884	-4.2101754	0.332923833	0.0287966528	0.000985960509	39.111238
25.78	1.69613094	1.04925504	0.189998037	1.61368848	1.23417426	0.249696448	6.99521502e-05	0.282919679	1	0.955999239	0.50323612	0.322322285	1.5498123	-4.23248508	0.333129844	0.0461574309	0.000630169496	44.376339
25.79	1.69613184	1.04925562	0.189998094	1.61368741	1.2341753	0.249696222	8.43725364e-05	0.283186908	1	0.956290707	0.50354573	0.32218796	1.52751104	-4.27631587	0.333181146	0.0558456087	0.00050370874	39.240166
25.8	1.69613261	1.04925622	0.189998118	1.61368644	1.23417627	0.249696096	9.38335691e-05	0.283327852	1	0.956507342	0.503815123	0.322112967	1.49833842	-4.32046408	0.333169603	0.0425370744	0.000617925389	41.635652
25.81	1.6961333	1.04925684	0.189998125	1.61368551	1.23417721	0.249696049	0.000100814003	0.283473828	1	0.956683767	0.504035147	0.321986117	1.50570074	-4.34299885	0.333191828	0.0300045717	0.000613746307	39.035341
25.82	1.69613408	1.04925743	0.189998132	1.61368453	1.23417817	0.249695917	0.000106101773	0.283613649	1	0.956711384	0.504148266	0.321926217	1.48321503	-4.35137727	0.333257721	0.0337415053	0.000600756943	41.403067
25.83	1.69613477	1.04925803	0.189998138	1.61368363	1.23417908	0.249695852	0.000109456312	0.283741784	1	0.956537293	0.504074767	0.321693063	1.49471344	-4.3826491	0.333261476	0.0566438592	0.000504460588	41.36274
25.84	1.69613546	1.04925842	0.189998132	1.61368284	1.23417985	0.249695635	0.000100585986	0.283752536	1	0.956381806	0.504046913	0.321707262	1.45369562	-4.35713583	0.333362267	0.0559564904	0.00029287369	43.584705
25.85	1.69613618	1.04925903	0.189998119	1.6136819	1.23418079	0.249695558	0.000104979447	0.283875584	1	0.956235625	0.503975445	0.321730647	1.41861137	-4.30614421	0.333587451	0.0434563477	0.000176156081	41.602661
25.86	1.6961369	1.04925963	0.189998125	1.61368096	1.23418172	0.249695478	0.000109169576	0.284024325	1	0.955896512	0.503820493	0.321421154	1.38203675	-4.32189783	0.333697582	0.0297273323	0.000175086802	40.20063
25.87	1.69613754	1.04926003	0.189998122	1.61368021	1.23418245	0.249695306	9.99571699e-05	0.283995088	1	0.955530474	0.503669147	0.321338254	1.33267926	-4.25678026	0.333966975	0.0435960728	0.000132532304	44.358169
25.88	1.6961381	1.0492608	0.189998116	1.6136793	1.2341834	0.249695462	0.000110199657	0.284087764	1	0.955080538	0.503324945	0.320998395	1.36703459	-4.23263728	0.334177104	0.0635779903	0.000111908923	41.285909
25.89	1.69613868	1.04926121	0.189998104	1.61367858	1.2341841	0.249695335	0.000100172065	0.284070417	1	0.954768881	0.50306121	0.320955848	1.36357222	-4.13706371	0.334481608	0.0350368728	0.000447602015	41.538285
25.9	1.69613939	1.04926183	0.189998093	1.61367765	1.23418504	0.249695273	0.000105353731	0.284189852	1	0.954478203	0.502753781	0.320854028	1.37582463	-4.0375219	0.334840237	0.0397800998	0.000425987628	37.725861
25.91	1.69614011	1.04926237	0.189998097	1.61367675	1.23418593	0.249695146	0.000106022738	0.284280926	1	0.954223813	0.50243444	0.320705256	1.38316584	-3.93616021	0.335215217	0.0299762445	0.000436973643	40.675637
25.92	1.69614084	1.04926293	0.189998102	1.61367583	1.23418684	0.249695025	0.000108008272	0.284328491	1	0.954019447	0.502112558	0.320534904	1.38972716	-3.83789973	0.335575156	0.0312729049	0.000429067208	40.471506
25.93	1.69614159	1.04926346	0.189998107	1.61367491	1.23418775	0.249694873	0.000108851955	0.284353138	1	0.95389199	0.501798986	0.320351098	1.38674252	-3.74897334	0.335900542	0.0256836972	0.000444854536	40.834043
25.94	1.69614238	1.04926395	0.18999811	1.61367398	1.23418866	0.249694658	0.000107913747	0.284370747	1	0.953866976	0.501557308	0.320178579	1.35483055	-3.68673097	0.336149246	0.0507406399	0.000480857083	42.674953
25.95	1.69614314	1.04926447	0.189998112	1.61367307	1.23418956	0.24969449	0.000108001523	0.28439131	1	0.953976546	0.501398716	0.319995831	1.30909602	-3.64805074	0.336330233	0.0322358582	0.000542650831	40.318534
25.96	1.69614386	1.04926508	0.189998117	1.61367213	1.2341905	0.249694412	0.000112241202	0.284437158	1	0.954105991	0.501264296	0.319610196	1.28687481	-3.57122758	0.336671473	0.0442258932	0.000685737145	42.983353
25.97	1.69614473	1.04926574	0.189998133	1.61367103	1.23419159	0.249694261	0.000121175718	0.284463021	1	0.954250302	0.501115649	0.319365521	1.26566367	-3.52386799	0.336899694	0.0442079892	0.00102281408	42.790165
25.98	1.69614464	1.04926562	0.189998489	1.61367117	1.23419143	0.249694245	9.05362444e-05	0.279311899	1	0.954446501	0.500979341	0.319191252	1.24795133	-3.47664043	0.336041007	0.0305212207	0.00108719918	41.085614
25.99	1.69614662	1.04926726	0.189998131	1.61366861	1.23419399	0.249694003	0.000137780657	0.279250548	1	0.954496324	0.500721882	0.319111025	1.27498261	-3.45313346	0.335986774	0.0595912859	0.0014948912	38.324656
26	1.6961471	1.04926766	0.189998021	1.61366799	1.23419461	0.249693945	0.000110130182	0.280691314	1	0.954425683	0.500385515	0.319222929	1.30447886	-3.4160792	0.336302841	0.0415655538	0.000922526759	39.247815
26.01	1.69614773	1.04926797	0.189998051	1.61366729	1.23419528	0.249693717	9.46341751e-05	0.281895867	1	0.954345082	0.500194748	0.319328578	1.26983641	-3.41763169	0.336565344	0.0401753725	0.00107999764	42.018159
26.02	1.69614836	1.04926841	0.189998091	1.61366653	1.23419603	0.249693582	9.21482449e-05	0.282512472	1	0.954296271	0.500065494	0.319561801	1.25245046	-3.40864314	0.336744931	0.0459519775	0.000754370676	37.618732
26.03	1.69614888	1.04926908	0.189998116	1.61366572	1.23419687	0.249693689	9.96577323e-05	0.282832954	1	0.954127408	0.499805699	0.319537081	1.30829125	-3.46671083	0.336726139	0.0517638763	0.000341787175	41.821603
26.04	1.69614942	1.04926942	0.189998113	1.61366508	1.23419749	0.249693548	8.63831619e-05	0.282922859	1	0.954079225	0.499732162	0.319759031	1.30712433	-3.48152779	0.336709582	0.0164676459	0.000609619788	39.046326
26.05	1.69615001	1.04926998	0.189998093	1.61366427	1.23419831	0.249693522	8.90465858e-05	0.283148745	1	0.954088481	0.499722178	0.319961999	1.31025226	-3.51600598	0.336686646	0.0297954452	0.000800949286	39.795331
26.06	1.69615046	1.04927059	0.189998089	1.61366355	1.23419906	0.249693643	9.39189818e-05	0.283384692	1	0.953981336	0.499592977	0.319858736	1.38615582	-3.62491517	0.336537613	0.0353785511	0.0010603798	40.602751
26.07	1.69615095	1.04927093	0.189998086	1.61366295	1.23419965	0.249693537	8.09780787e-05	0.28342237	1	0.953988396	0.499728435	0.32003905	1.37834493	-3.65229672	0.336538371	0.0361902493	0.00174952422	39.479304
26.08	1.69615155	1.04927169	0.18999808	1.61366201	1.23420061	0.24969365	9.56340822e-05	0.283625192	1	0.953974238	0.49988732	0.320001736	1.40693816	-3.65555681	0.336664693	0.0495141538	0.00193824578	40.837639
26.09	1.69615218	1.04927239	0.189998098	1.61366109	1.23420155	0.249693694	0.00010498639	0.283780518	1	0.953849606	0.49996447	0.319720676	1.47081065	-3.73149656	0.336649675	0.0350621549	0.00197589565	39.436009
26.1	1.69615276	1.04927282	0.189998098	1.61366037	1.23420227	0.249693593	9.76255725e-05	0.283737217	1	0.95380934	0.500231556	0.319790887	1.47877261	-3.74000219	0.336677251	0.0526274885	0.00223241983	41.606798
26.11	1.69615345	1.04927351	0.189998094	1.61365941	1.23420324	0.249693591	0.000105850718	0.283815807	1	0.953856515	0.500540669	0.319946763	1.50599118	-3.75826653	0.336705569	0.0332904703	0.0020974223	45.165503
26.12	1.69615402	1.04927422	0.189998106	1.61365853	1.23420414	0.249693692	0.00011360003	0.2838979	1	0.953736331	0.500707935	0.319960623	1.58503339	-3.82664829	0.336622867	0.0308678234	0.00218622101	43.440414
26.13	1.69615445	1.04927474	0.189998108	1.61365787	1.23420482	0.249693752	0.000109931438	0.283851453	1	0.953435882	0.500710994	0.319795847	1.70059881	-3.94609776	0.336373996	0.0310799357	0.00244007623	45.23502
26.14	1.69615441	1.04927462	0.189998471	1.61365797	1.23420471	0.249693696	8.27367897e-05	0.278327974	1	0.95323987	0.50092487	0.320089374	1.71579187	-3.97312551	0.335227006	0.0476852566	0.00282082461	47.394762
26.15	1.69615613	1.04927606	0.189998062	1.61365574	1.23420694	0.249693502	0.000113053301	0.278263559	1	0.95294633	0.501082014	0.320428003	1.76326258	-4.03021958	0.334883403	0.0395855057	0.00294049292	45.078166
26.16	1.69615652	1.04927644	0.189997966	1.6136552	1.23420748	0.249693491	8.89605919e-05	0.279834815	1	0.952614822	0.50124782	0.320765975	1.79628938	-4.06908473	0.335001223	0.0500250337	0.00249379333	46.366144
26.17	1.69615711	1.04927676	0.189998003	1.61365454	1.23420812	0.249693301	7.47576217e-05	0.281143693	1	0.95240663	0.501612868	0.321093348	1.75413575	-4.17324267	0.334971735	0.0482060505	0.00248744951	43.534226
26.18	1.69615766	1.04927719	0.189998056	1.61365384	1.23420882	0.249693212	7.37909406e-05	0.281780256	1	0.952148147	0.501956007	0.321568872	1.73770572	-4.27059692	0.334804263	0.035396614	0.00205835275	47.252616
26.19	1.69615821	1.04927768	0.189998081	1.61365311	1.23420955	0.24969317	7.59858545e-05	0.282036114	1	0.951896834	0.502294868	0.322088873	1.72669364	-4.38397734	0.334475219	0.0404617803	0.00198664758	47.022569
26.2	1.69615868	1.04927818	0.189998079	1.61365243	1.23421024	0.249693195	7.7166214e-05	0.282204996	1	0.951634618	0.502590056	0.322530591	1.76198063	-4.46998774	0.334168068	0.0575229984	0.00206898826	46.747191
26.21	1.69615928	1.04927863	0.189998074	1.61365168	1.23421098	0.249693083	7.3919247e-05	0.282388358	1	0.951299388	0.502826946	0.322969086	1.7766398	-4.54801298	0.333895063	0.0418458154	0.00209382502	51.875005
26.22	1.69615978	1.0492791	0.18999807	1.61365099	1.23421167	0.249693066	7.35931093e-05	0.282592138	1	0.950855729	0.502928876	0.323114076	1.83293608	-4.65554653	0.333593282	0.0451767859	0.00210335255	50.670871
26.23	1.6961604	1.04927941	0.189998074	1.61365032	1.23421233	0.249692849	6.07320588e-05	0.282683639	1	0.950539397	0.503191922	0.323411883	1.81546531	-4.69214489	0.333407993	0.0445408166	0.00228170678	50.112227
26.24	1.69616109	1.04927997	0.189998065	1.61364943	1.23421321	0.249692754	6.84298379e-05	0.282891852	1	0.950171423	0.503407432	0.323645824	1.80491001	-4.71534762	0.333325479	0.0364459039	0.00197045814	41.204259
26.25	1.69616176	1.04928049	0.189998071	1.61364858	1.23421405	0.24969265	7.2831446e-05	0.283039705	1	0.949899421	0.50362393	0.32387479	1.80490181	-4.71904861	0.333314698	0.0400783698	0.00176546747	46.08481
26.26	1.6961624	1.04928114	0.189998086	1.61364768	1.23421496	0.249692658	8.38525692e-05	0.283157408	1	0.949494648	0.503655079	0.32387189	1.86065036	-4.74780548	0.333258466	0.0198306933	0.00157631057	45.60306
26.27	1.69616305	1.04928157	0.189998092	1.6136469	1.23421573	0.249692498	8.00637589e-05	0.283142166	1	0.949122517	0.503691539	0.323923803	1.89864525	-4.72342346	0.333321224	0.0446854193	0.00170588233	47.452305
26.28	1.6961638	1.04928215	0.189998092	1.61364596	1.23421666	0.249692384	8.65096443e-05	0.283208194	1	0.948738857	0.503680675	0.323892706	1.94624819	-4.67809418	0.333487167	0.0319688788	0.00162083116	45.388698
26.29	1.69616447	1.04928279	0.189998102	1.61364504	1.23421759	0.249692358	9.42637251e-05	0.283304315	1	0.948231563	0.50347473	0.323600537	2.05337834	-4.66631098	0.333585454	0.0302963363	0.00153241672	45.094589
26.3	1.6961652	1.04928314	0.189998104	1.61364424	1.23421836	0.249692089	8.49880098e-05	0.283269508	1	0.947887103	0.503390164	0.323587036	2.09749975	-4.58233565	0.333824999	0.0421635274	0.00170364468	44.624226
26.31	1.69616603	1.04928377	0.189998104	1.6136432	1.23421939	0.249691944	9.42791895e-05	0.283381911	1	0.947576085	0.503258497	0.323544842	2.15438816	-4.50009268	0.33410655	0.01131407	0.00145824877	43.551574
26.32	1.69616699	1.04928416	0.189998118	1.61364219	1.23422034	0.249691545	9.36158034e-05	0.283474029	1	0.947344663	0.503264661	0.323338208	2.12125403	-4.44384903	0.334384889	0.0258773871	0.00129298151	41.282275
26.33	1.69616785	1.04928475	0.189998134	1.61364115	1.23422137	0.249691355	0.00010177827	0.283518122	1	0.947128757	0.503261456	0.323177408	2.11925818	-4.37641612	0.334682577	0.0341992092	0.000863103721	47.047742
26.34	1.69616872	1.04928536	0.189998149	1.61364009	1.23422241	0.249691171	0.000109025925	0.283531124	1	0.946898453	0.503221183	0.323028432	2.11995275	-4.31090496	0.334968451	0.0184925359	0.000763493737	43.422476
26.35	1.6961696	1.0492859	0.18999816	1.61363906	1.23422342	0.249690929	0.000112539544	0.283522443	1	0.946696711	0.503167977	0.322887864	2.11044933	-4.25493578	0.33521598	0.0231401708	0.00070834816	42.911249
26.36	1.69617048	1.04928642	0.189998165	1.61363804	1.23422441	0.249690675	0.000114351498	0.283513684	1	0.946527322	0.503130553	0.322769036	2.08948817	-4.21259408	0.335414911	0.0265648689	0.000616284661	43.912588
26.37	1.69617135	1.04928693	0.189998168	1.61363704	1.23422539	0.249690422	0.000114987178	0.283513471	1	0.946391126	0.503118944	0.322652703	2.05796936	-4.18013982	0.335584137	0.0341771298	0.00050516149	40.337942
26.38	1.69617218	1.04928751	0.189998171	1.61363603	1.23422638	0.249690248	0.000117312351	0.283541075	1	0.946247381	0.503126342	0.322379355	2.05348215	-4.11623826	0.335880495	0.038733695	0.000412497011	41.712294
26.39	1.69617317	1.04928809	0.189998183	1.61363488	1.23422749	0.249689959	0.000123858988	0.28356915	1	0.946031304	0.50307353	0.322133815	2.01664008	-4.0499656	0.336204106	0.0330339732	0.000556785099	42.332038
26.4	1.69617411	1.04928862	0.189998191	1.61363381	1.23422854	0.249689665	0.000126037928	0.283575743	1	0.945767691	0.50299404	0.321881947	1.96208728	-3.98164436	0.336537614	0.0266701059	0.000581723775	43.492916
26.41	1.69617504	1.04928916	0.189998195	1.61363275	1.23422957	0.249689389	0.000127266697	0.283574914	1	0.945546454	0.502942257	0.321630189	1.89126446	-3.92510426	0.336841616	0.0476100473	0.00058429103	43.270883
26.42	1.69617595	1.04928969	0.189998197	1.6136317	1.23423059	0.249689126	0.00012792937	0.283586005	1	0.9453575	0.502912485	0.321352455	1.80559163	-3.87246542	0.337148448	0.028576761	0.000603084511	44.282072
26.43	1.69617687	1.04929023	0.1899982	1.61363063	1.23423163	0.249688853	0.000129174006	0.283595038	1	0.94513728	0.502879374	0.321146783	1.70362919	-3.83201482	0.337408954	0.0507903844	0.000669165426	43.811229
26.44	1.69617777	1.04929072	0.189998198	1.61362961	1.23423261	0.249688562	0.000127223733	0.283587717	1	0.945023894	0.502887664	0.321013784	1.57057753	-3.80035688	0.3376305	0.0365945821	0.000644603583	43.120962
26.45	1.69617857	1.04929134	0.1899982	1.61362861	1.23423361	0.249688431	0.000127704105	0.283604992	1	0.944773727	0.502767755	0.320774624	1.48341383	-3.83664089	0.337632886	0.0374100551	0.000720362072	43.014289
26.46	1.69617845	1.04929123	0.18999854	1.61362876	1.23423345	0.249688441	9.58738767e-05	0.278489851	1	0.944461734	0.502520661	0.320391071	1.4315903	-3.9286201	0.336383129	0.0265397192	0.000528790045	37.274821
26.47	1.69618028	1.04929223	0.189998135	1.6136267	1.23423545	0.249687851	0.000114112206	0.278237895	1	0.944311621	0.502453248	0.3205335	1.31039279	-3.9622066	0.336148786	0.0245905112	0.0016031912	40.133304
26.48	1.69618085	1.04929267	0.189998011	1.61362598	1.23423616	0.249687767	8.73231405e-05	0.279806456	1	0.944152867	0.502408217	0.320644288	1.18768343	-3.97164614	0.336426412	0.0362020207	0.000897433057	40.939301
26.49	1.69618142	1.04929317	0.189998039	1.61362522	1.23423692	0.249687713	8.40826179e-05	0.281141192	1	0.943979652	0.502325983	0.320843689	1.12955882	-3.98397661	0.336662398	0.0302014252	0.0012420998	40.332815
26.5	1.69618223	1.04929352	0.189998105	1.61362437	1.23423774	0.249687392	8.39220843e-05	0.281773087	1	0.943854373	0.50238733	0.32099371	0.995927196	-4.03345299	0.336699056	0.0394776561	0.0009641187	41.566918
26.51	1.69618293	1.04929406	0.189998137	1.61362348	1.23423862	0.249687277	8.83645413e-05	0.282007305	1	0.943786673	0.502433905	0.321227822	0.916819671	-4.08416718	0.336599293	0.0349382082	0.00105125721	40.721778
26.52	1.6961836	1.0492946	0.189998141	1.61362262	1.23423947	0.249687182	8.97153212e-05	0.282152672	1	0.943756081	0.502446098	0.321470857	0.87288958	-4.13131336	0.336457929	0.0395882275	0.00113875906	42.345548
26.53	1.69618428	1.04929511	0.189998136	1.61362177	1.23424031	0.249687061	8.97681177e-05	0.28231386	1	0.943723552	0.502416841	0.321718338	0.851419166	-4.17127162	0.336309691	0.0310665828	0.00110285088	42.521362
26.54	1.69618499	1.04929559	0.189998133	1.61362092	1.23424115	0.249686897	8.88540081e-05	0.282475141	1	0.943723687	0.50238129	0.321973514	0.838798111	-4.21599088	0.336127044	0.032814377	0.00106027809	40.463632
26.55	1.6961857	1.04929606	0.189998132	1.61362007	1.23424199	0.249686729	8.7992548e-05	0.282610178	1	0.943815739	0.502395384	0.32222635	0.833929205	-4.2741504	0.335889289	0.0575030235	0.00105340733	42.437631
26.56	1.69618641	1.04929655	0.189998132	1.6136192	1.23424284	0.249686578	8.87965638e-05	0.282715445	1	0.943960619	0.502426839	0.322475774	0.842495816	-4.3354119	0.335627752	0.0297535043	0.00102943748	41.98545
26.57	1.69618712	1.04929708	0.189998134	1.61361831	1.23424372	0.249686447	9.11580803e-05	0.282795126	1	0.944186655	0.502482814	0.322690455	0.873866166	-4.39611654	0.335359873	0.0352584055	0.000987440292	42.621675
26.58	1.69618788	1.04929763	0.189998138	1.61361738	1.23424464	0.249686297	9.48726552e-05	0.282863982	1	0.944485772	0.502548371	0.322829479	0.923661413	-4.44689014	0.335133054	0.0324598282	0.000883285973	42.491492
26.59	1.69618871	1.0492982	0.189998148	1.61361637	1.23424563	0.249686113	0.000100368346	0.282922919	1	0.944796195	0.502590431	0.322924032	0.981956038	-4.48579241	0.334954167	0.0593641621	0.000700541157	42.680111
26.6	1.69618959	1.04929875	0.189998159	1.61361534	1.23424664	0.249685884	0.000105346812	0.282966006	1	0.945104433	0.50261538	0.322955209	1.03209826	-4.51415072	0.334829955	0.0437892063	0.00053632205	41.556989
26.61	1.69619049	1.04929933	0.189998171	1.61361427	1.23424768	0.249685657	0.00011139047	0.28300237	1	0.945379207	0.502616374	0.322889486	1.07274687	-4.52250412	0.334800709	0.0453004488	0.000405544296	37.741629
26.62	1.69619144	1.04929993	0.189998185	1.61361314	1.23424879	0.249685403	0.00011868375	0.283040637	1	0.94561002	0.502630533	0.322701526	1.09780662	-4.5110465	0.334883587	0.0473503667	0.000327120716	40.853061
26.63	1.69619243	1.0493006	0.189998202	1.61361196	1.23424995	0.249685181	0.000128063201	0.283082096	1	0.945761085	0.502635384	0.322404327	1.1147761	-4.4725182	0.335098652	0.0335956354	0.000390952381	40.437801
26.64	1.69619338	1.04930136	0.189998227	1.61361073	1.23425117	0.249685048	0.0001385667	0.283130956	1	0.945743648	0.502523106	0.321861686	1.16268533	-4.43989476	0.335347855	0.0506307721	0.000590013109	43.771981
26.65	1.69619443	1.0493019	0.189998236	1.61360957	1.23425229	0.249684692	0.00014081831	0.283101557	1	0.945744304	0.502520797	0.321408227	1.14504332	-4.34246844	0.33579824	0.0361610616	0.000719965889	41.015876
26.66	1.6961956	1.04930266	0.189998251	1.61360818	1.23425365	0.249684396	0.00015364605	0.28317089	1	0.945833272	0.502514742	0.321000512	1.08630771	-4.24039668	0.336321631	0.0377479837	0.00103780065	44.332318
26.67	1.69619664	1.04930352	0.189998281	1.61360683	1.234255	0.249684267	0.000164612341	0.283247721	1	0.945741803	0.502379555	0.320482519	1.06213238	-4.17271274	0.33675148	0.032756592	0.00135838255	41.329035
26.68	1.69619751	1.04930423	0.189998296	1.61360571	1.23425612	0.249684151	0.000164614556	0.283195467	1	0.945480152	0.502063166	0.31991101	1.08148019	-4.14804522	0.336971217	0.0541952611	0.00134056036	40.856512
26.69	1.69619738	1.04930409	0.189998611	1.6136059	1.23425592	0.249684151	0.000123617461	0.278157521	1	0.945095243	0.501581066	0.319273766	1.14196544	-4.15287089	0.335965307	0.034332914	0.00100790197	44.753743
26.7	1.69619937	1.04930532	0.189998215	1.61360356	1.2342582	0.249683608	0.000147683099	0.277991245	1	0.944845712	0.501282265	0.319210651	1.11913299	-4.07516846	0.3361168	0.0327780411	0.00155139763	42.343395
26.71	1.69620012	1.04930582	0.189998081	1.61360267	1.23425908	0.249683434	0.00012392959	0.279621046	1	0.94474836	0.501157657	0.319122297	1.06633027	-4.03459956	0.336596211	0.0376802946	0.00050212701	42.573986
26.72	1.69620082	1.04930634	0.189998113	1.61360179	1.23425995	0.249683304	0.00011879425	0.280954844	1	0.944626508	0.501007605	0.319116498	1.03903126	-3.9729355	0.337124297	0.049647252	0.00109041443	41.973274
26.73	1.69620167	1.04930698	0.189998183	1.61360072	1.23426101	0.249683159	0.000126361384	0.281597946	1	0.944479305	0.500834943	0.319083925	1.02737149	-3.9169362	0.337527212	0.0356813345	0.000742919095	41.698375
26.74	1.69620259	1.04930757	0.189998221	1.61359964	1.23426207	0.249682929	0.000130914434	0.281829035	1	0.944308616	0.500703459	0.319021902	1.00607894	-3.86907994	0.337823478	0.0427861599	0.000335896116	42.055147
26.75	1.69620346	1.04930817	0.189998229	1.61359858	1.23426311	0.24968273	0.000132103367	0.281966431	1	0.944093391	0.500607472	0.318967327	0.979531432	-3.82707797	0.338061695	0.0448038209	0.000296919413	43.485432
26.76	1.69620435	1.0493087	0.189998225	1.61359755	1.23426411	0.249682485	0.000129930773	0.282134799	1	0.943762613	0.500544779	0.318797412	0.921496231	-3.76428466	0.33840054	0.0335419233	0.000237132158	40.008938
26.77	1.69620518	1.04930939	0.189998227	1.61359647	1.23426519	0.249682382	0.000133300836	0.282321168	1	0.943345176	0.500492277	0.318612223	0.88887219	-3.69333445	0.338760941	0.0602631654	0.000275588016	39.08898
26.78	1.69620599	1.04931007	0.189998229	1.61359542	1.23426624	0.249682288	0.000134861108	0.282468407	1	0.942887735	0.500457903	0.318441273	0.886207718	-3.61554242	0.339118236	0.0344380816	0.000344586269	41.342969
26.79	1.6962068	1.04931072	0.189998229	1.61359438	1.23426728	0.249682177	0.000135725844	0.282573718	1	0.942426928	0.50043899	0.318312702	0.907059937	-3.54180352	0.339428459	0.0466574908	0.00048180477	42.182478
26.8	1.6962076	1.04931134	0.189998226	1.61359337	1.23426828	0.249682045	0.000134633905	0.282646818	1	0.941980518	0.500436188	0.318231425	0.943614307	-3.47642366	0.339680521	0.0342163664	0.000617161324	43.269187
26.81	1.69620838	1.04931193	0.189998219	1.61359239	1.23426925	0.249681918	0.00013241476	0.282701441	1	0.94160058	0.500461769	0.318198158	0.995791052	-3.42589294	0.339854571	0.046179092	0.000740443659	41.04906
26.82	1.69620913	1.04931252	0.189998212	1.61359143	1.2342702	0.249681802	0.000129683692	0.282747801	1	0.94132222	0.500513865	0.318210465	1.06851355	-3.39077094	0.339952025	0.0416258299	0.000836795123	39.339029
26.83	1.6962099	1.04931309	0.189998204	1.61359048	1.23427114	0.249681663	0.000126606312	0.28279169	1	0.941213083	0.50063393	0.318239414	1.15558068	-3.37873823	0.339968268	0.0419609522	0.000932736251	42.886577
26.84	1.69621061	1.04931375	0.189998201	1.61358951	1.23427211	0.249681619	0.000127057468	0.282840216	1	0.941190122	0.500761051	0.318268221	1.30501541	-3.36300962	0.339967517	0.0506817679	0.00103182179	40.810854
26.85	1.69621145	1.0493143	0.189998201	1.61358851	1.23427309	0.24968142	0.000125704942	0.282864436	1	0.941249386	0.500905777	0.318342616	1.43180523	-3.37169969	0.339879872	0.0430779737	0.00124779816	39.250496
26.86	1.69621228	1.0493148	0.189998199	1.61358755	1.23427403	0.249681185	0.000121988092	0.28286612	1	0.941390825	0.501090478	0.318470611	1.55381173	-3.40430798	0.339694068	0.0394836434	0.00122665148	42.892331
26.87	1.69621314	1.04931525	0.189998196	1.61358659	1.23427496	0.249680897	0.000117293709	0.282869009	1	0.941611314	0.50134816	0.318525475	1.63309961	-3.44598134	0.339517358	0.0445834416	0.00116075112	41.127467
26.88	1.696214	1.04931579	0.189998196	1.61358557	1.23427595	0.249680668	0.000118166714	0.282875461	1	0.941883677	0.501644739	0.318685262	1.71944898	-3.52125523	0.339212352	0.01984603	0.00103180683	39.62332
26.89	1.69621389	1.04931569	0.189998537	1.61358572	1.2342758	0.249680672	8.86980013e-05	0.277722	1	0.942203722	0.501973189	0.318929262	1.79145652	-3.60197412	0.337807292	0.0255019119	0.000937445628	41.252445
26.9	1.69621598	1.04931712	0.189998179	1.61358319	1.2342783	0.249680207	0.00012771552	0.277634578	1	0.942463435	0.502230264	0.319248306	1.88705507	-3.71871783	0.337258688	0.0276528857	0.00148869588	43.149382
26.91	1.69621657	1.04931748	0.189998072	1.6135825	1.23427896	0.249680048	9.77636067e-05	0.279084855	1	0.942724603	0.502480204	0.319710559	1.96159153	-3.83827959	0.336993543	0.0450551044	0.000950758469	40.914298
26.92	1.6962172	1.04931783	0.189998096	1.61358179	1.23427966	0.24967985	8.62395911e-05	0.280292937	1	0.942972601	0.502694829	0.320293486	2.0263321	-3.97579581	0.336640264	0.0410661706	0.00126046759	38.341745
26.93	1.6962179	1.04931819	0.18999814	1.613581	1.23428041	0.249679609	8.24808975e-05	0.280884573	1	0.943353538	0.502962184	0.320979625	2.08273937	-4.13487458	0.33608964	0.0343391423	0.00128962643	38.36769
26.94	1.69621858	1.04931866	0.189998158	1.61358018	1.23428122	0.249679455	8.25383216e-05	0.281156267	1	0.943772028	0.503219927	0.321582936	2.17119822	-4.30348115	0.335435171	0.0534561896	0.00143163385	41.881007
26.95	1.69621936	1.04931903	0.189998163	1.61357934	1.23428203	0.249679171	7.91618998e-05	0.281307547	1	0.944172429	0.503451247	0.322220647	2.2111795	-4.48143052	0.334724894	0.0144243932	0.00161171342	43.008082
26.96	1.6962201	1.04931939	0.189998157	1.61357852	1.23428281	0.249678904	7.42292236e-05	0.281460672	1	0.944593232	0.503712577	0.322828509	2.23324886	-4.66944903	0.333980821	0.0412540845	0.00172968444	41.959682
26.97	1.69622079	1.0493198	0.189998148	1.61357773	1.23428359	0.249678708	7.08014672e-05	0.281617637	1	0.944947451	0.503946714	0.323400436	2.25798719	-4.84136673	0.333286358	0.0477058175	0.00177003052	40.538088
26.98	1.69622147	1.04932024	0.189998142	1.61357691	1.23428438	0.249678535	6.97225245e-05	0.281747901	1	0.945172586	0.504097722	0.323960826	2.29701515	-4.98640395	0.332661985	0.0450449218	0.00178138528	41.441174
26.99	1.69622217	1.04932063	0.189998143	1.61357611	1.23428516	0.249678314	6.72099378e-05	0.28186702	1	0.945175777	0.504165268	0.324103881	2.33164231	-5.19945249	0.331883131	0.0470894455	0.00182504973	41.592912
27	1.69622291	1.04932084	0.189998151	1.6135754	1.23428582	0.249677947	5.73046867e-05	0.281816965	1	0.945088461	0.504326406	0.324623332	2.29456864	-5.27590954	0.331426501	0.0253741008	0.0020893497	39.468051
27.01	1.69622365	1.04932138	0.189998124	1.61357448	1.23428673	0.249677795	6.18794501e-05	0.281973718	1	0.94482803	0.504383586	0.325025067	2.26446	-5.32267779	0.331184413	0.0439312114	0.00192028577	38.032784
27.02	1.69622437	1.04932183	0.18999812	1.61357364	1.23428755	0.249677609	6.3254199e-05	0.28210731	1	0.944400264	0.504339003	0.325307104	2.22915694	-5.32829894	0.331115481	0.0280172615	0.00181409541	42.21151
27.03	1.69622511	1.04932231	0.189998118	1.61357275	1.23428842	0.249677425	6.68565279e-05	0.282190752	1	0.943911501	0.504243895	0.325500668	2.20024688	-5.28546582	0.331227978	0.029213102	0.00174108474	42.295304
27.04	1.69622584	1.0493229	0.189998123	1.61357181	1.23428935	0.249677327	7.47624969e-05	0.282282358	1	0.943174121	0.503930376	0.325426073	2.20794108	-5.23511528	0.331423494	0.0137679412	0.00157484576	41.327078
27.05	1.69622663	1.04932328	0.189998125	1.61357096	1.23429018	0.249677036	7.24400651e-05	0.282276378	1	0.94238685	0.50362346	0.325426104	2.16889241	-5.1288428	0.331766294	0.0316444117	0.0016427188	39.966402
27.06	1.69622744	1.0493238	0.189998119	1.61357	1.23429112	0.249676829	7.75478425e-05	0.282352394	1	0.941550702	0.503262182	0.325376549	2.12704106	-5.00833093	0.332191524	0.0382830747	0.00149825921	40.49083
27.07	1.69622812	1.04932438	0.189998122	1.6135691	1.23429201	0.249676759	8.18287592e-05	0.28245192	1	0.940636774	0.502719015	0.325061465	2.14545015	-4.92757897	0.332526419	0.0472299854	0.00137419183	41.87921
27.08	1.69622887	1.04932471	0.189998123	1.6135683	1.23429278	0.249676463	7.46649339e-05	0.282424596	1	0.939889198	0.502304979	0.325032666	2.10878401	-4.77719396	0.332992053	0.0348964361	0.00150573016	41.408767
27.09	1.69622969	1.04932529	0.189998117	1.6135673	1.23429376	0.249676289	8.20467146e-05	0.282523775	1	0.93918106	0.501864743	0.324939314	2.08846207	-4.62476983	0.33351433	0.0436974874	1.46296345e-10	41.249542
27.1	1.69623049	1.04932577	0.18999812	1.61356637	1.23429467	0.249676066	8.42947458e-05	0.282598619	1	0.938500549	0.501426172	0.324855294	2.06862605	-4.48119597	0.334009547	0.0540789388	4.3970566e-05	42.068484
27.11	1.69623131	1.04932618	0.189998124	1.61356546	1.23429554	0.24967578	8.32286997e-05	0.28263221	1	0.93789075	0.501044827	0.324773869	2.0212123	-4.36170005	0.334431757	0.0469695809	7.68904012e-05	43.41697
27.12	1.69623206	1.04932662	0.189998123	1.6135646	1.23429638	0.24967556	8.17039522e-05	0.282648721	1	0.93734916	0.500705135	0.324742016	1.96649886	-4.26515717	0.334767846	0.0632412376	0.000100235544	43.402109
27.13	1.69623283	1.04932702	0.189998122	1.61356374	1.2342972	0.249675297	7.85564551e-05	0.282690023	1	0.936953769	0.500543014	0.324519626	1.89978664	-4.17777077	0.335129939	0.114145858	0.000119149691	42.17101
27.14	1.69623372	1.04932746	0.189998126	1.61356276	1.23429815	0.249674977	8.27455994e-05	0.282755348	1	0.936690719	0.500532695	0.324243939	1.77175058	-4.11699582	0.335474446	0.0675168771	0.000112492196	44.577643
27.15	1.69623466	1.04932792	0.189998137	1.61356173	1.23429914	0.249674632	8.85828731e-05	0.282820979	1	0.936534628	0.500666906	0.323906016	1.60654204	-4.08299969	0.335791362	0.0753232053	8.12071532e-05	41.68497
27.16	1.69623456	1.04932785	0.189998492	1.61356186	1.23429901	0.249674661	6.62266444e-05	0.277695046	1	0.936601968	0.501000327	0.323464226	1.40884184	-4.06341718	0.335050696	0.0604691687	4.52975378e-05	37.817886
27.17	1.69623705	1.04932943	0.189998181	1.61355891	1.23430189	0.249674013	0.000127011564	0.277601456	1	0.93678378	0.501472919	0.322904778	1.21631626	-4.09149358	0.335201945	0.0486143418	0.000226994774	41.06358
27.18	1.69623798	1.04933004	0.189998091	1.6135578	1.23430299	0.249673793	0.000118151292	0.27916939	1	0.937088991	0.502084791	0.32237043	1.01830996	-4.12203787	0.335727628	0.0509509006	0.000187996586	37.716974
27.19	1.69623897	1.04933085	0.189998162	1.61355652	1.23430426	0.24967366	0.000131567045	0.28053506	1	0.937577177	0.502839214	0.321822887	0.884847789	-4.16802883	0.336225333	0.0971353259	0.000360389763	39.11871
27.2	1.69624025	1.04933175	0.189998285	1.61355496	1.2343058	0.249673395	0.000157818852	0.281195948	1	0.9379414	0.503554967	0.321359903	0.745672355	-4.21372323	0.336602409	0.12212691	0.000456559721	41.348845
27.21	1.69624164	1.04933262	0.189998377	1.61355332	1.2343074	0.249673028	0.000181344015	0.281361449	1	0.938255562	0.504302567	0.321063389	0.593488331	-4.27688264	0.336778618	0.10756039	0.000532480325	40.544423
27.22	1.69624295	1.04933357	0.189998428	1.61355171	1.23430899	0.249672774	0.000197815872	0.28138389	1	0.938485049	0.505036247	0.321027649	0.454751207	-4.32162719	0.336896974	0.0801025985	0.000600006917	37.222734
27.23	1.69624404	1.04933477	0.189998466	1.61355012	1.23431061	0.249672848	0.00021102549	0.281494171	1	0.938893309	0.505628397	0.320782877	0.471955642	-4.45872995	0.336711406	0.132139808	0.000621581723	39.468557
27.24	1.69624542	1.04933522	0.18999847	1.61354874	1.23431191	0.249672188	0.000208100211	0.281492298	1	0.939209723	0.506405249	0.320856258	0.278761303	-4.6424867	0.33630001	0.0885724616	0.000570576833	36.981345
27.25	1.69624653	1.04933599	0.189998459	1.61354738	1.23431324	0.249671949	0.000206470289	0.281492823	1	0.939432645	0.50718053	0.321592472	0.120555474	-4.75153888	0.335920047	0.0679327424	0.00049107052	38.131776
27.26	1.69624766	1.04933692	0.189998453	1.61354593	1.23431469	0.249671812	0.000209172801	0.281566346	1	0.939526581	0.507910894	0.322891768	-0.0291426689	-4.74946878	0.335788544	0.111692409	0.00038631346	42.088947
27.27	1.69624893	1.04933794	0.189998464	1.6135443	1.23431631	0.249671633	0.000218875994	0.281673652	1	0.939502309	0.508588862	0.324706528	-0.179362802	-4.65438951	0.335886858	0.0491746106	0.000283415581	40.412021
27.28	1.69625026	1.04933904	0.189998488	1.61354258	1.23431803	0.249671466	0.000231448257	0.281739538	1	0.939483048	0.509269052	0.327020912	-0.325723266	-4.51073653	0.336075375	0.0763534083	0.000189546617	38.777279
27.29	1.6962515	1.04934033	0.189998521	1.61354081	1.23431982	0.249671506	0.000245637667	0.281738276	1	0.939472704	0.509874962	0.329782116	-0.39355118	-4.31748174	0.336323703	0.0805874798	0.000245186318	39.038178
27.3	1.69625284	1.04934156	0.189998552	1.613539	1.23432164	0.249671428	0.000258425591	0.281657541	1	0.939464662	0.510389781	0.333020253	-0.469880581	-4.10528605	0.336536092	0.0658373116	0.000592230439	38.779234
27.31	1.69625408	1.04934289	0.189998578	1.61353722	1.23432346	0.249671493	0.000269404483	0.281545547	1	0.939633739	0.510892199	0.336466096	-0.496879681	-3.89498436	0.336692655	0.0916618979	0.000964804452	36.924346
27.32	1.69625537	1.04934425	0.189998603	1.61353538	1.23432533	0.24967154	0.000280881149	0.281424093	1	0.940007762	0.511361277	0.340076012	-0.492451256	-3.71677166	0.33671921	0.0922405752	0.00143259824	39.963455
27.33	1.69625516	1.049344	0.189998841	1.61353569	1.234325	0.249671508	0.000210324846	0.277079488	1	0.940671008	0.511853529	0.343712348	-0.455477762	-3.55775057	0.335494075	0.0605109741	0.00196408107	35.849025
27.34	1.69625746	1.04934719	0.189998574	1.61353196	1.23432888	0.249672146	0.000297378075	0.277270404	1	0.941438172	0.512131232	0.347002601	-0.285097786	-3.49062038	0.335160369	0.0760743608	0.00263752306	38.250204
27.35	1.69625859	1.0493483	0.1899985	1.61353039	1.23433047	0.249672128	0.000283236753	0.278469775	1	0.942379454	0.512393985	0.350374751	-0.192709046	-3.4402635	0.335041482	0.0581509477	0.0032433729	38.85434
27.36	1.69625973	1.04934959	0.189998539	1.61352871	1.23433219	0.249672232	0.000286715445	0.279407156	1	0.943480974	0.512689561	0.353713132	-0.138181113	-3.42596763	0.334819762	0.0630744893	0.00373187004	38.088704
27.37	1.69626093	1.04935104	0.18999861	1.61352688	1.23433406	0.24967241	0.000299870294	0.279823553	1	0.944799211	0.513122976	0.357085002	-0.0854072746	-3.4573216	0.334356272	0.12540969	0.00411116087	40.457351
27.38	1.6962621	1.04935263	0.189998661	1.613525	1.23433601	0.249672711	0.000314926767	0.2799408	1	0.946382104	0.513731298	0.360400344	-0.0161710473	-3.54489782	0.333642556	0.161766032	0.00445430749	35.983452
27.39	1.69626332	1.04935416	0.189998687	1.61352311	1.23433796	0.249672929	0.000324322751	0.279960889	1	0.948156021	0.514500647	0.363549934	0.0500439903	-3.69448548	0.332711303	0.0808683456	0.00470017375	34.77438
27.4	1.6962646	1.04935562	0.189998701	1.61352122	1.23433989	0.249673051	0.000329450442	0.279941333	1	0.950093012	0.515446665	0.366536496	0.0947996249	-3.90576648	0.3315708	0.078538789	0.00478918588	35.015997
27.41	1.69626591	1.04935704	0.18999871	1.61351933	1.23434182	0.249673127	0.000332799828	0.279898841	1	0.952178122	0.516580392	0.369340864	0.1171798	-4.1819364	0.330228425	0.0692458229	0.00468015706	39.762172
27.42	1.69626731	1.04935834	0.189998718	1.61351743	1.23434374	0.249673065	0.000333202599	0.279846357	1	0.954307785	0.517856449	0.371763493	0.0685867333	-4.53765782	0.32870294	0.0784340973	0.00444530379	35.096953
27.43	1.69626839	1.04935974	0.189998713	1.61351573	1.23434549	0.249673285	0.000330424741	0.27971995	1	0.956540546	0.519261515	0.374105297	0.0840534575	-4.91921028	0.327052602	0.0823535491	0.00404620688	37.258864
27.44	1.69626935	1.04936091	0.189998691	1.61351427	1.23434699	0.249673438	0.000317160535	0.279586419	1	0.958758091	0.520717178	0.376440328	0.122211462	-5.26595717	0.325481867	0.06178414	0.00382010158	37.936636
27.45	1.69627024	1.04936201	0.189998666	1.6135129	1.2343484	0.249673583	0.000303159381	0.279493775	1	0.960954923	0.522182769	0.378762499	0.18461457	-5.5585336	0.324089057	0.0455615339	0.00364986323	36.152339
27.46	1.69627111	1.04936312	0.189998652	1.61351154	1.2343498	0.249673756	0.000292538037	0.279427573	1	0.963101972	0.523629451	0.381075946	0.286301791	-5.77970817	0.322941799	0.0466139799	0.00359118975	37.888288
27.47	1.69627203	1.04936437	0.189998663	1.61351006	1.23435134	0.249673984	0.000291412094	0.279306282	1	0.965186971	0.525033983	0.38338294	0.438599205	-5.91582546	0.322069865	0.0458436013	0.00148027888	39.638626
27.48	1.69627293	1.04936594	0.189998699	1.61350841	1.23435308	0.249674465	0.00030506373	0.279235944	1	0.967227637	0.526245909	0.38529061	0.758631267	-6.02085828	0.321410686	0.0734873838	0.00191918162	37.676538
27.49	1.69627404	1.04936735	0.18999873	1.61350668	1.23435486	0.24967468	0.000311581765	0.27905537	1	0.969147132	0.527354363	0.387314644	1.06620745	-5.98613891	0.321164497	0.0518542094	0.00201468321	36.752768
27.5	1.69627569	1.04936914	0.189998879	1.61350429	1.2343573	0.249674769	0.000355953991	0.278982274	1	0.970924729	0.528359382	0.389343867	1.36813333	-5.83357723	0.321339089	0.0584639399	0.00215088989	39.71032
27.51	1.69627768	1.04937167	0.189998817	1.6135012	1.23436049	0.249675155	0.00028754559	0.278941673	1	0.972491133	0.529185549	0.391516647	1.6491473	-5.53493621	0.32194734	0.126119111	0.00231137712	37.337572
27.52	1.69628123	1.04937524	0.189999793	1.61349622	1.23436553	0.249675171	0.000555284429	0.278945533	1	0.973862245	0.529988048	0.393528986	1.82343318	-5.19127506	0.322676235	0.0554246931	0.00248472889	39.442443
27.53	1.69641643	1.04885916	0.189407681	1.61369111	1.23409621	0.249214647	0.33470175	0.279627946	1	0.97505027	0.530692538	0.39557766	1.97752036	-4.77610942	0.323638412	0.0415603604	0.002596123	46.062268
27.54	1.69653606	1.04922501	0.189526061	1.61337885	1.23443949	0.249388753	0.207919942	0.277057258	1	0.97612122	0.531367842	0.397586083	2.08700472	-4.28042539	0.323783112	0.0615772905	0.00273515674	38.019282
27.55	1.69761806	1.05208264	0.186770786	1.61082154	1.23722523	0.250644306	0.711358174	0.280042786	1	0.977000412	0.532002751	0.399446185	2.19097564	-3.73711838	0.324641303	0.0825453719	0.00275714651	38.88917
27.56	1.69741864	1.05154964	0.187968782	1.61129646	1.23670733	0.250408434	0.536650849	0.282161664	1	0.977612674	0.53259209	0.401101484	2.13696043	-3.19124271	0.326578116	0.0992699424	0.0024886356	40.867146
27.57	1.69726919	1.05114131	0.188442189	1.61165765	1.23631292	0.250225379	0.403997474	0.284778979	1	0.97797293	0.533145285	0.402495358	2.00133664	-2.64239953	0.328666658	0.0748141358	0.00241119035	38.78109
27.58	1.69715374	1.05083244	0.188827621	1.61193282	1.23601288	0.250088604	0.304148635	0.285165022	1	0.978172706	0.533722042	0.403490108	1.78073211	-2.08389513	0.329826949	0.0546349779	0.00225312787	37.606178
27.59	1.69707132	1.05060277	0.189116336	1.61213469	1.2357922	0.24998449	0.229137283	0.286240704	1	0.978111474	0.534235646	0.404061424	1.52543955	-1.56049804	0.331583549	0.0927440369	0.00204888279	39.788782
27.6	1.69700832	1.05042906	0.189333671	1.61228791	1.23562482	0.249906207	0.172584343	0.28749847	1	0.977819769	0.534697454	0.404124865	1.24729883	-1.08048628	0.333401357	0.0530174617	0.00136400501	38.090525
27.61	1.69696113	1.05029847	0.18949749	1.61240296	1.23549911	0.249847232	0.130005576	0.288868964	1	0.977301742	0.535105602	0.403660888	0.957347497	-0.650760986	0.335160577	0.0630683353	0.00153616728	42.666275
27.62	1.69692339	1.05019887	0.18962062	1.61249212	1.235402	0.249803484	0.0978968485	0.288266853	1	0.976619109	0.535497198	0.402572606	0.672191549	-0.248192175	0.335955016	0.0665467683	0.00180206984	41.565763
27.63	1.69689999	1.05012794	0.189713311	1.61255282	1.23533529	0.24976988	0.074167526	0.289501449	1	0.975680679	0.535795272	0.400902533	0.421782777	0.0879193495	0.337497988	0.0618442626	0.00216893789	39.967322
27.64	1.69688347	1.05007597	0.189783189	1.61259677	1.23528687	0.249744812	0.0565703221	0.290610359	1	0.974508809	0.535998695	0.398557294	0.227172392	0.355189657	0.339087058	0.0822720909	0.00252529011	40.086174
27.65	1.69687207	1.0500377	0.189835655	1.61262853	1.23525174	0.249725809	0.0434012819	0.291556651	1	0.973131032	0.536114028	0.395478648	0.0932727891	0.539352903	0.340538647	0.0988165602	0.00286182694	41.316955
27.66	1.69686442	1.05000951	0.18987546	1.61265131	1.2352264	0.249711289	0.0334601636	0.292299946	1	0.971585397	0.536137855	0.391618542	0.0218522018	0.630572256	0.341797456	0.0833284354	0.00316477954	40.344763
27.67	1.69685969	1.04998874	0.189905839	1.61266737	1.23520837	0.249699946	0.0258999229	0.292741936	1	0.969855783	0.536058208	0.387020477	-0.00201372258	0.642379235	0.342880595	0.0700811777	0.0034315079	40.271602
27.68	1.6968518	1.04996995	0.189927694	1.61268482	1.2351895	0.24969224	0.0198156401	0.290706789	1	0.968012817	0.535975206	0.381746175	-0.00549376282	0.55337619	0.342820221	0.0546379782	0.00367713206	38.884453
27.69	1.69685098	1.0499584	0.189944391	1.61269229	1.23518076	0.249684658	0.0154041419	0.291848311	1	0.965998908	0.535833746	0.375840191	0.037803549	0.318602282	0.343354658	0.0674899037	0.00387936194	42.235431
27.7	1.69684879	1.04994865	0.18995718	1.6126998	1.23517232	0.2496793	0.0119112521	0.293128044	1	0.963815419	0.53565767	0.369354192	0.0873479712	-0.0569801685	0.343704371	0.048346918	0.00394900891	41.867818
27.71	1.69684695	1.04994096	0.189966903	1.61270581	1.23516558	0.24967517	0.00919680717	0.293915279	1	0.961495834	0.535460535	0.362260281	0.148164258	-0.563025489	0.343640948	0.0555391343	0.00387189762	45.48503
27.72	1.69684541	1.04993486	0.189974261	1.61271066	1.23516017	0.249671951	0.00708427228	0.294345395	1	0.959045393	0.535255169	0.354582253	0.20361207	-1.20453861	0.343163871	0.0498063858	0.00366921396	40.941385
27.73	1.69684393	1.04993012	0.189979858	1.61271464	1.23515578	0.249669642	0.00544410143	0.294611523	1	0.956311455	0.534856904	0.346603579	0.327255485	-1.99660404	0.342142985	0.0833248555	0.00335858638	39.712443
27.74	1.69684243	1.04992627	0.189984153	1.61271812	1.23515199	0.249667978	0.00415330114	0.294783538	1	0.953339584	0.534294362	0.33829443	0.472346136	-2.93742893	0.340579054	0.0357209121	0.00270073287	40.050335
27.75	1.69684099	1.04992303	0.189987469	1.61272119	1.23514869	0.249666704	0.00313012527	0.294949128	1	0.950143499	0.533591919	0.32963136	0.627326969	-4.01791279	0.338513559	0.0560476094	0.0018378942	44.821409
27.76	1.69683953	1.04992028	0.189990036	1.61272399	1.23514571	0.249665796	0.0023149055	0.295510262	1	0.946867678	0.532762542	0.320399038	0.83752883	-5.20833131	0.336171085	0.0356060511	0.000916159988	40.248421
27.77	1.69683885	1.04991867	0.189992276	1.61272549	1.23514409	0.249665132	0.00178057662	0.287639703	1	0.945655823	0.53550986	0.317145156	-0.605029727	-5.12791599	0.336204594	0.032914395	0.000435702693	42.685229
27.78	1.69684291	1.04991738	0.189993218	1.61272297	1.23514605	0.249661348	0.00137966519	0.287996542	1	0.943882326	0.538129442	0.313859025	-1.61291753	-5.21389393	0.337170393	0.0418489551	0.00321475231	43.990475
27.79	1.69684153	1.04991849	0.189994366	1.61272344	1.23514585	0.249663108	0.00110979409	0.290186388	1	0.944195486	0.540458217	0.313848386	-1.72951882	-4.72488941	0.339443049	0.0553640662	0.00454568445	41.343757
27.8	1.69684233	1.04991843	0.189995196	1.61272282	1.23514638	0.249662506	0.000894453303	0.292617386	1	0.944371685	0.54253101	0.313864042	-1.7421163	-4.3655445	0.341577133	0.068321447	0.00555035325	42.573037
27.81	1.69684267	1.04991851	0.189995976	1.6127225	1.23514668	0.249662319	0.000727500319	0.293539941	1	0.944538023	0.544425726	0.313934072	-1.63300228	-4.11455557	0.343066636	0.057668635	0.00591922997	41.820758
27.82	1.6968432	1.04991851	0.189996541	1.61272207	1.23514705	0.249661945	0.000589908783	0.293478804	1	0.944818266	0.546171479	0.314191968	-1.55168038	-3.97504658	0.343909757	0.0524334576	0.00601910527	41.312673
27.83	1.6968436	1.04991853	0.189996914	1.61272174	1.23514735	0.249661678	0.000473257907	0.293244663	1	0.945053283	0.547746471	0.314543604	-1.4683271	-3.93334979	0.344261254	0.0426578567	0.00600919189	41.524858
27.84	1.69684379	1.04991864	0.18999718	1.61272152	1.23514756	0.249661624	0.000375350784	0.293135773	1	0.945243773	0.54915033	0.314900912	-1.3196958	-3.94590477	0.344326866	0.0579266543	0.00571048453	43.522585
27.85	1.69684396	1.04991877	0.189997385	1.61272131	1.23514777	0.249661598	0.000294372437	0.293145085	1	0.945409331	0.550391489	0.315314503	-1.11617272	-4.00786776	0.344149997	0.0422328457	0.00533474269	42.145788
27.86	1.69684419	1.04991877	0.189997547	1.61272112	1.23514793	0.249661434	0.000219506184	0.293225177	1	0.945700118	0.551539724	0.31551349	-0.969168436	-4.05911469	0.344026461	0.0437351638	0.00490215415	40.401537
27.87	1.69684447	1.0499189	0.189997657	1.61272082	1.23514822	0.249661322	0.000167694272	0.293316997	1	0.945899893	0.552562198	0.315867978	-0.863611815	-4.13763259	0.343784081	0.024830525	0.00475054652	39.871477
27.88	1.69684467	1.04991897	0.189997757	1.61272061	1.23514842	0.249661233	0.000119744607	0.293345113	1	0.946066996	0.553475954	0.316246926	-0.775434262	-4.21920548	0.343487874	0.0505157909	0.00436881861	38.75881
27.89	1.69684488	1.04991903	0.18999783	1.6127204	1.23514861	0.249661125	7.95110371e-05	0.29335032	1	0.946171331	0.554282739	0.316613931	-0.725847891	-4.28962585	0.343210989	0.0494290156	0.00400769752	43.137137
27.9	1.69684509	1.04991909	0.189997884	1.6127202	1.2351488	0.249661019	4.77884498e-05	0.293359489	1	0.94622284	0.555008073	0.316966929	-0.71861708	-4.34922857	0.34296865	0.0470569607	0.00369201997	43.182315
27.91	1.69684526	1.04991917	0.189997924	1.61272002	1.23514897	0.249660957	3.28231277e-05	0.293382148	1	0.946244904	0.555648649	0.317257805	-0.727923004	-4.39624954	0.342776949	0.0382125456	0.00341818472	41.201602
27.92	1.69684543	1.04991924	0.189997956	1.61271984	1.23514914	0.249660888	3.76919551e-05	0.293406265	1	0.946219614	0.556201858	0.31750654	-0.759047253	-4.42759984	0.342642732	0.0417133559	0.00323086139	41.345612
27.93	1.69684556	1.04991932	0.189997981	1.61271969	1.23514929	0.249660849	5.41927736e-05	0.29344373	1	0.946195666	0.556677077	0.317592739	-0.776276532	-4.43385425	0.342611911	0.0409627139	0.00309031275	39.9788
27.94	1.69684574	1.04991938	0.189997996	1.61271951	1.23514946	0.249660769	6.81950865e-05	0.29349	1	0.946082058	0.557063922	0.31769999	-0.836918232	-4.42739952	0.342616357	0.0295641447	0.00313781692	37.057305
27.95	1.6968459	1.04991942	0.189998011	1.61271935	1.23514961	0.249660682	8.27323844e-05	0.293542219	1	0.945924863	0.557388066	0.317893323	-0.908968477	-4.42512717	0.34260241	0.0635036791	0.00308106379	41.700591
27.96	1.69684603	1.04991947	0.189998027	1.61271922	1.23514973	0.249660626	9.66915145e-05	0.293589006	1	0.945702528	0.557639302	0.31815422	-0.983217251	-4.42464306	0.342577547	0.0324646444	0.00292011556	38.696814
27.97	1.69684617	1.04991952	0.18999804	1.61271908	1.23514986	0.249660559	0.000108089227	0.293633144	1	0.945406778	0.557832166	0.318425261	-1.06600537	-4.41366256	0.342590432	0.0532257548	0.00266382901	41.217471
27.98	1.69684624	1.04991957	0.189998419	1.612719	1.23514994	0.249660547	8.05403196e-05	0.287354704	1	0.945080774	0.558044023	0.318140189	-1.16802272	-4.51625031	0.341385998	0.0248951673	0.000721775166	41.555026
27.99	1.6968469	1.04992012	0.189997923	1.61271814	1.2351508	0.249660471	8.34429985e-05	0.286756101	1	0.944989309	0.558173385	0.318402304	-1.17070011	-4.51331646	0.341140357	0.0407211431	0.00160736227	41.393981
28	1.69684701	1.04992007	0.189997881	1.61271808	1.23515084	0.249660356	0.000115575222	0.288026786	1	0.944865261	0.558244139	0.318692043	-1.18272238	-4.5211758	0.341222201	0.0312668047	0.000681180344	42.230055
28.01	1.69684706	1.04992	0.18999794	1.61271808	1.23515083	0.24966027	0.00013543283	0.289346234	1	0.944739977	0.558296985	0.318915649	-1.22680724	-4.51793946	0.341431392	0.0126352743	0.00156719179	42.273985
28.02	1.69684718	1.04992007	0.189998	1.61271794	1.23515097	0.249660235	0.000138611407	0.290159246	1	0.944626122	0.55831245	0.319111178	-1.23922864	-4.52339009	0.341550181	0.0533252508	0.0015960304	42.363231
28.03	1.69684733	1.04992016	0.189998039	1.61271776	1.23515114	0.249660186	0.000138606148	0.29057217	1	0.94451448	0.558272224	0.319282648	-1.23742082	-4.53251205	0.341575932	0.0426719516	0.00129956586	41.100159
28.04	1.69684751	1.04992023	0.189998058	1.61271757	1.23515132	0.249660115	0.000138958054	0.29080013	1	0.944403417	0.558201288	0.319426692	-1.22777691	-4.54068123	0.341549019	0.0325971126	0.00109226036	43.715449
28.05	1.6968477	1.04992029	0.189998065	1.61271739	1.23515149	0.249660018	0.000140541101	0.290971883	1	0.944296749	0.558118839	0.319575506	-1.22727698	-4.54972003	0.341487968	0.0361365278	0.00104319575	42.160461
28.06	1.69684788	1.04992036	0.189998067	1.6127172	1.23515167	0.249659944	0.000142413948	0.2911492	1	0.944197851	0.55801381	0.319716653	-1.22575197	-4.55868309	0.341419074	0.0232538294	0.00109904343	40.926524
28.07	1.69684806	1.04992043	0.18999807	1.61271702	1.23515184	0.249659869	0.000143695457	0.291309134	1	0.944096947	0.557893933	0.319871988	-1.22125644	-4.57171474	0.341328166	0.0354947901	0.00115801347	44.345218
28.08	1.69684823	1.04992051	0.189998073	1.61271683	1.23515202	0.249659808	0.000144744222	0.29144069	1	0.944076829	0.557798505	0.3199576	-1.20595204	-4.58867576	0.341227022	0.0433546975	0.00119809411	42.824343
28.09	1.69684843	1.04992059	0.189998072	1.61271662	1.23515222	0.249659719	0.000143741104	0.291556386	1	0.944147196	0.557724282	0.319948879	-1.19820315	-4.60159303	0.341153837	0.0253242221	0.00117498996	40.416836
28.1	1.69684868	1.04992067	0.189998067	1.61271637	1.23515245	0.249659595	0.00014050479	0.29165611	1	0.944221537	0.557648547	0.319903899	-1.21009771	-4.6027646	0.341131855	0.0444420881	0.00110777852	43.338703
28.11	1.69684893	1.04992077	0.189998063	1.61271611	1.2351527	0.249659495	0.000136208341	0.291736654	1	0.94430271	0.557566956	0.319808089	-1.23092041	-4.59447046	0.341153804	0.0363257547	0.00104904731	39.155446
28.12	1.69684916	1.04992093	0.189998059	1.61271583	1.23515298	0.249659442	0.000131131405	0.291789335	1	0.944318003	0.557450788	0.319739631	-1.20861471	-4.58579867	0.341163739	0.0456842021	0.00101956769	40.863575
28.13	1.69684941	1.04992099	0.189998064	1.61271559	1.2351532	0.24965931	0.000130311704	0.29181558	1	0.944160005	0.557300926	0.319496335	-1.21626562	-4.6130902	0.341105737	0.0299076251	0.00095086753	44.431857
28.14	1.69684955	1.04992112	0.189998069	1.6127154	1.23515339	0.249659307	0.000132736406	0.291785223	1	0.944198791	0.557159391	0.31939613	-1.18881875	-4.58375392	0.34113666	0.0391823323	0.000907644778	39.132287
28.15	1.69684985	1.04992122	0.189998051	1.6127151	1.23515367	0.249659165	0.000128520586	0.291874344	1	0.944227443	0.557000439	0.319248076	-1.17230669	-4.5492796	0.341234803	0.0356135695	0.000985561655	39.955724
28.16	1.69685009	1.04992137	0.189998048	1.61271482	1.23515394	0.249659098	0.000124907989	0.291965507	1	0.944391149	0.556939656	0.318970287	-1.1370393	-4.50727395	0.341373139	0.033470014	0.00104103728	45.244197
28.17	1.69685045	1.04992142	0.189998044	1.61271449	1.23515424	0.249658877	0.000119741564	0.292045604	1	0.944442675	0.556823899	0.318509409	-1.16596106	-4.4770723	0.341545056	0.0283025718	0.00119987835	40.145132
28.18	1.69685079	1.04992145	0.189998049	1.6127142	1.2351545	0.249658656	0.00011880959	0.292057269	1	0.944321853	0.556698984	0.317870841	-1.2612574	-4.46182216	0.34171236	0.0418851393	0.0013668285	40.92449
28.19	1.69685108	1.04992149	0.189998055	1.61271395	1.23515473	0.249658485	0.000120242735	0.292032839	1	0.944039868	0.556581912	0.317094515	-1.40296539	-4.48043154	0.341807832	0.0370709403	0.0016118723	40.521558
28.2	1.69685119	1.04992169	0.189998053	1.61271374	1.23515495	0.24965855	0.0001208233	0.291982797	1	0.944050062	0.556475826	0.316733663	-1.46198338	-4.40863795	0.342033975	0.0354230331	0.00184625939	41.052357
28.21	1.6968515	1.04992183	0.189998036	1.61271341	1.23515527	0.24965843	0.000116179114	0.292136349	1	0.943961798	0.556268518	0.316005108	-1.50344471	-4.41907886	0.342178048	0.0299177208	0.0019807868	38.818666
28.22	1.69685155	1.0499219	0.189998417	1.61271333	1.23515535	0.249658439	8.74524309e-05	0.28578755	1	0.944072025	0.556025283	0.315715071	-1.49247585	-4.33414472	0.341393015	0.0440445439	0.00177000494	41.72439
28.23	1.69685248	1.04992251	0.189997887	1.61271221	1.23515645	0.249658214	7.34493484e-05	0.285398724	1	0.944156314	0.555733485	0.315426331	-1.48611677	-4.28954337	0.341420522	0.0680341768	0.0015341455	40.802553
28.24	1.69685268	1.04992255	0.189997851	1.61271204	1.2351566	0.2496581	0.000100015492	0.286926278	1	0.944249932	0.555441349	0.315173028	-1.49102345	-4.23510506	0.341886989	0.045649175	0.0018130307	42.785399
28.25	1.69685289	1.04992269	0.189997913	1.61271178	1.23515685	0.24965805	0.000102427933	0.288295659	1	0.944368449	0.555099223	0.314802515	-1.45010093	-4.17279944	0.34243999	0.0359197578	0.00230325971	44.38529
28.26	1.69685322	1.04992284	0.189997974	1.61271143	1.23515719	0.249657924	9.46880779e-05	0.288989527	1	0.944435288	0.554731375	0.314561126	-1.43612939	-4.1325414	0.342804077	0.0351711853	0.00202636175	40.625053
28.27	1.69685354	1.04992296	0.189998012	1.6127111	1.23515751	0.249657785	9.18511259e-05	0.289265428	1	0.944439768	0.554388004	0.31440913	-1.43712549	-4.09611319	0.343029166	0.055736895	0.00157827664	38.650537
28.28	1.69685384	1.04992309	0.189998025	1.61271077	1.23515781	0.249657665	9.18431896e-05	0.289443661	1	0.944370464	0.554069928	0.314302961	-1.4515441	-4.05547291	0.343208143	0.0363181539	0.00131587948	38.708205
28.29	1.69685412	1.04992324	0.189998029	1.61271046	1.23515811	0.249657566	9.32569415e-05	0.28963366	1	0.944235336	0.553759591	0.314254229	-1.4708902	-4.01493572	0.343360322	0.0516019207	0.00121341577	42.754113
28.3	1.69685438	1.04992337	0.189998034	1.61271018	1.23515839	0.249657479	9.59270829e-05	0.289813224	1	0.944006633	0.553462651	0.314303892	-1.49117345	-3.97844407	0.343471411	0.0408306357	0.00115895161	42.895065
28.31	1.69685461	1.0499235	0.18999804	1.61270991	1.23515865	0.249657413	9.99207012e-05	0.289952494	1	0.943835025	0.553246229	0.314488834	-1.51407803	-3.94579993	0.343512415	0.0402876172	0.00108306168	45.734163
28.32	1.6968549	1.04992356	0.189998046	1.61270965	1.23515889	0.249657245	0.000104321218	0.290083932	1	0.943441181	0.553085799	0.314544693	-1.56347983	-3.96272913	0.343440367	0.0368395657	0.00117168224	43.371645
28.33	1.69685503	1.0499237	0.189998059	1.61270946	1.23515908	0.249657252	0.000111167755	0.290105835	1	0.943126074	0.552957261	0.314806732	-1.57432594	-3.94519674	0.343378775	0.034402974	0.00131082847	43.175121
28.34	1.69685525	1.04992382	0.189998052	1.6127092	1.23515933	0.249657179	0.000114080262	0.290184236	1	0.942822822	0.552869576	0.315113305	-1.58259417	-3.94897424	0.343265319	0.0326014119	0.00133086301	42.326794
28.35	1.69685546	1.04992391	0.189998057	1.61270899	1.23515954	0.249657098	0.000118935296	0.290255205	1	0.942490616	0.552841269	0.315404654	-1.61288776	-3.94213285	0.343195463	0.0311764925	0.00135930303	39.708255
28.36	1.69685559	1.04992416	0.189998056	1.61270873	1.2351598	0.249657179	0.000119756781	0.290331599	1	0.942284259	0.552758451	0.315597632	-1.54088491	-3.96797973	0.343027366	0.0449030028	0.00134713636	40.054878
28.37	1.69685578	1.04992425	0.189998063	1.61270852	1.23516001	0.24965711	0.000123632202	0.290342012	1	0.942081376	0.552647555	0.31586515	-1.50306391	-3.98547602	0.342853812	0.0454757402	0.00133909106	41.651752
28.38	1.69685599	1.04992436	0.189998062	1.61270829	1.23516023	0.24965704	0.000125699143	0.290366122	1	0.941903371	0.552514569	0.316120017	-1.46316703	-4.00927919	0.342662008	0.0308267567	0.00139356686	41.115189
28.39	1.69685619	1.04992447	0.189998063	1.61270807	1.23516045	0.249656975	0.000128026198	0.290395093	1	0.941809703	0.552391655	0.31636338	-1.42530161	-4.0456162	0.342432937	0.0399996341	0.00144874497	40.42836
28.4	1.69685637	1.04992462	0.189998063	1.61270783	1.23516068	0.249656951	0.000129261443	0.290453548	1	0.941865735	0.552267849	0.316396145	-1.35746608	-4.07189624	0.342269811	0.0312956603	0.00147974576	43.549344
28.41	1.69685662	1.04992477	0.189998057	1.61270754	1.23516097	0.24965688	0.000125655643	0.290512405	1	0.942035321	0.55214912	0.316396182	-1.29847162	-4.11692505	0.342075449	0.0285094112	0.00130639281	41.859989
28.42	1.69685687	1.0499249	0.189998058	1.61270726	1.23516124	0.249656801	0.000123638098	0.290547428	1	0.942273954	0.552042199	0.316376973	-1.23899028	-4.16560801	0.34187151	0.0328631046	0.00116755221	43.037262
28.43	1.69685713	1.04992504	0.189998056	1.61270697	1.23516152	0.249656718	0.000120772009	0.290569057	1	0.942523686	0.551925563	0.316351596	-1.18291068	-4.21122371	0.341675622	0.038421476	0.00103411164	43.418406
28.44	1.69685739	1.04992518	0.189998055	1.61270667	1.23516181	0.249656629	0.000118009309	0.290578977	1	0.942753807	0.551780419	0.316346069	-1.12964645	-4.25530104	0.341477669	0.0256843588	0.000917431401	41.842923
28.45	1.69685746	1.04992524	0.189998431	1.61270659	1.23516189	0.249656622	8.872676e-05	0.284281735	1	0.942997723	0.551652859	0.316365234	-1.09917104	-4.29346878	0.340255648	0.037457229	0.000845352063	41.578426
28.46	1.69685854	1.04992577	0.189997925	1.6127054	1.23516303	0.249656232	7.5909072e-05	0.283822794	1	0.943167879	0.55149524	0.316470056	-1.07930991	-4.36016657	0.339812359	0.0482585362	0.00112599693	46.358947
28.47	1.69685873	1.04992583	0.189997875	1.61270521	1.23516321	0.249656138	0.000102328253	0.28535448	1	0.943247074	0.551321615	0.316678056	-1.07533402	-4.40801375	0.33983963	0.045973638	0.000992720802	39.899906
28.48	1.69685897	1.04992592	0.189997932	1.61270497	1.23516344	0.249656032	0.000107069479	0.286739685	1	0.943345205	0.551201413	0.316972075	-1.09951768	-4.44584059	0.339932167	0.0455303505	0.00164222484	41.039119
28.49	1.69685936	1.04992598	0.189997994	1.61270461	1.23516376	0.249655799	0.000101491388	0.287505281	1	0.943206986	0.551110421	0.317033061	-1.19565763	-4.49576962	0.339973728	0.0309360547	0.00149420173	40.143424
28.5	1.69685963	1.04992625	0.189998028	1.61270424	1.23516414	0.249655803	9.21284668e-05	0.2877886	1	0.943075352	0.550979917	0.317302514	-1.22912338	-4.50390944	0.339968681	0.0448671511	0.00145135848	43.326599
28.51	1.69685991	1.04992655	0.189998032	1.61270383	1.23516455	0.249655822	8.55351669e-05	0.288018913	1	0.943044625	0.550781283	0.317429703	-1.166527	-4.54384805	0.339845804	0.0293536134	0.00136120492	37.642841
28.52	1.69686022	1.04992671	0.18999804	1.61270349	1.23516489	0.249655708	8.54669638e-05	0.288196805	1	0.942927843	0.550555214	0.317618439	-1.14991809	-4.55116946	0.33978524	0.0346589871	0.00119056786	40.994808
28.53	1.6968606	1.04992685	0.189998036	1.6127031	1.23516525	0.249655534	8.37177195e-05	0.288392864	1	0.942668236	0.55032725	0.317843243	-1.16618162	-4.544572	0.339770967	0.0407044998	0.0011687544	39.896178
28.54	1.69686094	1.04992702	0.189998037	1.61270272	1.23516561	0.249655422	8.24808975e-05	0.288562511	1	0.942310105	0.550108815	0.318077217	-1.20063093	-4.52524849	0.339795918	0.0399438048	0.00120487091	38.756073
28.55	1.6968613	1.04992715	0.189998041	1.61270235	1.23516596	0.249655258	8.23924746e-05	0.288711587	1	0.941751095	0.549920541	0.318056579	-1.28533748	-4.54994731	0.33975607	0.0320759183	0.0012299943	43.516177
28.56	1.69686149	1.04992743	0.189998047	1.61270204	1.23516629	0.24965532	8.37438364e-05	0.288748735	1	0.94143094	0.549759595	0.318299294	-1.29705744	-4.50955348	0.339782449	0.0189424409	0.00144081213	41.462678
28.57	1.69686186	1.04992765	0.18999803	1.61270161	1.23516671	0.249655218	7.91342708e-05	0.288896583	1	0.941174126	0.549622009	0.318475559	-1.30205433	-4.48461116	0.339811232	0.02641269	0.00129846748	41.143349
28.58	1.69686218	1.04992788	0.189998031	1.61270121	1.2351671	0.249655148	7.65354622e-05	0.289012567	1	0.941010485	0.549502438	0.318570395	-1.2913106	-4.46886595	0.339833286	0.033223439	0.00118036855	41.665175
28.59	1.69686253	1.04992811	0.189998031	1.6127008	1.23516751	0.249655065	7.28264416e-05	0.289078089	1	0.940877828	0.549388366	0.318627987	-1.27742702	-4.45353496	0.339856227	0.0268827787	0.000982367662	42.961181
28.6	1.69686289	1.04992834	0.189998029	1.61270037	1.23516792	0.249654976	6.90660137e-05	0.289117743	1	0.940763053	0.549267113	0.318633598	-1.26353629	-4.43344549	0.339900044	0.0212837134	0.000803955015	41.172777
28.61	1.69686326	1.04992857	0.189998026	1.61269993	1.23516835	0.249654875	6.52676309e-05	0.289146644	1	0.940672845	0.549148062	0.318637488	-1.25592722	-4.41669289	0.33993508	0.035626303	0.00064160562	45.342732
28.62	1.69686362	1.04992881	0.189998024	1.6126995	1.23516877	0.249654789	6.25472965e-05	0.289169879	1	0.940626395	0.54902382	0.31865572	-1.24749069	-4.41071065	0.339933003	0.0292030779	0.000538210414	42.707784
28.63	1.69686398	1.04992903	0.189998024	1.61269908	1.23516918	0.249654689	6.10254087e-05	0.289189126	1	0.940615479	0.54890459	0.318660386	-1.24771598	-4.4060103	0.339926834	0.0250720339	0.000490349033	40.956287
28.64	1.69686436	1.04992925	0.189998022	1.61269865	1.2351696	0.249654578	5.88360936e-05	0.289215891	1	0.940630629	0.548796774	0.318617786	-1.26166486	-4.39495991	0.339953991	0.0296806547	0.000455538091	43.537235
28.65	1.69686476	1.04992947	0.189998018	1.61269819	1.23517004	0.249654449	5.57050502e-05	0.289246805	1	0.940701989	0.548728642	0.318564839	-1.29789084	-4.38587102	0.339986888	0.0378865411	0.000427872809	41.041661
28.66	1.69686516	1.04992972	0.189998015	1.61269773	1.2351705	0.249654344	5.19400409e-05	0.289282037	1	0.940790571	0.54865792	0.318468021	-1.35043901	-4.36764211	0.340068765	0.0561668782	0.000470720387	40.905733
28.67	1.69686555	1.04993	0.189998012	1.61269724	1.23517098	0.249654265	4.71434604e-05	0.289302941	1	0.940905173	0.548625622	0.318407861	-1.38337617	-4.36635965	0.340090765	0.038599224	0.000567155968	44.825165
28.68	1.69686593	1.04993025	0.189998014	1.61269679	1.23517142	0.249654175	4.54669538e-05	0.289296023	1	0.941061173	0.548639543	0.318396116	-1.41416049	-4.38026674	0.340048442	0.0328210873	0.000584977238	42.330246
28.69	1.69686594	1.04993026	0.1899984	1.61269678	1.23517143	0.249654176	3.42042651e-05	0.283383617	1	0.941295921	0.548700218	0.318216531	-1.42451056	-4.36779376	0.339069559	0.0344856962	0.000577946457	40.808209
28.7	1.69686745	1.04993102	0.189997931	1.61269511	1.23517304	0.249653647	8.32155615e-06	0.283056122	1	0.941241748	0.548730531	0.317908157	-1.48621607	-4.41495557	0.338860146	0.0411021392	0.00133722604	42.423414
28.71	1.69686769	1.04993127	0.189997871	1.61269477	1.23517339	0.249653656	3.13580263e-05	0.284527211	1	0.941246959	0.548721808	0.317898969	-1.50573335	-4.37284313	0.33923521	0.0409746281	0.000723176421	41.649773
28.72	1.69686802	1.04993164	0.189997904	1.61269428	1.23517389	0.249653685	3.30444594e-05	0.285944068	1	0.94145214	0.548695276	0.317852784	-1.42019034	-4.36852421	0.339581027	0.0322379086	0.00131213434	40.649421
28.73	1.69686847	1.04993187	0.189997968	1.61269378	1.23517436	0.249653523	2.47004846e-05	0.286646856	1	0.941384015	0.54858787	0.317924376	-1.40191159	-4.34972444	0.339848307	0.0355970195	0.000973805861	43.054376
28.74	1.69686892	1.04993213	0.189998001	1.61269327	1.23517487	0.249653386	1.93752074e-05	0.286897777	1	0.941142486	0.548441007	0.318039996	-1.40199498	-4.32845579	0.339999895	0.0546978978	0.000380386783	42.068069
28.75	1.69686931	1.04993241	0.189998011	1.61269278	1.23517535	0.249653311	1.98766133e-05	0.28702737	1	0.940803473	0.548252968	0.318238852	-1.39154224	-4.31487181	0.340045099	0.0427531713	2.83789164e-05	39.954611
28.76	1.69686968	1.04993265	0.189998015	1.61269234	1.23517577	0.249653221	2.49062031e-05	0.28717591	1	0.94039087	0.548051193	0.318501191	-1.3832555	-4.30272766	0.340047872	0.0300147045	0.00036903155	45.231019
28.77	1.69687004	1.04993287	0.189998018	1.61269192	1.23517618	0.249653122	3.05336004e-05	0.287351708	1	0.939937396	0.547870048	0.318805647	-1.38830441	-4.29043399	0.340038286	0.0269223454	0.000697691427	39.214158
28.78	1.69687039	1.04993311	0.18999802	1.6126915	1.2351766	0.249653042	3.50047195e-05	0.287521629	1	0.939420577	0.547699303	0.319124313	-1.39866622	-4.26893088	0.340053837	0.0422463309	0.000968911641	38.43341
28.79	1.69687075	1.04993335	0.189998022	1.61269107	1.23517702	0.249652964	3.80480468e-05	0.287656548	1	0.938832996	0.547531013	0.319465572	-1.41399887	-4.24010009	0.340084655	0.0277181335	0.00116254423	44.526922
28.8	1.69687114	1.04993352	0.189998027	1.61269065	1.23517742	0.249652805	4.15376454e-05	0.287764768	1	0.938065043	0.547402794	0.319626888	-1.48135894	-4.26552112	0.340003228	0.0404142389	0.00132271396	43.904267
28.81	1.69687135	1.04993382	0.189998035	1.61269031	1.23517778	0.24965287	5.02204725e-05	0.287768426	1	0.937527656	0.547334135	0.32007703	-1.48262855	-4.2333226	0.339966749	0.0371237429	0.001634735	40.906957
28.82	1.69687174	1.04993408	0.18999802	1.61268984	1.23517823	0.249652774	4.95188715e-05	0.287887387	1	0.937006887	0.547316937	0.320521199	-1.4876535	-4.21499923	0.339931492	0.0230946731	0.00163194251	41.937781
28.83	1.69687207	1.04993434	0.189998022	1.61268942	1.23517866	0.249652722	5.10767899e-05	0.287980603	1	0.93657958	0.547364674	0.320963585	-1.48362288	-4.21658777	0.339836643	0.0333336875	0.00166067575	42.840762
28.84	1.69687243	1.04993458	0.189998024	1.61268899	1.23517908	0.249652638	5.08980867e-05	0.288054077	1	0.936248167	0.547452698	0.321197935	-1.49283343	-4.19283487	0.339859317	0.0297675597	0.0016814555	41.228731
28.85	1.69687284	1.04993491	0.189998015	1.61268846	1.23517961	0.249652584	4.50077206e-05	0.288117945	1	0.936010883	0.547583274	0.321426628	-1.47956755	-4.19603384	0.339808474	0.041309286	0.00141230643	44.166411
28.86	1.69687322	1.04993521	0.189998017	1.61268798	1.23518008	0.249652526	4.29525367e-05	0.288139571	1	0.935860336	0.547735162	0.321657486	-1.44938097	-4.21489184	0.339696012	0.0195023272	0.00127069823	38.517712
28.87	1.69687362	1.04993548	0.189998018	1.6126875	1.23518056	0.249652439	4.02452632e-05	0.288144113	1	0.935751015	0.547893841	0.321871393	-1.41885051	-4.23849913	0.339565371	0.0329704029	0.00118758166	40.338779
28.88	1.69687402	1.04993577	0.189998016	1.612687	1.23518105	0.249652355	3.72738449e-05	0.288152907	1	0.935672004	0.54807105	0.322029834	-1.38466865	-4.25907272	0.339454479	0.0285551637	0.00110802946	41.486303
28.89	1.69687446	1.04993605	0.189998012	1.61268648	1.23518156	0.24965224	3.27453081e-05	0.288166052	1	0.935585492	0.548265443	0.32218106	-1.36351401	-4.27574839	0.339365754	0.0402922187	0.00100563736	39.0328
28.9	1.6968749	1.04993634	0.18999801	1.61268595	1.23518207	0.249652137	2.87760985e-05	0.288179507	1	0.935489707	0.548474206	0.322324777	-1.35071072	-4.29018835	0.3392919	0.0228759242	0.000914040992	39.991478
28.91	1.69687535	1.04993662	0.189998008	1.61268542	1.23518259	0.249652022	2.49354529e-05	0.288188683	1	0.93537197	0.548707647	0.322464633	-1.35250155	-4.2987679	0.339240868	0.0261640681	0.000835715284	42.315022
28.92	1.6968758	1.04993691	0.189998005	1.61268489	1.23518312	0.249651907	2.11901046e-05	0.288193878	1	0.935206888	0.548948922	0.322632774	-1.36642543	-4.30322492	0.339198067	0.0374262089	0.000736389137	41.622043
28.93	1.69687629	1.04993714	0.189998009	1.61268436	1.23518362	0.249651721	1.96182248e-05	0.288203064	1	0.934807226	0.549177031	0.322629813	-1.42948845	-4.34882596	0.339087056	0.0288831105	0.000630983382	40.522562
28.94	1.69687627	1.04993714	0.189998396	1.61268438	1.23518361	0.249651733	1.47136686e-05	0.28234078	1	0.934589859	0.549421379	0.322883506	-1.43534521	-4.32605008	0.338043503	0.0447747649	0.000678274999	40.139252
28.95	1.69687758	1.04993818	0.189997919	1.6126827	1.23518527	0.249651547	2.17167527e-05	0.282057102	1	0.934544272	0.54970132	0.32292446	-1.32989991	-4.35693388	0.337754531	0.039777951	0.00168628685	39.202352
28.96	1.69687803	1.04993834	0.189997857	1.61268224	1.2351857	0.249651337	8.32155615e-06	0.283635284	1	0.934271842	0.549881549	0.322801337	-1.32812036	-4.40123793	0.337929205	0.0342950271	0.000712078819	39.055709
28.97	1.69687848	1.04993848	0.189997919	1.6126818	1.23518611	0.249651119	1.57659424e-05	0.284972134	1	0.933816959	0.550042575	0.322435988	-1.38266259	-4.47039117	0.338133054	0.0241066945	0.000952781338	43.1204
28.98	1.69687881	1.04993887	0.189997974	1.6126813	1.23518663	0.249651162	1.23132986e-05	0.285590222	1	0.933677845	0.550179304	0.322410219	-1.35512868	-4.44508207	0.338380348	0.0343367285	0.000700203035	41.41861
28.99	1.69687951	1.04993921	0.189997996	1.61268054	1.23518736	0.249650913	3.07832466e-06	0.285984248	1	0.933521623	0.550255348	0.322370959	-1.34018647	-4.42228199	0.338594236	0.0400728666	0.000397089671	43.939484
29	1.69688009	1.04993955	0.18999801	1.61267987	1.23518801	0.249650739	1.00295694e-05	0.286230958	1	0.933431857	0.55030917	0.322311938	-1.33058727	-4.40442585	0.338745661	0.044164575	0.000347416351	45.923426
29.01	1.69688077	1.0499398	0.18999803	1.61267917	1.23518867	0.249650438	1.91100405e-05	0.286439003	1	0.933169435	0.550288306	0.322005709	-1.3694802	-4.45171648	0.33875055	0.0596082901	0.000273511416	42.224063
29.02	1.69688114	1.04994016	0.189998031	1.61267866	1.23518919	0.249650431	1.06977531e-05	0.286502021	1	0.933128043	0.550212898	0.32207498	-1.34587385	-4.4239339	0.338802577	0.0578123461	0.000499714459	41.630791
29.03	1.69688182	1.04994046	0.189998025	1.61267794	1.23518987	0.249650158	1.83511689e-05	0.28668161	1	0.933009824	0.550066798	0.322165273	-1.3396855	-4.4057924	0.338859435	0.0254254426	0.000434662791	44.423827
29.04	1.69688239	1.04994072	0.189998032	1.61267732	1.23519047	0.249649941	2.11556771e-05	0.286811428	1	0.932876589	0.549894054	0.322240762	-1.36063691	-4.38825798	0.338913628	0.031946378	0.000560238222	41.103395
29.05	1.69688295	1.04994101	0.189998034	1.6126767	1.23519107	0.249649748	2.29726993e-05	0.28688851	1	0.932717239	0.549677	0.322344054	-1.37427478	-4.37751355	0.338925555	0.0443712469	0.000757662447	38.540268
29.06	1.69688355	1.04994122	0.189998046	1.61267609	1.23519164	0.249649475	2.8264937e-05	0.286972649	1	0.932429661	0.549431473	0.321922294	-1.43088766	-4.43445507	0.338854421	0.047902537	0.000932083821	43.980676
29.07	1.696884	1.04994142	0.189998052	1.61267561	1.2351921	0.249649297	2.80318736e-05	0.286954118	1	0.932021967	0.549176182	0.32138231	-1.51328677	-4.54872229	0.338602461	0.0361929804	0.00130843614	40.730353
29.08	1.69688438	1.04994156	0.189998059	1.61267522	1.23519247	0.249649121	3.07595581e-05	0.286923443	1	0.931455077	0.548905209	0.320673587	-1.62111544	-4.71219467	0.338212565	0.0157574069	0.00179848486	39.032519
29.09	1.69688451	1.04994199	0.189998048	1.61267486	1.23519286	0.249649341	2.05083467e-05	0.286866783	1	0.931623097	0.548671041	0.320754512	-1.53957013	-4.70031922	0.338055601	0.0283604953	0.0023525632	44.641979
29.1	1.69688521	1.04994224	0.189998015	1.61267415	1.23519354	0.24964902	1.73086683e-05	0.287159646	1	0.931790653	0.548408339	0.320780256	-1.47368636	-4.70952159	0.337989807	0.0252390241	0.00184951396	40.33706
29.11	1.69688569	1.0499425	0.18999802	1.61267361	1.23519406	0.249648863	1.79089071e-05	0.287331857	1	0.931963066	0.548124109	0.320713695	-1.42016347	-4.71456834	0.337977873	0.0313725505	0.00155516985	42.185793
29.12	1.69688567	1.0499425	0.189998404	1.61267363	1.23519404	0.249648881	1.33909164e-05	0.281776057	1	0.932113631	0.547841985	0.320575113	-1.3802783	-4.69367152	0.337041881	0.0555509225	0.00127067847	43.204968
29.13	1.69688733	1.04994341	0.189997968	1.61267174	1.23519586	0.249648353	2.83035944e-05	0.281487657	1	0.932341523	0.547478365	0.320235435	-1.24281863	-4.71536867	0.336829105	0.0374316686	0.00193507463	40.717413
29.14	1.69688777	1.04994364	0.189997889	1.61267125	1.23519634	0.249648201	1.22241783e-05	0.282981838	1	0.932554815	0.547051042	0.31998523	-1.1508042	-4.70404897	0.33711554	0.031229545	0.000702406975	41.842715
29.15	1.69688833	1.04994385	0.189997933	1.61267068	1.23519688	0.249647956	1.92051633e-05	0.284337753	1	0.932727811	0.546621334	0.319737426	-1.09131683	-4.68706074	0.337499304	0.0312119047	0.000946404903	44.123454
29.16	1.69688895	1.04994415	0.189997997	1.61267	1.23519752	0.249647726	2.35987731e-05	0.285047574	1	0.932889508	0.546205833	0.319504929	-1.05027095	-4.67314401	0.33778155	0.0305129858	0.000772283706	42.880773
29.17	1.6968896	1.04994446	0.189998035	1.6126693	1.23519821	0.249647488	2.87760985e-05	0.285345392	1	0.933039124	0.545811134	0.319288238	-1.02482383	-4.66016042	0.337962498	0.0199756673	0.000704079805	41.339971
29.18	1.69689023	1.04994478	0.189998047	1.6126686	1.23519888	0.249647265	3.17507388e-05	0.285520839	1	0.933167042	0.545427537	0.319131869	-1.01127563	-4.65303052	0.338065529	0.030225011	0.000802362715	40.737623
29.19	1.69689084	1.04994507	0.189998049	1.61266793	1.23519952	0.249647045	3.2845328e-05	0.285691593	1	0.933227358	0.545046134	0.319028755	-1.01730057	-4.6410557	0.338158375	0.0319427851	0.000832694879	41.945092
29.2	1.69689141	1.04994539	0.189998047	1.61266728	1.23520014	0.249646866	3.16932921e-05	0.285881761	1	0.933276594	0.544669872	0.318807351	-1.01819867	-4.60564111	0.33833843	0.0350539993	0.000854868459	39.889068
29.21	1.69689215	1.04994564	0.189998061	1.61266654	1.23520085	0.249646515	4.02814713e-05	0.286054872	1	0.933062539	0.544325674	0.318468075	-1.10413016	-4.62632794	0.338414471	0.041132832	0.000852086418	41.485561
29.22	1.69689254	1.04994599	0.189998053	1.61266602	1.23520137	0.249646492	2.72940632e-05	0.286085326	1	0.933036841	0.544046547	0.318500731	-1.14054747	-4.58393312	0.338531024	0.0449390362	0.00109467367	41.035739
29.23	1.69689318	1.04994632	0.189998041	1.6126653	1.23520206	0.249646268	3.01975285e-05	0.286220594	1	0.933105794	0.543871625	0.318568369	-1.19487992	-4.54900259	0.338656247	0.0375851974	0.000998739035	40.477203
29.24	1.69689385	1.04994663	0.189998046	1.61266458	1.23520275	0.249646018	3.40012072e-05	0.286347258	1	0.933134022	0.543740481	0.318592596	-1.28143146	-4.52757093	0.338774858	0.0311401596	0.000950778506	45.809142
29.25	1.69689441	1.049947	0.189998045	1.61266391	1.23520341	0.24964588	3.27119002e-05	0.286397131	1	0.933168558	0.543686163	0.318625748	-1.35147766	-4.51888987	0.338837565	0.0599151472	0.000986208402	42.146022
29.26	1.69689497	1.04994736	0.189998043	1.61266324	1.23520406	0.249645742	3.19338736e-05	0.286404752	1	0.933204913	0.543685738	0.318683196	-1.41718715	-4.51820616	0.33885983	0.0228828656	0.000934595627	40.037104
29.27	1.69689551	1.04994773	0.189998038	1.61266259	1.2352047	0.249645621	3.1019137e-05	0.286408008	1	0.933265864	0.543749849	0.31874983	-1.46894735	-4.52768555	0.338843231	0.0364421368	0.000861797218	42.834473
29.28	1.69689604	1.04994811	0.189998032	1.61266194	1.23520534	0.249645515	3.03900247e-05	0.286413183	1	0.933349136	0.543878271	0.318853428	-1.50316727	-4.55092708	0.338771128	0.0360906743	0.000733784366	43.430413
29.29	1.69689656	1.04994847	0.189998029	1.6126613	1.23520597	0.249645398	2.98210314e-05	0.28641631	1	0.933406912	0.544043906	0.318969692	-1.52906991	-4.57507504	0.338689523	0.0397327232	0.000583648268	39.019043
29.3	1.69689711	1.04994883	0.189998028	1.61266065	1.23520661	0.249645269	3.00402171e-05	0.286415733	1	0.933384405	0.544218571	0.319097133	-1.55514531	-4.58992556	0.338636043	0.0313111453	0.000444601225	42.731912
29.31	1.69689764	1.0499492	0.189998025	1.61266	1.23520725	0.249645151	3.04858169e-05	0.286411341	1	0.933262426	0.544386046	0.319243399	-1.58050148	-4.59426992	0.338614052	0.0413124612	0.000320308105	39.847698
29.32	1.69689804	1.0499497	0.189998018	1.61265938	1.23520788	0.249645219	3.49213252e-05	0.286419738	1	0.933196119	0.544448414	0.31928788	-1.49103176	-4.62629936	0.338501295	0.0360854812	0.000240560674	43.502418
29.33	1.69689801	1.04994965	0.189998404	1.61265944	1.23520782	0.249645204	2.58539803e-05	0.280833929	1	0.93304252	0.544447066	0.319463552	-1.44904547	-4.62720002	0.337423505	0.0256241856	0.000443009838	42.870771
29.34	1.69689974	1.04995047	0.189997974	1.61265756	1.23520963	0.249644561	4.89116184e-05	0.280565227	1	0.93258152	0.544367967	0.319539444	-1.45622661	-4.6722127	0.3371105	0.0384816546	0.00173687307	42.016334
29.35	1.69690001	1.04995082	0.189997899	1.61265714	1.23521006	0.249644622	2.36142123e-05	0.282049855	1	0.93222213	0.544205309	0.31972429	-1.37870025	-4.64298737	0.337362822	0.0476777215	0.000858437516	39.663943
29.36	1.69690046	1.04995111	0.189997927	1.61265659	1.2352106	0.24964451	1.75387634e-05	0.283433322	1	0.931872821	0.544068907	0.319955519	-1.32779268	-4.6178128	0.337677298	0.0275132366	0.00115051169	44.059705
29.37	1.69690108	1.04995135	0.189997998	1.61265596	1.2352112	0.249644235	1.53679256e-05	0.284174437	1	0.931308047	0.543890661	0.320071124	-1.3335299	-4.62153561	0.337857591	0.031257815	0.00104109632	41.633237
29.38	1.69690161	1.04995158	0.189998041	1.61265539	1.23521174	0.249644029	1.50564623e-05	0.284446356	1	0.930559826	0.543702478	0.319994433	-1.38737558	-4.67220781	0.337833911	0.031696576	0.00119048683	42.882107
29.39	1.69690191	1.04995199	0.189998044	1.61265491	1.23521223	0.249644106	1.17684576e-05	0.284536047	1	0.930146226	0.543514274	0.320282477	-1.35378911	-4.6549772	0.337810627	0.0385682725	0.00164876408	41.830594
29.4	1.69690248	1.04995227	0.189998027	1.61265428	1.23521284	0.249643903	6.61330223e-06	0.284812678	1	0.929807747	0.543330333	0.320509998	-1.35992648	-4.64015951	0.337842733	0.0199076267	0.00156974129	40.410213
29.41	1.69690298	1.04995261	0.189998021	1.61265368	1.23521343	0.249643794	7.49183334e-06	0.285088575	1	0.929540916	0.543165962	0.320727799	-1.34840786	-4.63662174	0.337851972	0.0371844948	0.00144587049	43.136263
29.42	1.69690345	1.04995297	0.189998021	1.61265309	1.23521402	0.249643709	9.50722096e-06	0.285275673	1	0.929390105	0.54301523	0.320894565	-1.32769094	-4.64713633	0.337816104	0.0255448515	0.00135655266	44.08933
29.43	1.69690396	1.04995332	0.189998024	1.61265247	1.23521463	0.249643599	1.1952831e-05	0.285390501	1	0.929302712	0.54286375	0.320995002	-1.3004178	-4.65645908	0.337778829	0.0339873082	0.00125437776	41.761369
29.44	1.69690448	1.0499537	0.189998022	1.61265182	1.23521527	0.249643502	1.63336516e-05	0.285469314	1	0.929299442	0.542689992	0.321056969	-1.24991283	-4.67729587	0.337697275	0.0401804106	0.0011144283	43.350877
29.45	1.696905	1.04995407	0.189998022	1.61265119	1.23521589	0.249643397	1.89183603e-05	0.285523856	1	0.92935958	0.542469587	0.321083681	-1.17725516	-4.70569107	0.337580577	0.0242836047	0.00100541414	43.40095
29.46	1.69690553	1.04995442	0.189998025	1.61265055	1.23521652	0.249643262	1.97478417e-05	0.285560172	1	0.929417979	0.542177265	0.321106594	-1.09414085	-4.7342311	0.33744852	0.0514917557	0.000928783152	39.198982
29.47	1.69690607	1.04995475	0.189998027	1.61264992	1.23521713	0.249643118	1.91861764e-05	0.285583561	1	0.929501798	0.541825378	0.321137843	-1.00512564	-4.77048777	0.337278308	0.0296880019	0.000910039097	41.895966
29.48	1.69690659	1.04995507	0.189998028	1.61264932	1.23521772	0.249642974	1.72665034e-05	0.285603472	1	0.929546946	0.541391954	0.321165268	-0.915691297	-4.800379	0.337118925	0.0338696814	0.000938229219	45.912841
29.49	1.69690709	1.04995538	0.189998027	1.61264873	1.2352183	0.249642844	1.52727673e-05	0.285629381	1	0.929545678	0.54087483	0.321138826	-0.820158844	-4.81552384	0.337008528	0.0395276819	0.000996097983	41.848331
29.5	1.69690772	1.04995559	0.189998041	1.6126481	1.23521889	0.249642544	1.64669897e-05	0.285669111	1	0.929309485	0.540313613	0.320905339	-0.788142224	-4.86433214	0.336861816	0.04635543	0.00102614547	38.717598
29.51	1.69690809	1.04995592	0.189998038	1.6126476	1.23521939	0.249642512	6.50214637e-06	0.285636394	1	0.929213266	0.539718675	0.320925266	-0.714891823	-4.83752285	0.336839043	0.0290722075	0.00130298347	43.324936
29.52	1.6969087	1.0499562	0.189998028	1.61264694	1.23522002	0.249642277	1.15811492e-05	0.285732076	1	0.929153337	0.539192228	0.320926502	-0.672688604	-4.80442376	0.336868371	0.0385444184	0.00119463648	41.93921
29.53	1.69690928	1.04995647	0.189998035	1.61264631	1.23522062	0.249642059	1.57890427e-05	0.285874934	1	0.929062246	0.538625987	0.320463424	-0.613373536	-4.86611053	0.336715843	0.0264800906	0.00116023724	42.548377
29.54	1.69690924	1.04995646	0.189998415	1.61264635	1.23522058	0.249642082	1.16439201e-05	0.280209274	1	0.929190081	0.538074625	0.320340351	-0.557383605	-4.83706317	0.335698807	0.0370028719	0.00122834035	44.04193
29.55	1.696911	1.0499573	0.189997984	1.61264443	1.23522242	0.249641428	3.83248329e-05	0.279934844	1	0.929242694	0.537528325	0.320174858	-0.530706989	-4.82908472	0.335627795	0.03061117	0.0020662699	41.903444
29.56	1.69691148	1.04995756	0.189997896	1.61264389	1.23522295	0.249641276	2.08257777e-05	0.281525878	1	0.929276149	0.536995409	0.320040576	-0.515823756	-4.8054128	0.33595691	0.0324894066	0.00104935793	42.699492
29.57	1.69691204	1.04995783	0.189997945	1.61264329	1.23522353	0.249641072	2.19670501e-05	0.282919457	1	0.929293343	0.536511003	0.319917223	-0.521519108	-4.77840414	0.336372035	0.0294785186	0.0012163405	42.482482
29.58	1.69691271	1.04995815	0.189998014	1.61264256	1.23522423	0.249640826	2.82520395e-05	0.283628589	1	0.929340696	0.536111262	0.31979194	-0.543762416	-4.75633329	0.336673531	0.0217497127	0.00108949681	40.477668
29.59	1.69691341	1.04995853	0.189998053	1.61264176	1.23522499	0.249640602	3.46804495e-05	0.283939927	1	0.929382571	0.535738002	0.319510667	-0.561516404	-4.70403627	0.336996371	0.0228008405	0.00108289448	40.644362
29.6	1.69691434	1.04995883	0.189998085	1.61264083	1.23522586	0.249640148	4.99147355e-05	0.284143031	1	0.929248004	0.535460903	0.319082347	-0.654957314	-4.72461082	0.337128906	0.0357942297	0.00117108459	48.793109
29.61	1.69691479	1.04995927	0.189998072	1.61264021	1.23522649	0.249640143	4.03808761e-05	0.284241376	1	0.929322784	0.535228273	0.319041424	-0.68286984	-4.68659456	0.337290656	0.0369201508	0.00137675935	50.649514
29.62	1.69691556	1.04995965	0.18999807	1.61263936	1.23522731	0.249639868	4.61669761e-05	0.284455965	1	0.929352196	0.535032384	0.31906776	-0.718041834	-4.66693518	0.337410309	0.0378862779	0.00118270463	45.155128
29.63	1.69691625	1.04996	0.189998079	1.6126386	1.23522804	0.249639625	4.77808225e-05	0.284622505	1	0.929379553	0.534905982	0.319095337	-0.779707809	-4.64595599	0.337538335	0.024981268	0.00104200486	45.224144
29.64	1.69691696	1.04996039	0.189998083	1.6126378	1.23522882	0.249639399	5.09767933e-05	0.28472411	1	0.929349157	0.53482708	0.319228316	-0.840566281	-4.63992391	0.337592502	0.0429850633	0.000973033226	42.60632
29.65	1.69691759	1.04996077	0.189998084	1.61263706	1.23522954	0.249639226	5.01769099e-05	0.284763149	1	0.929283487	0.534801737	0.319444777	-0.90243751	-4.64676971	0.337575843	0.0209788482	0.000892128366	40.495503
29.66	1.69691815	1.04996119	0.189998076	1.61263637	1.23523023	0.249639123	4.78037006e-05	0.284782602	1	0.929272063	0.534878938	0.319715857	-0.938124948	-4.66598509	0.337477295	0.0362417283	0.000829610391	45.07522
29.67	1.69691883	1.04996151	0.189998083	1.61263563	1.23523093	0.249638869	4.72978271e-05	0.284819761	1	0.929103116	0.534989801	0.319829287	-1.00062088	-4.73531797	0.337259206	0.0619230499	0.000808450491	41.237534
29.68	1.69691937	1.0499618	0.189998088	1.61263502	1.23523152	0.249638691	4.09366435e-05	0.284801553	1	0.928715528	0.535131785	0.319788137	-1.09542496	-4.83572274	0.336953472	0.0305591148	0.000956413238	44.848534
29.69	1.69691972	1.04996224	0.189998071	1.61263448	1.23523208	0.249638761	3.19110393e-05	0.284726798	1	0.928513946	0.535296006	0.320202989	-1.11658396	-4.85030775	0.336768339	0.0415435513	0.00123784506	44.693932
29.7	1.69692017	1.04996275	0.189998042	1.61263381	1.23523276	0.249638798	3.71268847e-05	0.284846645	1	0.928458803	0.535410222	0.320454283	-1.02627184	-4.91305899	0.336494722	0.0304435807	0.00107443662	37.804607
29.71	1.69692069	1.04996304	0.189998048	1.61263322	1.23523333	0.24963864	2.98820776e-05	0.284869446	1	0.928331925	0.535544301	0.320879797	-1.01334968	-4.95721808	0.336238042	0.0234284435	0.00107522258	40.380069
29.72	1.69692128	1.04996334	0.18999805	1.61263257	1.23523397	0.249638434	2.59384246e-05	0.284881924	1	0.928174159	0.535738791	0.321339755	-1.03595471	-5.00418583	0.335974658	0.0370436279	0.00118429646	42.888035
29.73	1.69692179	1.04996371	0.189998043	1.61263194	1.23523458	0.249638336	2.51971733e-05	0.2849111	1	0.927992886	0.535948304	0.32163868	-1.05877066	-5.02190935	0.335844643	0.0488978419	0.00126010903	41.208576
29.74	1.69692237	1.04996412	0.189998038	1.61263123	1.23523528	0.249638215	2.91785809e-05	0.284944329	1	0.927836791	0.53618699	0.321917353	-1.08546958	-5.04752337	0.335710763	0.0530712379	0.00115301399	39.877417
29.75	1.69692299	1.04996445	0.189998047	1.61263053	1.23523596	0.24963801	2.8990613e-05	0.284979206	1	0.927573882	0.536465441	0.321927677	-1.14122071	-5.11180849	0.335517378	0.0279288935	0.00106859065	43.028625
29.76	1.69692294	1.04996442	0.189998424	1.61263059	1.2352359	0.249638018	2.17837799e-05	0.279421953	1	0.92753871	0.536807918	0.322106325	-1.15090027	-5.10091286	0.334422591	0.0300620391	0.00110066028	44.594129
29.77	1.69692481	1.0499657	0.189998027	1.61262832	1.23523813	0.249637609	6.55740403e-05	0.279229631	1	0.927462382	0.537141068	0.322173743	-1.15954633	-5.11009006	0.334350547	0.0342643603	0.0020203892	39.949297
29.78	1.69692535	1.04996611	0.189997927	1.61262765	1.2352388	0.249637515	4.81531364e-05	0.280830639	1	0.927403976	0.537472013	0.322189829	-1.14938615	-5.10286844	0.334729768	0.0314181599	0.000445901196	43.15767
29.79	1.69692598	1.04996656	0.189997971	1.61262688	1.23523956	0.249637389	5.22548532e-05	0.282199703	1	0.927418182	0.537838749	0.322160595	-1.13194581	-5.07698207	0.335199781	0.0352960008	0.000486226548	45.930854
29.8	1.69692693	1.04996701	0.189998059	1.61262585	1.23524055	0.249637036	6.74481181e-05	0.282900175	1	0.927183426	0.538177125	0.321998995	-1.15991185	-5.05690641	0.335594242	0.0438503251	0.00048503187	42.693702
29.81	1.69692781	1.04996748	0.189998116	1.61262485	1.23524151	0.249636747	7.92355303e-05	0.283134872	1	0.926732086	0.538501881	0.321716521	-1.22877947	-5.05763264	0.335848911	0.0515165632	0.000738713427	44.467965
29.82	1.69692842	1.04996815	0.189998124	1.61262397	1.23524241	0.249636781	8.65012179e-05	0.283208479	1	0.92644839	0.538824594	0.321738206	-1.22509144	-4.99819271	0.336135489	0.036252023	0.000904554119	42.592363
29.83	1.6969293	1.0499687	0.189998125	1.61262294	1.23524342	0.249636553	9.36002293e-05	0.283423633	1	0.926090216	0.539133836	0.321755702	-1.21534858	-4.9394437	0.336440847	0.0302795521	0.000911563675	41.332592
29.84	1.69693012	1.04996921	0.189998133	1.61262197	1.23524436	0.24963634	9.72627691e-05	0.283626544	1	0.92564734	0.539458707	0.321768779	-1.20943983	-4.86848279	0.33677919	0.0619567013	0.000960287214	40.721491
29.85	1.69693096	1.0499698	0.189998149	1.61262094	1.23524538	0.249636157	0.000104791803	0.283763203	1	0.925140639	0.539784442	0.321665661	-1.20193555	-4.7699904	0.337212445	0.0688085603	1.31277038e-10	41.617574
29.86	1.69693174	1.04997067	0.189998174	1.6126198	1.23524654	0.249636224	0.000119546604	0.283881361	1	0.924795676	0.540073937	0.321355184	-1.06530049	-4.70385891	0.337558855	0.067964422	4.55663603e-05	44.867279
29.87	1.69693264	1.04997128	0.189998188	1.61261871	1.23524761	0.249636017	0.000125141201	0.283923437	1	0.924527578	0.540337319	0.321046798	-0.992789237	-4.61849896	0.337961214	0.0468765048	0.000114261919	41.695695
29.88	1.69693367	1.04997195	0.189998203	1.61261749	1.23524881	0.249635761	0.000135413991	0.283995284	1	0.924269914	0.540580407	0.320787278	-0.922391825	-4.54347185	0.338319501	0.048220171	0.000192486296	38.823122
29.89	1.69693461	1.04997267	0.189998221	1.6126163	1.23524998	0.249635604	0.000143342468	0.284049305	1	0.924026816	0.540783853	0.320582656	-0.849288225	-4.48296364	0.338606472	0.0339660308	0.000269777776	39.264788
29.9	1.69693554	1.04997337	0.189998235	1.61261514	1.23525113	0.249635443	0.0001487209	0.284071051	1	0.923846319	0.540972995	0.320443492	-0.776290122	-4.44656097	0.338790728	0.0467111414	0.000340808025	42.093823
29.91	1.69693641	1.04997412	0.189998247	1.61261399	1.23525228	0.249635353	0.00015333499	0.284095915	1	0.923756722	0.541138081	0.320183385	-0.681817408	-4.40339664	0.338997881	0.0404535542	0.000406617515	38.22329
29.92	1.69693742	1.04997487	0.18999826	1.61261274	1.23525352	0.249635171	0.000160448126	0.284122405	1	0.923872988	0.541350637	0.320003901	-0.608835461	-4.38571381	0.339135506	0.0492743177	0.000475938625	44.098054
29.93	1.69693855	1.04997544	0.189998273	1.61261149	1.23525473	0.249634778	0.000163630792	0.284169092	1	0.92383107	0.541524669	0.319683666	-0.620024943	-4.41506303	0.339189362	0.0651619531	0.000546301357	43.833384
29.94	1.69693839	1.04997531	0.189998594	1.61261169	1.23525453	0.249634799	0.000122691164	0.279211176	1	0.923895169	0.541707009	0.319634266	-0.646536166	-4.40217315	0.338180269	0.0464155559	0.000575624245	39.945846
29.95	1.69694079	1.04997712	0.189998275	1.61260869	1.2352575	0.249634383	0.000180392896	0.27913271	1	0.923749286	0.54178595	0.319773985	-0.713854126	-4.41230613	0.338083175	0.0706134747	0.000643635661	38.007653
29.96	1.69694157	1.04997755	0.189998151	1.6126078	1.23525836	0.249634138	0.000152405172	0.280613042	1	0.923491422	0.541808693	0.320060226	-0.841354093	-4.39981843	0.338372228	0.0399128529	0.000519502583	40.100211
29.97	1.69694236	1.04997804	0.189998168	1.61260687	1.23525927	0.249633926	0.000143210191	0.28189741	1	0.922982753	0.541766114	0.320497221	-0.994841235	-4.36582323	0.338715736	0.0643116505	0.000459004677	44.693
29.98	1.69694318	1.04997856	0.189998218	1.61260591	1.23526021	0.24963371	0.000140673297	0.28254202	1	0.92221147	0.541644994	0.320899349	-1.19511793	-4.38236178	0.338825248	0.0874755827	0.000347737482	42.37603
29.99	1.6969437	1.04997915	0.189998223	1.61260514	1.23526099	0.24963376	0.000132150261	0.282695167	1	0.921582722	0.541527188	0.321602268	-1.37021433	-4.35965539	0.33884635	0.0574707461	0.000313903502	41.183921
30	1.69694425	1.04997984	0.189998201	1.61260429	1.23526187	0.249633855	0.000128823665	0.282879167	1	0.921056372	0.541368231	0.322171638	-1.43888059	-4.37135944	0.33874104	0.0462600768	0.000396295121	42.615118
