time_s	best_cost
0.000000000000000000e+00	3.191374756959933802e+04
1.000000000000000021e-02	2.638363608585896145e+04
2.000000000000000042e-02	2.051278792582430469e+04
2.999999999999999889e-02	2.122354450267564607e+04
4.000000000000000083e-02	1.989866389063128736e+04
5.000000000000000278e-02	2.400587532003011438e+04
6.000000000000000472e-02	2.389386693779659254e+04
7.000000000000000666e-02	2.842357512516513088e+04
8.000000000000000167e-02	2.252208790495452558e+04
8.999999999999999667e-02	2.705616498802250862e+04
9.999999999999999167e-02	2.340923312521867047e+04
1.099999999999999867e-01	3.122802786816217849e+04
1.199999999999999817e-01	2.572276737859743298e+04
1.299999999999999767e-01	2.564398500254425016e+04
1.399999999999999856e-01	2.909246591060359788e+04
1.499999999999999944e-01	3.121206178530249963e+04
1.600000000000000033e-01	3.089776876493987584e+04
1.700000000000000122e-01	3.416920551256991894e+04
1.800000000000000211e-01	3.250631293066729631e+04
1.900000000000000300e-01	1.893876979313119955e+04
2.000000000000000389e-01	3.320818298209468776e+04
2.100000000000000477e-01	3.027521276426986151e+04
2.200000000000000566e-01	3.508051041418776731e+04
2.300000000000000655e-01	2.464777745104589485e+04
2.400000000000000744e-01	3.015786875799818881e+04
2.500000000000000555e-01	3.247737167289484933e+04
2.600000000000000644e-01	3.484328764874101762e+04
2.700000000000000733e-01	3.097630553150846390e+04
2.800000000000000822e-01	3.023114497334895350e+04
2.900000000000000910e-01	3.387496117222089379e+04
3.000000000000000999e-01	3.882479585541562847e+04
3.100000000000001088e-01	3.654652593321079621e+04
3.200000000000001177e-01	3.463626919026942051e+04
3.300000000000001266e-01	3.891660298455468728e+04
3.400000000000001354e-01	2.727391277117309073e+04
3.500000000000001443e-01	3.293200592348335340e+04
3.600000000000001532e-01	3.180100561284141077e+04
3.700000000000001621e-01	3.380232400147245789e+04
3.800000000000001710e-01	2.874450476138445811e+04
3.900000000000001799e-01	2.988194459057951826e+04
4.000000000000001887e-01	3.606143157810425328e+04
4.100000000000001976e-01	3.436552643203473417e+04
4.200000000000002065e-01	3.309729850669635925e+04
4.300000000000002154e-01	3.482530392097091681e+04
4.400000000000002243e-01	3.499833710365007573e+04
4.500000000000002331e-01	3.775046904874608299e+04
4.600000000000002420e-01	3.271230061015941101e+04
4.700000000000002509e-01	2.586412301121343626e+04
4.800000000000002598e-01	3.383343622723162116e+04
4.900000000000002687e-01	3.352043948136637482e+04
5.000000000000002220e-01	3.406366573246063490e+04
5.100000000000002309e-01	1.559576594042880461e+05
5.200000000000002398e-01	1.525623509148358135e+05
5.300000000000002487e-01	1.431188678038084763e+05
5.400000000000002576e-01	1.534734985308078176e+05
5.500000000000002665e-01	1.502140277509478328e+05
5.600000000000002753e-01	1.540432985667776375e+05
5.700000000000002842e-01	1.464183432663450367e+05
5.800000000000002931e-01	1.482076850756951317e+05
5.900000000000003020e-01	1.471437975481034082e+05
6.000000000000003109e-01	1.433692311938843923e+05
6.100000000000003197e-01	1.472393746018189704e+05
6.200000000000003286e-01	1.418443288466112572e+05
6.300000000000003375e-01	1.435043193377941498e+05
6.400000000000003464e-01	1.434683452030123444e+05
6.500000000000003553e-01	1.395313751429722761e+05
6.600000000000003642e-01	1.358915586146353162e+05
6.700000000000003730e-01	1.329100693023453350e+05
6.800000000000003819e-01	1.382236203735241725e+05
6.900000000000003908e-01	1.298241421264817764e+05
7.000000000000003997e-01	1.313178604730394145e+05
7.100000000000004086e-01	1.281722208481599810e+05
7.200000000000004174e-01	1.240965768534294766e+05
7.300000000000004263e-01	1.214487715110396530e+05
7.400000000000004352e-01	1.209933844052908244e+05
7.500000000000004441e-01	1.154589872478982288e+05
7.600000000000004530e-01	1.127980935774290119e+05
7.700000000000004619e-01	1.074261952055071015e+05
7.800000000000004707e-01	1.074984677311782580e+05
7.900000000000004796e-01	1.081969712812552461e+05
8.000000000000004885e-01	1.081996338963225426e+05
8.100000000000004974e-01	1.042730652606828080e+05
8.200000000000005063e-01	1.038383122831647634e+05
8.300000000000005151e-01	1.062505921280096227e+05
8.400000000000005240e-01	9.857332524236052996e+04
8.500000000000005329e-01	9.547370071170030860e+04
8.600000000000005418e-01	8.680343446798858349e+04
8.700000000000005507e-01	8.302325987540748611e+04
8.800000000000005596e-01	8.343559260487076244e+04
8.900000000000005684e-01	7.921556149876874406e+04
9.000000000000005773e-01	8.103622511350935383e+04
9.100000000000005862e-01	6.942800162838282995e+04
9.200000000000005951e-01	7.198568161258895998e+04
9.300000000000006040e-01	7.316580678734742105e+04
9.400000000000006128e-01	7.575041973931217217e+04
9.500000000000006217e-01	7.394065302521373087e+04
9.600000000000006306e-01	7.123599795339276898e+04
9.700000000000006395e-01	6.505431856280314241e+04
9.800000000000006484e-01	6.353040194552748289e+04
9.900000000000006573e-01	7.199455115121448762e+04
1.000000000000000666e+00	6.795648656559777737e+04
1.010000000000000675e+00	5.960852314474857121e+04
1.020000000000000684e+00	5.829671493169157475e+04
1.030000000000000693e+00	5.971071281882293988e+04
1.040000000000000702e+00	6.164339878022957419e+04
1.050000000000000711e+00	5.563877102248554002e+04
1.060000000000000719e+00	5.397874838676521904e+04
1.070000000000000728e+00	5.415619947277633764e+04
1.080000000000000737e+00	4.922987137497484946e+04
1.090000000000000746e+00	5.393079145589168911e+04
1.100000000000000755e+00	5.797202553989370062e+04
1.110000000000000764e+00	5.966115316923079081e+05
1.120000000000000773e+00	6.086711876119030640e+05
1.130000000000000782e+00	5.923334537144938949e+05
1.140000000000000790e+00	5.775730545325034764e+05
1.150000000000000799e+00	5.828247555011978839e+05
1.160000000000000808e+00	5.711682937784254318e+05
1.170000000000000817e+00	5.761436602506594500e+05
1.180000000000000826e+00	5.660568244404216530e+05
1.190000000000000835e+00	5.656919404974263161e+05
1.200000000000000844e+00	5.398360654396417085e+05
1.210000000000000853e+00	5.230491578487483202e+05
1.220000000000000862e+00	5.237938881934827077e+05
1.230000000000000870e+00	4.991063766092089936e+05
1.240000000000000879e+00	4.901895657678623684e+05
1.250000000000000888e+00	4.796628162333854707e+05
1.260000000000000897e+00	4.613864329355172231e+05
1.270000000000000906e+00	4.609219088937853230e+05
1.280000000000000915e+00	4.520823967062222073e+05
1.290000000000000924e+00	4.345757746604331769e+05
1.300000000000000933e+00	4.054782953457439435e+05
1.310000000000000941e+00	4.356701194147916976e+05
1.320000000000000950e+00	4.052309935571246897e+05
1.330000000000000959e+00	3.889606614433056675e+05
1.340000000000000968e+00	4.078314890006015776e+05
1.350000000000000977e+00	3.564332967341544572e+05
1.360000000000000986e+00	3.352183258921735687e+05
1.370000000000000995e+00	3.653483245360713336e+05
1.380000000000001004e+00	3.464574524053190835e+05
1.390000000000001013e+00	3.318153784489565296e+05
1.400000000000001021e+00	3.527652950326325372e+05
1.410000000000001030e+00	3.294306435722542810e+05
1.420000000000001039e+00	3.156644718215764151e+05
1.430000000000001048e+00	3.751769692097758525e+05
1.440000000000001057e+00	3.126941766616356326e+05
1.450000000000001066e+00	3.113998758121021092e+05
1.460000000000001075e+00	2.745511056944382726e+05
1.470000000000001084e+00	2.909393303407285130e+05
1.480000000000001092e+00	2.772939474733428797e+05
1.490000000000001101e+00	3.259573584275436588e+05
1.500000000000001110e+00	2.675906690147983027e+05
1.510000000000001119e+00	2.619850329945728590e+05
1.520000000000001128e+00	2.307095183277674951e+05
1.530000000000001137e+00	2.043549629804966098e+05
1.540000000000001146e+00	1.742736832904234179e+05
1.550000000000001155e+00	1.689715109726871015e+05
1.560000000000001164e+00	1.604060721472589939e+05
1.570000000000001172e+00	1.515706731649294379e+05
1.580000000000001181e+00	1.434359523411192640e+05
1.590000000000001190e+00	1.378687106719530420e+05
1.600000000000001199e+00	1.294298304208058689e+05
1.610000000000001208e+00	1.215700495665827184e+05
1.620000000000001217e+00	1.250064273830078891e+05
1.630000000000001226e+00	1.220417985224188888e+05
1.640000000000001235e+00	1.183101009484305687e+05
1.650000000000001243e+00	1.215732012056577078e+05
1.660000000000001252e+00	1.190212328659633349e+05
1.670000000000001261e+00	1.236449303875174955e+05
1.680000000000001270e+00	1.780313108247146301e+05
1.690000000000001279e+00	1.809390274900015502e+05
1.700000000000001288e+00	1.769214196766075911e+05
1.710000000000001297e+00	1.775983683325533639e+05
1.720000000000001306e+00	1.706128421817912022e+05
1.730000000000001315e+00	1.629737411708072759e+05
1.740000000000001323e+00	1.612293581824793946e+05
1.750000000000001332e+00	1.653820644948691770e+05
1.760000000000001341e+00	1.552541036810400547e+05
1.770000000000001350e+00	1.544851815697885759e+05
1.780000000000001359e+00	1.467761502671024646e+05
1.790000000000001368e+00	1.433162177797490440e+05
1.800000000000001377e+00	1.443244413454218884e+05
1.810000000000001386e+00	1.441770666890216526e+05
1.820000000000001394e+00	1.407677102772372891e+05
1.830000000000001403e+00	1.370795219411869766e+05
1.840000000000001412e+00	1.428066245017041219e+05
1.850000000000001421e+00	1.339730420922478952e+05
1.860000000000001430e+00	1.322422812800920219e+05
1.870000000000001439e+00	1.301502816266652226e+05
1.880000000000001448e+00	1.269817639014401357e+05
1.890000000000001457e+00	1.259328910662141279e+05
1.900000000000001465e+00	1.295900886439678725e+05
1.910000000000001474e+00	1.291647843853142404e+05
1.920000000000001483e+00	1.267389701453405432e+05
1.930000000000001492e+00	1.337491091783395386e+05
1.940000000000001501e+00	1.334214919801463548e+05
1.950000000000001510e+00	1.369291798128460941e+05
1.960000000000001519e+00	1.315328945962235157e+05
1.970000000000001528e+00	1.358161241928951058e+05
1.980000000000001537e+00	1.399020522229438648e+05
1.990000000000001545e+00	1.597425567183652311e+05
2.000000000000001332e+00	1.725821015703736921e+05
2.010000000000001119e+00	1.061731131179696531e+05
2.020000000000000906e+00	1.091851692824170023e+05
2.030000000000000693e+00	1.003008882857319113e+05
2.040000000000000480e+00	9.993137020185650908e+04
2.050000000000000266e+00	9.682346482389824814e+04
2.060000000000000053e+00	9.035443889597688394e+04
2.069999999999999840e+00	9.079690708507481031e+04
2.079999999999999627e+00	8.213212191009658272e+04
2.089999999999999414e+00	8.209466019697384036e+04
2.099999999999999201e+00	8.483517383529974904e+04
2.109999999999998987e+00	8.208796740936044080e+04
2.119999999999998774e+00	8.389290187982056523e+04
2.129999999999998561e+00	8.324626342681133247e+04
2.139999999999998348e+00	7.967048726162628736e+04
2.149999999999998135e+00	7.439763792636012658e+04
2.159999999999997922e+00	8.107832065332526690e+04
2.169999999999997708e+00	7.505406312409993552e+04
2.179999999999997495e+00	8.065679212660968187e+04
2.189999999999997282e+00	8.219642083427830948e+04
2.199999999999997069e+00	7.528522531116590835e+04
2.209999999999996856e+00	7.475869298885505123e+04
2.219999999999996643e+00	8.001505531681625871e+04
2.229999999999996430e+00	8.031516202547607827e+04
2.239999999999996216e+00	7.259412954020535108e+04
2.249999999999996003e+00	7.363694078330748016e+04
2.259999999999995790e+00	7.106405011560744606e+04
2.269999999999995577e+00	7.225579526348339277e+04
2.279999999999995364e+00	7.302884828768557054e+04
2.289999999999995151e+00	6.728051586901207338e+04
2.299999999999994937e+00	6.975771292650565738e+04
2.309999999999994724e+00	6.852467839266631927e+04
2.319999999999994511e+00	6.669903621429466875e+04
2.329999999999994298e+00	7.105305397787735274e+04
2.339999999999994085e+00	6.988068455325423565e+04
2.349999999999993872e+00	6.311682388104849815e+04
2.359999999999993658e+00	6.030118111897803465e+04
2.369999999999993445e+00	6.657474227021387196e+04
2.379999999999993232e+00	6.516614544602880051e+04
2.389999999999993019e+00	6.392215415717645374e+04
2.399999999999992806e+00	6.663572219314367976e+04
2.409999999999992593e+00	6.562462956398344249e+04
2.419999999999992379e+00	6.316464737229234015e+04
2.429999999999992166e+00	5.959826845491593122e+04
2.439999999999991953e+00	6.179528841341781663e+04
2.449999999999991740e+00	5.826274683266837383e+04
2.459999999999991527e+00	5.526976411921839463e+04
2.469999999999991314e+00	4.855929733880003187e+04
2.479999999999991100e+00	4.927345075132869533e+04
2.489999999999990887e+00	5.795174984584058257e+04
2.499999999999990674e+00	5.721207310006979969e+04
2.509999999999990461e+00	5.061353609554196009e+04
2.519999999999990248e+00	5.862810149271629052e+04
2.529999999999990035e+00	4.841340494955850590e+04
2.539999999999989821e+00	5.399079840104900359e+04
2.549999999999989608e+00	5.209189550815516122e+04
2.559999999999989395e+00	5.138711235146297258e+04
2.569999999999989182e+00	4.559469932099737343e+04
2.579999999999988969e+00	4.971736339572953875e+04
2.589999999999988756e+00	4.907879796211366192e+04
2.599999999999988542e+00	4.787076734589127591e+04
2.609999999999988329e+00	4.603414028089836938e+04
2.619999999999988116e+00	4.638637294053040387e+04
2.629999999999987903e+00	3.871642628261157370e+04
2.639999999999987690e+00	4.893367001005691418e+04
2.649999999999987477e+00	4.066709579663704062e+04
2.659999999999987264e+00	4.209667908780851576e+04
2.669999999999987050e+00	3.938278760431673436e+04
2.679999999999986837e+00	3.687388122328076861e+04
2.689999999999986624e+00	3.795923487554193707e+04
2.699999999999986411e+00	3.650346411451660242e+04
2.709999999999986198e+00	3.930349410813036957e+04
2.719999999999985985e+00	3.876075435748878226e+04
2.729999999999985771e+00	3.196044720568184493e+04
2.739999999999985558e+00	3.904942330711265095e+04
2.749999999999985345e+00	3.827116629390846356e+04
2.759999999999985132e+00	3.773083134267613059e+04
2.769999999999984919e+00	3.868659214267531934e+04
2.779999999999984706e+00	3.696941827819912578e+04
2.789999999999984492e+00	4.084080559588561300e+04
2.799999999999984279e+00	4.197778792226947553e+04
2.809999999999984066e+00	4.069052685500438383e+04
2.819999999999983853e+00	4.200898598497726198e+04
2.829999999999983640e+00	2.911760222730680835e+04
2.839999999999983427e+00	4.301039175025842269e+04
2.849999999999983213e+00	3.734106702422205126e+04
2.859999999999983000e+00	3.420347411684379040e+04
2.869999999999982787e+00	3.616143124949835328e+04
2.879999999999982574e+00	3.932428879175927432e+04
2.889999999999982361e+00	4.253331450614365895e+04
2.899999999999982148e+00	3.906087891037977533e+04
2.909999999999981934e+00	3.964343652819979616e+04
2.919999999999981721e+00	4.156736674792478880e+04
2.929999999999981508e+00	4.179756828654857964e+04
2.939999999999981295e+00	4.867454179990715784e+04
2.949999999999981082e+00	3.839749749883561162e+04
2.959999999999980869e+00	3.885419106176847708e+04
2.969999999999980655e+00	4.836202867623323982e+04
2.979999999999980442e+00	4.452151504626339010e+04
2.989999999999980229e+00	4.122232697605290741e+04
2.999999999999980016e+00	4.191849881463396014e+04
3.009999999999979803e+00	4.730383239231571497e+04
3.019999999999979590e+00	4.022138300717847596e+04
3.029999999999979376e+00	3.890000364054174861e+04
3.039999999999979163e+00	3.529520551856502425e+04
3.049999999999978950e+00	4.039364487112295319e+04
3.059999999999978737e+00	4.382887949584740272e+04
3.069999999999978524e+00	4.135499985497129092e+04
3.079999999999978311e+00	3.886849995062076778e+04
3.089999999999978098e+00	3.751424560404985095e+04
3.099999999999977884e+00	4.103426699943242420e+04
3.109999999999977671e+00	3.592761208306311164e+04
3.119999999999977458e+00	3.836642788151583227e+04
3.129999999999977245e+00	3.669273029257427697e+04
3.139999999999977032e+00	3.686307249680672248e+04
3.149999999999976819e+00	3.942973813619134307e+04
3.159999999999976605e+00	4.036958056124740688e+04
3.169999999999976392e+00	3.230996697300811502e+04
3.179999999999976179e+00	3.657259163516593253e+04
3.189999999999975966e+00	3.232351619394752561e+04
3.199999999999975753e+00	3.598440650464015926e+04
3.209999999999975540e+00	3.116929828457271651e+04
3.219999999999975326e+00	3.338949978078003915e+04
3.229999999999975113e+00	3.798689418897996075e+04
3.239999999999974900e+00	3.137392374444243251e+04
3.249999999999974687e+00	3.277174683116161032e+04
3.259999999999974474e+00	3.970960553763202915e+04
3.269999999999974261e+00	3.671017129202237265e+04
3.279999999999974047e+00	3.957939458684014971e+04
3.289999999999973834e+00	3.767499136370637279e+04
3.299999999999973621e+00	4.232435596452896425e+04
3.309999999999973408e+00	3.881810569884316646e+04
3.319999999999973195e+00	3.812487412804240739e+04
3.329999999999972982e+00	4.086257183936877118e+04
3.339999999999972768e+00	3.877550815429688373e+04
3.349999999999972555e+00	3.898513325370381062e+04
3.359999999999972342e+00	4.153856347932232893e+04
3.369999999999972129e+00	4.175331314722008392e+04
3.379999999999971916e+00	3.624183666681403702e+04
3.389999999999971703e+00	3.531120034993423906e+04
3.399999999999971489e+00	3.919690721923228557e+04
3.409999999999971276e+00	3.055929071082387600e+04
3.419999999999971063e+00	4.273616092398259207e+04
3.429999999999970850e+00	4.397466359938685491e+04
3.439999999999970637e+00	3.732034323875979317e+04
3.449999999999970424e+00	3.639161488902501878e+04
3.459999999999970210e+00	4.048255541345985694e+04
3.469999999999969997e+00	3.152346734483956971e+04
3.479999999999969784e+00	3.684242430529436388e+04
3.489999999999969571e+00	3.603838860509585356e+04
3.499999999999969358e+00	3.308528757171578036e+04
3.509999999999969145e+00	3.379367561572774139e+04
3.519999999999968932e+00	3.796325310281690327e+04
3.529999999999968718e+00	3.349784945820656139e+04
3.539999999999968505e+00	3.397984078606821276e+04
3.549999999999968292e+00	3.596275251052324893e+04
3.559999999999968079e+00	3.781965986564857303e+04
3.569999999999967866e+00	3.380038529733138421e+04
3.579999999999967653e+00	4.046263053310089163e+04
3.589999999999967439e+00	3.436943475476196181e+04
3.599999999999967226e+00	3.480264555767226557e+04
3.609999999999967013e+00	3.310741859538610152e+04
3.619999999999966800e+00	3.636973127957173710e+04
3.629999999999966587e+00	4.323871381361015665e+04
3.639999999999966374e+00	3.451595778121521289e+04
3.649999999999966160e+00	3.917649399379125680e+04
3.659999999999965947e+00	3.708480172696798400e+04
3.669999999999965734e+00	3.648347618976431113e+04
3.679999999999965521e+00	3.286346213338142843e+04
3.689999999999965308e+00	3.257096835111392284e+04
3.699999999999965095e+00	3.007989433395445667e+04
3.709999999999964881e+00	3.146618648407820001e+04
3.719999999999964668e+00	3.479296126799454214e+04
3.729999999999964455e+00	3.332535010623921698e+04
3.739999999999964242e+00	3.333387276265987748e+04
3.749999999999964029e+00	3.411670889277592505e+04
3.759999999999963816e+00	4.284980857192441181e+04
3.769999999999963602e+00	3.591879203659742780e+04
3.779999999999963389e+00	3.767765860070372582e+04
3.789999999999963176e+00	3.194036968993298069e+04
3.799999999999962963e+00	3.766791179363585252e+04
3.809999999999962750e+00	3.391085217527044006e+04
3.819999999999962537e+00	3.289143512313067185e+04
3.829999999999962323e+00	3.545625783473068441e+04
3.839999999999962110e+00	3.566594738406779652e+04
3.849999999999961897e+00	3.329589183664937445e+04
3.859999999999961684e+00	3.849106554019115720e+04
3.869999999999961471e+00	3.150777602878178368e+04
3.879999999999961258e+00	3.535192076890911994e+04
3.889999999999961044e+00	3.550929526175293722e+04
3.899999999999960831e+00	3.319910578622345201e+04
3.909999999999960618e+00	3.107965286752982502e+04
3.919999999999960405e+00	3.160904820056627796e+04
3.929999999999960192e+00	3.173195541290867914e+04
3.939999999999959979e+00	3.958232616944494657e+04
3.949999999999959766e+00	3.606562372105760733e+04
3.959999999999959552e+00	3.170406226512388821e+04
3.969999999999959339e+00	3.126950691733184067e+04
3.979999999999959126e+00	3.604346762840550218e+04
3.989999999999958913e+00	3.824267483864682436e+04
3.999999999999958700e+00	3.497184852052939823e+04
4.009999999999958931e+00	2.886764344409869227e+04
4.019999999999958717e+00	3.059277746930524518e+04
4.029999999999958504e+00	3.102169265350701608e+04
4.039999999999958291e+00	3.372323364146709355e+04
4.049999999999958078e+00	3.802005339598168939e+04
4.059999999999957865e+00	3.189248389177805802e+04
4.069999999999957652e+00	3.015524403097013055e+04
4.079999999999957438e+00	3.644766385112112766e+04
4.089999999999957225e+00	3.703951998128174455e+04
4.099999999999957012e+00	3.413423154295668792e+04
4.109999999999956799e+00	2.712935736637068840e+04
4.119999999999956586e+00	3.465651406661215151e+04
4.129999999999956373e+00	3.867239894923291286e+04
4.139999999999956160e+00	3.343393709776113246e+04
4.149999999999955946e+00	3.602958450189721771e+04
4.159999999999955733e+00	2.931069959184120307e+04
4.169999999999955520e+00	3.524917051743344200e+04
4.179999999999955307e+00	3.836305064476294501e+04
4.189999999999955094e+00	3.390616657915974793e+04
4.199999999999954881e+00	3.620992718692716153e+04
4.209999999999954667e+00	3.408858920870859583e+04
4.219999999999954454e+00	3.421746116581281240e+04
4.229999999999954241e+00	3.766561599010751524e+04
4.239999999999954028e+00	3.964331763319562015e+04
4.249999999999953815e+00	4.033373558020748169e+04
4.259999999999953602e+00	3.477679853955212457e+04
4.269999999999953388e+00	3.622513721001885278e+04
4.279999999999953175e+00	3.007568745122345717e+04
4.289999999999952962e+00	3.348418107566163235e+04
4.299999999999952749e+00	3.217175384230265263e+04
4.309999999999952536e+00	3.398938818647847802e+04
4.319999999999952323e+00	3.147915988292291149e+04
4.329999999999952109e+00	3.888018176088347536e+04
4.339999999999951896e+00	3.359606075629653060e+04
4.349999999999951683e+00	3.801347711890353094e+04
4.359999999999951470e+00	3.490559617224269459e+04
4.369999999999951257e+00	3.442410073386825388e+04
4.379999999999951044e+00	4.126901526298616955e+04
4.389999999999950830e+00	4.024383788724149053e+04
4.399999999999950617e+00	3.006289819600301780e+04
4.409999999999950404e+00	3.262766274639872427e+04
4.419999999999950191e+00	3.089813855279107520e+04
4.429999999999949978e+00	3.868486135789048421e+04
4.439999999999949765e+00	3.517751252395177289e+04
4.449999999999949551e+00	3.588317812654719455e+04
4.459999999999949338e+00	3.699945624948407931e+04
4.469999999999949125e+00	3.906634963153944409e+04
4.479999999999948912e+00	3.066597029479859339e+04
4.489999999999948699e+00	3.075571710263441491e+04
4.499999999999948486e+00	2.919878506378989914e+04
4.509999999999948272e+00	3.186762938674091129e+04
4.519999999999948059e+00	2.315861633572468418e+04
4.529999999999947846e+00	2.836398157647605694e+04
4.539999999999947633e+00	3.112275566662339043e+04
4.549999999999947420e+00	3.002532293068657236e+04
4.559999999999947207e+00	3.126068320922450948e+04
4.569999999999946994e+00	3.715200045230926480e+04
4.579999999999946780e+00	3.476672662645628589e+04
4.589999999999946567e+00	3.396047871891738032e+04
4.599999999999946354e+00	3.212955189615101335e+04
4.609999999999946141e+00	3.508560755132056511e+04
4.619999999999945928e+00	3.270939580439605561e+04
4.629999999999945715e+00	3.002355961610036684e+04
4.639999999999945501e+00	3.832846002932880947e+04
4.649999999999945288e+00	3.302793707618208282e+04
4.659999999999945075e+00	3.526139811937588092e+04
4.669999999999944862e+00	3.595857732227290398e+04
4.679999999999944649e+00	3.890733825875632465e+04
4.689999999999944436e+00	3.316821278535426973e+04
4.699999999999944222e+00	3.565980044955132325e+04
4.709999999999944009e+00	2.753273230110924487e+04
4.719999999999943796e+00	2.885498957890854581e+04
4.729999999999943583e+00	3.373790990244562272e+04
4.739999999999943370e+00	3.157804192180970858e+04
4.749999999999943157e+00	3.369381115836269601e+04
4.759999999999942943e+00	3.556978757021956699e+04
4.769999999999942730e+00	3.602668471489726653e+04
4.779999999999942517e+00	3.522437505255718133e+04
4.789999999999942304e+00	3.426312775020093977e+04
4.799999999999942091e+00	3.557191559302201495e+04
4.809999999999941878e+00	3.720384798799759301e+04
4.819999999999941664e+00	4.215468070197893394e+04
4.829999999999941451e+00	2.850751328492663743e+04
4.839999999999941238e+00	3.402108703531477659e+04
4.849999999999941025e+00	3.353389689206467301e+04
4.859999999999940812e+00	3.139854536904177803e+04
4.869999999999940599e+00	3.056009935426590528e+04
4.879999999999940385e+00	2.728479924021952320e+04
4.889999999999940172e+00	3.886157213140843669e+04
4.899999999999939959e+00	3.234678039886582337e+04
4.909999999999939746e+00	3.752033698084994103e+04
4.919999999999939533e+00	3.562811474287698366e+04
4.929999999999939320e+00	3.601720447176830930e+04
4.939999999999939106e+00	3.535593128955032444e+04
4.949999999999938893e+00	3.643328032735306624e+04
4.959999999999938680e+00	3.774321085697977105e+04
4.969999999999938467e+00	3.733365128330422158e+04
4.979999999999938254e+00	3.602826836257435207e+04
4.989999999999938041e+00	3.570461971776552673e+04
4.999999999999937828e+00	3.687560983181365737e+04
5.009999999999937614e+00	3.826069941674220900e+04
5.019999999999937401e+00	3.783098689483841008e+04
5.029999999999937188e+00	3.502942068881526939e+04
5.039999999999936975e+00	3.582043112828450830e+04
5.049999999999936762e+00	3.670168874814758601e+04
5.059999999999936549e+00	4.389263892379804747e+04
5.069999999999936335e+00	3.923577543888980290e+04
5.079999999999936122e+00	3.380784719759076688e+04
5.089999999999935909e+00	3.378104407651822112e+04
5.099999999999935696e+00	3.956351513538052677e+04
5.109999999999935483e+00	4.014432935255922348e+04
5.119999999999935270e+00	3.996628906234438182e+04
5.129999999999935056e+00	3.458238008946998889e+04
5.139999999999934843e+00	3.475537246727929596e+04
5.149999999999934630e+00	4.001671422352788795e+04
5.159999999999934417e+00	4.099597667200784053e+04
5.169999999999934204e+00	4.327060018554871931e+04
5.179999999999933991e+00	3.697036453209985484e+04
5.189999999999933777e+00	3.520612631677981699e+04
5.199999999999933564e+00	3.906044828143469203e+04
5.209999999999933351e+00	3.890696985854292870e+04
5.219999999999933138e+00	3.654911496620062098e+04
5.229999999999932925e+00	4.447448985356179037e+04
5.239999999999932712e+00	3.305127665711285954e+04
5.249999999999932498e+00	3.600811324247348239e+04
5.259999999999932285e+00	3.694533925925845688e+04
5.269999999999932072e+00	3.248913559684531720e+04
5.279999999999931859e+00	3.792196077719617460e+04
5.289999999999931646e+00	3.620814492151161539e+04
5.299999999999931433e+00	4.159103735571731522e+04
5.309999999999931219e+00	3.432282555217186746e+04
5.319999999999931006e+00	3.983392300675236038e+04
5.329999999999930793e+00	3.887535227065325307e+04
5.339999999999930580e+00	4.034950747756408236e+04
5.349999999999930367e+00	3.848142280521553766e+04
5.359999999999930154e+00	3.943666759134817403e+04
5.369999999999929940e+00	4.425983455113355012e+04
5.379999999999929727e+00	4.582648210883722641e+04
5.389999999999929514e+00	4.085184494104939222e+04
5.399999999999929301e+00	4.468533369285240769e+04
5.409999999999929088e+00	3.970615487187997496e+04
5.419999999999928875e+00	3.587035537290904904e+04
5.429999999999928662e+00	4.009823886107254657e+04
5.439999999999928448e+00	3.735441835731655010e+04
5.449999999999928235e+00	4.283825016150871670e+04
5.459999999999928022e+00	3.557038497640180140e+04
5.469999999999927809e+00	3.308807849674370664e+04
5.479999999999927596e+00	3.412483470796357869e+04
5.489999999999927383e+00	2.965102577019322052e+04
5.499999999999927169e+00	4.100742477535789658e+04
5.509999999999926956e+00	3.490268645255033334e+04
5.519999999999926743e+00	3.105600795250434021e+04
5.529999999999926530e+00	3.896716948448548646e+04
5.539999999999926317e+00	3.529890236792602809e+04
5.549999999999926104e+00	3.725041404711076757e+04
5.559999999999925890e+00	3.809307373183950403e+04
5.569999999999925677e+00	3.603912270377684035e+04
5.579999999999925464e+00	3.882414114742027596e+04
5.589999999999925251e+00	3.494609175162090833e+04
5.599999999999925038e+00	4.016213309169661807e+04
5.609999999999924825e+00	3.480857975510328833e+04
5.619999999999924611e+00	3.409496582803044294e+04
5.629999999999924398e+00	3.134153427213364921e+04
5.639999999999924185e+00	3.243266698622124022e+04
5.649999999999923972e+00	2.900300356085932799e+04
5.659999999999923759e+00	2.923404625082841812e+04
5.669999999999923546e+00	2.855200803071914561e+04
5.679999999999923332e+00	2.463900059968194546e+04
5.689999999999923119e+00	3.201168529714668693e+04
5.699999999999922906e+00	2.920186643709957207e+04
5.709999999999922693e+00	2.951235864236098132e+04
5.719999999999922480e+00	3.065318427365511889e+04
5.729999999999922267e+00	2.209616693535462400e+04
5.739999999999922053e+00	3.405462782078291639e+04
5.749999999999921840e+00	2.904375931817437231e+04
5.759999999999921627e+00	2.986447413695693103e+04
5.769999999999921414e+00	3.344315779744274914e+04
5.779999999999921201e+00	3.445954781430929143e+04
5.789999999999920988e+00	3.428001400213829766e+04
5.799999999999920774e+00	2.793362658538435426e+04
5.809999999999920561e+00	3.546530459273663291e+04
5.819999999999920348e+00	4.045262924521554669e+04
5.829999999999920135e+00	3.050425993213757465e+04
5.839999999999919922e+00	3.750711015748943464e+04
5.849999999999919709e+00	3.584035897209181712e+04
5.859999999999919496e+00	3.225107943658773365e+04
5.869999999999919282e+00	3.739034519722992263e+04
5.879999999999919069e+00	4.055137599262119329e+04
5.889999999999918856e+00	3.229605880105118194e+04
5.899999999999918643e+00	3.451967114059990126e+04
5.909999999999918430e+00	3.483035804567693413e+04
5.919999999999918217e+00	3.452024810541729676e+04
5.929999999999918003e+00	3.197283951647171125e+04
5.939999999999917790e+00	4.091068476237564755e+04
5.949999999999917577e+00	3.639087000370072928e+04
5.959999999999917364e+00	2.890831591914308956e+04
5.969999999999917151e+00	3.668474534497339482e+04
5.979999999999916938e+00	3.368385453107811918e+04
5.989999999999916724e+00	3.450207424169310252e+04
5.999999999999916511e+00	4.166892208625264902e+04
6.009999999999916298e+00	4.200084163788410660e+04
6.019999999999916085e+00	4.089852061262178904e+04
6.029999999999915872e+00	3.957906222184680519e+04
6.039999999999915659e+00	3.801114848938595969e+04
6.049999999999915445e+00	3.995986664733834914e+04
6.059999999999915232e+00	4.333670127340126783e+04
6.069999999999915019e+00	3.814367783695676917e+04
6.079999999999914806e+00	4.501412096526198729e+04
6.089999999999914593e+00	3.753797566678548901e+04
6.099999999999914380e+00	3.692427787830837769e+04
6.109999999999914166e+00	4.097107750984203449e+04
6.119999999999913953e+00	3.951979807176647591e+04
6.129999999999913740e+00	3.890902271214616485e+04
6.139999999999913527e+00	3.738476054124001530e+04
6.149999999999913314e+00	3.618499302975286264e+04
6.159999999999913101e+00	3.991049349625698960e+04
6.169999999999912887e+00	4.203204383549790509e+04
6.179999999999912674e+00	3.448409217629645718e+04
6.189999999999912461e+00	3.438760188444922096e+04
6.199999999999912248e+00	3.791633428392335190e+04
6.209999999999912035e+00	3.218625626822436607e+04
6.219999999999911822e+00	4.043920235921502899e+04
6.229999999999911608e+00	3.685403299973290996e+04
6.239999999999911395e+00	3.940464561436043732e+04
6.249999999999911182e+00	3.025663699008879485e+04
6.259999999999910969e+00	3.494031504223989759e+04
6.269999999999910756e+00	4.015676293677646754e+04
6.279999999999910543e+00	3.817375737760502670e+04
6.289999999999910330e+00	4.135924808462845976e+04
6.299999999999910116e+00	3.661016561541279225e+04
6.309999999999909903e+00	3.921899885532133339e+04
6.319999999999909690e+00	3.792823462633641611e+04
6.329999999999909477e+00	4.234146003299907898e+04
6.339999999999909264e+00	3.654199180703753518e+04
6.349999999999909051e+00	3.559457743779008888e+04
6.359999999999908837e+00	3.357109937130871549e+04
6.369999999999908624e+00	3.810258456996885070e+04
6.379999999999908411e+00	3.644786224313950515e+04
6.389999999999908198e+00	3.661702497241355741e+04
6.399999999999907985e+00	3.212383536527666729e+04
6.409999999999907772e+00	3.187558054752466342e+04
6.419999999999907558e+00	3.226986195790224883e+04
6.429999999999907345e+00	3.029056085785029791e+04
6.439999999999907132e+00	3.683720207712977572e+04
6.449999999999906919e+00	2.686920160563107493e+04
6.459999999999906706e+00	3.149361195401746591e+04
6.469999999999906493e+00	3.338110729980940232e+04
6.479999999999906279e+00	2.956559339816344436e+04
6.489999999999906066e+00	3.127622862471714325e+04
6.499999999999905853e+00	2.693262636332224065e+04
6.509999999999905640e+00	3.422134300764455838e+04
6.519999999999905427e+00	3.164015121183844531e+04
6.529999999999905214e+00	3.758198084372944140e+04
6.539999999999905000e+00	3.270727832600897091e+04
6.549999999999904787e+00	3.062262919505592436e+04
6.559999999999904574e+00	3.203393284525402123e+04
6.569999999999904361e+00	3.435123496152540611e+04
6.579999999999904148e+00	3.777170873361897247e+04
6.589999999999903935e+00	3.111589913202495518e+04
6.599999999999903721e+00	3.648209109145512775e+04
6.609999999999903508e+00	3.455930090543654660e+04
6.619999999999903295e+00	3.611388192139947205e+04
6.629999999999903082e+00	3.465813858399342280e+04
6.639999999999902869e+00	3.381775451245032309e+04
6.649999999999902656e+00	3.808016592147463234e+04
6.659999999999902442e+00	3.672223117467424890e+04
6.669999999999902229e+00	3.372192047470263788e+04
6.679999999999902016e+00	3.940015672147507576e+04
6.689999999999901803e+00	3.550150844744600181e+04
6.699999999999901590e+00	3.833477352540545689e+04
6.709999999999901377e+00	3.727763796621145593e+04
6.719999999999901164e+00	3.633875782282799628e+04
6.729999999999900950e+00	4.108365682000070956e+04
6.739999999999900737e+00	4.179757724021717149e+04
6.749999999999900524e+00	3.863901723395202134e+04
6.759999999999900311e+00	3.677743704478674044e+04
6.769999999999900098e+00	3.949875070722119563e+04
6.779999999999899885e+00	3.847098478022978816e+04
6.789999999999899671e+00	3.327183626400161302e+04
6.799999999999899458e+00	3.855892356045866472e+04
6.809999999999899245e+00	3.845964236291569250e+04
6.819999999999899032e+00	3.952320820305051166e+04
6.829999999999898819e+00	3.775098854519583983e+04
6.839999999999898606e+00	4.041108457485023246e+04
6.849999999999898392e+00	3.704403729950411798e+04
6.859999999999898179e+00	2.852674097905113740e+04
6.869999999999897966e+00	3.392495260814733774e+04
6.879999999999897753e+00	3.683788921649497934e+04
6.889999999999897540e+00	3.746081952871543763e+04
6.899999999999897327e+00	3.715089128089000587e+04
6.909999999999897113e+00	2.850369714276939339e+04
6.919999999999896900e+00	3.594824334528516920e+04
6.929999999999896687e+00	3.354878157551120967e+04
6.939999999999896474e+00	2.874763445015116667e+04
6.949999999999896261e+00	3.701699144509569305e+04
6.959999999999896048e+00	3.635258515594186611e+04
6.969999999999895834e+00	3.118913804084704680e+04
6.979999999999895621e+00	3.027697833240411273e+04
6.989999999999895408e+00	3.404893748434013105e+04
6.999999999999895195e+00	3.764727758299183915e+04
7.009999999999894982e+00	3.444970287701208144e+04
7.019999999999894769e+00	3.392004266083179391e+04
7.029999999999894555e+00	3.646618605264343205e+04
7.039999999999894342e+00	3.284451768789282505e+04
7.049999999999894129e+00	3.669105647196176869e+04
7.059999999999893916e+00	3.239784441491022153e+04
7.069999999999893703e+00	3.928349749494891148e+04
7.079999999999893490e+00	3.758965604534670274e+04
7.089999999999893276e+00	4.130727442107423849e+04
7.099999999999893063e+00	4.251658600761412526e+04
7.109999999999892850e+00	4.062624037183645123e+04
7.119999999999892637e+00	4.197682628764743276e+04
7.129999999999892424e+00	3.865413714535751205e+04
7.139999999999892211e+00	4.577167433923766657e+04
7.149999999999891998e+00	4.395016904625808820e+04
7.159999999999891784e+00	4.137739288440285600e+04
7.169999999999891571e+00	4.489175813939137151e+04
7.179999999999891358e+00	3.967802352875794168e+04
7.189999999999891145e+00	3.143768376150458425e+04
7.199999999999890932e+00	4.139499184539569251e+04
7.209999999999890719e+00	4.207127790271971026e+04
7.219999999999890505e+00	4.116952043926788610e+04
7.229999999999890292e+00	4.216786091494276479e+04
7.239999999999890079e+00	4.104078318519669119e+04
7.249999999999889866e+00	4.671996361379308655e+04
7.259999999999889653e+00	3.850276318508828990e+04
7.269999999999889440e+00	4.741803905345663952e+04
7.279999999999889226e+00	3.891252843894846592e+04
7.289999999999889013e+00	3.936806096264556254e+04
7.299999999999888800e+00	3.809510485711504589e+04
7.309999999999888587e+00	4.114124524207654758e+04
7.319999999999888374e+00	3.834453202281548874e+04
7.329999999999888161e+00	4.169294617793995712e+04
7.339999999999887947e+00	3.793477718307192117e+04
7.349999999999887734e+00	3.080210063846938647e+04
7.359999999999887521e+00	4.103276373599036015e+04
7.369999999999887308e+00	4.040379967578111973e+04
7.379999999999887095e+00	4.334697138911015645e+04
7.389999999999886882e+00	4.611417837056508142e+04
7.399999999999886668e+00	4.461146449408678745e+04
7.409999999999886455e+00	4.570355601565008692e+04
7.419999999999886242e+00	3.977096634522755630e+04
7.429999999999886029e+00	4.134267221194127342e+04
7.439999999999885816e+00	3.883369070949263551e+04
7.449999999999885603e+00	4.775099822482223681e+04
7.459999999999885389e+00	3.907752544013157603e+04
7.469999999999885176e+00	4.295977141221828060e+04
7.479999999999884963e+00	4.137306606612672476e+04
7.489999999999884750e+00	3.287408561197214294e+04
7.499999999999884537e+00	3.461071620395562786e+04
7.509999999999884324e+00	3.679340349429547496e+04
7.519999999999884110e+00	3.956416250092857808e+04
7.529999999999883897e+00	3.632186874193939730e+04
7.539999999999883684e+00	3.315780506189969310e+04
7.549999999999883471e+00	3.327689897191143245e+04
7.559999999999883258e+00	3.466032693308054149e+04
7.569999999999883045e+00	3.138864335395184753e+04
7.579999999999882832e+00	3.230148625245624135e+04
7.589999999999882618e+00	4.411529553514995496e+04
7.599999999999882405e+00	3.893645911571212491e+04
7.609999999999882192e+00	4.132570954003256338e+04
7.619999999999881979e+00	3.707902176652021444e+04
7.629999999999881766e+00	3.971008208530195407e+04
7.639999999999881553e+00	3.509058878072399239e+04
7.649999999999881339e+00	3.958856970510351675e+04
7.659999999999881126e+00	3.469763928440744348e+04
7.669999999999880913e+00	3.520280397672117397e+04
7.679999999999880700e+00	3.133456144766378202e+04
7.689999999999880487e+00	3.542624052958789252e+04
7.699999999999880274e+00	2.881938119101801931e+04
7.709999999999880060e+00	3.394242972102678323e+04
7.719999999999879847e+00	3.780122983348040725e+04
7.729999999999879634e+00	3.681995208258843923e+04
7.739999999999879421e+00	3.652028353483281535e+04
7.749999999999879208e+00	4.302658084475281066e+04
7.759999999999878995e+00	3.247894897562758706e+04
7.769999999999878781e+00	3.422423531688900403e+04
7.779999999999878568e+00	3.600859940595366061e+04
7.789999999999878355e+00	3.522097631896895473e+04
7.799999999999878142e+00	3.243037358952149225e+04
7.809999999999877929e+00	3.699723153424535121e+04
7.819999999999877716e+00	3.282472001366923359e+04
7.829999999999877502e+00	3.979527689411072060e+04
7.839999999999877289e+00	3.979410282972792629e+04
7.849999999999877076e+00	4.356135734501816478e+04
7.859999999999876863e+00	4.362706830468945554e+04
7.869999999999876650e+00	3.932174535472115531e+04
7.879999999999876437e+00	3.996558980181800143e+04
7.889999999999876223e+00	3.600337382834752498e+04
7.899999999999876010e+00	3.336165672947001440e+04
7.909999999999875797e+00	3.329690517901554995e+04
7.919999999999875584e+00	3.415448671144952095e+04
7.929999999999875371e+00	3.808168829541975720e+04
7.939999999999875158e+00	3.685889437109069695e+04
7.949999999999874944e+00	3.252822310283089610e+04
7.959999999999874731e+00	4.005840582258572977e+04
7.969999999999874518e+00	3.783085022108630073e+04
7.979999999999874305e+00	3.647470072292283294e+04
7.989999999999874092e+00	3.407658546087692230e+04
7.999999999999873879e+00	3.247671700452289224e+04
8.009999999999873666e+00	3.350005754506310768e+04
8.019999999999873452e+00	3.059019777434703792e+04
8.029999999999873239e+00	3.263955223913855298e+04
8.039999999999873026e+00	2.869318152595981155e+04
8.049999999999872813e+00	2.964221863411467348e+04
8.059999999999872600e+00	3.426346667629600415e+04
8.069999999999872387e+00	2.921574598903180595e+04
8.079999999999872173e+00	4.152367759559839033e+04
8.089999999999871960e+00	3.779467518267852574e+04
8.099999999999871747e+00	4.095756288481401862e+04
8.109999999999871534e+00	3.800662862354036042e+04
8.119999999999871321e+00	3.163670699362854793e+04
8.129999999999871108e+00	3.888359917274839245e+04
8.139999999999870894e+00	3.850120489929582982e+04
8.149999999999870681e+00	3.394495424606687448e+04
8.159999999999870468e+00	3.810358985361535451e+04
8.169999999999870255e+00	3.901903479281035834e+04
8.179999999999870042e+00	3.307024937047511048e+04
8.189999999999869829e+00	3.126011579073540997e+04
8.199999999999869615e+00	2.894350634181004716e+04
8.209999999999869402e+00	3.005405214396064184e+04
8.219999999999869189e+00	2.341751850833456410e+04
8.229999999999868976e+00	2.913190489588283526e+04
8.239999999999868763e+00	3.069698639024628210e+04
8.249999999999868550e+00	3.478324716756739508e+04
8.259999999999868336e+00	2.419009114633945865e+04
8.269999999999868123e+00	3.133307543695034838e+04
8.279999999999867910e+00	2.981682186632655794e+04
8.289999999999867697e+00	3.505591840635892004e+04
8.299999999999867484e+00	3.565807973034276802e+04
8.309999999999867271e+00	3.120920827843420193e+04
8.319999999999867057e+00	2.851602821542335005e+04
8.329999999999866844e+00	2.797549381178268231e+04
8.339999999999866631e+00	2.925305269346036584e+04
8.349999999999866418e+00	3.487594819388351607e+04
8.359999999999866205e+00	3.122309663101354090e+04
8.369999999999865992e+00	3.315013496378879063e+04
8.379999999999865778e+00	3.449508761353664886e+04
8.389999999999865565e+00	3.719605763913852570e+04
8.399999999999865352e+00	3.824681458626298991e+04
8.409999999999865139e+00	3.183888321882441960e+04
8.419999999999864926e+00	3.684182168052141787e+04
8.429999999999864713e+00	3.150849290286898031e+04
8.439999999999864500e+00	3.868979091853978753e+04
8.449999999999864286e+00	3.774748830396582343e+04
8.459999999999864073e+00	3.939611104329590307e+04
8.469999999999863860e+00	3.344673484463770001e+04
8.479999999999863647e+00	3.777785148557374487e+04
8.489999999999863434e+00	3.281508391178006423e+04
8.499999999999863221e+00	3.256493587225443116e+04
8.509999999999863007e+00	3.956701803966658190e+04
8.519999999999862794e+00	3.059250886284336229e+04
8.529999999999862581e+00	3.386701967549236724e+04
8.539999999999862368e+00	3.631255926871838892e+04
8.549999999999862155e+00	2.779067655768887198e+04
8.559999999999861942e+00	4.043736030957230105e+04
8.569999999999861728e+00	3.321596024601426325e+04
8.579999999999861515e+00	3.303565077244670101e+04
8.589999999999861302e+00	4.078807469296958880e+04
8.599999999999861089e+00	3.573197126337622467e+04
8.609999999999860876e+00	3.778778528185120376e+04
8.619999999999860663e+00	3.755891647041423130e+04
8.629999999999860449e+00	3.839694765888000984e+04
8.639999999999860236e+00	4.095061184931229218e+04
8.649999999999860023e+00	4.095650304170629533e+04
8.659999999999859810e+00	3.659535420395676192e+04
8.669999999999859597e+00	3.965343480394475046e+04
8.679999999999859384e+00	3.744889715386155876e+04
8.689999999999859170e+00	3.601699719337842544e+04
8.699999999999858957e+00	3.814122987422699225e+04
8.709999999999858744e+00	3.586548347743838531e+04
8.719999999999858531e+00	3.267655463979136039e+04
8.729999999999858318e+00	3.457037847982956737e+04
8.739999999999858105e+00	3.648477943524789589e+04
8.749999999999857891e+00	3.482493829996708519e+04
8.759999999999857678e+00	4.088153109194845456e+04
8.769999999999857465e+00	3.308688437083534518e+04
8.779999999999857252e+00	3.859689647826094006e+04
8.789999999999857039e+00	3.739634973251231713e+04
8.799999999999856826e+00	3.285013093646485504e+04
8.809999999999856612e+00	3.779369576025719289e+04
8.819999999999856399e+00	3.610138723107048281e+04
8.829999999999856186e+00	2.940070469102159404e+04
8.839999999999855973e+00	3.787494901256712183e+04
8.849999999999855760e+00	3.798250888038671110e+04
8.859999999999855547e+00	4.307643118509705528e+04
8.869999999999855333e+00	3.600838106463174336e+04
8.879999999999855120e+00	4.026590397696198488e+04
8.889999999999854907e+00	3.423412933913619054e+04
8.899999999999854694e+00	3.708933780122563621e+04
8.909999999999854481e+00	3.794615742056295858e+04
8.919999999999854268e+00	3.608625017933000345e+04
8.929999999999854055e+00	3.589609090350446058e+04
8.939999999999853841e+00	3.024810297174024890e+04
8.949999999999853628e+00	3.445472735217591980e+04
8.959999999999853415e+00	2.772022559336115592e+04
8.969999999999853202e+00	3.090476195013496545e+04
8.979999999999852989e+00	2.973846222903602029e+04
8.989999999999852776e+00	2.770018650840898408e+04
8.999999999999852562e+00	3.284994829777413543e+04
9.009999999999852349e+00	3.229550240288715213e+04
9.019999999999852136e+00	3.170278365242051223e+04
9.029999999999851923e+00	3.403923183147667442e+04
9.039999999999851710e+00	3.191396250263122056e+04
9.049999999999851497e+00	4.065396435214951634e+04
9.059999999999851283e+00	2.942489042107832938e+04
9.069999999999851070e+00	3.200593154279975715e+04
9.079999999999850857e+00	3.407258727074381022e+04
9.089999999999850644e+00	3.443224976165423868e+04
9.099999999999850431e+00	3.176063753100638132e+04
9.109999999999850218e+00	4.288980203503160737e+04
9.119999999999850004e+00	3.838028829898221738e+04
9.129999999999849791e+00	3.919577677124670299e+04
9.139999999999849578e+00	4.180997282387045561e+04
9.149999999999849365e+00	3.963614774124341784e+04
9.159999999999849152e+00	2.961298815500878845e+04
9.169999999999848939e+00	4.225561384933252702e+04
9.179999999999848725e+00	3.368205819038380287e+04
9.189999999999848512e+00	3.361582380924389872e+04
9.199999999999848299e+00	3.709881120573889348e+04
9.209999999999848086e+00	3.593603809235482186e+04
9.219999999999847873e+00	3.415837846892463858e+04
9.229999999999847660e+00	3.424445354855714686e+04
9.239999999999847446e+00	3.720024982846157218e+04
9.249999999999847233e+00	3.652096761427378806e+04
9.259999999999847020e+00	3.291306453990771843e+04
9.269999999999846807e+00	3.050722921668458002e+04
9.279999999999846594e+00	3.077795407056414479e+04
9.289999999999846381e+00	3.068149697924543943e+04
9.299999999999846167e+00	3.347366468269750476e+04
9.309999999999845954e+00	3.357794868313065672e+04
9.319999999999845741e+00	3.728497330332963611e+04
9.329999999999845528e+00	3.762783385304851981e+04
9.339999999999845315e+00	3.498957132475884282e+04
9.349999999999845102e+00	3.635621756481993361e+04
9.359999999999844889e+00	3.742949956512855715e+04
9.369999999999844675e+00	3.743193630787283473e+04
9.379999999999844462e+00	3.780055793850321061e+04
9.389999999999844249e+00	3.482669659782319650e+04
9.399999999999844036e+00	3.958292122565463796e+04
9.409999999999843823e+00	4.072109153656291892e+04
9.419999999999843610e+00	3.562744688726092863e+04
9.429999999999843396e+00	3.257674221742786540e+04
9.439999999999843183e+00	4.205465724390454125e+04
9.449999999999842970e+00	3.957861380489646399e+04
9.459999999999842757e+00	3.538375357063412957e+04
9.469999999999842544e+00	3.341325905060335208e+04
9.479999999999842331e+00	3.134533552744270128e+04
9.489999999999842117e+00	3.743634276495588711e+04
9.499999999999841904e+00	3.251780710260178967e+04
9.509999999999841691e+00	3.152312239942049200e+04
9.519999999999841478e+00	2.566297347777891991e+04
9.529999999999841265e+00	2.860372545951667416e+04
9.539999999999841052e+00	3.086042382965887009e+04
9.549999999999840838e+00	3.065760580696515899e+04
9.559999999999840625e+00	3.578656347379409999e+04
9.569999999999840412e+00	3.295646527821373456e+04
9.579999999999840199e+00	2.887853688389887975e+04
9.589999999999839986e+00	3.359661074556370295e+04
9.599999999999839773e+00	3.871931255083678843e+04
9.609999999999839559e+00	2.886537970211190986e+04
9.619999999999839346e+00	3.642311796830731328e+04
9.629999999999839133e+00	2.875826026357682713e+04
9.639999999999838920e+00	3.422203524966201803e+04
9.649999999999838707e+00	2.962626505382359755e+04
9.659999999999838494e+00	2.987016372541129749e+04
9.669999999999838280e+00	3.276893188427650603e+04
9.679999999999838067e+00	3.159336217353317625e+04
9.689999999999837854e+00	3.119616586598367576e+04
9.699999999999837641e+00	2.836354948838677956e+04
9.709999999999837428e+00	3.062619319399467713e+04
9.719999999999837215e+00	3.455621507675612520e+04
9.729999999999837001e+00	3.508565456913445087e+04
9.739999999999836788e+00	3.327713551636104239e+04
9.749999999999836575e+00	2.626071686916737235e+04
9.759999999999836362e+00	3.117840095963784916e+04
9.769999999999836149e+00	2.961237220290578989e+04
9.779999999999835936e+00	3.509728093896215432e+04
9.789999999999835723e+00	3.905515654709737282e+04
9.799999999999835509e+00	3.329296807114178227e+04
9.809999999999835296e+00	2.585561858466315607e+04
9.819999999999835083e+00	3.203539823916998648e+04
9.829999999999834870e+00	3.452399240517480212e+04
9.839999999999834657e+00	3.216607372863276396e+04
9.849999999999834444e+00	3.378871476180495665e+04
9.859999999999834230e+00	2.891467423949648219e+04
9.869999999999834017e+00	3.345228648580300069e+04
9.879999999999833804e+00	3.547969951721037796e+04
9.889999999999833591e+00	3.192927107536012772e+04
9.899999999999833378e+00	2.931615195216525899e+04
9.909999999999833165e+00	2.847756680618715473e+04
9.919999999999832951e+00	3.206426063900566078e+04
9.929999999999832738e+00	2.580219852702911157e+04
9.939999999999832525e+00	3.397360885911339574e+04
9.949999999999832312e+00	3.038641598520783373e+04
9.959999999999832099e+00	2.833928713630086713e+04
9.969999999999831886e+00	3.397174771021775814e+04
9.979999999999831672e+00	3.658951802819638397e+04
9.989999999999831459e+00	3.738773432366118504e+04
9.999999999999831246e+00	3.071640783004723198e+04
1.000999999999983103e+01	3.374787561225111131e+04
1.001999999999983082e+01	3.020836377658757556e+04
1.002999999999983061e+01	3.236592308250837959e+04
1.003999999999983039e+01	3.415581500178195711e+04
1.004999999999983018e+01	3.099561912234005285e+04
1.005999999999982997e+01	3.129777325181486594e+04
1.006999999999982975e+01	3.304756735152327747e+04
1.007999999999982954e+01	3.494035330515651731e+04
1.008999999999982933e+01	3.102276598137705150e+04
1.009999999999982911e+01	3.349334029376207764e+04
1.010999999999982890e+01	3.349514705959059211e+04
1.011999999999982869e+01	3.590998096754576545e+04
1.012999999999982847e+01	3.324614897071376618e+04
1.013999999999982826e+01	3.302521245682214794e+04
1.014999999999982805e+01	2.993450821587874816e+04
1.015999999999982784e+01	3.566282132058701973e+04
1.016999999999982762e+01	3.281291644279976754e+04
1.017999999999982741e+01	3.631848918351879547e+04
1.018999999999982720e+01	3.325652922284844681e+04
1.019999999999982698e+01	3.461618202486279188e+04
1.020999999999982677e+01	3.748310022807167843e+04
1.021999999999982656e+01	3.358955862219369737e+04
1.022999999999982634e+01	3.307703233797709981e+04
1.023999999999982613e+01	3.853535277859127382e+04
1.024999999999982592e+01	3.395385193599123158e+04
1.025999999999982570e+01	3.215251929509820548e+04
1.026999999999982549e+01	3.747483095905369555e+04
1.027999999999982528e+01	3.952776003318589937e+04
1.028999999999982506e+01	3.284430602557054954e+04
1.029999999999982485e+01	3.959074013390504842e+04
1.030999999999982464e+01	3.778660944645788550e+04
1.031999999999982442e+01	4.025920851507315820e+04
1.032999999999982421e+01	3.811270755865809042e+04
1.033999999999982400e+01	4.008815423530715634e+04
1.034999999999982379e+01	4.421761582449784328e+04
1.035999999999982357e+01	3.318446637106401613e+04
1.036999999999982336e+01	3.999337030295985460e+04
1.037999999999982315e+01	3.454691558334999718e+04
1.038999999999982293e+01	3.110229253140798028e+04
1.039999999999982272e+01	2.497978016319066228e+04
1.040999999999982251e+01	3.325062226023989206e+04
1.041999999999982229e+01	3.134639668103889562e+04
1.042999999999982208e+01	3.333331590351447812e+04
1.043999999999982187e+01	3.087935963168838862e+04
1.044999999999982165e+01	3.640054570007071015e+04
1.045999999999982144e+01	3.269783037554575276e+04
1.046999999999982123e+01	2.961351925668484910e+04
1.047999999999982101e+01	3.813036136844874272e+04
1.048999999999982080e+01	3.144029430894414691e+04
1.049999999999982059e+01	3.262466148232726118e+04
1.050999999999982037e+01	3.241868538923633605e+04
1.051999999999982016e+01	3.436552864699596830e+04
1.052999999999981995e+01	3.274023099879518486e+04
1.053999999999981974e+01	3.653255947478704184e+04
1.054999999999981952e+01	3.704761896224190423e+04
1.055999999999981931e+01	3.586579295512134559e+04
1.056999999999981910e+01	3.726620005323703663e+04
1.057999999999981888e+01	3.784957682421877689e+04
1.058999999999981867e+01	2.969813279332011007e+04
1.059999999999981846e+01	3.179923091271254088e+04
1.060999999999981824e+01	3.171733204925229802e+04
1.061999999999981803e+01	3.493423785303698969e+04
1.062999999999981782e+01	3.560675269303523237e+04
1.063999999999981760e+01	3.621518676503207826e+04
1.064999999999981739e+01	3.212621265718967334e+04
1.065999999999981718e+01	3.203905539916236739e+04
1.066999999999981696e+01	3.086149252090989467e+04
1.067999999999981675e+01	3.656086798365216237e+04
1.068999999999981654e+01	3.329726325617460679e+04
1.069999999999981632e+01	3.201323076985951411e+04
1.070999999999981611e+01	3.896896231341105158e+04
1.071999999999981590e+01	3.401344406973097648e+04
1.072999999999981569e+01	3.366538621987947408e+04
1.073999999999981547e+01	2.787430986535039847e+04
1.074999999999981526e+01	3.310351186842085008e+04
1.075999999999981505e+01	3.639739936220175150e+04
1.076999999999981483e+01	3.799586910208586778e+04
1.077999999999981462e+01	3.406135209250042681e+04
1.078999999999981441e+01	3.212686265590764378e+04
1.079999999999981419e+01	3.352596321642078692e+04
1.080999999999981398e+01	2.811072162754244346e+04
1.081999999999981377e+01	3.311974703794665402e+04
1.082999999999981355e+01	3.482152851559415285e+04
1.083999999999981334e+01	3.928953238804475404e+04
1.084999999999981313e+01	2.902759075590946304e+04
1.085999999999981291e+01	3.534991155012089439e+04
1.086999999999981270e+01	3.755881757097595255e+04
1.087999999999981249e+01	3.118698866855555389e+04
1.088999999999981227e+01	3.493923716688836430e+04
1.089999999999981206e+01	3.758883462173306179e+04
1.090999999999981185e+01	3.569373818515596940e+04
1.091999999999981164e+01	4.077275430804201460e+04
1.092999999999981142e+01	3.639038459710417374e+04
1.093999999999981121e+01	3.800592732432451157e+04
1.094999999999981100e+01	2.771790492092571367e+04
1.095999999999981078e+01	3.358276445350693393e+04
1.096999999999981057e+01	3.703443742900293728e+04
1.097999999999981036e+01	3.326419278060883516e+04
1.098999999999981014e+01	3.320135727013714495e+04
1.099999999999980993e+01	3.200721135435617543e+04
1.100999999999980972e+01	3.391479496687925712e+04
1.101999999999980950e+01	3.218511685319991739e+04
1.102999999999980929e+01	3.141257295631917077e+04
1.103999999999980908e+01	3.193050411091632486e+04
1.104999999999980886e+01	3.577729136249455041e+04
1.105999999999980865e+01	3.345139273835533095e+04
1.106999999999980844e+01	3.989951087479445414e+04
1.107999999999980822e+01	3.477251742832310265e+04
1.108999999999980801e+01	3.602422543971436971e+04
1.109999999999980780e+01	3.261075508760329831e+04
1.110999999999980759e+01	2.801666229667100561e+04
1.111999999999980737e+01	3.362818486299611686e+04
1.112999999999980716e+01	2.442536326710395588e+04
1.113999999999980695e+01	3.213717211942662107e+04
1.114999999999980673e+01	3.339464665692290873e+04
1.115999999999980652e+01	3.472334772856901691e+04
1.116999999999980631e+01	3.710411605967257492e+04
1.117999999999980609e+01	3.623932911281569977e+04
1.118999999999980588e+01	3.317833262901332637e+04
1.119999999999980567e+01	3.013932114384970191e+04
1.120999999999980545e+01	3.479499101753043942e+04
1.121999999999980524e+01	3.839194169832249463e+04
1.122999999999980503e+01	3.487629426415889611e+04
1.123999999999980481e+01	3.683395161492414627e+04
1.124999999999980460e+01	3.888402422729007958e+04
1.125999999999980439e+01	4.147953086757867277e+04
1.126999999999980417e+01	3.384286340987484436e+04
1.127999999999980396e+01	3.327924416664804448e+04
1.128999999999980375e+01	3.577586331855968456e+04
1.129999999999980353e+01	3.759823737041716231e+04
1.130999999999980332e+01	3.395300622747472516e+04
1.131999999999980311e+01	3.728691281411470118e+04
1.132999999999980290e+01	3.314547402979744948e+04
1.133999999999980268e+01	3.685841914354769688e+04
1.134999999999980247e+01	4.401914167207974242e+04
1.135999999999980226e+01	3.906584219715229847e+04
1.136999999999980204e+01	4.449506308180499764e+04
1.137999999999980183e+01	3.699238643002025492e+04
1.138999999999980162e+01	4.332088742049342545e+04
1.139999999999980140e+01	3.718065685661427415e+04
1.140999999999980119e+01	4.832086975138323032e+04
1.141999999999980098e+01	4.140124344507396745e+04
1.142999999999980076e+01	3.972208059396001772e+04
1.143999999999980055e+01	4.198446214550793229e+04
1.144999999999980034e+01	4.466739051864956855e+04
1.145999999999980012e+01	3.848607985151294997e+04
1.146999999999979991e+01	3.754893751417248859e+04
1.147999999999979970e+01	3.292899081511802797e+04
1.148999999999979948e+01	3.360308831001476210e+04
1.149999999999979927e+01	3.874006224948476302e+04
1.150999999999979906e+01	3.308652512962509354e+04
1.151999999999979885e+01	4.018416857449637610e+04
1.152999999999979863e+01	3.603428123597731610e+04
1.153999999999979842e+01	4.042898395997226180e+04
1.154999999999979821e+01	3.632849467033064866e+04
1.155999999999979799e+01	4.293613236113198218e+04
1.156999999999979778e+01	3.518207756004281691e+04
1.157999999999979757e+01	4.073167731005945825e+04
1.158999999999979735e+01	3.965533847962928849e+04
1.159999999999979714e+01	4.037624945916551223e+04
1.160999999999979693e+01	3.495673351056064712e+04
1.161999999999979671e+01	3.648651375056496181e+04
1.162999999999979650e+01	3.835874045333792310e+04
1.163999999999979629e+01	3.077163271785447432e+04
1.164999999999979607e+01	3.982555426512710983e+04
1.165999999999979586e+01	3.666814955328888755e+04
1.166999999999979565e+01	2.874865547053448245e+04
1.167999999999979543e+01	4.146982605502190563e+04
1.168999999999979522e+01	3.224141225061826844e+04
1.169999999999979501e+01	3.648145101283459371e+04
1.170999999999979480e+01	3.356243597634682374e+04
1.171999999999979458e+01	3.517014195032202406e+04
1.172999999999979437e+01	4.129254396978268051e+04
1.173999999999979416e+01	3.931695989768333675e+04
1.174999999999979394e+01	3.734200711319924449e+04
1.175999999999979373e+01	3.491182720625029469e+04
1.176999999999979352e+01	3.984224961800716846e+04
1.177999999999979330e+01	3.294446979809357435e+04
1.178999999999979309e+01	3.249959612534082407e+04
1.179999999999979288e+01	3.510562881753421971e+04
1.180999999999979266e+01	3.310077146423059457e+04
1.181999999999979245e+01	3.634092650738806697e+04
1.182999999999979224e+01	3.360194705263026844e+04
1.183999999999979202e+01	3.503690411330124334e+04
1.184999999999979181e+01	3.733935547119831608e+04
1.185999999999979160e+01	3.489498114856002212e+04
1.186999999999979138e+01	3.779409921106856200e+04
1.187999999999979117e+01	3.401388769526175747e+04
1.188999999999979096e+01	3.586651104200546979e+04
1.189999999999979075e+01	4.309518169285483600e+04
1.190999999999979053e+01	3.031434469020738470e+04
1.191999999999979032e+01	3.279642377963019680e+04
1.192999999999979011e+01	3.623921070664513536e+04
1.193999999999978989e+01	3.377972388748214871e+04
1.194999999999978968e+01	3.098406085399362928e+04
1.195999999999978947e+01	3.850505208430186030e+04
1.196999999999978925e+01	3.334337458743752359e+04
1.197999999999978904e+01	3.210367309299889894e+04
1.198999999999978883e+01	3.802165121507974982e+04
1.199999999999978861e+01	3.693274954448464996e+04
1.200999999999978840e+01	3.181676141417585313e+04
1.201999999999978819e+01	3.024512011068734500e+04
1.202999999999978797e+01	3.872731024756329134e+04
1.203999999999978776e+01	2.518337327806706890e+04
1.204999999999978755e+01	3.582594067086867290e+04
1.205999999999978733e+01	3.323907581485336414e+04
1.206999999999978712e+01	3.255177866815616289e+04
1.207999999999978691e+01	3.468919767332349147e+04
1.208999999999978670e+01	2.918926075602228957e+04
1.209999999999978648e+01	3.024851572195188055e+04
1.210999999999978627e+01	3.027687397317381692e+04
1.211999999999978606e+01	2.976341132380891941e+04
1.212999999999978584e+01	3.072832945244303846e+04
1.213999999999978563e+01	2.817328782352860071e+04
1.214999999999978542e+01	3.366152873052316136e+04
1.215999999999978520e+01	2.588961291709690704e+04
1.216999999999978499e+01	3.513158131276478525e+04
1.217999999999978478e+01	3.623714864216813294e+04
1.218999999999978456e+01	4.101429105925653857e+04
1.219999999999978435e+01	3.464541673482820624e+04
1.220999999999978414e+01	3.531277900024144037e+04
1.221999999999978392e+01	2.723201335043241852e+04
1.222999999999978371e+01	3.226892043579558595e+04
1.223999999999978350e+01	3.279705535674824205e+04
1.224999999999978328e+01	3.094198436142469291e+04
1.225999999999978307e+01	3.408839060416840948e+04
1.226999999999978286e+01	3.125624681280711957e+04
1.227999999999978264e+01	3.055715125421120320e+04
1.228999999999978243e+01	3.363443531049646845e+04
1.229999999999978222e+01	2.871582890459927148e+04
1.230999999999978201e+01	3.447497327893674083e+04
1.231999999999978179e+01	3.592531613041303353e+04
1.232999999999978158e+01	3.235684919371118667e+04
1.233999999999978137e+01	3.634045374984672526e+04
1.234999999999978115e+01	3.139445397362488438e+04
1.235999999999978094e+01	3.030649708278870094e+04
1.236999999999978073e+01	3.392754301199598558e+04
1.237999999999978051e+01	3.413373891894627013e+04
1.238999999999978030e+01	4.055222903982426214e+04
1.239999999999978009e+01	3.534159965642997122e+04
1.240999999999977987e+01	2.936980667235711007e+04
1.241999999999977966e+01	3.361937954423781048e+04
1.242999999999977945e+01	3.161382538676670811e+04
1.243999999999977923e+01	2.958686173031549333e+04
1.244999999999977902e+01	2.785649032836098922e+04
1.245999999999977881e+01	3.492901113201696717e+04
1.246999999999977859e+01	3.626954002610850875e+04
1.247999999999977838e+01	3.857071365392208827e+04
1.248999999999977817e+01	3.700159569298000133e+04
1.249999999999977796e+01	3.285243526997724257e+04
1.250999999999977774e+01	2.980538291336813199e+04
1.251999999999977753e+01	3.114324484406606643e+04
1.252999999999977732e+01	2.987548979875044461e+04
1.253999999999977710e+01	3.853741233933452895e+04
1.254999999999977689e+01	3.408259653907670872e+04
1.255999999999977668e+01	3.274937917741417186e+04
1.256999999999977646e+01	4.030920326197444228e+04
1.257999999999977625e+01	3.199827040685788961e+04
1.258999999999977604e+01	4.101256773468710890e+04
1.259999999999977582e+01	3.614752442842124583e+04
1.260999999999977561e+01	3.806234359169568779e+04
1.261999999999977540e+01	3.277267366019843030e+04
1.262999999999977518e+01	3.955993428889162897e+04
1.263999999999977497e+01	4.019174115246663860e+04
1.264999999999977476e+01	4.457762213261147554e+04
1.265999999999977454e+01	4.078435029207881598e+04
1.266999999999977433e+01	4.284377775613550330e+04
1.267999999999977412e+01	3.844649418331743800e+04
1.268999999999977391e+01	4.572755538687810622e+04
1.269999999999977369e+01	3.257030248521222165e+04
1.270999999999977348e+01	3.441177879218773160e+04
1.271999999999977327e+01	3.507531899948228238e+04
1.272999999999977305e+01	3.368375825453248399e+04
1.273999999999977284e+01	3.632445268467281130e+04
1.274999999999977263e+01	3.691389203712725430e+04
1.275999999999977241e+01	3.768276067909091944e+04
1.276999999999977220e+01	3.607701819876070658e+04
1.277999999999977199e+01	3.289091762656978972e+04
1.278999999999977177e+01	3.990860684288752964e+04
1.279999999999977156e+01	3.240800049829571071e+04
1.280999999999977135e+01	3.135601104979183947e+04
1.281999999999977113e+01	3.723333873531815334e+04
1.282999999999977092e+01	3.593806725506947987e+04
1.283999999999977071e+01	3.485083900928101502e+04
1.284999999999977049e+01	3.595474227238323510e+04
1.285999999999977028e+01	2.755594508079946536e+04
1.286999999999977007e+01	3.848010536253652390e+04
1.287999999999976986e+01	4.085007547715268447e+04
1.288999999999976964e+01	4.025508333973579283e+04
1.289999999999976943e+01	3.591105355895027606e+04
1.290999999999976922e+01	3.484401936674995522e+04
1.291999999999976900e+01	3.434605982636292902e+04
1.292999999999976879e+01	3.515487972422214807e+04
1.293999999999976858e+01	3.324515534927854605e+04
1.294999999999976836e+01	3.273396161959360688e+04
1.295999999999976815e+01	3.601217074258192588e+04
1.296999999999976794e+01	3.567262961365716910e+04
1.297999999999976772e+01	4.011015633298538160e+04
1.298999999999976751e+01	2.961273107510215414e+04
1.299999999999976730e+01	3.831595529798166535e+04
1.300999999999976708e+01	3.565133455757707270e+04
1.301999999999976687e+01	3.513816066708008293e+04
1.302999999999976666e+01	3.488172678130841814e+04
1.303999999999976644e+01	2.994809615136667708e+04
1.304999999999976623e+01	3.153974251331346022e+04
1.305999999999976602e+01	3.922333581360852986e+04
1.306999999999976581e+01	3.364579031701784697e+04
1.307999999999976559e+01	3.300259974145665183e+04
1.308999999999976538e+01	3.190713237975969241e+04
1.309999999999976517e+01	3.040148693667796033e+04
1.310999999999976495e+01	3.832275139432799187e+04
1.311999999999976474e+01	4.145557980085259624e+04
1.312999999999976453e+01	3.190950993224501872e+04
1.313999999999976431e+01	3.743176748660027806e+04
1.314999999999976410e+01	3.550935985581928981e+04
1.315999999999976389e+01	3.595006620975200349e+04
1.316999999999976367e+01	3.486457151276330114e+04
1.317999999999976346e+01	3.482574516333670181e+04
1.318999999999976325e+01	3.253380307645991707e+04
1.319999999999976303e+01	3.734044960539635213e+04
1.320999999999976282e+01	3.176077466308305884e+04
1.321999999999976261e+01	3.914447660611094034e+04
1.322999999999976239e+01	3.824571788140653371e+04
1.323999999999976218e+01	3.547742900515322981e+04
1.324999999999976197e+01	3.788205321483478474e+04
1.325999999999976176e+01	3.523423351368433214e+04
1.326999999999976154e+01	2.724822884977156355e+04
1.327999999999976133e+01	3.146486207476501295e+04
1.328999999999976112e+01	3.021375196034607507e+04
1.329999999999976090e+01	3.458158480411946221e+04
1.330999999999976069e+01	3.199753823954371182e+04
1.331999999999976048e+01	2.978912674114603578e+04
1.332999999999976026e+01	3.151274351309933263e+04
1.333999999999976005e+01	3.584498180596204475e+04
1.334999999999975984e+01	4.383912894438462536e+04
1.335999999999975962e+01	3.125783098000123209e+04
1.336999999999975941e+01	3.654909770846007450e+04
1.337999999999975920e+01	3.102622373431953019e+04
1.338999999999975898e+01	3.456764511900590151e+04
1.339999999999975877e+01	3.601404527089368639e+04
1.340999999999975856e+01	3.206071605464091408e+04
1.341999999999975834e+01	2.212411484681704678e+04
1.342999999999975813e+01	3.100563080623989663e+04
1.343999999999975792e+01	2.885004593827318604e+04
1.344999999999975770e+01	3.490173930605438363e+04
1.345999999999975749e+01	3.456403870312374784e+04
1.346999999999975728e+01	3.710490254942150204e+04
1.347999999999975707e+01	3.877817433507233363e+04
1.348999999999975685e+01	3.078536669767161584e+04
1.349999999999975664e+01	3.586291508898577013e+04
1.350999999999975643e+01	3.021395689249649149e+04
1.351999999999975621e+01	3.441948286320733314e+04
1.352999999999975600e+01	3.409290114140343212e+04
1.353999999999975579e+01	3.467573196476342855e+04
1.354999999999975557e+01	3.067773992601454665e+04
1.355999999999975536e+01	3.541520888109254156e+04
1.356999999999975515e+01	3.062564276536080433e+04
1.357999999999975493e+01	3.726926965701764857e+04
1.358999999999975472e+01	2.578695387899106572e+04
1.359999999999975451e+01	3.374120676527598698e+04
1.360999999999975429e+01	3.008672698438808584e+04
1.361999999999975408e+01	3.513321461960335728e+04
1.362999999999975387e+01	3.848158232406305615e+04
1.363999999999975365e+01	3.403400615652637498e+04
1.364999999999975344e+01	2.635096985807766032e+04
1.365999999999975323e+01	3.138412344596283947e+04
1.366999999999975302e+01	3.803922404105655733e+04
1.367999999999975280e+01	4.119993356227205368e+04
1.368999999999975259e+01	3.574473389944018709e+04
1.369999999999975238e+01	3.669252393360342830e+04
1.370999999999975216e+01	3.587120176414349407e+04
1.371999999999975195e+01	4.030978029666896327e+04
1.372999999999975174e+01	3.598475489820319490e+04
1.373999999999975152e+01	3.744400880365831836e+04
1.374999999999975131e+01	2.961810445880246334e+04
1.375999999999975110e+01	3.250425353204909334e+04
1.376999999999975088e+01	3.639570583879898913e+04
1.377999999999975067e+01	3.453513687509497686e+04
1.378999999999975046e+01	2.892126159277616534e+04
1.379999999999975024e+01	2.622091197746968828e+04
1.380999999999975003e+01	3.810155865497312334e+04
1.381999999999974982e+01	3.454966125306921458e+04
1.382999999999974960e+01	3.551533030046609929e+04
1.383999999999974939e+01	3.170928728743264946e+04
1.384999999999974918e+01	4.035950156317671645e+04
1.385999999999974897e+01	3.686348924727620033e+04
1.386999999999974875e+01	4.543454817987023853e+04
1.387999999999974854e+01	4.759199077405036223e+04
1.388999999999974833e+01	5.153698469231651688e+04
1.389999999999974811e+01	4.239832864916557446e+04
1.390999999999974790e+01	4.180673191628261702e+04
1.391999999999974769e+01	3.922103667079743900e+04
1.392999999999974747e+01	4.238959411456584348e+04
1.393999999999974726e+01	3.977006505656757508e+04
1.394999999999974705e+01	4.370725253098072426e+04
1.395999999999974683e+01	4.216665398056567938e+04
1.396999999999974662e+01	4.247716938740725163e+04
1.397999999999974641e+01	3.760064892433621571e+04
1.398999999999974619e+01	3.806565413573004480e+04
1.399999999999974598e+01	3.558056587938364828e+04
1.400999999999974577e+01	3.657787846683236421e+04
1.401999999999974555e+01	3.664464988079659815e+04
1.402999999999974534e+01	4.106826857689362078e+04
1.403999999999974513e+01	3.731115408203007246e+04
1.404999999999974492e+01	3.995138107349067286e+04
1.405999999999974470e+01	4.310707465420172230e+04
1.406999999999974449e+01	3.768115064209098637e+04
1.407999999999974428e+01	3.608800819780206075e+04
1.408999999999974406e+01	4.042982014306071505e+04
1.409999999999974385e+01	3.855964756149228197e+04
1.410999999999974364e+01	3.599239037822886166e+04
1.411999999999974342e+01	3.867680785300148273e+04
1.412999999999974321e+01	3.758202180437890638e+04
1.413999999999974300e+01	4.046549429251436959e+04
1.414999999999974278e+01	3.458642666103223746e+04
1.415999999999974257e+01	3.635124684090343362e+04
1.416999999999974236e+01	3.346420393234926451e+04
1.417999999999974214e+01	3.785889089671590773e+04
1.418999999999974193e+01	2.940814986590505578e+04
1.419999999999974172e+01	3.122124341614998775e+04
1.420999999999974150e+01	3.278875700195660465e+04
1.421999999999974129e+01	3.533630949387591681e+04
1.422999999999974108e+01	2.867706280361523022e+04
1.423999999999974087e+01	2.985843540127800225e+04
1.424999999999974065e+01	3.693489816262565728e+04
1.425999999999974044e+01	3.701533965668056044e+04
1.426999999999974023e+01	4.112746898134030198e+04
1.427999999999974001e+01	3.084487888382044912e+04
1.428999999999973980e+01	4.290693509498603817e+04
1.429999999999973959e+01	3.546809473154064472e+04
1.430999999999973937e+01	3.570960764225224557e+04
1.431999999999973916e+01	3.709274958100889489e+04
1.432999999999973895e+01	3.880060172996488109e+04
1.433999999999973873e+01	3.784875631671736483e+04
1.434999999999973852e+01	3.290058131790714833e+04
1.435999999999973831e+01	3.585192383181740297e+04
1.436999999999973809e+01	3.856030535774306918e+04
1.437999999999973788e+01	3.860686964522596099e+04
1.438999999999973767e+01	3.120176356895925346e+04
1.439999999999973745e+01	3.364374325130839134e+04
1.440999999999973724e+01	3.083962873622112238e+04
1.441999999999973703e+01	4.115319364090262388e+04
1.442999999999973681e+01	3.278511431132214057e+04
1.443999999999973660e+01	3.305513214134061127e+04
1.444999999999973639e+01	3.556694868986966321e+04
1.445999999999973618e+01	3.128042760381072003e+04
1.446999999999973596e+01	3.434034768455836456e+04
1.447999999999973575e+01	3.151676443568040122e+04
1.448999999999973554e+01	3.864967445966784726e+04
1.449999999999973532e+01	2.661150641673544305e+04
1.450999999999973511e+01	3.159666854461866751e+04
1.451999999999973490e+01	3.096604099124849745e+04
1.452999999999973468e+01	3.107076205660892447e+04
1.453999999999973447e+01	3.368353845495595306e+04
1.454999999999973426e+01	3.541404268919280730e+04
1.455999999999973404e+01	3.098094418783686342e+04
1.456999999999973383e+01	3.382306676637589408e+04
1.457999999999973362e+01	3.529854962683403573e+04
1.458999999999973340e+01	3.462531560552069277e+04
1.459999999999973319e+01	4.422186537366987613e+04
1.460999999999973298e+01	3.442198666540993145e+04
1.461999999999973276e+01	3.776457818176449655e+04
1.462999999999973255e+01	3.826829098331214482e+04
1.463999999999973234e+01	3.590143346703180578e+04
1.464999999999973213e+01	3.916752310329306783e+04
1.465999999999973191e+01	3.829672579220251646e+04
1.466999999999973170e+01	3.018014173023344483e+04
1.467999999999973149e+01	3.656945292492979934e+04
1.468999999999973127e+01	3.729785019618963997e+04
1.469999999999973106e+01	3.846812783127512375e+04
1.470999999999973085e+01	4.052513288328645285e+04
1.471999999999973063e+01	3.329554667997202341e+04
1.472999999999973042e+01	3.466847847418303718e+04
1.473999999999973021e+01	3.396510517244057701e+04
1.474999999999972999e+01	3.945717328932915552e+04
1.475999999999972978e+01	3.951783291632409964e+04
1.476999999999972957e+01	3.346237613620549382e+04
1.477999999999972935e+01	3.967137324833218008e+04
1.478999999999972914e+01	3.754907426586702059e+04
1.479999999999972893e+01	3.082867188864788477e+04
1.480999999999972871e+01	4.072152013255974452e+04
1.481999999999972850e+01	3.872524838652946346e+04
1.482999999999972829e+01	3.936694890444196062e+04
1.483999999999972808e+01	3.970857117798983381e+04
1.484999999999972786e+01	3.830556808907724917e+04
1.485999999999972765e+01	3.557158279986886191e+04
1.486999999999972744e+01	4.219774540604544018e+04
1.487999999999972722e+01	3.884466333656964707e+04
1.488999999999972701e+01	4.187197048743022606e+04
1.489999999999972680e+01	4.530628358399694116e+04
1.490999999999972658e+01	3.963067114517415030e+04
1.491999999999972637e+01	3.844297351954158512e+04
1.492999999999972616e+01	4.237144432996762043e+04
1.493999999999972594e+01	3.740062407840972446e+04
1.494999999999972573e+01	3.713445056181783002e+04
1.495999999999972552e+01	4.218968681757590093e+04
1.496999999999972530e+01	3.437048565800224605e+04
1.497999999999972509e+01	4.201204035455964186e+04
1.498999999999972488e+01	3.712509159510752943e+04
1.499999999999972466e+01	3.832962342599597469e+04
1.500999999999972445e+01	3.838131273369076371e+04
1.501999999999972424e+01	3.283042897009142325e+04
1.502999999999972403e+01	4.268976863616521587e+04
1.503999999999972381e+01	3.550718842190330906e+04
1.504999999999972360e+01	3.756199526774928381e+04
1.505999999999972339e+01	4.038258980021193565e+04
1.506999999999972317e+01	3.823850012778631935e+04
1.507999999999972296e+01	4.379207841965919943e+04
1.508999999999972275e+01	3.436350938848424994e+04
1.509999999999972253e+01	3.449415427283479221e+04
1.510999999999972232e+01	4.048034301864485315e+04
1.511999999999972211e+01	3.476962165473520872e+04
1.512999999999972189e+01	4.107794890854383266e+04
1.513999999999972168e+01	3.622907626657182118e+04
1.514999999999972147e+01	4.160793948593905225e+04
1.515999999999972125e+01	4.372098786690546694e+04
1.516999999999972104e+01	3.898506846292012779e+04
1.517999999999972083e+01	4.262345248974002607e+04
1.518999999999972061e+01	4.036233503281560115e+04
1.519999999999972040e+01	3.829477470285160234e+04
1.520999999999972019e+01	4.013274422482846421e+04
1.521999999999971998e+01	4.023797637053408835e+04
1.522999999999971976e+01	3.613063597063650377e+04
1.523999999999971955e+01	3.145629686698423029e+04
1.524999999999971934e+01	3.205039820422419143e+04
1.525999999999971912e+01	3.180482974540948999e+04
1.526999999999971891e+01	3.093813881196256261e+04
1.527999999999971870e+01	2.838676786686513151e+04
1.528999999999971848e+01	3.233915758371591437e+04
1.529999999999971827e+01	3.480915953875849664e+04
1.530999999999971806e+01	3.526775388672011468e+04
1.531999999999971784e+01	3.421330314522178378e+04
1.532999999999971763e+01	3.848722243769727356e+04
1.533999999999971742e+01	3.982541679944003408e+04
1.534999999999971720e+01	3.847320152092766511e+04
1.535999999999971699e+01	3.083431063093944977e+04
1.536999999999971678e+01	3.827047244362313359e+04
1.537999999999971656e+01	2.971486697359751997e+04
1.538999999999971635e+01	4.215720109538218094e+04
1.539999999999971614e+01	4.483956013715865993e+04
1.540999999999971593e+01	4.008283288947227993e+04
1.541999999999971571e+01	4.041100202071250533e+04
1.542999999999971550e+01	4.011630362487411185e+04
1.543999999999971529e+01	4.269076545990253362e+04
1.544999999999971507e+01	3.107075499383927308e+04
1.545999999999971486e+01	3.620969799974885245e+04
1.546999999999971465e+01	3.907054351598249923e+04
1.547999999999971443e+01	3.022342569027845457e+04
1.548999999999971422e+01	3.427074301756916975e+04
1.549999999999971401e+01	3.412535619381082506e+04
1.550999999999971379e+01	3.725002032719959971e+04
1.551999999999971358e+01	3.862039490016234049e+04
1.552999999999971337e+01	3.456481943508838594e+04
1.553999999999971315e+01	3.649898033908026991e+04
1.554999999999971294e+01	3.530984070727492508e+04
1.555999999999971273e+01	2.999001052514609546e+04
1.556999999999971251e+01	2.961334273553933599e+04
1.557999999999971230e+01	3.523079018445251859e+04
1.558999999999971209e+01	3.420859882042442769e+04
1.559999999999971187e+01	3.563112987159964541e+04
1.560999999999971166e+01	3.181891812983548152e+04
1.561999999999971145e+01	3.179043527238422394e+04
1.562999999999971124e+01	3.120513666528731846e+04
1.563999999999971102e+01	3.451610030867449677e+04
1.564999999999971081e+01	3.515534108508284407e+04
1.565999999999971060e+01	3.932233783989652875e+04
1.566999999999971038e+01	3.717756807440741977e+04
1.567999999999971017e+01	2.587844255194281141e+04
1.568999999999970996e+01	3.788954667300570873e+04
1.569999999999970974e+01	3.933974172927221662e+04
1.570999999999970953e+01	3.862795679135614773e+04
1.571999999999970932e+01	3.747598542717451346e+04
1.572999999999970910e+01	4.169584044738314697e+04
1.573999999999970889e+01	3.367403915513062384e+04
1.574999999999970868e+01	4.301711946594528126e+04
1.575999999999970846e+01	3.802909474097896600e+04
1.576999999999970825e+01	3.844566594409188838e+04
1.577999999999970804e+01	4.141304867605034087e+04
1.578999999999970782e+01	4.189796127098971920e+04
1.579999999999970761e+01	4.087181785246776417e+04
1.580999999999970740e+01	4.310096219879001001e+04
1.581999999999970719e+01	4.206406493879526533e+04
1.582999999999970697e+01	4.741348115452020284e+04
1.583999999999970676e+01	3.703265181074138673e+04
1.584999999999970655e+01	4.407340848716453911e+04
1.585999999999970633e+01	4.602662151068364619e+04
1.586999999999970612e+01	4.001751152772841306e+04
1.587999999999970591e+01	4.419740311487596773e+04
1.588999999999970569e+01	4.487362453018029191e+04
1.589999999999970548e+01	4.492714126652420964e+04
1.590999999999970527e+01	4.752181816182514740e+04
1.591999999999970505e+01	4.103575636468581797e+04
1.592999999999970484e+01	5.046018132874098956e+04
1.593999999999970463e+01	5.158185916122522758e+04
1.594999999999970441e+01	4.018998972320331086e+04
1.595999999999970420e+01	3.686750393052097934e+04
1.596999999999970399e+01	4.170357190523768077e+04
1.597999999999970377e+01	3.824823174849041970e+04
1.598999999999970356e+01	3.925833955933449033e+04
1.599999999999970335e+01	3.687688071283356840e+04
1.600999999999970314e+01	3.235990098675178524e+04
1.601999999999970470e+01	3.681465323054434702e+04
1.602999999999970626e+01	3.308864805483553937e+04
1.603999999999970782e+01	2.964102336475419361e+04
1.604999999999970939e+01	3.553956513444754819e+04
1.605999999999971095e+01	3.206051914144029797e+04
1.606999999999971251e+01	3.125201698432631383e+04
1.607999999999971408e+01	3.521032193657841708e+04
1.608999999999971564e+01	2.836606691429230705e+04
1.609999999999971720e+01	2.902477040045553076e+04
1.610999999999971877e+01	3.578181571122518653e+04
1.611999999999972033e+01	3.399092557747231331e+04
1.612999999999972189e+01	4.094502948440793261e+04
1.613999999999972346e+01	4.140710148152209877e+04
1.614999999999972502e+01	3.402512648177290248e+04
1.615999999999972658e+01	3.665548983486348152e+04
1.616999999999972815e+01	3.862074164290434419e+04
1.617999999999972971e+01	4.070727323960887588e+04
1.618999999999973127e+01	3.266982442772610375e+04
1.619999999999973284e+01	4.068507772949048376e+04
1.620999999999973440e+01	3.515979709320154507e+04
1.621999999999973596e+01	3.691363643091701670e+04
1.622999999999973753e+01	3.966545555032121774e+04
1.623999999999973909e+01	3.273942461978026404e+04
1.624999999999974065e+01	3.344124524455489154e+04
1.625999999999974222e+01	3.514657056189801369e+04
1.626999999999974378e+01	3.395507028101137257e+04
1.627999999999974534e+01	3.886727811547512829e+04
1.628999999999974690e+01	3.520677747147048649e+04
1.629999999999974847e+01	3.764118339170040417e+04
1.630999999999975003e+01	3.727445656753654475e+04
1.631999999999975159e+01	3.331175474322949594e+04
1.632999999999975316e+01	3.769373307512457541e+04
1.633999999999975472e+01	3.695741687812174496e+04
1.634999999999975628e+01	3.871088350464108953e+04
1.635999999999975785e+01	3.594109491479400458e+04
1.636999999999975941e+01	4.186930526632320834e+04
1.637999999999976097e+01	4.231388331638912496e+04
1.638999999999976254e+01	3.824366390100550780e+04
1.639999999999976410e+01	3.608753389739924751e+04
1.640999999999976566e+01	3.868762151517943130e+04
1.641999999999976723e+01	3.465678359656309476e+04
1.642999999999976879e+01	3.334888321673090832e+04
1.643999999999977035e+01	3.300365883720900456e+04
1.644999999999977192e+01	2.882538982691727142e+04
1.645999999999977348e+01	3.551876469049681327e+04
1.646999999999977504e+01	3.684444337190873921e+04
1.647999999999977661e+01	3.639795038715103874e+04
1.648999999999977817e+01	3.767099022901373974e+04
1.649999999999977973e+01	2.957939467696518477e+04
1.650999999999978129e+01	4.424947314654170623e+04
1.651999999999978286e+01	3.155784166733956226e+04
1.652999999999978442e+01	3.504326869022187748e+04
1.653999999999978598e+01	3.544138845436126576e+04
1.654999999999978755e+01	2.829588411627034657e+04
1.655999999999978911e+01	3.187836323504550455e+04
1.656999999999979067e+01	3.595261533114634221e+04
1.657999999999979224e+01	3.866544391551546869e+04
1.658999999999979380e+01	3.877567514646994823e+04
1.659999999999979536e+01	3.584034420254470024e+04
1.660999999999979693e+01	3.763804933511624404e+04
1.661999999999979849e+01	3.184865093389233880e+04
1.662999999999980005e+01	3.664312037537688593e+04
1.663999999999980162e+01	3.549904907819503569e+04
1.664999999999980318e+01	4.021963406860549003e+04
1.665999999999980474e+01	4.402625685255811550e+04
1.666999999999980631e+01	3.491592600068604224e+04
1.667999999999980787e+01	4.291473148843322269e+04
1.668999999999980943e+01	3.587452313806077291e+04
1.669999999999981100e+01	3.598218238708772697e+04
1.670999999999981256e+01	3.976212231445872749e+04
1.671999999999981412e+01	3.744875087188683392e+04
1.672999999999981569e+01	4.015337316058242868e+04
1.673999999999981725e+01	3.474899334482781705e+04
1.674999999999981881e+01	3.755399918495825841e+04
1.675999999999982037e+01	3.823612405094910355e+04
1.676999999999982194e+01	2.909083626304817153e+04
1.677999999999982350e+01	2.549535702186415438e+04
1.678999999999982506e+01	3.448008356698653370e+04
1.679999999999982663e+01	3.057193975888943169e+04
1.680999999999982819e+01	3.003165244469887693e+04
1.681999999999982975e+01	3.688340547797696490e+04
1.682999999999983132e+01	3.163733210829736345e+04
1.683999999999983288e+01	3.052019631109906550e+04
1.684999999999983444e+01	2.819743454315970303e+04
1.685999999999983601e+01	3.202428783778096840e+04
1.686999999999983757e+01	2.976237143302248296e+04
1.687999999999983913e+01	2.801686832467819841e+04
1.688999999999984070e+01	2.798465553619979619e+04
1.689999999999984226e+01	3.615769657172537700e+04
1.690999999999984382e+01	3.301505909545649774e+04
1.691999999999984539e+01	3.507880993780246354e+04
1.692999999999984695e+01	3.770531797516968800e+04
1.693999999999984851e+01	3.324320311719325400e+04
1.694999999999985008e+01	3.771328141162633983e+04
1.695999999999985164e+01	3.317405106850077573e+04
1.696999999999985320e+01	2.560909847636414997e+04
1.697999999999985477e+01	2.998980294406427129e+04
1.698999999999985633e+01	2.726780625031097952e+04
1.699999999999985789e+01	3.556861657401492266e+04
1.700999999999985945e+01	3.004646598199828441e+04
1.701999999999986102e+01	3.166866780774371364e+04
1.702999999999986258e+01	2.708856050695060185e+04
1.703999999999986414e+01	3.360235284129121283e+04
1.704999999999986571e+01	2.759857313998081372e+04
1.705999999999986727e+01	3.620022986506645975e+04
1.706999999999986883e+01	3.320400860619995365e+04
1.707999999999987040e+01	3.604013781633079634e+04
1.708999999999987196e+01	3.573988797845651425e+04
1.709999999999987352e+01	3.496342649591827649e+04
1.710999999999987509e+01	3.352236820111569978e+04
1.711999999999987665e+01	3.288966963261050114e+04
1.712999999999987821e+01	4.002476099271072599e+04
1.713999999999987978e+01	4.336301548499504861e+04
1.714999999999988134e+01	4.238273640596008772e+04
1.715999999999988290e+01	4.045632740012534487e+04
1.716999999999988447e+01	3.575060717922289041e+04
1.717999999999988603e+01	3.805291010760513018e+04
1.718999999999988759e+01	3.302674863594099588e+04
1.719999999999988916e+01	3.645101245140489482e+04
1.720999999999989072e+01	3.099018722878625704e+04
1.721999999999989228e+01	3.428564978750562295e+04
1.722999999999989384e+01	3.312962544428465480e+04
1.723999999999989541e+01	3.984389518762292573e+04
1.724999999999989697e+01	3.557867799141143041e+04
1.725999999999989853e+01	3.407556414354273875e+04
1.726999999999990010e+01	2.929459526749989527e+04
1.727999999999990166e+01	3.215082147917872499e+04
1.728999999999990322e+01	3.502734455559356138e+04
1.729999999999990479e+01	3.617994048861190822e+04
1.730999999999990635e+01	2.850699125648574409e+04
1.731999999999990791e+01	3.207743390194704261e+04
1.732999999999990948e+01	3.542398652413715172e+04
1.733999999999991104e+01	4.011021859638320166e+04
1.734999999999991260e+01	3.234039931149280528e+04
1.735999999999991417e+01	2.833475828749619541e+04
1.736999999999991573e+01	3.767250011656664719e+04
1.737999999999991729e+01	3.353392232369987323e+04
1.738999999999991886e+01	3.762255541811438161e+04
1.739999999999992042e+01	3.201669363801652798e+04
1.740999999999992198e+01	3.569023139440709201e+04
1.741999999999992355e+01	3.430146819669555407e+04
1.742999999999992511e+01	3.929118285994130565e+04
1.743999999999992667e+01	3.520236201289042947e+04
1.744999999999992824e+01	3.909681500007862633e+04
1.745999999999992980e+01	2.975292083796956285e+04
1.746999999999993136e+01	4.194158342937124689e+04
1.747999999999993292e+01	3.383700555041960615e+04
1.748999999999993449e+01	3.007588617714909924e+04
1.749999999999993605e+01	3.527211340505126282e+04
1.750999999999993761e+01	3.127811601116412930e+04
1.751999999999993918e+01	3.255461662375948072e+04
1.752999999999994074e+01	2.515860660796270167e+04
1.753999999999994230e+01	3.448402092036022805e+04
1.754999999999994387e+01	3.028020635670665797e+04
1.755999999999994543e+01	3.604450149723752111e+04
1.756999999999994699e+01	3.443303069765771215e+04
1.757999999999994856e+01	3.500046941377133771e+04
1.758999999999995012e+01	2.981816987852035527e+04
1.759999999999995168e+01	3.226768568943130231e+04
1.760999999999995325e+01	4.346402150860695110e+04
1.761999999999995481e+01	3.861711486081145995e+04
1.762999999999995637e+01	3.938814180133069749e+04
1.763999999999995794e+01	4.564188584226251260e+04
1.764999999999995950e+01	3.098628901910541754e+04
1.765999999999996106e+01	3.837125681331107626e+04
1.766999999999996263e+01	3.019379885540058604e+04
1.767999999999996419e+01	3.654581830416963203e+04
1.768999999999996575e+01	3.796951748308440438e+04
1.769999999999996732e+01	3.031647128469140443e+04
1.770999999999996888e+01	2.577735636331946444e+04
1.771999999999997044e+01	3.092263260770907073e+04
1.772999999999997200e+01	2.909675586817923613e+04
1.773999999999997357e+01	3.146397478368103839e+04
1.774999999999997513e+01	2.873886968893207086e+04
1.775999999999997669e+01	3.192487563223391044e+04
1.776999999999997826e+01	3.381362154940932669e+04
1.777999999999997982e+01	3.352957152164832951e+04
1.778999999999998138e+01	3.703659877485864126e+04
1.779999999999998295e+01	3.258346440100517066e+04
1.780999999999998451e+01	3.803443974685412104e+04
1.781999999999998607e+01	3.811432553682003345e+04
1.782999999999998764e+01	3.569187954428207740e+04
1.783999999999998920e+01	3.901002624384985393e+04
1.784999999999999076e+01	3.394214409029951639e+04
1.785999999999999233e+01	3.642481795301057718e+04
1.786999999999999389e+01	3.648242212385292078e+04
1.787999999999999545e+01	3.864394042267203622e+04
1.788999999999999702e+01	4.087561135238081624e+04
1.789999999999999858e+01	3.861422149941543466e+04
1.791000000000000014e+01	3.693655089725689322e+04
1.792000000000000171e+01	3.525778549075510819e+04
1.793000000000000327e+01	3.503568422305395507e+04
1.794000000000000483e+01	3.590125532191275852e+04
1.795000000000000639e+01	3.794121865075270762e+04
1.796000000000000796e+01	3.114738003892396227e+04
1.797000000000000952e+01	3.432261955035777646e+04
1.798000000000001108e+01	3.394663239059958869e+04
1.799000000000001265e+01	2.658590240244762754e+04
1.800000000000001421e+01	3.588708844512383075e+04
1.801000000000001577e+01	3.072677099064443610e+04
1.802000000000001734e+01	2.878898560777541570e+04
1.803000000000001890e+01	3.466426362123851140e+04
1.804000000000002046e+01	3.603592376158561819e+04
1.805000000000002203e+01	3.441156808903520869e+04
1.806000000000002359e+01	4.535524583554254787e+04
1.807000000000002515e+01	3.864100921566828765e+04
1.808000000000002672e+01	3.883412243066210067e+04
1.809000000000002828e+01	4.458869238844486244e+04
1.810000000000002984e+01	3.300001913963963307e+04
1.811000000000003141e+01	3.656645364844524011e+04
1.812000000000003297e+01	3.863577336428412673e+04
1.813000000000003453e+01	3.168982921625727613e+04
1.814000000000003610e+01	4.241540039895258815e+04
1.815000000000003766e+01	4.005835500171106105e+04
1.816000000000003922e+01	4.000371910015958565e+04
1.817000000000004079e+01	4.171957161523113609e+04
1.818000000000004235e+01	3.776884782295073092e+04
1.819000000000004391e+01	4.436048415549837227e+04
1.820000000000004547e+01	3.116381431373778832e+04
1.821000000000004704e+01	3.226461861151674748e+04
1.822000000000004860e+01	4.152544024456313491e+04
1.823000000000005016e+01	4.174271578476857394e+04
1.824000000000005173e+01	3.814337639112574107e+04
1.825000000000005329e+01	3.057805200033575966e+04
1.826000000000005485e+01	3.059065370039759000e+04
1.827000000000005642e+01	3.174945033078821507e+04
1.828000000000005798e+01	3.503517679176433012e+04
1.829000000000005954e+01	3.279187421549089049e+04
1.830000000000006111e+01	3.231861748060172249e+04
1.831000000000006267e+01	3.246510885449202033e+04
1.832000000000006423e+01	3.216796421197179734e+04
1.833000000000006580e+01	3.549662815451349888e+04
1.834000000000006736e+01	2.892243096539397084e+04
1.835000000000006892e+01	3.010514765931446163e+04
1.836000000000007049e+01	3.420107292705451255e+04
1.837000000000007205e+01	3.392451796027333330e+04
1.838000000000007361e+01	3.570667384047833912e+04
1.839000000000007518e+01	3.521653350688700448e+04
1.840000000000007674e+01	3.268040908695953476e+04
1.841000000000007830e+01	3.459260662074998254e+04
1.842000000000007987e+01	3.381456970505787467e+04
1.843000000000008143e+01	3.397071134279073885e+04
1.844000000000008299e+01	3.894024197081993771e+04
1.845000000000008455e+01	3.159205280005195164e+04
1.846000000000008612e+01	3.793622193576864083e+04
1.847000000000008768e+01	2.977856542829285536e+04
1.848000000000008924e+01	3.712036400212447916e+04
1.849000000000009081e+01	3.234833293609979592e+04
1.850000000000009237e+01	3.430721323248348926e+04
1.851000000000009393e+01	3.235265114937003455e+04
1.852000000000009550e+01	3.759957078523974633e+04
1.853000000000009706e+01	3.369862635231298918e+04
1.854000000000009862e+01	2.977440386306710570e+04
1.855000000000010019e+01	2.592831044271682185e+04
1.856000000000010175e+01	3.437950218380121805e+04
1.857000000000010331e+01	3.050114667420011392e+04
1.858000000000010488e+01	3.105068333046382759e+04
1.859000000000010644e+01	3.586829936317585816e+04
1.860000000000010800e+01	3.996024665706497035e+04
1.861000000000010957e+01	3.992935841663290921e+04
1.862000000000011113e+01	3.561103671195189963e+04
1.863000000000011269e+01	3.841844884634097252e+04
1.864000000000011426e+01	3.783038815768502536e+04
1.865000000000011582e+01	4.077201640128841973e+04
1.866000000000011738e+01	3.754545553800786729e+04
1.867000000000011894e+01	4.002724005612927431e+04
1.868000000000012051e+01	3.165831278274740180e+04
1.869000000000012207e+01	2.943887721515519661e+04
1.870000000000012363e+01	3.695559428046424000e+04
1.871000000000012520e+01	4.226298892537018401e+04
1.872000000000012676e+01	3.712299816731781902e+04
1.873000000000012832e+01	3.597604476569390681e+04
1.874000000000012989e+01	3.305523979407342267e+04
1.875000000000013145e+01	2.992190018544962004e+04
1.876000000000013301e+01	2.531249559567388496e+04
1.877000000000013458e+01	3.679189955273330270e+04
1.878000000000013614e+01	4.003284816503452021e+04
1.879000000000013770e+01	4.062954682254451473e+04
1.880000000000013927e+01	3.940875984898211755e+04
1.881000000000014083e+01	3.455547422976743110e+04
1.882000000000014239e+01	3.095627990866434629e+04
1.883000000000014396e+01	3.883962934341210348e+04
1.884000000000014552e+01	4.235496514512701833e+04
1.885000000000014708e+01	3.348055048018210073e+04
1.886000000000014865e+01	4.007779128856329771e+04
1.887000000000015021e+01	3.988534075574178132e+04
1.888000000000015177e+01	3.305653347631076031e+04
1.889000000000015334e+01	3.907146449086210487e+04
1.890000000000015490e+01	3.570462198667992197e+04
1.891000000000015646e+01	3.055080751666583819e+04
1.892000000000015802e+01	2.398215081683202880e+04
1.893000000000015959e+01	3.359416692927493568e+04
1.894000000000016115e+01	3.685679021050873416e+04
1.895000000000016271e+01	3.156908150673377895e+04
1.896000000000016428e+01	3.048983738662361429e+04
1.897000000000016584e+01	2.802465166915527152e+04
1.898000000000016740e+01	2.795885945197862020e+04
1.899000000000016897e+01	2.457171340671025973e+04
1.900000000000017053e+01	3.041977537759230472e+04
1.901000000000017209e+01	3.094562257946793761e+04
1.902000000000017366e+01	3.737887912948471785e+04
1.903000000000017522e+01	2.767478669777756659e+04
1.904000000000017678e+01	3.630844656216524891e+04
1.905000000000017835e+01	2.791074061741177866e+04
1.906000000000017991e+01	3.424850623357169388e+04
1.907000000000018147e+01	3.193466478127321898e+04
1.908000000000018304e+01	3.032411206547354959e+04
1.909000000000018460e+01	3.389386697200435447e+04
1.910000000000018616e+01	3.757880796816523798e+04
1.911000000000018773e+01	4.177181501062109601e+04
1.912000000000018929e+01	3.411214657958197495e+04
1.913000000000019085e+01	3.332570968508999795e+04
1.914000000000019241e+01	3.721212421380204614e+04
1.915000000000019398e+01	3.199342603999913263e+04
1.916000000000019554e+01	2.973316185748496719e+04
1.917000000000019710e+01	3.123863525927201772e+04
1.918000000000019867e+01	3.281688977267054725e+04
1.919000000000020023e+01	2.913186869101534103e+04
1.920000000000020179e+01	4.014331907831517310e+04
1.921000000000020336e+01	3.423093507465937000e+04
1.922000000000020492e+01	3.798798298313212581e+04
1.923000000000020648e+01	3.838548019954129995e+04
1.924000000000020805e+01	2.927937394482723175e+04
1.925000000000020961e+01	2.981989852987806808e+04
1.926000000000021117e+01	3.451523331809316733e+04
1.927000000000021274e+01	3.433902618527127197e+04
1.928000000000021430e+01	3.814089878244178544e+04
1.929000000000021586e+01	3.397188422212809382e+04
1.930000000000021743e+01	3.040292420508827490e+04
1.931000000000021899e+01	3.728293308909355983e+04
1.932000000000022055e+01	3.853655092446375056e+04
1.933000000000022212e+01	3.476064163179787283e+04
1.934000000000022368e+01	3.721444393352502084e+04
1.935000000000022524e+01	4.278031882452951686e+04
1.936000000000022681e+01	3.975944362790368177e+04
1.937000000000022837e+01	3.691473601820314798e+04
1.938000000000022993e+01	3.905308910065257805e+04
1.939000000000023149e+01	4.324462698039344832e+04
1.940000000000023306e+01	3.953898933016377123e+04
1.941000000000023462e+01	3.891074701966676366e+04
1.942000000000023618e+01	3.786662938035585103e+04
1.943000000000023775e+01	3.809564660298134550e+04
1.944000000000023931e+01	2.854008057371773975e+04
1.945000000000024087e+01	3.429618045512078970e+04
1.946000000000024244e+01	3.018554886989400984e+04
1.947000000000024400e+01	2.869520193810315686e+04
1.948000000000024556e+01	3.397783864240114053e+04
1.949000000000024713e+01	2.969225871161261966e+04
1.950000000000024869e+01	3.035629158811841262e+04
1.951000000000025025e+01	3.437498457142375264e+04
1.952000000000025182e+01	2.824927799474617859e+04
1.953000000000025338e+01	3.258223662643859279e+04
1.954000000000025494e+01	3.156348126238905024e+04
1.955000000000025651e+01	2.892104526281526341e+04
1.956000000000025807e+01	3.260442075574367846e+04
1.957000000000025963e+01	2.635679907300912600e+04
1.958000000000026120e+01	2.711912579960684525e+04
1.959000000000026276e+01	2.944161403171433994e+04
1.960000000000026432e+01	2.356602243547035687e+04
1.961000000000026589e+01	3.064818832815858696e+04
1.962000000000026745e+01	3.338680389030615333e+04
1.963000000000026901e+01	3.567132950955269916e+04
1.964000000000027057e+01	2.684081264192172239e+04
1.965000000000027214e+01	3.084847761495804298e+04
1.966000000000027370e+01	3.321754451942911692e+04
1.967000000000027526e+01	3.100034040789574647e+04
1.968000000000027683e+01	3.059602553375452044e+04
1.969000000000027839e+01	3.139659843883280701e+04
1.970000000000027995e+01	3.919670049270130403e+04
1.971000000000028152e+01	3.310074315402213688e+04
1.972000000000028308e+01	3.061524595743315149e+04
1.973000000000028464e+01	3.152119389857124770e+04
1.974000000000028621e+01	3.171406057194875029e+04
1.975000000000028777e+01	3.082016920675676374e+04
1.976000000000028933e+01	3.407022798392082041e+04
1.977000000000029090e+01	3.026925434394717013e+04
1.978000000000029246e+01	3.347014254875566257e+04
1.979000000000029402e+01	3.265258597002757597e+04
1.980000000000029559e+01	3.652542507871719135e+04
1.981000000000029715e+01	2.925352139237876690e+04
1.982000000000029871e+01	3.143830288997130992e+04
1.983000000000030028e+01	3.245037996499460860e+04
1.984000000000030184e+01	3.323095216175976384e+04
1.985000000000030340e+01	3.480117606051087932e+04
1.986000000000030496e+01	3.758231859824337880e+04
1.987000000000030653e+01	3.917243488475271442e+04
1.988000000000030809e+01	3.661353315976903832e+04
1.989000000000030965e+01	3.892394320265905844e+04
1.990000000000031122e+01	3.734115747573703993e+04
1.991000000000031278e+01	3.981441747032973217e+04
1.992000000000031434e+01	3.549224821907118894e+04
1.993000000000031591e+01	3.582284217861028446e+04
1.994000000000031747e+01	3.404923875270283315e+04
1.995000000000031903e+01	3.608601270550170739e+04
1.996000000000032060e+01	3.193662409013585420e+04
1.997000000000032216e+01	3.490237489100678067e+04
1.998000000000032372e+01	3.856280547290503455e+04
1.999000000000032529e+01	3.856280547290503455e+04
