time_s	ee_error_m	orientation_error	base_x_m	base_y_m	base_z_m	roll_deg	pitch_deg	clearance_m	leg_action_delta_l2	arm_action_delta_l2	update_ms
0.01	0.64915639	0.0193651374	-9.02723403e-05	8.45232662e-07	0.542707593	-0.0165929909	0.0381674046	0.306794333	0	0	21.959469
0.02	0.646422296	0.019660847	-0.000344579621	1.64857037e-05	0.541067251	-0.086044882	0.125555949	0.307934534	0.131538479	0.0613228448	20.952242
0.03	0.64158598	0.0199831535	-0.000787807536	5.36780949e-05	0.53869648	-0.190937821	0.250112269	0.309313628	0.0791019113	0.0555342316	19.102882
0.04	0.633930016	0.0212186127	-0.00133412269	0.000120740327	0.535539372	-0.316152687	0.37586578	0.310807461	0.117680645	0.0580949153	19.551734
0.05	0.6234445	0.0234171034	-0.00198689045	0.000230555913	0.531745732	-0.443742645	0.527271879	0.312541352	0.0642235024	0.0512865589	18.435785
0.06	0.608323582	0.0274832015	-0.00278598228	0.000405699625	0.527407543	-0.621360703	0.725454194	0.312968882	0.11062028	0.081021101	18.632522
0.07	0.588802229	0.033175845	-0.00367833645	0.000653938784	0.522641019	-0.849409437	0.98247086	0.311766187	0.0588204582	0.0564338248	20.022394
0.08	0.565142818	0.0397516285	-0.00468471464	0.00100499084	0.51765219	-1.15100298	1.34765443	0.308254822	0.103928736	0.0612087766	19.940902
0.09	0.53790719	0.0476866783	-0.00592168233	0.0014339916	0.512917479	-1.41144965	1.74576296	0.302281156	0.0793831997	0.064255121	20.061218
0.1	0.508030251	0.058118592	-0.00721575034	0.00183751081	0.507998867	-1.57410253	2.08192352	0.294532523	0.0555363634	0.0515276908	17.984675
0.11	0.47664764	0.0707632035	-0.00851798999	0.00226860374	0.5033028	-1.71276032	2.39146677	0.285502047	0.104482512	0.0699960947	18.261777
0.12	0.444888117	0.08437597	-0.00990119518	0.00275406724	0.499067992	-1.83795031	2.72333999	0.276678587	0.11549668	0.111670205	18.479916
0.13	0.413870199	0.0977732343	-0.011241113	0.00330366943	0.494871569	-1.96763725	2.96608602	0.268704368	0.0586505646	0.0721320512	19.995512
0.14	0.384360234	0.111594802	-0.0124885828	0.00381780379	0.491122261	-1.99336887	3.25124954	0.261997845	0.0761221505	0.0505786245	18.376393
0.15	0.356677056	0.124083521	-0.0135954346	0.00430131318	0.487784753	-1.95343016	3.56955297	0.257278828	0.0455704686	0.0741552144	17.103883
0.16	0.33086675	0.134902505	-0.0145048047	0.0046943094	0.484612189	-1.80483529	3.94354889	0.255216343	0.0784011507	0.0619882542	18.258384
0.17	0.306824449	0.142468987	-0.0151605861	0.00507316367	0.48151911	-1.66542647	4.40608654	0.255766389	0.0628337548	0.0595434999	18.593033
0.18	0.284746719	0.147315945	-0.0156165857	0.00531587492	0.478998201	-1.42401785	4.81933413	0.25782683	0.0706298793	0.0531113942	19.660077
0.19	0.264733908	0.150132224	-0.015855838	0.00541359678	0.477026196	-1.11340081	5.187848	0.261359385	0.0459915866	0.043841709	19.521167
0.2	0.246396418	0.151318729	-0.0158734257	0.00538147659	0.475628475	-0.791730942	5.49987673	0.264839387	0.0535994966	0.0645091345	18.778003
0.21	0.229556845	0.150493309	-0.0157415664	0.00515765914	0.474505841	-0.404182559	5.67862196	0.268877743	0.0584829331	0.0654326316	18.708844
0.22	0.214421992	0.14966199	-0.0155020321	0.00483789569	0.474251505	-0.0996842973	5.83460862	0.273005045	0.0689078932	0.0518037534	18.200576
0.23	0.200770301	0.148879599	-0.0151442503	0.00436461269	0.474511835	0.223595656	6.05143479	0.277429057	0.0583368887	0.0449678816	18.864163
0.24	0.189177117	0.147955707	-0.0145979974	0.00391998741	0.475366328	0.349543096	6.1248659	0.281356193	0.0618813556	0.0345876979	18.869606
0.25	0.179683513	0.148452167	-0.013827792	0.00344302774	0.477094042	0.419239263	6.14599343	0.284050217	0.0505361592	0.0363111157	17.562306
0.26	0.1717415	0.149552804	-0.0127538149	0.00306598564	0.479144474	0.337235453	6.21174966	0.28649597	0.0240113335	0.0431074618	18.226243
0.27	0.165302992	0.151665863	-0.0114780628	0.00265970433	0.481921869	0.253303483	6.18844158	0.288063613	0.030728366	0.0342029124	17.397873
0.28	0.159953867	0.154709991	-0.00997922058	0.00222860433	0.485336367	0.151387228	6.09691693	0.288740297	0.0335905209	0.0449046446	16.132835
0.29	0.155720013	0.158163722	-0.00826301357	0.00182329822	0.489223639	0.0143092532	5.96626997	0.288834424	0.0508487213	0.0308104098	17.299118
0.3	0.152488008	0.162183027	-0.00630984518	0.00144789743	0.493453399	-0.142323345	5.77990514	0.288453196	0.0509440233	0.0335447613	16.975534
0.31	0.149680774	0.166177313	-0.00417682223	0.00108831311	0.498014128	-0.298195504	5.54519705	0.287537916	0.0516152682	0.0516071603	17.76482
0.32	0.146219467	0.171245394	-0.00196959344	0.000683382813	0.50270398	-0.390703371	5.34070692	0.287095022	0.0463331597	0.0719950354	17.801509
0.33	0.142252545	0.176818618	0.000333795205	0.000211201507	0.507265632	-0.417759437	4.99294512	0.286702433	0.0644743016	0.0465838123	19.531696
0.34	0.137442274	0.182778639	0.00269624999	-0.000274091648	0.51200063	-0.46914374	4.59781551	0.286362013	0.0754718003	0.06216304	18.015972
0.35	0.1314552	0.187946472	0.00508859177	-0.000775033452	0.516776161	-0.521716883	4.16667419	0.285580419	0.0224666964	0.0656245424	19.783493
0.36	0.12462935	0.192536948	0.00753376782	-0.00129019197	0.521296406	-0.56433606	3.70008234	0.284610131	0.0654768952	0.0447455511	17.699767
0.37	0.116788141	0.195508447	0.010023658	-0.00171582075	0.525136728	-0.6664917	3.25038558	0.283767528	0.0832931347	0.0576079477	17.580734
0.38	0.108059385	0.198142593	0.0124318325	-0.00212728945	0.52851976	-0.755996567	2.80270838	0.283742616	0.0577349312	0.0554547385	17.828034
0.39	0.09900307	0.200314245	0.0148419914	-0.00251624506	0.531295577	-0.843316675	2.36416699	0.283759492	0.0873275934	0.0386431462	17.241817
0.4	0.0898965535	0.202420347	0.0172637885	-0.00287991559	0.533452525	-0.920096012	1.94136542	0.283890122	0.0751867507	0.040062773	17.737425
0.41	0.0807262788	0.204339007	0.0196534731	-0.0032322144	0.53501281	-0.984229967	1.55001556	0.284391701	0.0548240828	0.0493200822	19.25882
0.42	0.071993021	0.205380517	0.021999652	-0.00357202752	0.536010336	-1.0364181	1.20335224	0.284841425	0.0321370331	0.0245460611	17.871261
0.43	0.0637735201	0.205205929	0.0242459028	-0.00392218136	0.536512393	-1.06958557	0.912440412	0.285002223	0.0852321501	0.0331282103	19.772403
0.44	0.0559344924	0.204526057	0.0263863517	-0.0042860623	0.536537639	-1.07779475	0.669186488	0.285223428	0.0770856467	0.0335720119	18.019204
0.45	0.048095749	0.204232395	0.0283974907	-0.00466385858	0.536125048	-1.06880226	0.467527029	0.285065411	0.0724871201	0.0426679472	17.606814
0.46	0.0403086973	0.204406781	0.0302424084	-0.00505794675	0.53532054	-1.05166908	0.326711023	0.284897716	0.0903144074	0.0295168203	17.550418
0.47	0.032412973	0.20328556	0.0319006859	-0.00549031315	0.534226491	-1.01508373	0.239365314	0.284737547	0.105567897	0.0307626406	17.494381
0.48	0.024809598	0.202191616	0.0333929947	-0.00595620753	0.532831989	-0.954394485	0.203570179	0.284474585	0.0877672456	0.016405567	17.549724
0.49	0.0175498671	0.201357927	0.0345510168	-0.00642635788	0.532138077	-0.833452112	0.275062513	0.284127989	0.0644608304	0.0243637831	17.436955
0.5	0.0138938914	0.200467386	0.0354829673	-0.00693180874	0.531708752	-0.658187158	0.427375954	0.284363434	0.0484098662	0.0199446262	18.049964
0.51	0.011914463	0.19888879	0.0361419349	-0.00744214736	0.531719084	-0.503599068	0.654048367	0.284894666	0.0398992209	0.0147313278	17.037607
0.52	0.0111628142	0.19814661	0.0365656499	-0.00794889225	0.532143366	-0.358991452	0.898062736	0.285766705	0.0398699266	0.0150171122	17.057127
0.53	0.0112664572	0.197246626	0.0367927708	-0.00846104251	0.532919572	-0.214119858	1.12648187	0.286463787	0.0204874184	0.0133817633	19.387708
0.54	0.0113128392	0.196904189	0.0368627747	-0.00891305836	0.533769946	-0.146867856	1.3772806	0.287111579	0.0329249413	0.0073565422	18.577366
0.55	0.0111861914	0.197219803	0.0368035292	-0.00937280778	0.534915919	-0.0384204738	1.563226	0.287522569	0.0221744734	0.0138928674	18.884112
0.56	0.0108041926	0.198030754	0.0366468125	-0.00984606296	0.536270063	0.0841265883	1.69034594	0.287643456	0.0168680084	0.00819264006	19.567357
0.57	0.0106747312	0.199010309	0.0364176177	-0.0103220756	0.537748199	0.206717458	1.75327933	0.287488436	0.0131516623	0.00620663107	16.586448
0.58	0.0107380724	0.199577043	0.0361900111	-0.0109144506	0.538869046	0.44211147	1.81003604	0.287217087	0.0193270579	0.0130276797	19.544789
0.59	0.0116995779	0.199590499	0.0359063684	-0.011505446	0.540067043	0.625492706	1.79427013	0.286583355	0.0292040461	0.0163380283	18.150401
0.6	0.0133333023	0.200342925	0.0356359864	-0.0120619277	0.541113135	0.763186753	1.71422447	0.285876442	0.0981308837	0.0112699868	18.232542
0.61	0.0154895607	0.200978753	0.0353962381	-0.012574126	0.541903923	0.856058274	1.59334536	0.285118373	0.090997189	0.0117576871	18.096476
0.62	0.0177909006	0.201196642	0.0351913363	-0.0130522837	0.542420783	0.911593983	1.44894551	0.284207489	0.0808080388	0.0177981928	17.338964
0.63	0.0200462459	0.201560411	0.0350067857	-0.0135007936	0.542655589	0.932529139	1.28848852	0.283387892	0.0679205015	0.00227416859	17.686194
0.64	0.0219507266	0.201657196	0.0348110849	-0.0139253563	0.542642955	0.924843615	1.12775381	0.282841695	0.0910012258	0.0134585734	17.618313
0.65	0.0233913165	0.200530198	0.0346143361	-0.0143426514	0.542391937	0.915149319	0.980660401	0.28220676	0.0841573771	0.0266131856	19.375803
0.66	0.0243273676	0.199462654	0.0344067854	-0.0147609763	0.54185557	0.903328416	0.850198013	0.281852689	0.0840073454	0.00883408428	21.024696
0.67	0.0248050408	0.198436324	0.0341899028	-0.0151967902	0.541087046	0.903923803	0.746940964	0.281525829	0.0437215947	0.0148581809	19.441843
0.68	0.0248836845	0.19709067	0.0339550534	-0.015648734	0.540095927	0.889060564	0.65876854	0.28132244	0.101860724	0.0125916047	21.075529
0.69	0.0245818037	0.195778988	0.033697563	-0.0161205452	0.53888923	0.859695495	0.58714125	0.281355678	0.104444156	0.00527257307	18.29375
0.7	0.0239819984	0.193880695	0.0334319395	-0.0166095826	0.537459701	0.816179736	0.524922081	0.281461728	0.0884221499	0.00972957366	19.03946
0.71	0.0230568897	0.191811702	0.0331426393	-0.0171251911	0.535808499	0.764483508	0.478874478	0.281852595	0.0966619467	0.00909928322	17.038787
0.72	0.0220139989	0.189398896	0.0328419435	-0.0176566638	0.533918579	0.697336313	0.441073812	0.282343605	0.0895246738	0.0152395534	18.430546
0.73	0.0209226223	0.187081393	0.0325338287	-0.0182067798	0.531787156	0.62114881	0.409298894	0.282917598	0.112612109	0.00302545701	17.902989
0.74	0.0200004469	0.18449317	0.0322371292	-0.018767442	0.529408505	0.525832836	0.371351799	0.283461043	0.0691765358	0.00557643995	18.380007
0.75	0.0192217275	0.182471649	0.0317456487	-0.0192668479	0.527984983	0.414241778	0.42519952	0.284000354	0.045296638	0.0136894679	18.098599
0.76	0.0185795234	0.181343103	0.0311375612	-0.0196572877	0.527047553	0.209728048	0.484495817	0.284522481	0.0361814262	0.00571014291	17.582765
0.77	0.0171230906	0.180893506	0.0304304339	-0.0200699627	0.526499965	0.11872715	0.654484272	0.285066458	0.0402247022	0.00941342161	19.316292
0.78	0.0153781846	0.181108242	0.0296724225	-0.0204290568	0.526541942	0.0113377962	0.822615877	0.285402323	0.0281625167	0.00435326102	17.727376
0.79	0.013411523	0.182227276	0.02888734	-0.0207284237	0.527041535	-0.0872946578	0.97750172	0.28563861	0.0371791208	0.0102109485	18.831841
0.8	0.0113159588	0.184292707	0.0280855494	-0.0209711939	0.527965971	-0.173877809	1.11752495	0.285762628	0.0313467677	0.00902681213	17.963958
0.81	0.009937048	0.186686853	0.0272851225	-0.0211479658	0.529212728	-0.257326141	1.22966429	0.285731783	0.0253526206	0.00623593435	17.751971
0.82	0.00997737184	0.189156177	0.0264941168	-0.021256311	0.530723598	-0.341583291	1.31018217	0.285521925	0.0219343833	0.00598392091	20.267359
0.83	0.0115595048	0.191634983	0.0257135027	-0.0212886899	0.532405133	-0.423508848	1.35710972	0.285334884	0.0278199685	0.0121849256	18.248227
0.84	0.0135958788	0.192645887	0.024922185	-0.0212474797	0.534185726	-0.506663197	1.37551019	0.285170765	0.0322786153	0.0229389144	18.123516
0.85	0.0148401356	0.192620334	0.0241945834	-0.0210790359	0.535516576	-0.668580023	1.42298335	0.285224939	0.105849689	0.00609884493	18.176027
0.86	0.0156628349	0.191414056	0.0234776354	-0.020881886	0.536657567	-0.762121808	1.43967254	0.2854408	0.112474769	0.0128570347	17.411909
0.87	0.0164748071	0.189520539	0.0227885808	-0.0206682235	0.537544966	-0.814186172	1.43057234	0.28573759	0.0908482862	0.0112103223	20.277613
0.88	0.0175347076	0.187116628	0.0221447316	-0.0204562531	0.538155565	-0.832283011	1.39513364	0.286057523	0.082430632	0.0143764363	15.512994
0.89	0.018982692	0.184388055	0.0215403368	-0.0202519027	0.538494943	-0.82300317	1.33617705	0.286393662	0.0668401247	0.00574604346	18.214212
0.9	0.020705137	0.181826728	0.0209503249	-0.0200647589	0.538586968	-0.796047609	1.26350099	0.286867791	0.0719356079	0.0146659901	21.323858
0.91	0.0225716622	0.179480184	0.0203741127	-0.0199023825	0.538447754	-0.745124361	1.17648623	0.287315076	0.0743112954	0.0079038135	18.214341
0.92	0.0248057716	0.17676557	0.0197585829	-0.0197509109	0.538158808	-0.680727156	1.09465728	0.287817321	0.0259327564	0.020541707	18.446519
0.93	0.0270514922	0.17434731	0.019109743	-0.0196120286	0.53773786	-0.598656496	1.01419751	0.288331159	0.0937200252	0.00922970118	19.334962
0.94	0.0291079499	0.172095772	0.0184195592	-0.0194881896	0.537201143	-0.503870562	0.937222949	0.288727864	0.0831153772	0.00722043892	18.390982
0.95	0.0308017935	0.170613473	0.0176805411	-0.0193921871	0.536614392	-0.41566346	0.868771303	0.289197072	0.104572266	0.0240177913	16.592772
0.96	0.0324281572	0.169329396	0.0169050634	-0.0193203503	0.535945169	-0.332346901	0.796421552	0.289632432	0.096629965	0.00754081888	18.218272
0.97	0.0342384415	0.168126903	0.016096208	-0.0192679264	0.535179599	-0.257058922	0.713562936	0.29014139	0.0918137104	0.0186771479	17.726188
0.98	0.0359305391	0.167527908	0.0152606917	-0.019231152	0.534279747	-0.183949044	0.619898917	0.290834543	0.10881438	0.0178081064	20.603789
0.99	0.0378380645	0.166267163	0.0144213098	-0.0192074745	0.533194123	-0.113891779	0.510345492	0.291316023	0.0534405529	0.00696037142	17.232324
1	0.0392147922	0.165467902	0.0134863654	-0.019313906	0.532524697	0.111672859	0.545045272	0.291835232	0.0395170561	0.0124790219	21.175662
1.01	0.0399011771	0.165710284	0.0124483548	-0.0194714218	0.532472393	0.285120922	0.614346517	0.292483777	0.0253694354	0.0213983545	20.963335
1.02	0.0408017016	0.165937388	0.0113633241	-0.0197359611	0.532582223	0.524596738	0.65624734	0.293071151	0.0262689039	0.0162636075	20.200436
1.03	0.0409337931	0.166017209	0.0102950827	-0.0199751094	0.532792891	0.624157644	0.775539056	0.293628818	0.0286287768	0.0065397422	21.52047
1.04	0.0405525992	0.166219782	0.0092478138	-0.0202665887	0.53333429	0.717229021	0.884524558	0.293948265	0.0239712582	0.0038693729	20.574873
1.05	0.0397709896	0.166444849	0.00823472903	-0.0206066928	0.534131177	0.788665261	0.988873222	0.294055532	0.0453154634	0.0166448759	17.92736
1.06	0.0383636433	0.167456996	0.00726752759	-0.0210009968	0.535121752	0.85075807	1.08082934	0.29411381	0.0214814347	0.0113225907	16.119996
1.07	0.0366927499	0.16853812	0.00635802674	-0.021452438	0.536270859	0.90627215	1.15851428	0.293992115	0.0381677476	0.00688151644	16.455891
1.08	0.0348740863	0.169775274	0.00551432658	-0.0219528208	0.537551405	0.948628747	1.21748602	0.293773395	0.0355075275	0.013438111	18.80685
1.09	0.0331406218	0.17118733	0.00477363883	-0.0224953055	0.538864821	0.975321033	1.23616305	0.293375831	0.0371080402	0.017015716	17.269488
1.1	0.0318746109	0.173265851	0.00415703123	-0.0230730509	0.539986819	0.979658124	1.20717838	0.293079583	0.097446572	0.0164385857	19.946765
1.11	0.031306609	0.175583383	0.00366242218	-0.0236742202	0.540808799	0.954790643	1.14743893	0.292877476	0.102507985	0.0109507089	16.625571
1.12	0.031646535	0.176795788	0.00327320511	-0.0243016589	0.541267355	0.920899664	1.06491773	0.292561028	0.0954547966	0.0114650975	16.346289
1.13	0.0321593947	0.177553334	0.0029672103	-0.0249710795	0.541341607	0.890007682	0.970492198	0.292221453	0.0942958763	0.0197046356	17.990876
1.14	0.0327230156	0.178041501	0.00270918161	-0.0256841894	0.541058425	0.873408764	0.883987179	0.291850545	0.0774060041	0.0173361446	16.9088
1.15	0.033100136	0.177924986	0.00246025242	-0.0264367629	0.54047011	0.867637442	0.811517831	0.29151085	0.0940861003	0.0165144008	19.93496
1.16	0.0330519919	0.177110947	0.00219652997	-0.0272284221	0.539618116	0.873831955	0.758218791	0.291282223	0.0720274237	0.0108987616	18.934789
1.17	0.0325948778	0.175786754	0.00188045187	-0.0280437878	0.538582738	0.896974445	0.737189424	0.29134323	0.0405811645	0.0187113526	18.47823
1.18	0.0319215543	0.17350639	0.00149033432	-0.0288791087	0.537434202	0.936206509	0.753555525	0.291572426	0.0715761205	0.0148805679	18.033984
1.19	0.0310199412	0.171202337	0.0010287888	-0.0297283164	0.536204362	0.980139396	0.797728187	0.291907641	0.0911563544	0.011086766	17.971246
1.2	0.0300228703	0.169049643	0.00049225232	-0.0305880799	0.534845527	1.0287441	0.865305963	0.292406059	0.0847800777	0.0195777055	20.588815
1.21	0.0293552171	0.166454043	-0.000107513177	-0.0314482953	0.533394701	1.06853931	0.947870267	0.292996384	0.11032909	0.0116284791	18.694809
1.22	0.0293583438	0.162959068	-0.000779474803	-0.0322981479	0.531885381	1.08418202	1.04225582	0.293488524	0.105167217	0.0182667448	18.45447
1.23	0.0295764836	0.16011736	-0.00151291422	-0.0331189692	0.530269538	1.07972295	1.13849534	0.294108949	0.101861737	0.0225662736	18.839218
1.24	0.0297630429	0.157989382	-0.00224754258	-0.0339044323	0.528469573	1.04211395	1.19994772	0.294710185	0.0726891366	0.00607423296	18.833303
1.25	0.0296526411	0.156479054	-0.00308397512	-0.03448227	0.527244931	0.808756079	1.43023523	0.295541575	0.0467133587	0.00910593001	19.483854
1.26	0.0289170894	0.155873531	-0.00399355781	-0.0349129901	0.526581222	0.495043598	1.64318474	0.296183379	0.0310038199	0.00911879224	18.750714
1.27	0.0274285932	0.156021537	-0.00490244059	-0.0353172255	0.526076805	0.303116685	1.94681714	0.296898285	0.0200320024	0.00821496058	19.318219
1.28	0.0253375716	0.156754554	-0.00583141956	-0.0355955024	0.526176671	0.0763025855	2.20832851	0.297300927	0.0327786365	0.0109529808	19.436313
1.29	0.0226763548	0.157818907	-0.00677133733	-0.0357614719	0.526756522	-0.149861919	2.43719776	0.297378373	0.0466026328	0.0130316064	19.608218
1.3	0.0195568789	0.158903295	-0.0076946207	-0.0358189207	0.527697724	-0.346034596	2.62291427	0.297071701	0.026347333	0.0128352147	17.573737
1.31	0.0154643154	0.161000847	-0.00858824007	-0.0357576493	0.528970751	-0.521752212	2.76103436	0.296531543	0.0300863424	0.0138496225	17.515588
1.32	0.0110871899	0.163783662	-0.00946822099	-0.0355821186	0.53054271	-0.673294687	2.8340721	0.295791216	0.0319286372	0.0106651369	18.332276
1.33	0.00827633748	0.167586023	-0.0103226907	-0.0352789305	0.532350304	-0.814179251	2.85441994	0.295138092	0.0417999409	0.00937187967	17.784172
1.34	0.00992269463	0.17107819	-0.0111735408	-0.0348432677	0.534322306	-0.944674821	2.81518306	0.29446156	0.0258156725	0.0106074682	19.831449
1.35	0.0134401334	0.173987239	-0.0119947434	-0.0342147548	0.535985608	-1.14093615	2.78322685	0.294073396	0.108819423	0.0159344229	15.783799
1.36	0.0168974363	0.175936695	-0.0127881521	-0.0334979444	0.537530587	-1.26170523	2.70127583	0.293824164	0.103142795	0.00359431042	18.10934
1.37	0.0195970615	0.176957489	-0.0135478433	-0.0327381859	0.538777874	-1.30760437	2.59834382	0.293781315	0.0963037321	0.0127930262	16.731155
1.38	0.0212645564	0.176842051	-0.0142617646	-0.0319437008	0.539619523	-1.30493859	2.49083288	0.293939766	0.113262934	0.0116860714	17.34072
1.39	0.0221538032	0.175590664	-0.0149374661	-0.0311226923	0.540021267	-1.25767476	2.38192287	0.294176058	0.112029908	0.0163043446	18.228072
1.4	0.0226261937	0.173860121	-0.0155875562	-0.0302846208	0.540033712	-1.18284887	2.27787671	0.294608834	0.0820350256	0.0102774899	15.857635
1.41	0.0230790216	0.173082484	-0.0162261516	-0.0294482436	0.539699943	-1.08711245	2.18168288	0.295418566	0.0781953833	0.0265303111	18.393465
1.42	0.0235174322	0.17172474	-0.0168715775	-0.0286165958	0.539114566	-0.967848154	2.09837468	0.29623865	0.0291254394	0.00929166718	18.344655
1.43	0.0240099727	0.170096806	-0.0175584311	-0.0277899066	0.538388135	-0.833280872	2.03957319	0.297043975	0.0845328817	0.0106969146	19.059051
1.44	0.0246217586	0.167855358	-0.0182741526	-0.0269744352	0.537542985	-0.673272003	1.99528145	0.297715329	0.072449027	0.0122283095	18.946208
1.45	0.0253915341	0.165484196	-0.0190391395	-0.0261845322	0.5366474	-0.494511129	1.96611997	0.298313026	0.0874955127	0.00669304717	19.250377
1.46	0.0262435997	0.163249184	-0.0198574325	-0.0254276006	0.535690977	-0.30783674	1.94973195	0.298908831	0.0911014304	0.0113464215	17.904272
1.47	0.0268018013	0.161669908	-0.02071061	-0.0247056405	0.534659484	-0.126130057	1.94675346	0.299373411	0.105022496	0.0154536895	18.512492
1.48	0.0270661018	0.160708882	-0.021581539	-0.0240230601	0.533530382	0.0509357878	1.944962	0.299760384	0.0986715159	0.0137787148	20.625519
1.49	0.0269427541	0.160416149	-0.0224529197	-0.0233751057	0.532328305	0.212381278	1.9311562	0.300111808	0.068274369	0.0104480753	21.24553
1.5	0.0264528386	0.160646746	-0.0233191336	-0.0227525481	0.531111049	0.35672243	1.90730789	0.300424453	0.0496048319	0.0126374305	20.022956
1.51	0.0259957335	0.16061955	-0.0242858606	-0.022179051	0.530728464	0.484348766	1.9342058	0.300594085	0.0382795317	0.0148773156	17.915522
1.52	0.0252568171	0.160821398	-0.0252575487	-0.0216244967	0.530158998	0.607997955	1.99612636	0.300852354	0.0175564223	0.0198998936	17.706105
1.53	0.0240692901	0.161934892	-0.026268928	-0.0211366181	0.530300139	0.726480066	2.06401975	0.300943294	0.0269796587	0.010267823	18.245896
1.54	0.0229368922	0.162644208	-0.02729746	-0.0207159563	0.530929615	0.838597735	2.12600037	0.300745998	0.0328338385	0.0119144082	17.499639
1.55	0.0218071765	0.162992871	-0.0283211046	-0.020363498	0.531918813	0.945815151	2.15518036	0.300218416	0.0347196002	0.0118824609	18.25301
1.56	0.0220926503	0.162940022	-0.0293168445	-0.0200826731	0.533089943	1.05244342	2.1633875	0.299816873	0.027456023	0.0149406777	20.221459
1.57	0.0233202255	0.163349684	-0.0302784715	-0.0198736802	0.534376179	1.14967299	2.13306929	0.2995213	0.039545754	0.0139618139	20.482554
1.58	0.0254112077	0.163110492	-0.0312027399	-0.0197388869	0.535730643	1.22824653	2.05899392	0.299110485	0.0343977825	0.0200152059	18.995974
1.59	0.0282695836	0.162631376	-0.0320984027	-0.01967992	0.537139494	1.28516985	1.9431054	0.298725857	0.0282451786	0.00989268841	19.373287
1.6	0.0315941348	0.161004135	-0.0329682935	-0.0196900924	0.538399083	1.3293584	1.8023049	0.298380001	0.104920117	0.0214536511	19.121025
1.61	0.0346386941	0.158465194	-0.0337933433	-0.0198305631	0.539145609	1.42941945	1.70506512	0.298187815	0.0818105821	0.0185055375	16.914076
1.62	0.0379827933	0.154438087	-0.0345935408	-0.0200155096	0.539685102	1.47508645	1.60684826	0.298019047	0.103414755	0.0228283	17.171325
1.63	0.0415805835	0.149952047	-0.0353817353	-0.0202257957	0.539986147	1.47955584	1.52802678	0.298096979	0.104972863	0.0168957615	18.682673
1.64	0.0452421513	0.14558574	-0.0361622157	-0.0204558449	0.540050309	1.45546698	1.47312136	0.298384849	0.0908032125	0.00690614723	18.467072
1.65	0.048887271	0.141433272	-0.036937538	-0.020698102	0.539885593	1.40340401	1.44030123	0.298659139	0.0835062649	0.00722330253	20.103839
1.66	0.0520598419	0.138011297	-0.0377220714	-0.0209382555	0.539537661	1.3239846	1.434581	0.299050457	0.10170783	0.00969234197	19.216256
1.67	0.0544919203	0.135165843	-0.0384973621	-0.0211766118	0.539027399	1.22020571	1.45199152	0.299424482	0.0338494443	0.00816301616	18.730554
1.68	0.056222731	0.132524234	-0.0392817253	-0.0214069049	0.538399797	1.08339847	1.48477138	0.299671141	0.0947251382	0.0116567602	18.783618
1.69	0.0569398773	0.130618037	-0.0400814861	-0.0216237197	0.537633759	0.921486778	1.53712594	0.299932022	0.109746273	0.0176854653	18.406007
1.7	0.0566386896	0.129239099	-0.0408726164	-0.0218207516	0.536713509	0.740115661	1.60083804	0.300146674	0.0845275145	0.00825594217	18.162809
1.71	0.0549411158	0.129061598	-0.0416481754	-0.0219957743	0.535627738	0.550739198	1.67946132	0.300417275	0.0906431209	0.0127042968	18.170443
1.72	0.0520489806	0.129858036	-0.0423907152	-0.02214475	0.534363454	0.350213215	1.76359348	0.300711024	0.0841506312	0.0133850656	19.736279
1.73	0.0484203701	0.130989434	-0.04310152	-0.0222702232	0.532866699	0.14111268	1.85327409	0.300971325	0.0961642495	0.0110767014	17.932647
1.74	0.043951964	0.132743282	-0.0437866226	-0.02237619	0.531125081	-0.0778341888	1.94841853	0.301206862	0.0665351779	0.00989580623	19.825584
1.75	0.0390528147	0.134837318	-0.0445137987	-0.0225690988	0.52959096	-0.15853853	1.95968333	0.301027552	0.032123809	0.0155370515	19.008315
1.76	0.0345618647	0.136593144	-0.0453648701	-0.0227288386	0.528777963	-0.291563847	2.06123426	0.300909264	0.0385586592	0.0173539937	18.871106
1.77	0.0298560464	0.138909993	-0.0462767408	-0.0228964077	0.527959064	-0.420928285	2.20539028	0.300912089	0.0407975718	0.0163431617	18.5595
1.78	0.0255069737	0.1420443	-0.0472265619	-0.0230393386	0.527749762	-0.581755509	2.33273589	0.300834398	0.0387869571	0.0150614625	17.851898
1.79	0.022474383	0.1449778	-0.0482019006	-0.0231550388	0.528013221	-0.761145586	2.43657793	0.300573911	0.05072292	0.0110405933	17.252054
1.8	0.0212838664	0.148128881	-0.0491940184	-0.0232534044	0.528619293	-0.933969012	2.50793403	0.300256144	0.0265276996	0.00726275561	18.136603
1.81	0.0221973145	0.151131292	-0.0502020495	-0.0233328803	0.529478137	-1.09876029	2.54411944	0.299898019	0.0403278254	0.00798936013	18.154914
1.82	0.0247585721	0.153438813	-0.0512233854	-0.0233778996	0.530507107	-1.26963311	2.5296066	0.299512592	0.0393936533	0.0100882455	18.128613
1.83	0.0276831025	0.15464557	-0.0522877902	-0.0234108497	0.531666484	-1.42441248	2.47875106	0.299217619	0.0380563175	0.0193487449	16.151525
1.84	0.0304573754	0.155290092	-0.053404621	-0.0234216049	0.532949121	-1.56746125	2.39870828	0.299156205	0.0241497029	0.0129860788	16.261147
1.85	0.0319907045	0.154711418	-0.0545066734	-0.0233329251	0.533792313	-1.79788683	2.36952596	0.299432235	0.101976523	0.0112915159	17.250915
1.86	0.0330960423	0.152916339	-0.0556198859	-0.0232565902	0.534574046	-1.93668501	2.31412024	0.299704766	0.090258909	0.0125629541	17.290539
1.87	0.0341823284	0.150110119	-0.0567399461	-0.0231965087	0.535220252	-2.01077308	2.24795132	0.300019105	0.0851517862	0.00536559784	16.212023
1.88	0.0356001968	0.14681412	-0.0578596948	-0.0231575666	0.535696289	-2.02349541	2.17134908	0.300421093	0.0956857537	0.00789805644	16.337258
1.89	0.0373902949	0.143859397	-0.0589706009	-0.0231260279	0.536016246	-1.99636458	2.09286679	0.300881693	0.0848199351	0.0164583351	18.469273
1.9	0.0396370841	0.140346859	-0.0600599618	-0.023093066	0.536170787	-1.93367046	2.01354854	0.301241884	0.0761325239	0.0155494959	18.68446
1.91	0.0420726336	0.136772644	-0.0611323758	-0.0230479181	0.536192333	-1.85184041	1.95279164	0.301559125	0.0841040361	0.00666987407	20.106694
1.92	0.0442957238	0.134011779	-0.06217341	-0.0229857938	0.536072967	-1.75294921	1.90746717	0.301929227	0.0328710151	0.00781979895	18.981775
1.93	0.0460189061	0.132342915	-0.0632078482	-0.022918818	0.53583723	-1.62572849	1.87256939	0.302361985	0.0917257822	0.0117907248	18.368562
1.94	0.0475202917	0.130426987	-0.0642228685	-0.0228541243	0.535498241	-1.48405066	1.85021863	0.302668363	0.100015855	0.0217668672	16.652759
1.95	0.0483187105	0.129482629	-0.0652121537	-0.0228048917	0.535018769	-1.32877046	1.83035246	0.302975657	0.0902405545	0.0194133826	17.587615
1.96	0.0487125696	0.128898814	-0.0661627651	-0.0227723335	0.534364118	-1.15714829	1.80320681	0.303217064	0.0893430616	0.0101840881	17.927931
1.97	0.0487176584	0.128671122	-0.0670696176	-0.0227554902	0.533472601	-0.974043549	1.77044513	0.303433497	0.0983777178	0.0117746138	18.09649
1.98	0.0485910133	0.128428733	-0.067937704	-0.0227669001	0.532360387	-0.782688172	1.73038668	0.303607607	0.106621457	0.0202620309	19.645346
1.99	0.0484446376	0.128042613	-0.0687641393	-0.0227982611	0.530985581	-0.59767947	1.68846727	0.303667319	0.0565629279	0.0115734312	19.391438
2	0.048929629	0.127608624	-0.0696036463	-0.0227501538	0.529724883	-0.534414414	1.57785345	0.303593595	0.0458553337	0.0100266015	17.051594
2.01	0.0494360331	0.127218451	-0.0705436549	-0.0227454565	0.529155399	-0.412991963	1.56789168	0.303608388	0.0325788569	0.0102654083	20.646622
2.02	0.0502711465	0.127403741	-0.0715324823	-0.0228214094	0.528812539	-0.19803204	1.55145937	0.303652448	0.0339327558	0.0214446378	19.11016
2.03	0.0508764187	0.127247784	-0.0725505418	-0.0228459985	0.528712935	-0.0933307899	1.62479387	0.303766031	0.0377088108	0.00492133733	17.721248
2.04	0.0520031243	0.126837675	-0.0735767402	-0.0229151538	0.52916748	0.0478899818	1.69374105	0.303742642	0.0354479645	0.0113196938	20.09372
2.05	0.0536628819	0.126192039	-0.074628449	-0.0230288981	0.53007786	0.205496833	1.76768379	0.303698622	0.0346326332	0.00947831912	18.713732
2.06	0.0555604079	0.125713028	-0.075704962	-0.0231824503	0.531331234	0.366989962	1.84544459	0.303686419	0.0362132662	0.00955990242	18.090363
2.07	0.0573659068	0.125648687	-0.0767825544	-0.0233666363	0.532815597	0.527331073	1.91594106	0.303714256	0.0216578236	0.0115948367	18.334527
2.08	0.0590540086	0.125792758	-0.0778474697	-0.0235829214	0.534454543	0.682597828	1.97807777	0.303756789	0.0251701961	0.00794062848	18.258853
2.09	0.0608070859	0.125342769	-0.0788682369	-0.0238198396	0.536174496	0.815883389	2.02462178	0.303751825	0.0276967829	0.0105566529	15.450348
2.1	0.0620235708	0.124978725	-0.079803081	-0.0241430085	0.537409909	1.00088906	2.10566795	0.30388423	0.0986022173	0.0117536828	18.107234
2.11	0.0628622851	0.12493731	-0.080666566	-0.0244614891	0.53836944	1.12344011	2.14659334	0.304026765	0.10143669	0.00841607466	16.825613
2.12	0.0632706965	0.125428739	-0.0814607169	-0.0247735321	0.538997476	1.19972417	2.16065272	0.304239245	0.0748766902	0.0136143832	16.710852
2.13	0.063462441	0.125987271	-0.0821854306	-0.025082547	0.539266405	1.23042814	2.1505857	0.304466408	0.103259618	0.0147441383	16.837766
2.14	0.0635536069	0.12624715	-0.0828825261	-0.025385109	0.539224493	1.22278196	2.13323844	0.304698155	0.096503118	0.00821976487	17.267294
2.15	0.0637091505	0.126051132	-0.0835446614	-0.0256683564	0.538813906	1.18169591	2.10291709	0.304978424	0.102193582	0.0283989613	17.898731
2.16	0.0639321109	0.125759405	-0.0841618833	-0.0259378459	0.538102505	1.11490522	2.06179366	0.305199134	0.0855412447	0.0102381757	18.463388
2.17	0.0639632938	0.125985525	-0.0847621935	-0.0261912461	0.537179674	1.02938901	2.0244372	0.305392083	0.0378730232	0.0214272021	18.26062
2.18	0.0637148175	0.126659411	-0.0853545912	-0.0264266947	0.536147555	0.916642019	1.98774486	0.305559306	0.0878285246	0.016552046	18.535949
2.19	0.0636543933	0.126518412	-0.085930945	-0.0266478468	0.535076595	0.793839244	1.94990135	0.305637066	0.0949717402	0.00746679466	17.48166
2.2	0.063308638	0.126720789	-0.086480974	-0.0268545765	0.533977825	0.669346123	1.91364992	0.305723483	0.0914766982	0.0160934507	17.958176
2.21	0.0630765374	0.126480951	-0.086976186	-0.0270510187	0.532819189	0.550750719	1.8709692	0.305774258	0.112914348	0.0137550508	16.56922
2.22	0.0626352649	0.1266961	-0.087441283	-0.0272388701	0.531619418	0.441887812	1.83339073	0.305861816	0.109592806	0.0104099331	17.799115
2.23	0.0619741985	0.127315735	-0.0878495586	-0.0274081621	0.530321484	0.334670287	1.78130288	0.305949439	0.0925870286	0.0198474424	17.173358
2.24	0.0611222806	0.12864091	-0.0881791273	-0.0275581622	0.528847637	0.237914962	1.70858429	0.306055317	0.0642385255	0.0170598578	17.726057
2.25	0.0598208479	0.130376749	-0.0885533376	-0.0275557663	0.527804672	0.00759920805	1.78508824	0.306478989	0.0405630124	0.0125246891	17.793499
2.26	0.0584724944	0.131428523	-0.0889946216	-0.0274277121	0.52712203	-0.257243795	1.82053209	0.306417491	0.0269962821	0.018017109	17.502026
2.27	0.0565474628	0.132270022	-0.0894836686	-0.0273238543	0.526740848	-0.368349714	1.96347329	0.306361713	0.0516276877	0.012947767	17.21402
2.28	0.0542206827	0.133155017	-0.089997449	-0.0271476419	0.526978943	-0.50587741	2.08564282	0.305758659	0.0294480688	0.00787885338	19.70327
2.29	0.0525826331	0.134366971	-0.0904973159	-0.0268953613	0.527619489	-0.645387269	2.22633144	0.305520204	0.0322372886	0.00552124058	17.06104
2.3	0.051411116	0.135882433	-0.0909895948	-0.0265718537	0.52855807	-0.782971976	2.36856233	0.30547014	0.0381006912	0.011342166	16.691559
2.31	0.050513103	0.137746212	-0.0914744426	-0.0261726775	0.529735549	-0.925306729	2.50658349	0.305505319	0.0489657617	0.0110531098	16.912018
2.32	0.0498359255	0.138757293	-0.0919102462	-0.0256987263	0.531072876	-1.0670373	2.62186772	0.305500209	0.0353514261	0.0151613129	16.910237
2.33	0.0494425174	0.139684626	-0.092264914	-0.0251555664	0.532477764	-1.19208294	2.70477399	0.30553187	0.0498768793	0.0141031834	16.140884
2.34	0.0496048768	0.14074094	-0.0925414665	-0.024538354	0.533919609	-1.28990214	2.74664161	0.305597201	0.0343712303	0.0202151144	17.565533
2.35	0.0501983199	0.141350243	-0.0927170114	-0.0238692409	0.535206345	-1.37021029	2.74889309	0.305665611	0.115097949	0.00888279744	18.57078
2.36	0.0510214684	0.141082899	-0.0928007954	-0.0231722628	0.536205818	-1.42981827	2.72108045	0.305720697	0.0977834132	0.0166411619	19.369027
2.37	0.0520101896	0.139928328	-0.0928097918	-0.0224722575	0.53692559	-1.45051168	2.66436033	0.305765923	0.0837760572	0.0175648695	16.86486
2.38	0.0529992663	0.139155915	-0.0927623082	-0.0217842811	0.537355527	-1.43856865	2.58553397	0.305820481	0.10344097	0.0129706499	18.040844
2.39	0.0539447639	0.138193752	-0.0926643525	-0.0211144585	0.537494598	-1.40368879	2.48602396	0.305778424	0.0994323419	0.00803619594	18.476596
2.4	0.0548330909	0.136788206	-0.0925381425	-0.0204785372	0.537363411	-1.35858627	2.37447155	0.305768621	0.0789277351	0.0380812784	18.535084
2.41	0.0556897577	0.134746125	-0.0924023311	-0.0198828704	0.536958001	-1.30802854	2.25244558	0.30574861	0.0778342923	0.0175090438	18.004724
2.42	0.0562467279	0.133804031	-0.0922693492	-0.0193326724	0.536313427	-1.24896013	2.12452558	0.305815469	0.0281682227	0.02446083	17.344276
2.43	0.0566524732	0.132298463	-0.0921821064	-0.0188330449	0.535497943	-1.174704	1.99221993	0.305775624	0.100734926	0.018951325	17.28447
2.44	0.0567365656	0.131118205	-0.0921602577	-0.0183775651	0.534572438	-1.10371248	1.87196377	0.305705047	0.0829644719	0.0148462127	16.560176
2.45	0.0566118183	0.130065506	-0.0921846644	-0.0179720081	0.533621895	-1.03715331	1.75641092	0.305575842	0.106157047	0.0178686893	18.269142
2.46	0.056411658	0.12919002	-0.0922537953	-0.0176158412	0.532600371	-0.976754632	1.63900014	0.305415385	0.103650342	0.0102096595	16.400653
2.47	0.0560050917	0.129080206	-0.092337402	-0.0173067039	0.531404377	-0.924458731	1.51153697	0.305254491	0.100059546	0.0153567553	17.365933
2.48	0.055773314	0.128873887	-0.0924586981	-0.0170250479	0.530048134	-0.888505545	1.38444013	0.305118165	0.112120963	0.0214888702	16.994615
2.49	0.0557366749	0.128190157	-0.0926299798	-0.0167656508	0.528509418	-0.870172838	1.26121657	0.304980893	0.0676806053	0.00837084703	18.381707
2.5	0.0550320878	0.1266644	-0.0929538877	-0.0166739369	0.527409174	-0.720606715	1.31519767	0.304937186	0.0381997621	0.0171416553	19.057956
2.51	0.0546464106	0.124587046	-0.0934811829	-0.0166701132	0.526886424	-0.545612069	1.3811834	0.304686475	0.0415996008	0.0160174526	18.413002
2.52	0.0543629585	0.123026605	-0.0941678974	-0.0167165266	0.527047421	-0.443549406	1.49526457	0.304470457	0.0306911917	0.00919212677	22.257886
2.53	0.053309044	0.12230342	-0.0949380201	-0.0167410453	0.5274005	-0.438431395	1.69907197	0.304430631	0.0364330761	0.00971828932	18.377839
2.54	0.0521341029	0.122699211	-0.0957675698	-0.0168431431	0.528211922	-0.406992735	1.88853464	0.304309134	0.0234852693	0.0143834895	18.711524
2.55	0.0514479577	0.123059641	-0.0966426758	-0.0170375471	0.529359345	-0.352734939	2.07412891	0.304178728	0.0456138642	0.0270529545	17.79713
2.56	0.0513123689	0.123562671	-0.0975237946	-0.0173166262	0.530771776	-0.281687902	2.23806838	0.304059463	0.0267894312	0.0163158728	18.579339
2.57	0.0516720602	0.124201479	-0.0983810653	-0.0176803736	0.532393098	-0.190624003	2.36422433	0.303926587	0.0304469927	0.0102009469	16.396477
2.58	0.0525811897	0.125062893	-0.0992077405	-0.0181357249	0.534187473	-0.0864321976	2.45000309	0.303778317	0.0271570869	0.0161317043	19.935218
2.59	0.0542598714	0.12577718	-0.10001142	-0.0186719591	0.536071009	0.0198883498	2.48791374	0.303674471	0.0319894222	0.0183878864	20.261334
2.6	0.0564071367	0.126278687	-0.100767197	-0.0192629268	0.537879033	0.13767608	2.47836655	0.303615795	0.0967133992	0.0151825184	17.07808
2.61	0.0586755156	0.126712268	-0.101476546	-0.0198835486	0.539464805	0.255718869	2.44732961	0.303665762	0.0942272659	0.0097992785	18.258049
2.62	0.0603232633	0.127302205	-0.102100732	-0.0205752036	0.540419353	0.443254325	2.46745855	0.303988505	0.100492786	0.0159887148	15.768254
2.63	0.0616278309	0.126583234	-0.102663077	-0.0212594434	0.541091824	0.590368727	2.47320666	0.304172816	0.0757877711	0.0117233547	18.947498
2.64	0.0626096485	0.125154545	-0.103172696	-0.0219385022	0.541475792	0.713869265	2.47562907	0.304284191	0.0930842872	0.00783009323	16.073293
2.65	0.063231939	0.122951987	-0.103643857	-0.022607686	0.54156403	0.813873739	2.4736289	0.304277342	0.0960035821	0.0209093246	16.450617
2.66	0.0643622299	0.120827663	-0.104056118	-0.0232497892	0.54130782	0.872138854	2.47278267	0.304590471	0.0826053971	0.0206241054	18.330115
2.67	0.0659361081	0.118364546	-0.104436749	-0.023855635	0.540739632	0.889493249	2.47192998	0.304876012	0.0305323657	0.01686299	18.382275
2.68	0.0679008147	0.116048469	-0.104790536	-0.024427748	0.539925349	0.870731396	2.46720297	0.305078304	0.0924637818	0.0171651588	19.426762
2.69	0.0702073859	0.113592576	-0.105101007	-0.0249612344	0.538864058	0.82124444	2.44961072	0.305264507	0.0909186741	0.0126279226	20.74159
2.7	0.0725784592	0.111249748	-0.105347154	-0.0254502302	0.537586567	0.742705823	2.40493794	0.305414468	0.0765737767	0.0104017961	21.466878
2.71	0.0746311678	0.109634905	-0.105524459	-0.0258895612	0.536080502	0.639582524	2.32977991	0.305558559	0.0899809297	0.0131362165	18.830304
2.72	0.0760844772	0.108677497	-0.105616299	-0.0262804255	0.53432836	0.515945934	2.21516869	0.305666108	0.107603291	0.00908943728	19.978483
2.73	0.0765733222	0.108875811	-0.105592998	-0.0266445411	0.53233492	0.380290898	2.05681905	0.305803767	0.098400259	0.0222434734	19.831339
2.74	0.0760564411	0.109958429	-0.105467163	-0.0269804143	0.530114772	0.245552551	1.85757668	0.305878791	0.0549039076	0.0156565242	20.20938
2.75	0.0750944119	0.112111258	-0.105360723	-0.0273930972	0.528122466	0.268844994	1.58300737	0.305855211	0.0330938421	0.0188151516	19.96934
2.76	0.0730784192	0.115632833	-0.105434756	-0.0277342366	0.527014109	0.183969487	1.46080363	0.306010039	0.0778702003	0.0279758607	18.931409
2.77	0.0704259077	0.11879763	-0.105606611	-0.0280900228	0.526196206	0.134940534	1.47530303	0.306297148	0.025840306	0.012185043	20.411555
2.78	0.0675473939	0.121774331	-0.10588488	-0.0283011992	0.525892844	-0.061531066	1.46507602	0.306149186	0.037689957	0.0178668047	19.346761
2.79	0.0649723971	0.124545238	-0.106258789	-0.0284224441	0.526209805	-0.246789255	1.49477323	0.30603202	0.0337301697	0.0119446364	19.565728
2.8	0.0629212136	0.127752039	-0.106723408	-0.0284840865	0.5269997	-0.407189818	1.56130846	0.306026444	0.0589114709	0.0161757539	19.51765
2.81	0.0615870326	0.129961095	-0.107321416	-0.0284771695	0.5282477	-0.564225508	1.6498763	0.30598007	0.0790497744	0.010316742	19.045013
2.82	0.0611416698	0.131235344	-0.108040863	-0.0283886993	0.529853805	-0.721732385	1.75111828	0.305959783	0.0257222305	0.0136870351	19.663462
2.83	0.0615422712	0.132107311	-0.108864512	-0.0282243249	0.531715909	-0.862877205	1.84364268	0.305976657	0.0369314627	0.00986592806	19.288687
2.84	0.0624045644	0.133529585	-0.109777669	-0.027989585	0.533754793	-0.988937223	1.92579183	0.306042993	0.0267391709	0.0227646632	18.841251
2.85	0.062946179	0.134926558	-0.110660323	-0.0276280594	0.535391591	-1.17509161	2.04877361	0.306196521	0.115831099	0.0142500726	18.71742
2.86	0.0633880627	0.135817993	-0.111537551	-0.0272628753	0.536968372	-1.27980917	2.14846769	0.306196419	0.0979964852	0.0114947093	17.482531
2.87	0.0638247579	0.136604044	-0.112389103	-0.0268928358	0.538351321	-1.32812731	2.24219765	0.306198823	0.0857504155	0.0139983805	17.089551
2.88	0.0641747462	0.136801682	-0.113177977	-0.0265248599	0.539470225	-1.33412089	2.31941022	0.306157986	0.0894532293	0.0104344951	18.081917
2.89	0.0645978676	0.136204637	-0.113893541	-0.0261535039	0.54028208	-1.31409538	2.38339536	0.306128111	0.0972472531	0.0182015384	19.267778
2.9	0.0650895268	0.135707186	-0.114543132	-0.0257875219	0.540749976	-1.27578083	2.43874349	0.306169484	0.0918497423	0.0160924874	17.386674
2.91	0.0656218389	0.135221877	-0.115164723	-0.0254255247	0.540923343	-1.24651113	2.50360497	0.306262177	0.0646082619	0.0230242757	18.760989
2.92	0.0661151744	0.133701326	-0.115760894	-0.0250803328	0.540821736	-1.21049078	2.5628854	0.30623708	0.0315188919	0.0114576174	18.708375
2.93	0.0668966004	0.131335363	-0.116346254	-0.0247602274	0.540491971	-1.15602951	2.62106222	0.306179714	0.11154985	0.0171589734	16.291245
2.94	0.068143947	0.128046336	-0.116924382	-0.0244637677	0.539947872	-1.10071092	2.68313721	0.306119197	0.0971636989	0.0128732403	17.943191
2.95	0.0696721133	0.124781774	-0.117468537	-0.0241784398	0.539176308	-1.0527045	2.74611868	0.306093368	0.0969086391	0.00614537702	18.94061
2.96	0.0713487343	0.121663673	-0.117959177	-0.0239081404	0.538148338	-1.00718938	2.79399269	0.306057296	0.0984857571	0.0160233753	17.490734
2.97	0.073239643	0.118935523	-0.118380895	-0.0236475757	0.536793429	-0.961044594	2.82398082	0.306054191	0.107457874	0.0193545631	16.776947
2.98	0.0750649734	0.116373178	-0.118729866	-0.0234034361	0.535123639	-0.904164672	2.82212056	0.306002166	0.109228363	0.00535354846	19.654705
2.99	0.0763194641	0.11446976	-0.119004777	-0.0231831479	0.533161494	-0.837615312	2.7936505	0.306001788	0.0584468984	0.0171070857	18.229939
3	0.0768632293	0.113478496	-0.119163678	-0.0229902497	0.53088569	-0.755107532	2.71798162	0.30596453	0.0647456248	0.0138971714	22.609004
3.01	0.0767769263	0.113129952	-0.119386918	-0.0228247821	0.529365575	-0.69362339	2.6861275	0.306146984	0.0368523511	0.0198041268	20.259024
3.02	0.0757344672	0.113936566	-0.119606344	-0.0227103335	0.528373448	-0.606267069	2.65782756	0.306434157	0.0429555249	0.0133468839	19.693305
3.03	0.0741419116	0.114887086	-0.119854992	-0.0226139033	0.52729121	-0.519870012	2.68082685	0.306942088	0.0300188424	0.0127562895	18.555237
3.04	0.0722352064	0.116288151	-0.120215353	-0.0226006478	0.52698605	-0.391564831	2.73236538	0.307259662	0.0751499259	0.0214964258	17.847175
3.05	0.0700386799	0.118160653	-0.12063748	-0.022662104	0.527289164	-0.246649573	2.80952854	0.307484485	0.0601425466	0.0170795548	16.936735
3.06	0.0675875786	0.120745112	-0.121093702	-0.0228095888	0.528088314	-0.0894351521	2.88669171	0.307485078	0.0421204664	0.01208266	19.899936
3.07	0.0651833942	0.123720428	-0.121556058	-0.0230182624	0.529343515	0.0465087934	2.93234731	0.307272028	0.0582083196	0.0164815698	19.569222
3.08	0.0632081916	0.126422638	-0.122020515	-0.023307503	0.530892338	0.175188908	2.9426182	0.306817949	0.0532938707	0.0187361442	16.409443
3.09	0.0613903776	0.129119418	-0.122472008	-0.0236877786	0.532634798	0.307705822	2.90216133	0.305879738	0.0580112286	0.0207077801	17.55248
3.1	0.0598003874	0.13138545	-0.122871482	-0.0241350368	0.534316032	0.437244611	2.80510583	0.304567093	0.121986867	0.0177523424	15.939524
3.11	0.0598933986	0.134382332	-0.123170492	-0.0247043145	0.535411707	0.618935875	2.7744569	0.304306691	0.0912607619	0.0199903087	18.60249
3.12	0.0609896351	0.13625376	-0.123375079	-0.0252925996	0.536203201	0.727489278	2.72352154	0.304301016	0.0926167325	0.0105032859	19.292995
3.13	0.062501149	0.137322205	-0.123506161	-0.0258920804	0.536629969	0.78961697	2.67114427	0.304474433	0.0863266884	0.0102892812	17.343791
3.14	0.0639573925	0.137917474	-0.123575736	-0.0264924841	0.536677386	0.81675287	2.62195057	0.304732544	0.0882886725	0.0168836931	16.812894
3.15	0.0652356263	0.137217703	-0.123599976	-0.0270828286	0.53635805	0.809674282	2.56577409	0.304934352	0.0791452266	0.00733933116	18.800883
3.16	0.0665022533	0.135461893	-0.1235761	-0.027656957	0.535666566	0.769718496	2.50362484	0.305113197	0.0687871704	0.00820637892	19.040982
3.17	0.0678903165	0.133275018	-0.123522185	-0.0282046438	0.534668468	0.694839747	2.44125078	0.305299131	0.0265299001	0.00945472474	18.761991
3.18	0.0691810157	0.130669841	-0.123459079	-0.0287212551	0.533426745	0.596038875	2.38934091	0.305450152	0.0962443959	0.0167759852	20.077327
3.19	0.0702981729	0.128153443	-0.123393761	-0.0292041492	0.532008685	0.473345181	2.34707928	0.305594898	0.117406576	0.0065506702	16.066323
3.2	0.0712466479	0.125424661	-0.123323428	-0.0296575378	0.530424918	0.332081913	2.31055734	0.305690159	0.0915439378	0.010778009	18.551369
3.21	0.071902538	0.123708138	-0.123251691	-0.030083289	0.528656467	0.175781283	2.28572276	0.305866394	0.107199713	0.0136116491	17.57093
3.22	0.0721621585	0.122513801	-0.123159246	-0.0304868787	0.526681126	0.0173172444	2.26467215	0.306098904	0.111205877	0.0101724946	17.438881
3.23	0.0717521144	0.122046028	-0.123068557	-0.0308667423	0.524574794	-0.13219879	2.26309448	0.306444882	0.135371213	0.0129776596	16.982711
3.24	0.0707842152	0.122202378	-0.123129844	-0.0314008653	0.52289656	-0.119069476	2.18357456	0.306259009	0.0634216404	0.0106700239	18.070015
3.25	0.0692482627	0.123072099	-0.123376527	-0.0318968269	0.522236465	-0.160219418	2.22555362	0.306270919	0.0344303986	0.0100759427	18.733626
3.26	0.0673290012	0.123966157	-0.123753371	-0.0324124479	0.521806784	-0.202743298	2.34092199	0.306487145	0.0342622134	0.00927335095	17.675142
3.27	0.065077888	0.12492807	-0.124231159	-0.0328837763	0.522082343	-0.272413602	2.46755093	0.306415521	0.0498613354	0.0170327613	17.346787
3.28	0.0625301556	0.125978949	-0.124791927	-0.0333149512	0.522909602	-0.357070223	2.59690859	0.306000663	0.0324345368	0.00833751811	17.816531
3.29	0.0604544905	0.126868928	-0.125395437	-0.0337223866	0.524119183	-0.445700766	2.72240815	0.305717034	0.031164589	0.0204722201	17.279183
3.3	0.059072601	0.127798754	-0.126030746	-0.0340906465	0.525598126	-0.548531712	2.82927194	0.305585044	0.0304037494	0.0172469476	17.518781
3.31	0.0587502571	0.128975047	-0.126713471	-0.0344110815	0.527292308	-0.674329927	2.91237954	0.305618571	0.060177291	0.0150356266	18.527966
3.32	0.0591936455	0.129804355	-0.127445045	-0.0346815512	0.529123812	-0.827111982	2.97382924	0.305709371	0.045279303	0.0163497057	18.53609
3.33	0.0601618142	0.129622491	-0.128221946	-0.0348931727	0.531060122	-1.00696349	3.0108263	0.305755924	0.0260495682	0.0174484761	18.117858
3.34	0.061280773	0.127933462	-0.128993867	-0.0349482365	0.532708846	-1.29302222	3.06938373	0.305840725	0.0247941208	0.0226237697	16.264941
3.35	0.0629303597	0.125089701	-0.129798516	-0.0349459715	0.53430847	-1.52692843	3.09942673	0.305877559	0.0856165327	0.020144505	16.694382
3.36	0.0650131041	0.121738141	-0.130601448	-0.0349147987	0.535684556	-1.71043484	3.12002557	0.305960574	0.0906485523	0.0133219848	18.572004
3.37	0.0674318888	0.117455012	-0.131352439	-0.0348662269	0.536724891	-1.83812619	3.1229117	0.305988376	0.102795597	0.0287706521	20.255676
3.38	0.0699716707	0.114046803	-0.13203472	-0.0348003964	0.537409574	-1.91817361	3.11755284	0.306093755	0.0804229333	0.00677084768	19.586047
3.39	0.0724495341	0.111075278	-0.132646247	-0.0347233904	0.537741092	-1.95616549	3.10069555	0.306170534	0.0885396039	0.00884817538	17.346559
3.4	0.0745366779	0.108498578	-0.133172553	-0.034636774	0.537669012	-1.96157171	3.07099035	0.306198779	0.0744813358	0.0166065171	16.161673
3.41	0.0763853718	0.106226331	-0.133629801	-0.0345450693	0.537197376	-1.92202559	3.0220582	0.30619362	0.0764431534	0.0105253792	17.523875
3.42	0.0780266828	0.104044855	-0.13405187	-0.0344474006	0.536358188	-1.84215246	2.96941822	0.306176375	0.0455854846	0.0158277408	17.573972
3.43	0.0791274302	0.102403102	-0.134431933	-0.0343473058	0.535219889	-1.73233982	2.91990579	0.306186514	0.0933356288	0.0155918527	19.569411
3.44	0.07977402	0.100886382	-0.134784726	-0.0342343854	0.533853036	-1.6055717	2.89014429	0.306303251	0.0849435491	0.013055888	16.959494
3.45	0.0798739815	0.0999124409	-0.13511371	-0.0341130506	0.532319611	-1.46250444	2.87865443	0.306539217	0.0960880709	0.0129781104	17.06988
3.46	0.0794911736	0.099070459	-0.135434363	-0.0339851997	0.53057912	-1.29613487	2.86955862	0.306598914	0.0939269427	0.0171962024	18.097685
3.47	0.0790717526	0.0977961037	-0.135742762	-0.0338644629	0.528686885	-1.10214791	2.86415963	0.306492866	0.0977146657	0.019005377	18.772907
3.48	0.0782783991	0.0969924921	-0.13603718	-0.0337384189	0.526635344	-0.897305916	2.87156769	0.306468286	0.129804141	0.0147602572	20.967131
3.49	0.0765125496	0.0977395202	-0.136423787	-0.0334878158	0.524993406	-0.81738204	2.80433654	0.306056996	0.069340415	0.0292238559	18.685494
3.5	0.0736999924	0.100373874	-0.136870525	-0.0331076502	0.523631336	-0.833715677	2.66348878	0.305453345	0.0569501033	0.032476589	17.470774
3.51	0.0701222541	0.103474692	-0.137440504	-0.0326391501	0.522801083	-0.885588248	2.70425209	0.305334947	0.0405274136	0.0186325419	17.886147
3.52	0.0671921267	0.10625666	-0.138059221	-0.0322395423	0.522416799	-0.766480012	2.70871833	0.30509027	0.0385790958	0.0131998297	18.5933
3.53	0.0649518863	0.108821709	-0.138718172	-0.0318619034	0.522682463	-0.661149645	2.74450965	0.304913181	0.0288304825	0.0129418419	17.963575
3.54	0.0635682864	0.111678728	-0.139438233	-0.0315105224	0.523445414	-0.547719917	2.81504614	0.304852151	0.0265357997	0.0267884305	18.200607
3.55	0.0632984038	0.113506753	-0.140190609	-0.031198792	0.524626034	-0.420518757	2.88838433	0.304724522	0.03518314	0.0204751697	16.470438
3.56	0.0639103325	0.114227766	-0.140960031	-0.0309259988	0.526167197	-0.281748422	2.96450503	0.304548023	0.0270017103	0.0150044834	18.82633
3.57	0.0650598523	0.114950333	-0.14171686	-0.0306827205	0.527978465	-0.128049154	3.03382537	0.30442501	0.0198712589	0.0164549504	18.690053
3.58	0.0665830712	0.114692156	-0.14245542	-0.030467571	0.529996438	0.0329441772	3.08948676	0.304257583	0.0371819766	0.0173119686	18.311324
3.59	0.0681296151	0.113544934	-0.143105147	-0.0303770784	0.531780547	0.281773196	3.16896661	0.304147005	0.0489746495	0.0259404872	18.414321
3.6	0.0700367595	0.112703876	-0.143677692	-0.0303109206	0.53360089	0.511472571	3.22178877	0.304087243	0.157716114	0.0150394579	16.256786
3.61	0.0721386456	0.112292692	-0.144152019	-0.0302665443	0.535309045	0.722475831	3.25876789	0.304099189	0.105680271	0.0082929549	20.15504
3.62	0.0740851359	0.111997436	-0.144537032	-0.0302359161	0.536790597	0.900090575	3.29649102	0.304150166	0.0930958854	0.00455567525	17.637264
3.63	0.0756780823	0.112786716	-0.144833132	-0.0302101345	0.538054216	1.0226155	3.3212754	0.304225509	0.123370338	0.0253542589	17.590874
3.64	0.0770675193	0.112996996	-0.145034141	-0.0301908069	0.539042965	1.10664605	3.32332696	0.30418868	0.0959109162	0.00833765825	16.232331
3.65	0.0783287134	0.112579391	-0.145145486	-0.0301804782	0.539735777	1.1596589	3.30530197	0.30411293	0.0961529111	0.00678463677	21.889541
3.66	0.0793208767	0.112581089	-0.145192274	-0.0301759394	0.540089209	1.18654753	3.2818317	0.30413629	0.0772024038	0.013559053	18.873901
3.67	0.0799909952	0.112972683	-0.145200388	-0.0301984549	0.540148499	1.20638587	3.27087472	0.304189821	0.0381171502	0.0220852597	20.638922
3.68	0.0801190111	0.114056512	-0.145190438	-0.0302354619	0.539980992	1.21895411	3.27723798	0.304276483	0.0868802289	0.0231712428	18.535859
3.69	0.0799687308	0.114371646	-0.14515499	-0.0302822044	0.539640338	1.21752878	3.28587639	0.304231784	0.0776464572	0.00908280729	20.655376
3.7	0.0795156016	0.114715642	-0.145099271	-0.0303132558	0.539134132	1.18198698	3.29560943	0.304314685	0.112041237	0.030936878	19.249837
3.71	0.0787204282	0.114729164	-0.145047925	-0.0303354413	0.538456328	1.11946453	3.31164106	0.304399208	0.0893437752	0.010205918	17.584599
3.72	0.0775711041	0.115281301	-0.145016633	-0.0303434244	0.537562322	1.0263662	3.34881728	0.304729934	0.100917739	0.0160038647	18.656842
3.73	0.0759283475	0.116523847	-0.145018219	-0.0303284727	0.536468084	0.901221742	3.41058971	0.305264531	0.0920395641	0.0116663336	19.89548
3.74	0.073723713	0.118759399	-0.145063897	-0.0302888675	0.535114514	0.740123445	3.48843422	0.305846622	0.0856942816	0.023118662	18.334324
3.75	0.0709550769	0.12042668	-0.145159116	-0.030205644	0.533534798	0.537318495	3.55478885	0.306089499	0.0533936275	0.0263154657	18.605489
3.76	0.0680405706	0.120876009	-0.145411412	-0.0301820018	0.532182655	0.485200062	3.54519272	0.305570399	0.0665803744	0.0315570719	18.029029
3.77	0.0652384255	0.120702321	-0.145754715	-0.0302158249	0.530974372	0.504208251	3.46132839	0.304704519	0.0343709872	0.0169020099	18.064109
3.78	0.0633910164	0.12080088	-0.146157602	-0.0303169079	0.529878231	0.590321744	3.46454774	0.304637196	0.0574199692	0.012324361	20.278344
3.79	0.0628610114	0.121210834	-0.146644183	-0.0303489102	0.52900525	0.533865821	3.4012314	0.304792949	0.0387374921	0.0107700066	17.709964
3.8	0.0631967948	0.120843794	-0.147248294	-0.0303536209	0.528632515	0.467283461	3.35466379	0.305002238	0.0279032691	0.0123940866	16.281272
3.81	0.0643443977	0.120633887	-0.14795482	-0.0303209609	0.528646073	0.377531447	3.32792344	0.305313063	0.0365352721	0.0171751187	16.967577
3.82	0.0660470429	0.120424285	-0.14873584	-0.0302316138	0.528998473	0.262314969	3.30570579	0.305572913	0.0560389046	0.0122532721	17.254272
3.83	0.0682168035	0.119551284	-0.149611285	-0.030075765	0.529681482	0.116901739	3.28667897	0.305688689	0.0361447216	0.0190161435	17.269481
3.84	0.0709085508	0.11831574	-0.150562376	-0.0298617671	0.530640401	-0.0496310915	3.26588823	0.305746251	0.0212297232	0.0125639919	18.775831
3.85	0.074021855	0.117497438	-0.151539036	-0.0295851987	0.531604214	-0.243208745	3.23792696	0.30586105	0.0931242682	0.00687602328	18.552232
3.86	0.0773010982	0.115852689	-0.152494946	-0.0292743158	0.532377327	-0.43903423	3.19095968	0.305889692	0.102269964	0.0176615824	17.620345
3.87	0.0804091845	0.114129761	-0.153411029	-0.0289634901	0.532915251	-0.606223703	3.13712265	0.305943701	0.104777268	0.00819196787	18.56979
3.88	0.0832782506	0.11260398	-0.15428341	-0.0286565044	0.533237138	-0.746611658	3.07920603	0.306034546	0.0763459008	0.00617784675	16.54094
3.89	0.085643031	0.111043164	-0.155096088	-0.0283603601	0.533349391	-0.856575619	3.0059492	0.306069785	0.0925952489	0.012720956	16.392221
3.9	0.0873600323	0.109811785	-0.155820357	-0.0280780168	0.533253424	-0.929849684	2.91094714	0.306080926	0.0973129891	0.0106398716	19.03043
3.91	0.0885807448	0.108414351	-0.156477062	-0.0278165751	0.532950235	-0.975848657	2.80560097	0.306093132	0.0798233519	0.0252052902	18.944246
3.92	0.0894611801	0.106296729	-0.157076637	-0.0275600841	0.532370236	-1.01551559	2.70979445	0.306097412	0.0678174054	0.0187699684	19.565459
3.93	0.0901333714	0.103895192	-0.157634996	-0.0272966003	0.531522099	-1.03973918	2.6276851	0.306126512	0.0883882165	0.0130619489	20.468896
3.94	0.0907900567	0.101142133	-0.15817015	-0.0270099812	0.530465149	-1.05789497	2.56478227	0.306142985	0.100427925	0.0174377154	20.764995
3.95	0.091472739	0.098652885	-0.158677425	-0.0267170683	0.529160814	-1.04751569	2.50587545	0.306182342	0.111136121	0.0149445817	18.497358
3.96	0.0918916161	0.0965193235	-0.15915003	-0.0264195995	0.527643007	-1.01375702	2.45277668	0.306184766	0.0810312114	0.0177568173	20.584421
3.97	0.0921375039	0.094745512	-0.159606326	-0.0261053807	0.525890118	-0.944999193	2.39183706	0.306165889	0.11155405	0.0282447182	18.032443
3.98	0.0924215798	0.0932251562	-0.160040689	-0.0257758366	0.523869882	-0.847490258	2.32458092	0.30609846	0.0919754104	0.0268793644	17.393025
3.99	0.0925843919	0.0918084302	-0.16054445	-0.0254775742	0.52270362	-0.716827199	2.34525608	0.305962358	0.0605017097	0.0138825185	19.352935
4	0.0931318878	0.0895740718	-0.16106183	-0.0252075471	0.522285058	-0.559449343	2.43155813	0.305726587	0.0713811868	0.0237270208	17.450383
4.01	0.0934062553	0.0877522687	-0.161556113	-0.0249575928	0.52189202	-0.378149879	2.58247531	0.305655133	0.0379566731	0.0092280983	18.134147
4.02	0.0931319717	0.0871189292	-0.161981759	-0.0247538137	0.522128174	-0.199431587	2.74070458	0.305542799	0.040357805	0.0141406697	17.014768
4.03	0.0923281465	0.087264691	-0.16232294	-0.024604601	0.522916995	-0.0266014646	2.91107831	0.30540328	0.0507870736	0.0134464795	18.142278
4.04	0.0909249706	0.0881001099	-0.162571905	-0.0245206602	0.524199941	0.141160865	3.07215711	0.305225425	0.0431259068	0.0176313119	17.902938
4.05	0.0890000294	0.0899861685	-0.162711517	-0.0244988186	0.525827214	0.295730132	3.2041876	0.305073497	0.0410301291	0.0116257181	16.80771
4.06	0.0871315857	0.092399196	-0.162790992	-0.0245469057	0.527713205	0.441182741	3.31589158	0.30496265	0.0406212754	0.0137507676	17.949233
4.07	0.08574175	0.0948827321	-0.162825902	-0.0246669873	0.529721589	0.573755174	3.40136264	0.304881463	0.0383968519	0.00831837646	17.321831
4.08	0.0846704192	0.0970684793	-0.162811267	-0.0249302199	0.531536339	0.778145234	3.50375606	0.304867349	0.0240988317	0.00663251838	16.061549
4.09	0.0845308756	0.0988499559	-0.162737718	-0.0252886571	0.533382148	0.931042084	3.54188397	0.304767986	0.0325010342	0.0172149002	17.721547
4.1	0.0852510791	0.100075793	-0.162589835	-0.0257201157	0.535072214	1.06030505	3.53983081	0.304687411	0.10466407	0.0133011662	18.799945
4.11	0.0863432005	0.101174325	-0.162321179	-0.0262055931	0.536475814	1.14286434	3.49729461	0.304645689	0.103653047	0.0188086887	18.003753
4.12	0.0874761246	0.102235909	-0.16194091	-0.0267158324	0.53748607	1.17121822	3.43665542	0.304651034	0.103510816	0.0115395759	16.630941
4.13	0.0884382999	0.102811378	-0.161462069	-0.027248997	0.538107766	1.16101306	3.36873568	0.304612196	0.0827946735	0.0131461586	17.39823
4.14	0.0891450064	0.102661274	-0.160902639	-0.0277979344	0.538381018	1.13637143	3.30479113	0.304506834	0.0890502817	0.0159440709	17.970731
4.15	0.0894219577	0.103041291	-0.160282402	-0.0283491027	0.538319655	1.09687154	3.25435815	0.30449197	0.0762024628	0.0114601864	19.020642
4.16	0.0893260816	0.103463554	-0.159610582	-0.0288981349	0.537955999	1.052817	3.21028649	0.304470055	0.106232297	0.00692887829	18.998516
4.17	0.089022276	0.104002507	-0.158920558	-0.0294388679	0.537363052	0.993020316	3.17430464	0.304452669	0.0325378911	0.0183286961	18.000359
4.18	0.0883821229	0.105107264	-0.158253173	-0.0299438919	0.536568314	0.91531468	3.15814953	0.30454312	0.0889708227	0.0279986796	19.706758
4.19	0.087657315	0.10579863	-0.157612123	-0.0304122781	0.535556006	0.820536678	3.15768705	0.304664194	0.082654817	0.00637968176	18.046265
4.2	0.0867098111	0.106656706	-0.157025554	-0.0308392081	0.534361601	0.711700901	3.1833222	0.304848516	0.0735593892	0.0151054404	18.227023
4.21	0.0856536327	0.106929814	-0.156481239	-0.0312120281	0.533017534	0.595423102	3.22700819	0.305064568	0.0859271813	0.0152552029	17.982761
4.22	0.0842429696	0.10749166	-0.155940451	-0.031522587	0.531429174	0.464296998	3.26523945	0.305274536	0.104638223	0.015483915	18.852742
4.23	0.0825969265	0.10819751	-0.155379001	-0.0317503637	0.529630166	0.314760294	3.29665664	0.305709928	0.089869159	0.0220860524	18.984931
4.24	0.0809169696	0.107801107	-0.154836723	-0.0318945997	0.527669546	0.151463737	3.32841716	0.306178093	0.0673479962	0.0192440483	20.444163
4.25	0.0791773555	0.107140952	-0.154410522	-0.0320673431	0.526020091	0.0843159854	3.28358333	0.306150508	0.0487966258	0.0064320847	19.76498
4.26	0.0774615289	0.106628078	-0.154078218	-0.0322744448	0.52466435	0.100857271	3.18543469	0.3059952	0.0288805835	0.0206742434	19.755376
4.27	0.0752440428	0.107488629	-0.153841185	-0.0325472539	0.523475479	0.18949861	3.22229643	0.306411109	0.0393089978	0.0141090155	18.866504
4.28	0.0728824474	0.109140641	-0.153748552	-0.0327007267	0.522661245	0.123969673	3.19075307	0.306560306	0.0444343647	0.00700107838	18.228419
4.29	0.0704479595	0.111464707	-0.1538007	-0.0327858652	0.522537059	0.0749030246	3.18699834	0.306681517	0.0264110407	0.0254436529	19.536865
4.3	0.068342998	0.113462355	-0.153970413	-0.032814816	0.522954708	0.0225283189	3.18118588	0.306661528	0.034166264	0.0127347996	18.046031
4.31	0.0665460448	0.115503326	-0.154263783	-0.0327909607	0.523840699	-0.0276084792	3.16915345	0.306414469	0.0129216182	0.0102596824	19.629144
4.32	0.0652563134	0.117619499	-0.154684774	-0.0327315366	0.525101762	-0.0686380741	3.15081811	0.305968224	0.042624567	0.0115258584	19.073518
4.33	0.0646516971	0.119972159	-0.155243605	-0.0326422666	0.526695889	-0.102089384	3.14123998	0.305417181	0.0215237082	0.0127111512	18.025411
4.34	0.0658294469	0.122283683	-0.155908718	-0.0325251596	0.528489635	-0.132764374	3.15678854	0.305378487	0.0180084835	0.0111968886	17.924776
4.35	0.0675148195	0.123789237	-0.156604159	-0.0322977989	0.529943936	-0.222180601	3.20649879	0.305584526	0.101266916	0.0103868696	20.963682
4.36	0.0696169187	0.12406605	-0.15733985	-0.0320694292	0.531203469	-0.287474082	3.22290882	0.305735656	0.101075843	0.00644447419	16.29689
4.37	0.0717076957	0.122603321	-0.158085986	-0.0318573486	0.532072347	-0.338927733	3.20214676	0.305775595	0.112624653	0.0317999764	19.399148
4.38	0.0736986518	0.119897334	-0.158830936	-0.0316807806	0.532418131	-0.385209066	3.17226644	0.305841074	0.111188832	0.0158621513	17.513829
4.39	0.075556291	0.116966716	-0.159583407	-0.0315386852	0.532323696	-0.428562036	3.15427006	0.305974422	0.105872081	0.0141466183	16.336085
4.4	0.0772315062	0.114652308	-0.160320523	-0.03143313	0.53181299	-0.48413479	3.14655691	0.306172537	0.0735691373	0.0118497219	16.343472
4.41	0.0785357791	0.111899766	-0.161039343	-0.0313445539	0.531029084	-0.563293374	3.14711996	0.306229482	0.109742	0.0242476871	17.737527
4.42	0.0796314912	0.109261032	-0.16175433	-0.0312875674	0.530024731	-0.647019825	3.15780618	0.306254391	0.0302875291	0.0159850816	17.219441
4.43	0.0802607451	0.106524832	-0.162449218	-0.0312687826	0.528856908	-0.737918491	3.17942121	0.306225825	0.0899063527	0.019166351	17.660659
4.44	0.0803387766	0.104608717	-0.16312499	-0.0313018898	0.5275107	-0.806469396	3.20666192	0.306240921	0.0864284895	0.0163509006	17.466234
4.45	0.0798708782	0.103213605	-0.163786038	-0.0313877453	0.526009818	-0.844579788	3.23581716	0.306255845	0.0850334832	0.0149066074	16.524751
4.46	0.0788827912	0.102440062	-0.164464445	-0.0315225259	0.524405588	-0.855401488	3.27311597	0.306272664	0.0891537643	0.0139446561	18.121731
4.47	0.077599981	0.101103144	-0.165126786	-0.0317178174	0.522673644	-0.823285283	3.28609191	0.30614435	0.0746807221	0.0153408137	18.230224
4.48	0.0760171651	0.100808071	-0.165770486	-0.0319827483	0.520807288	-0.750472182	3.27884497	0.306076255	0.1058543	0.0238586907	17.414079
4.49	0.0744356189	0.10078993	-0.166383897	-0.032311095	0.518823576	-0.650556918	3.25321096	0.305963914	0.0668042051	0.0203694536	19.646045
4.5	0.0734193734	0.101345351	-0.167012079	-0.0325455994	0.517181746	-0.661279814	3.14421026	0.305692097	0.0499971845	0.0168376813	19.349839
4.51	0.0720369867	0.102246875	-0.167728737	-0.0326658004	0.516039344	-0.730949423	3.18291446	0.30563299	0.0381235294	0.0210760305	19.619395
4.52	0.070879177	0.103777239	-0.168465357	-0.0328404576	0.515364454	-0.649150257	3.1481707	0.305314668	0.0654375533	0.0309267911	18.041769
4.53	0.0698579314	0.106085622	-0.16920369	-0.0330103328	0.515439886	-0.575547568	3.12980427	0.304957797	0.0450098027	0.0180629528	19.312052
4.54	0.0693790249	0.108144455	-0.16992417	-0.0331626514	0.516165728	-0.497363903	3.12143883	0.304581207	0.0489906423	0.0269625662	16.699682
4.55	0.0698591588	0.110451982	-0.170643829	-0.0333240529	0.517365142	-0.40060172	3.10884066	0.304320961	0.0626979888	0.0181613532	19.939182
4.56	0.0712626645	0.113177515	-0.171357792	-0.0335034961	0.519081409	-0.263269104	3.11127958	0.304214309	0.0764142583	0.0282182643	22.091661
4.57	0.0731090767	0.114831696	-0.172078601	-0.0337093245	0.521241318	-0.0902997547	3.11738111	0.304061182	0.0436653125	0.0100800008	19.781512
4.58	0.0755415383	0.116099647	-0.172787651	-0.0339644	0.523702027	0.10905778	3.11394076	0.303974994	0.0597058155	0.0234297432	20.461349
4.59	0.0780551337	0.117349828	-0.173417519	-0.0343572697	0.526045529	0.407412807	3.14823601	0.304037816	0.0785333482	0.0146150309	23.138011
4.6	0.0807534971	0.117010889	-0.174000088	-0.0348031669	0.528408892	0.67414459	3.1457663	0.303950141	0.100560169	0.0196971883	20.623814
4.61	0.0836088418	0.11571619	-0.174473598	-0.0352905047	0.530565943	0.938071504	3.12429121	0.303883706	0.0949217323	0.00954888787	20.462809
4.62	0.0862775805	0.113521437	-0.174853182	-0.0358097026	0.532378535	1.17233391	3.11533913	0.30389499	0.104707923	0.0144874151	18.913971
4.63	0.0889039631	0.111290914	-0.175145058	-0.0363652875	0.533844997	1.37536628	3.10216623	0.303973842	0.0955891955	0.012800196	18.445341
4.64	0.0912309151	0.109621473	-0.175348806	-0.0369530744	0.53489352	1.52765869	3.09477805	0.304150384	0.103151145	0.00670506107	18.345882
4.65	0.0932328076	0.108063113	-0.175491219	-0.0375657986	0.535541355	1.62371121	3.09640096	0.304425829	0.0780717403	0.0125871961	17.985018
4.66	0.0949655053	0.106209739	-0.175591909	-0.0382001899	0.535726099	1.66512797	3.10319261	0.304876225	0.100306094	0.0190391688	17.255783
4.67	0.0961825635	0.104275566	-0.175661358	-0.0388595711	0.535493701	1.65689456	3.10767519	0.305237543	0.0350208502	0.0137370498	16.177424
4.68	0.0971690548	0.102273811	-0.175683334	-0.0395414465	0.53486247	1.58478033	3.10008589	0.305609408	0.095140606	0.0147762418	18.111893
4.69	0.0976124564	0.100732382	-0.175666745	-0.0402581638	0.533894811	1.46415933	3.08772322	0.30585135	0.0870889083	0.0112777428	18.774704
4.7	0.0976086476	0.0990628174	-0.175610721	-0.0410035753	0.532604682	1.30672919	3.07538739	0.305970306	0.133927753	0.0228750814	18.635011
4.71	0.0976193071	0.0972825151	-0.17554186	-0.0417743193	0.531008467	1.14405715	3.09533306	0.306290779	0.127904442	0.0342154748	16.884966
4.72	0.0973578758	0.0959250413	-0.175455023	-0.0425594182	0.529155109	0.949333185	3.13128201	0.306613011	0.0940325088	0.0133924754	18.759334
4.73	0.0974638177	0.0931807113	-0.175357918	-0.0433606503	0.5270427	0.732940915	3.18969249	0.306956972	0.105656579	0.0277034727	17.187573
4.74	0.0976914688	0.0902687354	-0.175424235	-0.0442791969	0.525176242	0.692184752	3.20528941	0.306852854	0.0825263429	0.0100528161	18.38538
4.75	0.0979388811	0.0874580248	-0.175553126	-0.0453211266	0.523445876	0.73809437	3.15851074	0.306405217	0.0395915817	0.0113147039	17.919433
4.76	0.097394348	0.086090098	-0.175798046	-0.0463297117	0.522508875	0.691476456	3.24321771	0.306312736	0.0554768463	0.0131111874	19.040922
4.77	0.0964966059	0.0848751727	-0.176135569	-0.0472527378	0.521995902	0.533974141	3.32155022	0.306087419	0.048799341	0.024787931	20.001171
4.78	0.0948728514	0.0845350178	-0.176538301	-0.0482086438	0.521816643	0.476885535	3.4835918	0.306146461	0.0738818251	0.0144658828	17.835955
4.79	0.0926067883	0.0852542004	-0.177029813	-0.0490839533	0.522326398	0.351557221	3.61986065	0.30601564	0.0383591502	0.0106496535	18.436724
4.8	0.0902368188	0.0861807252	-0.177579381	-0.0498720381	0.523473643	0.200198794	3.71572347	0.305734664	0.0612414444	0.0173589926	20.50456
4.81	0.0882032821	0.087862509	-0.178156113	-0.0505655389	0.525089034	0.024507206	3.77027635	0.305600595	0.0278893956	0.0084323704	21.614548
4.82	0.0863876718	0.0900169834	-0.178671877	-0.0511515103	0.52693392	-0.185210731	3.77036281	0.305512248	0.0781598355	0.02859368	20.214459
4.83	0.0848021853	0.0931962103	-0.179112984	-0.0515513183	0.528658058	-0.523499953	3.79537944	0.305677741	0.0358121383	0.0182679489	17.586647
4.84	0.0846430959	0.0955530145	-0.179560167	-0.0518368961	0.530611849	-0.822900948	3.7796566	0.30570446	0.0319770437	0.0257629107	17.077728
4.85	0.0853466468	0.0972979756	-0.179953789	-0.0520438085	0.532518479	-1.08968258	3.73622188	0.305715739	0.103639042	0.0214455326	18.047443
4.86	0.0866818859	0.0987512582	-0.180303992	-0.0521968585	0.534203467	-1.3081296	3.69542311	0.305826142	0.0978618058	0.0110114287	19.760559
4.87	0.0883144921	0.099196313	-0.180600541	-0.0523039433	0.53558417	-1.47174098	3.66719515	0.305941065	0.100042284	0.00894960535	18.948843
4.88	0.0899208675	0.0992745275	-0.180838495	-0.0523686509	0.536617469	-1.58332634	3.66128756	0.306101336	0.102074146	0.0105828557	18.836851
4.89	0.0912782765	0.0980449324	-0.181021621	-0.0523993335	0.537227653	-1.6472667	3.66394905	0.306158203	0.109479503	0.0183036532	18.305691
4.9	0.0926000585	0.0974203499	-0.181162932	-0.0524018055	0.537402463	-1.65595568	3.67655605	0.30630577	0.0890152076	0.0366405105	17.675439
4.91	0.0932606579	0.0950941935	-0.181263163	-0.0523717158	0.53722237	-1.61316724	3.67158001	0.305750997	0.0842089021	0.0154174673	17.094928
4.92	0.0947687914	0.0918177909	-0.181299605	-0.0523177163	0.536697955	-1.53390773	3.68862712	0.305515084	0.0290761162	0.0136241063	16.672787
4.93	0.0966761743	0.08957598	-0.18130319	-0.0522490882	0.535857905	-1.42751594	3.73385544	0.305624127	0.0960739994	0.0278740698	19.023652
4.94	0.0987967826	0.0872008517	-0.181278316	-0.0521667402	0.53474465	-1.30827803	3.79846141	0.305763677	0.0764458775	0.0107997878	16.425679
4.95	0.10117645	0.0841862935	-0.181226529	-0.0520738194	0.533380677	-1.17094269	3.87286101	0.305827175	0.103399844	0.00885941575	17.426742
4.96	0.10268811	0.0825783398	-0.181132245	-0.0519855775	0.531802173	-1.01098206	3.94460496	0.305937322	0.106225409	0.0302896144	16.84403
4.97	0.103681239	0.0815196256	-0.180993764	-0.0519071842	0.529975279	-0.844408817	4.01502091	0.306020124	0.132297749	0.0297371493	19.759504
4.98	0.104218995	0.0804267489	-0.180847244	-0.0518240014	0.528041255	-0.691292885	4.10416943	0.306021721	0.105143166	0.0178400888	18.307234
4.99	0.104742873	0.079267691	-0.180834988	-0.0516539753	0.526505605	-0.703231574	4.13978144	0.305819805	0.0831266722	0.015726783	18.474568
5	0.104650612	0.0789183729	-0.180893312	-0.051389652	0.525322598	-0.817292888	4.11636356	0.305608889	0.0920977396	0.0244781236	17.83701
5.01	0.103893755	0.0790354728	-0.181019155	-0.0509358961	0.524126969	-1.13449467	4.11716536	0.305590197	0.0545869834	0.00950589279	18.951403
5.02	0.10237472	0.080120815	-0.181263509	-0.0505306784	0.523646223	-1.22869407	4.09456283	0.305493396	0.0669861911	0.0133622585	19.18867
5.03	0.0998819712	0.0824887514	-0.181615924	-0.0501312446	0.524033833	-1.28873037	4.11978533	0.305465052	0.0429926465	0.021540141	19.45525
5.04	0.0975318792	0.0839885967	-0.182106881	-0.0497402999	0.525165537	-1.31423435	4.17889358	0.305249098	0.0655522758	0.0269043624	20.507597
5.05	0.0951366187	0.0856111003	-0.182680544	-0.0493927394	0.526771105	-1.28423098	4.24779294	0.305036888	0.0722778992	0.0251897259	21.589086
5.06	0.0932033295	0.0870966527	-0.183338939	-0.0491079762	0.528749733	-1.19444745	4.30109944	0.304791037	0.0729016671	0.0129196185	19.8034
5.07	0.0914856735	0.0891555942	-0.184055453	-0.0488872445	0.530974081	-1.05489394	4.33256951	0.30456959	0.0308504378	0.0211567999	19.223885
5.08	0.0897465937	0.0918106471	-0.184756837	-0.0488107838	0.532990996	-0.781022906	4.39542587	0.304441005	0.0330738337	0.0125328335	18.620367
5.09	0.0890551285	0.0940669614	-0.185465099	-0.0487970624	0.535163677	-0.509110464	4.39980134	0.304100586	0.0193594344	0.0147741737	18.649593
5.1	0.0893828135	0.0970062914	-0.186139198	-0.0488372641	0.537239199	-0.240888891	4.37759556	0.303895065	0.0781605686	0.0211056885	17.946165
5.11	0.0906128963	0.0991054214	-0.186748939	-0.0489161677	0.539038523	0.0188387027	4.33844663	0.303677612	0.100585963	0.0139433701	19.05669
5.12	0.0921307317	0.101106524	-0.18724498	-0.0490163526	0.540447922	0.263740117	4.29360766	0.303554078	0.117711155	0.0206103892	16.651356
5.13	0.0936413416	0.102667092	-0.187617654	-0.0491311297	0.541417191	0.484969273	4.24119766	0.303449244	0.098810124	0.00999525085	17.864171
5.14	0.095138291	0.104140129	-0.187914667	-0.0492635813	0.542031915	0.669605737	4.19836004	0.303396473	0.0958667361	0.0244371357	16.7659
5.15	0.0964169562	0.105149842	-0.188120936	-0.0494032847	0.542293571	0.811955091	4.15214047	0.303288336	0.0763043598	0.0055689795	17.666638
5.16	0.0974671151	0.105109393	-0.188270756	-0.0495391763	0.542161675	0.894252568	4.1027623	0.303129221	0.0783671559	0.00983067681	19.193717
5.17	0.0983783385	0.104024199	-0.188358565	-0.0496609429	0.541665944	0.921683511	4.0589947	0.30304249	0.0268490177	0.015405667	16.521186
5.18	0.0992044445	0.102182989	-0.188392476	-0.0497591573	0.540896828	0.887814128	4.02077507	0.30308234	0.0715186732	0.0227468274	17.258928
5.19	0.0998970964	0.100349055	-0.18838482	-0.0498382448	0.539837438	0.805794785	3.9897711	0.303255478	0.0788035737	0.0124130894	17.310159
5.2	0.100221373	0.098365166	-0.18834636	-0.0498973498	0.538540986	0.696234104	3.97067208	0.303477457	0.108093851	0.0139042291	16.630438
5.21	0.100167319	0.0963097967	-0.188294099	-0.04993837	0.53705291	0.567155789	3.97667594	0.3037316	0.105203585	0.0181147966	19.06535
5.22	0.099653789	0.0942698572	-0.18818362	-0.0499638833	0.535388589	0.44599598	4.00479524	0.304006003	0.0865127817	0.00914197955	17.216942
5.23	0.0982689916	0.092944231	-0.187995297	-0.0499677679	0.533416283	0.336008695	4.05344361	0.304507695	0.128105929	0.0350479254	18.68268
5.24	0.096098776	0.0919990858	-0.187706008	-0.0499453098	0.531207698	0.243666221	4.13132186	0.305352532	0.0609513111	0.0261785116	19.237919
5.25	0.0933306453	0.0916829801	-0.187455353	-0.0500108133	0.529294204	0.262580511	4.14385625	0.305866039	0.0473773933	0.0122244663	18.006064
5.26	0.0900056739	0.0923160718	-0.187237847	-0.0501559353	0.527567799	0.345702806	4.0935217	0.306024708	0.0595641392	0.0106800036	16.89725
5.27	0.0863614758	0.0940252601	-0.187070039	-0.0503720891	0.525930282	0.456944465	3.99215427	0.305851127	0.0662400603	0.020528839	18.479658
5.28	0.082917494	0.0954335106	-0.187004227	-0.0506832151	0.524482563	0.579911881	4.02770395	0.306044624	0.0578692599	0.0190157786	20.67621
5.29	0.0805370931	0.097205326	-0.18706417	-0.0509497691	0.523336547	0.554265774	4.02230304	0.306070843	0.0659707241	0.0146950923	18.783213
5.3	0.0792488206	0.0990723054	-0.187258651	-0.0512484492	0.522836765	0.508808066	4.04943316	0.306061714	0.0464880154	0.0113366134	18.33455
5.31	0.0793037908	0.100695463	-0.187600148	-0.0515699329	0.522940497	0.441932788	4.09400393	0.306009114	0.0401441375	0.0130887244	18.234211
5.32	0.0806416588	0.10117046	-0.18806	-0.0519004447	0.523519139	0.339577152	4.13528444	0.305876576	0.0333525461	0.0224641897	18.815273
5.33	0.0826842103	0.100598774	-0.188613211	-0.0522425505	0.524516713	0.213808692	4.17981955	0.305736354	0.045816443	0.0214385795	17.483525
5.34	0.085294314	0.100148449	-0.189260009	-0.0525766813	0.52586528	0.046519348	4.21552327	0.3057104	0.0388125379	0.00633869895	17.420265
5.35	0.0874908528	0.100112835	-0.189943281	-0.052823544	0.526856207	-0.225552859	4.28701642	0.305875805	0.131883123	0.0100358382	17.940212
5.36	0.0893696909	0.0990242184	-0.190677492	-0.0530721805	0.527797152	-0.474446662	4.32190636	0.305878916	0.114258581	0.0182020277	19.080905
5.37	0.0908334435	0.0966199773	-0.191411943	-0.0533524825	0.528526437	-0.682092472	4.34076524	0.305850774	0.106231785	0.0188878406	19.777438
5.38	0.0919070673	0.093740154	-0.192140425	-0.0536663044	0.528992826	-0.836768886	4.36110458	0.305888565	0.119093896	0.010745841	19.287766
5.39	0.0924705905	0.0912885531	-0.192858559	-0.05400194	0.529173763	-0.961391046	4.39883806	0.306019148	0.0886882126	0.00693182667	19.493043
5.4	0.0927128787	0.0885637869	-0.193555443	-0.0543595278	0.529057611	-1.05844141	4.44704918	0.306116793	0.083770978	0.0193569538	18.362457
5.41	0.0927827144	0.0856906038	-0.194226416	-0.0547356527	0.528674668	-1.12889478	4.50080212	0.306155022	0.0858525252	0.00397114303	17.442817
5.42	0.0928731289	0.0831168121	-0.19484803	-0.0551352719	0.527999688	-1.15603691	4.53955806	0.306179876	0.0465915511	0.00900746598	19.246096
5.43	0.0931120827	0.080920796	-0.19543268	-0.0555545854	0.527043273	-1.14660141	4.56368984	0.306204553	0.0787233648	0.0129062721	17.409144
5.44	0.0932736209	0.0789665921	-0.195968113	-0.0559970871	0.525866201	-1.09052401	4.56333194	0.306166504	0.0820983356	0.0123631809	17.329835
5.45	0.0926770486	0.078240075	-0.196501701	-0.0564693228	0.524489143	-0.994308457	4.56446343	0.306175667	0.0859779605	0.0313530341	18.210322
5.46	0.091621568	0.0781766941	-0.197033047	-0.0569712747	0.522973094	-0.86121776	4.56562996	0.306177958	0.0956299227	0.0152589138	17.819158
5.47	0.0902616169	0.0784526395	-0.197543525	-0.0575009047	0.521355052	-0.71017393	4.56196979	0.306107876	0.0981562543	0.0134863596	16.768693
5.48	0.0890055749	0.0787721585	-0.198051746	-0.0580548389	0.519569695	-0.543988822	4.56316108	0.305958199	0.0941891428	0.0267092712	16.623402
5.49	0.0875422679	0.0798544816	-0.198521794	-0.0586107423	0.517621722	-0.366146277	4.57123217	0.305824396	0.0866396661	0.0344266693	18.969362
5.5	0.0863933211	0.0806340988	-0.199053057	-0.0590605141	0.515887375	-0.298808574	4.54633561	0.30549648	0.05500585	0.0154695754	20.327794
5.51	0.0854730588	0.081661754	-0.199597849	-0.0593969053	0.514276996	-0.304861674	4.47547905	0.305158456	0.0445717109	0.0194279883	20.533983
5.52	0.0848633606	0.0817242751	-0.200226463	-0.0597366037	0.513223375	-0.248704081	4.50063303	0.304879577	0.0685646676	0.024316599	18.448066
5.53	0.0842740057	0.0821427497	-0.200893748	-0.060043483	0.511918229	-0.157427811	4.57939862	0.304872414	0.0729521901	0.0255672074	17.90339
5.54	0.0843137602	0.0821029156	-0.201587853	-0.0603604603	0.511407342	-0.0449537643	4.66839035	0.304668318	0.0461588153	0.017322524	18.911148
5.55	0.0845046944	0.0820029217	-0.20228924	-0.0606860422	0.511563009	0.0762153329	4.76571604	0.304383409	0.0213004615	0.0184687855	18.66675
5.56	0.084241	0.0829109156	-0.202972168	-0.061008417	0.512338442	0.189489519	4.85489894	0.304140723	0.0676200768	0.0227408048	18.21048
5.57	0.0836623893	0.0844143977	-0.203644733	-0.0613261148	0.513791681	0.303442943	4.93766735	0.303893557	0.0534920906	0.0070050394	17.316666
5.58	0.082982542	0.0866589106	-0.204296115	-0.0616396837	0.515824302	0.412630844	4.98694708	0.303684816	0.0522190327	0.0114027025	18.610005
5.59	0.0823170173	0.0885525116	-0.204899069	-0.0620582743	0.517974173	0.627297683	5.06782997	0.303529615	0.0525525318	0.0149828809	16.325089
5.6	0.0822856676	0.0906344463	-0.205434097	-0.0624914564	0.520380285	0.788963727	5.07342945	0.303383376	0.105369818	0.00651685195	16.431433
5.61	0.0831538462	0.0926522721	-0.205868867	-0.0629316237	0.522742135	0.925128138	5.02060227	0.303384101	0.105206433	0.0117064274	18.403691
5.62	0.0846083978	0.0948625026	-0.206208817	-0.0633638133	0.524864863	1.04031321	4.93397536	0.303553104	0.135153103	0.0165667268	17.108536
5.63	0.0865734705	0.0964787384	-0.206465187	-0.0637918298	0.526693145	1.11656365	4.81953134	0.303747991	0.0895613752	0.009229889	18.385121
5.64	0.0884596064	0.0954605254	-0.206708462	-0.0642341021	0.528305555	1.1971364	4.72946052	0.303783292	0.125885486	0.0407889884	16.230838
5.65	0.0904793853	0.0937905842	-0.206940237	-0.0646904993	0.529637335	1.25870572	4.6785476	0.303992766	0.0889159001	0.014411807	17.508345
5.66	0.0925958322	0.0918197218	-0.207175938	-0.0651557662	0.530686966	1.29312568	4.66005015	0.304303433	0.0927494278	0.00863210383	17.540121
5.67	0.0945515899	0.0900643833	-0.207412027	-0.0656420447	0.531528481	1.29652861	4.66758123	0.304616429	0.0413574985	0.0151837596	18.468032
5.68	0.0965127872	0.0867465876	-0.207645195	-0.0661389848	0.532175369	1.25502594	4.68579381	0.304754971	0.0817162548	0.0392911029	18.84926
5.69	0.098358294	0.0835334837	-0.207867385	-0.0666407465	0.532565872	1.16264464	4.71698276	0.304907783	0.0942516421	0.0120070832	18.383868
5.7	0.0996152935	0.0815185848	-0.208069859	-0.0671521222	0.532699069	1.04153491	4.76421168	0.305118934	0.0785736858	0.0152254427	17.926464
5.71	0.100022936	0.0807040277	-0.208243095	-0.0676722378	0.532559501	0.890900086	4.81921221	0.305427904	0.121802645	0.0169537032	18.550823
5.72	0.0996997193	0.0805962989	-0.208414216	-0.0681834406	0.532099805	0.711957165	4.87443684	0.305735905	0.0964625711	0.0146850142	19.025875
5.73	0.0994427227	0.0796113726	-0.208578458	-0.0687074121	0.531281404	0.531149155	4.94143339	0.306037982	0.105311787	0.0356694911	18.555263
5.74	0.0986115633	0.0789329704	-0.208707283	-0.0692362765	0.530128712	0.352726414	5.00358901	0.306270342	0.0700349212	0.0194093229	18.505251
5.75	0.0974706405	0.0785431914	-0.208774311	-0.0697268418	0.528584428	0.146446402	5.03023896	0.30638507	0.0879339825	0.0298904904	16.557884
5.76	0.0960530194	0.078876802	-0.208923533	-0.0702403115	0.526985234	0.0474864109	5.00841777	0.30622345	0.0559457823	0.0354808043	21.178215
5.77	0.0946378285	0.0785981631	-0.209171318	-0.0706344071	0.525995009	-0.116433623	5.07699368	0.306065472	0.0607440186	0.0228352996	20.481835
5.78	0.0931629485	0.078108784	-0.209434606	-0.070909154	0.525411256	-0.300101522	5.15170902	0.305739209	0.0497458646	0.0121110006	18.76764
5.79	0.0914764922	0.0783523251	-0.209736015	-0.0710516839	0.52495846	-0.537076263	5.17750016	0.305296594	0.0438224516	0.0179855183	18.503844
5.8	0.0895640089	0.079358982	-0.209989923	-0.0711828771	0.524450607	-0.622352414	5.24850359	0.305260723	0.0477479638	0.0154334602	18.323441
5.81	0.0881586002	0.0811133941	-0.210253763	-0.0712389019	0.52432704	-0.702259855	5.27172392	0.305292866	0.0553961911	0.0269431193	16.915083
5.82	0.087483008	0.0827078549	-0.210539107	-0.0712081375	0.524542543	-0.766765327	5.26141513	0.305317975	0.0343407054	0.0144742069	17.565402
5.83	0.0875290885	0.0839813655	-0.210840019	-0.0710785087	0.525098314	-0.833092537	5.22071653	0.305331549	0.0347096245	0.00812117562	18.512106
5.84	0.0885684673	0.0851277701	-0.211179768	-0.0708402993	0.525920248	-0.90428499	5.13850005	0.305386312	0.0425333132	0.00838847841	20.100521
5.85	0.0898343505	0.0861649002	-0.21147949	-0.0704324999	0.526473393	-1.04878416	5.08149243	0.305604228	0.116463297	0.0102290184	16.189917
5.86	0.0916952777	0.0864522617	-0.211802949	-0.0699590471	0.527150775	-1.16761874	4.97584696	0.305636744	0.0806713334	0.0128794154	16.356854
5.87	0.0940451554	0.0859537828	-0.212148398	-0.0694475977	0.527754193	-1.25171734	4.8444925	0.305622264	0.0904805002	0.0128991843	16.28062
5.88	0.0964871745	0.0852221887	-0.21253266	-0.0689300034	0.528180709	-1.29759954	4.71790115	0.30567575	0.0954587096	0.0118454329	18.785331
5.89	0.0988423306	0.0844261218	-0.21291224	-0.0684167259	0.528319433	-1.29214045	4.58312198	0.30575956	0.097189959	0.0138932881	17.616134
5.9	0.101359997	0.0829810478	-0.213315056	-0.0679293135	0.528304244	-1.22611337	4.44533186	0.305794609	0.0954338698	0.0199603051	17.746309
5.91	0.10360897	0.0821637497	-0.213695357	-0.0674758938	0.528174733	-1.13929177	4.31364272	0.305909989	0.125727124	0.0305250502	18.367575
5.92	0.105336183	0.0825051746	-0.214065578	-0.0670474674	0.527918625	-1.03176941	4.19931291	0.306107057	0.0472762996	0.0195425909	17.343018
5.93	0.106700307	0.0827720652	-0.214449818	-0.0666422309	0.527585233	-0.903745694	4.10184186	0.306185072	0.0721703242	0.00623726595	16.978191
5.94	0.107642283	0.0819167363	-0.214880055	-0.0662481188	0.527188502	-0.755877905	4.04306	0.306066833	0.105204539	0.0148689373	17.668326
5.95	0.108092558	0.0817338936	-0.215337898	-0.065862616	0.526687935	-0.600927483	4.0307244	0.306051997	0.0665448859	0.023466656	19.046911
5.96	0.108145154	0.0814457274	-0.215799451	-0.0654847901	0.526034168	-0.440842839	4.04815451	0.30598039	0.0850487781	0.00907734855	17.552512
5.97	0.108232207	0.0805409442	-0.216228074	-0.0651096893	0.525206456	-0.291145721	4.08797522	0.306095262	0.124149132	0.026437069	19.741179
5.98	0.107641363	0.0810071069	-0.216618713	-0.0647198524	0.524160991	-0.168721307	4.1604976	0.306493349	0.135841924	0.0242189505	19.447144
5.99	0.106648757	0.0811564847	-0.217000668	-0.0643105464	0.522899241	-0.0775636947	4.25845166	0.306716742	0.0824069603	0.0218306662	19.933595
6	0.105998046	0.0796790029	-0.217427534	-0.0637778009	0.521820184	-0.13245484	4.2689748	0.306071118	0.062186138	0.0379273	18.255275
6.01	0.105324194	0.0780325898	-0.217897435	-0.0632124009	0.521390917	-0.179825298	4.32981627	0.305408467	0.0689596974	0.0209862484	18.765256
6.02	0.104457462	0.0769675474	-0.218401533	-0.0626695014	0.521170987	-0.140512361	4.33146396	0.304436803	0.0509782888	0.00979394622	19.941213
6.03	0.102933217	0.0772342488	-0.218823032	-0.0620109827	0.521164418	-0.233749473	4.39747135	0.304060637	0.0364900604	0.0226057455	18.744739
6.04	0.101704172	0.0778825523	-0.219207676	-0.0613423549	0.521700995	-0.28084411	4.43451824	0.303697606	0.0410930769	0.0304450977	18.524632
6.05	0.100902973	0.0783691528	-0.219531096	-0.0606907176	0.522715501	-0.293935877	4.4410625	0.30331224	0.0598056842	0.0245845397	18.671535
6.06	0.100953492	0.0790991868	-0.219804259	-0.0600778704	0.524068122	-0.267010637	4.40977718	0.303039657	0.0567418382	0.0130165425	18.483721
6.07	0.101843222	0.0806093097	-0.220064071	-0.0595136254	0.525719507	-0.21028373	4.3584105	0.302945174	0.041145395	0.00581006397	21.365735
6.08	0.103476608	0.0819675035	-0.220330191	-0.0589924022	0.527653233	-0.121954397	4.28343064	0.302870741	0.0610337941	0.0228762668	19.401972
6.09	0.105612883	0.0831449634	-0.220568625	-0.0586004022	0.529430654	0.0710038488	4.23732437	0.302939656	0.0363664378	0.0100237555	19.577604
6.1	0.108440968	0.0836153711	-0.220761478	-0.0582594478	0.531220856	0.240131306	4.14240685	0.302900011	0.126651307	0.0230672577	18.78327
6.11	0.11153954	0.0840329204	-0.220906056	-0.05794045	0.532870068	0.381433474	4.03521748	0.302941245	0.114406856	0.011451957	18.178848
6.12	0.114592672	0.0846166803	-0.221035764	-0.0576221853	0.5342272	0.466673703	3.94963193	0.30312663	0.124591913	0.0205468346	17.755826
6.13	0.117248816	0.0840811689	-0.221150161	-0.0572839456	0.535230007	0.50223315	3.86827765	0.303234411	0.0814067744	0.0298191227	17.948078
6.14	0.119321877	0.0830000569	-0.221234744	-0.0569260181	0.535880792	0.500318793	3.7880887	0.303274211	0.126134936	0.0111363111	18.653596
6.15	0.121002584	0.0819152212	-0.221285351	-0.0565558621	0.536136186	0.468249795	3.72269105	0.303458297	0.103788542	0.00898098667	18.103059
6.16	0.12241755	0.0808431627	-0.221252275	-0.0561883254	0.535952619	0.405621785	3.66371838	0.3038422	0.107802074	0.0382200533	17.612135
6.17	0.123314469	0.0803590312	-0.221162094	-0.0558230369	0.535408949	0.323567427	3.62607438	0.304419969	0.0321794622	0.0109768486	17.663243
6.18	0.123431112	0.080266494	-0.221069347	-0.0554458053	0.534580044	0.214919745	3.60827955	0.304984038	0.0671442229	0.0180692526	18.345009
6.19	0.122481575	0.0810260011	-0.221011849	-0.0550643126	0.533517675	0.0853880644	3.6122774	0.305387336	0.0948686656	0.0213222238	19.658971
6.2	0.121184518	0.0803792943	-0.221030961	-0.0546575412	0.532262551	-0.0783916171	3.63808835	0.305501533	0.0572370156	0.0327851825	16.583577
6.21	0.119333843	0.079536715	-0.221103565	-0.0542286791	0.530789544	-0.261054784	3.6891556	0.305457681	0.0737246387	0.0109539778	20.080266
6.22	0.116935333	0.0791156138	-0.221188491	-0.053780925	0.529096322	-0.438352271	3.77650627	0.305552045	0.0891692978	0.0142563323	16.114336
6.23	0.113907463	0.0788588084	-0.221286387	-0.053309288	0.527233436	-0.614986106	3.87582287	0.305382172	0.098624242	0.0285464037	17.483852
6.24	0.110546638	0.0785294094	-0.221398654	-0.0527863219	0.52512479	-0.80006551	3.98782296	0.305189515	0.0691834612	0.0286958097	19.423782
6.25	0.10762469	0.0779655105	-0.221545802	-0.0523365079	0.523248918	-0.903322713	4.05547055	0.305015464	0.0585570646	0.0217326662	18.039674
6.26	0.105148417	0.0778549556	-0.221681901	-0.0519341884	0.521444644	-0.959599534	4.06531051	0.304985779	0.0640874189	0.0152333447	17.901992
6.27	0.102919739	0.0790186862	-0.22185033	-0.0515911302	0.519802189	-0.975504912	4.02776836	0.305133738	0.0546008422	0.0200785015	20.178122
6.28	0.100917769	0.0804415727	-0.222043235	-0.0514055691	0.517943605	-0.847632142	4.00011804	0.305419698	0.0440921971	0.0256806774	19.070635
6.29	0.0994302192	0.082689982	-0.222257484	-0.0512798646	0.516363319	-0.75113378	3.90689182	0.305636356	0.0597594132	0.0288726507	18.368209
6.3	0.0986445606	0.084621216	-0.222530174	-0.0511526981	0.515433329	-0.721327326	3.81619965	0.305748293	0.0551305084	0.00631991464	18.16356
6.31	0.0989547729	0.0861419905	-0.222830784	-0.0509643305	0.51470199	-0.804686674	3.63895564	0.305713718	0.0437792618	0.00880296545	17.740963
6.32	0.0999083509	0.0868243129	-0.223244923	-0.050797293	0.51454796	-0.855795622	3.51125208	0.305700589	0.061860909	0.0171587351	18.547348
6.33	0.101276725	0.08703954	-0.223804296	-0.0506573985	0.515006706	-0.885987057	3.43689021	0.305724548	0.0550792451	0.0153121143	16.957345
6.34	0.102627311	0.0866572246	-0.224524484	-0.0504132105	0.515675185	-1.01203107	3.48995165	0.305932575	0.0684701127	0.0180819307	17.0396
6.35	0.103921348	0.0866304359	-0.225373378	-0.0501626608	0.516797129	-1.1162962	3.54409484	0.30602368	0.0994051474	0.028480014	17.475042
6.36	0.105147644	0.0865230205	-0.226327099	-0.0498973394	0.518091868	-1.23563784	3.59822181	0.306050682	0.099266936	0.00613344814	17.605729
6.37	0.106216531	0.0864279605	-0.227327487	-0.0496488166	0.519355156	-1.35375451	3.65357355	0.306091927	0.120021318	0.00747517291	17.490235
6.38	0.107773524	0.0859734228	-0.228334795	-0.049506261	0.520130518	-1.38531223	3.61033656	0.306070282	0.0893540733	0.0194805171	19.300169
6.39	0.1092875	0.0852289711	-0.229338851	-0.0493710564	0.52081494	-1.42436857	3.60033262	0.306134633	0.110021075	0.00469612651	18.47949
6.4	0.110774469	0.0839453959	-0.230306656	-0.0492446636	0.521293947	-1.44052365	3.58016028	0.306124319	0.128864668	0.0246117134	18.995168
6.41	0.112209539	0.0815957829	-0.231226222	-0.0491114582	0.521496766	-1.44288215	3.55767328	0.306033195	0.0787462859	0.0265398537	18.973491
6.42	0.113738019	0.0795750718	-0.232100168	-0.0489542851	0.521376621	-1.44420957	3.56246797	0.30612543	0.0777916825	0.0196781528	20.545404
6.43	0.115178573	0.0774232623	-0.23295729	-0.0487575567	0.520988262	-1.45702003	3.60597453	0.306266243	0.0785180276	0.0195751991	18.280284
6.44	0.116665683	0.0749847183	-0.233800756	-0.0485202752	0.520404105	-1.47686273	3.69189072	0.306396949	0.0966300618	0.0185145213	19.481505
6.45	0.117899006	0.0723131222	-0.234658543	-0.0482504282	0.51965847	-1.49372903	3.81241731	0.306290399	0.0731706883	0.0226033099	19.418629
6.46	0.119522642	0.0696261272	-0.235514879	-0.047952098	0.518864128	-1.51626289	3.97621145	0.306261407	0.106181201	0.0300308972	17.847488
6.47	0.121725809	0.0664836732	-0.236307606	-0.0476152069	0.518029277	-1.54412302	4.16559861	0.306206752	0.12127591	0.0189182139	19.072762
6.48	0.12438579	0.063171073	-0.23701116	-0.0472200607	0.517140595	-1.57884447	4.37199551	0.30614424	0.121224931	0.027607499	18.986736
6.49	0.1268898	0.0609000524	-0.237701595	-0.0466644141	0.516554337	-1.74916952	4.51817454	0.306029578	0.079777927	0.0223271092	19.102285
6.5	0.128334551	0.0606043824	-0.238348089	-0.0459372236	0.516163815	-1.99088127	4.55103542	0.305924155	0.128170914	0.0311014733	17.353223
6.51	0.128559516	0.0614909575	-0.238973018	-0.0450768182	0.516196775	-2.23379366	4.68646326	0.306642692	0.0372251778	0.0205061857	19.617129
6.52	0.127470178	0.0638549221	-0.23960507	-0.0442534221	0.516645012	-2.26001302	4.74764321	0.307097228	0.0363517275	0.0296079233	17.018712
6.53	0.12555184	0.067170253	-0.240192581	-0.0433982899	0.517683816	-2.27087904	4.77058814	0.307389813	0.0785803801	0.0162507621	19.576061
6.54	0.123164054	0.0709339028	-0.240760404	-0.0425334601	0.519215808	-2.2501698	4.77514111	0.307497523	0.066878591	0.0353731937	18.200423
6.55	0.121261231	0.0737577332	-0.241331574	-0.041715608	0.521164294	-2.1507736	4.73128086	0.307434392	0.0858746676	0.0263884974	18.385682
6.56	0.119280416	0.0763214152	-0.241964355	-0.0409845072	0.523539023	-1.96110239	4.64335386	0.306634167	0.0685870384	0.0311586497	17.35592
6.57	0.117540779	0.0780792001	-0.242529117	-0.0403997177	0.525927336	-1.66016316	4.56250661	0.305648806	0.0883075699	0.0187137254	18.542363
6.58	0.117157246	0.0806600708	-0.243079822	-0.0399235915	0.528556235	-1.35196453	4.48713138	0.305231733	0.0658551396	0.0138996419	16.731524
6.59	0.11807197	0.0832743389	-0.243639017	-0.0395720756	0.531296024	-1.01005226	4.42826247	0.305129857	0.0602089439	0.00412850389	17.567459
6.6	0.119722528	0.0859425363	-0.244152597	-0.0393231092	0.533868564	-0.65298669	4.39072863	0.305232342	0.113770312	0.0221433073	18.890062
6.61	0.12180043	0.08728874	-0.244637399	-0.0391373595	0.536086353	-0.313174742	4.36465346	0.305280023	0.125239311	0.0180392993	18.182801
6.62	0.123896993	0.0882329254	-0.245066637	-0.0389912482	0.537834828	0.00961997191	4.34366114	0.305360183	0.114679447	0.0230459351	19.955058
6.63	0.12575305	0.0887477965	-0.24541729	-0.0388549957	0.53906301	0.280381083	4.31516542	0.305434342	0.0836228088	0.021523845	19.696191
6.64	0.127244007	0.0885978615	-0.245680281	-0.0387353699	0.539785106	0.507238011	4.28439051	0.30546405	0.0856721673	0.0143568315	20.078429
6.65	0.128659954	0.0876461493	-0.245832599	-0.0386326601	0.53996452	0.67198574	4.24894941	0.305612182	0.100848783	0.0271362043	19.140021
6.66	0.129590051	0.0861116262	-0.245890256	-0.0385538038	0.539641057	0.793539866	4.20989626	0.305618124	0.0807254455	0.0203380788	18.860293
6.67	0.129860776	0.0847884623	-0.245861905	-0.0384927952	0.538794032	0.881486742	4.17336977	0.305530221	0.065407452	0.0139706443	17.869515
6.68	0.129767306	0.0836213985	-0.245771187	-0.0384480356	0.537551039	0.94219862	4.16394935	0.305608775	0.0750843954	0.0129580523	18.184298
6.69	0.129334799	0.0830013439	-0.245634059	-0.038403129	0.53597774	0.958879375	4.18285369	0.305935378	0.0963458067	0.0157965633	19.218561
6.7	0.128716617	0.0819600176	-0.245446407	-0.0383592415	0.534176515	0.961329101	4.24748034	0.306556604	0.114782265	0.0225594826	19.266116
6.71	0.127570107	0.0812304924	-0.245159714	-0.0382933317	0.532133691	0.91074975	4.33253494	0.307416351	0.171406967	0.0291730974	18.188476
6.72	0.125819323	0.0806831153	-0.244777398	-0.0382225088	0.529749923	0.8170503	4.41744382	0.308348815	0.100708355	0.021793379	20.641129
6.73	0.122899262	0.0813144069	-0.244343209	-0.0381427319	0.527081087	0.658792599	4.47828361	0.30885204	0.150132707	0.0316102817	19.62327
6.74	0.119482924	0.0822824391	-0.24399667	-0.0381743912	0.524637441	0.598218139	4.45817485	0.308674856	0.087745222	0.00670410421	18.153168
6.75	0.116051686	0.0822658086	-0.243774618	-0.038320026	0.522369808	0.606930881	4.36654527	0.307978587	0.0541803961	0.0197555553	17.672733
6.76	0.11194569	0.0820605208	-0.24376542	-0.038486741	0.520880941	0.511684921	4.40406391	0.307110974	0.0314263982	0.0277400112	20.824071
6.77	0.107486788	0.0813776894	-0.243917377	-0.038705161	0.519385989	0.404375489	4.51023994	0.30625781	0.029291426	0.0181184817	17.692082
6.78	0.102724632	0.0809197552	-0.244249949	-0.0389055283	0.518528948	0.257418379	4.64950165	0.305100301	0.047525665	0.0206565805	19.219871
6.79	0.0996341886	0.0805274128	-0.244718836	-0.039065405	0.518161627	0.0852633235	4.79324923	0.304611287	0.0848969035	0.0214917016	17.402626
6.8	0.0980372694	0.0796173903	-0.245244953	-0.039231377	0.51817646	-0.0621109031	4.91189322	0.304465796	0.0920291371	0.0425185192	17.453555
6.81	0.0979637705	0.0789499119	-0.245843627	-0.0393888413	0.518594079	-0.187060783	5.01855138	0.304671718	0.0451170648	0.0219277131	18.099359
6.82	0.0990638555	0.0785485793	-0.246480509	-0.0395348845	0.519406258	-0.296928829	5.0911093	0.304998104	0.0517413207	0.0125607625	19.709172
6.83	0.101079436	0.0782084467	-0.247172213	-0.0396329295	0.520611227	-0.399964632	5.12318136	0.305296176	0.0451221309	0.0249368109	17.821033
6.84	0.10322834	0.0775904872	-0.247868506	-0.0395852488	0.521827111	-0.599425245	5.17718877	0.305615865	0.0281223656	0.00775662355	18.311907
6.85	0.105887461	0.0766942086	-0.248564044	-0.0394810751	0.523296274	-0.749609766	5.17854835	0.305729023	0.108084089	0.00253411402	19.42379
6.86	0.108797757	0.0754459697	-0.249251929	-0.0393624863	0.524837552	-0.900023304	5.16403247	0.305769945	0.131452051	0.0191722429	19.364127
6.87	0.111811976	0.0750962481	-0.249901293	-0.0392480911	0.526183718	-1.0209949	5.15153866	0.305973582	0.122033308	0.0243519497	18.558292
6.88	0.114595904	0.0749419518	-0.250472874	-0.0391109112	0.527383038	-1.11274187	5.14802156	0.306133273	0.0986687107	0.0113179013	18.996107
6.89	0.117349933	0.0738102382	-0.250964365	-0.0389377998	0.528426483	-1.19586224	5.16311493	0.306145152	0.10559933	0.0216003746	18.698798
6.9	0.11988482	0.0727580543	-0.251329907	-0.0387165244	0.529206473	-1.2639598	5.20320703	0.306168484	0.105056134	0.0209972685	18.185414
6.91	0.122273826	0.0709277548	-0.251507219	-0.0384456264	0.529673388	-1.29853873	5.23040698	0.306048763	0.103963755	0.0155288164	18.722262
6.92	0.124244191	0.0697450317	-0.251509022	-0.0381111646	0.529802817	-1.32689429	5.27705069	0.306098416	0.0601152894	0.0228720503	17.804211
6.93	0.125905041	0.0683527825	-0.251346061	-0.0377131751	0.529557351	-1.31986639	5.32410105	0.305960688	0.101302007	0.024119118	18.970023
6.94	0.127462319	0.0662720401	-0.251048674	-0.0372360364	0.529067023	-1.29954618	5.3904169	0.305618322	0.0733505739	0.0229273563	19.203277
6.95	0.128887076	0.0642006608	-0.250679573	-0.0366964954	0.528468394	-1.25112647	5.51228521	0.30542719	0.177804392	0.0183117926	17.348682
6.96	0.129723295	0.0631366513	-0.250189486	-0.0360967628	0.527761062	-1.18834659	5.67109894	0.305412943	0.0849163319	0.0212130581	16.926068
6.97	0.130153807	0.0631470609	-0.249567615	-0.0354551663	0.526841044	-1.0902783	5.8425384	0.305487454	0.091812585	0.041002461	19.183245
6.98	0.130517139	0.0625874523	-0.248824987	-0.0347660866	0.52569256	-0.975330974	6.01846257	0.305407441	0.109211062	0.00766173232	18.710422
6.99	0.130862288	0.0620118155	-0.24805187	-0.0339008675	0.524836635	-0.947884464	6.08715611	0.304807161	0.0757338127	0.0241619454	18.643464
7	0.131603226	0.0614135777	-0.24725325	-0.032873552	0.524155073	-0.980025208	6.05454618	0.304214764	0.0604344675	0.0110699021	18.740463
7.01	0.132580174	0.0607851329	-0.246454513	-0.0316135415	0.523313083	-1.16321281	6.01578114	0.303979851	0.0734785818	0.025854505	18.595876
7.02	0.133049418	0.0607648591	-0.245729834	-0.0303157769	0.523064167	-1.20434417	5.97605431	0.303928006	0.0927565193	0.0427949952	20.4973
7.03	0.132560522	0.0623615085	-0.245133837	-0.0289987796	0.523226497	-1.17497695	5.90649564	0.304014097	0.0624337293	0.0317823133	26.271898
7.04	0.13130641	0.0655765697	-0.244590413	-0.0277301476	0.523481026	-1.04411566	5.72931338	0.303999125	0.115028975	0.0386242399	27.893788
7.05	0.129609575	0.0697881351	-0.24409833	-0.0265030086	0.523955858	-0.884209432	5.47197546	0.303833147	0.0581483275	0.0293197252	19.921381
7.06	0.127986056	0.0744218983	-0.243669565	-0.0253188194	0.524631055	-0.708982656	5.17918918	0.303762448	0.0529495829	0.0248671246	18.038978
7.07	0.126642802	0.0796335136	-0.243282371	-0.0242056533	0.525480638	-0.499584506	4.8515565	0.303592152	0.0570350029	0.0216976383	18.02137
7.08	0.125910939	0.0842816535	-0.242991498	-0.0232609109	0.526287209	-0.190732455	4.59087738	0.303429968	0.0725032365	0.0150845181	18.046933
7.09	0.126185185	0.0874882331	-0.242826394	-0.0224076424	0.527377695	0.115069391	4.31853113	0.303077899	0.038488144	0.0114993213	18.402421
7.1	0.127179347	0.0909638843	-0.24270419	-0.0216563837	0.528550023	0.438337439	4.07912143	0.303012516	0.119071994	0.0257207897	18.261776
7.11	0.12866328	0.094061348	-0.242602038	-0.0209893761	0.529675164	0.733608346	3.88016663	0.303068887	0.0920598168	0.0220421233	15.488618
7.12	0.130270131	0.0962435719	-0.24250792	-0.0203793143	0.530710077	0.982879331	3.72653742	0.30318844	0.1027952	0.0211868289	17.461338
7.13	0.132089091	0.0964702928	-0.242390323	-0.0197535254	0.531044909	1.09419547	3.4863687	0.303104837	0.0746248283	0.0206142333	16.716242
7.14	0.133597264	0.0966241671	-0.24223243	-0.0191859638	0.53134324	1.20269613	3.35223673	0.303366613	0.0941686619	0.0190058216	18.940048
7.15	0.134761812	0.0961142361	-0.242024848	-0.0186779533	0.531481195	1.32103785	3.3156093	0.303898555	0.102761653	0.0162477321	17.762535
7.16	0.135480702	0.0954076409	-0.241746538	-0.0182512861	0.531459031	1.45118424	3.36208343	0.304474385	0.0733299025	0.0321883831	17.386779
7.17	0.135690917	0.0944333661	-0.24136737	-0.0179053104	0.531294807	1.56557695	3.46889118	0.304786384	0.0844309494	0.0282220226	17.92047
7.18	0.135782092	0.0930144168	-0.24091602	-0.0176027993	0.531018936	1.61745668	3.62038468	0.305135296	0.0864354024	0.0173196315	17.804384
7.19	0.135831206	0.0912536449	-0.240403636	-0.0173228566	0.530574461	1.58905146	3.80035037	0.305707575	0.103652968	0.0189137036	17.571357
7.2	0.135843066	0.0878467082	-0.239851892	-0.0170476801	0.530002744	1.4838416	4.00809283	0.306309971	0.0904569873	0.0434559218	18.283988
7.21	0.135748002	0.0844017869	-0.239269774	-0.0167525566	0.529263414	1.3040485	4.24245165	0.307299901	0.127668127	0.0369516264	18.935967
7.22	0.13586691	0.0801416896	-0.238674402	-0.0164267826	0.528288556	1.03616237	4.47465702	0.308236066	0.153980861	0.0490795413	20.706141
7.23	0.135974001	0.0757807603	-0.238040767	-0.0160616423	0.527010658	0.710694804	4.68539052	0.309022068	0.142644208	0.0263044621	20.824156
7.24	0.135466692	0.0727158884	-0.237309857	-0.0156467761	0.525425742	0.319739588	4.84489801	0.309807513	0.0638834463	0.035455639	20.650783
7.25	0.133990254	0.0714457642	-0.236461802	-0.0153294799	0.524047271	0.0241451909	4.79691649	0.30966446	0.0923272572	0.0320481919	22.004716
7.26	0.131721902	0.0713780278	-0.235461412	-0.0151941661	0.522440097	-0.100463716	4.67024177	0.309444493	0.071945097	0.0210769846	17.805135
7.27	0.128546136	0.0722503933	-0.234466435	-0.0150605319	0.521449404	-0.288721261	4.54619834	0.309053129	0.0848361403	0.0130579595	19.252597
7.28	0.125004392	0.0734195849	-0.233525285	-0.014914199	0.520972466	-0.496241054	4.4335378	0.308640938	0.0655149446	0.0217438197	18.950267
7.29	0.121066819	0.0751896756	-0.23274108	-0.0147431534	0.521035625	-0.717187359	4.35211117	0.308178623	0.0817487216	0.0218453174	18.796003
7.3	0.116939336	0.0775909151	-0.232094041	-0.0145343508	0.521399329	-0.964834495	4.22772626	0.307430393	0.0433474622	0.0163827301	18.414278
7.31	0.112733216	0.0804987662	-0.231568334	-0.0143035432	0.522345932	-1.18719939	4.12850209	0.30648697	0.0621115822	0.00477343794	18.040251
7.32	0.108798951	0.0840823101	-0.23113283	-0.0140530885	0.523822128	-1.36798343	4.02545661	0.30542682	0.0696324871	0.0240357308	18.725188
7.33	0.10657822	0.0885924501	-0.230773984	-0.0137802851	0.525669892	-1.52224242	3.95061215	0.305041783	0.0278057059	0.0108550727	19.22518
7.34	0.106046226	0.0940235664	-0.230502637	-0.0134759577	0.527709802	-1.68661208	3.90695657	0.305121021	0.0574021106	0.0206417037	18.883562
7.35	0.106647603	0.0982141074	-0.230302923	-0.0131489207	0.529685002	-1.83680806	3.85422828	0.305189916	0.124992608	0.0251763435	19.3327
7.36	0.107976716	0.101842207	-0.230183425	-0.0127699206	0.530795454	-1.97876986	3.81684952	0.305524473	0.0910939638	0.0252902701	16.983375
7.37	0.109435787	0.104036674	-0.230150812	-0.0124193597	0.531771365	-2.04046279	3.79257298	0.305795519	0.0635942192	0.0139987444	19.647643
7.38	0.110755608	0.104779392	-0.230176117	-0.0120900909	0.532461177	-2.04839034	3.79427064	0.306098877	0.0886782491	0.0244356343	19.784271
7.39	0.111493365	0.103716516	-0.230228834	-0.0117872091	0.532817476	-2.00121711	3.81177636	0.306282325	0.0665324267	0.0151777846	18.394071
7.4	0.111573323	0.100058294	-0.230296442	-0.0115121377	0.532805801	-1.91002549	3.84161179	0.306236039	0.074435858	0.0254404756	18.002551
7.41	0.111748859	0.0951352928	-0.230376079	-0.0112746872	0.532515459	-1.77428135	3.89560766	0.306199107	0.0882967382	0.0194572435	18.783101
7.42	0.112360285	0.089626601	-0.230498156	-0.0110749402	0.532014022	-1.58157396	3.97787281	0.306182235	0.0399703305	0.0169007957	18.283685
7.43	0.113667537	0.0838089332	-0.230670898	-0.0109109001	0.531330901	-1.34540052	4.09206846	0.306276872	0.0816729545	0.024639285	20.183503
7.44	0.115597483	0.0786358343	-0.230926266	-0.0107807006	0.530439633	-1.06223896	4.24065855	0.306604744	0.115787595	0.0163921153	20.336282
7.45	0.11806061	0.0738610939	-0.231239256	-0.0107041499	0.529154662	-0.696370743	4.38911719	0.307165739	0.114905929	0.0279294949	16.5436
7.46	0.120259465	0.069853282	-0.231651191	-0.0106805544	0.527502044	-0.28122057	4.52848089	0.307541476	0.0882822347	0.0255836172	17.541791
7.47	0.121897695	0.0668944291	-0.2322498	-0.01058735	0.526101905	-0.023536261	4.60356306	0.307300636	0.125605215	0.0246400969	17.563899
7.48	0.12305602	0.0651004779	-0.232964873	-0.0103672821	0.524941615	0.0822826568	4.61628407	0.306899861	0.116794699	0.0142030989	17.65269
7.49	0.123733206	0.0642199903	-0.233774064	-0.0100086452	0.523989514	0.0576441078	4.55575942	0.30637879	0.0700931701	0.0172056764	17.483406
7.5	0.123562948	0.0651725328	-0.234649197	-0.00948289435	0.52316646	-0.086298688	4.41029725	0.306068853	0.0528317126	0.0293663325	19.854975
7.51	0.122702366	0.0670762207	-0.235642979	-0.00880117595	0.522764886	-0.303417979	4.36846534	0.306363864	0.0576486639	0.0178351768	19.603391
7.52	0.121704489	0.0688202493	-0.236736388	-0.00803722842	0.522700562	-0.427319212	4.29871906	0.306458031	0.0370744431	0.025686041	18.269581
7.53	0.120306077	0.0704890638	-0.237943829	-0.00720321095	0.523148928	-0.536222648	4.26649896	0.306304881	0.0685075172	0.0203660425	18.21893
7.54	0.118709998	0.0721371273	-0.239271397	-0.00629686175	0.524058615	-0.616937195	4.27915928	0.305909893	0.0574747599	0.0275924237	16.192253
7.55	0.116627966	0.0737860779	-0.240642243	-0.00536887087	0.525250494	-0.648391068	4.321546	0.30497379	0.0772263348	0.031187228	17.25134
7.56	0.114590489	0.0753279178	-0.241961501	-0.00443390119	0.526612016	-0.657155438	4.36423823	0.30385878	0.0495730594	0.0122013116	18.332954
7.57	0.113181083	0.0767630778	-0.243100632	-0.0036095359	0.527609178	-0.566319035	4.45107253	0.30329611	0.0800681092	0.0198847844	18.739817
7.58	0.112877704	0.0774995969	-0.24407749	-0.00280808879	0.528705984	-0.487445189	4.47518127	0.302841289	0.0660345665	0.0253987605	17.275153
7.59	0.113955133	0.0785231748	-0.244960601	-0.00202150538	0.529881785	-0.401008031	4.47531144	0.302794664	0.0778758326	0.050369596	16.125621
7.6	0.115624941	0.0797970491	-0.245658415	-0.00125641136	0.530987236	-0.315402815	4.45904153	0.302913847	0.139483262	0.0428627693	17.30278
7.61	0.117663773	0.0802162426	-0.246169607	-0.000508394051	0.531947695	-0.238231695	4.43843087	0.303049089	0.0789712545	0.0125809718	16.683588
7.62	0.119927711	0.079671931	-0.246509923	0.000228207327	0.532697962	-0.186839673	4.4230556	0.303212787	0.0594149992	0.00997441153	18.085872
7.63	0.122384991	0.077483612	-0.246675707	0.000954274307	0.533188906	-0.156399202	4.41082849	0.30333415	0.072189693	0.0243949123	19.990476
7.64	0.125105635	0.0750872643	-0.246658928	0.00166498394	0.533412038	-0.145385716	4.40351873	0.303552649	0.0690210061	0.00899968519	18.26696
7.65	0.128000649	0.0723504083	-0.246476237	0.00234522675	0.533394549	-0.126400504	4.42657857	0.303798365	0.0899692799	0.00914371058	18.520596
7.66	0.1307556	0.0695987021	-0.246136109	0.00300563021	0.533127452	-0.101937091	4.47494052	0.304045208	0.0923846146	0.0177502618	20.015896
7.67	0.133000289	0.0675064715	-0.245653924	0.00364093109	0.532723949	-0.0537810403	4.56931606	0.304444618	0.0618039314	0.019232947	15.704883
7.68	0.134886538	0.0653259405	-0.245067896	0.00426528632	0.532212336	-0.00414701324	4.69913649	0.304871855	0.0825355687	0.0179611893	18.981196
7.69	0.136311667	0.0634523474	-0.244387249	0.00489041948	0.531600976	0.0211032804	4.86506529	0.30553658	0.0897597935	0.00771636227	17.892723
7.7	0.137548357	0.0612641894	-0.243667388	0.00550948185	0.530818702	-0.000812624709	5.06941757	0.306229091	0.120387994	0.0255228541	17.324212
7.71	0.137738355	0.0599200163	-0.242886874	0.00614828431	0.529841411	-0.0847260713	5.29056294	0.306997183	0.0832509244	0.0296386279	19.50122
7.72	0.13713514	0.0587659772	-0.242051134	0.00681791288	0.528660278	-0.222345522	5.52497722	0.307911835	0.070056097	0.0141470329	18.530435
7.73	0.135725961	0.057860489	-0.241286144	0.0074046573	0.527742216	-0.301102614	5.7032344	0.308350628	0.125727629	0.00874569557	19.380806
7.74	0.133893935	0.0565404805	-0.24060493	0.00793678986	0.527095539	-0.351222421	5.82336639	0.30843702	0.0608911717	0.03568417	18.347065
7.75	0.130891295	0.056063791	-0.240008465	0.00832738204	0.526444045	-0.270761813	5.95547261	0.308517971	0.0880669626	0.015486774	18.945659
7.76	0.127122106	0.0562791217	-0.239592601	0.00866032111	0.526089546	-0.20575676	6.04235463	0.308387829	0.0790464149	0.0150619594	19.019282
7.77	0.122487797	0.0578278839	-0.239286448	0.00891610023	0.525948526	-0.116126413	6.06774033	0.308290146	0.0469334368	0.0213564112	19.516003
7.78	0.11752764	0.0602576997	-0.239099372	0.00910168169	0.525988553	-0.0107734147	6.03628241	0.308143036	0.043907813	0.00657572495	18.871672
7.79	0.11275582	0.0634545493	-0.239037807	0.00926536803	0.526441974	0.0814324285	5.99065271	0.30797586	0.0764350181	0.0220738505	19.902007
7.8	0.108728161	0.0668254209	-0.239153481	0.00945719801	0.526960504	0.0969008673	5.86838485	0.307479295	0.0450860045	0.0106473283	20.285001
7.81	0.105368555	0.0699198597	-0.239400579	0.00964699691	0.527807426	0.0913691867	5.72838802	0.306506561	0.0683774723	0.0247361311	19.240922
7.82	0.102418299	0.072943655	-0.239745077	0.00993273903	0.528605114	-0.02378158	5.61731178	0.305374741	0.0359570331	0.0266101398	20.975988
7.83	0.101341764	0.0764491228	-0.240224676	0.0102656171	0.529694363	-0.187099287	5.49866096	0.30492574	0.0892746153	0.0293184693	17.250785
7.84	0.101988582	0.0803282143	-0.240836068	0.0106523137	0.531000255	-0.408064072	5.37488785	0.30491236	0.0414468606	0.0221251306	18.366254
7.85	0.103632898	0.0832946901	-0.241524738	0.0110107964	0.532077868	-0.600628653	5.27086121	0.30510474	0.105233588	0.0135083026	18.996458
7.86	0.105991812	0.0857557773	-0.242349565	0.0113895216	0.533035114	-0.822420898	5.17709913	0.305401379	0.116673633	0.0205109222	17.728319
7.87	0.108442281	0.0869186243	-0.243268728	0.011746093	0.533755592	-1.03773466	5.10756652	0.305648936	0.117826497	0.0139518376	18.292375
7.88	0.110651764	0.086738288	-0.244214214	0.0120812938	0.534199413	-1.2276547	5.04149094	0.305754963	0.155169731	0.0261615647	18.37245
7.89	0.113021374	0.0852297012	-0.245163277	0.012382238	0.534364117	-1.36198211	4.97431342	0.305817376	0.0913234289	0.025448001	18.758927
7.9	0.115345183	0.0841998568	-0.24611168	0.0126596056	0.534222106	-1.43704688	4.92092987	0.306008899	0.0910224393	0.0233698019	17.30937
7.91	0.117564645	0.0823918007	-0.247052229	0.0129149031	0.533779734	-1.4415695	4.85920603	0.306070163	0.0770161674	0.015328744	18.296443
7.92	0.119595204	0.0806213069	-0.247995087	0.0131722069	0.533100074	-1.41421546	4.8225778	0.306156143	0.0584201526	0.0125140027	19.788832
7.93	0.12128918	0.0793534889	-0.248849525	0.0134544998	0.532216993	-1.36517427	4.79645396	0.306275499	0.152397621	0.0119480133	18.774582
7.94	0.122554161	0.0779320734	-0.249634296	0.0137445284	0.53114429	-1.26740857	4.749461	0.306052956	0.141153096	0.0248645711	18.183813
7.95	0.123785964	0.0767357523	-0.250317415	0.0140331946	0.529821941	-1.14615308	4.69809333	0.305927638	0.102407951	0.0199689176	19.916143
7.96	0.12484633	0.0755274079	-0.250899702	0.0143152593	0.528277101	-0.993092058	4.63426126	0.3057986	0.0843797591	0.00336953634	18.183196
7.97	0.125588725	0.0742882368	-0.251379142	0.0145752613	0.526502351	-0.821293518	4.5585001	0.305687777	0.108802203	0.0242382936	18.505247
7.98	0.126031535	0.0735668209	-0.251775724	0.0148457107	0.524559492	-0.673085886	4.50061415	0.305683271	0.069594243	0.020593979	20.838949
7.99	0.126478304	0.0732613964	-0.252157913	0.015224264	0.522832338	-0.706242992	4.44143273	0.305646437	0.0921023418	0.0213616797	18.98509
8	0.126742955	0.0727500632	-0.252463731	0.0157106671	0.521124331	-0.83454217	4.34622986	0.305575519	0.066970172	0.0277310609	17.63973
8.01	0.126305741	0.0721713263	-0.252774034	0.0161726927	0.520052321	-0.863097816	4.4114234	0.305754665	0.0888057521	0.015751478	18.271245
8.02	0.125986046	0.0708198167	-0.253065038	0.016558944	0.519117895	-0.775620562	4.48273785	0.305717394	0.068089251	0.0370489235	18.2191
8.03	0.125674732	0.0688883699	-0.253314663	0.0169286789	0.518765998	-0.72704975	4.60754764	0.305715737	0.0672209705	0.0340017118	17.672907
8.04	0.124695472	0.0672513923	-0.253498599	0.0173493854	0.51845541	-0.764307795	4.8092447	0.305909535	0.081420207	0.0162781756	18.288655
8.05	0.123384148	0.0663331248	-0.253473299	0.0176956301	0.518416163	-0.740746589	4.94146444	0.306014928	0.107307969	0.0301810441	19.034222
8.06	0.121504404	0.0665820555	-0.25323973	0.0179990975	0.518527233	-0.723850301	4.99863773	0.306059457	0.0869099275	0.0153393131	18.270156
8.07	0.118869005	0.0680797068	-0.2528501	0.0182726775	0.518773542	-0.724964857	4.98688097	0.305772855	0.0465657592	0.0155444053	17.634103
8.08	0.116573265	0.0691867412	-0.252319888	0.018471146	0.519166409	-0.715186646	4.92207581	0.30545693	0.0820339183	0.0420919058	19.120879
8.09	0.113877137	0.0713452503	-0.251689371	0.0184839359	0.519619388	-0.559132188	4.8677141	0.305158809	0.116877971	0.0294609561	19.034505
8.1	0.111704068	0.0730849875	-0.250945453	0.0183663822	0.52023569	-0.424784776	4.74667641	0.304528037	0.0827606779	0.0338671788	18.491172
8.11	0.109947671	0.0755767775	-0.250139954	0.0181973738	0.520938839	-0.320829054	4.62687285	0.30410905	0.154475012	0.0429435522	17.490429
8.12	0.108900842	0.0779662308	-0.249278687	0.0180106474	0.521561155	-0.248928102	4.52484327	0.303878017	0.105836031	0.0220282464	17.670672
8.13	0.108413966	0.0798206683	-0.24839248	0.017820832	0.52197804	-0.204421467	4.4566522	0.30380518	0.110838217	0.0166231901	18.345001
8.14	0.108350753	0.0805160254	-0.247493768	0.0176583851	0.522158788	-0.208509458	4.41216476	0.30384843	0.0921938556	0.0306968286	21.077011
8.15	0.108379469	0.079986052	-0.246595658	0.0175304625	0.522095621	-0.246737185	4.39811766	0.3039745	0.106085304	0.0120763821	17.856766
8.16	0.108290616	0.0772259575	-0.245705501	0.0174702599	0.521793103	-0.314427697	4.4005132	0.304022461	0.145512258	0.043050366	18.580598
8.17	0.108286586	0.0739944425	-0.244822486	0.0174713465	0.521254279	-0.390801973	4.43617608	0.304200945	0.0688603827	0.0163598604	19.798734
8.18	0.108417593	0.0705511548	-0.243994625	0.0175339583	0.52052589	-0.484208465	4.51992397	0.304424889	0.0749780479	0.0115017377	18.278764
8.19	0.108352636	0.0666271398	-0.243226115	0.0176491275	0.519669921	-0.569901556	4.63377456	0.304205674	0.0949898032	0.0145456141	18.354324
8.2	0.109257438	0.0624970514	-0.242489436	0.0178221369	0.518604737	-0.657028684	4.79658212	0.304307112	0.101109051	0.0147543785	19.344341
8.21	0.110273759	0.0596648352	-0.241715372	0.0180460116	0.517344554	-0.740392421	4.9891253	0.304847638	0.121176427	0.0336650997	19.441472
8.22	0.110966374	0.0579992293	-0.240865036	0.0183343991	0.515868455	-0.833711888	5.19564675	0.305823965	0.0965618076	0.0300834916	20.204689
8.23	0.111530286	0.0563883697	-0.239962826	0.0186868798	0.514184979	-0.943934306	5.41319633	0.307026511	0.11824994	0.0211035021	18.934575
8.24	0.111183581	0.0555704528	-0.239041908	0.0190983401	0.512208534	-1.08842828	5.6144479	0.307952652	0.129503368	0.0246432177	17.170534
8.25	0.110522845	0.0549700213	-0.238221975	0.0194038993	0.510590931	-1.10075579	5.70687399	0.30824719	0.0661091454	0.00911207104	19.293084
8.26	0.109315874	0.0550711354	-0.237471214	0.0195994974	0.509226007	-1.04172186	5.69733951	0.308165283	0.0493886948	0.0167461576	17.579299
8.27	0.106795653	0.0568684532	-0.236749536	0.0196770821	0.508177751	-0.931315154	5.78293847	0.308810175	0.0535352477	0.033846172	18.623085
8.28	0.104012259	0.0593549352	-0.236041378	0.0197334178	0.507491482	-0.952419387	5.78102649	0.3090467	0.0618278679	0.0214229099	20.414529
8.29	0.101532996	0.0610587521	-0.235429922	0.019746723	0.50731457	-0.977686946	5.75874733	0.308712765	0.0506671007	0.0231737209	18.377941
8.3	0.0988119683	0.0632304617	-0.234927498	0.0197201799	0.50764238	-1.00837701	5.73260169	0.308131099	0.0394345321	0.02412246	17.50684
8.31	0.0959872452	0.0659330466	-0.234539517	0.019651169	0.508577338	-1.04987649	5.69178424	0.307146818	0.0697946325	0.0261607539	18.105482
8.32	0.0934123459	0.0686777417	-0.234290456	0.019547109	0.510088159	-1.1068867	5.64314142	0.305925313	0.0347595988	0.0118571251	17.391187
8.33	0.091995185	0.0723109762	-0.234158711	0.0194030154	0.51203841	-1.15828296	5.59492877	0.305374413	0.0631430981	0.0225163932	18.148429
8.34	0.0917931277	0.075813094	-0.234145498	0.0192284386	0.514378699	-1.21603782	5.54227691	0.305152076	0.0391875029	0.0136717247	18.208268
8.35	0.0920165553	0.0790551605	-0.234176961	0.0191209421	0.516368841	-1.37022612	5.54569706	0.305295893	0.103314939	0.0206574866	17.333329
8.36	0.0928292877	0.0817844471	-0.234307742	0.0189413491	0.518440223	-1.47609801	5.51139947	0.305416942	0.100147738	0.0188268727	17.332195
8.37	0.0941829977	0.0835304719	-0.234545782	0.0186713882	0.520385079	-1.53794384	5.46702225	0.305585006	0.108296616	0.0253116161	17.424479
8.38	0.0958713823	0.0844271382	-0.234865855	0.0183349933	0.522168898	-1.55511744	5.43321788	0.305801373	0.0986129387	0.0142617269	18.414411
8.39	0.0979040795	0.0847347332	-0.235235616	0.0179357111	0.523655804	-1.52193097	5.41421058	0.306080967	0.114326532	0.0289272987	18.498099
8.4	0.100330069	0.0837595801	-0.235616794	0.0174924252	0.524833279	-1.45342853	5.39984739	0.306229467	0.0738652975	0.0114262684	17.929573
8.41	0.103084587	0.081492628	-0.235987716	0.0170088873	0.52570246	-1.3545191	5.39008428	0.306229336	0.0700190648	0.0155123415	19.20214
8.42	0.106285548	0.0792325204	-0.236328483	0.0165021134	0.526249387	-1.23510818	5.39883435	0.306287199	0.0562833787	0.0219102846	17.292635
8.43	0.10952419	0.0778037956	-0.236623779	0.0159854829	0.526509006	-1.08587902	5.41880457	0.306390747	0.117564891	0.0255304642	19.398657
8.44	0.11266237	0.076086579	-0.236862097	0.0154642307	0.526487979	-0.897826977	5.43545716	0.306215806	0.0718030784	0.0213220638	18.7807
8.45	0.115986416	0.073547535	-0.237011173	0.0149536345	0.526222506	-0.713552112	5.47484295	0.305966168	0.102314176	0.0188793792	20.571043
8.46	0.118198529	0.0730441156	-0.237027636	0.0144536601	0.525698737	-0.518998084	5.53875324	0.306081951	0.0686809183	0.0464207433	18.693946
8.47	0.119891269	0.0729517651	-0.236864092	0.0139632	0.524835061	-0.307140455	5.60981306	0.306626392	0.12020038	0.01411492	19.442966
8.48	0.121020188	0.0726659814	-0.236541937	0.0134868285	0.523612602	-0.0788876892	5.67736579	0.30709455	0.126482593	0.0179678547	19.546392
8.49	0.121726808	0.0723027463	-0.236188128	0.0131201029	0.522512464	0.0239538364	5.68307053	0.307352089	0.0348883431	0.0295462024	16.524947
8.5	0.121854264	0.0725649608	-0.235771394	0.0128593887	0.521464287	0.0817268945	5.61570502	0.307401281	0.0870172572	0.0137988233	18.366683
8.51	0.121502778	0.0732633413	-0.235279643	0.0127040189	0.52058931	0.0982650242	5.48508567	0.307361039	0.0724121617	0.0246117393	19.800955
8.52	0.120015147	0.0751338743	-0.234689319	0.0127310841	0.519550334	-0.0109578159	5.34479434	0.307199928	0.0997048184	0.0313761416	17.680985
8.53	0.118033245	0.0771601021	-0.234009605	0.0129096027	0.518717834	-0.136645197	5.1208328	0.306464834	0.0899977561	0.00988423128	20.012396
8.54	0.115861332	0.079435472	-0.23337578	0.0131692887	0.518368659	-0.245408644	4.9670195	0.305840928	0.0811716119	0.021326268	17.793963
8.55	0.113996251	0.0816441421	-0.232822693	0.0134259544	0.518101226	-0.24007243	4.74203184	0.304912778	0.0691572796	0.0139520344	19.186058
8.56	0.112058929	0.0846179804	-0.232270828	0.0137805065	0.518531922	-0.291140738	4.57818143	0.304155682	0.061248979	0.0201915067	18.464133
8.57	0.110286003	0.0884037911	-0.231756362	0.0142317998	0.519485231	-0.364703647	4.47820982	0.303353356	0.0443754369	0.0224153568	17.773393
8.58	0.109409375	0.0923217493	-0.231267267	0.0147589456	0.520905241	-0.404467768	4.43454774	0.302883037	0.0649420171	0.0218229049	18.860356
8.59	0.109100807	0.0953408944	-0.230796237	0.0152800597	0.522289625	-0.357631319	4.48721643	0.302680518	0.0290651609	0.0284358709	19.348803
8.6	0.109526135	0.0976962832	-0.230339238	0.0159268838	0.523493822	-0.316696318	4.47015318	0.302538091	0.140117189	0.0121421201	19.013375
8.61	0.110206743	0.0995362737	-0.229899867	0.0166081158	0.524552597	-0.201435381	4.45880928	0.302593266	0.11644399	0.0125470225	17.25575
8.62	0.110878698	0.100375012	-0.229474145	0.0173298405	0.52527049	-0.035544482	4.44397911	0.302751743	0.110827117	0.00579952253	18.330397
8.63	0.11168514	0.100669219	-0.229085498	0.0180963046	0.525626996	0.153622729	4.42875301	0.303065961	0.116398169	0.0193497275	19.480136
8.64	0.112388712	0.0999459635	-0.228727656	0.0189216575	0.525642809	0.333411054	4.40123247	0.303368916	0.091850031	0.012833169	19.14004
8.65	0.112732205	0.0987254355	-0.228387197	0.0197958339	0.525351707	0.501168971	4.36399209	0.303612423	0.0877821371	0.0197042578	17.921971
8.66	0.112641969	0.0968622949	-0.228015207	0.0207301846	0.524765679	0.63977161	4.29737958	0.303868811	0.0820702634	0.0295494106	18.664553
8.67	0.112474937	0.0947263617	-0.227624302	0.0217080474	0.523909844	0.754148214	4.22366833	0.304320759	0.0588884928	0.0215507389	17.228746
8.68	0.112077031	0.0925087639	-0.227243438	0.0227320942	0.522884472	0.831275237	4.14247191	0.304746358	0.0804076346	0.016074661	18.091329
8.69	0.111195166	0.0909545069	-0.226885248	0.0238051335	0.521761694	0.872803851	4.06972135	0.30518124	0.088728407	0.0258412634	18.134502
8.7	0.110025273	0.0892668448	-0.226550033	0.0249162784	0.520525128	0.901151503	4.01138166	0.305527766	0.103027434	0.0219428558	19.504194
8.71	0.108694714	0.0883069715	-0.226237415	0.0260835489	0.519149023	0.899392723	3.96006775	0.305950169	0.085281624	0.0184956637	19.212377
8.72	0.107404856	0.0868454504	-0.225937025	0.0272816756	0.517620487	0.905684913	3.92589439	0.306235594	0.0783606326	0.02853894	19.032231
8.73	0.10626503	0.0852893721	-0.22562853	0.0285070367	0.515927339	0.933745977	3.90023415	0.306356099	0.079131886	0.0159650058	19.34129
8.74	0.10524774	0.0840314745	-0.225295263	0.0297438057	0.514058971	0.988619939	3.87760073	0.306357036	0.0714246122	0.00609076017	19.965395
8.75	0.104790094	0.0824058462	-0.225053819	0.030876857	0.512428647	1.16520151	3.79728269	0.30598061	0.0484768012	0.0242054382	19.237614
8.76	0.104645457	0.0812794849	-0.224923393	0.0319689	0.511400266	1.27384433	3.79793091	0.305823853	0.0375434529	0.017821591	19.369524
8.77	0.10491535	0.0796235244	-0.224801082	0.0330490763	0.510204832	1.31003777	3.84945004	0.305948196	0.0883924296	0.0392884129	21.079392
8.78	0.105116487	0.0781387285	-0.224674459	0.0340944721	0.509590739	1.36046487	3.95095397	0.305929741	0.0361418167	0.0183840201	20.474322
8.79	0.104813531	0.0776873086	-0.224530315	0.0350912054	0.50946701	1.40254754	4.08755298	0.305815241	0.0434178526	0.0167692852	18.848228
8.8	0.104101467	0.07798255	-0.224387186	0.0360290209	0.50980641	1.42568953	4.23998299	0.305649586	0.0430369744	0.00864723938	19.62528
8.81	0.103431311	0.0773692597	-0.224259219	0.0369151046	0.510567369	1.43137747	4.35315969	0.305079736	0.0681273617	0.0326677477	18.327858
8.82	0.102862449	0.0781168283	-0.224131551	0.0377610744	0.511713604	1.40706783	4.43560797	0.304814428	0.0387363654	0.0214278925	19.831179
8.83	0.102328534	0.0801646981	-0.224024705	0.0385901947	0.513296432	1.33091924	4.48806485	0.304701572	0.0588328047	0.0214475995	18.585143
8.84	0.102023074	0.0833980011	-0.223957947	0.0393997917	0.515273345	1.20729819	4.51203768	0.304696629	0.0485993696	0.0121130205	21.238175
8.85	0.101756915	0.0859179626	-0.223834275	0.0402677518	0.517050585	0.954779082	4.54983045	0.304695659	0.0958079548	0.0178093322	20.224597
8.86	0.101796877	0.0883474389	-0.22374943	0.0410034422	0.518426688	0.855462847	4.49134543	0.304782697	0.0912279422	0.0168256535	17.246402
8.87	0.102226989	0.0902798906	-0.223736633	0.0416895202	0.51983155	0.698820272	4.41471738	0.304924392	0.108635581	0.00876053202	17.552329
8.88	0.102791476	0.0919926881	-0.223788298	0.0423123114	0.521035786	0.534455909	4.34117565	0.305210218	0.0932371157	0.015359376	18.859912
8.89	0.103062343	0.0926437246	-0.223908497	0.0428733913	0.522012907	0.384391149	4.27238035	0.305459145	0.104314893	0.0195234859	18.603743
8.9	0.103083289	0.0923914465	-0.224090368	0.0433725996	0.522720531	0.260435059	4.19938581	0.305625562	0.0974545374	0.0079212381	20.8663
8.91	0.10313803	0.0918389353	-0.224337412	0.0438336643	0.523130133	0.140673667	4.15406092	0.305855977	0.100109138	0.0238954341	21.233569
8.92	0.103062059	0.0911210686	-0.224597911	0.0442718009	0.523279999	0.0198900981	4.11919397	0.306036608	0.0434505176	0.0245829874	18.729651
8.93	0.103074824	0.0909684067	-0.224846126	0.0446837798	0.523213012	-0.0815474964	4.08947834	0.306241079	0.108786774	0.0295100476	18.785678
8.94	0.102991197	0.0908121152	-0.225067106	0.0450633851	0.522918908	-0.150024586	4.05515764	0.306327891	0.0679189121	0.0316086111	18.38714
8.95	0.103300207	0.0909304301	-0.225234218	0.0454235889	0.522421623	-0.194992793	4.03068397	0.306726664	0.0990344528	0.0237692813	19.570462
8.96	0.103656951	0.091323763	-0.225385525	0.0457694148	0.521741202	-0.203039575	4.00491544	0.307045708	0.103048928	0.0227314463	19.749609
8.97	0.104072455	0.0913102457	-0.225499857	0.0461056731	0.520858692	-0.172250988	3.95793369	0.307129753	0.0887634574	0.0101026728	19.838065
8.98	0.104357247	0.0916540665	-0.225582481	0.0464475586	0.519832878	-0.131757446	3.90133849	0.306987589	0.122852592	0.0215305096	17.884279
8.99	0.104711691	0.0927379463	-0.225766846	0.0469089512	0.519133205	-0.261228785	3.78828679	0.30646281	0.0534719719	0.0259791325	16.882492
9	0.104641393	0.0946450946	-0.226118483	0.0473815923	0.519360275	-0.356694073	3.78105588	0.305862837	0.067421908	0.0348444282	19.13272
9.01	0.104533047	0.0965230838	-0.226525829	0.047865247	0.519489174	-0.432114162	3.8357364	0.305607076	0.0801452848	0.023099095	17.780306
9.02	0.104606373	0.0972541594	-0.227026798	0.0483266888	0.520139525	-0.483050144	3.90685531	0.305313613	0.0543130902	0.0189062492	17.69124
9.03	0.105125166	0.0978930177	-0.227629619	0.048756296	0.521152986	-0.523253935	3.98665162	0.30508837	0.0325054019	0.0245244418	17.181794
9.04	0.10586827	0.0987348778	-0.228194878	0.0491407816	0.522357916	-0.527098596	4.06645073	0.304940606	0.127537982	0.0282728171	21.66152
9.05	0.107113655	0.099457959	-0.228743447	0.0494384187	0.523665706	-0.492460716	4.14082694	0.304873395	0.0513602179	0.028127219	17.996896
9.06	0.108771707	0.0993859342	-0.229318355	0.0496256361	0.525114454	-0.417861567	4.20536036	0.304750852	0.0526561332	0.0112205038	20.23345
9.07	0.110865798	0.0982903238	-0.229914755	0.049698573	0.526597607	-0.31499892	4.24492661	0.304562346	0.0478665924	0.0103053716	18.055719
9.08	0.113469236	0.0966139107	-0.230511332	0.0496348975	0.528076069	-0.185382066	4.25292771	0.304371979	0.0281490513	0.0146179668	17.761971
9.09	0.116535103	0.0949724831	-0.23113119	0.0494320446	0.529498418	-0.0242771245	4.24044262	0.304286719	0.0351815552	0.00392805943	19.383909
9.1	0.119890456	0.0939437152	-0.231764514	0.0491202098	0.53072908	0.137421346	4.21832697	0.304386586	0.0925112338	0.0114286658	18.149689
9.11	0.123444561	0.0913758149	-0.232419649	0.0487127668	0.531757317	0.292467434	4.18984099	0.304329334	0.0877236545	0.0320306415	17.810454
9.12	0.127130678	0.0882386921	-0.233065467	0.0482463676	0.532475452	0.410299767	4.17102719	0.304345186	0.108103384	0.015008465	20.151972
9.13	0.130828087	0.0864757433	-0.233694147	0.0477589849	0.532840623	0.476669324	4.19698133	0.304761297	0.0992064648	0.036864471	18.643795
9.14	0.133737757	0.0852696278	-0.234324845	0.0472522845	0.532920312	0.511968585	4.26755211	0.305321656	0.0851709706	0.0251258861	18.342499
9.15	0.135904574	0.0838235127	-0.234884508	0.0467353767	0.532608331	0.513807593	4.35195008	0.30600956	0.111962922	0.0173723549	17.243016
9.16	0.137370935	0.0820649325	-0.235397226	0.046210446	0.531976709	0.462032161	4.42904712	0.306502182	0.0955610209	0.0187002196	18.117301
9.17	0.138458396	0.0791141816	-0.235862829	0.0456833272	0.531069774	0.376923387	4.49953072	0.306766339	0.0343951115	0.0284032338	19.015086
9.18	0.138638062	0.0775420057	-0.236232447	0.0451247263	0.529982765	0.311901325	4.61826628	0.307545973	0.140471938	0.0365413072	19.992942
9.19	0.138462244	0.0755480955	-0.236524959	0.0445368976	0.528711034	0.262639607	4.76780805	0.308505867	0.101757578	0.0349421116	19.655148
9.2	0.137315561	0.0746099736	-0.236720564	0.0439217371	0.527246084	0.246572328	4.94415826	0.309510216	0.0913526113	0.0211342696	18.796699
9.21	0.135018224	0.0746519541	-0.236863977	0.0432890628	0.525597023	0.271386338	5.13164839	0.310240466	0.103620323	0.0189099484	22.225796
9.22	0.131788284	0.0756039538	-0.236949004	0.0426487382	0.523740479	0.333904086	5.32833492	0.311020482	0.138884865	0.0192342229	21.419886
9.23	0.127901854	0.0767722179	-0.23705707	0.0418801982	0.522006314	0.515293545	5.42206897	0.310778721	0.0980859596	0.0366915691	19.574446
9.24	0.123828529	0.0779299695	-0.237169456	0.0409709818	0.520362675	0.820193025	5.42722338	0.310177749	0.0699849644	0.0130108334	23.299231
9.25	0.119669129	0.0787368053	-0.237286054	0.0399127651	0.518861079	1.21232019	5.31612051	0.30915382	0.0891244297	0.01899213	21.8347
9.26	0.114613872	0.0802146538	-0.237368556	0.0388038702	0.51774029	1.54535605	5.31138169	0.308357003	0.0916034564	0.0181595931	22.461659
9.27	0.109201247	0.0822440569	-0.237520678	0.0377658154	0.517262113	1.76488948	5.30941739	0.30725818	0.0661633789	0.0485655202	20.353411
9.28	0.103928877	0.0846133463	-0.237773082	0.0368285227	0.517142885	1.86477295	5.29319908	0.306087393	0.0694529874	0.00687925413	17.950734
9.29	0.0993570476	0.0879270019	-0.238013832	0.0359963073	0.517445711	1.89153641	5.31274926	0.305529027	0.101810573	0.0303400512	18.278991
9.3	0.0960225606	0.0911519369	-0.238263713	0.0352587415	0.517881875	1.88355248	5.3451047	0.305310864	0.104535962	0.0255433367	19.137575
9.31	0.0941650089	0.0937573725	-0.238566645	0.0346320657	0.518456175	1.83056899	5.37758611	0.305288927	0.0582927695	0.0111997714	17.196351
9.32	0.0937337942	0.0964007543	-0.238901566	0.0341315019	0.519113809	1.73017649	5.38165187	0.30543555	0.0526219902	0.0142503511	17.207309
9.33	0.094185094	0.0981071323	-0.239244165	0.0337785821	0.520008651	1.55626479	5.36105695	0.305496011	0.0859447406	0.0201538078	20.570752
9.34	0.0951101919	0.0992874794	-0.239611902	0.0335604865	0.521181521	1.32559404	5.32580952	0.305518855	0.0448262724	0.0358285156	19.051236
9.35	0.0960894128	0.0995456102	-0.239952293	0.0335065664	0.522212497	0.971364402	5.31744119	0.305635911	0.136463976	0.0195264877	17.707366
9.36	0.0966308366	0.0987249848	-0.24030315	0.0334744875	0.523106777	0.704170002	5.35934846	0.305787152	0.0885194942	0.014772965	19.770254
9.37	0.0978852617	0.097227445	-0.240625719	0.033431964	0.52360117	0.530616462	5.28247659	0.305813188	0.093664762	0.015980372	17.645866
9.38	0.099156582	0.0952795053	-0.240887034	0.0334669056	0.524156375	0.304063505	5.26170211	0.305947726	0.085037806	0.00713798139	18.950846
9.39	0.100238882	0.0918138223	-0.241116767	0.0335236712	0.52467382	0.100290038	5.2687183	0.305915302	0.0775478211	0.0387427801	19.047237
9.4	0.101466987	0.0885274987	-0.241284295	0.0335748102	0.524996341	-0.0729005992	5.29966872	0.305913927	0.120899885	0.0155453232	18.586402
9.41	0.102667056	0.0859881568	-0.241383548	0.033620386	0.5251322	-0.225851588	5.35123047	0.305908272	0.0814020512	0.0141669855	18.630285
9.42	0.1036824	0.0843611949	-0.241415715	0.03364902	0.524933174	-0.319429617	5.42374274	0.305897417	0.105280793	0.0146810348	18.424473
9.43	0.104755018	0.0827717757	-0.241422731	0.0336616316	0.524389173	-0.35987395	5.5188516	0.305921098	0.112597367	0.00965314333	18.483715
9.44	0.106094252	0.0802131941	-0.241445383	0.0336497197	0.523478394	-0.346058598	5.62015702	0.305801523	0.120720353	0.023716595	16.863707
9.45	0.10776141	0.07735228	-0.241426095	0.0336893525	0.52249486	-0.307566707	5.64950674	0.305321467	0.0973063335	0.0116373471	18.415787
9.46	0.109715317	0.0742392248	-0.241416871	0.0337759052	0.52144815	-0.284204155	5.60208593	0.304559469	0.111806957	0.0239366958	17.268721
9.47	0.112050804	0.0718614691	-0.241405021	0.0339406324	0.520494013	-0.329142162	5.48404865	0.304115411	0.136114054	0.0395587279	18.690851
9.48	0.11406861	0.0713363252	-0.241454103	0.0342400203	0.519776577	-0.481979817	5.30420129	0.3039316	0.113963296	0.0139997948	16.639145
9.49	0.11564052	0.0715730707	-0.24157617	0.034763741	0.51900317	-0.829011739	5.09631265	0.303933821	0.0707054882	0.00933485467	20.143923
9.5	0.117162263	0.0714048701	-0.241896616	0.0353577233	0.519236909	-0.991863036	4.97966899	0.303752124	0.0599348775	0.0195589579	17.615638
9.51	0.118056646	0.0709958722	-0.242342467	0.0358720324	0.519685862	-0.996938995	4.99209209	0.303519547	0.0611389951	0.0231116557	19.937312
9.52	0.118398147	0.0705027237	-0.242941521	0.036426804	0.52083214	-0.941143688	4.9794313	0.302793027	0.0539301391	0.0188744242	16.923429
9.53	0.118584964	0.0703680613	-0.243654089	0.0370076293	0.522482793	-0.905459489	4.97245502	0.302337874	0.0440206133	0.0123351163	17.726294
9.54	0.118787836	0.070870499	-0.244461973	0.0376421857	0.524493748	-0.888192094	4.9532973	0.302216162	0.0581284278	0.017235273	19.007257
9.55	0.119527893	0.0704206333	-0.24540967	0.0383255418	0.526719281	-0.891997458	4.94749422	0.302252344	0.106916944	0.0350276291	16.980918
9.56	0.120670752	0.0708505641	-0.246418981	0.0390301844	0.528998805	-0.89039631	4.95469721	0.302612035	0.0523591448	0.0185893248	16.130331
9.57	0.122119964	0.0724579105	-0.247469564	0.0397583685	0.531231036	-0.897227996	4.94716357	0.303151524	0.0355235155	0.0274653499	17.760089
9.58	0.123818278	0.0745273218	-0.248551565	0.0405073523	0.533479459	-0.890836952	4.91658836	0.303664865	0.0428154415	0.0332481985	18.602044
9.59	0.125728188	0.0762809869	-0.249645869	0.0412508796	0.535678377	-0.846262559	4.85901325	0.304020855	0.0457635919	0.0137716263	16.421976
9.6	0.126981707	0.0787445697	-0.250739812	0.0419954141	0.537645703	-0.770866504	4.80611694	0.304055965	0.145216827	0.0501760687	18.806778
9.61	0.128512647	0.0808140374	-0.251826102	0.0427517691	0.539268231	-0.689299886	4.78042456	0.304276641	0.0916927455	0.0187076753	16.825315
9.62	0.130221958	0.0816925253	-0.252847412	0.0435050205	0.540478424	-0.598177927	4.77413398	0.304513353	0.0953948821	0.0186189951	18.063596
9.63	0.131893891	0.0815789744	-0.253813621	0.0442558005	0.541343342	-0.514387004	4.78540584	0.304719381	0.0657045398	0.0145183676	15.82875
9.64	0.133510099	0.0818946912	-0.254698311	0.0449932903	0.541808879	-0.440869388	4.81812194	0.305079159	0.0828275969	0.025965526	19.95957
9.65	0.134900405	0.0818610944	-0.255498427	0.045695583	0.541852442	-0.366623953	4.86985389	0.305385056	0.0879046952	0.0129290549	15.610323
9.66	0.13605968	0.0813555713	-0.256197083	0.0463585175	0.541469707	-0.291644449	4.93930548	0.305723087	0.0701220185	0.0103666354	20.512332
9.67	0.136799156	0.0809975832	-0.256796765	0.0469804096	0.540702882	-0.227585149	5.03381742	0.306158773	0.0363036629	0.0138063958	18.513368
9.68	0.137136803	0.0806059473	-0.257330393	0.0475749768	0.539738	-0.182802101	5.16590605	0.306879157	0.130359948	0.0254968747	18.368747
9.69	0.136852991	0.079913584	-0.257818359	0.0481379509	0.538603572	-0.148308239	5.32224111	0.307436974	0.0951042237	0.0199126289	17.364494
9.7	0.135793547	0.0787671571	-0.258280145	0.0486906934	0.537266813	-0.153333105	5.48410175	0.307390485	0.0907157588	0.0377123269	17.048296
9.71	0.134303556	0.0770549572	-0.258708105	0.0492389036	0.535716883	-0.198317755	5.65813299	0.307066422	0.160915852	0.0126630282	16.988777
9.72	0.132790309	0.0747227192	-0.259045685	0.0498034398	0.533894434	-0.303479596	5.80793639	0.306683385	0.127759799	0.0187216631	20.010917
9.73	0.131338349	0.0719338639	-0.259234281	0.050360723	0.531804102	-0.462669355	5.91005183	0.306292387	0.109328837	0.0282984898	18.692406
9.74	0.129995311	0.0686169887	-0.259238233	0.0509179773	0.529304773	-0.69283514	5.9263106	0.305836669	0.130717699	0.0327589381	16.179375
9.75	0.128550421	0.067424104	-0.259132429	0.0513504093	0.526911512	-0.820901549	5.79155055	0.305575384	0.0610061909	0.0199507657	18.316681
9.76	0.126624723	0.0675904743	-0.258967842	0.0515781161	0.524333568	-0.755394386	5.60282838	0.305594303	0.0487085196	0.0280829621	16.122236
9.77	0.124616557	0.0683766871	-0.258811258	0.0517888368	0.522588537	-0.813936588	5.45299431	0.305693665	0.0357227496	0.0114140111	17.489468
9.78	0.122787104	0.0698471031	-0.258677189	0.0519849912	0.521426193	-0.911360865	5.32836031	0.305873608	0.0519913963	0.0257917966	18.390637
9.79	0.12126233	0.0717934005	-0.258559701	0.0521989971	0.520500306	-1.08859678	5.18522273	0.306023386	0.0470222307	0.0152431839	18.597437
9.8	0.119923487	0.0734915111	-0.258496802	0.0523831166	0.520119179	-1.23882796	5.09768822	0.306132066	0.0516679751	0.0216843107	16.80404
9.81	0.119061239	0.0750839565	-0.258482841	0.0525145333	0.52010929	-1.34292807	5.02496444	0.306211708	0.0663550851	0.0111376191	18.162161
9.82	0.118299914	0.0774338783	-0.258535997	0.0526162834	0.520433415	-1.41645132	4.96941797	0.306307733	0.033712314	0.0464207537	19.608087
9.83	0.117217681	0.0785948621	-0.258721384	0.0526640013	0.521089198	-1.45081029	4.92107797	0.305664754	0.0992095449	0.026425802	18.813313
9.84	0.117158392	0.0797853723	-0.258967772	0.0526485459	0.521920348	-1.45819003	4.88958287	0.305412582	0.0441054234	0.0121084954	18.420509
9.85	0.117758884	0.0819258217	-0.25925821	0.0525471807	0.522702804	-1.43886333	4.84224675	0.305463964	0.108509909	0.0292291643	17.787167
9.86	0.118268807	0.0835656306	-0.259495726	0.0524812376	0.522889851	-1.5015827	4.84610378	0.30568004	0.104678602	0.0167453253	18.918687
9.87	0.119068292	0.0840646955	-0.259740602	0.05233379	0.523107556	-1.49458915	4.80069336	0.305642177	0.0947351808	0.0163143954	17.497771
9.88	0.120445322	0.0848956664	-0.259979446	0.0521018859	0.523231345	-1.44756742	4.73294518	0.305761841	0.100278808	0.0259026654	18.024817
9.89	0.121959307	0.0847883995	-0.260215529	0.0518165105	0.523201685	-1.40116627	4.65879596	0.305796861	0.112177329	0.00894812274	17.892425
9.9	0.123620612	0.0846991966	-0.260428248	0.0514701847	0.523047516	-1.32777516	4.58984288	0.305931063	0.074588997	0.0357657684	20.037588
9.91	0.125034287	0.0830669178	-0.260667686	0.0510730523	0.522925114	-1.2662837	4.53484545	0.305855449	0.0955098367	0.0423803241	19.505088
9.92	0.126530016	0.0803145698	-0.260931485	0.0506254511	0.522796785	-1.20278354	4.49815187	0.305733567	0.0558265975	0.025859634	18.530324
9.93	0.128187654	0.0785006673	-0.261225042	0.0501330902	0.522633317	-1.13908507	4.50052244	0.305904688	0.110448712	0.0174560595	19.123321
9.94	0.129959565	0.0762246747	-0.261537474	0.0495857901	0.522404208	-1.0648228	4.51762789	0.306021043	0.0669401457	0.020226116	18.372058
9.95	0.131700584	0.0730424093	-0.261841401	0.0489871487	0.522173993	-0.994252514	4.54805881	0.306178155	0.0800425534	0.0399718351	20.343246
9.96	0.133153394	0.0701975067	-0.262107604	0.048326903	0.521963905	-0.895597923	4.59527147	0.306439678	0.0941615518	0.0277622223	21.039064
9.97	0.134089595	0.068458699	-0.262305083	0.0476169197	0.521680404	-0.779730847	4.65155778	0.306735616	0.104052841	0.0127927005	20.337571
9.98	0.134498467	0.0679447879	-0.262405089	0.0468526271	0.521326304	-0.648902051	4.71633957	0.307294248	0.10953654	0.0189684953	19.273811
9.99	0.134973593	0.0675796598	-0.262411651	0.0460239061	0.520913635	-0.495535979	4.78424444	0.308149218	0.0492547077	0.0284022289	22.713882
10	0.135192522	0.0680049045	-0.262435891	0.0452162572	0.520794583	-0.413171217	4.76804865	0.308598518	0.0723117098	0.0157855452	22.221778
