time_s	goal_index	ee_error_m	base_x_m	base_y_m	base_z_m	roll_deg	pitch_deg	clearance_m	action_delta_l2	update_ms
0.01	0	0.392925412	4.74741347e-05	-6.63432462e-06	0.542700783	0.00215162931	-0.044554252	0.306003524	0	42.348676
0.02	0	0.392196125	0.000135942054	-3.19460252e-05	0.541118602	0.00805300934	-0.149942027	0.305869856	0.066410917	16.826396
0.03	0	0.390483459	0.000213774962	-2.36847533e-05	0.538988882	-0.0208114665	-0.288977921	0.306304683	0.119267104	14.351418
0.04	0	0.387696609	0.00027917112	4.43370207e-05	0.536452274	-0.0937323365	-0.475395942	0.307443012	0.076174763	15.072695
0.05	0	0.383783711	0.000238027981	0.000177994374	0.533763785	-0.191211434	-0.661083502	0.30946639	0.0893276364	16.462868
0.06	0	0.378728628	3.1124103e-05	0.000354609132	0.53097881	-0.294027601	-0.813564955	0.312561073	0.0760307489	15.66621
0.07	0	0.372619597	-0.000367664857	0.000564514897	0.528283977	-0.394422964	-0.910449067	0.316650078	0.0624761318	15.655292
0.08	0	0.365573362	-0.000970818403	0.000818035876	0.525899764	-0.500412691	-0.928836946	0.321565426	0.074735916	16.237064
0.09	0	0.358120911	-0.00169003658	0.00112171534	0.523244863	-0.627973735	-1.06747206	0.326583936	0.0936007679	17.027547
0.1	0	0.350205326	-0.00267017145	0.00144357278	0.521325362	-0.726875427	-1.05928784	0.331698108	0.0548609859	15.559195
0.11	0	0.342054224	-0.00379964934	0.00177907717	0.51992161	-0.808460089	-1.01193513	0.336910928	0.0737018977	16.772496
0.12	0	0.333190189	-0.00502641406	0.00209824074	0.51849518	-0.846151151	-0.767526296	0.34309595	0.0844643059	16.75039
0.13	0	0.324272687	-0.00636238737	0.00240838678	0.517764686	-0.864898618	-0.560346563	0.348369305	0.0483147468	17.565248
0.14	0	0.315347886	-0.00778944614	0.00270842753	0.517632093	-0.85885577	-0.352199093	0.35286917	0.0513058349	15.990982
0.15	0	0.306450934	-0.00930591772	0.00302678297	0.518005737	-0.850392233	-0.128969386	0.357121319	0.0635838117	16.925922
0.16	0	0.297611947	-0.010873926	0.00334030262	0.518843846	-0.823364811	0.110616724	0.361144401	0.0638652001	15.429509
0.17	0	0.288901416	-0.012455316	0.00363594504	0.520126092	-0.767767756	0.342757765	0.364555173	0.0542480639	14.953003
0.18	0	0.280576443	-0.0140476558	0.00395035593	0.521166598	-0.738153352	0.423268128	0.367377915	0.0781565043	17.10616
0.19	0	0.27257853	-0.0156951408	0.00424081882	0.522759502	-0.685596466	0.549689562	0.37004225	0.0628663662	15.893593
0.2	0	0.264819847	-0.0173271713	0.00452171227	0.524625406	-0.649029244	0.695992848	0.372693116	0.0646984608	17.621562
0.21	0	0.257246634	-0.0189208293	0.00476404572	0.526638346	-0.605933093	0.839315291	0.375231289	0.0788380314	18.456615
0.22	0	0.249636321	-0.0204491949	0.00502438142	0.528466515	-0.584592031	1.02611207	0.377640044	0.0959444696	17.32722
0.23	0	0.2420542	-0.0218932519	0.00527479449	0.530229841	-0.556217043	1.17708399	0.380096178	0.0775091275	16.566576
0.24	0	0.234431709	-0.0231835472	0.00551447151	0.53161098	-0.519602704	1.29958672	0.382769255	0.0773314003	18.346632
0.25	0	0.226915161	-0.0242672051	0.00576613776	0.532674368	-0.531071544	1.31983863	0.384940733	0.0738424346	17.153956
0.26	0	0.21955485	-0.025162832	0.0060192121	0.533372862	-0.551715516	1.26850117	0.386724134	0.0591228132	15.110202
0.27	0	0.212353981	-0.0259396893	0.00626182752	0.533602282	-0.590390098	1.17488623	0.388585692	0.11198822	16.805739
0.28	0	0.20527583	-0.0266062823	0.00649459574	0.533530765	-0.628072228	1.07382505	0.390499128	0.0743568949	16.475777
0.29	0	0.198268547	-0.0271617761	0.00673663249	0.533185094	-0.66904007	0.961166455	0.392423457	0.0566525275	16.348121
0.3	0	0.191323419	-0.0275421235	0.0069933173	0.532503443	-0.719989765	0.798089001	0.394252716	0.0785926464	15.448615
0.31	0	0.184382255	-0.0277956813	0.00725239556	0.531577326	-0.743706784	0.617356583	0.396035803	0.0580251071	17.583746
0.32	0	0.17736702	-0.0279861344	0.00749723751	0.530655118	-0.768627327	0.434671701	0.397713953	0.065759195	17.074399
0.33	0	0.170189499	-0.0281297709	0.00771589884	0.52964932	-0.749312397	0.266605589	0.399390572	0.0661340026	16.264343
0.34	0	0.162820717	-0.0282290587	0.0078686643	0.528632196	-0.712072059	0.0774754473	0.400929731	0.0689736027	14.965916
0.35	0	0.155206885	-0.0283546591	0.00795101748	0.527826442	-0.654006922	-0.100945046	0.402339333	0.0711952624	16.291577
0.36	0	0.147288188	-0.0285529749	0.00797545139	0.52728016	-0.600017908	-0.251935261	0.403666845	0.0521224367	16.242592
0.37	0	0.138984951	-0.0287453203	0.00807650711	0.526385018	-0.688465943	-0.366313851	0.405165371	0.0537998388	16.427567
0.38	0	0.130473639	-0.0291328617	0.00802468989	0.525650081	-0.614557878	-0.508725195	0.405593057	0.0791754218	16.304517
0.39	0	0.121627588	-0.0296718912	0.00789835424	0.525302845	-0.562893344	-0.599716812	0.405271475	0.0591297738	16.440182
0.4	0	0.112443929	-0.0303312316	0.00767901925	0.525263786	-0.493764289	-0.652666376	0.404562552	0.0810468703	17.089574
0.41	0	0.102872795	-0.0311258678	0.00737622708	0.525509688	-0.415619057	-0.642049252	0.403838947	0.0900985157	16.670905
0.42	0	0.0928649141	-0.0320230928	0.00700779715	0.525973232	-0.33904675	-0.562712291	0.403130218	0.071561877	15.531203
0.43	0	0.0824558944	-0.0329957813	0.00655781692	0.526612544	-0.24230994	-0.453476937	0.402121094	0.0722122826	19.072212
0.44	0	0.0716907516	-0.0339511384	0.00604710252	0.527368304	-0.14623485	-0.325138405	0.400765356	0.101541784	18.770136
0.45	0	0.0606973145	-0.0348617378	0.00548037589	0.528155649	-0.0592579463	-0.200304928	0.399272966	0.0740396258	18.611116
0.46	0	0.0496202072	-0.0357367354	0.00490105931	0.52897333	-0.0192666381	-0.0581329371	0.397699685	0.0798010968	17.631096
0.47	0	0.0389208318	-0.0365324989	0.00439220427	0.529481995	-0.089401951	0.0143244827	0.395617775	0.0575506036	16.187511
0.48	0	0.0290966762	-0.0372067382	0.00382139253	0.529756494	-0.0710768792	0.130896029	0.393442062	0.078962151	16.404483
0.49	0	0.0216802639	-0.0378114717	0.00324932988	0.529995707	-0.0776979057	0.259336573	0.391217219	0.0563956331	15.499248
0.5	0	0.0199293705	-0.0383378094	0.00268205034	0.530071981	-0.0860427184	0.382522899	0.388933276	0.0522304568	16.93848
0.51	0	0.0252188046	-0.0388258848	0.00215202435	0.529972703	-0.130660697	0.495852895	0.386474468	0.0813049517	15.154362
0.52	0	0.0348503137	-0.0391998562	0.00167217427	0.529683392	-0.211065687	0.575948053	0.383826417	0.0687325736	13.723298
0.53	0	0.0460324734	-0.0394720728	0.00125071013	0.529273898	-0.30539551	0.630386466	0.381448622	0.0504282402	18.217878
0.54	0	0.0575522085	-0.0396764057	0.000880470062	0.528656862	-0.390390736	0.676150806	0.379473489	0.0622869267	16.247857
0.55	0	0.0688733379	-0.0398699887	0.000566972546	0.527816418	-0.48311752	0.75038368	0.377998068	0.0603137107	17.345005
0.56	0	0.0795910754	-0.0400466452	0.000287044565	0.526792773	-0.508650771	0.802533341	0.376827352	0.0395508205	16.435516
0.57	0	0.0893879723	-0.0401932393	6.1204863e-05	0.525676454	-0.564685893	0.81858351	0.375705546	0.0798553264	16.571829
0.58	0	0.0979037693	-0.0403328335	-9.70726604e-05	0.524435658	-0.629858379	0.795958224	0.374591084	0.0475542695	13.809312
0.59	0	0.104860086	-0.0404991442	-0.000213303664	0.523230666	-0.647343558	0.734088788	0.373609497	0.0926648311	15.251086
0.6	0	0.110043472	-0.0407383389	-0.00031304985	0.522101085	-0.607861871	0.644150308	0.372798698	0.0394027821	14.830358
0.61	0	0.113315558	-0.0409565999	-0.000476918443	0.520645191	-0.449592084	0.627334243	0.372565988	0.0385530319	18.491082
0.62	0	0.114731478	-0.0412846978	-0.000591338429	0.519512499	-0.338618678	0.598561994	0.372446135	0.0385232354	18.444393
0.63	0	0.114362347	-0.0417548596	-0.000612172556	0.518773462	-0.285511579	0.559028081	0.372432795	0.0798572592	16.880526
0.64	0	0.112220805	-0.0423774971	-0.000434638719	0.517924607	-0.407693298	0.497084291	0.37258799	0.0786930005	14.595929
0.65	0	0.10862632	-0.0431976612	-0.000202415677	0.517550414	-0.434136501	0.478097407	0.372994443	0.0787552914	15.855767
0.66	0	0.103760966	-0.044206882	6.90492747e-05	0.517445857	-0.438050555	0.488955138	0.373627851	0.0744879258	18.308304
0.67	0	0.0978340598	-0.0453276966	0.000359546789	0.517492194	-0.40873805	0.467709727	0.374305628	0.0817520647	16.719722
0.68	0	0.0911168821	-0.0465873839	0.000701535352	0.517897728	-0.39385014	0.479321915	0.375142254	0.0500741947	16.276161
0.69	0	0.0838464788	-0.0479179506	0.00111283178	0.51870588	-0.394001142	0.495022338	0.376008048	0.0916758251	14.755407
0.7	0	0.0762286467	-0.0492648684	0.00159527336	0.519846209	-0.393524584	0.504627191	0.37685308	0.0396079685	14.551795
0.71	0	0.0684570936	-0.0505882393	0.00212611469	0.521203812	-0.359684529	0.520716527	0.37751866	0.0581078438	14.398009
0.72	0	0.0607044654	-0.0518437886	0.00261834986	0.522433545	-0.236325373	0.592836386	0.37840187	0.0838474658	15.358083
0.73	0	0.0530972216	-0.052975964	0.00312403449	0.523536771	-0.124949908	0.64052343	0.379190736	0.102447325	17.182692
0.74	0	0.0458171436	-0.0539948312	0.00363690652	0.524488668	-0.0210910554	0.677434263	0.379913031	0.0353825071	16.634924
0.75	0	0.0390466095	-0.0549086814	0.00412478665	0.525304257	0.0905454043	0.709753294	0.380568331	0.0384894028	16.021927
0.76	0	0.0329263573	-0.0556984901	0.00456481762	0.526025388	0.205039787	0.732634408	0.381122209	0.0441643049	16.780785
0.77	0	0.0274937992	-0.0563660973	0.0049587467	0.526587397	0.294474996	0.743036838	0.3815662	0.0478498537	15.653646
0.78	0	0.02270115	-0.0568368142	0.00535488398	0.526972143	0.305550685	0.717110068	0.381830301	0.103978317	15.654223
0.79	0	0.018585472	-0.0571068986	0.00575396491	0.527164439	0.289409875	0.623699077	0.381840984	0.0984114599	14.849744
0.8	0	0.0151007788	-0.0572134655	0.00615889222	0.527214982	0.240883533	0.493759622	0.381687885	0.0618999264	19.084566
0.81	0	0.0122639471	-0.0572326222	0.00657079234	0.527162239	0.154843071	0.340323875	0.381347095	0.0569559645	15.745041
0.82	0	0.0103237074	-0.0571931377	0.00698778491	0.527059133	0.0622872627	0.160869266	0.380870945	0.0764623947	14.875538
0.83	0	0.00963980764	-0.0571221195	0.00741692161	0.526825861	-0.0613509588	-0.0383450786	0.380286952	0.049499053	14.466075
0.84	0	0.0104977928	-0.0570606215	0.00783717529	0.526597053	-0.152413598	-0.231094769	0.379651004	0.0502036574	14.739089
0.85	0	0.0126266692	-0.0570030793	0.00833485876	0.526002608	-0.350315438	-0.309929249	0.379295568	0.0628294849	16.429033
0.86	0	0.0156037067	-0.0570670363	0.00880052262	0.525655043	-0.462441861	-0.404988196	0.378697873	0.0834994005	16.445856
0.87	0	0.0189242061	-0.0572116614	0.00912361669	0.52515704	-0.396559239	-0.597879633	0.377756229	0.0846414416	14.895985
0.88	0	0.0227933897	-0.0575374533	0.00938648869	0.525143792	-0.352650496	-0.741067093	0.376816664	0.0668074021	14.417034
0.89	0	0.027052317	-0.0579979674	0.00958660841	0.525566725	-0.293478027	-0.853821065	0.375844537	0.0656870264	17.81637
0.9	0	0.0315740503	-0.0585624737	0.00971814624	0.526346451	-0.210677481	-0.949646702	0.374820781	0.0686433776	16.754536
0.91	0	0.0362958535	-0.0592338273	0.00981774506	0.527299044	-0.15510904	-1.03467385	0.373727198	0.0621551478	16.625154
0.92	0	0.0410501249	-0.0600357789	0.00984591335	0.52860318	-0.0719178044	-1.04911402	0.372744068	0.0886166018	15.947897
0.93	0	0.0457107246	-0.0609906051	0.00976534984	0.530232972	0.0628633279	-0.99534142	0.371860105	0.0906821118	15.55348
0.94	0	0.0502699065	-0.0621011777	0.00959598523	0.532023035	0.19646071	-0.873357956	0.371097039	0.0662741854	17.787758
0.95	0	0.0547173625	-0.0633003122	0.0093550533	0.533821894	0.297354069	-0.700782311	0.370438058	0.0660114148	13.415947
0.96	0	0.0589656262	-0.0645760338	0.0090249087	0.535447647	0.389711707	-0.515883551	0.36981536	0.0713161509	17.399977
0.97	0	0.062832397	-0.0658537868	0.00856900397	0.536558096	0.560294487	-0.374943944	0.36913564	0.112222465	14.130477
0.98	0	0.0664683643	-0.0670831624	0.0079786046	0.537342439	0.716671763	-0.244843055	0.368494149	0.104539632	14.684742
0.99	0	0.0698917841	-0.0682509695	0.00729417861	0.538039561	0.83449926	-0.190317058	0.367688344	0.0506693464	15.391354
1	0	0.0729713166	-0.0693317214	0.00652237454	0.538633623	0.941604295	-0.206377119	0.366783914	0.0637259901	13.594993
1.01	0	0.0755977892	-0.0703085054	0.0056769947	0.539056612	1.0204957	-0.275230005	0.365870924	0.0620311748	16.19769
1.02	0	0.0776818324	-0.0712198689	0.00480051786	0.539097423	1.00894594	-0.346234229	0.365137794	0.10846189	16.968305
1.03	0	0.0790273053	-0.0720732369	0.0039137538	0.538829972	0.973340413	-0.417632893	0.364520355	0.0524834826	15.221303
1.04	0	0.0795336395	-0.072871903	0.00300945784	0.538293419	0.945183128	-0.488623277	0.363969602	0.0741781015	15.164784
1.05	0	0.0792548851	-0.0737316257	0.00206944627	0.537790799	0.90926008	-0.51354841	0.363529933	0.136840627	14.540757
1.06	0	0.0782222812	-0.0746234685	0.00110720485	0.53744097	0.909761343	-0.505484453	0.36311677	0.0715821821	13.369389
1.07	0	0.0765866645	-0.075546487	0.000132229688	0.53726252	0.912535404	-0.473445348	0.362710581	0.0621887332	15.340194
1.08	0	0.0745100399	-0.0764756556	-0.00077093908	0.53666184	0.790155389	-0.544243738	0.362083811	0.0613400259	16.234748
1.09	0	0.0720351486	-0.077496464	-0.00167650093	0.536398535	0.708135801	-0.551118164	0.36163094	0.0605127728	16.351317
1.1	0	0.069286529	-0.0785870403	-0.00257413262	0.536455391	0.676150907	-0.532864647	0.361213287	0.0521936279	16.227066
1.11	0	0.0664657365	-0.0797744245	-0.0034588494	0.536906003	0.62803634	-0.486023323	0.360837789	0.0778962324	14.618667
1.12	0	0.0634528499	-0.0809597884	-0.00444471029	0.53702422	0.725550409	-0.300024006	0.360935137	0.0678364734	16.390504
1.13	0	0.0607437251	-0.0822034937	-0.00541453232	0.537628486	0.763958301	-0.129705333	0.360832819	0.0676653984	13.524661
1.14	0	0.0584593599	-0.0834910394	-0.00636469038	0.538536585	0.762048227	0.0325129135	0.360642347	0.0462297788	15.399002
1.15	0	0.0567165817	-0.084784921	-0.0072961233	0.539723165	0.708588094	0.169997118	0.360365724	0.0594087254	17.80468
1.16	0	0.0555356234	-0.0860472129	-0.00822951345	0.541077995	0.640710714	0.295488274	0.360086304	0.0525208853	14.283377
1.17	0	0.0549135296	-0.0873134083	-0.00915985643	0.542618032	0.565450017	0.421811425	0.359837641	0.0668013737	14.841943
1.18	0	0.054799904	-0.088573669	-0.0100924332	0.544294868	0.488526239	0.543426364	0.359602431	0.0419908318	17.079737
1.19	0	0.0551139319	-0.0898019934	-0.0110314576	0.546047536	0.412254511	0.649824587	0.359352748	0.0436093662	13.730243
1.2	0	0.0555933943	-0.0909545559	-0.0118900638	0.547310028	0.222399168	0.625873134	0.358886279	0.0691441779	14.567906
1.21	0	0.0563051407	-0.0920599165	-0.0127545914	0.548595533	0.101109235	0.608742866	0.358486891	0.0568171307	16.038155
1.22	0	0.0571092725	-0.0931043807	-0.013618549	0.54969967	0.0143309675	0.580717095	0.358113957	0.0673788472	17.332019
1.23	0	0.0578687052	-0.0940874071	-0.0144656929	0.550476436	-0.0688717068	0.52627767	0.357728485	0.0669780628	16.783336
1.24	0	0.0584600596	-0.0949556524	-0.0152764	0.550716393	-0.175954458	0.41358459	0.357271163	0.0886499548	15.852139
1.25	0	0.0588534362	-0.0957024716	-0.0160583441	0.55037027	-0.283918636	0.255169417	0.356782548	0.0782087522	14.951685
1.26	0	0.0590206052	-0.096331214	-0.0168089549	0.549354164	-0.386180984	0.0545710458	0.356280889	0.0574408662	17.012953
1.27	0	0.0590193044	-0.0968809755	-0.017542132	0.547646809	-0.430366312	-0.147047033	0.355864105	0.089773866	15.36905
1.28	0	0.0588816988	-0.0974386036	-0.018115403	0.545637787	-0.451912794	-0.231523887	0.355790254	0.104027352	17.434645
1.29	0	0.0586092826	-0.0980201361	-0.0185511884	0.543184661	-0.470281709	-0.24734049	0.355866406	0.0626484172	15.991373
1.3	0	0.0583449557	-0.0987134187	-0.0188930986	0.54066174	-0.484978526	-0.233777678	0.355858528	0.0956414857	16.834575
1.31	0	0.0581694817	-0.0995262906	-0.0191294624	0.538060459	-0.505014274	-0.17542294	0.355875682	0.0714405957	16.10172
1.32	0	0.0581243717	-0.100459236	-0.0192674846	0.535488651	-0.553365078	-0.103384851	0.355840619	0.0546863391	17.037505
1.33	0	0.0582878451	-0.101534749	-0.0192989115	0.533116968	-0.618055599	-0.00138365697	0.355807752	0.069199597	16.271295
1.34	0	0.0587644069	-0.102714864	-0.0192118255	0.531030572	-0.641726095	0.101058392	0.355680218	0.079892231	14.950145
1.35	0	0.059503521	-0.104031628	-0.0190168977	0.529534267	-0.697876201	0.19237057	0.355392316	0.109499192	16.871541
1.36	0	0.060543769	-0.10545397	-0.0187924602	0.528222309	-0.729362496	0.320347299	0.355186544	0.0666152854	18.544972
1.37	0	0.0618474574	-0.107034816	-0.0185930077	0.526895465	-0.680601919	0.315477872	0.354521525	0.0937629861	15.50979
1.38	0	0.0632518041	-0.108714583	-0.0181826392	0.525760633	-0.73904266	0.459503435	0.354345035	0.0506739455	18.599578
1.39	0	0.0649782017	-0.110587028	-0.0177207261	0.525255154	-0.745034585	0.616839792	0.353952168	0.0532427971	19.050102
1.4	0	0.0669411209	-0.112569438	-0.0172198389	0.525232923	-0.752889902	0.747737162	0.353291748	0.0562377551	16.902426
1.41	0	0.0691319539	-0.114551126	-0.0166914842	0.525566297	-0.711531562	0.834193078	0.352390995	0.0733921721	16.12385
1.42	0	0.0714327349	-0.116517713	-0.0161395498	0.526214567	-0.637187618	0.885555518	0.351328184	0.036092372	15.514781
1.43	0	0.0736795802	-0.118552685	-0.0155526371	0.527174728	-0.586429953	0.924653859	0.350181631	0.0631672241	14.466818
1.44	0	0.0758091589	-0.120659404	-0.0149652134	0.528501951	-0.467979572	0.984689091	0.34904655	0.0699491427	17.709752
1.45	0	0.0776680106	-0.122778519	-0.014416143	0.530000513	-0.288395066	1.08462847	0.348021361	0.0526467276	18.165261
1.46	0	0.0791641003	-0.124837041	-0.0138668472	0.531690879	-0.127119779	1.15602724	0.346866622	0.0619647684	14.855002
1.47	0	0.0802473107	-0.126859045	-0.0133178082	0.533438577	0.0273693212	1.21624857	0.345691582	0.0664828379	15.971445
1.48	0	0.0808294463	-0.1287792	-0.0128609953	0.534840941	0.255793149	1.20546864	0.34441791	0.0815040262	15.071483
1.49	0	0.0809105948	-0.130540495	-0.0123439528	0.53592422	0.381443937	1.24102022	0.343439366	0.0797363985	15.082083
1.5	0	0.0805054268	-0.132214979	-0.0118074335	0.536835436	0.443026823	1.29386952	0.342554834	0.0811033004	16.152842
1.51	0	0.0796424642	-0.133730139	-0.0112465242	0.53740122	0.456651445	1.33486897	0.341713336	0.0572915094	17.536243
1.52	0	0.0783652128	-0.135122527	-0.0106773951	0.537587288	0.446691824	1.33732155	0.340846102	0.0826449666	15.887372
1.53	0	0.0767244197	-0.136425451	-0.0101348906	0.537406389	0.446789499	1.3241132	0.340054384	0.0563501988	17.928615
1.54	0	0.0747531193	-0.137664049	-0.00963985306	0.536801699	0.469798482	1.29294106	0.339343831	0.0646059462	15.859932
1.55	0	0.0725040239	-0.138837309	-0.00919954607	0.535830871	0.514970254	1.21010926	0.338587302	0.0958243585	17.450564
1.56	0	0.070015149	-0.139944131	-0.00880836763	0.534519393	0.590413279	1.08970158	0.33783321	0.0558596371	13.903022
1.57	0	0.0673420179	-0.141048858	-0.00845887662	0.532987948	0.645734843	0.947892252	0.337071661	0.0976870527	16.547058
1.58	0	0.0645283475	-0.142158793	-0.0081472452	0.531393078	0.685540176	0.759067291	0.336161061	0.0713505157	14.412393
1.59	0	0.0615968138	-0.143347737	-0.00787008156	0.529842787	0.723020013	0.559227075	0.33518211	0.0722737112	16.132158
1.6	0	0.0585889891	-0.144645408	-0.00762677015	0.528458064	0.749703065	0.364882364	0.334129764	0.0867450785	14.600531
1.61	0	0.0555233901	-0.146125457	-0.00739631334	0.527174177	0.737130544	0.245813264	0.33319886	0.0615363364	17.001354
1.62	0	0.0525034529	-0.147729548	-0.00724048588	0.526302385	0.736183379	0.128001907	0.332040976	0.071052127	16.401912
1.63	0	0.0495060819	-0.149307429	-0.00714988202	0.524723264	0.720831413	-0.0291677205	0.330818994	0.0503020516	17.276582
1.64	0	0.0468013447	-0.151109577	-0.00713059782	0.523897146	0.73234261	-0.143862525	0.329422915	0.0838689987	16.623481
1.65	0	0.0445232004	-0.153011296	-0.00715304915	0.523492542	0.737710924	-0.255681374	0.327832818	0.132048006	16.587045
1.66	0	0.0427439783	-0.154999529	-0.00722613727	0.523409515	0.771861772	-0.373293984	0.326058535	0.0654218924	17.120914
1.67	0	0.0414989981	-0.157051491	-0.00730767881	0.523693921	0.725556126	-0.43464666	0.324287636	0.0820125829	18.374467
1.68	0	0.0407820836	-0.159090058	-0.00737873251	0.524232677	0.633486024	-0.465684247	0.322438322	0.0699003678	16.406232
1.69	0	0.0405975529	-0.16108887	-0.00745197582	0.524997684	0.523145869	-0.447149658	0.320582063	0.106949043	15.673909
1.7	0	0.0409958726	-0.162980181	-0.00753304766	0.52594686	0.416451026	-0.410098037	0.318645623	0.0531038628	18.072619
1.71	0	0.0420139641	-0.16473931	-0.00763199353	0.527155807	0.340375111	-0.339638737	0.316704217	0.107392171	16.283228
1.72	0	0.0435726314	-0.166350032	-0.00770950204	0.528338446	0.234706915	-0.195954266	0.314983992	0.0766089832	15.571388
1.73	0	0.0456457647	-0.167735876	-0.00773002314	0.52910836	0.073061201	-0.103104511	0.313195882	0.0889080154	16.214212
1.74	0	0.0482219792	-0.169021736	-0.00777738858	0.529844031	-0.0145160717	0.0689321162	0.311718528	0.0830326063	15.953422
1.75	0	0.0512302456	-0.170174195	-0.00782869863	0.530390003	-0.095998872	0.27599495	0.310438242	0.064233664	15.02475
1.76	0	0.0546150715	-0.171141803	-0.00787581709	0.530659669	-0.177634801	0.492966158	0.309323699	0.0682542639	15.452928
1.77	0	0.0583117963	-0.171887085	-0.00790045898	0.530646815	-0.289646694	0.684273414	0.308292573	0.0640671169	16.597029
1.78	0	0.0622585929	-0.172388496	-0.00792238415	0.530269243	-0.375460969	0.834826928	0.307348034	0.0598669663	15.901707
1.79	0	0.0663436089	-0.172692476	-0.00793718086	0.529648795	-0.491769404	0.936355132	0.306435536	0.0568086914	17.92031
1.8	0	0.0704984296	-0.17283818	-0.00798050706	0.528843288	-0.57850241	0.972037782	0.30549332	0.0739761847	18.248021
1.81	0	0.0745239243	-0.172841581	-0.00803411731	0.527897883	-0.645474897	0.945030624	0.304946564	0.0716157144	16.113216
1.82	0	0.0778835411	-0.172743281	-0.00807926861	0.526922838	-0.695970979	0.857737503	0.304716085	0.0575984012	13.914714
1.83	0	0.0800453388	-0.172580671	-0.00811443573	0.526000163	-0.715805233	0.718448195	0.304726406	0.0506216668	15.616301
1.84	0	0.0804838855	-0.172344052	-0.00809307266	0.524579136	-0.777733285	0.680813506	0.305171464	0.0531938355	16.439622
1.85	0	0.0793321987	-0.172130422	-0.00803774994	0.523571243	-0.843797634	0.589294639	0.305455585	0.110404752	16.275719
1.86	0	0.0766296452	-0.172010203	-0.00794386849	0.522877733	-0.904780883	0.488334112	0.305696574	0.0684699352	16.713466
1.87	0	0.072557313	-0.172000367	-0.00780918963	0.522466933	-0.985870315	0.392916572	0.305908152	0.0414793242	15.727116
1.88	0	0.0673731404	-0.172059866	-0.00773543183	0.521974377	-0.951039444	0.223178009	0.306001798	0.0567262555	18.454359
1.89	0	0.0613097621	-0.17229429	-0.00765096726	0.521982806	-0.944661675	0.133455328	0.306172123	0.0647501456	16.760474
1.9	0	0.0547096805	-0.172671665	-0.00754102516	0.522195636	-0.968854427	0.0638567636	0.306292896	0.0620739502	18.496096
1.91	0	0.0480657937	-0.17324279	-0.00746695067	0.522900758	-0.933438467	0.0464898207	0.305954626	0.0729019414	15.642084
1.92	0	0.0421395057	-0.173964855	-0.00742548874	0.523997445	-0.854575787	0.0910257017	0.305788551	0.0957423518	16.196908
1.93	0	0.0372402934	-0.174823554	-0.00741494936	0.525466854	-0.757245386	0.177907647	0.30570661	0.046661584	17.64624
1.94	0	0.0335615768	-0.17573399	-0.00742558839	0.527139033	-0.658075048	0.272543444	0.30564426	0.0494688666	18.252756
1.95	0	0.0311471719	-0.176643765	-0.00745470863	0.528886847	-0.568695157	0.353879837	0.305580658	0.0386421997	16.635133
1.96	0	0.0297650942	-0.177447629	-0.00750166565	0.530069957	-0.476487361	0.470552532	0.305671295	0.0570030195	16.269339
1.97	0	0.0293412738	-0.17816425	-0.00756034667	0.531094232	-0.399292776	0.545025033	0.305651226	0.138497935	17.192314
1.98	0	0.0295423516	-0.178791419	-0.00765542044	0.531958715	-0.308629464	0.57986031	0.305585741	0.054167846	17.396226
1.99	0	0.0300329999	-0.179319303	-0.00776284494	0.532562163	-0.22653001	0.590219163	0.305540573	0.0556103718	15.969493
2	0	0.0305219376	-0.179713257	-0.00789220049	0.532899343	-0.145987629	0.581053056	0.305528648	0.0502362364	15.202498
2.01	0	0.0308011709	-0.179998209	-0.00803503246	0.532927667	-0.0723754219	0.556347852	0.305553139	0.0450388983	16.996644
2.02	0	0.0307332391	-0.180126038	-0.00818703288	0.532593775	-0.00614652924	0.504571162	0.305590125	0.05575367	17.620393
2.03	0	0.0302375481	-0.180116976	-0.0083587422	0.531978363	0.0608154778	0.425460474	0.305625523	0.0268258754	16.437024
2.04	0	0.0292585096	-0.179985155	-0.00857561709	0.531131194	0.142788554	0.334161119	0.305675564	0.0701697715	18.589564
2.05	1	0.39070159	-0.179731172	-0.00882962986	0.53010408	0.215312934	0.220091979	0.305641302	0.0747414544	17.465415
2.06	1	0.391787592	-0.179353259	-0.0091224213	0.528966393	0.277284554	0.054958372	0.305529944	0.0687307838	16.252435
2.07	1	0.39253208	-0.178901718	-0.00944705255	0.527875106	0.32425163	-0.115121152	0.305451877	0.0697194447	15.794698
2.08	1	0.392844415	-0.178421435	-0.00979240636	0.526972213	0.354591782	-0.266631828	0.305433036	0.0367482401	18.200838
2.09	1	0.392692625	-0.177937089	-0.0101394519	0.526386127	0.337767116	-0.40237342	0.305439537	0.0598063483	14.55733
2.1	1	0.392191215	-0.177502357	-0.0105674303	0.525862474	0.359999535	-0.424750747	0.305647935	0.0761587664	18.520627
2.11	1	0.391130077	-0.177064413	-0.0109413654	0.525335532	0.284567673	-0.621376582	0.305499465	0.0541754483	17.477829
2.12	1	0.389806832	-0.176809525	-0.0112310643	0.525415801	0.0975380325	-0.648221907	0.305638567	0.0799251196	17.358247
2.13	1	0.388084089	-0.176692416	-0.0114898981	0.526248672	-0.084772088	-0.639284781	0.305700265	0.0795376252	15.663337
2.14	1	0.38600958	-0.176706934	-0.011708552	0.5276467	-0.266562623	-0.584377967	0.305748623	0.0485030826	17.247744
2.15	1	0.383624039	-0.176842676	-0.0119225493	0.529412934	-0.426990148	-0.516736633	0.305762849	0.104370699	15.995512
2.16	1	0.381012519	-0.17704043	-0.0121459971	0.531474054	-0.539319907	-0.434079316	0.305770324	0.068523598	17.064481
2.17	1	0.378286825	-0.17729015	-0.0123671107	0.533652824	-0.625629216	-0.336551051	0.305794637	0.0616919721	17.147243
2.18	1	0.375521225	-0.177558451	-0.0125616628	0.535974247	-0.708691902	-0.237734691	0.305809039	0.0608760495	16.27575
2.19	1	0.372823044	-0.177789365	-0.0127216641	0.538363378	-0.770645702	-0.139103208	0.305826607	0.0536285954	16.941277
2.2	1	0.370308016	-0.178015354	-0.0128823991	0.540726754	-0.779950667	-0.00908755557	0.305899453	0.0929140232	16.631966
2.21	1	0.368035624	-0.178185702	-0.0129697207	0.54267709	-0.835492396	0.0948624934	0.305955408	0.0508994709	16.396912
2.22	1	0.365995275	-0.178349454	-0.0130452292	0.544550568	-0.809137083	0.233243951	0.306045328	0.0903368906	15.856651
2.23	1	0.364120765	-0.178473576	-0.0131197842	0.546175615	-0.728350557	0.381592565	0.30612388	0.0331799296	16.337288
2.24	1	0.362305827	-0.178519657	-0.0132085832	0.547480921	-0.600840047	0.526624659	0.306169148	0.0611754747	16.192271
2.25	1	0.360438853	-0.178487254	-0.0133115576	0.548396411	-0.420571776	0.654789042	0.306173705	0.049495336	16.902444
2.26	1	0.358412286	-0.178344345	-0.0134270441	0.548933529	-0.202383965	0.73485626	0.306109024	0.0527049157	16.992813
2.27	1	0.356198597	-0.178103328	-0.0135321746	0.549113372	-0.0026564013	0.755860121	0.305997732	0.060354259	16.503586
2.28	1	0.353864336	-0.177794405	-0.0136042179	0.548950334	0.132136745	0.73513211	0.305902416	0.071669379	15.860404
2.29	1	0.351512959	-0.177457515	-0.0136403466	0.548522942	0.218793735	0.720767582	0.305882643	0.0637395573	16.695663
2.3	1	0.349184898	-0.177132499	-0.013639221	0.547909082	0.252870934	0.712073593	0.305900617	0.0413664549	17.828339
2.31	1	0.34688948	-0.176889413	-0.0136037574	0.54717061	0.22187114	0.717880644	0.305945104	0.0554339449	15.147622
2.32	1	0.344614136	-0.176691117	-0.0135634834	0.546198643	0.177033941	0.734746037	0.306003264	0.0984602754	13.613964
2.33	1	0.342267477	-0.176577097	-0.0135244222	0.545123533	0.119046943	0.773524061	0.306058513	0.0572624925	15.691498
2.34	1	0.33972882	-0.176578958	-0.0134986408	0.544015291	0.0710435024	0.837352498	0.306099953	0.0512529702	14.793858
2.35	1	0.336849948	-0.176733123	-0.0134696764	0.54303541	0.0140932514	0.921267697	0.306099108	0.0613594278	14.150456
2.36	1	0.333640736	-0.17698044	-0.0135144187	0.541758688	0.0609038839	0.901773406	0.305948285	0.0708523315	15.453936
2.37	1	0.330120965	-0.177421922	-0.0135478998	0.540930237	0.0366627729	0.935353063	0.305886438	0.0581785941	15.932843
2.38	1	0.326435275	-0.178000058	-0.0135792539	0.540360584	-0.0189854797	1.00105136	0.305870192	0.0975422392	18.177721
2.39	1	0.322765236	-0.178567719	-0.0134961559	0.539487818	-0.194790521	1.13126615	0.305991381	0.0601736307	14.037028
2.4	1	0.319103198	-0.179289505	-0.013467206	0.538825353	-0.251005438	1.26384017	0.306025009	0.0692554708	16.102787
2.41	1	0.315484111	-0.180100128	-0.0134374843	0.538467809	-0.298770584	1.34821294	0.305907516	0.0703510395	16.122485
2.42	1	0.312118627	-0.180957939	-0.0134258383	0.538243021	-0.304535244	1.37515954	0.305742042	0.0539600364	15.820507
2.43	1	0.309339545	-0.181873523	-0.013438686	0.538072624	-0.272391837	1.35758966	0.305607319	0.0730091842	17.733063
2.44	1	0.307507602	-0.182876289	-0.0134788517	0.537945752	-0.220149723	1.31844762	0.305548599	0.0439751384	18.052708
2.45	1	0.306921857	-0.183955532	-0.0135339567	0.53784802	-0.152906017	1.26380882	0.305556241	0.04174493	15.124776
2.46	1	0.307795181	-0.185109873	-0.0135826413	0.537731768	-0.0925844714	1.18684139	0.305605386	0.0509852166	15.277271
2.47	1	0.310249301	-0.186320225	-0.0136169645	0.53746694	-0.0328225846	1.07094046	0.305671332	0.0677184114	18.548277
2.48	1	0.31429419	-0.187594505	-0.0136168208	0.537063647	0.0121412908	0.920270069	0.305748242	0.039898532	17.129218
2.49	1	0.319846674	-0.188952987	-0.0135739119	0.536497785	0.0252192556	0.733772989	0.305821613	0.0802692296	17.552008
2.5	1	0.32672615	-0.1903604	-0.0134887261	0.535663217	0.0198908522	0.509433913	0.305889219	0.0755334038	17.062159
2.51	1	0.334672897	-0.191812408	-0.0133609029	0.534490874	0.00364331025	0.234802909	0.305931223	0.0618551518	15.936772
2.52	1	0.343241493	-0.193412172	-0.0132472258	0.533476292	0.0143528526	0.0279298498	0.306079281	0.0717963852	14.009021
2.53	1	0.351861253	-0.195080311	-0.0131694191	0.532542638	0.066881507	-0.135291821	0.306217712	0.104890853	15.337547
2.54	1	0.359851412	-0.196723906	-0.0131143756	0.531464187	0.130019964	-0.277636112	0.306291062	0.079861924	18.246103
2.55	1	0.366427924	-0.1983376	-0.0130740486	0.530342871	0.193018003	-0.39715853	0.306291547	0.0792546671	18.533896
2.56	1	0.371124625	-0.199928874	-0.0130724132	0.529086278	0.293226407	-0.510644145	0.306447003	0.0454116358	16.733085
2.57	1	0.373739758	-0.201506217	-0.013103636	0.527903206	0.40047006	-0.598125637	0.306798416	0.0508919229	15.554021
2.58	1	0.3743757	-0.203119498	-0.0131543426	0.526946707	0.498393621	-0.636641252	0.307253454	0.0545187679	15.917744
2.59	1	0.373329881	-0.204765332	-0.0132115322	0.526214032	0.556279709	-0.672093567	0.307496131	0.0723492644	15.846126
2.6	1	0.371048162	-0.206356149	-0.0132846814	0.525648834	0.599130338	-0.740566898	0.307281597	0.0850296382	13.799969
2.61	1	0.368236473	-0.207845349	-0.0134603344	0.524778815	0.763682497	-0.726510935	0.306929639	0.0565701336	14.963948
2.62	1	0.365450338	-0.20917524	-0.0135420966	0.523651943	0.747165212	-0.873864411	0.305564358	0.0684846084	15.719093
2.63	1	0.363172111	-0.210487847	-0.0136611941	0.522785987	0.823442448	-0.966335986	0.304771842	0.0764973193	15.859823
2.64	1	0.362346569	-0.211784519	-0.0137810081	0.522299836	0.888160984	-0.955607368	0.304518683	0.0521585937	14.272602
2.65	1	0.363548486	-0.213092509	-0.0138831779	0.522120745	0.923105985	-0.840630484	0.304681262	0.0406787079	15.229358
2.66	1	0.366903403	-0.214410277	-0.0139428213	0.522209224	0.899670724	-0.642470244	0.305091447	0.0632672362	15.229473
2.67	1	0.372097255	-0.215747699	-0.0139902302	0.52268239	0.821606748	-0.393466105	0.305564682	0.0819251447	16.817817
2.68	1	0.37836849	-0.217104091	-0.0140067079	0.523544994	0.700506654	-0.116159705	0.306005765	0.0550810473	17.196194
2.69	1	0.384355456	-0.218453187	-0.0139867002	0.524642229	0.54810777	0.160080966	0.306332081	0.0787623969	17.43346
2.7	1	0.388413145	-0.219745461	-0.0139374954	0.525916333	0.392117298	0.375044748	0.306354433	0.0532257539	15.443984
2.71	1	0.389557583	-0.220949973	-0.0138841575	0.527027856	0.275156837	0.475883317	0.306620489	0.0806457269	14.284382
2.72	1	0.387981478	-0.222002822	-0.0138224903	0.527906294	0.196140367	0.554117325	0.307293163	0.0736421145	17.383843
2.73	1	0.38439434	-0.222968242	-0.0137048641	0.528973075	0.101235931	0.54061538	0.307598519	0.0936573903	14.660092
2.74	1	0.380282083	-0.223817638	-0.0134383729	0.529850507	-0.0642298384	0.524414408	0.307389652	0.0628388183	16.36031
2.75	1	0.377025213	-0.224582781	-0.0131165644	0.530819775	-0.178796363	0.443727202	0.306047264	0.046029466	16.373853
2.76	1	0.375256813	-0.225341995	-0.0127161971	0.531721764	-0.3128919	0.419191596	0.30519387	0.119681587	13.541424
2.77	1	0.37560177	-0.22605603	-0.0122441344	0.532417395	-0.445848708	0.469993149	0.304890313	0.0638545871	15.356737
2.78	1	0.378327856	-0.226742056	-0.0117033789	0.532857957	-0.602412286	0.582909606	0.305022792	0.0329040021	16.842845
2.79	1	0.383455894	-0.227431837	-0.0111330226	0.53300234	-0.741436716	0.736197526	0.305413012	0.0674003259	15.557913
2.8	1	0.390413403	-0.228117252	-0.0105710059	0.532805913	-0.764222843	0.899608825	0.305890119	0.108036267	16.066004
2.81	1	0.397061184	-0.228850916	-0.0100307967	0.53239514	-0.721392049	1.03566657	0.306311279	0.0672188849	17.091486
2.82	1	0.401518894	-0.229673468	-0.00951055516	0.531989196	-0.64213781	1.14217226	0.306665137	0.0825307279	13.976469
2.83	1	0.403218734	-0.230565977	-0.00901722699	0.531673739	-0.53747504	1.2107421	0.307373598	0.0909038279	14.527877
2.84	1	0.402417197	-0.23152219	-0.00855682523	0.531494631	-0.387944579	1.22579329	0.308135173	0.0708678489	16.071284
2.85	1	0.399416945	-0.232556196	-0.00813582969	0.531450049	-0.190024272	1.20201481	0.308687408	0.0788403992	15.09787
2.86	1	0.394291536	-0.233594929	-0.00762453519	0.531030009	-0.0982003709	1.2488073	0.309306265	0.0584520184	15.949216
2.87	1	0.387681043	-0.234745632	-0.00716517825	0.530924802	0.0653918937	1.24524326	0.309063484	0.0357326872	13.878226
2.88	1	0.381915384	-0.236015129	-0.00676062979	0.53109832	0.262995139	1.20057816	0.307531107	0.0620387811	15.704737
2.89	1	0.377469059	-0.237356683	-0.00639894275	0.53147664	0.464780805	1.13297653	0.305000561	0.102212377	17.1523
2.9	1	0.373366118	-0.238724399	-0.00606821619	0.531907647	0.647514029	1.10036318	0.303552139	0.0843377848	16.374926
2.91	1	0.369650145	-0.240100865	-0.00586427997	0.531904788	0.973731892	0.994645936	0.302935052	0.0550720609	15.326979
2.92	1	0.366895353	-0.241567756	-0.00568954206	0.5321821	1.19418455	0.962935819	0.303043299	0.0704929462	15.550717
2.93	1	0.366798325	-0.243101886	-0.00553868468	0.532674657	1.35342106	1.00248153	0.303555319	0.111286623	14.848021
2.94	1	0.370296504	-0.24465808	-0.00543950759	0.533210133	1.47416513	1.07429963	0.304162462	0.0840151952	17.63169
2.95	1	0.376971815	-0.246225635	-0.00538464962	0.533707376	1.55117473	1.17820485	0.304830705	0.0547845716	15.959719
2.96	1	0.384911987	-0.247727993	-0.00537236209	0.534017607	1.60727821	1.27154661	0.305521081	0.0761175276	16.922265
2.97	1	0.392464022	-0.249097812	-0.00538261466	0.534095115	1.63907923	1.31115991	0.305888053	0.0769882618	14.637542
2.98	1	0.398376069	-0.250401761	-0.00536323494	0.534216248	1.53939257	1.25833849	0.305877024	0.0847766567	15.530871
2.99	1	0.403038624	-0.251673656	-0.00530025736	0.534283027	1.37476008	1.14545372	0.305701247	0.0732460102	16.161606
3	1	0.407397576	-0.252859296	-0.00517618614	0.534096443	1.1612456	0.967546309	0.305454927	0.0850324491	15.604222
3.01	1	0.412277774	-0.253904916	-0.00493274736	0.533437441	0.829772476	0.761465273	0.305284115	0.0939352237	14.957649
3.02	1	0.418634951	-0.254819693	-0.00466172063	0.532658125	0.56850248	0.570807903	0.305209134	0.0941106884	19.582486
3.03	1	0.427433855	-0.255630375	-0.00439713623	0.531806117	0.3582413	0.393851666	0.305166535	0.0781885848	17.20663
3.04	1	0.434930317	-0.256287883	-0.00411952572	0.530893356	0.169110015	0.206305243	0.305313612	0.075314208	17.111755
3.05	1	0.442144958	-0.256844269	-0.00384882168	0.529965296	0.000870472597	0.00272139051	0.305187749	0.0793668754	14.923773
3.06	1	0.448926102	-0.257318222	-0.00361878312	0.529103339	-0.103840097	-0.202156227	0.304951003	0.0756672275	15.591116
3.07	1	0.451799704	-0.257762012	-0.00343815515	0.528296476	-0.166101412	-0.403835024	0.305212587	0.0789785484	17.183246
3.08	1	0.450758565	-0.258263393	-0.00330699569	0.52746716	-0.18977622	-0.54809769	0.306118622	0.0753325981	19.37237
3.09	1	0.449657621	-0.258825849	-0.00325007491	0.526657171	-0.0947902289	-0.674367414	0.306663861	0.0715289464	17.230078
3.1	1	0.449470366	-0.25946638	-0.00324029265	0.52607378	0.00131796964	-0.765123221	0.306480921	0.0763703268	17.709555
3.11	1	0.44973622	-0.260116749	-0.00316821939	0.525141275	-0.0525185053	-0.903395041	0.305552137	0.105123537	17.927277
3.12	1	0.449181389	-0.260754851	-0.00318452353	0.524461831	0.00349741363	-0.948301358	0.30519693	0.0870295212	16.538113
3.13	1	0.446763686	-0.2614608	-0.00326255531	0.524028981	0.0921845587	-0.877798982	0.30545148	0.0761516099	17.561533
3.14	1	0.443659106	-0.262229926	-0.00336284415	0.52392306	0.162702707	-0.741567587	0.305787158	0.077868619	15.772035
3.15	1	0.441075521	-0.26307961	-0.00349803046	0.524147689	0.22303149	-0.596897109	0.30588678	0.101975897	17.20007
3.16	1	0.439236173	-0.26398292	-0.00366403931	0.524453808	0.304756989	-0.470441724	0.305838628	0.0558223874	17.352906
3.17	1	0.437786995	-0.264901543	-0.00380756046	0.525097588	0.314184458	-0.361472298	0.305762743	0.0940850213	16.913687
3.18	1	0.436594701	-0.265744107	-0.00395831597	0.525363796	0.322819896	-0.157044314	0.306004813	0.0611172291	16.096315
3.19	1	0.434723222	-0.266654853	-0.00405712309	0.526097595	0.238480799	0.0111792596	0.306161426	0.0780902275	15.040837
3.2	1	0.432910521	-0.267586616	-0.00413216098	0.527179722	0.148162005	0.123138756	0.306107317	0.0832199785	17.186477
3.21	1	0.431911271	-0.268546168	-0.00417688499	0.528481999	0.0466754483	0.203647086	0.305886652	0.0473585265	14.305398
3.22	1	0.431790786	-0.269546919	-0.00420368905	0.529901217	-0.0532203623	0.264165491	0.305651493	0.0457186204	17.75524
3.23	1	0.432317557	-0.270580591	-0.0041965666	0.531557802	-0.15446022	0.339559052	0.305547951	0.118221167	15.036399
3.24	1	0.433132459	-0.271593434	-0.00410153515	0.532993901	-0.330593941	0.364532323	0.305574101	0.0479511927	16.109611
3.25	1	0.434559673	-0.272586384	-0.00397457785	0.534325516	-0.464325272	0.377425272	0.305683462	0.0683392763	15.169558
3.26	1	0.436918319	-0.273589173	-0.00382153362	0.535416591	-0.565640297	0.362772801	0.305777252	0.0781572571	14.389702
3.27	1	0.439916282	-0.274565329	-0.00367874731	0.536177548	-0.607912001	0.311124198	0.305877195	0.0802660581	13.721876
3.28	1	0.442876753	-0.275509621	-0.00358594177	0.536671432	-0.594849891	0.242127271	0.306050454	0.0842836827	14.011591
3.29	1	0.445973654	-0.276387228	-0.0035460429	0.536812275	-0.539950726	0.136362883	0.306150046	0.0671577142	15.87159
3.3	1	0.449335485	-0.277196952	-0.003551463	0.536695698	-0.471539191	-0.00668271982	0.306117317	0.065738123	16.007048
3.31	1	0.452355163	-0.278017781	-0.00360270196	0.536405745	-0.403277643	-0.1710449	0.306075308	0.114050233	15.140031
3.32	1	0.454991665	-0.278891626	-0.00368454967	0.535971237	-0.347317852	-0.332786272	0.306032173	0.0889803989	16.208533
3.33	1	0.457606623	-0.279861816	-0.00379663834	0.535436265	-0.321403248	-0.484173466	0.305920847	0.0949971884	13.932479
3.34	1	0.459652035	-0.280966875	-0.00394244212	0.534859074	-0.305683109	-0.620202368	0.305849322	0.0494953567	13.585702
3.35	1	0.461084867	-0.28223739	-0.00412167136	0.534351765	-0.300885783	-0.73297448	0.305801153	0.0454971953	17.537394
3.36	1	0.462376437	-0.283663039	-0.00432755476	0.534063995	-0.326231699	-0.813337543	0.30569668	0.0928735525	14.786668
3.37	1	0.463428503	-0.285120305	-0.00466066348	0.533442634	-0.238480783	-1.01537077	0.305459925	0.0999782518	16.08037
3.38	1	0.465409523	-0.286671749	-0.00487180247	0.532647387	-0.350849922	-1.03150162	0.305491103	0.0581088275	14.698696
3.39	1	0.46562924	-0.288393085	-0.00513168565	0.53237284	-0.456506134	-1.01594997	0.30572351	0.0574694854	15.039954
3.4	1	0.4653481	-0.290233716	-0.00541839761	0.532368927	-0.581062415	-0.975486835	0.305851125	0.0957654718	13.911077
3.41	1	0.466198897	-0.292201205	-0.0057313942	0.532481923	-0.676298674	-0.929732424	0.305662751	0.135020402	15.70811
3.42	1	0.465919164	-0.294284782	-0.00607010427	0.532649381	-0.750338305	-0.871423741	0.305661675	0.0808425943	13.437131
3.43	1	0.464557976	-0.296450878	-0.00642252001	0.532873674	-0.830810824	-0.791235803	0.30575295	0.0881548514	16.955933
3.44	1	0.464144879	-0.298646112	-0.00683781033	0.533433643	-0.82622198	-0.643640031	0.305637722	0.0723531014	15.005355
3.45	1	0.462421547	-0.300870336	-0.00733276488	0.534337811	-0.746711839	-0.441482738	0.305726685	0.0796127943	14.971104
3.46	1	0.459323188	-0.303055133	-0.00790352814	0.535386196	-0.610078096	-0.225291807	0.305872979	0.0525490645	13.927961
3.47	1	0.457201612	-0.305155404	-0.00857119077	0.536468456	-0.398954769	-0.0212970291	0.305689843	0.0676980511	14.828246
3.48	1	0.454645442	-0.307154478	-0.00938272405	0.537147596	-0.0502800619	0.134519254	0.305589495	0.105251816	14.537175
3.49	1	0.450570202	-0.309041004	-0.0102216209	0.537958069	0.219842633	0.225795192	0.305599963	0.0564721596	15.695053
3.5	1	0.446507081	-0.310773667	-0.011010816	0.538681823	0.372837257	0.302029806	0.305602751	0.122533917	16.688417
3.51	1	0.443979312	-0.312264068	-0.0117953916	0.539344658	0.517759997	0.294058664	0.305332735	0.0659131417	15.837681
3.52	1	0.441905523	-0.313507387	-0.0125827457	0.539864066	0.633708255	0.215707255	0.305224179	0.0848379189	15.054269
3.53	1	0.441027087	-0.314553524	-0.0134004586	0.540306606	0.764946189	0.122972586	0.305275239	0.0880046545	15.927947
3.54	1	0.442512194	-0.315392151	-0.0142306976	0.540573032	0.882746923	0.0213818633	0.305342918	0.0807467734	15.986865
3.55	1	0.444762714	-0.316075776	-0.0150735345	0.540694884	0.980182632	-0.0797218512	0.305680246	0.0753978291	14.781017
3.56	1	0.448643589	-0.316635117	-0.0159172663	0.54073168	1.04378613	-0.174172382	0.306001073	0.0365769391	15.887395
3.57	1	0.453771885	-0.317174217	-0.0167795598	0.540680584	1.11509678	-0.260573062	0.306292615	0.0932607342	15.961222
3.58	1	0.458308707	-0.317695227	-0.0176368621	0.540631392	1.13246541	-0.34522115	0.306582231	0.0945516332	16.663771
3.59	1	0.463530365	-0.318214776	-0.0184721378	0.54069215	1.09617895	-0.484092802	0.305791962	0.0993914661	13.548626
3.6	1	0.46637014	-0.318717315	-0.0192947994	0.540870773	1.04397769	-0.663948633	0.305338924	0.0849242935	13.940776
3.61	1	0.466280487	-0.319192877	-0.0201999829	0.540469002	1.11003557	-0.789290097	0.305529672	0.118266667	17.422862
3.62	1	0.467019836	-0.319693303	-0.0210858388	0.540257427	1.12748311	-0.978527349	0.305213116	0.0982187364	15.884106
3.63	1	0.469590891	-0.3202105	-0.0219522092	0.540150191	1.11850949	-1.20264141	0.304701799	0.0818855404	15.507203
3.64	1	0.473253304	-0.320772059	-0.022794829	0.540130857	1.08077636	-1.44162663	0.304402911	0.0693046566	16.438424
3.65	1	0.475546388	-0.321428764	-0.0236203497	0.540172539	1.06764665	-1.65598461	0.304758557	0.0761660321	13.512013
3.66	1	0.476394575	-0.322222928	-0.0244246994	0.540287669	1.08070877	-1.84302714	0.305436191	0.0848153171	14.488349
3.67	1	0.479916761	-0.323139083	-0.0251293935	0.540049368	0.984951125	-2.07803557	0.305643493	0.0806913417	15.101849
3.68	1	0.486637974	-0.324295664	-0.0258265087	0.539993128	0.972471082	-2.19623566	0.30566117	0.0698141539	16.218151
3.69	1	0.496109154	-0.325711942	-0.0264708124	0.540227222	0.960985678	-2.14853835	0.305735777	0.0609695229	15.270954
3.7	1	0.507134111	-0.327316835	-0.0270336667	0.540478976	0.901281839	-1.98009975	0.306236728	0.0984609159	14.243396
3.71	1	0.521339999	-0.32906031	-0.0274991721	0.540737488	0.793014572	-1.70830789	0.306615025	0.0972339418	17.462579
3.72	1	0.535557468	-0.330943987	-0.0278643249	0.540868672	0.657193793	-1.38039634	0.305520852	0.109766284	15.848152
3.73	1	0.547208188	-0.33289272	-0.0281070167	0.540745945	0.494023013	-0.997358031	0.305230165	0.0649773024	15.717092
3.74	1	0.557206532	-0.33484784	-0.0282347117	0.540271823	0.310765961	-0.596595654	0.305382359	0.101725052	15.554621
3.75	1	0.566280447	-0.336754317	-0.0282299256	0.539364178	0.097119513	-0.216335909	0.305923829	0.0600611458	17.42544
3.76	1	0.575066148	-0.338610549	-0.0281464567	0.538241213	-0.0818167285	0.105370907	0.306423029	0.115005102	14.282922
3.77	1	0.583362061	-0.340385684	-0.0280047063	0.536891114	-0.214593877	0.357777072	0.306671895	0.0713287841	15.672353
3.78	1	0.590839759	-0.34209152	-0.0277953325	0.535236915	-0.370552562	0.545196626	0.306650664	0.0848460961	17.33111
3.79	1	0.595851891	-0.343643087	-0.0275369112	0.533267305	-0.504499741	0.646717873	0.307004767	0.111027895	16.739001
3.8	1	0.597659092	-0.345062025	-0.0272200456	0.530912939	-0.635976147	0.656033356	0.307761151	0.0841991396	16.399199
3.81	1	0.595353134	-0.346410744	-0.0268895248	0.528333691	-0.654904359	0.625989203	0.307955937	0.0658025605	15.494764
3.82	1	0.590798707	-0.347682739	-0.0265160859	0.525798683	-0.664096865	0.537939105	0.308266994	0.0876592317	15.059781
3.83	1	0.582848085	-0.348977809	-0.0260976001	0.523413288	-0.680443335	0.426671605	0.308777531	0.0739941457	15.516675
3.84	1	0.570328779	-0.350321312	-0.0256735608	0.52125791	-0.65456755	0.291433031	0.309526566	0.0887201591	17.994846
3.85	1	0.557647595	-0.351634332	-0.0252265256	0.519220486	-0.645413955	0.0741898377	0.30884939	0.108842246	23.953569
3.86	1	0.547462881	-0.352941152	-0.0247256716	0.516984388	-0.62981296	-0.0112782583	0.307132183	0.086531569	17.777274
3.87	1	0.539014788	-0.354295954	-0.0242715157	0.515379522	-0.533992073	-0.152900945	0.304052388	0.104424047	16.916782
3.88	1	0.531309354	-0.355676202	-0.023961984	0.513902752	-0.323803093	-0.353635352	0.30225038	0.0831172882	16.599774
3.89	1	0.525421106	-0.357207196	-0.0236745308	0.513182612	-0.196493592	-0.416796134	0.301866235	0.0588953556	13.962496
3.9	1	0.522889666	-0.358777162	-0.0234048854	0.513261542	-0.107772404	-0.391557237	0.30217339	0.100567528	16.864264
3.91	1	0.524685439	-0.360374932	-0.0231429321	0.514069456	-0.0749847586	-0.312314312	0.302676445	0.0594789026	17.507817
3.92	1	0.530438201	-0.362038298	-0.0228871505	0.515055093	-0.0611558781	-0.166449626	0.303417053	0.0477393383	17.576243
3.93	1	0.538512884	-0.363668032	-0.0226571645	0.516538673	-0.0737199972	-0.010433467	0.304318946	0.064729219	17.405643
3.94	1	0.548033212	-0.365297168	-0.0224434458	0.51841448	-0.0986424897	0.153787843	0.305382824	0.0429109013	17.881922
3.95	1	0.559000603	-0.366916104	-0.0222567234	0.520608501	-0.112508816	0.30288935	0.306402066	0.0744102688	17.082835
3.96	1	0.571441222	-0.368497642	-0.0220986323	0.523002483	-0.11013251	0.399986507	0.305550531	0.0673925958	13.723684
3.97	1	0.583684484	-0.369990369	-0.0219071705	0.525238481	-0.154104737	0.489105282	0.304824358	0.0866508877	15.035457
3.98	1	0.594425264	-0.371419115	-0.0217390899	0.527512573	-0.170556121	0.516827286	0.30433693	0.0667842021	17.903012
3.99	1	0.602733769	-0.372726198	-0.0216142534	0.529644547	-0.153902562	0.489936866	0.304232159	0.0548971549	15.984523
4	1	0.609563689	-0.373881361	-0.0215403387	0.531532103	-0.105787808	0.404157421	0.304318717	0.0405468693	14.81631
4.01	1	0.616596607	-0.374884239	-0.0215291745	0.533083414	-0.0296991265	0.299845919	0.304389702	0.090825776	16.078359
4.02	1	0.620038256	-0.375782255	-0.0215645792	0.534279889	0.0366394683	0.157664302	0.305016293	0.0976691007	16.209701
4.03	1	0.618925804	-0.376603432	-0.0216404851	0.53527878	0.09477102	-0.0113234094	0.306265634	0.0792236455	14.232448
4.04	1	0.616703392	-0.377332034	-0.021786654	0.536038707	0.181378574	-0.20038099	0.307050837	0.0677165596	16.384915
4.05	1	0.616232163	-0.377948499	-0.0219975489	0.53660834	0.26553169	-0.398561637	0.306781777	0.0511674145	16.656716
4.06	1	0.617976157	-0.378486825	-0.0222891003	0.536982987	0.373846265	-0.589491235	0.30563581	0.0779417459	16.060745
4.07	1	0.620953294	-0.379030652	-0.0226412192	0.537138441	0.490905532	-0.729761531	0.304896578	0.0820909235	14.460833
4.08	1	0.624348056	-0.379575209	-0.0230688557	0.537102619	0.63316857	-0.799238877	0.304831998	0.0603809901	16.442592
4.09	1	0.627537103	-0.3800855	-0.0235542324	0.536864885	0.779086778	-0.834951133	0.305343306	0.0892445174	15.85073
4.1	1	0.630730584	-0.380642555	-0.0240987591	0.536616527	0.935586202	-0.813243204	0.306118976	0.094755008	16.521754
4.11	1	0.634193588	-0.381177878	-0.0245951016	0.535851096	0.953044935	-0.883654426	0.306649626	0.0530942156	15.736314
4.12	1	0.637927188	-0.381775323	-0.0251691401	0.535443225	1.03712878	-0.873332878	0.306409539	0.0810556307	16.341977
4.13	1	0.641335216	-0.382478806	-0.0258009199	0.535304086	1.13733317	-0.778834727	0.306152603	0.0824338695	15.144072
4.14	1	0.645203915	-0.3832832	-0.0264661793	0.535416306	1.22536195	-0.625292168	0.305913213	0.0583653204	14.407622
4.15	1	0.647398771	-0.384203368	-0.0271472588	0.535678929	1.28183619	-0.44149054	0.306275025	0.0792691472	14.671452
4.16	1	0.645582777	-0.385224203	-0.0278351062	0.535949685	1.32576351	-0.262210782	0.307275758	0.0849252766	17.652027
4.17	1	0.640774507	-0.386324257	-0.028511743	0.536327691	1.32291001	-0.111859879	0.308586213	0.102427387	17.201798
4.18	1	0.631295913	-0.387438424	-0.0292665598	0.536295859	1.41638539	0.0955987919	0.310396896	0.0809098908	15.80632
4.19	1	0.619472449	-0.388592037	-0.0300208001	0.536243536	1.41998791	0.263501084	0.310893705	0.101334972	16.392324
4.2	1	0.607954168	-0.389732811	-0.0307452271	0.536056394	1.34753497	0.38563118	0.309958493	0.0851256242	17.269178
4.21	1	0.596650532	-0.390814739	-0.0314695011	0.535797792	1.26779877	0.400236248	0.307868191	0.0618905682	18.9393
4.22	1	0.58524063	-0.391816071	-0.0321922123	0.535292701	1.19068519	0.301518061	0.30521193	0.0981090604	18.988042
4.23	1	0.575953011	-0.392700189	-0.0329180796	0.534393357	1.13732966	0.132086339	0.303132195	0.0781761583	17.298612
4.24	1	0.569222298	-0.3935953	-0.0335451492	0.533511825	1.03651267	0.0526296954	0.302093821	0.0384746572	16.398734
4.25	1	0.561833982	-0.394503166	-0.0340523181	0.532627543	0.877997579	0.0163279437	0.302147845	0.0827802711	16.262443
4.26	1	0.554767584	-0.395439993	-0.0344585374	0.531909267	0.709356129	0.00344232221	0.302519571	0.0743295488	15.201625
4.27	1	0.549185045	-0.396366474	-0.0347587471	0.531349126	0.540190776	-0.0262243334	0.302684447	0.0857440369	15.313242
4.28	1	0.543858729	-0.39727315	-0.0349138241	0.530822312	0.347429922	-0.052836874	0.302935434	0.108352515	17.463363
4.29	1	0.537532426	-0.398127327	-0.0349281005	0.530347628	0.145962733	-0.098306166	0.303448154	0.0612484777	15.236888
4.3	1	0.529465477	-0.398932914	-0.0348217956	0.529780504	-0.0530879315	-0.147358992	0.304297583	0.0720766711	16.453136
4.31	1	0.519711947	-0.399708829	-0.0346209733	0.528932473	-0.261059511	-0.22472598	0.305267266	0.0842105791	17.296168
4.32	1	0.509016512	-0.400456213	-0.0343737724	0.527948135	-0.405690187	-0.313323149	0.306103137	0.0885029674	14.442403
4.33	1	0.500917366	-0.401211119	-0.0340698617	0.526903245	-0.531564772	-0.372402312	0.306353894	0.09210658	17.368686
4.34	1	0.495697276	-0.401973513	-0.0337100298	0.525752189	-0.638489867	-0.434138429	0.305333856	0.0552892849	16.167691
4.35	1	0.490661627	-0.402759636	-0.0333140104	0.52446776	-0.713322202	-0.475742442	0.304796092	0.0795976478	16.759326
4.36	1	0.484774248	-0.403612665	-0.0328881622	0.523086475	-0.779625146	-0.499639688	0.304789689	0.050926887	16.179519
4.37	1	0.479231922	-0.404587033	-0.0324466535	0.521842755	-0.818868365	-0.494692863	0.30497672	0.0652903748	17.33705
4.38	1	0.475908328	-0.40565123	-0.0319910849	0.520773811	-0.85724351	-0.449751794	0.305073155	0.0597933391	18.584536
4.39	1	0.474923668	-0.40676094	-0.0316391668	0.519611099	-0.748904139	-0.441488979	0.305074794	0.0808283751	18.135854
4.4	1	0.47478551	-0.408023087	-0.031324514	0.519016878	-0.701906902	-0.343976256	0.3053113	0.0686671148	17.105576
4.41	1	0.474132419	-0.409303577	-0.0309131002	0.518471307	-0.795158352	-0.129245845	0.305854964	0.0687832743	16.752576
4.42	1	0.472641602	-0.410761116	-0.0304835491	0.518430481	-0.902038554	0.0763222492	0.306227596	0.0839384088	16.116482
4.43	1	0.470629288	-0.412349275	-0.0300629877	0.518974488	-0.977034127	0.315649113	0.305971687	0.0685169277	14.893092
4.44	1	0.466292603	-0.41397147	-0.0297083883	0.519773638	-0.979302094	0.609792432	0.30597306	0.108364803	16.752477
4.45	1	0.460437034	-0.415543147	-0.0293843232	0.520887113	-0.963245501	0.84392502	0.305884318	0.072806758	16.366436
4.46	1	0.455464989	-0.417021297	-0.0291286408	0.522159077	-0.89879396	1.00487005	0.305354929	0.0652866716	16.391507
4.47	1	0.450633945	-0.418428464	-0.028974455	0.523421386	-0.767312113	1.12397625	0.304875922	0.0579760068	16.729779
4.48	1	0.444803148	-0.419736064	-0.0289080995	0.524609503	-0.606767218	1.19022963	0.304728639	0.0546854422	16.426719
4.49	1	0.440680715	-0.420904774	-0.0289225575	0.525634353	-0.416590183	1.21401322	0.304595044	0.0549158353	15.076795
4.5	1	0.439108041	-0.421920814	-0.028993871	0.526399756	-0.241251775	1.20759158	0.304544551	0.0842931164	17.279494
4.51	1	0.439630483	-0.422767474	-0.0290916307	0.526861351	-0.0975588908	1.15628152	0.304710652	0.076515118	16.452814
4.52	1	0.441510796	-0.423517126	-0.02923428	0.527120181	0.0316808527	1.10350901	0.305168238	0.0769129189	17.01295
4.53	1	0.445075862	-0.424141517	-0.0294200815	0.52716178	0.146351812	1.05353093	0.305700052	0.0630632325	17.867106
4.54	1	0.450311526	-0.424665791	-0.0296569563	0.526993865	0.246786663	0.983249954	0.306142664	0.0622548544	16.903984
4.55	1	0.456073557	-0.425119451	-0.029965293	0.52662031	0.358705129	0.869743588	0.306422225	0.0935868984	16.969231
4.56	1	0.461053453	-0.425513645	-0.0303157188	0.526166261	0.437852234	0.692730729	0.305662658	0.0613472842	16.652242
4.57	1	0.46367644	-0.425881619	-0.030704818	0.525727718	0.488773141	0.495681982	0.305223635	0.0605267614	14.902449
4.58	1	0.463687308	-0.426218377	-0.0311153013	0.525332216	0.506827549	0.28911542	0.305225104	0.0745062409	15.85341
4.59	1	0.464679158	-0.426487434	-0.031617759	0.524738404	0.580995063	0.143032873	0.305273467	0.0518414904	16.041509
4.6	1	0.466089108	-0.426736925	-0.0321593573	0.524260317	0.611405489	-0.0283355698	0.305098967	0.0682004713	15.068736
4.61	1	0.467684868	-0.426867043	-0.0327085669	0.523708411	0.640203686	-0.200345351	0.304977647	0.101426752	17.281265
4.62	1	0.470522679	-0.426933176	-0.0332549597	0.523116906	0.647080368	-0.300161233	0.304961945	0.0631330019	16.304561
4.63	1	0.475033815	-0.426973194	-0.0338321671	0.522738125	0.667940861	-0.356965493	0.304981006	0.0882778069	17.283551
4.64	1	0.478114585	-0.426928405	-0.0343689388	0.521809235	0.638867508	-0.515170801	0.305291587	0.0793570062	16.055753
4.65	1	0.478995303	-0.427048921	-0.0349218181	0.521570039	0.593729981	-0.524277595	0.305964088	0.0991959904	17.209903
4.66	1	0.481255032	-0.427326133	-0.0355030723	0.521822241	0.558478307	-0.44676792	0.306243544	0.102044623	15.137605
4.67	1	0.48409567	-0.427644903	-0.0361039418	0.522416217	0.538798633	-0.353753426	0.305706017	0.0700718625	16.340755
4.68	1	0.484188509	-0.428000433	-0.0366901784	0.52324694	0.503208755	-0.267557184	0.305432487	0.0841253662	15.677842
4.69	1	0.480713009	-0.42833633	-0.0372347714	0.524264118	0.436080132	-0.215165307	0.305607436	0.0623559598	14.406029
4.7	1	0.47568876	-0.428627021	-0.0377311586	0.525477244	0.334928911	-0.197317821	0.305644927	0.0515239796	13.650134
4.71	1	0.471994001	-0.428878792	-0.0381991789	0.526394251	0.218535446	-0.0699258524	0.305565948	0.0812359634	14.153499
4.72	1	0.469422919	-0.429095648	-0.038604295	0.527556768	0.0858902922	0.014394526	0.305245209	0.047579102	17.915163
4.73	1	0.46878889	-0.429276207	-0.038965436	0.528808781	-0.0242216616	0.0963164546	0.304931484	0.0680387965	17.218505
4.74	1	0.469613414	-0.429425476	-0.0392711529	0.529948687	-0.118344873	0.185571437	0.304867876	0.0580397266	15.17129
4.75	1	0.469342521	-0.429525764	-0.0395205736	0.530845713	-0.186083475	0.268338744	0.305247928	0.0563797228	14.956294
4.76	1	0.468313276	-0.429597788	-0.0397171443	0.531523219	-0.238200405	0.338814922	0.305751452	0.0633464272	16.143956
4.77	1	0.469719588	-0.429628062	-0.0398570944	0.531987654	-0.279592521	0.394012997	0.30587095	0.0487995482	15.313174
4.78	1	0.473539735	-0.429683526	-0.0399441477	0.532404346	-0.314575572	0.441633591	0.305691505	0.0931790352	17.439764
4.79	1	0.47607429	-0.429754742	-0.0399463185	0.53274284	-0.361937521	0.476144955	0.305743526	0.0730022472	14.871917
4.8	1	0.476171351	-0.42985841	-0.0398769785	0.533071981	-0.420217555	0.478076324	0.305872354	0.0558797211	15.857575
4.81	1	0.473872338	-0.429973093	-0.0397421437	0.533303622	-0.490019453	0.434378952	0.305959502	0.0676725496	13.549596
4.82	1	0.472850771	-0.430060158	-0.0395800354	0.533482977	-0.529406752	0.352432395	0.305447382	0.113479458	14.041745
4.83	1	0.473672244	-0.430190351	-0.0394026999	0.533614255	-0.528758912	0.297391359	0.304892795	0.0659395838	15.121533
4.84	1	0.474930416	-0.430395384	-0.0392019663	0.533758618	-0.525672807	0.291833878	0.304645908	0.0597804637	16.365766
4.85	1	0.474124856	-0.430740409	-0.0389896348	0.533921907	-0.492183935	0.349671767	0.304920416	0.0769704396	15.956788
4.86	1	0.471312849	-0.431153572	-0.0388539106	0.533613686	-0.300572669	0.331766618	0.305325064	0.0732734865	15.381966
4.87	1	0.470101388	-0.431663332	-0.0386816231	0.533530531	-0.188001222	0.360775747	0.305405289	0.0717116115	14.671272
4.88	1	0.471123353	-0.43226576	-0.0384764638	0.53362095	-0.10171533	0.433158219	0.305259633	0.0643094368	15.600325
4.89	1	0.472851991	-0.433011456	-0.0382649082	0.533741396	0.00379041353	0.566006951	0.305284951	0.07703401	15.969734
4.9	1	0.472480975	-0.433900201	-0.038003948	0.534134004	0.0672794119	0.674818348	0.305474779	0.0625172953	15.740777
4.91	1	0.469376256	-0.434905343	-0.0376991854	0.534639344	0.112260224	0.762072217	0.305718964	0.0871013345	14.121648
4.92	1	0.465612165	-0.435929295	-0.0372700317	0.534788264	0.0406720237	0.886480815	0.305865536	0.0631263563	16.605965
4.93	1	0.463497831	-0.437015437	-0.0367965258	0.534989917	0.00476976765	0.958721539	0.305558114	0.0813883001	15.983859
4.94	1	0.463420068	-0.438161088	-0.0362688653	0.53518302	-0.0302210248	0.999303545	0.305110475	0.0551341283	17.161258
4.95	1	0.461981808	-0.4394051	-0.0357037827	0.535327836	-0.0460534191	1.0109751	0.305083345	0.0690612143	14.350675
4.96	1	0.458904713	-0.44074378	-0.0350978798	0.535378623	-0.050212251	0.974914907	0.305328619	0.0658998562	17.36652
4.97	1	0.458023199	-0.442162302	-0.0344309753	0.535339453	-0.0589010999	0.897809417	0.305298755	0.0645038191	15.058642
4.98	1	0.456607541	-0.443667135	-0.0337800367	0.535383758	-0.0198590314	0.858097235	0.305487869	0.0950999369	14.259445
4.99	1	0.457922525	-0.445297127	-0.0331351131	0.535552584	0.0384489272	0.863347481	0.305608724	0.123629895	15.576603
5	1	0.463022271	-0.447030301	-0.0325310348	0.535932175	0.144984334	0.921965527	0.305685407	0.153263585	13.832077
5.01	1	0.469531204	-0.448826499	-0.0319936599	0.536418933	0.298186223	0.983877424	0.305872286	0.0545278817	16.101474
5.02	1	0.476284536	-0.450647567	-0.031483891	0.537084373	0.405574706	1.03873404	0.306040313	0.114008317	17.737524
5.03	1	0.480773827	-0.452428117	-0.0310140689	0.537799238	0.484378744	1.03517902	0.306106391	0.0985504187	14.32633
5.04	1	0.481613175	-0.454075918	-0.0306510866	0.538065403	0.634069786	1.06702255	0.307209092	0.103997194	14.615743
5.05	1	0.482167358	-0.455649676	-0.0303030978	0.538502468	0.639749007	1.02208494	0.307691511	0.0775380331	15.368314
5.06	1	0.483777284	-0.457140757	-0.0299784346	0.539036887	0.571009101	0.916648755	0.307233244	0.0801577776	14.921963
5.07	1	0.48637465	-0.458562765	-0.0296833482	0.539558499	0.457139197	0.771073983	0.305981227	0.072822025	15.97352
5.08	1	0.485809081	-0.459931995	-0.0294176155	0.540040672	0.321631625	0.60404521	0.305309432	0.0776109677	14.428672
5.09	1	0.481374166	-0.461272854	-0.0291769756	0.54049863	0.167053795	0.432076533	0.305647017	0.0808159665	16.442747
5.1	1	0.477816635	-0.462621772	-0.028976159	0.541007169	0.032471426	0.289932848	0.305820678	0.0754488512	15.399337
5.11	1	0.477183468	-0.46397515	-0.0288205489	0.541579963	-0.0584963474	0.216248365	0.305975908	0.0812933058	14.841718
5.12	1	0.480471467	-0.465282382	-0.0285985005	0.541566058	-0.260479981	0.0871351457	0.306021112	0.0867774131	13.695218
5.13	1	0.483959549	-0.466592157	-0.0284230914	0.541680021	-0.352099481	0.0550630725	0.306471141	0.092086197	14.672834
5.14	1	0.486089934	-0.467969176	-0.02827598	0.542018251	-0.397676847	0.0643985671	0.306356267	0.0802527248	17.026095
5.15	1	0.486182769	-0.469368366	-0.0281470941	0.542555855	-0.411074355	0.0936382803	0.306279703	0.0589348241	17.122396
5.16	1	0.487764483	-0.470786608	-0.0280224844	0.543207514	-0.418057528	0.132583674	0.305465605	0.0790304407	16.944681
5.17	1	0.489189689	-0.472171319	-0.0278890434	0.543857625	-0.425496736	0.178342013	0.304971739	0.0409781961	16.368638
5.18	1	0.49199414	-0.473522698	-0.0277444582	0.544547527	-0.436375133	0.23175836	0.304569167	0.0518924624	14.881256
5.19	1	0.49290338	-0.47483351	-0.0276028104	0.545064127	-0.430404391	0.285633796	0.304605512	0.108488335	16.807414
5.2	1	0.491102316	-0.476051926	-0.0274576561	0.545324311	-0.41603768	0.305922656	0.30492211	0.0971550866	17.870949
5.21	1	0.490133386	-0.477196858	-0.0273249188	0.545402607	-0.364353405	0.331148507	0.305026167	0.0743313722	16.034154
5.22	1	0.490882938	-0.478248958	-0.0272098599	0.545148678	-0.252383104	0.382504886	0.305032702	0.0878479153	15.314865
5.23	1	0.492511282	-0.479183717	-0.0270961556	0.544433535	-0.121918146	0.445659378	0.305157507	0.0827630688	17.026278
5.24	1	0.492066991	-0.479959446	-0.0269921112	0.543319024	0.0246998119	0.499126386	0.305518222	0.0885518081	16.892516
5.25	1	0.488967749	-0.480585624	-0.0268889747	0.541738639	0.174992055	0.521476001	0.305940745	0.0738016453	16.718609
5.26	1	0.486880535	-0.481037539	-0.0267642066	0.539642102	0.308866703	0.497069517	0.305997246	0.0780233761	15.496531
5.27	1	0.486784924	-0.481324122	-0.0266473203	0.537086937	0.422269154	0.405984142	0.305776608	0.0948657153	16.359722
5.28	1	0.488142288	-0.481532427	-0.0265751394	0.534128749	0.564620066	0.292553621	0.305634412	0.0961923397	16.619648
5.29	1	0.487779632	-0.48177686	-0.02647016	0.531235335	0.628475952	0.229037655	0.305855762	0.103959733	16.190792
5.3	1	0.485084788	-0.482041264	-0.0263551669	0.528388511	0.644961611	0.152270667	0.306147711	0.0688864885	16.986258
5.31	1	0.483643982	-0.482310523	-0.0262330449	0.525664216	0.640186538	0.0474293033	0.306085843	0.0832458826	15.312867
5.32	1	0.48430428	-0.482564043	-0.0260852797	0.523098278	0.610311853	-0.0467870242	0.305852192	0.0798131383	16.810338
5.33	1	0.483833536	-0.482848036	-0.0259933049	0.520655609	0.645354848	-0.0847592971	0.305974148	0.0819897878	16.079324
5.34	1	0.481856435	-0.483204879	-0.0258453727	0.518451848	0.605785639	-0.178811484	0.306119022	0.0798245172	16.809375
5.35	1	0.481539425	-0.483668747	-0.0256985745	0.516716239	0.58720888	-0.217496069	0.306010967	0.110158367	17.659628
5.36	1	0.483407188	-0.484234726	-0.025576182	0.515545061	0.578986852	-0.195691201	0.305739353	0.0820144907	17.114709
5.37	1	0.483766688	-0.484735679	-0.0254755615	0.513873954	0.605681474	-0.157531942	0.305758342	0.0694137446	14.831918
5.38	1	0.481136869	-0.485331838	-0.0254584858	0.512994399	0.643788573	-0.100292782	0.306302841	0.0795083071	15.99894
5.39	1	0.476103853	-0.486040543	-0.0255071136	0.512769321	0.659171066	-0.0152092258	0.306742577	0.0821640509	14.478429
5.4	1	0.469357342	-0.486869485	-0.0256219204	0.513142645	0.642457749	0.0992235815	0.307501194	0.0777693912	15.073566
5.41	1	0.464646606	-0.487788363	-0.0257955984	0.513995866	0.591755449	0.215750813	0.307096144	0.0652067141	14.184867
5.42	1	0.462589983	-0.488757649	-0.0260433405	0.515006275	0.563008383	0.296228606	0.305208245	0.0933479655	17.531096
5.43	1	0.461870351	-0.48970106	-0.026361965	0.516250397	0.540845534	0.388378254	0.304252943	0.0684929646	16.729104
5.44	1	0.461706017	-0.490621047	-0.0267401227	0.517665037	0.528422351	0.478515183	0.30414536	0.0685058115	15.852587
5.45	1	0.46306233	-0.491543979	-0.0271757915	0.519272515	0.517885215	0.570496801	0.304400692	0.0824695459	15.261168
5.46	1	0.468409885	-0.492447702	-0.0276685953	0.521130242	0.517468651	0.643883701	0.304456408	0.0921634128	18.090626
5.47	1	0.477480651	-0.49327643	-0.0282247027	0.523120888	0.549090098	0.691399845	0.304453276	0.103625335	15.97299
5.48	1	0.490290824	-0.493988652	-0.028757448	0.524789613	0.533829341	0.775007274	0.304563014	0.0855297843	16.181561
5.49	1	0.503680379	-0.494594582	-0.0293353882	0.526371755	0.551733009	0.821974628	0.305101304	0.0832411284	16.400078
5.5	1	0.517200677	-0.49511487	-0.0299631796	0.527784324	0.584082984	0.862635734	0.305923034	0.087336546	15.410991
5.51	1	0.531024008	-0.495540556	-0.0306214524	0.5290071	0.601992709	0.85284155	0.305951119	0.0800754503	16.086755
5.52	1	0.543298866	-0.495790161	-0.0313183212	0.529941206	0.616392451	0.776390512	0.306838588	0.0708415008	13.880849
5.53	1	0.552624011	-0.495857263	-0.0320584191	0.53063489	0.658436581	0.661196066	0.309394223	0.109050784	14.500791
5.54	1	0.559034801	-0.495776756	-0.0328261265	0.531116982	0.688772404	0.500920758	0.313272643	0.0934540323	14.674348
5.55	1	0.564512777	-0.495631556	-0.0337027697	0.531247966	0.792953666	0.398822853	0.316290398	0.100503577	15.807213
5.56	1	0.57276761	-0.495524123	-0.0346062323	0.531410127	0.831536706	0.274108936	0.317221156	0.109622578	15.666943
5.57	1	0.583831534	-0.495526211	-0.0355352903	0.531729306	0.858567428	0.147246093	0.316280746	0.106418507	14.206906
5.58	1	0.596806347	-0.495654421	-0.0364787104	0.532228076	0.864857927	0.0287733611	0.314044078	0.0964172333	16.102769
5.59	1	0.605793301	-0.495947282	-0.0374449036	0.532952792	0.876222727	-0.0420915461	0.313073143	0.0996181051	16.159599
5.6	1	0.609467103	-0.496404766	-0.0383118276	0.533396798	0.730901256	-0.207204053	0.31325612	0.0995801331	13.279248
5.61	1	0.610509619	-0.497064434	-0.0392288524	0.534224441	0.646126866	-0.299256329	0.314353837	0.0739694974	14.760737
5.62	1	0.609840071	-0.497912717	-0.0401809914	0.535426765	0.581912949	-0.356309517	0.315524945	0.0848837412	15.79988
5.63	1	0.607802223	-0.498910698	-0.0411543036	0.536945075	0.527062259	-0.408755898	0.316110936	0.0690182535	15.329588
5.64	1	0.602990847	-0.500039073	-0.0421448147	0.538683831	0.479240994	-0.462804789	0.316133698	0.0487066096	14.830799
5.65	1	0.594055822	-0.501282816	-0.043161012	0.540513536	0.454330681	-0.512792557	0.315864727	0.0735332875	16.038655
5.66	1	0.58437601	-0.502540166	-0.0442779559	0.541955362	0.564756368	-0.490988482	0.315191397	0.0452847223	16.816374
5.67	1	0.574971104	-0.503859039	-0.0454046856	0.543565402	0.633728381	-0.502625615	0.313499243	0.080685385	14.217792
5.68	1	0.565939139	-0.505168607	-0.0465445935	0.545170826	0.687900114	-0.542365136	0.311044484	0.0740065109	16.840095
5.69	1	0.553670547	-0.506438894	-0.0476859564	0.546572375	0.724506182	-0.591242201	0.309473046	0.108591127	16.680226
5.7	1	0.538380936	-0.507652458	-0.0488256984	0.547677265	0.749863245	-0.662170448	0.30854034	0.0705275997	16.330603
5.71	1	0.522241147	-0.508835673	-0.0499583051	0.548425553	0.768712309	-0.764190363	0.306891642	0.0971647185	16.41929
5.72	1	0.509522767	-0.50999636	-0.0510667654	0.54868348	0.783509038	-0.885602876	0.304039287	0.0987780722	16.891382
5.73	1	0.501493679	-0.51106456	-0.0521497513	0.548184063	0.829176824	-0.930270896	0.302628307	0.103626801	16.130866
5.74	1	0.497819596	-0.51198243	-0.0532062102	0.546842752	0.905034896	-0.930010677	0.302224326	0.0947552282	14.142661
5.75	1	0.497576221	-0.512824419	-0.0541276353	0.545049498	0.946197619	-0.829862703	0.302538976	0.0829728057	18.683772
5.76	1	0.500151646	-0.513571103	-0.0549174073	0.542735066	0.951148069	-0.671410964	0.303252319	0.0736115222	17.352683
5.77	1	0.502251111	-0.514214257	-0.0555561734	0.539960242	0.91977989	-0.484259433	0.304409374	0.0809321991	17.653827
5.78	1	0.506328614	-0.514852063	-0.0559967505	0.536768008	0.753738275	-0.257352982	0.30541614	0.0865932634	19.577572
5.79	1	0.513238774	-0.515467234	-0.0563432116	0.533692568	0.652159405	-0.0383700666	0.306025169	0.0654347744	17.004992
5.8	1	0.520067165	-0.516005787	-0.0565754829	0.530529829	0.574041078	0.151608883	0.306655046	0.0964818587	16.448365
5.81	1	0.526224863	-0.516492171	-0.0566992943	0.527439906	0.51477194	0.245315088	0.305454646	0.071838214	16.308004
5.82	1	0.532513971	-0.516888313	-0.0567060521	0.524404489	0.469258543	0.325463042	0.305094579	0.0782373776	18.25289
5.83	1	0.539248226	-0.517179403	-0.0565930668	0.521608134	0.433089221	0.354897115	0.304870491	0.0782772704	15.847427
5.84	1	0.54472643	-0.51736321	-0.0564233339	0.51882369	0.460340504	0.374808714	0.30530371	0.0868688266	18.612372
5.85	1	0.547293394	-0.517577251	-0.0561035899	0.516362347	0.356846781	0.308418988	0.306646617	0.0687622728	17.417005
5.86	1	0.550713617	-0.517850338	-0.0556619762	0.514536504	0.250986477	0.190082164	0.307163106	0.0821155954	16.052695
5.87	1	0.552967607	-0.518240022	-0.055151785	0.513389105	0.160684792	0.0417269872	0.306616181	0.0858984004	15.053734
5.88	1	0.555518564	-0.518623307	-0.0546084817	0.512025491	0.115106455	-0.138399009	0.306413224	0.0809716828	16.326105
5.89	1	0.556115252	-0.519164138	-0.0540653963	0.511407468	0.0965099211	-0.285371858	0.305624644	0.100150216	17.369539
5.9	1	0.555021591	-0.51985894	-0.0535191953	0.511438654	0.0969453993	-0.376873339	0.305434913	0.0846810274	16.007091
5.91	1	0.552138718	-0.520662231	-0.0529485551	0.512123886	0.0660569873	-0.440664761	0.305295444	0.0932613456	16.873706
5.92	1	0.546891824	-0.521518437	-0.0523564492	0.513329665	0.026501397	-0.492723922	0.306272071	0.0958647442	17.842166
5.93	1	0.540981809	-0.522430032	-0.0517582917	0.514630461	-0.0274392883	-0.530701383	0.306660653	0.0821071656	15.45214
5.94	1	0.537879169	-0.523375962	-0.0511786668	0.516341209	-0.0516696739	-0.539057658	0.305718981	0.098515615	16.263146
5.95	1	0.535251866	-0.524323621	-0.0506334456	0.518223118	-0.0418445242	-0.506752831	0.303848894	0.0781187336	16.089766
5.96	1	0.531196788	-0.525165835	-0.050124236	0.520010758	-0.00807683904	-0.432137845	0.303144852	0.0881239186	15.209688
5.97	1	0.526682142	-0.525929471	-0.0496405452	0.521690366	0.0440950005	-0.310055332	0.303219501	0.081035266	16.696856
5.98	1	0.525137194	-0.526629447	-0.0491598665	0.523181403	0.081777706	-0.150989229	0.303282318	0.0923450159	15.005553
5.99	1	0.527331854	-0.527299325	-0.0487419895	0.524243913	0.196876677	0.0357112074	0.303361933	0.0855763087	14.364229
6	1	0.531936774	-0.52786443	-0.0483788033	0.524923836	0.315676943	0.245966627	0.303806388	0.0618915006	15.852831
6.01	1	0.53874128	-0.528285322	-0.0480530516	0.525354321	0.437149324	0.452973224	0.304004828	0.0979734073	17.840169
6.02	1	0.545007549	-0.528585235	-0.0477646709	0.525504069	0.571570904	0.654592281	0.304776299	0.0754423086	14.4906
6.03	1	0.553188963	-0.528761777	-0.0474939673	0.525317199	0.690121276	0.827815951	0.305275324	0.0645787046	16.19098
6.04	1	0.563676868	-0.528807282	-0.0472185749	0.524909447	0.77965939	0.94900371	0.305391812	0.0682990966	15.951039
6.05	1	0.574943004	-0.528757956	-0.046954135	0.52445676	0.843048832	1.00927975	0.305086912	0.0981533383	16.894827
6.06	1	0.581928182	-0.528723239	-0.0467193057	0.524006595	0.91944769	1.03198281	0.305938193	0.0947095623	15.572076
6.07	1	0.585176551	-0.528730448	-0.0464732683	0.523608797	0.929000378	1.02763164	0.306933958	0.0955839866	15.350808
6.08	1	0.584799234	-0.528748796	-0.0463130559	0.522667842	1.00811982	1.10096895	0.308997421	0.107109962	17.317721
6.09	1	0.58118583	-0.528846491	-0.0461372349	0.521929058	1.00358323	1.09127843	0.311765598	0.0924419315	15.658495
6.1	1	0.579514982	-0.529046724	-0.0459475469	0.521468603	0.973307184	1.01575925	0.31290603	0.0802108092	15.293037
6.11	1	0.580753879	-0.52942733	-0.0457549515	0.521461204	0.930470348	0.88146194	0.311971309	0.101327124	15.774711
6.12	1	0.584273072	-0.530019888	-0.0455434513	0.521796924	0.868495584	0.729233634	0.30964755	0.0874457304	15.904198
6.13	1	0.584956317	-0.530764276	-0.0453266295	0.522311314	0.804798417	0.555521709	0.308169512	0.0922245368	14.87553
6.14	1	0.583282424	-0.531651328	-0.0450903816	0.522981443	0.737972195	0.359577257	0.307626389	0.0516022505	18.023414
6.15	1	0.577819526	-0.532680111	-0.0448566582	0.523762608	0.687009093	0.154133498	0.307895266	0.0761998317	16.392814
6.16	1	0.573517827	-0.533789634	-0.0445134771	0.524146419	0.512312926	-0.137012322	0.307006801	0.0975534196	16.068922
6.17	1	0.568945126	-0.535068158	-0.0441702936	0.524679125	0.443112473	-0.389046278	0.305100927	0.0730509095	16.730729
6.18	1	0.566908879	-0.536488078	-0.0438264773	0.525241677	0.420025208	-0.567333146	0.303896569	0.0699944037	16.371452
6.19	1	0.568644877	-0.538028355	-0.0434940444	0.525756313	0.419167162	-0.679590862	0.303269003	0.0701290222	16.103917
6.2	1	0.571510383	-0.53966162	-0.0431267158	0.525985039	0.426731212	-0.703540638	0.303698104	0.0874056846	16.026188
6.21	1	0.57745603	-0.541346774	-0.0427814226	0.525973078	0.47300405	-0.696628077	0.304264022	0.0998944735	16.602714
6.22	1	0.584554992	-0.543056335	-0.042481489	0.525674268	0.569664367	-0.656488373	0.305216982	0.0616987821	16.109565
6.23	1	0.59419219	-0.544784749	-0.0422427091	0.52513522	0.711791808	-0.618164707	0.305967034	0.0687793512	15.520498
6.24	1	0.604345691	-0.546498639	-0.0420356302	0.524541726	0.802804698	-0.554074338	0.306659941	0.0696712127	17.242112
6.25	1	0.614544816	-0.548209459	-0.0418566644	0.524026452	0.853893812	-0.474939848	0.3065232	0.0625829016	16.475299
6.26	1	0.622595554	-0.549856935	-0.0416969711	0.523473516	0.868987124	-0.410374052	0.30656474	0.0791358182	16.692086
6.27	1	0.626947782	-0.551444991	-0.0415556092	0.522862613	0.849873905	-0.370272469	0.307691253	0.065164376	19.012042
6.28	1	0.628218354	-0.552951837	-0.0414172553	0.522205218	0.771146237	-0.349390037	0.308926879	0.0667514857	18.248372
6.29	1	0.629782464	-0.554326995	-0.0412649108	0.521532226	0.638521265	-0.346009352	0.309620913	0.0800868582	18.064355
6.3	1	0.631194566	-0.555559397	-0.0410959976	0.520750841	0.519858744	-0.358840078	0.309644542	0.0543841938	15.731211
6.31	1	0.632985121	-0.556637256	-0.0408986424	0.520036725	0.370882735	-0.419373523	0.308880605	0.0469100325	15.843052
6.32	1	0.63492853	-0.557593904	-0.0407042162	0.519390166	0.248817548	-0.502571798	0.307569505	0.0823462082	16.120312
6.33	1	0.635773916	-0.558437776	-0.0404159579	0.518488571	0.0714180443	-0.526628351	0.306848337	0.0698475031	17.734888
6.34	1	0.636013565	-0.559206831	-0.0401187217	0.517885304	-0.0534157421	-0.582219767	0.305564382	0.0536571171	15.711717
6.35	1	0.632979427	-0.559965502	-0.0397895984	0.517612664	-0.166570202	-0.608383852	0.305327463	0.104974289	15.045017
6.36	1	0.628663629	-0.560670609	-0.0395236377	0.516957136	-0.171992865	-0.746847057	0.305480995	0.0689656265	15.350412
6.37	1	0.626660063	-0.561452993	-0.0392480555	0.516791252	-0.179031017	-0.795718141	0.305471635	0.082465805	17.283133
6.38	1	0.627626787	-0.562259147	-0.0389648687	0.516963503	-0.194880757	-0.786631018	0.305255582	0.0615960607	16.903815
6.39	1	0.627366936	-0.563092006	-0.0387120615	0.517293278	-0.186741272	-0.726390554	0.305403839	0.0846866799	15.221547
6.4	1	0.624243071	-0.563917935	-0.0385011863	0.517851419	-0.174282463	-0.685177322	0.305990417	0.0996313817	16.278684
6.41	1	0.617917833	-0.5647879	-0.0383674172	0.518579484	-0.113999877	-0.604895657	0.307315243	0.0927608127	17.84979
6.42	1	0.613093304	-0.565650794	-0.0382876547	0.519530073	-0.0718622126	-0.507958818	0.307508073	0.112080292	17.523937
6.43	1	0.607923006	-0.566495956	-0.038218052	0.520644145	-0.0343230876	-0.412796546	0.306612838	0.0859059432	15.190956
6.44	1	0.604511273	-0.567307127	-0.0381946298	0.521796919	0.0146397906	-0.278440159	0.305087727	0.0632697958	17.247799
6.45	1	0.601445128	-0.568107199	-0.0381117323	0.522891247	-0.0482881145	-0.148129335	0.304110653	0.0863815645	18.581003
6.46	1	0.597519707	-0.568912628	-0.0379925732	0.524121202	-0.152061851	0.0198573071	0.303982132	0.0618537299	17.471438
6.47	1	0.595829091	-0.569684613	-0.037844877	0.525497778	-0.27157878	0.209219898	0.303811423	0.0880976603	15.579625
6.48	1	0.596943206	-0.570406539	-0.0377551406	0.526673995	-0.300784047	0.372626428	0.303584635	0.0779378971	17.343177
6.49	1	0.60057786	-0.571035569	-0.0376502302	0.527924572	-0.359150419	0.565605071	0.303498153	0.0586528784	15.243724
6.5	1	0.602785921	-0.571516117	-0.0375621939	0.529015148	-0.387268071	0.718144292	0.303943298	0.113973874	18.654205
6.51	1	0.606221501	-0.571853632	-0.0374963518	0.529915396	-0.386868779	0.813200659	0.304302726	0.0557005967	17.369363
6.52	1	0.611799672	-0.572082104	-0.0374225572	0.530417727	-0.427301868	0.935759681	0.304646219	0.0517606186	15.388504
6.53	1	0.615596742	-0.572192374	-0.0373610778	0.530780468	-0.419050153	0.983793939	0.305144575	0.0847154274	17.440166
6.54	1	0.61606967	-0.572183281	-0.0373334472	0.530966307	-0.367009368	0.969648877	0.306567077	0.0803687084	15.234266
6.55	1	0.617749568	-0.572148042	-0.0373657588	0.53114871	-0.28076425	0.915242565	0.307140925	0.0846898221	18.854852
6.56	1	0.619007202	-0.572140175	-0.0374692153	0.531352484	-0.160341449	0.839930345	0.307701283	0.0787620163	16.905348
6.57	1	0.620094512	-0.572126606	-0.0376841511	0.531347159	0.0175017014	0.775560804	0.308492944	0.0820898247	17.177043
6.58	1	0.620288288	-0.572172878	-0.0379952806	0.53153898	0.182721477	0.68360825	0.308053746	0.0811729134	17.48892
6.59	1	0.618726503	-0.572226175	-0.0384196135	0.531788036	0.379605554	0.567083702	0.306725582	0.092857738	19.02541
6.6	1	0.617936076	-0.572274787	-0.0389400416	0.532057427	0.560406156	0.441835281	0.304902332	0.0684629721	15.863296
6.61	1	0.614648892	-0.572382555	-0.0395271074	0.532495596	0.703756939	0.333524434	0.304308263	0.114098752	17.926124
6.62	1	0.612563647	-0.572598505	-0.0401875526	0.53296279	0.831884625	0.255910555	0.303927437	0.0934516414	16.664672
6.63	1	0.613193566	-0.572816886	-0.0408084863	0.533098046	0.836713232	0.148146997	0.303676823	0.0916348728	18.807719
6.64	1	0.612891404	-0.573100152	-0.0414734411	0.533318595	0.849870128	0.0780460266	0.304036467	0.0799035004	15.922008
6.65	1	0.611906487	-0.573426076	-0.0421639979	0.53343647	0.877801505	0.0371164873	0.304994008	0.0711067653	15.883671
6.66	1	0.614267503	-0.573818218	-0.0428680607	0.533674761	0.843857043	0.0349392245	0.305576162	0.0837118027	16.148151
6.67	1	0.620610299	-0.574266979	-0.0435998889	0.533958371	0.802975948	0.0622038106	0.305770132	0.0640424517	16.111334
6.68	1	0.629429945	-0.574762244	-0.0443744044	0.534306663	0.764197703	0.0794453751	0.305529557	0.0629377711	18.320962
6.69	1	0.635529852	-0.575331118	-0.0451878166	0.534704244	0.717279894	0.0827960838	0.305720045	0.0673131627	18.695605
6.7	1	0.637113562	-0.575964192	-0.0460825507	0.535177041	0.712687415	0.093541611	0.307112018	0.0982659022	17.847826
6.71	1	0.634576566	-0.576614501	-0.0470244026	0.535607508	0.711120224	0.117753576	0.309592307	0.0929192209	16.497086
6.72	1	0.631943749	-0.577236039	-0.0479868644	0.535613496	0.715145582	0.223711261	0.312397728	0.0708584943	16.301616
6.73	1	0.631293981	-0.577817827	-0.0489432072	0.535652419	0.682932303	0.285239519	0.313129638	0.0924006354	16.109741
6.74	1	0.632839892	-0.578366985	-0.0498633072	0.535611145	0.606495868	0.326450737	0.311851	0.0820925385	16.856555
6.75	1	0.634653333	-0.578860968	-0.0507302297	0.535471895	0.49289594	0.345847387	0.310385526	0.0830023283	16.915125
6.76	1	0.632057978	-0.579320168	-0.0515349602	0.535229169	0.362888338	0.37098035	0.310062134	0.0761459834	16.614373
6.77	1	0.624536699	-0.579744535	-0.0522771571	0.534778371	0.24595487	0.396598709	0.311067941	0.0765363384	18.230397
6.78	1	0.613447972	-0.580174767	-0.052966216	0.534164155	0.165579606	0.420618	0.313000684	0.0885323486	15.504483
6.79	1	0.604403405	-0.580571087	-0.053585972	0.533398345	0.118219068	0.384333395	0.313287601	0.0886399149	16.522789
6.8	1	0.597341479	-0.580939861	-0.0541708217	0.532582896	0.127976821	0.306679057	0.312742061	0.0726559126	15.559759
6.81	1	0.591148155	-0.58128437	-0.054701001	0.53180093	0.160166257	0.188519596	0.311724388	0.0767442894	17.930374
6.82	1	0.582080868	-0.581546714	-0.0551549956	0.53094751	0.192786936	0.028754788	0.310792677	0.101027924	16.667066
6.83	1	0.572795376	-0.581710326	-0.0555275135	0.529981424	0.225012669	-0.18287118	0.30955168	0.0648643188	18.322308
6.84	1	0.561791977	-0.581800533	-0.0558310286	0.528512623	0.264805435	-0.340415714	0.308540801	0.075961389	16.195578
6.85	1	0.549382964	-0.581970158	-0.0561014182	0.527390525	0.30677977	-0.496766312	0.306555658	0.120495297	15.554557
6.86	1	0.538544842	-0.58225199	-0.0563493839	0.526700613	0.347418817	-0.640746705	0.303441617	0.0849164605	19.076458
6.87	1	0.531113776	-0.582590439	-0.0566584628	0.525945587	0.494529345	-0.774848272	0.3018798	0.0798790643	15.055692
6.88	1	0.5269563	-0.583147667	-0.0568914197	0.525564628	0.480620361	-0.775614892	0.301533118	0.0801867663	16.22921
6.89	1	0.525226988	-0.583925531	-0.0570829636	0.525796294	0.443178491	-0.64090682	0.301958962	0.07274907	16.651285
6.9	1	0.525023929	-0.584891564	-0.0572273964	0.526502777	0.37334678	-0.405471794	0.302846453	0.0493435686	16.451357
6.91	1	0.525740768	-0.585952779	-0.0573421023	0.527509068	0.30230359	-0.141651498	0.303900916	0.0769073255	14.235852
6.92	1	0.527012879	-0.587083274	-0.057406279	0.528689493	0.202593106	0.135152298	0.304952518	0.0828770764	16.653431
6.93	1	0.528837439	-0.588202722	-0.0574317759	0.529915188	0.120826635	0.387572602	0.30585177	0.0714014387	16.326939
6.94	1	0.531431716	-0.589291188	-0.0574072464	0.531157965	0.0312330541	0.608475347	0.306536171	0.0673811001	15.951733
6.95	1	0.536408136	-0.590377317	-0.057386759	0.532476456	-0.00380822535	0.749420231	0.304878768	0.0862481515	13.984141
6.96	1	0.542515521	-0.591366899	-0.0573120371	0.533178828	-0.0642176524	1.00668018	0.304500464	0.072949282	14.942953
6.97	1	0.549999238	-0.592266352	-0.0572178291	0.533851447	-0.0738574861	1.20625408	0.30459755	0.0610233378	13.943569
6.98	1	0.559104661	-0.593049355	-0.0571179725	0.534415819	-0.0422627688	1.36298502	0.304956424	0.0679703503	16.218438
6.99	1	0.570253744	-0.593717297	-0.05700454	0.534927673	0.0145962725	1.45020162	0.305346031	0.0807642016	17.102822
7	1	0.583371349	-0.594259896	-0.0568765666	0.535489659	0.0790927075	1.47692557	0.305619341	0.0638692993	17.456946
7.01	1	0.59750561	-0.594677091	-0.0567207813	0.535996063	0.143631311	1.41292382	0.305512965	0.0852537763	16.934973
7.02	1	0.611333145	-0.594976508	-0.0565471062	0.536462548	0.226231443	1.29738265	0.305567112	0.0746887401	16.927328
7.03	1	0.624068451	-0.595243484	-0.0563220582	0.536755108	0.273091444	1.14615736	0.306116932	0.11160861	14.792476
7.04	1	0.635538476	-0.595456558	-0.0560845645	0.536738809	0.323351336	0.94786022	0.306956425	0.0936836664	15.470741
7.05	1	0.645911849	-0.595659046	-0.0558375472	0.536411628	0.361042801	0.71588667	0.30782434	0.0698130312	15.490395
7.06	1	0.655372295	-0.595869732	-0.055580351	0.535822245	0.384726278	0.498653566	0.308609772	0.107645473	17.930118
7.07	1	0.664011015	-0.596058573	-0.0553565532	0.534957309	0.440501167	0.288690334	0.309149253	0.0816507404	16.876573
7.08	1	0.668840217	-0.596292035	-0.0551882138	0.534040281	0.535725562	0.0949258443	0.31015259	0.131851343	15.565123
7.09	1	0.673298481	-0.596580549	-0.0550777103	0.533161731	0.645824359	-0.0894951808	0.310435013	0.0603195923	14.483276
7.1	1	0.677893626	-0.596924148	-0.0550416527	0.53237639	0.787427288	-0.248352565	0.310050432	0.061017379	15.929919
7.11	1	0.678730253	-0.597368662	-0.0550475341	0.531749376	0.904185499	-0.399101712	0.310090479	0.100250823	17.869043
7.12	1	0.67897927	-0.597880764	-0.0549750112	0.530787764	0.853136861	-0.668945925	0.309508736	0.0740842642	17.913955
7.13	1	0.675527371	-0.5984735	-0.0550637949	0.529683987	0.981951142	-0.746414907	0.310402516	0.102375091	15.984258
7.14	1	0.672265388	-0.599248458	-0.055171906	0.529245554	0.996445138	-0.74810151	0.310607611	0.110632303	17.913105
7.15	1	0.670206914	-0.600155132	-0.0553034198	0.529284324	0.975433706	-0.695793825	0.309806631	0.0622623521	14.011122
7.16	1	0.66859751	-0.601226691	-0.0554385527	0.529747402	0.931228599	-0.586046029	0.308308744	0.079257264	16.34567
7.17	1	0.663497403	-0.602432222	-0.0555729695	0.530517004	0.886634918	-0.416662746	0.307532465	0.0698833413	17.212181
7.18	1	0.654072422	-0.603770297	-0.0556721771	0.531524109	0.804415446	-0.221414628	0.308218939	0.108923939	15.698388
7.19	1	0.642832025	-0.605219284	-0.0556979813	0.53271235	0.658837473	-0.0339945624	0.308461377	0.123005683	18.091642
7.2	1	0.632913509	-0.606734657	-0.0556739927	0.533823687	0.481379922	0.127314313	0.307768047	0.0822620805	16.985524
7.21	1	0.625618	-0.608307274	-0.055585607	0.535002114	0.314459419	0.263236374	0.306070473	0.0724274457	15.969674
7.22	1	0.618286134	-0.609865547	-0.0554130416	0.536071742	0.143687848	0.372325317	0.305175929	0.109965409	16.186754
7.23	1	0.612485981	-0.611411524	-0.0551475366	0.537065735	-0.0126843579	0.448039282	0.304266286	0.107272126	16.223133
7.24	1	0.607798177	-0.612916357	-0.0547874794	0.537985078	-0.145589806	0.457386517	0.303377594	0.0791058715	16.71241
7.25	1	0.605088481	-0.61427748	-0.0543339156	0.538455887	-0.232299532	0.412614135	0.303102768	0.108940256	15.099388
7.26	1	0.602774547	-0.615469101	-0.0538395798	0.538246204	-0.244960758	0.385409711	0.303965328	0.0852816687	15.157487
7.27	1	0.601069279	-0.616509612	-0.0532819078	0.537522944	-0.211853713	0.341283654	0.30523747	0.104958238	15.416008
7.28	1	0.601806424	-0.617439436	-0.0526424508	0.536366143	-0.190912875	0.270714112	0.305784548	0.083733874	16.198739
7.29	1	0.604039654	-0.618249197	-0.0519533937	0.53502767	-0.158272576	0.170235171	0.305700388	0.0784675786	16.112345
7.3	1	0.605579178	-0.618952694	-0.0512256549	0.533496512	-0.116941521	0.101009512	0.306245215	0.0728900198	15.369619
7.31	1	0.606996292	-0.619538108	-0.0504609869	0.531813158	-0.0660287683	0.0723016095	0.307118999	0.0721779764	16.476088
7.32	1	0.610152163	-0.61998387	-0.0496627833	0.530063467	-0.0152362237	-0.00455163705	0.306676667	0.0915243255	16.380244
7.33	1	0.613917179	-0.620344855	-0.0488558231	0.528386755	0.025381858	-0.092903572	0.306287386	0.0724860212	15.617708
7.34	1	0.615997431	-0.620591019	-0.0480383249	0.526754029	0.0366285206	-0.169289001	0.306398742	0.0736905339	18.18978
7.35	1	0.616653123	-0.620764995	-0.0472218117	0.525366066	0.0257980375	-0.236534921	0.305341472	0.0732763279	15.39135
7.36	1	0.616509286	-0.620840484	-0.0465187517	0.523710437	0.167174778	-0.366205141	0.304922614	0.0836375784	16.664424
7.37	1	0.617079434	-0.620898629	-0.0457365353	0.522152891	0.126416978	-0.345186821	0.305019198	0.0859226412	15.267001
7.38	1	0.617879201	-0.620965042	-0.0449562607	0.521246384	0.106250804	-0.344326749	0.30526888	0.0732233529	16.143773
7.39	1	0.615829243	-0.621038419	-0.0441155042	0.520614134	0.0239605871	-0.370871051	0.306427755	0.0943808661	14.109391
7.4	1	0.613748665	-0.621180389	-0.0433108484	0.520571277	-0.0177631056	-0.321498987	0.306760036	0.0787348102	15.947281
7.41	1	0.610726193	-0.621426876	-0.0425295592	0.521225508	-0.0410488122	-0.221200033	0.305955295	0.105990145	15.517744
7.42	1	0.608149201	-0.621736263	-0.0417681023	0.522504575	-0.0299946682	-0.131480818	0.305233792	0.0888948511	14.682309
7.43	1	0.604688532	-0.6221608	-0.0410650756	0.524004613	0.0404012816	0.0425952568	0.305321321	0.0852103751	17.77206
7.44	1	0.602186514	-0.622619781	-0.0403684245	0.525933473	0.0719765593	0.165468628	0.304907165	0.0676896789	16.197004
7.45	1	0.600197768	-0.623121535	-0.0396999922	0.528107785	0.123656454	0.247853602	0.304468027	0.112587902	16.846679
7.46	1	0.598293336	-0.623657419	-0.0391039586	0.530226517	0.221603874	0.236589263	0.304023401	0.0918046621	16.869294
7.47	1	0.594888563	-0.624383622	-0.0384149062	0.532289296	0.167704334	0.360589113	0.30477733	0.130932245	15.844483
7.48	1	0.591551142	-0.625275381	-0.037721388	0.534503394	0.0978646035	0.510196307	0.305981136	0.102671666	15.827755
7.49	1	0.591000185	-0.626215792	-0.037007435	0.536531918	-0.0130191511	0.577036216	0.306317796	0.0941939795	14.479539
7.5	1	0.592335661	-0.627140456	-0.03629524	0.538382673	-0.115152224	0.548434325	0.305417306	0.108714114	17.713755
7.51	1	0.59344885	-0.62800839	-0.035573358	0.539835031	-0.196852693	0.477221388	0.305326232	0.0847181643	15.316049
7.52	1	0.595759944	-0.628832845	-0.0348166305	0.540852383	-0.287165641	0.375529402	0.305103168	0.150204019	13.749757
7.53	1	0.600056064	-0.629612903	-0.0340567916	0.541498791	-0.34946463	0.299927036	0.30510177	0.104947047	17.066925
7.54	1	0.604440556	-0.630394985	-0.033327308	0.54186101	-0.348618016	0.305772712	0.305814568	0.1238751	15.097516
7.55	1	0.608902124	-0.631153535	-0.0326404816	0.541958191	-0.298275012	0.379282165	0.306822662	0.0861653738	13.011951
7.56	1	0.61357967	-0.631928132	-0.0319841632	0.541887978	-0.27485665	0.44388554	0.305942082	0.089948693	15.250898
7.57	1	0.619971735	-0.632678574	-0.0313647551	0.541652107	-0.218565144	0.530247125	0.304915832	0.103667714	14.055996
7.58	1	0.625650772	-0.633420739	-0.0307663132	0.541276181	-0.155302693	0.641260327	0.30454756	0.0807217171	14.522795
7.59	1	0.630097014	-0.63419235	-0.0301934219	0.540810771	-0.0753858996	0.78510563	0.304716713	0.0986449696	15.082419
7.6	1	0.633285437	-0.634993774	-0.0296465852	0.540420795	0.0124953788	0.960488315	0.305076689	0.107873476	16.919413
7.61	1	0.635411756	-0.635769879	-0.0290347062	0.539560976	-0.0537591758	1.02157759	0.305234492	0.0523701143	14.112987
7.62	1	0.637412303	-0.636590436	-0.0284417475	0.539035547	-0.0794096076	1.13532216	0.306182677	0.0853142123	14.543798
7.63	1	0.639020365	-0.637468475	-0.0279207811	0.538970579	-0.0957222497	1.23242785	0.307399295	0.0640748661	15.209386
7.64	1	0.639715397	-0.638365846	-0.027564804	0.538890215	0.0353687359	1.38370287	0.308886257	0.0764193473	17.256237
7.65	1	0.638066087	-0.63934305	-0.027263204	0.539319899	0.0957193165	1.48271408	0.308964506	0.069583687	14.523915
7.66	1	0.634335773	-0.640382957	-0.027010755	0.540086062	0.13741118	1.53286035	0.308006511	0.063078174	15.610988
7.67	1	0.629138105	-0.6414849	-0.0268356443	0.541159911	0.192138145	1.56067388	0.306729443	0.0807433519	16.28525
7.68	1	0.624399401	-0.642615774	-0.0267133861	0.542434686	0.22331195	1.53584597	0.305891635	0.0944893361	16.537421
7.69	1	0.619178412	-0.643772192	-0.0266142606	0.543796849	0.21019933	1.46110723	0.305494085	0.0890355204	15.202913
7.7	1	0.614238461	-0.644926441	-0.0264908849	0.544850798	0.136278423	1.41530092	0.305704535	0.105402233	15.114127
7.71	1	0.612340804	-0.646067752	-0.026420704	0.545796404	0.0801252439	1.32129738	0.305497095	0.0961367104	14.895542
7.72	1	0.613719627	-0.647140769	-0.0264108078	0.546502908	0.0831604618	1.19717515	0.305093582	0.079567573	15.854492
7.73	1	0.618294922	-0.648099118	-0.0264622285	0.5468014	0.115702805	1.03938232	0.304780298	0.0953390401	16.175055
7.74	1	0.625871021	-0.648922456	-0.0265748537	0.546611823	0.174261879	0.846614273	0.304669158	0.0888053564	16.857257
7.75	1	0.636049608	-0.649705126	-0.0266848349	0.546243429	0.186174681	0.738006179	0.304931785	0.0809989406	14.146032
7.76	1	0.64836186	-0.650513149	-0.0267787523	0.54604067	0.149066794	0.688967429	0.305285183	0.168656819	14.541118
7.77	1	0.660098981	-0.651287485	-0.0268604498	0.545883961	0.0952145672	0.688814332	0.306281953	0.0994903098	15.063097
7.78	1	0.67352956	-0.652038805	-0.0269484315	0.545824648	0.0431072029	0.706435259	0.306836036	0.0657930688	15.473455
7.79	1	0.688853413	-0.652772221	-0.0270114332	0.545824322	-0.0359964329	0.697032121	0.306090016	0.0835074706	13.435574
7.8	1	0.701758352	-0.653506872	-0.0270565727	0.545882293	-0.118282614	0.690541484	0.305918128	0.0961023853	14.603859
7.81	1	0.711137672	-0.654260639	-0.0270844665	0.546041352	-0.201880876	0.674547522	0.306275359	0.10919099	17.143155
7.82	1	0.717104162	-0.655069958	-0.0271018727	0.546321936	-0.284186676	0.647345664	0.307236142	0.0783799688	15.919986
7.83	1	0.720335939	-0.655929983	-0.0271091595	0.546757907	-0.353756095	0.5948944	0.308519862	0.0856908899	13.504755
7.84	1	0.721582269	-0.656789755	-0.0270199171	0.546729601	-0.536037939	0.613157649	0.310245581	0.0666476241	14.922822
7.85	1	0.724042547	-0.657672841	-0.0269594033	0.546995461	-0.627074843	0.541194046	0.311091393	0.079426431	16.448861
7.86	1	0.724250813	-0.658620127	-0.0269250203	0.547454812	-0.662568997	0.427960945	0.31242855	0.0915881679	16.596526
7.87	1	0.722553841	-0.659677246	-0.0269210886	0.54824277	-0.647739648	0.289490219	0.313134295	0.110542045	14.081207
7.88	1	0.718467453	-0.66086987	-0.0269387456	0.54931046	-0.615554918	0.165501063	0.314547201	0.102997481	14.719079
7.89	1	0.716190508	-0.662161559	-0.0270650977	0.550114896	-0.414792416	-0.0694888022	0.314659008	0.0702211907	16.512312
7.9	1	0.713493858	-0.663646663	-0.0271823778	0.551260105	-0.299984713	-0.224464675	0.313844539	0.0894314353	14.950142
7.91	1	0.708872996	-0.665284903	-0.0273022442	0.552555701	-0.222606641	-0.315177992	0.313931662	0.0931738681	15.818623
7.92	1	0.705480328	-0.667070922	-0.0274347028	0.553887987	-0.173227258	-0.358108461	0.313363347	0.0958211179	15.287261
7.93	1	0.703771115	-0.668907124	-0.0275711581	0.555143054	-0.144200394	-0.396818241	0.311739001	0.109133669	16.356643
7.94	1	0.703403757	-0.670768346	-0.0277202731	0.556166291	-0.13438159	-0.448065477	0.309321584	0.107567047	15.381447
7.95	1	0.703006276	-0.672579448	-0.0278847193	0.556803937	-0.136944704	-0.521099499	0.307294706	0.0997545203	16.054883
7.96	1	0.700324966	-0.674310903	-0.0280653243	0.556988397	-0.132245713	-0.625431606	0.305270503	0.0770861176	17.14885
7.97	1	0.696840347	-0.675963383	-0.0282629724	0.556641683	-0.138318304	-0.750809032	0.304068315	0.0846435599	16.972993
7.98	1	0.691813123	-0.67753834	-0.0284472072	0.5557853	-0.181472837	-0.831764987	0.304087695	0.0891482589	16.998522
7.99	1	0.687720562	-0.679087937	-0.0286142735	0.554567597	-0.268235397	-0.889500794	0.304049699	0.0722074033	16.148081
8	1	0.684428825	-0.680559599	-0.0287722164	0.552894049	-0.371793521	-0.955282216	0.303921918	0.0879700457	15.003207
8.01	1	0.681361682	-0.681908043	-0.0289172628	0.550640218	-0.47777709	-1.03362612	0.303873255	0.115543302	16.576022
8.02	1	0.677233808	-0.683113265	-0.029067559	0.547789143	-0.572555361	-1.09128771	0.304812364	0.086813682	15.672841
8.03	1	0.675173261	-0.684236496	-0.029293951	0.544739363	-0.619269449	-1.0408236	0.305801	0.0869067332	16.145592
8.04	1	0.675584841	-0.685253988	-0.029605804	0.541399181	-0.595975808	-0.93348391	0.306370167	0.0933497165	16.697711
8.05	1	0.675727623	-0.686171508	-0.0300018513	0.537856175	-0.510047908	-0.813252612	0.30519582	0.0834356798	16.736235
8.06	1	0.675233139	-0.68694565	-0.0304243539	0.534238405	-0.438053503	-0.673192479	0.305026289	0.0766936796	18.56407
8.07	1	0.674666372	-0.687575086	-0.0308693454	0.530666193	-0.371994027	-0.523174041	0.305315887	0.0774323182	18.962696
8.08	1	0.676610977	-0.688090351	-0.0313493473	0.52724231	-0.302795118	-0.398741303	0.305107688	0.0801220587	17.164442
8.09	1	0.678657828	-0.688554894	-0.0318683475	0.524071697	-0.221853997	-0.300295477	0.305084339	0.10842604	16.124902
8.1	1	0.680036511	-0.688952045	-0.0324972685	0.521026724	-0.0400286896	-0.245365148	0.30523504	0.0832705993	15.157433
8.11	1	0.680282893	-0.689341769	-0.0330958442	0.518331784	0.0199674595	-0.128470139	0.305548724	0.0773141542	16.04707
8.12	1	0.680706362	-0.689750673	-0.0337202949	0.516407249	0.106635834	-0.0600467143	0.305876809	0.0736505144	17.619073
8.13	1	0.680963054	-0.690181908	-0.0342410597	0.514788453	0.0682395814	-0.108557779	0.306253612	0.0751899915	16.414623
8.14	1	0.680188989	-0.690728324	-0.0348640787	0.513611247	0.22143648	-0.0106672536	0.307200852	0.0863094092	16.267583
8.15	1	0.677091212	-0.691330766	-0.0354623362	0.513407776	0.295540656	0.0425197062	0.306826092	0.0918912012	18.001135
8.16	1	0.671948019	-0.692032156	-0.0360163251	0.514022865	0.334471001	0.0635397591	0.305577307	0.0874756507	14.752849
8.17	1	0.667751375	-0.692791452	-0.0365305927	0.515237539	0.349890529	0.0921538045	0.30450217	0.0709905333	16.531413
8.18	1	0.665620955	-0.69356451	-0.0370773904	0.516739598	0.445016071	0.108171868	0.303618395	0.0941338381	17.624405
8.19	1	0.665731173	-0.694365941	-0.0375392932	0.518513244	0.454228875	0.222547674	0.303274258	0.105263288	16.123591
8.2	1	0.666103688	-0.695201336	-0.0379670571	0.520514759	0.499242329	0.375371193	0.303845422	0.080649707	16.434606
8.21	1	0.666866774	-0.696000944	-0.0383708935	0.522650069	0.555987342	0.52236595	0.304873974	0.110367212	15.687404
8.22	1	0.667656967	-0.696668399	-0.0387617587	0.524792209	0.625684881	0.601382308	0.305644019	0.0923930853	15.799475
8.23	1	0.669615118	-0.697270057	-0.0391257557	0.52692277	0.678450477	0.631746381	0.305817318	0.0935823691	14.607289
8.24	1	0.671920927	-0.697798775	-0.0394917504	0.528937722	0.727757703	0.622634609	0.306003305	0.0812380454	17.724626
8.25	1	0.675098946	-0.698206773	-0.0398355971	0.53069276	0.72568214	0.612432694	0.306084521	0.0769616843	15.924163
8.26	1	0.67760283	-0.698470552	-0.0401558839	0.531980541	0.661032864	0.60436767	0.306680867	0.106807148	15.093691
8.27	1	0.679650893	-0.698659106	-0.040453871	0.532807915	0.577926968	0.563169819	0.305641033	0.10548227	16.046544
8.28	1	0.680870164	-0.698747832	-0.0407342108	0.533051398	0.485821669	0.516016664	0.305244447	0.0694392746	18.243381
8.29	1	0.683534076	-0.698787294	-0.0409961002	0.532838835	0.329591957	0.453745865	0.304659699	0.0863143297	15.147846
8.3	1	0.687853928	-0.69884049	-0.0412475498	0.532275722	0.145974447	0.392171574	0.303986036	0.0743648025	17.82436
8.31	1	0.691066349	-0.698910267	-0.041480673	0.531494466	-0.0751593416	0.319445333	0.303995579	0.101546092	17.925724
8.32	1	0.692829987	-0.69902256	-0.0416750559	0.53053178	-0.247157905	0.236012958	0.304498763	0.0629487716	16.492948
8.33	1	0.693484812	-0.699170887	-0.0418969567	0.529461906	-0.354152413	0.146736156	0.305137202	0.078231751	16.062529
8.34	1	0.694737178	-0.69938612	-0.0421598385	0.52847302	-0.406374199	0.0463725971	0.30573305	0.0815817008	16.785996
8.35	1	0.696125361	-0.699703055	-0.04249251	0.527611308	-0.391981734	-0.0536506043	0.306442788	0.070134507	16.03102
8.36	1	0.697050564	-0.700149889	-0.0428946268	0.526975168	-0.3453112	-0.151945282	0.307142472	0.0705877233	15.064634
8.37	1	0.695858604	-0.700672523	-0.0432476502	0.526156631	-0.386774629	-0.179038774	0.307106763	0.0921554279	16.87624
8.38	1	0.692722319	-0.701441164	-0.0436502467	0.525694391	-0.390247486	-0.160884091	0.306394387	0.0783100009	16.549427
8.39	1	0.689752305	-0.702338522	-0.044153001	0.524930694	-0.31455885	-0.234814661	0.305874605	0.0777942677	17.872456
8.4	1	0.686583652	-0.703466326	-0.0446835997	0.524602492	-0.293206525	-0.217031522	0.305940384	0.0724131362	17.733138
8.41	1	0.684303763	-0.704849161	-0.0452194937	0.524711537	-0.32824323	-0.0853126736	0.306072466	0.11388202	16.836025
8.42	1	0.681621574	-0.706392782	-0.0457524684	0.525114417	-0.402269064	0.14663202	0.306869794	0.0903815495	17.386316
8.43	1	0.678839096	-0.708068652	-0.0462849274	0.525843983	-0.475451962	0.368394845	0.3056276	0.0677013807	15.726531
8.44	1	0.677832118	-0.709803172	-0.0468145723	0.526752584	-0.542190811	0.598462003	0.304548655	0.0540127755	16.156956
8.45	1	0.6766271	-0.711487024	-0.0473883308	0.527455555	-0.536336747	0.862000829	0.304278099	0.0724003688	16.948442
8.46	1	0.676516048	-0.713082184	-0.0479096979	0.528018645	-0.577465075	1.00991677	0.303633475	0.082250773	16.058751
8.47	1	0.675355401	-0.714511672	-0.0484053049	0.528529532	-0.60077765	1.12473339	0.303689724	0.0832828348	16.342379
8.48	1	0.673472759	-0.715756173	-0.0488608522	0.529012417	-0.630606545	1.21621181	0.30427909	0.0698451189	16.957642
8.49	1	0.672757532	-0.716814134	-0.0492335918	0.529319357	-0.718373285	1.26570878	0.304291186	0.0740775711	18.356586
8.5	1	0.672655168	-0.717657495	-0.0495530479	0.529516808	-0.764838248	1.22046832	0.304133583	0.0763919716	17.899636
8.51	1	0.671587222	-0.71834012	-0.0498440326	0.529495216	-0.771841543	1.14468556	0.304654146	0.0914525819	14.131969
8.52	1	0.671374575	-0.718861647	-0.050070585	0.529231868	-0.781273179	0.996365803	0.304777167	0.0845124059	16.149176
8.53	1	0.671851862	-0.719176632	-0.0502316056	0.528684778	-0.797880124	0.753271452	0.30450999	0.0948735358	15.807249
8.54	1	0.671529556	-0.719341322	-0.050340308	0.527873134	-0.819365887	0.538411468	0.305134238	0.08796093	17.059471
8.55	1	0.672276919	-0.719412139	-0.0504038648	0.527024525	-0.835985833	0.336538637	0.305436129	0.0696838364	16.064919
8.56	1	0.673896642	-0.719380182	-0.0504077798	0.526083655	-0.854373731	0.159855785	0.306004581	0.0827200318	15.368007
8.57	1	0.677092646	-0.719290346	-0.0503680374	0.525140787	-0.858835119	0.00816645615	0.306124594	0.072432101	16.653118
8.58	1	0.680292761	-0.719213426	-0.0503108593	0.524221175	-0.802588118	-0.102546359	0.306709458	0.111015708	17.185038
8.59	1	0.683252984	-0.719219231	-0.050241297	0.523417424	-0.688927685	-0.208317094	0.3054447	0.0812167656	15.100583
8.6	1	0.686224279	-0.719206108	-0.0500636334	0.522226353	-0.635057008	-0.351215863	0.304913758	0.0959359794	15.788975
8.61	1	0.690309245	-0.719226965	-0.049891288	0.521290908	-0.494034093	-0.443311401	0.304456755	0.0964298563	16.325958
8.62	1	0.693483899	-0.719310663	-0.0497365555	0.520563942	-0.316945619	-0.464697277	0.304531895	0.0579589683	16.869117
8.63	1	0.696830238	-0.719491812	-0.0496221421	0.520019435	-0.0883364807	-0.444214077	0.304901725	0.0908301303	16.325836
8.64	1	0.700905897	-0.719804449	-0.0495019033	0.519861922	0.0631656258	-0.332730474	0.30509497	0.0902725004	14.966855
8.65	1	0.703671139	-0.720156176	-0.0493689444	0.520036295	0.148356799	-0.160899229	0.305768004	0.0997866133	17.525474
8.66	1	0.705208277	-0.720566179	-0.0492086648	0.520562698	0.162512477	0.0438623637	0.306611468	0.0824608799	15.68525
8.67	1	0.705772931	-0.721001903	-0.0491213367	0.521056295	0.229761136	0.308098808	0.306788932	0.0748482653	16.146187
8.68	1	0.705042191	-0.721488737	-0.0489509918	0.521976448	0.150947766	0.511070908	0.306639431	0.0864639416	14.271767
8.69	1	0.704155543	-0.722004259	-0.0486662277	0.52294756	-0.0452571413	0.704136295	0.307155965	0.090364394	17.410428
8.7	1	0.702920852	-0.722519885	-0.0483393669	0.524118785	-0.204456183	0.823358531	0.30783722	0.0852746826	15.926864
8.71	1	0.700986555	-0.722998881	-0.047970119	0.525443778	-0.33239274	0.871224438	0.308409827	0.0720835547	13.857407
8.72	1	0.699319753	-0.723389994	-0.047600283	0.526800257	-0.386917888	0.884189625	0.307548816	0.107022572	15.883937
8.73	1	0.695996972	-0.723700646	-0.0472222538	0.528121738	-0.383147598	0.870685857	0.305698175	0.0650839879	15.824576
8.74	1	0.691103903	-0.723915643	-0.046853968	0.529168658	-0.319401525	0.871538816	0.305081577	0.102202509	13.892698
8.75	1	0.686034105	-0.724037464	-0.0464719778	0.529941876	-0.229108217	0.883292689	0.305149927	0.0680415995	16.623754
8.76	1	0.682748981	-0.724083587	-0.0460791743	0.530552919	-0.119069837	0.878393862	0.304691115	0.0848196136	15.661151
8.77	1	0.679544232	-0.724064504	-0.0456880211	0.530912791	0.0129396003	0.862765111	0.304712447	0.0817357977	17.567293
8.78	1	0.678433787	-0.72397589	-0.0452858549	0.531009956	0.138845638	0.84786949	0.304654583	0.097897267	15.800142
8.79	1	0.677931709	-0.723810582	-0.0448624442	0.53077172	0.25184819	0.849965636	0.305123821	0.0584859301	13.598677
8.8	1	0.679792947	-0.723633652	-0.0444068641	0.530260717	0.307772514	0.860058228	0.305355753	0.0606589405	15.15121
8.81	1	0.68224046	-0.723464474	-0.0439337361	0.529597025	0.355059304	0.883766294	0.305892529	0.0762800333	19.865358
8.82	1	0.68675417	-0.723360181	-0.0434355266	0.528873076	0.347913137	0.899858655	0.3060059	0.0752840557	17.789948
8.83	1	0.693340149	-0.723329295	-0.0429087455	0.528201113	0.314588967	0.899908436	0.305769931	0.0945834201	16.308752
8.84	1	0.700832307	-0.723383105	-0.0423730624	0.527636045	0.245033579	0.87543682	0.305249186	0.0978400549	18.256289
8.85	1	0.706252075	-0.723522534	-0.0418254204	0.52714883	0.176924883	0.863831627	0.305478533	0.0539448278	15.905849
8.86	1	0.711863455	-0.723678955	-0.041277565	0.526809416	0.105165755	0.850134318	0.305597354	0.0844719776	15.913551
8.87	1	0.715078107	-0.723846022	-0.0408423558	0.526112965	0.193035598	0.790791898	0.306400458	0.0779238114	14.964196
8.88	1	0.71492539	-0.724035107	-0.0403141168	0.525252247	0.12698863	0.866084218	0.308999688	0.117027778	16.734046
8.89	1	0.713375937	-0.724326188	-0.0398192985	0.524896697	0.112525891	0.929927591	0.310760157	0.0746500698	17.142749
8.9	1	0.713538501	-0.724684609	-0.0393520396	0.524916819	0.124868193	0.975791256	0.311173462	0.0652332218	16.807493
8.91	1	0.714677676	-0.725093399	-0.0388594391	0.525112691	0.107725866	0.976142764	0.311172771	0.0951591383	15.736428
8.92	1	0.716682672	-0.725545561	-0.0383230816	0.525561751	0.0791375111	0.987195913	0.310137324	0.102062115	17.28087
8.93	1	0.716781026	-0.725934189	-0.0377441222	0.526154409	0.0440371758	0.980243406	0.308504706	0.0893332773	16.362988
8.94	1	0.716869309	-0.726224469	-0.0371447475	0.526808618	0.0193935571	0.946225993	0.306592214	0.0772302892	18.002866
8.95	1	0.714045851	-0.726452224	-0.0365468685	0.527497154	0.0094606932	0.891221627	0.305511526	0.0919953495	14.883148
8.96	1	0.711237915	-0.726661813	-0.0359714189	0.528268539	0.0309197221	0.842704337	0.304699172	0.0610475537	15.081952
8.97	1	0.709694572	-0.726839115	-0.0354671075	0.52882324	0.142250794	0.844726162	0.304245826	0.0604765115	17.945909
8.98	1	0.710037171	-0.726934388	-0.0349820629	0.529364312	0.208746826	0.855737209	0.304046542	0.0625361176	15.114453
8.99	1	0.710008777	-0.726990545	-0.0345264018	0.529819383	0.267737973	0.919586202	0.304729346	0.0680165889	15.214454
9	1	0.709887386	-0.727041414	-0.0341010829	0.530193572	0.32230509	1.00516735	0.305816249	0.0901041277	15.977916
9.01	1	0.712758233	-0.727069578	-0.0337399107	0.530323009	0.418858801	1.06236938	0.306276184	0.0790397643	15.969869
9.02	1	0.718589144	-0.727084958	-0.0334269897	0.53041809	0.520579493	1.1196435	0.306153782	0.0562928264	16.964646
9.03	1	0.723930035	-0.727074566	-0.0331619711	0.530442992	0.616625717	1.15891379	0.306351933	0.0627779046	15.766885
9.04	1	0.7279311	-0.727057527	-0.032959047	0.530393144	0.709078002	1.15523552	0.305759548	0.0810957713	16.195034
9.05	1	0.729717498	-0.727035395	-0.0328110509	0.530210649	0.768716021	1.12413748	0.305513099	0.0759861912	15.91778
9.06	1	0.729283361	-0.727142104	-0.0327571391	0.530098649	0.834173098	1.11148354	0.305686244	0.109499869	17.446293
9.07	1	0.726939376	-0.727331256	-0.0327663982	0.530038772	0.872389219	1.08601333	0.306398184	0.102449353	14.052495
9.08	1	0.722629056	-0.727568062	-0.0328471563	0.529950824	0.896979467	1.04694783	0.308336161	0.0832061048	14.540296
9.09	1	0.717822036	-0.727896518	-0.0329518339	0.529766883	0.848722973	1.04339093	0.309988385	0.0681082463	16.230132
9.1	1	0.713009469	-0.72832687	-0.0331047307	0.529744455	0.797796073	1.01679374	0.310722557	0.0511484053	15.197
9.11	1	0.709863372	-0.728830236	-0.033403993	0.529547698	0.839388503	1.04637068	0.310711022	0.06395379	16.001206
9.12	1	0.708453386	-0.729480862	-0.0336251639	0.529213193	0.706076106	0.947046386	0.309409838	0.0825095387	16.958582
9.13	1	0.707811949	-0.730291628	-0.0338823526	0.529263671	0.566826684	0.902495439	0.307582042	0.0707954863	22.731806
9.14	1	0.706834139	-0.731308134	-0.0341812278	0.529727105	0.434554117	0.906841305	0.306163264	0.0966695662	21.650448
9.15	1	0.705925155	-0.732469841	-0.03447915	0.530342313	0.261240014	0.933525613	0.305301416	0.103623577	15.262501
9.16	1	0.70591479	-0.733734454	-0.0347863913	0.531129935	0.0778496622	0.964715464	0.3049467	0.0794828375	15.721416
9.17	1	0.705328562	-0.735095321	-0.035085915	0.531973191	-0.0989699276	1.02629774	0.305540693	0.0605576397	16.066058
9.18	1	0.704776033	-0.736511936	-0.0353786104	0.532856738	-0.245243869	1.10561194	0.306545038	0.0813317384	14.365694
9.19	1	0.704089161	-0.737966082	-0.0356897169	0.533814115	-0.343265737	1.1286032	0.306595863	0.10076396	15.837316
9.2	1	0.704166623	-0.739471819	-0.0359864769	0.534578643	-0.434353318	1.17936961	0.306907405	0.0824851989	16.679443
9.21	1	0.704656524	-0.741017333	-0.036334795	0.535448126	-0.403756499	1.16733575	0.307152944	0.106449397	17.428431
9.22	1	0.705047334	-0.742622428	-0.0367159716	0.536280036	-0.308437091	1.09905381	0.307311385	0.0984673331	16.54424
9.23	1	0.704607934	-0.744271051	-0.0371371738	0.536791923	-0.186082223	1.00584577	0.306378979	0.126612766	14.85089
9.24	1	0.703519279	-0.745974983	-0.0375422541	0.537215944	-0.12266729	0.971134688	0.304632824	0.0686212748	17.594674
9.25	1	0.702665669	-0.747709452	-0.0379232851	0.537600216	-0.100552448	0.989507314	0.303911173	0.101059315	14.287056
9.26	1	0.703415757	-0.749438925	-0.0382759255	0.537766681	-0.113554785	1.0301767	0.303732623	0.0660108176	17.175984
9.27	1	0.70671508	-0.751144278	-0.0386033623	0.537723085	-0.162649102	1.07913853	0.303769443	0.0435994841	17.783994
9.28	1	0.712979088	-0.752836619	-0.0389283861	0.537384244	-0.230177303	1.14632256	0.303948595	0.0757241976	15.251153
9.29	1	0.719014823	-0.754474161	-0.0392499113	0.536617395	-0.328276046	1.20223493	0.304589179	0.0965222309	15.16752
9.3	1	0.726674963	-0.756013493	-0.0395637516	0.535475698	-0.446063965	1.23426233	0.305085253	0.0733369392	15.114555
9.31	1	0.736504506	-0.757496731	-0.0398798931	0.534055647	-0.560673337	1.24617538	0.305368918	0.0629446151	15.535628
9.32	1	0.745682994	-0.758921344	-0.0402512891	0.532359154	-0.631165767	1.24231212	0.306046752	0.136139123	18.099081
9.33	1	0.756334399	-0.760312922	-0.0406501972	0.53066818	-0.713373071	1.23815973	0.306324785	0.107258738	16.917143
9.34	1	0.765625938	-0.761716365	-0.0410774496	0.528999958	-0.768174372	1.23786436	0.306155335	0.0633096852	15.205049
9.35	1	0.772210315	-0.763095166	-0.0415146654	0.52741864	-0.858548581	1.16136882	0.306096993	0.137018092	14.738029
9.36	1	0.775869235	-0.764474562	-0.0419568985	0.526029074	-0.955405584	1.03069037	0.306350057	0.0702486045	16.768466
9.37	1	0.776951786	-0.765798659	-0.0423138541	0.524424005	-1.1551009	0.954159695	0.30719519	0.0720925292	17.45395
9.38	1	0.775905197	-0.767201926	-0.0427197125	0.523316016	-1.22311902	0.866908521	0.308069731	0.0696569142	16.764271
9.39	1	0.773230934	-0.768703467	-0.0431431593	0.522643753	-1.29354993	0.711203228	0.308638544	0.0812289981	16.278311
9.4	1	0.771904857	-0.77027865	-0.0437325532	0.522161216	-1.13302614	0.46535135	0.30840992	0.0775668098	15.821985
9.41	1	0.768729768	-0.772014764	-0.0443535462	0.522380001	-1.01412246	0.284497508	0.308911643	0.088231682	15.013443
9.42	1	0.766466946	-0.773838868	-0.0449997819	0.523199147	-0.8902669	0.147541009	0.308742808	0.109209213	17.462189
9.43	1	0.765627015	-0.775716068	-0.0456903634	0.524486567	-0.742851069	0.0373416681	0.307577254	0.0578915117	15.662952
9.44	1	0.765954094	-0.777635852	-0.0464141555	0.526172716	-0.593542671	-0.044641665	0.305645382	0.0829357367	17.057667
9.45	1	0.767121306	-0.779529144	-0.0471590918	0.528056481	-0.446877421	-0.0891683692	0.304432151	0.0715469952	15.88902
9.46	1	0.769575677	-0.781361094	-0.0479816772	0.52978713	-0.231254898	-0.0578314478	0.304021619	0.0776391792	14.706195
9.47	1	0.770690348	-0.783107642	-0.0487818455	0.531326545	-0.0975287375	-0.0798458655	0.30437688	0.0992545213	15.271655
9.48	1	0.771483761	-0.784827459	-0.0495514188	0.533073641	0.00940755738	-0.0831695662	0.304786852	0.106146283	14.87158
9.49	1	0.772705321	-0.78649147	-0.0502832329	0.534843175	0.0872341782	-0.0897903498	0.305145636	0.0908080205	15.665074
9.5	1	0.771723969	-0.788048101	-0.0510082184	0.536582053	0.183993933	-0.139744718	0.305657543	0.0954036039	15.439672
9.51	1	0.767896549	-0.789506784	-0.0517146844	0.53805059	0.246367126	-0.210333461	0.306616524	0.0827009485	16.069093
9.52	1	0.765198651	-0.790860287	-0.0524197876	0.539305156	0.34677039	-0.334257894	0.306246467	0.0925123877	17.250942
9.53	1	0.761385917	-0.792085285	-0.053142342	0.540332769	0.442211636	-0.47832053	0.306354808	0.0851894443	14.622622
9.54	1	0.759276836	-0.793191293	-0.053866709	0.541130413	0.510022479	-0.674774733	0.305252402	0.118896529	16.105152
9.55	1	0.759854525	-0.794182278	-0.0545841653	0.541572677	0.534398277	-0.863118356	0.304623584	0.0905631844	15.785361
9.56	1	0.763421787	-0.795052407	-0.055296688	0.5415892	0.544022748	-1.04313325	0.304359556	0.0910493192	14.519264
9.57	1	0.767461159	-0.795867174	-0.0559850947	0.541401408	0.473348737	-1.20399834	0.304856535	0.0894794827	16.958246
9.58	1	0.771223124	-0.796698546	-0.0566653033	0.541119319	0.414421409	-1.35790255	0.305648922	0.0856701815	17.488599
9.59	1	0.777497028	-0.79757681	-0.0573521852	0.54080318	0.351625905	-1.46565138	0.306178301	0.0945674832	13.71165
9.6	1	0.78366905	-0.798575446	-0.0580474161	0.540653123	0.320221535	-1.55511371	0.306530649	0.125869494	13.447912
9.61	1	0.790483731	-0.799840524	-0.0587353365	0.540749227	0.300814849	-1.60144666	0.306842786	0.153286995	15.242985
9.62	1	0.798510464	-0.801241375	-0.0593379492	0.540575967	0.177843166	-1.73928083	0.306006296	0.0965992266	13.518521
9.63	1	0.807643876	-0.8029305	-0.059970705	0.540771027	0.174297574	-1.72434082	0.305616327	0.0867509634	14.333777
9.64	1	0.818606398	-0.804850469	-0.0606224658	0.541162915	0.231192819	-1.58006286	0.305618309	0.0766732515	13.290061
9.65	1	0.831953199	-0.806991707	-0.061283366	0.541673194	0.328133012	-1.32904193	0.305830341	0.0692627738	14.936238
9.66	1	0.844845148	-0.809285944	-0.0619557288	0.542177217	0.457804543	-1.00637692	0.306542666	0.0706041238	14.529945
9.67	1	0.856487678	-0.811699889	-0.062634101	0.542653557	0.595787446	-0.692106833	0.306278554	0.0666213192	13.670858
9.68	1	0.865486205	-0.814177224	-0.0633072966	0.543152955	0.687164304	-0.402412644	0.306297653	0.0681329919	13.647924
9.69	1	0.871360227	-0.816694493	-0.0639446164	0.543604595	0.739870557	-0.161699033	0.306872744	0.074889616	13.734262
9.7	1	0.874254294	-0.819213686	-0.0645232093	0.543982159	0.735198309	0.0171460327	0.307840789	0.0852945154	16.52342
9.71	1	0.874612242	-0.821679693	-0.0650933045	0.543869761	0.764252308	0.242117653	0.30930646	0.0939377691	16.134907
9.72	1	0.872768787	-0.824146108	-0.0655277222	0.543771951	0.640652109	0.377122762	0.310552643	0.0761506396	17.815684
9.73	1	0.869038774	-0.826564233	-0.0658070606	0.543466569	0.408078499	0.40749091	0.311450609	0.0914044939	16.858672
9.74	1	0.863677635	-0.828954557	-0.0659846769	0.543187949	0.176883759	0.308282994	0.311765582	0.0854915482	13.583899
9.75	1	0.857206382	-0.831316677	-0.0660656361	0.542907059	-0.0623105679	0.159577979	0.311925242	0.112662694	14.075723
9.76	1	0.851845593	-0.83362551	-0.0660692012	0.542462342	-0.283521682	-0.0462079789	0.311990858	0.0906540967	15.185075
9.77	1	0.848307977	-0.835924447	-0.0659967763	0.5419709	-0.464311834	-0.279332783	0.31093835	0.0874759672	14.964949
9.78	1	0.846314807	-0.838162098	-0.0658668676	0.541320928	-0.6162711	-0.536548811	0.30879865	0.0845936877	13.988979
9.79	1	0.845353344	-0.840370769	-0.0656894035	0.540611707	-0.758025161	-0.776450807	0.306043588	0.0922263047	15.821568
9.8	1	0.845024028	-0.842541332	-0.0654727171	0.539825714	-0.899693516	-0.949847668	0.304386175	0.0855034892	16.07402
9.81	1	0.84598519	-0.844667361	-0.0652397046	0.539056039	-1.00388357	-1.07868836	0.303658233	0.102725443	14.178559
9.82	1	0.849032368	-0.84675002	-0.0650050321	0.538350397	-1.05320478	-1.16891468	0.30362184	0.115609255	14.174373
9.83	1	0.85167775	-0.84878521	-0.0648469178	0.537209727	-0.924456293	-1.35784061	0.304252088	0.107960863	14.326395
9.84	1	0.856555746	-0.8509508	-0.0647031695	0.536680431	-0.828737135	-1.43391781	0.305030994	0.0928048912	14.196446
9.85	1	0.864500126	-0.853279113	-0.0645782668	0.536730609	-0.763027324	-1.41666926	0.305644673	0.0727280529	14.720842
9.86	1	0.871882232	-0.855749618	-0.0644657204	0.537301684	-0.716914846	-1.34579751	0.306423865	0.0693195824	17.211399
9.87	1	0.876931656	-0.858284005	-0.0642444709	0.537714765	-0.838276406	-1.14038566	0.307437046	0.0673049379	16.289313
9.88	1	0.882668752	-0.860921156	-0.0640500281	0.538784975	-0.865754287	-0.988847286	0.307338907	0.06693906	18.097091
9.89	1	0.886615731	-0.863644783	-0.0638654634	0.54025857	-0.888231235	-0.851659189	0.306747069	0.0897830119	17.425517
9.9	1	0.888940532	-0.866455784	-0.0636833432	0.542118335	-0.921300751	-0.710240327	0.3060933	0.0687902104	15.912486
9.91	1	0.890941707	-0.869362972	-0.0635036394	0.544305276	-0.962710342	-0.55741045	0.305448732	0.0604412294	17.892256
9.92	1	0.893634482	-0.872381731	-0.0633166047	0.546759153	-0.990018988	-0.383283505	0.304717329	0.0942433856	18.138648
9.93	1	0.897211222	-0.875455887	-0.0631147189	0.549196003	-1.00959809	-0.189438239	0.304096737	0.0994683166	16.446644
9.94	1	0.901819598	-0.87850989	-0.06294903	0.550933357	-0.930018081	-0.0560688999	0.303709966	0.0897301061	18.169946
9.95	1	0.907449302	-0.881520905	-0.0627711098	0.552445276	-0.892642347	0.105191488	0.3037067	0.0914423963	14.792256
9.96	1	0.914398467	-0.884465112	-0.0625834809	0.553566097	-0.862092881	0.29063028	0.304027842	0.0705673823	14.968613
9.97	1	0.922954351	-0.887256499	-0.0623854581	0.554097018	-0.841741651	0.481866592	0.304544011	0.0995487127	15.737683
9.98	1	0.933280634	-0.889837193	-0.0621880615	0.553930288	-0.818870621	0.647473996	0.305097336	0.0894919853	15.402555
9.99	1	0.941885313	-0.892220721	-0.0619938435	0.552945275	-0.798002035	0.788597575	0.306210663	0.112987107	15.136628
10	1	0.947719376	-0.894391822	-0.061809088	0.551207321	-0.757012908	0.842286922	0.307192005	0.0766712039	17.203031
10.01	1	0.949762861	-0.896352509	-0.0616535541	0.54866281	-0.678124453	0.786191937	0.308730254	0.115275923	16.098105
10.02	1	0.947989328	-0.898090908	-0.061516702	0.545287647	-0.594427998	0.63472553	0.311313342	0.120395903	15.994935
10.03	1	0.948139433	-0.899656642	-0.061521799	0.541650539	-0.439231286	0.510228756	0.312844812	0.104938276	16.46853
10.04	1	0.951401933	-0.901067792	-0.0616121857	0.538022567	-0.313949209	0.3469865	0.312616387	0.110941521	13.938213
10.05	1	0.956995517	-0.902376378	-0.061784304	0.534524038	-0.198635532	0.170808621	0.311104749	0.0695979975	15.416402
10.06	1	0.961697816	-0.903690386	-0.0620307761	0.531037733	-0.0696788285	0.0303649108	0.309231275	0.0749434484	16.50886
10.07	1	0.961702598	-0.905003365	-0.0623851984	0.527955325	0.0629283364	-0.12936673	0.308177105	0.079563263	16.345243
10.08	1	0.956176009	-0.906349859	-0.0628678171	0.525313761	0.216676337	-0.268830224	0.308319202	0.0918333595	18.101808
10.09	1	0.948441543	-0.907715195	-0.0634866043	0.523068154	0.412517337	-0.426477856	0.309055485	0.0717451388	16.662112
10.1	1	0.942289304	-0.909116998	-0.0641789642	0.52140381	0.535688538	-0.559601758	0.308523624	0.091012594	16.62135
10.11	1	0.938924377	-0.910529135	-0.0647484644	0.519759042	0.398783388	-0.742833693	0.30640474	0.0946836786	17.126142
10.12	1	0.937777443	-0.912038295	-0.0653387028	0.518963228	0.307361196	-0.841841931	0.303369776	0.0717968943	15.020324
10.13	1	0.937842248	-0.913525783	-0.0660935325	0.518204667	0.367578533	-0.733927563	0.301944893	0.078311533	15.506231
10.14	1	0.939166326	-0.915057689	-0.0668844372	0.518159226	0.35593279	-0.571770176	0.301591309	0.0751979977	16.87358
10.15	1	0.938724496	-0.916649352	-0.0677178288	0.518584068	0.341573491	-0.393904838	0.302248525	0.0670002768	16.352892
10.16	1	0.937045515	-0.918298019	-0.0685519373	0.519452902	0.291801151	-0.162808628	0.303670294	0.0764243048	15.915805
10.17	1	0.939158033	-0.919925022	-0.069384863	0.52063778	0.239287214	0.0921793849	0.304687496	0.061294386	17.301386
10.18	1	0.945891772	-0.921491527	-0.0701790108	0.521961982	0.15660734	0.368601564	0.305212435	0.0552871243	14.095892
10.19	1	0.952138786	-0.922992407	-0.0709873488	0.523325177	0.138849624	0.578891088	0.305625175	0.0811203056	16.110088
10.2	1	0.955353625	-0.924426123	-0.0717542674	0.524861316	0.121659865	0.709472165	0.305947729	0.107122331	16.358612
10.21	1	0.954106053	-0.9257563	-0.0724621482	0.526441046	0.104820918	0.760114216	0.307342279	0.0895139643	16.019758
10.22	1	0.949065915	-0.927006578	-0.073115833	0.528094448	0.102036406	0.73284811	0.309270699	0.0795870002	17.601223
10.23	1	0.946074031	-0.928182324	-0.0736943446	0.529781517	0.12912867	0.696819801	0.309934848	0.101934869	15.490255
10.24	1	0.946687763	-0.929224116	-0.0742358524	0.531034193	0.246943713	0.695566458	0.309034893	0.0793270204	16.097884
10.25	1	0.950432099	-0.930108722	-0.0746635467	0.532095432	0.314907932	0.638168459	0.306692928	0.0816252867	15.458322
10.26	1	0.956236338	-0.930849218	-0.0749589399	0.532816692	0.342512489	0.551359453	0.303767478	0.0755117544	16.518413
10.27	1	0.958275351	-0.931502502	-0.0751320005	0.533173397	0.327160556	0.441075535	0.302367219	0.0770694036	17.098675
10.28	1	0.955337752	-0.932091756	-0.0751965235	0.533045846	0.304844451	0.342554787	0.302730984	0.10845874	16.279024
10.29	1	0.94841016	-0.932622115	-0.0751582495	0.532536314	0.274137916	0.230934358	0.304174892	0.0712970002	15.490476
10.3	1	0.943687241	-0.933069578	-0.0750403575	0.531697707	0.262268733	0.142432502	0.305185165	0.13018874	17.920994
10.31	1	0.94321934	-0.933473197	-0.0748455392	0.530602581	0.242430545	0.101860209	0.305828585	0.079725777	15.051608
10.32	1	0.947129607	-0.933787081	-0.0745923914	0.52938207	0.205797568	0.0957981154	0.306155914	0.107340684	16.121696
10.33	1	0.954883999	-0.9340581	-0.0742968596	0.528086291	0.132991936	0.12872122	0.30623771	0.083533289	16.175522
10.34	1	0.96262509	-0.934333317	-0.0739781166	0.52689444	0.0511388409	0.133958366	0.304820206	0.0892277731	15.949763
10.35	1	0.967424153	-0.934679459	-0.0736732008	0.525817768	-0.0184900472	0.119645092	0.304367306	0.111552034	16.916277
10.36	1	0.969517177	-0.935070725	-0.0734779248	0.524497884	0.0507367332	-0.0563351645	0.304293574	0.0953071599	16.952931
10.37	1	0.96848587	-0.93569372	-0.0733285415	0.523566825	0.116030669	-0.143178808	0.305985881	0.0963313687	17.713545
10.38	1	0.965063625	-0.936422929	-0.073085966	0.522596339	-0.0374249911	-0.103268316	0.308839097	0.0974895401	15.896232
10.39	1	0.96459243	-0.937384875	-0.072890879	0.522508966	-0.159308349	-0.0641000852	0.310097486	0.0950325227	17.354668
10.4	1	0.967933395	-0.938561845	-0.0727277199	0.523247751	-0.265116225	-0.028103717	0.309496892	0.0729923939	14.502288
10.41	1	0.97416135	-0.939900019	-0.0725810245	0.524556689	-0.345035643	0.0184691587	0.307686341	0.0814847321	14.36727
10.42	1	0.977280637	-0.941402705	-0.072443407	0.526259315	-0.384886565	0.0541624185	0.306447203	0.0774893301	17.397992
10.43	1	0.975259294	-0.943051295	-0.0723281891	0.528156069	-0.352033761	0.10420602	0.306437156	0.0760082947	14.309089
10.44	1	0.968419966	-0.9447428	-0.0721861242	0.530315099	-0.326362052	0.0915882234	0.307244919	0.0927952284	17.923971
10.45	1	0.962955598	-0.946415851	-0.0720045134	0.532521584	-0.292414144	0.0514103927	0.307088223	0.119612998	16.214922
10.46	1	0.960883427	-0.94804506	-0.0717734686	0.534593403	-0.263038028	0.00391352044	0.305471379	0.0851930494	16.563549
10.47	1	0.961776839	-0.949557892	-0.0714722832	0.536290988	-0.24955437	-0.0151397609	0.304400873	0.100421496	16.204341
10.48	1	0.965887367	-0.950925334	-0.0711348439	0.537686096	-0.231047801	0.0347849461	0.304021544	0.0890837848	13.999816
10.49	1	0.973249901	-0.952088935	-0.0707796185	0.538682012	-0.183123907	0.114940043	0.30408215	0.075050432	16.537549
10.5	1	0.979775432	-0.953062628	-0.0704059619	0.539194961	-0.0971594787	0.201347247	0.304870881	0.0823367672	16.20254
10.51	1	0.984151093	-0.953828691	-0.0700344372	0.539328701	0.0484783761	0.242477465	0.305825892	0.0822171866	14.600299
10.52	1	0.985458193	-0.954411042	-0.0696416384	0.539307064	0.134859988	0.227192649	0.30757118	0.176847277	16.420798
10.53	1	0.983922943	-0.954821074	-0.0692449014	0.539163105	0.211084949	0.139585016	0.309728958	0.0943927083	14.398101
10.54	1	0.984821747	-0.955080961	-0.0688347665	0.538893265	0.240883959	0.0184063161	0.310562201	0.0735885614	16.150477
10.55	1	0.989412366	-0.955341278	-0.0684538691	0.538561358	0.312521709	-0.125700668	0.309662364	0.108633326	17.791431
10.56	1	0.997047404	-0.955611877	-0.0680691933	0.538305635	0.365501777	-0.237304228	0.30760461	0.0701480092	15.251286
10.57	1	1.001623	-0.955908079	-0.0676971407	0.537967465	0.408844832	-0.298533081	0.306444301	0.0871664942	15.374503
10.58	1	1.00085869	-0.956257247	-0.0673699582	0.537654779	0.49169192	-0.336534071	0.307073741	0.0889896373	15.103516
10.59	1	0.995376415	-0.956667517	-0.0670867273	0.537285649	0.579659518	-0.362701854	0.309387775	0.0968905379	15.516512
10.6	1	0.988596633	-0.957119604	-0.066850139	0.53686203	0.679545876	-0.380536584	0.311491255	0.0787540279	15.171741
10.61	1	0.986412948	-0.957567927	-0.0665991152	0.535994194	0.696927882	-0.495932171	0.311709526	0.0827187479	16.576872
10.62	1	0.98913708	-0.958155778	-0.066402503	0.535470287	0.714404256	-0.543608432	0.310291367	0.0865318678	15.797349
10.63	1	0.995506568	-0.958903622	-0.0662561089	0.535129551	0.731488973	-0.532342443	0.307919146	0.0679395786	17.501738
10.64	1	1.00391196	-0.959861715	-0.0661496553	0.535074221	0.742104284	-0.445176234	0.305352924	0.0825802018	16.58075
10.65	1	1.00819291	-0.961051122	-0.0660750748	0.535245233	0.718399096	-0.31802142	0.304607332	0.0814483516	15.632955
10.66	1	1.00840122	-0.96242797	-0.066036582	0.535577011	0.674410085	-0.151709696	0.304879251	0.0813664051	16.682665
10.67	1	1.00505021	-0.964004701	-0.0660166729	0.536150763	0.592868764	0.00814788362	0.305810245	0.0809217159	16.394823
10.68	1	0.998456876	-0.965631345	-0.066086465	0.536314072	0.576759532	0.245240815	0.308338195	0.0979334356	15.127321
10.69	1	0.991320115	-0.967423031	-0.0661413191	0.536638139	0.460037744	0.481294042	0.310586041	0.0874620561	17.714665
10.7	1	0.988557936	-0.96925234	-0.0662295206	0.537103831	0.335272043	0.687944716	0.311267584	0.111961698	17.733428
10.71	1	0.990297998	-0.97109116	-0.0663550215	0.5375682	0.202552546	0.831906093	0.310333419	0.083925907	15.715442
10.72	1	0.995165698	-0.972927576	-0.0664626059	0.53772698	0.00891538671	0.966298647	0.308557436	0.0657262276	16.099629
10.73	1	0.998296632	-0.974739611	-0.0666148101	0.53781742	-0.130168104	1.00062139	0.306398812	0.0762585344	18.196709
10.74	1	0.99715202	-0.976461625	-0.0668260697	0.53766609	-0.206768164	0.922169289	0.305232438	0.0943119682	15.571546
10.75	1	0.99155403	-0.978114132	-0.0670918127	0.537250797	-0.242900795	0.728762124	0.305172766	0.104120595	18.168843
10.76	1	0.984016435	-0.97966721	-0.0674306036	0.536662837	-0.215572546	0.436230532	0.305225674	0.0580808331	15.514232
10.77	1	0.979157924	-0.981114779	-0.0678289562	0.5358895	-0.158549201	0.0680447953	0.304955607	0.0842260974	16.785016
10.78	1	0.978216449	-0.982547288	-0.0681690886	0.535262726	-0.141339775	-0.220791523	0.304775467	0.0843680523	17.15992
10.79	1	0.981289336	-0.983943526	-0.068466858	0.534459872	-0.124975551	-0.416684903	0.304798895	0.114297183	14.842927
10.8	1	0.987922296	-0.985264447	-0.0687440069	0.533356681	-0.098690929	-0.542191647	0.305001945	0.0725601678	17.924182
10.81	1	0.997623631	-0.986499181	-0.0690209702	0.531986847	-0.041529641	-0.614381084	0.305364866	0.0606963804	15.757223
10.82	1	1.01005417	-0.987694974	-0.0693370022	0.530522799	0.0749177367	-0.605115546	0.305880867	0.0855761074	14.661977
10.83	1	1.02517832	-0.988862104	-0.0696458309	0.528856603	0.178417944	-0.574329739	0.306412033	0.0750405822	15.168
10.84	1	1.03917606	-0.990095199	-0.0700190263	0.527500985	0.348419334	-0.480411691	0.306068498	0.0954339271	15.442685
10.85	1	1.04990308	-0.991349182	-0.0704362064	0.526405696	0.517582734	-0.360410494	0.306329101	0.0997722662	16.955119
10.86	1	1.05747376	-0.99266953	-0.0708666454	0.525639588	0.651108034	-0.209221071	0.306776672	0.0898063337	17.37543
10.87	1	1.06203458	-0.993971486	-0.0714222988	0.524731117	0.879720232	-0.16402766	0.307372235	0.0972892856	15.430902
10.88	1	1.06387554	-0.995345666	-0.0718507	0.523874384	0.849257577	-0.000788188861	0.308677391	0.0634389062	16.18807
10.89	1	1.06321904	-0.996813744	-0.0722697258	0.523732785	0.808371064	0.112305048	0.30977123	0.0761655189	16.191623
10.9	1	1.06375385	-0.998420858	-0.0726584627	0.52424523	0.701789762	0.2131628	0.310444225	0.104876272	16.034065
10.91	1	1.06600096	-1.00009055	-0.0730374283	0.525186578	0.57541714	0.283643735	0.310363311	0.099168059	17.300779
10.92	1	1.06939445	-1.00177339	-0.0734294828	0.526402687	0.481054971	0.295760815	0.309453985	0.085436186	18.568866
10.93	1	1.06885783	-1.003443	-0.073858282	0.527355309	0.426317302	0.255141737	0.308854687	0.0687262128	16.33133
10.94	1	1.06476687	-1.00511603	-0.0743692847	0.528600919	0.450741435	0.184577711	0.307640447	0.0780731512	17.60331
10.95	1	1.06106123	-1.00679825	-0.0749891207	0.530113771	0.560856476	0.100253813	0.306235224	0.0812439411	16.26825
10.96	1	1.05877728	-1.00843677	-0.0757035548	0.531684109	0.734865891	-0.000669980277	0.30488391	0.0981762295	15.387075
10.97	1	1.05808598	-1.00994993	-0.0764912594	0.533132539	0.922952843	-0.0905957214	0.303928362	0.0844468236	16.049956
10.98	1	1.05926834	-1.01132642	-0.0773349763	0.534302715	1.09955092	-0.151412164	0.303536506	0.0836820621	18.001395
10.99	1	1.05914918	-1.01256022	-0.0782154885	0.535115196	1.25224732	-0.182355478	0.304244563	0.0631547582	15.958015
11	1	1.06192481	-1.01360829	-0.0791201539	0.535531275	1.37522084	-0.194914028	0.30497562	0.0691166788	15.942951
11.01	1	1.06506631	-1.0144722	-0.0800490324	0.535462985	1.4531962	-0.19709631	0.306032445	0.0702784907	16.621021
11.02	1	1.07195392	-1.01519696	-0.0810086346	0.5348903	1.52481396	-0.218747999	0.306530031	0.0646294672	18.028675
11.03	1	1.07919388	-1.01577939	-0.0819534243	0.534043226	1.49155277	-0.294119795	0.305626264	0.0693086354	16.765909
11.04	1	1.08406389	-1.01623748	-0.0828670642	0.532900887	1.39224735	-0.392849032	0.305234471	0.0520578068	16.88545
11.05	1	1.08622066	-1.01658663	-0.0837455138	0.531532039	1.23998637	-0.504488353	0.305175711	0.0648163906	16.87946
11.06	1	1.08571675	-1.01687399	-0.0845881679	0.529980887	1.07070672	-0.599383988	0.305557804	0.0879800167	17.736141
11.07	1	1.08285073	-1.0170783	-0.0853907667	0.528226136	0.906466971	-0.656100934	0.306371899	0.0746267166	14.895347
11.08	1	1.08144586	-1.01720602	-0.0861491563	0.526423989	0.736616285	-0.687719653	0.307093576	0.0860107506	15.204348
11.09	1	1.08204247	-1.01733523	-0.0869047308	0.524858744	0.608207649	-0.70850675	0.307226143	0.0668083387	19.768839
11.1	1	1.08404249	-1.01746381	-0.0876288537	0.523549497	0.482762877	-0.723705951	0.30671777	0.0629533253	17.676646
11.11	1	1.08689086	-1.01757869	-0.0882856585	0.521948629	0.300588782	-0.888677022	0.305421892	0.0859874909	17.578419
11.12	1	1.08615814	-1.01777299	-0.0889759241	0.520413335	0.276004925	-0.884653381	0.30544053	0.053488555	16.153613
11.13	1	1.08196385	-1.01811452	-0.0895916057	0.519409936	0.201891917	-0.839346692	0.306068907	0.0762736603	17.22623
11.14	1	1.07567098	-1.0186159	-0.0901556127	0.518941876	0.13960263	-0.768088578	0.306783314	0.0944558941	14.408271
11.15	1	1.07189845	-1.01923382	-0.090649137	0.518974639	0.0805453499	-0.698261375	0.306438087	0.0823222438	15.963166
11.16	1	1.06623932	-1.01995431	-0.0910553346	0.519405978	0.00221541072	-0.611012806	0.30670645	0.101783448	16.461514
11.17	1	1.05747582	-1.02077783	-0.0913440756	0.519934664	-0.0960664302	-0.448776845	0.308303643	0.0811481306	15.605522
11.18	1	1.04624402	-1.02168228	-0.091567819	0.520788868	-0.146889529	-0.281733654	0.310862721	0.0780207024	14.603739
11.19	1	1.03871918	-1.02258557	-0.0918079183	0.52171146	-0.0972307139	-0.203402719	0.311640003	0.0817985419	14.742884
11.2	1	1.0356562	-1.02362905	-0.0919857484	0.523130541	-0.0430546799	-0.1016658	0.310517282	0.103030758	14.491192
11.21	1	1.03607827	-1.02476655	-0.0920320858	0.524738306	-0.0918001467	-0.010698086	0.308014405	0.0851989341	16.785243
11.22	1	1.03859782	-1.02593536	-0.0919373232	0.526572751	-0.126742255	0.0518401641	0.304834847	0.0819429276	16.842226
11.23	1	1.04103097	-1.02697455	-0.0917664206	0.528117303	-0.0812469589	0.124988397	0.302732713	0.107980998	15.82367
11.24	1	1.03881406	-1.02795498	-0.0914683424	0.529663786	-0.0696069607	0.118334707	0.302031972	0.0948208566	14.482819
11.25	1	1.0318766	-1.02886274	-0.0910499316	0.531067622	-0.0593488211	0.0643884371	0.302435186	0.090974686	15.644492
11.26	1	1.02631901	-1.02966525	-0.0905126073	0.532328298	-0.0354923399	-0.0205719571	0.303044199	0.101946975	15.643619
11.27	1	1.02475074	-1.03036626	-0.08988119	0.533427381	0.00894038341	-0.0896319374	0.303680097	0.0808519629	15.334254
11.28	1	1.02749133	-1.03095318	-0.0891391639	0.534404439	0.0152152583	-0.138068052	0.304190128	0.0917790853	14.235658
11.29	1	1.03397644	-1.03146779	-0.0882931828	0.535321132	-0.0143941566	-0.168604015	0.304645477	0.0786156596	13.753893
11.3	1	1.04364923	-1.03195292	-0.0873805723	0.536074328	-0.0551661887	-0.15379102	0.305179015	0.106308944	16.916261
11.31	1	1.05249705	-1.03245564	-0.0864107043	0.536597411	-0.149836015	-0.058843194	0.306316188	0.0996896545	13.388339
11.32	1	1.06043602	-1.03293999	-0.0854935271	0.536541691	-0.15626686	-0.0742553798	0.306181547	0.0958081371	15.32488
11.33	1	1.07045464	-1.03347054	-0.0845172664	0.536702548	-0.238780292	-0.0163646928	0.305555433	0.0921412964	16.531107
11.34	1	1.08196022	-1.03406508	-0.0834969566	0.537031645	-0.352188185	0.0943797952	0.305023618	0.0871883629	15.293199
11.35	1	1.09482129	-1.03472087	-0.0824477028	0.537498415	-0.47111834	0.216639262	0.304512808	0.0789252837	13.439667
11.36	1	1.10478191	-1.03543924	-0.0813813891	0.538047026	-0.578967365	0.330564816	0.304649119	0.0896926212	16.202058
11.37	1	1.10998042	-1.03624276	-0.0802993101	0.538701264	-0.66699943	0.427861431	0.305981621	0.0846953741	15.42368
11.38	1	1.11020802	-1.03713681	-0.0792141784	0.539496337	-0.732176556	0.505378974	0.308831738	0.0875505725	13.879934
11.39	1	1.10860201	-1.03802333	-0.0780312484	0.539857795	-0.923383839	0.661820247	0.311424323	0.0733668096	14.37629
11.4	1	1.11017291	-1.03890996	-0.0768946562	0.540428846	-0.977166149	0.723498759	0.312495504	0.0992080655	13.571593
11.41	1	1.1154118	-1.03979522	-0.0758138643	0.541099181	-0.926801107	0.73030617	0.312224766	0.095994687	14.948012
11.42	1	1.12310865	-1.04072518	-0.074803481	0.541813804	-0.784616382	0.705933052	0.311030819	0.0895540984	14.495791
11.43	1	1.12692634	-1.04180499	-0.0738465477	0.542518391	-0.609335329	0.697266778	0.310853705	0.125792351	15.563192
11.44	1	1.12519788	-1.04306325	-0.0729318099	0.543133656	-0.429963782	0.71359107	0.312228807	0.100825807	17.221201
11.45	1	1.12066776	-1.04445422	-0.0720435869	0.543613822	-0.270131937	0.730407941	0.313070859	0.0872058923	17.037232
11.46	1	1.11871895	-1.04592009	-0.0711652301	0.543901782	-0.140965689	0.752599166	0.312873921	0.116518849	17.035387
11.47	1	1.12030228	-1.04743489	-0.0703051175	0.543893559	-0.0270234972	0.760485496	0.311576647	0.0984656702	13.795088
11.48	1	1.12457296	-1.04896129	-0.0694703994	0.543373102	0.0636657031	0.730053006	0.309490983	0.130122576	14.920773
11.49	1	1.12662422	-1.05050157	-0.0685831501	0.542496896	0.0456887992	0.567567766	0.30697799	0.116216993	14.918155
11.5	1	1.1236957	-1.05211106	-0.0677822579	0.541651663	-0.0148738917	0.416091869	0.306101819	0.100228123	13.912237
11.51	1	1.11746762	-1.05378861	-0.0670473319	0.54076377	-0.0482725479	0.273942206	0.305583659	0.0795567974	17.41169
11.52	1	1.11313602	-1.05546182	-0.0663523442	0.539919599	-0.07524599	0.11677076	0.304781396	0.100871748	14.428239
11.53	1	1.10825839	-1.05715892	-0.0656906482	0.539025424	-0.0897404644	-0.0141984891	0.304514689	0.0778409535	16.169997
11.54	1	1.10279612	-1.05890103	-0.0650880153	0.538118971	-0.0611451503	-0.0632602809	0.304785761	0.108474903	14.578191
11.55	1	1.10082425	-1.06064381	-0.0645464971	0.537301395	-0.00699352861	-0.0428986779	0.304699539	0.0715693544	14.218205
11.56	1	1.09808324	-1.06242638	-0.0640702131	0.53668574	0.101269987	0.0217949613	0.304950778	0.0980880784	14.189237
11.57	1	1.09264864	-1.06428045	-0.0636490846	0.536273307	0.232852393	0.136732723	0.306432381	0.0826988818	15.084747
11.58	1	1.08471768	-1.06617306	-0.0632746876	0.53604592	0.36982201	0.27730511	0.309129912	0.0905020121	15.816979
11.59	1	1.08054445	-1.06801697	-0.0628114938	0.535540763	0.365268072	0.272240156	0.310071305	0.0867756704	13.517377
11.6	1	1.08083736	-1.06996628	-0.0623847748	0.535577412	0.396424595	0.3115731	0.309220697	0.108922441	15.566564
11.61	1	1.08460784	-1.07193311	-0.0620952316	0.535295877	0.593714247	0.501752347	0.307567334	0.0790395387	14.431566
11.62	1	1.08689625	-1.07396521	-0.0617989575	0.535393276	0.702245416	0.657499785	0.305961874	0.0859851912	14.537011
11.63	1	1.08555593	-1.07601715	-0.0614969354	0.53571021	0.762924424	0.764052751	0.305356288	0.0851370533	13.824088
11.64	1	1.08032382	-1.07810291	-0.0611960326	0.536232753	0.786755935	0.823602942	0.305796136	0.0748991078	16.398531
11.65	1	1.07509861	-1.08021896	-0.0608853844	0.536913703	0.800542639	0.845385466	0.305906237	0.0615030667	14.925676
11.66	1	1.07303321	-1.08234586	-0.0605492928	0.537757739	0.79162309	0.821400675	0.304930572	0.097268135	16.702858
11.67	1	1.07406537	-1.08449357	-0.0601843728	0.538647182	0.764714643	0.808000087	0.30404477	0.0693220554	17.620624
11.68	1	1.07805699	-1.08664675	-0.0597994378	0.539488801	0.754200233	0.836272207	0.303535965	0.0802041097	15.53867
11.69	1	1.0834683	-1.08882935	-0.0594092149	0.540158192	0.777351666	0.944507364	0.303753455	0.0957416556	16.41023
11.7	1	1.08828375	-1.09100783	-0.0590071903	0.540562438	0.80516829	1.11245411	0.304769917	0.0922930357	15.264552
11.71	1	1.09548614	-1.09321086	-0.058570395	0.540715849	0.836350944	1.30100295	0.30528041	0.115153538	15.609395
11.72	1	1.10064211	-1.09544652	-0.0580199683	0.54025498	0.757108821	1.41584687	0.306082136	0.0723423565	17.66444
11.73	1	1.10185207	-1.09766862	-0.0574048068	0.539424212	0.703463189	1.48146898	0.30759204	0.11453851	16.264225
11.74	1	1.09906811	-1.09986794	-0.056714008	0.538192903	0.637024683	1.48107905	0.309684566	0.0841597417	15.539395
11.75	1	1.09781358	-1.10192612	-0.0559850587	0.536657499	0.556363067	1.34069292	0.310276759	0.0993371398	16.43252
11.76	1	1.09962925	-1.10386827	-0.0552341627	0.534916276	0.494493751	1.10059184	0.309018957	0.0907969756	15.078332
11.77	1	1.10418028	-1.10561365	-0.0545323866	0.532672169	0.529739525	0.797218192	0.306535337	0.0876656538	15.274935
11.78	1	1.10691148	-1.10730659	-0.0537477401	0.530564232	0.46600971	0.475053213	0.304177616	0.0723397316	17.336383
11.79	1	1.10596845	-1.10894171	-0.0528795739	0.528483294	0.362142629	0.107530403	0.303025867	0.102451971	17.683016
11.8	1	1.10141028	-1.11054855	-0.0519294218	0.526448004	0.234842612	-0.250962543	0.303130414	0.085784895	16.306844
11.81	1	1.0986232	-1.11203775	-0.0509609123	0.524439977	0.169563328	-0.571392312	0.303333608	0.129962179	15.996014
11.82	1	1.09940404	-1.1134563	-0.0499676952	0.522594484	0.122749115	-0.789140365	0.303647406	0.0875974375	16.921768
11.83	1	1.1040185	-1.1147347	-0.0489672955	0.520895231	0.0780956469	-0.923632766	0.304040967	0.0756074074	16.182979
11.84	1	1.11220458	-1.11591562	-0.0479163053	0.519198779	-0.0584780412	-1.01574134	0.304473703	0.0843206628	14.294694
11.85	1	1.12338763	-1.11708562	-0.0468634652	0.51783784	-0.117745438	-0.994390485	0.305056222	0.0588820141	17.766115
11.86	1	1.13381822	-1.11818812	-0.0459137969	0.516409868	-0.0385972631	-1.01252359	0.306117079	0.0858180696	17.815919
11.87	1	1.14278651	-1.11941245	-0.0449843066	0.515589058	-4.60737153e-05	-0.92488497	0.307416183	0.0970384057	15.884033
11.88	1	1.14940918	-1.12071352	-0.0441138816	0.51524968	0.0585181911	-0.774687457	0.309170995	0.112079403	16.639829
11.89	1	1.15263073	-1.12205881	-0.0432762564	0.515437882	0.0826166506	-0.581260452	0.312269787	0.106638243	15.76696
11.9	1	1.15285496	-1.12342092	-0.0423748383	0.515816552	0.00435232786	-0.292643461	0.31606586	0.0872965359	14.725782
11.91	1	1.1551641	-1.12479107	-0.0414740561	0.516883232	-0.0683835192	-0.054201414	0.317975652	0.0941688717	16.017529
11.92	1	1.16046547	-1.12611102	-0.0406435338	0.518268829	-0.0614609134	0.205176964	0.317961175	0.0779924203	14.631619
11.93	1	1.16641477	-1.12732686	-0.0397837763	0.519675165	-0.15751396	0.343657457	0.317843591	0.0947690463	15.133256
11.94	1	1.16777418	-1.12847334	-0.0390016391	0.521397867	-0.159739747	0.454013396	0.31871192	0.11249439	16.70802
11.95	1	1.16389833	-1.12950566	-0.0383330371	0.523282039	-0.0940805125	0.516557959	0.320695773	0.0869192103	15.815892
11.96	1	1.16124414	-1.13037779	-0.0377812497	0.525229104	0.0202984797	0.51917241	0.321185551	0.0818140277	17.040683
11.97	1	1.16182433	-1.13111132	-0.0373605102	0.527195031	0.167659373	0.460120991	0.319519772	0.0858642218	14.763264
11.98	1	1.16548772	-1.13169131	-0.0370561642	0.529034085	0.318904956	0.349424535	0.316126702	0.0838410352	17.336606
11.99	1	1.1661655	-1.13217317	-0.0368777591	0.530758537	0.463626581	0.219887971	0.313274505	0.0910415983	15.105642
12	1	1.16156991	-1.13256667	-0.0368086274	0.532241993	0.591986163	0.069263569	0.312242191	0.091395109	16.845224
12.01	1	1.152532	-1.13293314	-0.0368580911	0.533497589	0.738395716	-0.0856745634	0.312367448	0.0941179159	16.317026
12.02	1	1.14523654	-1.13321934	-0.037047193	0.534554287	0.865705303	-0.240329365	0.311551631	0.0888648799	17.575982
12.03	1	1.14142408	-1.13340092	-0.0373738447	0.535490692	0.976368715	-0.384107089	0.309237293	0.0877532067	16.368921
12.04	1	1.14094751	-1.13347332	-0.0378097873	0.536280423	1.07297992	-0.516656137	0.305697991	0.0986884213	15.354693
12.05	1	1.14292427	-1.13347999	-0.0383041154	0.536982896	1.09135582	-0.615156847	0.301739594	0.089566938	15.089821
12.06	1	1.14145643	-1.13348266	-0.0388327637	0.537519618	1.07379735	-0.649523391	0.299962543	0.107581661	16.131594
12.07	1	1.13561144	-1.13354307	-0.0393694862	0.537921218	1.03387352	-0.631644904	0.299982852	0.109472179	14.544673
12.08	1	1.12651642	-1.13362539	-0.0398151248	0.537742566	0.870030489	-0.699927442	0.301047809	0.0902916876	13.737661
12.09	1	1.11982143	-1.13380303	-0.040275811	0.537741628	0.770502487	-0.648242682	0.302213175	0.0743806969	16.925578
12.1	1	1.11741313	-1.13405952	-0.0407547915	0.537865688	0.719569921	-0.464963659	0.303317422	0.0863599846	15.716757
12.11	1	1.11927406	-1.13435961	-0.0412392485	0.538048426	0.684493134	-0.19354478	0.304203733	0.076708716	16.366866
12.12	1	1.12471904	-1.13471253	-0.0417082595	0.538328248	0.646893386	0.139460267	0.304936947	0.0811736591	13.829993
12.13	1	1.13317498	-1.13511674	-0.04215439	0.538708755	0.60981882	0.510152306	0.305580991	0.0805315739	16.916272
12.14	1	1.14063227	-1.13559106	-0.0425607228	0.539132513	0.560735609	0.899463425	0.306648565	0.0671836884	16.172785
12.15	1	1.14606995	-1.13610393	-0.0429324649	0.539646922	0.503137478	1.22874022	0.307117986	0.0766457583	13.640414
12.16	1	1.14760149	-1.13662261	-0.0432516444	0.540214428	0.42881662	1.48722598	0.308826928	0.0849325906	15.667608
12.17	1	1.14527832	-1.13708851	-0.0436513884	0.540234895	0.487296151	1.80701197	0.312440077	0.0992749317	14.615597
12.18	1	1.14035087	-1.13757618	-0.0439704355	0.540366934	0.441978688	2.02895931	0.316858632	0.091257724	13.536278
12.19	1	1.13903505	-1.13806486	-0.0442411622	0.540627306	0.359377846	2.18736839	0.319359903	0.11409581	15.926813
12.2	1	1.14246337	-1.13858821	-0.0444483926	0.540894704	0.238980834	2.27927312	0.319313631	0.0984862588	16.316934
12.21	1	1.14978087	-1.13912279	-0.0445782225	0.540947275	0.082035148	2.29981726	0.317249702	0.103905031	16.402853
12.22	1	1.157059	-1.13963167	-0.0446371769	0.540612983	-0.0894294074	2.26225438	0.314687922	0.0877341468	15.786889
12.23	1	1.16020997	-1.140124	-0.0446161301	0.53975861	-0.28848686	2.16538527	0.313906157	0.139923484	16.214613
12.24	1	1.1586074	-1.14070773	-0.0445979371	0.538610838	-0.402206677	2.02167262	0.315176446	0.121000625	15.24134
12.25	1	1.15372374	-1.14136735	-0.04460375	0.537135964	-0.431090841	1.85117951	0.31809748	0.128676031	14.912459
12.26	1	1.15251678	-1.14206348	-0.0446596532	0.53534402	-0.372475756	1.64162913	0.319646021	0.100630926	17.033793
12.27	1	1.15660834	-1.14279275	-0.0447682311	0.533215611	-0.249483263	1.37432544	0.318937568	0.107162468	16.262904
12.28	1	1.16502736	-1.14363299	-0.0448240805	0.531235434	-0.149642242	1.17538468	0.316598525	0.0894954297	15.102813
12.29	1	1.17118972	-1.14458443	-0.0448232301	0.52925881	-0.0878937616	1.0490146	0.314862196	0.123275414	16.116703
12.3	1	1.1721632	-1.14562815	-0.0447777626	0.527149523	-0.0716868857	0.937348103	0.314954741	0.0999452124	14.253704
12.31	1	1.16809628	-1.14673006	-0.0447253258	0.525030564	-0.0338953954	0.831119529	0.316831066	0.0834302657	16.406263
12.32	1	1.16218643	-1.1479193	-0.0446390475	0.522990098	0.00115558174	0.750893449	0.318793266	0.0997632558	13.992487
12.33	1	1.16041558	-1.14911327	-0.0445254783	0.520911318	0.0167215038	0.624613156	0.319062624	0.107950008	16.19455
12.34	1	1.16348957	-1.1503008	-0.0444010361	0.518962324	0.0865430179	0.499373137	0.317455407	0.103450274	17.665151
12.35	1	1.17018149	-1.15147131	-0.0442542649	0.517240052	0.123578634	0.335734401	0.314480295	0.0675378996	15.401002
12.36	1	1.17742688	-1.15263613	-0.0441279922	0.515795285	0.190362807	0.18166795	0.312623866	0.0923399824	17.286139
12.37	1	1.18003735	-1.15385124	-0.043888779	0.514389163	0.142577614	0.169484183	0.31305169	0.123778841	14.295986
12.38	1	1.17767089	-1.15508273	-0.0437624781	0.51318532	0.248174623	0.0687836664	0.314950031	0.101723739	16.465114
12.39	1	1.17201052	-1.15639808	-0.0436169014	0.512787993	0.307894259	0.0318892985	0.317418857	0.076356575	14.238118
12.4	1	1.16931104	-1.15770404	-0.0434104051	0.51279881	0.289407051	-0.0125560638	0.318118928	0.089538259	15.425685
12.41	1	1.1707009	-1.15903873	-0.0432552086	0.513288559	0.39341109	0.0299058486	0.316918422	0.0779984335	16.335926
12.42	1	1.17552192	-1.16035501	-0.0430906831	0.514349354	0.460019987	0.0650444983	0.313963382	0.0889588841	17.534827
12.43	1	1.17876954	-1.16168866	-0.0429454445	0.515792604	0.552084825	0.116157197	0.31112149	0.0928786786	16.520863
12.44	1	1.17779323	-1.1629908	-0.042828713	0.517483005	0.659389927	0.197987727	0.310419209	0.113254429	16.886425
12.45	1	1.17274552	-1.16420819	-0.0427260356	0.519256983	0.778467698	0.279815052	0.311922726	0.0825542566	15.825254
12.46	1	1.16677554	-1.16534357	-0.042641304	0.521151098	0.890854897	0.346384994	0.313764967	0.0975553489	16.573433
12.47	1	1.16560629	-1.16632091	-0.0425745073	0.523012581	0.970459737	0.391244512	0.314385749	0.0874258195	16.998918
12.48	1	1.16975272	-1.16717958	-0.0425076438	0.524988185	1.02071315	0.425062944	0.313516413	0.0851926139	14.192755
12.49	1	1.17795149	-1.16786964	-0.0424074977	0.526749313	0.97862887	0.480786167	0.311697636	0.0818922155	14.482428
12.5	1	1.18733853	-1.16830701	-0.0423715732	0.528158093	1.05304267	0.463251976	0.310832285	0.0879157746	15.587186
12.51	1	1.19271359	-1.16862155	-0.0423339053	0.529418741	1.06381252	0.475612109	0.311861083	0.0928166987	15.497307
12.52	1	1.19355754	-1.16889642	-0.0422843955	0.530587675	1.00019413	0.525767498	0.314747936	0.102545465	16.118145
12.53	1	1.19151792	-1.16906781	-0.0422461372	0.531519432	0.900096426	0.593646158	0.319050449	0.0949518247	15.230565
12.54	1	1.19345376	-1.16910008	-0.0422098082	0.532272114	0.763839669	0.638024866	0.321787033	0.0942342746	16.394386
12.55	1	1.20062728	-1.16899552	-0.0421710576	0.532752144	0.610574159	0.644108869	0.322476035	0.0893912654	15.143469
12.56	1	1.21241224	-1.16881987	-0.0421550991	0.53305201	0.478871279	0.631085739	0.321209628	0.103183654	14.582587
12.57	1	1.22218947	-1.16865393	-0.0421435101	0.533240619	0.346957345	0.632939786	0.320896997	0.098342365	15.874602
12.58	1	1.22743551	-1.16853082	-0.0421262992	0.533303348	0.221891485	0.659690104	0.322577229	0.0878715687	16.070546
12.59	1	1.23374642	-1.16853605	-0.0421070622	0.533455687	0.122173522	0.677773481	0.323626802	0.138532651	16.227002
12.6	1	1.24259237	-1.16866372	-0.0420701389	0.533661979	0.0353299188	0.680167248	0.32330439	0.105261001	16.578788
12.61	1	1.25024367	-1.16896043	-0.0419938236	0.534004562	-0.0638394697	0.654223575	0.322003197	0.0884967567	17.451914
12.62	1	1.25360474	-1.16942279	-0.0417910808	0.534036617	-0.295471384	0.529344703	0.321961397	0.0981641351	14.783474
12.63	1	1.25213318	-1.17007573	-0.04163176	0.533856429	-0.358692257	0.556423902	0.324129638	0.119996841	16.079936
12.64	1	1.24877741	-1.17099221	-0.0414373652	0.533987575	-0.425747107	0.613685039	0.325515227	0.0966491795	16.299485
12.65	1	1.24326622	-1.17210851	-0.041238236	0.534308429	-0.425284794	0.708172265	0.327552383	0.083442202	18.148892
12.66	1	1.23582962	-1.17336835	-0.0410575783	0.534724298	-0.372917966	0.817264902	0.330392977	0.0851982269	17.860199
12.67	1	1.23193513	-1.17475165	-0.0408796203	0.535151459	-0.313108757	0.939538854	0.331538746	0.0871278718	16.599701
12.68	1	1.23221345	-1.17627803	-0.0407415906	0.535758889	-0.209413062	1.01942511	0.330228338	0.0771305429	17.094226
12.69	1	1.23542502	-1.17795199	-0.0406295303	0.536504361	-0.0987973634	1.01945733	0.326927803	0.0968163964	16.776363
12.7	1	1.23839722	-1.17968729	-0.0405535253	0.537285254	0.0250110898	0.95390883	0.324294044	0.0914729856	16.955499
12.71	1	1.23619197	-1.18150606	-0.0405283412	0.537992365	0.148352711	0.836832949	0.323297064	0.0782988878	16.796712
12.72	1	1.22875258	-1.18335504	-0.0405718943	0.538488006	0.283847314	0.679389814	0.324022925	0.11255502	17.114114
12.73	1	1.22311716	-1.185141	-0.0407023396	0.53869723	0.419101415	0.466815638	0.323690148	0.111500528	19.200723
12.74	1	1.22162078	-1.18689085	-0.040903504	0.538522918	0.542170791	0.230098205	0.321556436	0.10469891	18.000958
12.75	1	1.22406766	-1.1886176	-0.041194798	0.537910075	0.656820593	-0.000203911303	0.317966175	0.0889120451	16.909861
12.76	1	1.22793378	-1.19029062	-0.0415175809	0.537025308	0.714941635	-0.166876834	0.313914248	0.0788135722	17.539657
12.77	1	1.22797864	-1.19187874	-0.0418623964	0.535807891	0.71117862	-0.26707222	0.311841144	0.109944651	15.86823
12.78	1	1.22315132	-1.19340243	-0.0422170804	0.534233881	0.644991943	-0.327465056	0.312146782	0.0861976797	15.546676
12.79	1	1.21483087	-1.19481519	-0.0425565626	0.532310512	0.521225503	-0.375973859	0.314368476	0.0920854849	15.269408
12.8	1	1.20994377	-1.19610041	-0.0428798947	0.530208224	0.358096718	-0.446918734	0.315396954	0.0929930818	14.526244
12.81	1	1.20995814	-1.19729475	-0.0431852017	0.528019481	0.194335385	-0.519365848	0.314518301	0.11120263	16.986573
12.82	1	1.21414925	-1.19841087	-0.04345188	0.526032767	-0.000532206878	-0.624343628	0.311865956	0.110092336	16.127649
12.83	1	1.22097018	-1.19945546	-0.0437027577	0.524316171	-0.161908634	-0.752827523	0.308412247	0.0846240783	17.038383
12.84	1	1.22405103	-1.20047404	-0.0439482368	0.522719617	-0.257602858	-0.840651252	0.3067865	0.102127539	15.337919
12.85	1	1.22192585	-1.20147464	-0.0441395298	0.521110106	-0.382704839	-0.971627647	0.30729679	0.0854443035	15.336539
12.86	1	1.21578941	-1.20244102	-0.0442118034	0.519353291	-0.576767195	-0.973058951	0.310123138	0.0981162865	16.219763
12.87	1	1.21145838	-1.20339755	-0.0444017861	0.517528789	-0.515238342	-1.0132369	0.311790178	0.0870172075	15.182392
12.88	1	1.21195874	-1.20445915	-0.0445643915	0.516429851	-0.509907445	-0.999574003	0.311560582	0.095244683	17.334224
12.89	1	1.21681606	-1.20565352	-0.0447402444	0.516045883	-0.459741814	-0.923184932	0.309874209	0.0920478453	17.69587
12.9	1	1.22082992	-1.20697916	-0.0449853632	0.516225994	-0.336160271	-0.755439086	0.308494018	0.108186927	14.597338
12.91	1	1.22155285	-1.20833967	-0.0453023482	0.516743709	-0.182453361	-0.580643152	0.308197819	0.0990850621	15.709401
12.92	1	1.21828221	-1.20972161	-0.0457140974	0.517589553	0.0121156607	-0.428339211	0.308959092	0.0727284582	14.109811
12.93	1	1.21156239	-1.21112556	-0.0461054695	0.518534706	0.121694687	-0.365775774	0.310303202	0.0848009713	15.10712
12.94	1	1.20675727	-1.21251427	-0.0465763083	0.519922476	0.267150489	-0.29011317	0.310497833	0.072729989	16.845851
12.95	1	1.20523245	-1.21383766	-0.0471153932	0.521587419	0.417619341	-0.229366345	0.309017985	0.0730149826	15.040162
12.96	1	1.20649185	-1.21503383	-0.0477154111	0.522893017	0.55613492	-0.0850954014	0.306721395	0.0782194923	14.862323
12.97	1	1.20610339	-1.21615337	-0.0483650293	0.524509211	0.67977624	-0.00709766928	0.304283855	0.12477617	16.037501
12.98	1	1.20539149	-1.21715643	-0.0490351489	0.526317398	0.751663012	0.0147134679	0.303215568	0.084796196	13.466629
12.99	1	1.20494834	-1.21803222	-0.0497157017	0.528237367	0.773317304	0.01089796	0.303536124	0.111533102	15.784551
13	1	1.20330377	-1.2188139	-0.0504351029	0.529776525	0.809895423	0.0144142805	0.304656072	0.122081391	15.899818
13.01	1	1.20473096	-1.21936711	-0.0511388676	0.531042485	0.77285586	0.00897611012	0.305481034	0.1140236	14.068517
13.02	1	1.21023314	-1.21971898	-0.0517906893	0.532020044	0.690248009	-0.0146697906	0.305054703	0.0881799995	15.847763
13.03	1	1.2193466	-1.21991731	-0.0523778798	0.532661512	0.557645036	-0.0465310963	0.303535904	0.0798043276	15.964814
13.04	1	1.226615	-1.21998572	-0.0528880984	0.532883414	0.394837919	-0.0909525524	0.303241301	0.127790918	15.844309
13.05	1	1.23043394	-1.21999356	-0.0533211099	0.532852152	0.227386853	-0.139411464	0.304208513	0.124315664	15.61216
13.06	1	1.23046291	-1.21998187	-0.053680768	0.532654976	0.0437317787	-0.189681046	0.306951133	0.111371388	14.295812
13.07	1	1.22801393	-1.21996267	-0.0539812806	0.532368855	-0.121159839	-0.260203073	0.310239067	0.0861729818	14.739681
13.08	1	1.22874966	-1.219958	-0.0542431741	0.532096043	-0.258841597	-0.334860546	0.311961584	0.0830374273	15.561562
13.09	1	1.23379123	-1.22002121	-0.0544888201	0.531903813	-0.365887706	-0.39997434	0.31171346	0.0952060187	16.798082
13.1	1	1.24230408	-1.22016787	-0.0547346863	0.531803699	-0.437810217	-0.441149724	0.310059331	0.0980066774	16.675993
13.11	1	1.24778735	-1.22044893	-0.0550002915	0.531789553	-0.463660614	-0.444458225	0.309584628	0.0922018037	16.057006
13.12	1	1.2483901	-1.22087167	-0.0552010357	0.531354208	-0.584988003	-0.51034615	0.310825889	0.0885834545	13.802421
13.13	1	1.24465359	-1.22149365	-0.0554475575	0.531160402	-0.582185622	-0.500913603	0.313799871	0.110581589	16.029793
13.14	1	1.24116447	-1.22227539	-0.0557553606	0.531240222	-0.487321937	-0.453905155	0.315686985	0.0897261883	14.011813
13.15	1	1.24172305	-1.22314543	-0.0561348598	0.531593038	-0.33381166	-0.394711826	0.315624488	0.121516504	16.81384
13.16	1	1.24633164	-1.22410273	-0.0565811308	0.532167764	-0.123407553	-0.321650177	0.313905391	0.086046616	15.197373
13.17	1	1.2500781	-1.22513493	-0.0570802634	0.532797593	0.117314718	-0.231975732	0.312165984	0.087214216	13.884874
13.18	1	1.25049148	-1.22621565	-0.0576145748	0.533330414	0.37846863	-0.159140826	0.311447761	0.114788544	13.994627
13.19	1	1.24673655	-1.2272037	-0.0581447541	0.533702919	0.571601351	-0.125169946	0.312265626	0.125524723	15.186317
13.2	1	1.24305951	-1.22805527	-0.0586340552	0.533925778	0.683148914	-0.135346658	0.31353579	0.0848648209	14.563983
13.21	1	1.24187318	-1.22874272	-0.0590902705	0.533658776	0.781789772	-0.114728384	0.313526684	0.106498232	14.740212
13.22	1	1.24350881	-1.22936758	-0.0594788472	0.533519048	0.753547546	-0.172252679	0.311544104	0.0973008793	14.625286
13.23	1	1.2436539	-1.22996535	-0.0597798724	0.53348713	0.646935101	-0.255024056	0.309227621	0.114328588	16.995586
13.24	1	1.24023722	-1.23056553	-0.0599820095	0.533536522	0.475672234	-0.332232421	0.307983356	0.0825499762	17.770638
13.25	1	1.23646841	-1.23107993	-0.0601770578	0.533280227	0.383487015	-0.492967006	0.30752147	0.112725863	16.50961
13.26	1	1.23096475	-1.23159945	-0.0602833626	0.533157623	0.254630501	-0.582911089	0.307176917	0.0995268771	14.757703
13.27	1	1.22794725	-1.2320848	-0.0603016862	0.533025886	0.112011798	-0.607891366	0.306081065	0.0832697669	14.026468
13.28	1	1.22795956	-1.23252217	-0.060227553	0.532828678	-0.0283279667	-0.574057481	0.305256668	0.0871765729	14.046186
13.29	1	1.22772757	-1.23293743	-0.0600533178	0.532489785	-0.215707076	-0.486385023	0.305321256	0.0852773368	15.502803
13.3	1	1.22723519	-1.23327888	-0.0597701731	0.532101849	-0.399329118	-0.376901102	0.305893134	0.100165609	17.272828
13.31	1	1.22724026	-1.23356994	-0.0594124191	0.531709934	-0.568649738	-0.256636186	0.30650015	0.0829625229	18.152592
13.32	1	1.23129473	-1.23377312	-0.0590252407	0.531406752	-0.718178154	-0.152288414	0.306318974	0.107710125	18.854202
13.33	1	1.23898259	-1.23392379	-0.0586583942	0.531241405	-0.806498051	-0.064967635	0.305514766	0.0738963997	16.869923
13.34	1	1.24887319	-1.2341437	-0.0583598561	0.531251309	-0.783335211	0.0653138973	0.304581292	0.101279868	16.173752
13.35	1	1.25523002	-1.23447403	-0.0581248829	0.531487276	-0.712245157	0.2013091	0.304537988	0.0739920289	16.355712
13.36	1	1.25601816	-1.23489566	-0.0578784053	0.531270718	-0.682598523	0.475557002	0.306710087	0.0921092347	17.883688
13.37	1	1.25203037	-1.23536009	-0.0577627689	0.530857562	-0.45917976	0.566428082	0.310031159	0.104491426	16.643306
13.38	1	1.24505445	-1.23592221	-0.0576837683	0.530778921	-0.258453566	0.640744494	0.31356761	0.109114776	16.79192
13.39	1	1.24085296	-1.23657707	-0.057627092	0.530999276	-0.0886254274	0.725211108	0.315285801	0.0990522555	19.164475
13.4	1	1.24044314	-1.23732452	-0.0576388511	0.531290896	0.115452182	0.825432306	0.314931868	0.090852759	18.057259
13.41	1	1.24291681	-1.23812309	-0.0576641474	0.531797737	0.296357924	0.874571975	0.312877472	0.0781904176	15.32288
13.42	1	1.24341268	-1.23898553	-0.057679355	0.532470616	0.453761812	0.898526217	0.310773397	0.12164975	14.478522
13.43	1	1.24310572	-1.23986663	-0.0576934115	0.533112132	0.584265096	0.912656859	0.310115899	0.10333802	16.758457
13.44	1	1.23939704	-1.24077092	-0.0577076052	0.533801232	0.705609277	0.878920416	0.310109774	0.104967825	16.421986
13.45	1	1.23551505	-1.24165096	-0.0577222515	0.534438154	0.823385081	0.80801656	0.31084884	0.0895735125	16.765842
13.46	1	1.23462001	-1.24247348	-0.0577552261	0.53495697	0.959097074	0.701175023	0.309807865	0.100642818	17.290176
13.47	1	1.23741525	-1.24323477	-0.057864327	0.535571312	1.05329689	0.623410624	0.306800879	0.0917180349	16.529226
13.48	1	1.2397249	-1.24393469	-0.0579975859	0.536112506	1.10830927	0.57020041	0.303254796	0.0773534909	17.944411
13.49	1	1.2427451	-1.24459008	-0.0581562614	0.536620097	1.12916302	0.559029434	0.301072892	0.111923601	15.518472
13.5	1	1.24338296	-1.24524753	-0.0583383183	0.536823838	1.18990572	0.53161689	0.299815294	0.116733955	16.907956
13.51	1	1.24416977	-1.24588363	-0.0584850288	0.537062605	1.17592381	0.529718234	0.299300073	0.102190097	16.129826
13.52	1	1.24470292	-1.24647859	-0.0585895282	0.537212089	1.14057308	0.527820855	0.297864938	0.0891270145	17.711317
13.53	1	1.24753216	-1.24701744	-0.0586575762	0.537288274	1.1072655	0.526085798	0.295311122	0.0899489611	16.685278
13.54	1	1.25152429	-1.24753099	-0.0586874787	0.537381609	1.07689639	0.526706303	0.293308878	0.108534261	17.595176
13.55	1	1.25176347	-1.24808652	-0.0586872954	0.537458909	1.06482567	0.536034246	0.292539987	0.0861278416	17.433698
13.56	1	1.24709209	-1.2486961	-0.0586604438	0.537633975	1.10860704	0.534516004	0.29301073	0.103567185	17.062195
13.57	1	1.23940854	-1.2492953	-0.0586896639	0.537484252	1.27455854	0.611321933	0.294343835	0.112308301	16.664029
13.58	1	1.23468427	-1.24985547	-0.0585836869	0.537050654	1.27911149	0.557352348	0.295488691	0.083451429	16.679317
13.59	1	1.23422178	-1.25042458	-0.0584214678	0.536799394	1.27369109	0.569588983	0.296504013	0.0965129369	16.807757
13.6	1	1.23767253	-1.25100583	-0.0582019532	0.536643776	1.24346735	0.637262244	0.297520087	0.068315594	16.474677
13.61	1	1.24437769	-1.25161785	-0.0579100792	0.536607336	1.16857312	0.742246494	0.298701261	0.0862021782	17.445181
13.62	1	1.25392143	-1.25224247	-0.057538287	0.536653085	1.04850743	0.869178555	0.300095154	0.0722121465	16.813438
13.63	1	1.2623993	-1.25293722	-0.057087409	0.536841515	0.893472968	1.01972466	0.302157169	0.0917455745	17.999423
13.64	1	1.26855088	-1.25369312	-0.0565670226	0.537305234	0.759812375	1.14422304	0.304351198	0.0894541266	18.784495
13.65	1	1.27654731	-1.25442098	-0.0559965984	0.538012134	0.64304089	1.24773897	0.305840495	0.0938504864	17.675825
13.66	1	1.28207834	-1.25516586	-0.0553483142	0.538824272	0.490861924	1.38409713	0.308539425	0.0967451524	17.991409
13.67	1	1.28403079	-1.25589418	-0.0546588114	0.539832875	0.351195345	1.49943502	0.312384446	0.0881943114	17.742562
13.68	1	1.28340827	-1.25650313	-0.0540107694	0.540432131	0.277511355	1.64951368	0.317247769	0.129433183	18.54346
13.69	1	1.28183719	-1.25699138	-0.0533734237	0.541065469	0.155645071	1.73334329	0.322178236	0.094417792	16.237072
13.7	1	1.28191018	-1.25735151	-0.052825613	0.541676104	0.113408943	1.76333731	0.325681184	0.0959042144	16.264241
13.71	1	1.28807701	-1.25760273	-0.0523662825	0.542244127	0.14795609	1.74206991	0.326756641	0.184499169	17.208253
13.72	1	1.29984725	-1.25777547	-0.0520134117	0.54265735	0.260740897	1.67947435	0.325522392	0.114588682	17.218981
13.73	1	1.31603292	-1.25789713	-0.0517918733	0.542876565	0.427347227	1.55577371	0.322391265	0.106138114	19.415747
13.74	1	1.3293485	-1.25796086	-0.051701423	0.542747891	0.609439627	1.40061807	0.320631642	0.105051981	21.524181
13.75	1	1.33726387	-1.25797435	-0.051708503	0.542115683	0.800064145	1.23392364	0.321217764	0.0921117478	19.837682
13.76	1	1.34028341	-1.25790117	-0.0518209135	0.541071238	0.939374532	1.00235599	0.323694323	0.107622223	19.415095
13.77	1	1.34508612	-1.25778944	-0.0519761529	0.53990067	0.981617053	0.759444357	0.325152235	0.119098659	16.742356
13.78	1	1.35357624	-1.25765051	-0.0521830426	0.53861322	0.960279362	0.504996835	0.324690641	0.0967939572	16.080576
13.79	1	1.36125061	-1.25754196	-0.0523987097	0.537289575	0.849288761	0.272096302	0.32483571	0.0889069191	16.403461
13.8	1	1.36851656	-1.25748634	-0.0526108507	0.536073318	0.672547173	0.0507861334	0.325327091	0.112229409	18.476065
13.81	1	1.37512267	-1.25752484	-0.0528272771	0.534986238	0.448949166	-0.142836039	0.325590903	0.0827039487	17.50283
13.82	1	1.38167666	-1.25766767	-0.0530709496	0.534120829	0.222691678	-0.3310919	0.324376037	0.130305999	18.944591
13.83	1	1.38819579	-1.25792998	-0.0533312734	0.533522255	-0.0127542267	-0.483438016	0.321892691	0.0905188833	17.703259
13.84	1	1.39439438	-1.25823249	-0.0535807001	0.533009476	-0.28931564	-0.649010478	0.318543924	0.093893635	17.235086
13.85	1	1.3995328	-1.25866833	-0.0538228876	0.532557558	-0.524336188	-0.778639009	0.315170894	0.127366569	16.487865
13.86	1	1.40355888	-1.25919812	-0.0541806744	0.531789933	-0.614105901	-0.966610532	0.312049924	0.0797078051	17.169908
13.87	1	1.40118414	-1.25989973	-0.054460857	0.530981906	-0.804314275	-0.998801903	0.310675637	0.0968376483	17.403805
13.88	1	1.39478204	-1.26076708	-0.0547236725	0.530436092	-0.972759067	-0.96575098	0.311096762	0.103520563	17.97336
13.89	1	1.38264209	-1.26180852	-0.0550052009	0.530167041	-1.07723283	-0.903972353	0.312175872	0.0857858501	16.359012
13.9	1	1.36537979	-1.26294606	-0.0553496502	0.530070648	-1.0705035	-0.848292472	0.313335091	0.0948742341	17.761803
13.91	1	1.344562	-1.2641136	-0.0557307652	0.529981401	-0.976884293	-0.866325682	0.314522056	0.102637207	17.139086
13.92	1	1.32643798	-1.26535011	-0.0562603932	0.529932099	-0.70536268	-0.821244737	0.315060343	0.108670059	17.897583
13.93	1	1.30899032	-1.26670233	-0.0569162886	0.530323614	-0.306012456	-0.792473914	0.314105842	0.105946983	18.227458
13.94	1	1.29180396	-1.26810204	-0.0576853385	0.530932219	0.16905869	-0.783721263	0.311803982	0.0895026791	16.967512
13.95	1	1.27863757	-1.26948662	-0.0585130475	0.53173491	0.638006722	-0.756870364	0.308841132	0.0917669086	16.934893
13.96	1	1.27073543	-1.27080878	-0.0592801555	0.532390337	0.930111102	-0.683400418	0.303848418	0.115831012	17.838528
13.97	1	1.26330578	-1.27217955	-0.0600893264	0.533019792	1.25308037	-0.597393373	0.298896008	0.135197004	18.431779
13.98	1	1.25829189	-1.27347676	-0.0608567695	0.53370681	1.43306768	-0.489396835	0.294960449	0.116773201	30.198378
13.99	1	1.25652955	-1.27475166	-0.061599509	0.534363242	1.55999939	-0.372079248	0.289849172	0.0974989053	20.739371
14	1	1.25750447	-1.27597674	-0.0622946198	0.53487662	1.62771641	-0.263259476	0.283836996	0.0859959419	16.891922
14.01	1	1.26017184	-1.27708821	-0.0629356249	0.535144096	1.56375236	-0.0972109001	0.280416411	0.0937752692	16.996838
14.02	1	1.2646446	-1.27808138	-0.0635209562	0.535197453	1.42795833	0.0947994446	0.278806988	0.0792273217	18.253218
14.03	1	1.27061611	-1.27896647	-0.06403544	0.535013318	1.25325835	0.290329428	0.278460682	0.0785424669	16.15085
14.04	1	1.27773248	-1.27978268	-0.0644636248	0.534611324	1.06879175	0.479744408	0.278976609	0.0960957966	17.253698
14.05	1	1.28578642	-1.28046795	-0.0648056529	0.533986658	0.883816386	0.599761202	0.280002024	0.0972168938	17.555581
14.06	1	1.29470377	-1.28096161	-0.0650585365	0.533125611	0.749747369	0.650687713	0.281317088	0.117450436	18.109042
14.07	1	1.30451612	-1.28129421	-0.0652229843	0.532074082	0.638877634	0.647915213	0.282882473	0.115753304	15.735302
14.08	1	1.31538805	-1.28144038	-0.0653010854	0.530846531	0.541048102	0.578381808	0.284618911	0.0777158901	16.734076
14.09	1	1.32717543	-1.28146066	-0.0653953266	0.529252206	0.556586943	0.535067675	0.286522095	0.0803108327	17.419368
14.1	1	1.33997777	-1.28145391	-0.0654163225	0.527913213	0.632231901	0.412157378	0.286327987	0.0788693632	18.237869
14.11	1	1.35271457	-1.28141958	-0.065391	0.526702123	0.684531852	0.308413667	0.287495499	0.0638390754	16.654219
14.12	1	1.36622437	-1.28137085	-0.065346817	0.525694537	0.740993353	0.226249284	0.289522188	0.0780830467	17.79612
14.13	1	1.37887264	-1.28135814	-0.0651997946	0.524571349	0.726125748	0.245594046	0.292564517	0.0899973068	18.605782
14.14	1	1.39110384	-1.28132418	-0.0649732679	0.523210447	0.665771053	0.126714655	0.295756726	0.101041732	17.203239
14.15	1	1.40264288	-1.28145845	-0.0647183716	0.522462237	0.720882306	0.0757187761	0.299358102	0.124133568	15.723128
14.16	1	1.4116547	-1.28179516	-0.0644485515	0.522413448	0.820105582	0.121183361	0.305082543	0.133066371	16.088868
14.17	1	1.41800172	-1.2822744	-0.0641229742	0.522846642	0.914585488	0.186610649	0.311637065	0.115301919	17.187838
14.18	1	1.42150747	-1.28285986	-0.063728102	0.52369868	0.962624037	0.262190541	0.318835133	0.0999299715	16.366629
14.19	1	1.42293477	-1.28347839	-0.0633544158	0.524569594	1.07266241	0.390903897	0.326189912	0.118210759	18.000142
14.2	1	1.42303961	-1.2842064	-0.0629360215	0.525921423	1.09604433	0.478395027	0.332240067	0.0951353345	14.926536
14.21	1	1.42355109	-1.28505002	-0.0625485044	0.527266065	1.10974264	0.431295057	0.335230971	0.126149013	18.288525
14.22	1	1.42491689	-1.28601052	-0.0620727346	0.52899484	1.00804564	0.376562424	0.336647057	0.0851559674	16.714341
14.23	1	1.42534567	-1.287084	-0.0614681326	0.530676996	0.752360927	0.340442905	0.335958402	0.0888769021	16.04627
14.24	1	1.42349988	-1.28824824	-0.0608449708	0.532567781	0.542393932	0.255220956	0.33327707	0.0875493442	15.562882
14.25	1	1.42095917	-1.28939581	-0.0602523732	0.534374898	0.389840799	0.204077568	0.330994815	0.125885937	16.861717
14.26	1	1.41772559	-1.2905416	-0.0596825821	0.536074324	0.27525727	0.219803701	0.329656712	0.122816524	16.169957
14.27	1	1.41347256	-1.29168139	-0.0591254884	0.537555305	0.162713229	0.286152633	0.329257728	0.107997306	16.913324
14.28	1	1.40866943	-1.29281953	-0.0585556339	0.538678205	-0.00816141424	0.387725127	0.328474193	0.105963102	17.296631
14.29	1	1.40413828	-1.29398921	-0.0579678653	0.539592619	-0.209555414	0.498108707	0.326009107	0.10382001	17.622471
14.3	1	1.40056997	-1.29521932	-0.057340337	0.540364818	-0.457868797	0.624419103	0.321487112	0.111740288	16.27128
14.31	1	1.39665714	-1.2964469	-0.056669943	0.540893783	-0.756994864	0.740658448	0.316606171	0.101320753	17.197126
14.32	1	1.39171405	-1.29762735	-0.055947668	0.541173018	-1.09799908	0.832258076	0.311888348	0.0939596189	16.041578
14.33	1	1.38585964	-1.29877758	-0.0551752654	0.541230262	-1.42710437	0.907615336	0.307372703	0.0992538467	17.789961
14.34	1	1.37934906	-1.29983857	-0.0543266318	0.541109445	-1.8135059	0.917533313	0.302596223	0.116102132	17.895692
14.35	1	1.37386927	-1.30086999	-0.0534082375	0.540784044	-2.20689206	0.881547682	0.296176754	0.0916485076	16.778484
14.36	1	1.37028994	-1.30191929	-0.0524338179	0.540310819	-2.5510109	0.8505271	0.288352518	0.0776830125	17.166988
14.37	1	1.36796145	-1.30295277	-0.0514385655	0.539581369	-2.75172227	0.89934394	0.283341559	0.104338104	17.466994
14.38	1	1.36765473	-1.3040207	-0.0504556359	0.538761023	-2.79659321	1.01606387	0.280506008	0.0795224745	13.8782
14.39	1	1.36915281	-1.30515136	-0.0495414896	0.537883919	-2.65814325	1.13896723	0.27929801	0.0916738458	17.392551
14.4	1	1.37213012	-1.30637325	-0.0487176373	0.53699958	-2.37055619	1.25432515	0.279197843	0.0761675297	15.790451
14.41	1	1.37610426	-1.30777122	-0.0479866886	0.536292042	-1.95849239	1.35348463	0.279815247	0.103702221	17.641188
14.42	1	1.38065735	-1.30926327	-0.0472188918	0.535330936	-1.61204091	1.53311491	0.280852591	0.0942647938	15.300777
14.43	1	1.38549443	-1.31097365	-0.046523223	0.534705225	-1.20252842	1.67523587	0.282081626	0.0709892308	17.619352
14.44	1	1.39060029	-1.31282761	-0.0458672958	0.53431341	-0.788492225	1.75332874	0.283371391	0.0912223696	15.763895
14.45	1	1.39644778	-1.31481118	-0.0452273009	0.534194666	-0.477882394	1.71402375	0.282295781	0.0826533741	16.692914
14.46	1	1.40219485	-1.31690124	-0.0447114137	0.533822725	-0.0241220362	1.70378425	0.282959907	0.101972344	16.961082
14.47	1	1.40862061	-1.31904524	-0.0442160161	0.533618372	0.37367622	1.62672277	0.284355721	0.0796405995	16.241904
14.48	1	1.41635467	-1.32122896	-0.0437263845	0.533596304	0.707357184	1.49469234	0.286253318	0.0858789608	14.770648
14.49	1	1.42392534	-1.3234894	-0.0432475046	0.533620789	0.977478672	1.31992381	0.288708737	0.115313819	17.415569
14.5	1	1.4313408	-1.32580997	-0.0427634131	0.533631626	1.16112405	1.1097684	0.291519365	0.118202283	14.831898
14.51	1	1.43924715	-1.32807452	-0.0423311215	0.533757031	1.2838152	0.917213858	0.29444978	0.116111278	15.230588
14.52	1	1.44859183	-1.3303052	-0.0419917644	0.533761374	1.42541795	0.699844559	0.297214137	0.105703444	14.771894
14.53	1	1.45838753	-1.3324662	-0.0417165561	0.533793149	1.46090728	0.486444749	0.300083508	0.130383431	14.206501
14.54	1	1.46825291	-1.33456649	-0.0415110789	0.533766906	1.4695565	0.278065379	0.303465409	0.100874014	15.079748
14.55	1	1.48026517	-1.33651322	-0.041374624	0.533776214	1.4248576	0.0349217792	0.307486569	0.114479944	13.529337
14.56	1	1.49029604	-1.33838005	-0.0413035382	0.533821817	1.37548339	-0.216957852	0.312442706	0.107087172	14.766737
14.57	1	1.49704543	-1.34005478	-0.0414016634	0.53340922	1.42220447	-0.412283891	0.318423981	0.140882909	13.521892
14.58	1	1.50051523	-1.34159384	-0.0415669959	0.533221356	1.40847407	-0.658655315	0.324376022	0.105446064	15.673381
14.59	1	1.5019507	-1.34305826	-0.0418100268	0.533277788	1.41554216	-0.919578099	0.330129504	0.106022748	16.9166
14.6	1	1.50275746	-1.34452165	-0.0421210505	0.533671467	1.47244042	-1.18189789	0.334620705	0.118736974	15.997247
14.61	1	1.50883266	-1.34603131	-0.0425028528	0.534570073	1.53766155	-1.43340501	0.336038773	0.116740143	15.590906
14.62	1	1.51924733	-1.34753123	-0.0428504743	0.535282407	1.53512668	-1.83567291	0.335094901	0.0919601348	14.631783
14.63	1	1.53335576	-1.34923983	-0.0432720909	0.536782862	1.70561354	-2.12138475	0.331449544	0.127669861	14.882519
14.64	1	1.54461902	-1.35120604	-0.0437045472	0.538862177	1.91824512	-2.31864487	0.326318777	0.0755325256	17.548025
14.65	1	1.55124811	-1.3534299	-0.0440895764	0.541277066	2.09196199	-2.4567194	0.320104933	0.0922542445	14.202668
14.66	1	1.55717512	-1.35582129	-0.0443953353	0.543946518	2.22530736	-2.56378343	0.313029646	0.11005161	18.992928
14.67	1	1.55829278	-1.35841626	-0.044608237	0.546770062	2.32149774	-2.62647174	0.307421198	0.096643413	17.59057
14.68	1	1.5558112	-1.36119519	-0.044748876	0.54966488	2.39932349	-2.61797303	0.302478579	0.108937484	16.287474
14.69	1	1.55394548	-1.36402396	-0.044791865	0.552558631	2.44441197	-2.58995953	0.297945798	0.0934132199	15.327664
14.7	1	1.54980768	-1.36696171	-0.0447492629	0.555354116	2.47507257	-2.5460918	0.29409866	0.101553388	16.435558
14.71	1	1.54745475	-1.36994919	-0.0446221586	0.557951414	2.48545422	-2.48622693	0.289462092	0.123238968	16.549511
14.72	1	1.54455177	-1.37299187	-0.0444296855	0.560217903	2.47696949	-2.42049702	0.283997955	0.0816073259	16.603765
14.73	1	1.54033782	-1.37598996	-0.0441829428	0.561846388	2.40768753	-2.34713454	0.279055928	0.120244136	16.203481
14.74	1	1.53862742	-1.37885316	-0.0438782216	0.562710994	2.28753165	-2.2517387	0.274357621	0.114489752	15.091464
14.75	1	1.53990832	-1.38156943	-0.0435114826	0.562707178	2.05807148	-2.09220052	0.271603312	0.121946122	14.056883
14.76	1	1.54430728	-1.38410448	-0.0430762219	0.561760308	1.69164256	-1.88612892	0.270670747	0.0926020833	13.65953
14.77	1	1.55142708	-1.38643807	-0.0425617793	0.559779438	1.22451851	-1.65128123	0.271177116	0.118050401	13.459058
14.78	1	1.55742781	-1.3886371	-0.0419764609	0.556690039	0.656355765	-1.3892203	0.27346981	0.1032499	13.566262
14.79	1	1.56245052	-1.39074195	-0.0413304045	0.553473266	0.258989659	-1.15527281	0.276076453	0.111700882	15.98365
14.8	1	1.5683489	-1.39277032	-0.0406306395	0.550338455	0.0538364217	-1.00834861	0.277798725	0.110713417	16.738512
14.81	1	1.57219466	-1.39483935	-0.0398996413	0.547166787	-0.111770797	-0.908852782	0.280016256	0.0955695985	14.236572
14.82	1	1.57227739	-1.39691761	-0.03915155	0.544094505	-0.177056853	-0.862059148	0.283096732	0.127223545	18.575515
14.83	1	1.56968019	-1.39903133	-0.0383808783	0.541210159	-0.20922258	-0.833158043	0.286468272	0.100081722	16.433615
14.84	1	1.56570438	-1.4012414	-0.0375793471	0.538473418	-0.283397376	-0.797547502	0.290344253	0.0920356686	16.706859
14.85	1	1.56103847	-1.40350997	-0.036743468	0.536146228	-0.333790015	-0.764800486	0.29466804	0.100889122	15.337698
14.86	1	1.55798906	-1.40587363	-0.0358382068	0.534213007	-0.400511114	-0.736713722	0.299011409	0.104395414	15.704419
14.87	1	1.5528191	-1.40836663	-0.0348846323	0.532765535	-0.425822165	-0.708553193	0.302960076	0.107636632	18.099179
14.88	1	1.54582677	-1.41089301	-0.0338593625	0.530495109	-0.498249046	-0.711152209	0.305721883	0.109624668	15.810147
14.89	1	1.53836022	-1.41348166	-0.032759245	0.528976895	-0.554469555	-0.709567252	0.306807234	0.123408765	16.341318
14.9	1	1.53025717	-1.41611993	-0.0315924055	0.528031479	-0.610277927	-0.716616708	0.306872292	0.0781434504	16.334518
14.91	1	1.52033785	-1.41883916	-0.0303937953	0.527594137	-0.667103627	-0.717134624	0.306557278	0.0867267961	15.621491
14.92	1	1.50821364	-1.42163635	-0.0292051329	0.527664428	-0.69835463	-0.724906054	0.306131804	0.117496735	17.597298
14.93	1	1.4930104	-1.42449209	-0.0280212919	0.528024753	-0.742372123	-0.80555977	0.306360482	0.0888749941	19.400574
14.94	1	1.47848219	-1.42735351	-0.0268591197	0.528754121	-0.788284498	-0.87472216	0.307090231	0.112828323	18.264427
14.95	1	1.46393111	-1.43021241	-0.0257149377	0.529752488	-0.852042772	-0.93228905	0.306631294	0.0788208244	16.625039
14.96	1	1.44830928	-1.43300896	-0.0246055346	0.530889244	-0.919202378	-0.981256765	0.306422301	0.102080428	18.133892
14.97	1	1.43580287	-1.43569138	-0.0235415915	0.532205162	-0.97784008	-1.0084198	0.305993565	0.0989385878	17.071768
14.98	1	1.42859362	-1.43820047	-0.0225299695	0.533382895	-1.04035124	-0.977067086	0.305025549	0.141119421	17.145885
14.99	1	1.42712418	-1.44053959	-0.0215945314	0.534420853	-1.09848144	-0.879672063	0.303562483	0.0876326201	16.654011
15	1	1.42803722	-1.44271272	-0.0207611408	0.535082511	-1.06655624	-0.761024125	0.301962956	0.128654125	20.666163
15.01	1	1.43163569	-1.44471973	-0.0200003967	0.535698698	-1.07832105	-0.649624408	0.29756153	0.0991074864	17.339936
15.02	1	1.43679128	-1.44653161	-0.0193166977	0.536067729	-1.10048397	-0.493563029	0.293248185	0.0912445934	17.554474
15.03	1	1.44391846	-1.44800598	-0.018681425	0.536199897	-1.20367143	-0.426121094	0.288668661	0.13652317	15.659492
15.04	1	1.45327458	-1.4491131	-0.018118975	0.53590194	-1.34890539	-0.435454233	0.283821248	0.111787578	18.811166
15.05	1	1.46510481	-1.4498951	-0.0176451194	0.535263224	-1.52888402	-0.518246599	0.27865622	0.0861010045	17.52041
15.06	1	1.47852093	-1.45040271	-0.0173095881	0.534407701	-1.67101983	-0.6448764	0.274828168	0.101377054	18.080739
15.07	1	1.49320205	-1.45072977	-0.0171379191	0.533546809	-1.74035553	-0.797983343	0.27252799	0.110798799	15.986901
15.08	1	1.51117684	-1.45095161	-0.0170928841	0.532501022	-1.76707383	-0.904960924	0.268747286	0.108866937	16.957969
15.09	1	1.53139574	-1.45114139	-0.0172293023	0.531441085	-1.69139076	-1.06473089	0.262960613	0.0933646369	18.995085
15.1	1	1.55292926	-1.45136748	-0.0174946012	0.530623384	-1.64572267	-1.16173443	0.255688359	0.088470345	17.04559
15.11	1	1.57493883	-1.45162641	-0.0178783646	0.529931489	-1.47530995	-1.13200719	0.250715904	0.0809774066	17.01302
15.12	1	1.59669349	-1.45185954	-0.0183040844	0.529073601	-1.33598211	-1.10548207	0.247257257	0.0732001019	16.626062
15.13	1	1.61811626	-1.45217066	-0.018869243	0.528560607	-1.05782432	-0.944269517	0.245343165	0.0880397967	15.814679
15.14	1	1.63942878	-1.4525405	-0.0195687702	0.528282471	-0.715460025	-0.676073321	0.244293032	0.0928917045	17.108422
15.15	1	1.66056921	-1.45293665	-0.0204154984	0.528270007	-0.314469091	-0.3454158	0.243735095	0.0858483878	16.452993
15.16	1	1.68150179	-1.45331073	-0.0213776064	0.52856405	0.0898727271	0.0114067057	0.243384886	0.101034518	15.964785
15.17	1	1.70017309	-1.45371104	-0.0224069013	0.529215138	0.455971456	0.407123901	0.243768172	0.102082607	16.505275
15.18	1	1.71869266	-1.45406671	-0.0235632698	0.529842866	0.72329933	0.697706739	0.241497786	0.0901136624	19.049809
15.19	1	1.73440639	-1.45434316	-0.0247344542	0.530793877	0.859763437	0.945251078	0.240045347	0.0912678752	17.057843
15.2	1	1.74679968	-1.45451398	-0.0259597357	0.531379824	0.921784732	1.26931547	0.239795011	0.079504149	16.110198
15.21	1	1.75586759	-1.45458139	-0.0271743356	0.532168812	0.868220605	1.49054429	0.240668832	0.0975586116	17.908244
15.22	1	1.76213105	-1.45452345	-0.0283660483	0.532858699	0.78873481	1.61873534	0.243005533	0.109832932	16.715311
15.23	1	1.76625667	-1.45432952	-0.0295353317	0.533420507	0.711125732	1.6615053	0.246537976	0.0863337901	17.03278
15.24	1	1.768866	-1.45397739	-0.0306799571	0.533741708	0.654066199	1.63210529	0.250988543	0.0931435113	20.481202
15.25	1	1.77043199	-1.45348742	-0.031812812	0.533787437	0.651562663	1.53681418	0.256160721	0.0808051309	19.916628
15.26	1	1.77127234	-1.45288322	-0.0329319355	0.533539086	0.692717868	1.40812221	0.26192704	0.0810044368	18.296135
15.27	1	1.77159687	-1.45214455	-0.0340213422	0.533103373	0.772961488	1.26432438	0.268207722	0.100865003	17.292873
15.28	1	1.77242508	-1.45133918	-0.0350840441	0.532358188	0.850555592	1.09984537	0.273996338	0.0715968121	16.1166
15.29	1	1.77447046	-1.45047498	-0.0361476461	0.531462154	0.893647185	0.917753168	0.278332419	0.104002779	20.936
15.3	1	1.77634088	-1.44960852	-0.0372030618	0.530426707	0.890855343	0.732829358	0.282033487	0.0508332279	19.75823
15.31	1	1.77638267	-1.44880112	-0.03824766	0.529362732	0.868777977	0.580707033	0.286479928	0.0881113877	16.846903
15.32	1	1.77424171	-1.44809673	-0.0392743149	0.528401719	0.834398268	0.453587153	0.292101501	0.0887044469	14.940912
15.33	1	1.77027458	-1.44749977	-0.0402674671	0.527507867	0.793814729	0.295632337	0.298743153	0.122885082	17.999501
15.34	1	1.76507865	-1.44700096	-0.0412255912	0.526742652	0.755578936	0.128392657	0.306224743	0.0765794932	15.209753
15.35	1	1.76090617	-1.44652591	-0.0422976522	0.525231982	0.896224984	0.0231763657	0.314909779	0.0807048946	15.517655
15.36	1	1.75899238	-1.44621193	-0.043364832	0.524311284	0.936001543	-0.0889018528	0.321859014	0.0975179898	17.289468
15.37	1	1.75905232	-1.44611978	-0.0444338338	0.523961233	0.911785835	-0.176024213	0.327152927	0.0955588862	15.893485
15.38	1	1.75780163	-1.44617596	-0.0454174283	0.523748988	0.810996056	-0.293559375	0.33247983	0.0708747266	17.509141
15.39	1	1.75652038	-1.4464602	-0.0463985393	0.524071865	0.716963072	-0.346896544	0.337873348	0.086604831	17.089569
15.4	1	1.7555462	-1.44697008	-0.0473777855	0.524841884	0.632585454	-0.354805051	0.342700104	0.0907843467	16.442632
15.41	1	1.75440907	-1.44771031	-0.0483582646	0.526013633	0.553292727	-0.340373826	0.346461273	0.0775995048	17.862011
15.42	1	1.75197544	-1.44859487	-0.0493355645	0.52746854	0.483269669	-0.354293843	0.349343557	0.0872201856	18.433965
15.43	1	1.74714657	-1.4495915	-0.0503137552	0.529113485	0.461038727	-0.367178664	0.352396057	0.0844645207	15.407928
15.44	1	1.73647381	-1.45066531	-0.0513321587	0.530699627	0.518039896	-0.392564367	0.355955009	0.0876772401	17.448927
15.45	1	1.723364	-1.451796	-0.0523652741	0.532498133	0.607385635	-0.371933788	0.359547228	0.0962591193	17.356549
15.46	1	1.70715279	-1.45295646	-0.053486016	0.533975542	0.807179086	-0.250484922	0.362229712	0.0978280393	16.490022
15.47	1	1.69339567	-1.45412509	-0.0546393178	0.535638953	1.04655677	-0.178324713	0.361596361	0.0904478735	16.140093
15.48	1	1.68398608	-1.45520987	-0.0557748825	0.537048563	1.29707582	-0.25101451	0.357199583	0.110101931	15.581896
15.49	1	1.67859005	-1.45615161	-0.0569578604	0.538405199	1.5713651	-0.31998175	0.350559499	0.0889479553	15.688148
15.5	1	1.67157202	-1.45699239	-0.0581140649	0.53958951	1.72924022	-0.374459957	0.343142321	0.0891495986	16.048844
15.51	1	1.66604054	-1.45775173	-0.0592079488	0.540607112	1.78472253	-0.426716739	0.334370179	0.0945668418	15.964168
15.52	1	1.66286791	-1.45844076	-0.0602252253	0.541429026	1.73577477	-0.429120805	0.324441002	0.121835481	15.325955
15.53	1	1.65835798	-1.45905842	-0.0611530332	0.541911793	1.57589325	-0.39227516	0.314955908	0.0885216187	15.07771
15.54	1	1.65550867	-1.4595791	-0.0619817662	0.542114885	1.41278668	-0.348410048	0.305692888	0.0834405075	14.805932
15.55	1	1.65086629	-1.46004615	-0.0627476696	0.542136683	1.28402107	-0.301260786	0.297691894	0.101491298	15.274089
15.56	1	1.64651765	-1.460484	-0.0634649428	0.542080691	1.22936148	-0.257603484	0.290682074	0.0985783957	14.327318
15.57	1	1.6400314	-1.46091929	-0.0641667685	0.54188178	1.28644817	-0.222433601	0.284308322	0.101868354	15.877586
15.58	1	1.63523408	-1.46136155	-0.0648496374	0.541651482	1.39404619	-0.18896322	0.276813643	0.125447346	15.420671
15.59	1	1.63266451	-1.46184243	-0.0655335065	0.541515646	1.53151399	-0.153872464	0.268115141	0.0822776318	16.600223
15.6	1	1.63203298	-1.46235298	-0.0662319585	0.541529202	1.68356657	-0.108259475	0.25891349	0.0890015179	19.14664
15.61	1	1.63263402	-1.4628934	-0.0668696976	0.541207057	1.70067755	-0.170424296	0.250041658	0.0864944646	16.718633
15.62	1	1.63328941	-1.46352304	-0.0675580295	0.541143864	1.59344208	-0.12051659	0.245328735	0.0665834652	18.804241
15.63	1	1.6320204	-1.46420985	-0.0682885708	0.541090481	1.30996637	0.0154663084	0.244692514	0.0973437668	17.40015
15.64	1	1.62931061	-1.46493751	-0.0690359944	0.541078478	0.95417252	0.189955504	0.246515811	0.0783610664	16.436327
15.65	1	1.6260859	-1.46568171	-0.0698287254	0.54079339	0.650828548	0.450489188	0.249528556	0.0897349333	17.963049
15.66	1	1.6239326	-1.46644678	-0.0706159379	0.54083004	0.3581473	0.681010884	0.252382648	0.0837321818	16.21844
15.67	1	1.62380482	-1.46717047	-0.0713877383	0.541103871	0.081367182	0.880448878	0.25459136	0.106370531	16.293947
15.68	1	1.62306331	-1.46785227	-0.0721682133	0.541379524	-0.176656826	1.0731456	0.257048522	0.0999113995	16.572485
15.69	1	1.62102534	-1.46851812	-0.0728832114	0.541397189	-0.474905482	1.2820453	0.259903198	0.116738752	16.624078
15.7	1	1.62009078	-1.46911592	-0.0735807599	0.541549127	-0.601524442	1.39670627	0.260082368	0.0823742281	17.042701
15.71	1	1.61719733	-1.46969517	-0.0742824428	0.54161501	-0.605620083	1.42164837	0.26072484	0.129873657	16.637962
15.72	1	1.61323464	-1.47025825	-0.0749679791	0.541428514	-0.533875895	1.38405163	0.262395976	0.122723818	16.698428
15.73	1	1.60604703	-1.47081197	-0.0756672591	0.540902909	-0.387988046	1.25078155	0.265033896	0.0918259994	16.65507
15.74	1	1.5954425	-1.47138814	-0.0763902316	0.540132345	-0.176522214	1.00861721	0.26842649	0.092705597	16.995254
15.75	1	1.58243432	-1.47206534	-0.0770279309	0.53941052	-0.0337423911	0.802594332	0.272337771	0.104899792	17.128833
15.76	1	1.57057923	-1.4727601	-0.0775952836	0.538484474	0.0905153889	0.611485067	0.274467376	0.0861827616	17.575074
15.77	1	1.56025928	-1.47346264	-0.0780639272	0.537378813	0.0597319442	0.444436043	0.277183343	0.0905512443	16.717988
15.78	1	1.55161277	-1.47423739	-0.0784201966	0.536115499	-0.091617808	0.332577351	0.280514342	0.0858698053	17.923948
15.79	1	1.54214666	-1.47511839	-0.0786751304	0.534654372	-0.359503622	0.266654468	0.284772718	0.0903002565	17.144556
15.8	1	1.5339983	-1.47609276	-0.0788061581	0.533152445	-0.642992661	0.259210547	0.288901526	0.112590068	18.030985
15.81	1	1.52508683	-1.4771982	-0.0788208477	0.531690894	-0.911857215	0.28589429	0.292915352	0.0812817081	17.10148
15.82	1	1.51422568	-1.47846604	-0.0787116922	0.530381543	-1.21068558	0.327296661	0.297323352	0.104595914	16.812486
15.83	1	1.50095491	-1.47986977	-0.0784972474	0.529246262	-1.52440304	0.366700286	0.302176273	0.0893756083	15.58344
15.84	1	1.48577452	-1.48130868	-0.0782565153	0.527834104	-1.66854729	0.288038937	0.307313133	0.12034248	14.937371
15.85	1	1.47256551	-1.48284775	-0.0778152294	0.526333219	-1.96752067	0.349329391	0.31111013	0.100418769	16.861832
15.86	1	1.46255519	-1.48450422	-0.0773503672	0.525326385	-2.18633561	0.412110077	0.313881886	0.0963106997	18.517837
15.87	1	1.4528191	-1.48619924	-0.0769013834	0.524681661	-2.19345644	0.469511774	0.316433439	0.0972617573	16.921507
15.88	1	1.44577825	-1.48795282	-0.0764952221	0.524100408	-2.09721285	0.520997737	0.316945563	0.112826532	16.460249
15.89	1	1.44200233	-1.4897696	-0.0761392399	0.523869069	-1.93935462	0.510014187	0.315040491	0.11273401	17.248452
15.9	1	1.43782541	-1.49163915	-0.0758570777	0.523911693	-1.7340048	0.507964302	0.313739167	0.129508487	17.932387
15.91	1	1.43209887	-1.49355218	-0.0756543369	0.524250628	-1.51931248	0.503035878	0.313917696	0.10042289	18.814764
15.92	1	1.42552536	-1.49548069	-0.0755260721	0.524872537	-1.30559656	0.499664496	0.315531329	0.0925699054	15.594151
15.93	1	1.4195355	-1.49737557	-0.0754496734	0.52574325	-1.1216739	0.480857929	0.318110759	0.110991466	16.658051
15.94	1	1.41530121	-1.49915519	-0.0754110103	0.526746738	-0.944760241	0.420999172	0.321210342	0.121659866	17.029512
15.95	1	1.41320307	-1.50077207	-0.0753637042	0.527590876	-0.863305985	0.407310427	0.324816867	0.0993357137	18.046871
15.96	1	1.41348066	-1.5022303	-0.0753932686	0.528398858	-0.673018905	0.31759661	0.328414176	0.0999326436	18.086873
15.97	1	1.41585588	-1.50356384	-0.0754393133	0.529353268	-0.54890057	0.247796057	0.332148925	0.0948151671	17.540171
15.98	1	1.42080392	-1.504779	-0.075531837	0.53012654	-0.39696239	0.272187767	0.336036055	0.0940010718	18.469719
15.99	1	1.4276686	-1.50589069	-0.0755836203	0.530970623	-0.378988358	0.335954405	0.339559562	0.0976986846	17.75157
16	1	1.435466	-1.50689221	-0.0755139659	0.531472608	-0.503116172	0.359140262	0.342933182	0.0912705346	15.958128
16.01	1	1.4442241	-1.50774026	-0.0753973467	0.531856523	-0.623952988	0.426262624	0.346769301	0.105011153	16.86477
16.02	1	1.4545994	-1.5084054	-0.0752384414	0.531983072	-0.742826276	0.522453537	0.351070137	0.0944105546	17.723889
16.03	1	1.4671439	-1.50887349	-0.0750388409	0.53184437	-0.854408652	0.622917483	0.355692281	0.0855838122	17.32916
16.04	1	1.48221363	-1.5091902	-0.0747988753	0.531538544	-0.96629848	0.724134585	0.360506144	0.100932485	17.463169
16.05	1	1.49967514	-1.50931922	-0.0745161961	0.531091462	-1.0842922	0.800666757	0.365170878	0.0933719077	16.380839
16.06	1	1.51911156	-1.50927526	-0.074187464	0.530501537	-1.1975118	0.81632567	0.369262807	0.0979219026	17.69191
16.07	1	1.5398204	-1.5091127	-0.0737729445	0.529779059	-1.31209497	0.758437147	0.372224139	0.0928498418	18.253164
16.08	1	1.56008122	-1.50898689	-0.0733244298	0.529058193	-1.40541138	0.636990865	0.37340369	0.0882437278	19.385669
16.09	1	1.57885142	-1.50896437	-0.0728851339	0.528312598	-1.45098588	0.460669102	0.372766621	0.0932063951	17.97113
16.1	1	1.59624633	-1.50908543	-0.0724562671	0.527503174	-1.49000258	0.298232565	0.370530307	0.0908374195	18.376131
16.11	1	1.61257408	-1.50927085	-0.0720823489	0.526993937	-1.48441301	0.102365145	0.367844548	0.096852512	16.932022
16.12	1	1.62717723	-1.50955637	-0.0718262188	0.526849949	-1.44849587	-0.0824655044	0.365808229	0.103160505	15.655441
16.13	1	1.63860295	-1.50988575	-0.0717903259	0.526633948	-1.30403814	-0.242082205	0.364536241	0.104843743	17.043943
16.14	1	1.64684082	-1.51042431	-0.0717487237	0.526569277	-1.32894165	-0.447592639	0.362611898	0.110794441	16.917236
16.15	1	1.65151231	-1.51122512	-0.0718434366	0.527228372	-1.36815921	-0.516653821	0.360382496	0.0780259894	16.326735
16.16	1	1.65298087	-1.5122391	-0.0720490241	0.5283896	-1.44844724	-0.502234321	0.357432309	0.0770104212	16.031746
16.17	1	1.65125315	-1.51346207	-0.0723705077	0.53006571	-1.51614567	-0.456735324	0.353688349	0.110162263	18.25109
16.18	1	1.64645752	-1.5148204	-0.0727960783	0.532071715	-1.57163075	-0.368329395	0.349250512	0.106322865	18.39939
16.19	1	1.63866824	-1.51623446	-0.0732787677	0.534385395	-1.63258769	-0.325883248	0.343577541	0.129400748	17.097882
16.2	1	1.62845066	-1.51767005	-0.0738185124	0.536258152	-1.72963033	-0.333430396	0.336628048	0.112119306	15.1425
16.21	1	1.61639538	-1.51906237	-0.0743680115	0.538375519	-1.84653102	-0.399884793	0.32839681	0.0873685979	19.23856
16.22	1	1.60346174	-1.52038031	-0.0749295304	0.540538291	-1.98430977	-0.522839978	0.318985623	0.0767892567	18.277191
16.23	1	1.59072834	-1.52155115	-0.0755321368	0.54242842	-2.11170402	-0.692498973	0.308841685	0.0763735408	15.923258
16.24	1	1.57920603	-1.52257987	-0.0761652852	0.544082441	-2.18985927	-0.88279949	0.298409205	0.0778200814	14.227
16.25	1	1.569479	-1.52347306	-0.0768321193	0.545428401	-2.21755622	-1.03562196	0.288119685	0.0833618342	17.793885
16.26	1	1.56170638	-1.52424704	-0.0775260488	0.546429678	-2.1784464	-1.12956463	0.278280761	0.0805762346	15.729024
16.27	1	1.55596521	-1.52490997	-0.0782393069	0.54704399	-2.05260043	-1.16540678	0.269276873	0.0704252655	18.260792
16.28	1	1.5525713	-1.52542715	-0.0789550271	0.547234386	-1.85722384	-1.13457637	0.261620551	0.0789064372	15.938732
16.29	1	1.55519044	-1.52570155	-0.0796682831	0.546563077	-1.31413206	-0.924778816	0.261096835	0.0600823338	15.30821
16.3	1	1.56130114	-1.52580362	-0.0803790837	0.545357602	-0.627660139	-0.660949895	0.264397516	0.0718911957	18.791134
16.31	1	1.56892774	-1.52581283	-0.0810552935	0.543864537	0.0563296452	-0.383882445	0.269499447	0.0936890396	18.490792
16.32	1	1.57679683	-1.52573604	-0.0816822293	0.542212275	0.677902569	-0.151270648	0.275401942	0.0870754405	16.887124
16.33	1	1.58417567	-1.52559196	-0.0822542674	0.540477647	1.19868213	0.0073203915	0.281624215	0.0820705453	17.003584
16.34	1	1.58987523	-1.52544573	-0.082789374	0.538742768	1.61361737	0.0993893603	0.287445458	0.0779206712	18.314156
16.35	1	1.5912786	-1.52530426	-0.0832939225	0.53702828	1.9406579	0.100228291	0.292432929	0.0858805963	18.113496
16.36	1	1.59097966	-1.52514047	-0.0838640916	0.534797829	2.25886338	0.124769866	0.297297949	0.0962964035	18.367108
16.37	1	1.59042384	-1.52500815	-0.0843827772	0.532721597	2.43316053	0.0763955221	0.30135382	0.0864858895	17.058335
16.38	1	1.59028767	-1.52493304	-0.084862074	0.530976646	2.4727407	-0.00658880614	0.304360508	0.101008309	17.381212
16.39	1	1.59269501	-1.52489876	-0.0853163704	0.529658143	2.42909286	-0.0801165327	0.306916644	0.103278983	16.135239
16.4	1	1.59938041	-1.52484398	-0.0857426115	0.528183042	2.34639213	-0.128577942	0.309620248	0.104539081	16.076091
16.41	1	1.60892249	-1.5249388	-0.0861458237	0.527223044	2.17637627	-0.112140532	0.311727057	0.0897087082	18.207923
16.42	1	1.6161607	-1.52519652	-0.0864800618	0.526619447	1.88192734	-0.108306237	0.311966116	0.120064684	19.02086
16.43	1	1.62415548	-1.52563881	-0.0867915287	0.526512633	1.59725181	-0.0297519318	0.310367886	0.110119283	17.552954
16.44	1	1.63523617	-1.52623395	-0.0870702446	0.526920831	1.32987716	0.142380628	0.307028548	0.115430762	18.169815
16.45	1	1.64650134	-1.5269386	-0.0872693174	0.527716852	1.09585948	0.350837441	0.30163018	0.09229021	18.832828
16.46	1	1.6594898	-1.52771767	-0.0872865339	0.528745292	0.841343179	0.604138398	0.295676154	0.0922190655	15.82788
16.47	1	1.67216755	-1.52855985	-0.0871603061	0.530057656	0.608645763	0.870785404	0.289821699	0.109523742	16.001661
16.48	1	1.68479935	-1.52936577	-0.0869835004	0.531010547	0.561509063	1.15394464	0.283836493	0.107362182	16.526013
16.49	1	1.69736293	-1.53019148	-0.086696795	0.532162675	0.467569938	1.38533704	0.277575731	0.0909650989	17.240885
16.5	1	1.71025709	-1.53104186	-0.0863095962	0.533385207	0.373580368	1.58019571	0.271205129	0.0935651468	15.453574
16.51	1	1.72352414	-1.53188974	-0.0858261586	0.534583569	0.293394271	1.73989732	0.264935471	0.086556372	17.346078
16.52	1	1.73688585	-1.53272954	-0.0852419012	0.535633082	0.209647105	1.87786321	0.259059527	0.104239777	17.048178
16.53	1	1.74998325	-1.53350333	-0.0845713034	0.536530041	0.139721914	1.97383038	0.253555383	0.134975967	15.768652
16.54	1	1.76242609	-1.53423085	-0.0838232202	0.537229885	0.090620499	2.03126067	0.248450729	0.0920556252	15.792107
16.55	1	1.7743361	-1.53502045	-0.0829844885	0.537636797	-0.00559952353	2.11643353	0.244432159	0.109408511	16.953285
16.56	1	1.78588736	-1.53586755	-0.0820906751	0.537966826	-0.137574954	2.2051914	0.242818959	0.113706221	16.638837
16.57	1	1.79627419	-1.53680822	-0.0811852302	0.53828127	-0.282062485	2.27929783	0.242514712	0.10673303	17.156054
16.58	1	1.80500587	-1.53787343	-0.0802832123	0.538639842	-0.446490203	2.31932267	0.242912564	0.09382181	16.663089
16.59	1	1.81193221	-1.53905318	-0.0794008187	0.538979638	-0.646154764	2.35878564	0.244197761	0.0986970823	15.359134
16.6	1	1.81693999	-1.54035739	-0.0785586125	0.539470659	-0.88707023	2.387532	0.246247361	0.119505069	17.950468
16.61	1	1.82016746	-1.54169768	-0.0778048889	0.539769419	-1.0715501	2.44428866	0.248812413	0.0908728691	15.773904
16.62	1	1.82193361	-1.54311952	-0.0770533251	0.540120648	-1.31594095	2.48064096	0.253167225	0.112960006	16.014865
16.63	1	1.82273783	-1.54462034	-0.0762866401	0.540407334	-1.57349732	2.53118585	0.259740847	0.105076914	17.004608
16.64	1	1.82280865	-1.5461733	-0.0755186022	0.540633243	-1.82680854	2.59678673	0.268367961	0.0918050838	20.258268
16.65	1	1.82112891	-1.54779808	-0.0747194202	0.540454393	-2.12451575	2.56779151	0.277701726	0.0814296236	15.303722
16.66	1	1.81797958	-1.54958769	-0.0739990395	0.540454123	-2.22481903	2.59115666	0.286118662	0.0981889009	18.543866
16.67	1	1.81308052	-1.55152074	-0.0732905278	0.540243481	-2.20519693	2.69835182	0.293625666	0.0942168383	15.668377
16.68	1	1.8063704	-1.55365664	-0.0726920966	0.54029372	-2.00965994	2.77182291	0.299269829	0.111998691	17.189403
16.69	1	1.79855995	-1.55589457	-0.0721630674	0.540412985	-1.72971004	2.79120358	0.304048826	0.124205259	14.833138
16.7	1	1.79024967	-1.55819128	-0.0716753851	0.540460434	-1.44872356	2.77060446	0.309147041	0.116422236	17.519503
16.71	1	1.77960715	-1.56062538	-0.071329457	0.540477422	-1.0940796	2.67876993	0.312411287	0.0924127316	16.709119
16.72	1	1.76667529	-1.56317546	-0.071165048	0.54046335	-0.657871534	2.47517475	0.31305458	0.096662135	13.974629
16.73	1	1.75239215	-1.56573814	-0.0711753586	0.540364283	-0.163130537	2.17186145	0.312410535	0.108814222	14.732627
16.74	1	1.73828986	-1.56821151	-0.0713111438	0.540348891	0.251410683	1.74842182	0.312757241	0.134580546	15.130782
16.75	1	1.7255013	-1.57062408	-0.0715023688	0.540634283	0.513956877	1.3696099	0.315249624	0.101309759	13.754239
16.76	1	1.71440048	-1.57295627	-0.0717608293	0.541179376	0.732431722	0.9936703	0.31870613	0.0886468704	17.029298
16.77	1	1.7049894	-1.57521654	-0.0719983499	0.541412729	0.888607619	0.732166807	0.323136216	0.0960007152	17.560264
16.78	1	1.69557894	-1.5774326	-0.0723504529	0.541969152	1.14127753	0.387892518	0.326422238	0.110838314	16.898783
16.79	1	1.68452987	-1.57965326	-0.0727539651	0.542474338	1.39135879	-0.0879760366	0.327788452	0.108300433	16.800054
16.8	1	1.67168723	-1.58194558	-0.0732418003	0.543278473	1.65739455	-0.578612602	0.327347124	0.106641321	13.940232
16.81	1	1.65806891	-1.58433313	-0.0737540314	0.544293182	1.83942206	-1.02695217	0.325804444	0.142471549	15.18226
16.82	1	1.64646068	-1.5867628	-0.0742042923	0.54541938	1.86979629	-1.41310276	0.323525945	0.1029887	16.418931
16.83	1	1.64099707	-1.58921659	-0.0745426225	0.546674598	1.71937549	-1.68578095	0.32083558	0.110799872	15.765162
16.84	1	1.6442892	-1.59147504	-0.0748311795	0.547350902	1.53453339	-2.01936499	0.31739637	0.166110498	15.620056
16.85	1	1.6520666	-1.59378459	-0.0749795482	0.548404206	1.11791719	-2.17754316	0.31315498	0.0964376966	16.023006
16.86	1	1.66148626	-1.59615724	-0.0750145212	0.549698341	0.579122897	-2.24164571	0.306941386	0.119786172	16.338136
16.87	1	1.6765234	-1.5984951	-0.0749438985	0.551110456	-0.00894362436	-2.22813286	0.29922884	0.123156497	13.738911
16.88	1	1.69677476	-1.60071057	-0.0747958353	0.552435554	-0.553339217	-2.08428745	0.292106295	0.0864152872	15.169937
16.89	1	1.72427595	-1.60281143	-0.0745912707	0.553659943	-0.993654175	-1.8053363	0.285228022	0.0995331639	17.402175
16.9	1	1.75416589	-1.60486604	-0.0743477553	0.555037221	-1.38965198	-1.47684572	0.276461377	0.100566269	17.339363
16.91	1	1.78330282	-1.60686991	-0.0741040862	0.556516499	-1.68243781	-1.15527967	0.267227278	0.117228056	15.81766
16.92	1	1.80898855	-1.60886014	-0.0739559836	0.557946479	-1.83077669	-0.861313715	0.258689134	0.0911651655	15.283976
16.93	1	1.83108328	-1.61077157	-0.0739054321	0.559023328	-1.836887	-0.64007863	0.251903403	0.128264079	13.884841
16.94	1	1.85255603	-1.61253148	-0.0739603059	0.559575984	-1.69001195	-0.491026995	0.247370378	0.0976438829	16.902368
16.95	1	1.87250586	-1.61419102	-0.0740496782	0.559331461	-1.56371153	-0.32837686	0.244247186	0.102973574	16.283256
16.96	1	1.89090315	-1.61573169	-0.0742048799	0.558676553	-1.45449757	-0.272816144	0.240732342	0.125852126	16.087057
16.97	1	1.90984068	-1.61709471	-0.07449902	0.557417812	-1.26130637	-0.298896897	0.237723374	0.143439649	17.270245
16.98	1	1.92955235	-1.61829539	-0.0749197732	0.555430824	-0.979495033	-0.383385019	0.23600916	0.108857296	17.418529
16.99	1	1.9497904	-1.6193771	-0.0754381701	0.552699144	-0.685614581	-0.481199843	0.235177865	0.106652204	17.110657
17	1	1.97158955	-1.62031307	-0.0761054306	0.549210472	-0.430401504	-0.577534777	0.235609712	0.104953842	15.065345
17.01	1	1.99338896	-1.6212383	-0.0770550301	0.545535051	-0.192433035	-0.52061253	0.236990808	0.12317975	15.902055
17.02	1	2.01416327	-1.62214425	-0.0781138801	0.542159511	-0.0428417284	-0.483369592	0.237614202	0.0994123051	18.794611
17.03	1	2.03447806	-1.62307054	-0.0793486755	0.539133637	0.106940329	-0.419155524	0.239400663	0.110321572	16.826252
17.04	1	2.05391947	-1.62401274	-0.0807638627	0.536477394	0.227657091	-0.334379062	0.242212369	0.0796633356	14.869142
17.05	1	2.07179183	-1.62498203	-0.0823395052	0.534217442	0.325388982	-0.2380404	0.245429875	0.10930707	14.895278
17.06	1	2.08818431	-1.62601361	-0.0840420744	0.5324845	0.299086387	-0.110237755	0.248396223	0.102779134	17.253511
17.07	1	2.10255936	-1.62718603	-0.0858208701	0.53131441	0.189204509	0.039181272	0.250251693	0.109573876	15.356928
17.08	1	2.11467566	-1.62854745	-0.0875947222	0.530803334	-0.0144040818	0.199136189	0.249781349	0.122418046	15.080073
17.09	1	2.1246296	-1.63010773	-0.089369096	0.530816934	-0.213648413	0.362617275	0.248753796	0.120476944	16.239384
17.1	1	2.13244553	-1.63177752	-0.0910608183	0.5307143	-0.465538416	0.365704182	0.247703659	0.0905396611	14.925953
17.11	1	2.13878757	-1.63361907	-0.0929459895	0.53037273	-0.414490281	0.574706575	0.249565806	0.105701379	15.19579
17.12	1	2.14347417	-1.6356697	-0.0948466196	0.530733148	-0.325496294	0.76723266	0.252208999	0.105640797	14.934864
17.13	1	2.14613636	-1.63797802	-0.0966935227	0.531666632	-0.216326164	0.964643756	0.25349075	0.107274116	15.364465
17.14	1	2.146323	-1.6405213	-0.0984299122	0.533089122	-0.175446595	1.13281856	0.252962037	0.0959490324	15.476932
17.15	1	2.1438871	-1.6432325	-0.100065359	0.534745205	-0.126144761	1.24970384	0.251882973	0.122932243	17.862117
17.16	1	2.13921372	-1.64600231	-0.101635543	0.536409355	0.000448734704	1.28457034	0.251577928	0.109718609	16.257836
17.17	1	2.13179229	-1.64882449	-0.103101153	0.538058437	0.115699685	1.21968822	0.250540652	0.133471044	16.537171
17.18	1	2.12203702	-1.65171974	-0.104499827	0.539575951	0.218281687	1.07993225	0.249548667	0.122594613	17.0768
17.19	1	2.10987885	-1.65462858	-0.105887241	0.540719882	0.378462042	0.865411849	0.249160628	0.112391978	14.248995
17.2	1	2.09614183	-1.65753612	-0.107296287	0.541590486	0.540418902	0.577625724	0.249309905	0.132380594	16.663975
17.21	1	2.08007199	-1.66052771	-0.108694137	0.54231483	0.653892187	0.226971701	0.249052163	0.131964493	15.058789
17.22	1	2.06329049	-1.6636196	-0.110047914	0.543368352	0.711954844	-0.0364121757	0.249588129	0.108954982	15.196412
17.23	1	2.04461498	-1.66675409	-0.111325747	0.544498543	0.663497049	-0.270273498	0.249814436	0.11867508	15.807669
17.24	1	2.02438356	-1.66990108	-0.112562994	0.545265063	0.568179537	-0.390888352	0.250132154	0.117481245	18.58367
17.25	1	2.00151399	-1.67307201	-0.113677823	0.546012026	0.340842928	-0.482733612	0.24963101	0.101416619	16.70627
17.26	1	1.97546516	-1.67623845	-0.114632155	0.546522823	0.107304829	-0.554954634	0.248882441	0.118471118	16.832658
17.27	1	1.94848629	-1.67929174	-0.115529225	0.546787561	-0.062861722	-0.601389803	0.248358239	0.113773676	15.918749
17.28	1	1.91987616	-1.68226161	-0.11639354	0.546728554	-0.148178825	-0.615194021	0.248602373	0.132813893	14.689569
17.29	1	1.88948649	-1.68512503	-0.117217863	0.54634731	-0.19767773	-0.615141296	0.249515315	0.120041666	15.845399
17.3	1	1.85807251	-1.6878394	-0.118016573	0.545458021	-0.087828477	-0.562357836	0.253061989	0.134904289	17.307997
17.31	1	1.82520439	-1.69042451	-0.11876944	0.54403558	0.093685136	-0.42348165	0.258292353	0.111066436	19.776463
17.32	1	1.79151459	-1.69292006	-0.119511875	0.542229831	0.340490702	-0.21890415	0.264686472	0.103548639	16.965171
17.33	1	1.75916444	-1.69523904	-0.120284468	0.54023923	0.561156353	-0.0424671408	0.271442954	0.0838088344	17.545099
17.34	1	1.7306388	-1.69724235	-0.121103384	0.538077089	0.742706894	0.0931144824	0.279402331	0.10147532	15.48861
17.35	1	1.70535637	-1.6989604	-0.121990397	0.535645947	0.906614219	0.243835085	0.288839797	0.0994640738	19.701419
17.36	1	1.68556181	-1.70035624	-0.12288291	0.533362823	1.0146912	0.342257375	0.298444285	0.117651484	17.662589
17.37	1	1.67024017	-1.70157183	-0.123792057	0.531334371	1.07020381	0.423848456	0.307755048	0.125558247	18.027302
17.38	1	1.65955949	-1.70274172	-0.124682273	0.529713673	1.06094235	0.506608423	0.315922017	0.104807939	18.839618
17.39	1	1.65013892	-1.70383139	-0.125556522	0.527517463	1.04790228	0.525705368	0.322070859	0.114765755	16.963199
17.4	1	1.64498026	-1.70498532	-0.126370401	0.526083138	0.955184418	0.607316795	0.326891172	0.0962145743	20.58305
17.41	1	1.64147116	-1.70621025	-0.127124324	0.525347973	0.802033164	0.755809739	0.32981602	0.104523891	15.855539
17.42	1	1.6420051	-1.7074252	-0.127914138	0.524811459	0.69295427	0.997762088	0.331137148	0.096046667	16.043607
17.43	1	1.64730459	-1.70860661	-0.128631961	0.524806689	0.583617316	1.20027483	0.330314345	0.0985896143	17.546332
17.44	1	1.65456016	-1.70977085	-0.129189705	0.52505848	0.431425479	1.31952815	0.327336248	0.121862502	17.886949
17.45	1	1.66713036	-1.71072817	-0.129583238	0.525588446	0.254128748	1.42034195	0.324274737	0.126587383	17.363237
17.46	1	1.68589419	-1.71143216	-0.129780551	0.526260858	0.0332909522	1.53698307	0.322519145	0.0986711998	16.00649
17.47	1	1.70680057	-1.7119366	-0.12980665	0.526979499	-0.220645481	1.604132	0.321305046	0.109258642	17.692464
17.48	1	1.72908927	-1.71229582	-0.129671978	0.527756844	-0.485527385	1.64970303	0.320842047	0.0978261382	16.663538
17.49	1	1.75352617	-1.71244005	-0.129345762	0.528513765	-0.777477562	1.65602185	0.322056222	0.103457967	16.930059
17.5	1	1.78016198	-1.7123128	-0.128845621	0.529147408	-1.07992258	1.586124	0.325085225	0.1189774	15.277634
17.51	1	1.80829054	-1.71202763	-0.128119311	0.529480244	-1.46590583	1.51029669	0.330291581	0.112713449	18.550151
17.52	1	1.83618792	-1.7116689	-0.127223985	0.529770773	-1.79056247	1.38074584	0.33649973	0.120537752	14.124323
17.53	1	1.8635846	-1.71129408	-0.126263357	0.52963963	-1.95195422	1.27967424	0.342529831	0.106138306	16.31572
17.54	1	1.88758607	-1.71112376	-0.125222249	0.529756857	-1.94392184	1.10223495	0.346178724	0.0984772288	16.994933
17.55	1	1.90746611	-1.71124589	-0.124161288	0.530033467	-1.7346317	0.90074358	0.346872727	0.106842988	19.815284
17.56	1	1.92360101	-1.71169602	-0.123126626	0.530518877	-1.33688198	0.696507433	0.344537868	0.0947119114	17.934487
17.57	1	1.93682889	-1.71251179	-0.122118224	0.531243099	-0.806685507	0.540158549	0.339686955	0.118240089	16.685933
17.58	1	1.94758977	-1.71365309	-0.121022701	0.531589768	-0.31331732	0.329139706	0.333088155	0.112656524	16.782374
17.59	1	1.95695884	-1.71504826	-0.119925197	0.532175025	0.23965583	0.228925478	0.32539695	0.115374778	14.206683
17.6	1	1.96497535	-1.7166656	-0.118794562	0.53296369	0.763999868	0.199060085	0.317327066	0.112650654	13.715748
17.61	1	1.97172785	-1.71844832	-0.117580475	0.533928719	1.15281973	0.256394443	0.310936304	0.0961167796	13.832806
17.62	1	1.97703164	-1.72027776	-0.116251648	0.534923057	1.38461336	0.353223832	0.307528121	0.121873859	13.622841
17.63	1	1.98080678	-1.72212937	-0.114803583	0.535813738	1.44276899	0.470645012	0.307409975	0.0942940629	16.020728
17.64	1	1.9833762	-1.72401704	-0.113244994	0.536681031	1.36660371	0.625834626	0.310316377	0.0964452102	15.803506
17.65	1	1.98497161	-1.72596575	-0.111625841	0.537520739	1.22848772	0.844915117	0.315074021	0.128842379	16.153067
17.66	1	1.9844123	-1.72805534	-0.110048265	0.538330513	1.12800982	1.0816341	0.318370882	0.100316084	17.248409
17.67	1	1.98073791	-1.73029903	-0.108685633	0.539507795	1.11941636	1.24705523	0.318540284	0.107905065	14.899466
17.68	1	1.97405775	-1.73256939	-0.107597762	0.540665516	1.29744566	1.33293479	0.315460637	0.126298407	14.346068
17.69	1	1.96443903	-1.73497319	-0.106745416	0.541921325	1.48785335	1.35717147	0.310120056	0.123645248	14.653301
17.7	1	1.95261762	-1.73744639	-0.106106633	0.54315849	1.67379441	1.3257686	0.303328218	0.0973903458	17.170177
17.71	1	1.93925068	-1.73995598	-0.105624749	0.54434678	1.79513748	1.22752418	0.296275452	0.111076891	16.063991
17.72	1	1.92542742	-1.7423979	-0.105219514	0.545441489	1.84789347	1.0499909	0.29123213	0.112182284	15.972647
17.73	1	1.91129367	-1.74479242	-0.10488573	0.546369186	1.88855682	0.786184202	0.28797373	0.107079414	15.135472
17.74	1	1.8970986	-1.74712694	-0.104633541	0.547182899	1.95665665	0.393806203	0.286135503	0.118965616	17.270539
17.75	1	1.88342981	-1.74935612	-0.104311983	0.547148923	1.90998911	-0.0084388243	0.287189061	0.140296127	16.265718
17.76	1	1.87159037	-1.75156619	-0.103961074	0.54754208	1.80694342	-0.420657135	0.290366366	0.109229643	15.482632
17.77	1	1.86037709	-1.75384751	-0.103603831	0.548191987	1.60185868	-0.819421774	0.29406995	0.152393268	14.895396
17.78	1	1.84729211	-1.75634195	-0.103291471	0.549055629	1.35234108	-1.19480433	0.296213767	0.0981033998	15.754761
17.79	1	1.83429663	-1.75899358	-0.1029731	0.550053112	1.01546464	-1.50875278	0.298817562	0.096478393	15.006801
17.8	1	1.82222648	-1.76180383	-0.10262697	0.551182959	0.623333385	-1.74784353	0.301631797	0.114997303	13.675456
17.81	1	1.81198272	-1.76473424	-0.102232831	0.55243608	0.238749464	-1.94164687	0.304285724	0.0959678334	13.968967
17.82	1	1.80386413	-1.76772191	-0.101761841	0.553810118	-0.144762538	-2.1058195	0.306600936	0.108478264	13.624138
17.83	1	1.79489569	-1.77083508	-0.101240784	0.555398785	-0.513457532	-2.2445693	0.307372644	0.0968607485	17.158759
17.84	1	1.7840469	-1.77403026	-0.100762732	0.556634577	-0.754662706	-2.48223505	0.305906982	0.082774817	15.397507
17.85	1	1.77478837	-1.77728284	-0.100183113	0.558125494	-1.03003845	-2.6428757	0.303813681	0.0951808655	16.974749
17.86	1	1.76961001	-1.78051051	-0.0994809575	0.559728023	-1.35120691	-2.65203261	0.303113378	0.104179102	15.692705
17.87	1	1.76951582	-1.78366702	-0.0986794222	0.561257974	-1.65159229	-2.54730819	0.303346961	0.12291426	15.289539
17.88	1	1.76949143	-1.78679463	-0.0977970298	0.562750273	-1.88304926	-2.41943107	0.302568779	0.0893765002	16.344108
17.89	1	1.77103488	-1.78986609	-0.0968159077	0.564063784	-2.0814164	-2.24938645	0.300751893	0.120095711	16.086046
17.9	1	1.77441816	-1.79289678	-0.0957447015	0.565160183	-2.24101339	-2.03694404	0.297689766	0.0952247465	17.863919
17.91	1	1.77975253	-1.79582968	-0.0945965444	0.565948061	-2.35462789	-1.80651941	0.293408119	0.094541005	18.612922
17.92	1	1.78759577	-1.79862383	-0.093468252	0.566405211	-2.38260927	-1.56968969	0.288933884	0.126991595	14.825447
17.93	1	1.79926632	-1.8012172	-0.0924270712	0.566455103	-2.29354229	-1.33301606	0.286081417	0.101285962	15.456451
17.94	1	1.81091101	-1.80367028	-0.0914763685	0.565986375	-2.09122612	-1.12335412	0.285169619	0.125579943	16.686126
17.95	1	1.82301755	-1.80596575	-0.0906271743	0.564933042	-1.79151209	-0.927427443	0.286722938	0.099117997	17.097736
17.96	1	1.83861821	-1.80808793	-0.089890874	0.563283055	-1.4158123	-0.711253066	0.290935289	0.1082041	15.229793
17.97	1	1.85820907	-1.80995463	-0.0892671517	0.560917587	-0.997091746	-0.476187384	0.297896035	0.139645358	26.51081
17.98	1	1.88126646	-1.8115608	-0.0887649126	0.557877964	-0.527278765	-0.226030809	0.307501007	0.104915039	19.048784
17.99	1	1.90685014	-1.81291657	-0.0884079864	0.554170301	0.0063032059	0.0089801969	0.319248529	0.11736823	20.915216
18	1	1.9318862	-1.81406271	-0.0883317112	0.550279251	0.574977811	0.310882168	0.33223546	0.113650592	16.628379
18.01	1	1.95526501	-1.81501613	-0.0885283524	0.546222748	1.18259856	0.630812776	0.345332024	0.10866507	14.269831
18.02	1	1.97526611	-1.81590696	-0.0888983027	0.542277951	1.54599506	0.862092732	0.355079699	0.0952697094	17.267533
18.03	1	1.99154611	-1.81680939	-0.0893806406	0.538461294	1.70143174	0.994574153	0.360939188	0.116497541	17.275132
18.04	1	2.00545044	-1.81775154	-0.0899629914	0.534942714	1.62835855	1.05773482	0.3628643	0.0898100784	16.596079
18.05	1	2.01698831	-1.81880334	-0.090632411	0.531535933	1.38025624	1.11875661	0.361858559	0.0961776317	15.644264
18.06	1	2.0265536	-1.81997736	-0.0914237035	0.528571092	1.03933884	1.1175436	0.358406861	0.0976491748	15.438479
18.07	1	2.03457048	-1.82130997	-0.0923794633	0.526118452	0.660395386	1.10737451	0.353462361	0.112047295	16.260438
18.08	1	2.0406694	-1.82276423	-0.0934935715	0.524283901	0.250442348	1.07743621	0.347830363	0.101242242	15.3789
18.09	1	2.04478492	-1.82421513	-0.0945669381	0.522260182	-0.354746333	0.860714399	0.340982511	0.159311269	14.390928
18.1	1	2.04626761	-1.82568831	-0.0958330777	0.520535707	-0.823268527	0.824971075	0.33499313	0.111671606	17.581116
18.11	1	2.04501018	-1.82726325	-0.0971213606	0.519723506	-1.33581894	0.807266229	0.328066264	0.105528099	17.490441
18.12	1	2.04140757	-1.82892612	-0.0984351135	0.519684447	-1.78322504	0.831475657	0.32137036	0.0968855291	14.76765
18.13	1	2.03539167	-1.83067967	-0.0997702635	0.52032321	-2.11182565	0.906114799	0.315513193	0.0894711567	16.554808
18.14	1	2.0275908	-1.83256249	-0.101138814	0.521623752	-2.26622265	1.05338088	0.31094007	0.105428378	16.012913
18.15	1	2.01871062	-1.83454954	-0.102570475	0.523476351	-2.24594376	1.27224992	0.30884344	0.105402557	15.120246
18.16	1	2.00900912	-1.83662383	-0.104055046	0.525672874	-2.08047396	1.53127002	0.309050338	0.101734516	16.467632
18.17	1	1.99865525	-1.83879613	-0.105569361	0.528130399	-1.81218083	1.80259744	0.310930004	0.10489111	14.556332
18.18	1	1.98794085	-1.84105979	-0.107029048	0.530368464	-1.53709326	1.97245762	0.313609032	0.0965681517	17.373956
18.19	1	1.9768165	-1.84343114	-0.108485852	0.532758071	-1.18424293	2.12151629	0.317230721	0.127076921	18.336207
18.2	1	1.96531403	-1.84586924	-0.109932329	0.535082047	-0.772298803	2.22620562	0.321564193	0.0844209262	16.426005
18.21	1	1.95357367	-1.84832891	-0.111352535	0.537152051	-0.348047371	2.24990441	0.326519435	0.111872643	14.848119
18.22	1	1.94177211	-1.85071764	-0.112863625	0.538262809	0.231730318	2.29204756	0.333144616	0.0935173013	18.298535
18.23	1	1.93092356	-1.85309672	-0.114363174	0.539109982	0.743526508	2.23495881	0.340151828	0.099193967	18.279963
18.24	1	1.92146938	-1.85543427	-0.115858449	0.539634722	1.22607418	2.08509574	0.347642802	0.0856674868	15.559984
18.25	1	1.91381623	-1.85773532	-0.1173658	0.539815376	1.69925542	1.85852532	0.355625809	0.107538712	16.66814
18.26	1	1.90834399	-1.85994648	-0.118892372	0.539427618	2.1865064	1.56854802	0.364165479	0.12903943	16.725261
18.27	1	1.9056652	-1.86208729	-0.12043856	0.538761785	2.54442542	1.29141779	0.372766935	0.112560491	17.220221
18.28	1	1.90489193	-1.86424393	-0.12195819	0.537855627	2.77609356	1.04587336	0.380429595	0.0934490498	16.481531
18.29	1	1.90444354	-1.86649318	-0.1234366	0.536836048	2.87448676	0.839054301	0.386922835	0.100403042	16.16561
18.3	1	1.90618329	-1.86877683	-0.124899149	0.535563816	2.89627452	0.675297564	0.39267257	0.100462749	16.359478
18.31	1	1.91145754	-1.87106018	-0.126322774	0.534160277	2.84164587	0.581552793	0.397873633	0.106247093	15.813608
18.32	1	1.92204808	-1.87326057	-0.127710158	0.532682966	2.73631501	0.555549568	0.402871482	0.10057334	15.572333
18.33	1	1.93933646	-1.87531414	-0.129037538	0.531241536	2.57703906	0.602327817	0.407820916	0.0997313184	18.146988
18.34	1	1.96297789	-1.87719941	-0.13029218	0.529864216	2.38544402	0.66831773	0.412213165	0.107085174	16.890777
18.35	1	1.9940802	-1.87890731	-0.131484562	0.528699632	2.19712855	0.723240751	0.416274246	0.144403285	17.327784
18.36	1	2.03179678	-1.88042974	-0.132684938	0.527316172	2.10098022	0.657413272	0.41954992	0.104645108	18.602418
18.37	1	2.07703649	-1.88176682	-0.133813542	0.526251263	1.94841308	0.574951854	0.422565643	0.113205129	17.828102
18.38	1	2.12864934	-1.88303261	-0.134809898	0.524832478	1.64983864	0.634085238	0.425133894	0.129399213	18.408379
18.39	1	2.18439625	-1.88441847	-0.135784022	0.524177244	1.39416095	0.672300832	0.426536748	0.107532551	19.428409
18.4	1	2.24132429	-1.88586388	-0.136666058	0.524162536	1.09365284	0.698345193	0.427258353	0.109162906	19.186726
18.41	1	2.29780655	-1.88737177	-0.137460921	0.524633083	0.796597476	0.705111179	0.427011263	0.089358815	16.910275
18.42	1	2.35249879	-1.88897883	-0.13817249	0.525499232	0.531805543	0.737657066	0.425739752	0.119712713	17.774184
18.43	1	2.4044188	-1.89074712	-0.138823072	0.52682472	0.353736689	0.813109913	0.423329642	0.12154761	16.954601
18.44	1	2.4523136	-1.89252516	-0.139271104	0.528194572	0.113356802	0.867365672	0.421190321	0.117357983	16.029867
18.45	1	2.49575647	-1.89431194	-0.139534893	0.529810865	-0.142090138	0.993901433	0.420041358	0.0940445529	16.009805
18.46	1	2.53442554	-1.89601015	-0.139663784	0.531181424	-0.383089715	1.05404304	0.419988438	0.107143411	18.817173
18.47	1	2.56824483	-1.89766943	-0.139583566	0.532647085	-0.73022382	1.10159888	0.421516172	0.0968972463	16.950966
18.48	1	2.59693671	-1.89925388	-0.139317547	0.534044732	-1.06229525	1.08901757	0.423650179	0.116510568	18.168212
18.49	1	2.62210728	-1.90076999	-0.138950877	0.535422061	-1.29469794	0.996671641	0.425277076	0.10417981	15.836396
18.5	1	2.64421561	-1.90226185	-0.138447323	0.536378637	-1.57734681	0.915773755	0.427058913	0.0922927979	15.61242
18.51	1	2.66357862	-1.90366981	-0.137953956	0.537147244	-1.65179982	0.76958498	0.427846918	0.106408523	20.128549
18.52	1	2.67982672	-1.90502529	-0.137543187	0.537684636	-1.51055851	0.565410773	0.427615163	0.0924030321	15.436559
18.53	1	2.69292642	-1.90631547	-0.137201612	0.537916352	-1.2849234	0.333178964	0.426658693	0.100961385	16.148301
18.54	1	2.70293224	-1.90754183	-0.13690447	0.537806997	-1.07736988	0.110537972	0.424108743	0.0954849625	17.171141
18.55	1	2.71000474	-1.90875798	-0.136668255	0.537423813	-0.91650251	-0.0651377179	0.421281425	0.102071825	16.484387
18.56	1	2.71428005	-1.90995162	-0.136468371	0.536633832	-0.846271575	-0.208727166	0.41837567	0.103395532	15.786714
18.57	1	2.71599394	-1.91111962	-0.136331799	0.535543141	-0.828132036	-0.298831274	0.415388623	0.111205232	18.200675
18.58	1	2.71571447	-1.91231781	-0.136316833	0.534169307	-0.836811688	-0.307979593	0.410543885	0.110758324	18.572095
18.59	1	2.71293307	-1.91355834	-0.136459942	0.532680121	-0.763689118	-0.247231031	0.407660899	0.0967848126	17.769777
18.6	1	2.70732571	-1.91485268	-0.136601526	0.530572176	-0.793334171	-0.281685136	0.408225359	0.172864445	17.622941
18.61	1	2.69971715	-1.91634936	-0.1368884	0.528903835	-0.751120582	-0.169977562	0.408103091	0.105481459	15.72922
18.62	1	2.6896636	-1.91799301	-0.137290981	0.527554847	-0.704540616	0.0102180047	0.410305912	0.097927554	17.401599
18.63	1	2.6776638	-1.91975237	-0.13775513	0.526420121	-0.716207682	0.222252735	0.412581709	0.109551068	16.611346
18.64	1	2.66357353	-1.92158257	-0.138241545	0.525546469	-0.812103362	0.425854283	0.414366272	0.098568066	19.553879
18.65	1	2.64727017	-1.92349312	-0.138656892	0.525150296	-1.03348024	0.642756161	0.416155866	0.114336294	16.833618
18.66	1	2.62837286	-1.92540435	-0.13901447	0.524420537	-1.32354897	0.975548136	0.422394095	0.103799053	15.883635
18.67	1	2.60758184	-1.92737126	-0.139253341	0.524162995	-1.68087823	1.23267048	0.428968345	0.106164087	15.749302
18.68	1	2.58484261	-1.92937607	-0.139373181	0.524367498	-2.06515297	1.42917156	0.438561068	0.0937375592	14.231561
18.69	1	2.5604649	-1.93143413	-0.139271549	0.525000427	-2.51102065	1.55595896	0.440085915	0.134036332	18.986898
18.7	1	2.53618654	-1.93348133	-0.138935957	0.525988385	-2.95210192	1.61224125	0.43730051	0.0890423575	15.615638
18.71	1	2.51289507	-1.93553096	-0.138505625	0.527016405	-3.26191806	1.5302891	0.434912923	0.108793007	17.972617
18.72	1	2.49436649	-1.93751524	-0.137886438	0.528348379	-3.4845167	1.41606317	0.433134706	0.106462304	15.305614
18.73	1	2.48295092	-1.93939188	-0.137099373	0.529780834	-3.58697638	1.30519424	0.431788896	0.115891264	15.748753
18.74	1	2.47854037	-1.94110293	-0.136138077	0.531015098	-3.55223557	1.26572737	0.430448946	0.124321787	14.46436
18.75	1	2.48069321	-1.9425963	-0.13507346	0.532243519	-3.36797462	1.2370169	0.428926798	0.0981905168	17.134156
18.76	1	2.49098178	-1.94387646	-0.133933031	0.533363017	-3.07407458	1.23330949	0.426772133	0.096119144	17.56551
18.77	1	2.50823135	-1.94493945	-0.132753633	0.534227679	-2.67959361	1.26595465	0.423456698	0.119723646	15.395785
18.78	1	2.52796673	-1.9458059	-0.13159317	0.534910677	-2.19619071	1.34504696	0.418228841	0.113769091	14.872788
18.79	1	2.54935941	-1.94649827	-0.130468247	0.535318293	-1.6642585	1.44210488	0.411231019	0.109780393	15.269013
18.8	1	2.57492066	-1.94703478	-0.12940901	0.535482539	-1.13548439	1.55225515	0.402599778	0.108300106	16.361242
18.81	1	2.60430621	-1.94750445	-0.128433411	0.535589687	-0.661962304	1.66117637	0.39241072	0.123012087	15.769767
18.82	1	2.63649679	-1.94794895	-0.127511602	0.535690997	-0.315450694	1.79925281	0.380615691	0.118470037	17.022512
18.83	1	2.66859493	-1.94845795	-0.126688041	0.535289594	-0.0927305062	1.87221141	0.368021973	0.125419719	16.557107
18.84	1	2.70223939	-1.94907808	-0.12588105	0.534955472	-0.0996095733	1.93608065	0.354507699	0.117433501	15.183176
18.85	1	2.73552297	-1.94992412	-0.125071683	0.534682013	-0.354150282	1.9635984	0.341251157	0.105352172	16.121512
18.86	1	2.76451851	-1.95098755	-0.124253841	0.534446947	-0.809139896	1.97074051	0.327908728	0.118427244	16.062731
18.87	1	2.78960118	-1.95221734	-0.123490737	0.534260171	-1.26184706	1.93317808	0.3153599	0.101619551	14.596113
18.88	1	2.81127467	-1.95362741	-0.122793855	0.534273969	-1.62668352	1.8882365	0.304060451	0.108243803	14.939795
18.89	1	2.82770645	-1.95517794	-0.122200463	0.534507734	-1.78442689	1.83344669	0.292621859	0.105757287	16.877575
18.9	1	2.84285729	-1.95677033	-0.121625861	0.534371978	-1.81421782	1.89158053	0.28155054	0.0947810244	14.303452
18.91	1	2.857089	-1.95853047	-0.12120212	0.534629708	-1.62479612	1.980717	0.270760969	0.102774181	16.484782
18.92	1	2.86827968	-1.96039039	-0.120915106	0.535094233	-1.26178134	2.06102128	0.259192611	0.113356325	16.620667
18.93	1	2.87533776	-1.9624533	-0.12073381	0.535604395	-0.903759551	2.11585748	0.246461207	0.126951992	15.472075
18.94	1	2.87844999	-1.96472477	-0.120710189	0.536173648	-0.551257704	2.08446452	0.234458067	0.120536638	16.985481
18.95	1	2.88136434	-1.96721363	-0.120741285	0.536626069	-0.32448986	2.00609405	0.224700942	0.112705201	17.518463
18.96	1	2.88575745	-1.96996248	-0.120777709	0.536921028	-0.240872262	1.88143635	0.219449306	0.10106324	15.984823
18.97	1	2.89106245	-1.97293798	-0.120793173	0.536913351	-0.2797371	1.70142955	0.219301149	0.0832880237	17.725084
18.98	1	2.8958588	-1.97608549	-0.12077445	0.536525919	-0.399408402	1.46281029	0.223799146	0.120349843	16.040607
18.99	1	2.90141238	-1.97940752	-0.120728441	0.535707873	-0.59158933	1.20446007	0.232979312	0.107613216	16.435799
19	1	2.90901833	-1.98274822	-0.120670665	0.534465856	-0.772006296	0.894013984	0.245487414	0.137801298	18.140299
19.01	1	2.9139306	-1.98612109	-0.120752165	0.533405863	-0.843019661	0.626877344	0.258163773	0.0988990398	19.271242
19.02	1	2.91437525	-1.98952119	-0.120999629	0.532394757	-0.822428501	0.365975396	0.269974394	0.0982580869	16.991846
19.03	1	2.91139315	-1.99283583	-0.121434563	0.531595077	-0.681646873	0.128664069	0.279182866	0.111912509	15.286412
19.04	1	2.90575718	-1.99601993	-0.122027699	0.530866913	-0.464491701	-0.0396731481	0.285025876	0.0943987021	17.770257
19.05	1	2.89963887	-1.99901978	-0.122804997	0.530380165	-0.179506923	-0.183964238	0.288170466	0.10385701	17.037827
19.06	1	2.89351463	-2.00177039	-0.123736471	0.530126472	0.0688972519	-0.285648359	0.288020297	0.100940653	17.04643
19.07	1	2.88529905	-2.00440746	-0.124780578	0.530080572	0.248250045	-0.350490616	0.285903879	0.113558651	18.180826
19.08	1	2.87656672	-2.00691545	-0.125942278	0.529763428	0.370665574	-0.297646381	0.282237146	0.103040045	17.626743
19.09	1	2.87121686	-2.00932128	-0.127077682	0.529641487	0.283958191	-0.282137154	0.278040469	0.101043916	17.32094
19.1	1	2.86772287	-2.01166257	-0.128171668	0.529479592	0.0954703212	-0.221477491	0.272482338	0.108359119	18.333941
19.11	1	2.86856165	-2.013994	-0.129221257	0.529509474	-0.203487128	-0.138367063	0.2661841	0.106389798	17.373017
19.12	1	2.87506785	-2.01631667	-0.130089109	0.529007233	-0.715614367	-0.110263292	0.259495751	0.0998864404	16.099991
19.13	1	2.88263624	-2.01859479	-0.130931778	0.529021057	-1.15789779	-0.00677953484	0.250600491	0.10584931	16.454947
19.14	1	2.89287065	-2.0208648	-0.131814211	0.529418431	-1.46399311	0.155706716	0.241795139	0.101384283	15.25836
19.15	1	2.90446763	-2.0231198	-0.132710945	0.530137665	-1.65365508	0.331604501	0.231976618	0.124069417	16.718765
19.16	1	2.91730232	-2.02539637	-0.133577617	0.5310916	-1.82050339	0.499800986	0.221311632	0.0957257854	17.163672
19.17	1	2.93102636	-2.02774422	-0.134408252	0.532134004	-1.97659747	0.630314774	0.212065592	0.0864897855	14.994469
19.18	1	2.94517829	-2.03017384	-0.135200225	0.533114132	-2.12489284	0.697814907	0.206004384	0.103458706	16.397891
19.19	1	2.95870725	-2.03264183	-0.13597452	0.533736927	-2.19184214	0.766065323	0.204223191	0.093035404	16.288414
19.2	1	2.97391248	-2.03523815	-0.136660963	0.534065065	-2.29612355	0.855242049	0.207549692	0.112211547	17.498516
19.21	1	2.98828316	-2.03794635	-0.137263372	0.534377149	-2.39267052	0.918900607	0.215092987	0.103878171	16.017719
19.22	1	2.99960743	-2.0406861	-0.137857563	0.534767278	-2.33205889	0.948175509	0.224249096	0.113979207	15.639353
19.23	1	3.00778003	-2.04337478	-0.138495816	0.535251647	-2.09160065	1.00121238	0.232240723	0.0963803726	14.575404
19.24	1	3.0136378	-2.04590056	-0.139192182	0.535772374	-1.65512405	1.03978901	0.239191878	0.122817342	15.43156
19.25	1	3.01708872	-2.04826404	-0.13997693	0.536260167	-1.04737154	1.07367522	0.245195671	0.109028321	14.282738
19.26	1	3.0177133	-2.05048378	-0.140793436	0.536732838	-0.481186603	1.1368347	0.249105906	0.11750203	16.548253
19.27	1	3.01817292	-2.05247194	-0.14161028	0.537154214	0.0235769897	1.18639736	0.250895868	0.103329109	15.070959
19.28	1	3.01678182	-2.05422798	-0.14242128	0.537617361	0.495419168	1.23259323	0.250794366	0.10872618	14.146569
19.29	1	3.01192971	-2.05586131	-0.14321871	0.537905975	0.886054169	1.26586008	0.249989709	0.122984452	13.941795
19.3	1	3.00579279	-2.05743446	-0.143950609	0.538146567	1.08153525	1.2177097	0.249997129	0.120094477	13.864051
19.31	1	2.99594398	-2.05899757	-0.144606766	0.538354286	1.13068583	1.07963455	0.251309868	0.148964334	16.97829
19.32	1	2.98461841	-2.06049355	-0.145216736	0.538594113	1.12373274	0.916390838	0.253259531	0.138599646	15.557877
19.33	1	2.96978333	-2.06196274	-0.145758493	0.538954271	1.03086814	0.749922832	0.254710332	0.109550541	16.090934
19.34	1	2.95382158	-2.06341424	-0.146182474	0.539085483	0.781866836	0.644396473	0.25562651	0.111865915	17.860434
19.35	1	2.93688247	-2.06492526	-0.146673755	0.538731344	0.652060298	0.412404992	0.25734027	0.101331119	16.027749
19.36	1	2.92026875	-2.06655109	-0.147131392	0.538589668	0.483787822	0.239826215	0.259997999	0.108170958	17.96718
19.37	1	2.90202377	-2.06823606	-0.147623122	0.53864043	0.464332747	0.127564354	0.263724395	0.103744985	18.186865
19.38	1	2.88378155	-2.07009213	-0.148172929	0.53892575	0.55987222	0.0784097035	0.269470324	0.114574263	15.563769
19.39	1	2.86537643	-2.0720048	-0.148766839	0.539334788	0.713722671	0.108357044	0.275664083	0.100270403	18.296051
19.4	1	2.84956106	-2.073992	-0.149364954	0.539866313	0.805051058	0.18512502	0.281590537	0.0913064004	14.306547
19.41	1	2.83621279	-2.07596518	-0.149957514	0.54037216	0.836465544	0.304291164	0.285807567	0.12396013	14.675554
19.42	1	2.82663396	-2.07789928	-0.150480666	0.540797814	0.727469985	0.435931544	0.287892302	0.0995886671	13.874789
19.43	1	2.81927092	-2.07973009	-0.150944113	0.541046811	0.568960427	0.557922212	0.288565591	0.115038886	16.384842
19.44	1	2.81390069	-2.08149359	-0.151346084	0.541208884	0.340327112	0.685328635	0.286762809	0.124299249	16.791528
19.45	1	2.81226418	-2.08320498	-0.151653879	0.541306771	0.0274507283	0.783549907	0.282731658	0.115377808	15.808971
19.46	1	2.81081526	-2.08488797	-0.151883431	0.541318467	-0.27657764	0.866166501	0.276966344	0.118290729	17.888879
19.47	1	2.80785697	-2.08657129	-0.152092723	0.541112696	-0.472984065	0.907503223	0.27077626	0.11142098	15.286598
19.48	1	2.80249728	-2.08821697	-0.152313894	0.54056876	-0.50676899	0.865739106	0.265559508	0.1038306	16.473961
19.49	1	2.79476956	-2.08981337	-0.152463925	0.53956679	-0.470286529	0.733083489	0.262005801	0.108724281	16.987017
19.5	1	2.78685086	-2.09151192	-0.152598105	0.538429243	-0.331077192	0.45720529	0.262553124	0.091153117	18.370297
19.51	1	2.77962212	-2.09331742	-0.152760142	0.537388241	-0.142301866	0.176347353	0.267438475	0.102588022	19.121906
19.52	1	2.77001479	-2.09515159	-0.152977898	0.536347643	0.134190272	-0.113883636	0.275326628	0.102162873	15.979969
19.53	1	2.76035615	-2.09696032	-0.153211937	0.535227462	0.427794178	-0.394408792	0.284490561	0.104655338	17.091362
19.54	1	2.75033038	-2.09867313	-0.153483588	0.53397811	0.743092771	-0.678532899	0.294799849	0.117443788	15.915969
19.55	1	2.74386823	-2.10019746	-0.153759027	0.532803352	0.995334637	-0.943691696	0.30436735	0.114657945	16.202766
19.56	1	2.74233992	-2.10153139	-0.153993719	0.531831663	1.13086008	-1.1771945	0.311322447	0.112606603	18.035561
19.57	1	2.74563822	-2.10267597	-0.154195766	0.531015887	1.1774987	-1.36868616	0.314813223	0.113292027	17.344552
19.58	1	2.7534459	-2.10369856	-0.154326511	0.530481043	1.0340895	-1.46110848	0.313948661	0.119632516	18.305747
19.59	1	2.76463122	-2.10460026	-0.15438894	0.530376628	0.750689025	-1.49188681	0.309025834	0.112196109	16.006974
19.6	1	2.77290567	-2.10549874	-0.154457986	0.530559411	0.440830022	-1.45554492	0.301011506	0.108865185	18.395559
19.61	1	2.77749411	-2.10640333	-0.154472716	0.530301386	0.121498311	-1.52086307	0.293442764	0.100114585	14.260164
19.62	1	2.77972439	-2.10735102	-0.154638546	0.530044474	-0.00435897394	-1.42513729	0.286572793	0.149199426	15.930457
19.63	1	2.77941921	-2.10845834	-0.154873284	0.530255482	-0.0784882825	-1.23765988	0.278644796	0.103732369	18.118194
19.64	1	2.77998544	-2.10975051	-0.155151073	0.530794217	-0.143799232	-0.980121981	0.270144242	0.10016443	16.041462
19.65	1	2.78079693	-2.11116251	-0.155451207	0.53156677	-0.202027622	-0.686384288	0.260602826	0.0940969414	17.433305
19.66	1	2.78112274	-2.11281189	-0.155789092	0.532456265	-0.199426914	-0.367018117	0.25279929	0.110155073	16.961641
19.67	1	2.78127413	-2.1147266	-0.15617348	0.533365978	-0.120669819	-0.0616567012	0.249004637	0.109369686	16.642805
19.68	1	2.78055898	-2.11678377	-0.156590356	0.534208784	-0.0029297822	0.218649549	0.247136168	0.105215033	15.305658
19.69	1	2.78016069	-2.11882305	-0.156990403	0.53489376	0.0913420525	0.418375224	0.24540986	0.121172975	14.307001
19.7	1	2.77929138	-2.12077269	-0.157333849	0.535230997	0.146708314	0.538504059	0.242915529	0.121703479	19.434992
19.71	1	2.77704931	-2.12264469	-0.157664678	0.535092312	0.229349477	0.59503931	0.240807466	0.128162183	15.75803
19.72	1	2.77363767	-2.12445271	-0.157993736	0.534540992	0.32950951	0.570339521	0.240185171	0.119540827	14.638232
19.73	1	2.77332968	-2.12621299	-0.158260571	0.533604156	0.350880562	0.458972129	0.240352234	0.104153933	16.411836
19.74	1	2.77683829	-2.1279727	-0.158482242	0.532486797	0.282436032	0.380841895	0.240211045	0.12931988	15.339108
19.75	1	2.78515767	-2.12981519	-0.158556153	0.531595428	0.0516325363	0.259859769	0.23842978	0.121312417	16.241562
19.76	1	2.79318894	-2.13171495	-0.158566653	0.530638184	-0.165716362	0.117965364	0.236132809	0.123583441	18.302517
19.77	1	2.79876595	-2.13370431	-0.158578828	0.529654141	-0.29781113	-0.0305505188	0.234559248	0.103566011	18.191331
19.78	1	2.80527317	-2.13581632	-0.158503711	0.528712726	-0.498707359	-0.145385872	0.233144715	0.147610637	17.278067
19.79	1	2.80956495	-2.13798828	-0.158388769	0.527610529	-0.665135392	-0.226310364	0.23243313	0.134730943	15.453308
19.8	1	2.81356449	-2.1402429	-0.158277049	0.526306239	-0.770943495	-0.278092861	0.234935666	0.115774886	15.261486
19.81	1	2.81459482	-2.1425976	-0.158219607	0.524949062	-0.792142348	-0.315438338	0.239518704	0.13087819	15.11635
19.82	1	2.81541919	-2.14507141	-0.158171433	0.523785487	-0.786422696	-0.319334202	0.244520151	0.105486832	17.866793
19.83	1	2.81565022	-2.14763266	-0.158129457	0.522773488	-0.755582768	-0.32712743	0.250420026	0.113873821	17.377679
19.84	1	2.81800137	-2.15019649	-0.158156737	0.521513192	-0.659316898	-0.467239727	0.256810008	0.150822529	15.299848
19.85	1	2.82312555	-2.15280087	-0.158039692	0.520193999	-0.860370269	-0.423710031	0.259315084	0.104056261	16.227991
19.86	1	2.82826258	-2.15557902	-0.157961003	0.519536351	-1.05777091	-0.379487133	0.260604169	0.119072172	16.472139
19.87	1	2.83335495	-2.15847033	-0.157966885	0.519430648	-1.15334198	-0.372206997	0.26187515	0.101372993	15.355166
19.88	1	2.83473485	-2.16147705	-0.158099861	0.519873016	-1.15176206	-0.373535235	0.262850873	0.111758711	16.349061
19.89	1	2.83109348	-2.16458532	-0.158380857	0.52075162	-1.0464128	-0.398656977	0.262361509	0.0941794483	15.887327
19.9	1	2.82630341	-2.16781879	-0.158776503	0.522098055	-0.945783327	-0.442125523	0.256282728	0.0966869283	17.58167
19.91	1	2.81859509	-2.17115384	-0.159332665	0.523919345	-0.790037439	-0.472626784	0.251820617	0.114967511	14.606693
19.92	1	2.81241546	-2.17461008	-0.160007304	0.52625378	-0.671782607	-0.484448516	0.245498882	0.100506146	18.191823
19.93	1	2.81020123	-2.17811431	-0.160756435	0.528945986	-0.648991607	-0.489018715	0.236796588	0.110084332	13.620218
19.94	1	2.81172668	-2.18165377	-0.161652656	0.531548687	-0.560930814	-0.541271632	0.227309296	0.132115568	14.50946
19.95	1	2.81480099	-2.18515229	-0.162647693	0.534174635	-0.552370428	-0.562445585	0.218599335	0.107985889	16.319697
19.96	1	2.81670468	-2.18853462	-0.163690498	0.536230617	-0.6053486	-0.500800351	0.211211646	0.163577021	14.276099
19.97	1	2.81548884	-2.19181514	-0.164863014	0.537964637	-0.559885249	-0.436564701	0.20737546	0.0986944167	16.869041
19.98	1	2.81334024	-2.19498187	-0.166156332	0.53915652	-0.439037634	-0.375753413	0.207461625	0.102928293	14.518194
19.99	1	2.81031052	-2.19795988	-0.167521659	0.539693844	-0.32459804	-0.310871998	0.210226086	0.101638978	16.879645
20	1	2.80723286	-2.20071768	-0.168847414	0.539965011	-0.300385227	-0.276711825	0.214229103	0.115450653	13.703505
