time_s	ee_error_m	orientation_error	base_x_m	base_y_m	base_z_m	roll_deg	pitch_deg	clearance_m	leg_action_delta_l2	arm_action_delta_l2	update_ms
0.01	0.650041474	0.0199908963	3.77035334e-05	-6.78145367e-06	0.542695608	0.00352884718	-0.0409397745	0.306023951	0	0	20.890441
0.02	0.649226091	0.0203906952	6.35028559e-05	-3.26832828e-05	0.541150493	0.00912152763	-0.128565087	0.306476349	0.0497981463	0.0569281666	18.764232
0.03	0.646857149	0.0210128775	8.3549984e-06	-3.34485405e-05	0.53911172	-0.0155853982	-0.23972819	0.308526018	0.0988145701	0.0569361491	15.420463
0.04	0.64255769	0.0216751355	-0.000138275364	2.37761611e-05	0.536738333	-0.0910271402	-0.391294995	0.31261679	0.0753296213	0.0570017253	16.278041
0.05	0.636144704	0.0221876542	-0.000462357904	0.000141674741	0.534296467	-0.188465147	-0.537824825	0.319008826	0.0822890943	0.057286413	16.482252
0.06	0.627600782	0.0223806639	-0.00102417613	0.000297278115	0.531839834	-0.289566889	-0.646432945	0.327837469	0.0714174503	0.0582855416	17.029634
0.07	0.617046585	0.0221557475	-0.0018373388	0.000481797482	0.529552325	-0.386365943	-0.701610017	0.339043569	0.0604165999	0.061103379	17.101532
0.08	0.604696657	0.0214530329	-0.00289029758	0.000706323721	0.52762326	-0.486374043	-0.687440499	0.35199367	0.0685654457	0.0631761101	18.662972
0.09	0.591244876	0.0202288526	-0.00407499111	0.000960959356	0.525391831	-0.588318743	-0.805271395	0.366078766	0.0745181703	0.0630929596	16.424299
0.1	0.577006358	0.0185134255	-0.00551266455	0.00123545636	0.52386836	-0.665642839	-0.782706825	0.380896973	0.0445425965	0.0629893135	17.384813
0.11	0.562576974	0.0164848744	-0.00707283344	0.00153557337	0.522858058	-0.73656326	-0.725434687	0.39547437	0.066891024	0.0629282816	17.740384
0.12	0.548036024	0.0140895904	-0.00867744976	0.00183902453	0.521757596	-0.780623984	-0.492815508	0.409334094	0.0508207034	0.0629402	17.32416
0.13	0.534079648	0.0117988967	-0.0102813582	0.00214625597	0.52113778	-0.802995153	-0.322449956	0.421138582	0.0594311559	0.0630365394	15.942083
0.14	0.520916281	0.00968763109	-0.0118491868	0.00245066622	0.520852449	-0.79738771	-0.179584355	0.4307143	0.0462851668	0.0632183406	16.668299
0.15	0.508618001	0.00778951151	-0.0133742436	0.00277529285	0.520791805	-0.784739223	-0.0413792994	0.435607938	0.046441622	0.0634813801	14.402154
0.16	0.497142002	0.00615169801	-0.0148137719	0.00309222447	0.520828709	-0.744618101	0.0973243619	0.438569961	0.0583351971	0.06291458	17.53227
0.17	0.486339202	0.00485823005	-0.0161443738	0.00338972355	0.520979668	-0.67046423	0.224065439	0.440153537	0.0425226932	0.0615262207	16.909013
0.18	0.475976227	0.00391153011	-0.0173979302	0.0036520097	0.521315601	-0.574410893	0.33947415	0.440980656	0.0480562938	0.0608458635	16.676123
0.19	0.465847968	0.00323035661	-0.018569363	0.00387981762	0.521814553	-0.470356719	0.428429583	0.441055249	0.0464064068	0.0607638888	17.467655
0.2	0.455841174	0.00265958744	-0.0196461039	0.00408988863	0.522462426	-0.398523916	0.504276103	0.439996732	0.0617742185	0.0621455194	15.471001
0.21	0.446066888	0.0020820752	-0.0206543564	0.00434160555	0.522963953	-0.42206335	0.482584718	0.438422567	0.0600763148	0.0651539835	16.765453
0.22	0.436391606	0.00174179668	-0.0216162127	0.00454228122	0.523815653	-0.398414093	0.490698422	0.436088994	0.0595007224	0.0373003742	17.495447
0.23	0.426795511	0.00159032784	-0.0224452758	0.00472864497	0.524459806	-0.353389632	0.624358323	0.434059793	0.0664005152	0.0357867948	16.758414
0.24	0.417148765	0.00165553137	-0.0232075718	0.00480975094	0.525173308	-0.272370211	0.65069783	0.431947811	0.0615016305	0.03977245	14.256145
0.25	0.407305633	0.00194743714	-0.0238669016	0.0048963758	0.526237225	-0.270503229	0.645987483	0.429881545	0.060418249	0.0405093307	16.758384
0.26	0.397224162	0.00246776213	-0.0244416498	0.00497332223	0.52751085	-0.30026753	0.617266415	0.42782398	0.0432408607	0.0429615136	17.539357
0.27	0.386934586	0.00320754091	-0.0249603842	0.00502146486	0.528805036	-0.342061916	0.561006809	0.425699009	0.0600638005	0.0453394176	15.154334
0.28	0.376425929	0.00415237753	-0.0254609151	0.00503886106	0.530212074	-0.388808347	0.51055255	0.423489644	0.0624435141	0.0474460504	14.806239
0.29	0.365681557	0.00525749565	-0.0259413092	0.00502403501	0.531677548	-0.41882487	0.466320583	0.421122207	0.0379609105	0.0515332222	14.73381
0.3	0.354706152	0.00645457023	-0.0263414634	0.00498727321	0.533014663	-0.444113828	0.379993128	0.418441606	0.0656698648	0.0567200555	16.834691
0.31	0.343461595	0.00767921159	-0.0267046736	0.00492310843	0.534314242	-0.456883531	0.277769778	0.415445262	0.0501916494	0.0604318121	17.404288
0.32	0.331962727	0.00888916534	-0.0270586206	0.00482707164	0.535674861	-0.462599527	0.184521188	0.412175884	0.0396571446	0.0606182532	16.061042
0.33	0.320384913	0.0100487497	-0.0273966381	0.00469610608	0.536933307	-0.43499669	0.0962644933	0.408692882	0.0659888711	0.0577966218	15.353903
0.34	0.308956006	0.0110673638	-0.0277304722	0.00448062482	0.538107612	-0.376925883	-0.0167416042	0.405005705	0.0772120506	0.052225395	14.553055
0.35	0.297756394	0.0118251804	-0.0280890981	0.0041708898	0.539235574	-0.286137254	-0.127268175	0.401231989	0.0531080701	0.0502993173	13.827448
0.36	0.286802232	0.0123425827	-0.028436971	0.00380345063	0.540171294	-0.194656573	-0.253022055	0.397356822	0.0722581936	0.0513669265	13.359626
0.37	0.276074034	0.012661613	-0.0287815228	0.00339796433	0.540853139	-0.118004895	-0.385919575	0.393402265	0.0808064073	0.05216502	14.018826
0.38	0.265524841	0.0128082176	-0.0291731616	0.00297277842	0.54127691	-0.0769523522	-0.502087525	0.389413178	0.0675752605	0.052754295	13.664936
0.39	0.255129757	0.0128045621	-0.0295962799	0.00253523254	0.541373044	-0.0770039859	-0.602598352	0.385385661	0.131367987	0.0530864383	14.234069
0.4	0.244892534	0.0127006416	-0.0300429932	0.00208482908	0.541152032	-0.103698557	-0.693873028	0.381297358	0.0980535326	0.0531986203	18.337265
0.41	0.234826955	0.012561656	-0.0305400618	0.0016251993	0.540626707	-0.157318259	-0.758570179	0.377198329	0.0834815195	0.0533161576	17.373189
0.42	0.224947548	0.0124770545	-0.031095332	0.00117145466	0.539872839	-0.242048757	-0.786496449	0.373114137	0.0410914646	0.0540851653	17.090988
0.43	0.215308443	0.0124873468	-0.031710408	0.000715608467	0.538924917	-0.338658131	-0.797803699	0.3689639	0.0877172196	0.0568426764	15.015138
0.44	0.205816072	0.0124587256	-0.0323742263	0.000264615795	0.537755092	-0.440559855	-0.794097238	0.364667246	0.0881436562	0.0629981079	16.129636
0.45	0.196453632	0.0122618068	-0.0330789221	-0.000177216863	0.536319825	-0.54627787	-0.786826234	0.360150861	0.0924600319	0.0633898848	16.55156
0.46	0.186983419	0.0112498596	-0.0338513223	-0.0005945313	0.534671366	-0.676696031	-0.758245427	0.355547084	0.104414439	0.064831916	16.574331
0.47	0.176529438	0.00934407875	-0.0347481362	-0.000991199356	0.532835755	-0.813004853	-0.733087899	0.349920245	0.111457002	0.112168793	16.62865
0.48	0.164949021	0.00678941599	-0.0358110939	-0.00147834485	0.531365376	-0.777499975	-0.59984833	0.343255204	0.11223155	0.111627931	16.449077
0.49	0.153164109	0.00408142856	-0.0369593083	-0.002083405	0.530197192	-0.608819766	-0.365721248	0.335645188	0.0629941044	0.108236242	16.300363
0.5	0.142772319	0.00184032311	-0.0382032657	-0.00274344121	0.529593653	-0.39670485	-0.19009597	0.326858103	0.0433101557	0.106673407	15.795072
0.51	0.134534014	0.000481295558	-0.0395165875	-0.00339181217	0.529711811	-0.262277557	-0.00540143193	0.317761859	0.0650570229	0.0972108359	14.304114
0.52	0.128640615	3.18920521e-05	-0.0407861945	-0.00396702546	0.530154719	-0.247906312	0.225391977	0.310177154	0.0559308678	0.0453341815	14.284863
0.53	0.12482862	3.7793792e-05	-0.0420557622	-0.00453138812	0.531171263	-0.200408671	0.408994945	0.30410851	0.0778917341	0.0427013174	15.488894
0.54	0.123216973	8.78556328e-05	-0.0433530879	-0.00508961919	0.532552915	-0.136380526	0.578598273	0.30042313	0.0403860942	0.041346142	16.741898
0.55	0.123707935	6.92177789e-05	-0.0446809763	-0.00562714683	0.534186258	-0.0611622639	0.746101679	0.298747252	0.0338910984	0.0406637968	14.697766
0.56	0.125441364	3.96177426e-05	-0.0460083677	-0.00613670552	0.535936136	0.0186041677	0.923432696	0.29859622	0.0356601276	0.0403251666	16.05621
0.57	0.127734128	3.70255451e-05	-0.0473208849	-0.00653055201	0.537419615	0.000336662346	0.996527073	0.299151861	0.053805202	0.0401595973	14.108606
0.58	0.12975075	5.46586516e-05	-0.0486104943	-0.00687073866	0.538952486	0.0160602431	1.0336502	0.300207656	0.0627018644	0.0299885765	14.08356
0.59	0.131687922	3.52279785e-05	-0.0498660396	-0.00715431017	0.540473368	0.0449534392	1.03192672	0.301837587	0.0344686826	0.0232877452	15.706072
0.6	0.132730383	2.87195858e-05	-0.0510104293	-0.00748229152	0.541254584	0.175757684	1.07996522	0.30368409	0.100494728	0.00385226014	14.365516
0.61	0.13326857	8.67452083e-05	-0.0521105189	-0.00771174752	0.541899001	0.220739891	1.06798732	0.304924783	0.112305077	0.0350943843	15.969371
0.62	0.133870742	0.000195604873	-0.053173106	-0.00786858174	0.542310956	0.223890952	1.04395225	0.306050539	0.0983579872	0.0164242988	15.874986
0.63	0.134951979	0.000308568229	-0.0542118804	-0.00793938438	0.5424085	0.180341244	0.998303542	0.307062584	0.0803411708	0.0290689478	16.645881
0.64	0.136514872	0.000628275784	-0.0553129079	-0.00794197359	0.542385424	0.11014292	0.907154112	0.305964739	0.127899228	0.0207156735	16.319283
0.65	0.14042279	0.00138307253	-0.0564098507	-0.00788730562	0.542104414	0.0749418228	0.852766533	0.305227303	0.122519782	0.0400647176	13.867069
0.66	0.146407277	0.00229465305	-0.0575030165	-0.0077810265	0.541539301	0.0415545624	0.798516734	0.304928262	0.0918718565	0.0585842674	16.084344
0.67	0.152833331	0.00280008199	-0.0585774841	-0.0076288002	0.540717562	0.0120406956	0.731558417	0.305934063	0.0674658612	0.0693501229	17.371963
0.68	0.158304279	0.00252002894	-0.059630888	-0.00744236926	0.539570775	0.00820953767	0.656995171	0.308823074	0.124338022	0.0693693237	14.009282
0.69	0.162777245	0.00168014311	-0.0606556394	-0.00722275993	0.538118549	0.0327070181	0.575293907	0.313196359	0.122662214	0.0693882022	17.333105
0.7	0.16887352	0.00155234669	-0.0616752814	-0.00697067953	0.536459619	0.0716365995	0.464199912	0.315964654	0.0981860303	0.0694074188	13.925591
0.71	0.177041887	0.00232763616	-0.0627452113	-0.00670644179	0.534657707	0.160451205	0.347675746	0.316601074	0.0974792368	0.0615604448	13.926804
0.72	0.18729358	0.00421298324	-0.0638475988	-0.00644504528	0.532630121	0.294984143	0.232079607	0.315698583	0.130855768	0.0518331571	16.035504
0.73	0.199087438	0.00729813445	-0.0649396594	-0.00619357095	0.530260468	0.459253262	0.114998822	0.314051024	0.120776359	0.0463514556	15.379339
0.74	0.207803601	0.00929288502	-0.0659913781	-0.00594913802	0.527458463	0.63574839	0.00438505406	0.313960316	0.0674429744	0.0695135835	16.388084
0.75	0.211464036	0.00905557	-0.067249913	-0.005723631	0.525752978	0.733246823	0.0164660077	0.315905387	0.0656179211	0.0695536894	18.216249
0.76	0.211153044	0.00705799779	-0.0686180071	-0.005443465	0.524619042	0.709418568	0.0504814503	0.319278779	0.0367309579	0.066947151	14.838589
0.77	0.208575652	0.00447040471	-0.070099187	-0.00523377095	0.524044973	0.748955397	0.205304437	0.323821629	0.0385447623	0.0695500797	16.520762
0.78	0.205774021	0.00247443945	-0.0716029966	-0.00500079494	0.524182082	0.704632203	0.352006318	0.326983114	0.0713757743	0.0492122777	15.106236
0.79	0.204534978	0.00172305818	-0.0731116072	-0.0047509907	0.524870365	0.630182869	0.427014562	0.327509697	0.0890206125	0.0597646678	14.725018
0.8	0.204187603	0.00173688465	-0.0746427391	-0.00449317407	0.526055777	0.531336987	0.44956798	0.325623561	0.0389815793	0.0567730468	15.349291
0.81	0.204112124	0.00219547889	-0.0761825442	-0.00421697409	0.527591827	0.402979682	0.426129037	0.322185051	0.045640955	0.0431095099	16.020523
0.82	0.203326476	0.0026931176	-0.0777040492	-0.0039266775	0.529410964	0.26643479	0.370895249	0.318193437	0.0449836731	0.0296476575	16.838505
0.83	0.202367312	0.00339951828	-0.0792128707	-0.00362916623	0.531408909	0.141567179	0.294909785	0.314187753	0.0442036938	0.0449152148	14.760894
0.84	0.198721341	0.0030681072	-0.0806935095	-0.00332465389	0.533418012	0.0242902041	0.231993461	0.312079332	0.0400579676	0.0693221136	15.775039
0.85	0.192661266	0.00177776475	-0.0821184309	-0.00290519965	0.534891073	-0.20561748	0.276951616	0.312425661	0.113758273	0.0693025078	13.839122
0.86	0.187981148	0.00105646611	-0.0835510838	-0.00250305428	0.536404306	-0.347442038	0.275868076	0.311891493	0.115799593	0.0625314985	16.173492
0.87	0.184345854	0.00067607637	-0.0849923552	-0.00211822481	0.537869123	-0.446810413	0.232005251	0.31007754	0.0845246685	0.034228417	13.129913
0.88	0.181588523	0.000482610354	-0.0864291608	-0.00177268172	0.539260027	-0.483248371	0.132756424	0.307359493	0.100066561	0.0235762429	14.537494
0.89	0.179633581	0.000376810952	-0.087828756	-0.00146868238	0.540529774	-0.462095921	-0.0292763703	0.304222105	0.0523975197	0.01674132	16.028427
0.9	0.178498413	0.000207096362	-0.089208658	-0.00119822094	0.541667133	-0.412523139	-0.184963252	0.302402631	0.0707179997	0.0124666598	13.681963
0.91	0.178338696	9.29360431e-05	-0.090595931	-0.000956609367	0.542614003	-0.346305615	-0.299954926	0.301612211	0.0786181107	0.0138108626	15.161672
0.92	0.179110039	8.10896888e-05	-0.0919886614	-0.000744310293	0.543297253	-0.261391703	-0.365622794	0.301435635	0.0830427838	0.0342171094	15.783195
0.93	0.180607238	0.000118903673	-0.0934287204	-0.000582326253	0.543730756	-0.132267044	-0.373804374	0.301854825	0.133356774	0.0120382582	13.596214
0.94	0.182647085	0.000165758374	-0.0949460359	-0.00046378922	0.543896398	0.00161101657	-0.311956126	0.302821817	0.0880051395	0.0167656364	14.100855
0.95	0.185270733	0.00023222113	-0.0965075305	-0.000375715157	0.543769478	0.105902108	-0.19254069	0.304010457	0.096340968	0.0167178416	15.514937
0.96	0.188807529	0.000388748914	-0.0981173736	-0.000340620498	0.543274618	0.207001072	-0.0537749886	0.305009841	0.105350678	0.00638843758	16.9965
0.97	0.193391651	0.000695256273	-0.0997048009	-0.00037175589	0.542283026	0.321576046	0.046006523	0.305557984	0.132811719	0.00892696641	16.776309
0.98	0.198542978	0.00115125233	-0.101247116	-0.000458122159	0.540837629	0.430796537	0.0819029648	0.305251759	0.140228817	0.0215602514	14.425723
0.99	0.204483641	0.00196512397	-0.102726416	-0.000599285179	0.538931179	0.554638869	0.0546429039	0.304849125	0.0524532434	0.0367455715	15.218107
1	0.208887099	0.00224525359	-0.104285188	-0.000835628753	0.537700484	0.62253375	0.0430348256	0.305740669	0.0472013081	0.0694076018	17.879677
1.01	0.211498625	0.00185418106	-0.105846807	-0.00115252164	0.536896341	0.667993188	0.0089621555	0.308013687	0.053406262	0.0575689329	14.029372
1.02	0.214364197	0.00176442732	-0.107428481	-0.00150512929	0.536197866	0.622887867	-0.0107756209	0.309500448	0.0685021461	0.0522829886	15.195266
1.03	0.217206456	0.00183992493	-0.109065516	-0.00193495435	0.535722762	0.652616018	-0.0765495046	0.309659208	0.0435867437	0.0238884436	15.674117
1.04	0.219705123	0.00198135632	-0.110725157	-0.00242892648	0.535522091	0.629570004	-0.161221846	0.308897427	0.0442359372	0.0172719409	18.096244
1.05	0.222353098	0.00245872561	-0.112484143	-0.00300643605	0.535752297	0.617508091	-0.23126878	0.307577676	0.0826512974	0.0416846809	14.321606
1.06	0.22324418	0.0023138767	-0.114309089	-0.0036655031	0.536368873	0.618687027	-0.279029058	0.307442375	0.031730131	0.0693117342	16.061473
1.07	0.222337324	0.00146278148	-0.116172777	-0.00437971486	0.537278322	0.623825171	-0.304347336	0.308898156	0.0504185389	0.0693011535	13.502487
1.08	0.221323402	0.000762240273	-0.118067251	-0.00515398753	0.538382837	0.628878004	-0.329525834	0.309675994	0.036827394	0.0461697622	13.934605
1.09	0.221179899	0.000553761116	-0.120060244	-0.00596964478	0.539724939	0.640080889	-0.353878937	0.309163658	0.0797693637	0.0496372531	16.267612
1.1	0.22209872	0.000657852234	-0.122052939	-0.00672440173	0.540704589	0.537669681	-0.49329291	0.307256387	0.102428367	0.0449793731	15.203962
1.11	0.223233819	0.00108437914	-0.124058362	-0.00758334361	0.541307327	0.59912729	-0.497644854	0.30526595	0.107248805	0.0425116819	13.934273
1.12	0.223886657	0.0013264674	-0.126069028	-0.00844117052	0.542091158	0.603684729	-0.51523167	0.303136685	0.106101722	0.0389857485	15.243988
1.13	0.223396425	0.000965267396	-0.128068693	-0.00929176928	0.542919718	0.606249505	-0.514761618	0.302785259	0.10210628	0.0692853315	14.826021
1.14	0.223369093	0.000740288964	-0.130094075	-0.0101290381	0.543717107	0.597754494	-0.499911243	0.302661459	0.0683597799	0.0466735011	15.451299
1.15	0.223862234	0.000544237651	-0.13211212	-0.0109425223	0.544425215	0.577219923	-0.469947483	0.302931549	0.0852160411	0.0168928943	13.71743
1.16	0.224680178	0.000268881674	-0.134142923	-0.0117367662	0.544996573	0.562517532	-0.403469028	0.303782186	0.0753586112	0.0417405562	15.416366
1.17	0.226396561	0.00024478248	-0.13624142	-0.0125154544	0.545481585	0.56108728	-0.299578482	0.304306187	0.0760553289	0.0409044584	15.123919
1.18	0.229092709	0.000467481971	-0.138418088	-0.013270191	0.545940282	0.549246041	-0.171062088	0.304490595	0.0848055225	0.0405036431	16.948629
1.19	0.232163298	0.00061416331	-0.140650573	-0.0139929205	0.546358761	0.538157885	-0.018289731	0.305092449	0.104270259	0.0403255065	15.81944
1.2	0.235416555	0.000595534886	-0.142905771	-0.0146645378	0.546660412	0.503802072	0.116824944	0.305848765	0.094086848	0.0402628535	16.313906
1.21	0.239003685	0.000713507558	-0.145172554	-0.0152820978	0.546929606	0.443631214	0.189247134	0.305377503	0.135171582	0.00519611038	14.978876
1.22	0.242925077	0.000936238736	-0.147429312	-0.0158352508	0.54703665	0.344534631	0.195282388	0.304686323	0.121816172	0.010456254	15.924626
1.23	0.246408545	0.000916329181	-0.149672506	-0.0163198834	0.546911796	0.206807513	0.143388125	0.304312979	0.104578476	0.0403611669	17.589789
1.24	0.250033267	0.000944346898	-0.151853235	-0.0167062885	0.546459695	0.00478935651	-0.0101918334	0.303734933	0.0895606075	0.0206941751	16.231889
1.25	0.253795567	0.00118201935	-0.153982316	-0.0170957995	0.545247498	-0.106784792	-0.135867601	0.303279521	0.0677497941	0.0327800843	16.380821
1.26	0.256659729	0.00108351267	-0.156164624	-0.0173493657	0.544907648	-0.259901647	-0.21905285	0.303318348	0.061675951	0.0406799329	16.399854
1.27	0.259215373	0.000918612703	-0.158376382	-0.0174917913	0.545017352	-0.407363421	-0.278179089	0.303466324	0.0597797547	0.00712295763	15.932693
1.28	0.262040013	0.0010002019	-0.16065211	-0.0175599327	0.545285673	-0.520558382	-0.287714412	0.303413705	0.139682391	0.0405761486	14.451477
1.29	0.265333188	0.00134385628	-0.162984309	-0.0175431084	0.545539786	-0.638614179	-0.266560659	0.303244949	0.0775941332	0.0405182049	15.57068
1.3	0.268180942	0.00137014388	-0.165342974	-0.0174450926	0.545769083	-0.710874411	-0.220902807	0.303685025	0.0549225259	0.0404550271	14.999772
1.31	0.270653538	0.00116336059	-0.167752905	-0.0172783957	0.545960087	-0.78000961	-0.152724393	0.304364756	0.0578280936	0.0278294775	16.74533
1.32	0.273066287	0.000941442479	-0.170225616	-0.0170463003	0.546176142	-0.857564493	-0.0955052482	0.304822898	0.0445921022	0.0174906917	14.584988
1.33	0.275868377	0.00109785892	-0.172787338	-0.0167299364	0.546536226	-0.970546579	-0.0477451176	0.304196846	0.0788614667	0.0402590449	13.778627
1.34	0.279046218	0.00156629127	-0.175392618	-0.0163436976	0.547033235	-1.04206262	-0.0174228473	0.303318499	0.041942933	0.040209216	14.529283
1.35	0.282600658	0.00230955003	-0.178006912	-0.0159134982	0.547558327	-1.09846785	0.00755423201	0.302572988	0.114594061	0.0401609027	15.85946
1.36	0.286205893	0.00331090164	-0.180601682	-0.0154682934	0.547959088	-1.12535892	0.015823673	0.301950404	0.0924804326	0.0566479096	14.209566
1.37	0.288427684	0.00343628435	-0.183162117	-0.0150172784	0.548089917	-1.12376262	0.0447305333	0.302323847	0.103335232	0.041843385	15.467176
1.38	0.289532653	0.00282589654	-0.185716775	-0.0145699592	0.548012276	-1.10909523	0.105335693	0.303248178	0.0994693012	0.0409171737	23.555389
1.39	0.289892854	0.00194527398	-0.188265893	-0.014134612	0.547695454	-1.08031513	0.163357187	0.304438279	0.119074308	0.0692915802	20.312549
1.4	0.290732176	0.00151345677	-0.190793287	-0.0137236063	0.547225598	-1.03802032	0.186019341	0.305686749	0.0782695814	0.0578310477	18.719305
1.41	0.292025575	0.00143265764	-0.193284785	-0.0133426922	0.54656452	-0.980009226	0.150607572	0.306634229	0.104657303	0.0571891319	14.903545
1.42	0.293570532	0.00154445895	-0.195792251	-0.013005288	0.545820889	-0.893842866	0.0684028557	0.307158476	0.0585343636	0.0568747282	17.266377
1.43	0.2950444	0.00177264098	-0.198350807	-0.0126083154	0.544659803	-0.896006876	0.0674040304	0.307625927	0.105101393	0.0567245462	16.648307
1.44	0.295529444	0.00160995197	-0.201070042	-0.0122943431	0.543809433	-0.817058554	0.0459256039	0.306708263	0.111917002	0.0566517914	15.042362
1.45	0.295371175	0.00115855608	-0.203900797	-0.0120426118	0.543183455	-0.698474712	0.0138690597	0.304767774	0.124253698	0.0566230165	15.436924
1.46	0.296067742	0.00090921847	-0.206784198	-0.0118456354	0.542625365	-0.579721273	-0.0268287976	0.303249557	0.101819292	0.0566182604	16.467193
1.47	0.297706648	0.000806397546	-0.209742454	-0.0117044141	0.542060677	-0.461317936	-0.0645160136	0.302301792	0.119753943	0.0566275572	16.288469
1.48	0.299725309	0.000436858582	-0.212733323	-0.0116158774	0.54134831	-0.344091423	-0.0583430125	0.302332662	0.136599047	0.0659479164	17.3639
1.49	0.302616374	0.000302975146	-0.215724204	-0.0115731765	0.540401871	-0.244544921	-0.062336278	0.302169646	0.0808687618	0.0576893191	17.215476
1.5	0.305513195	0.000308010874	-0.218816517	-0.0116869249	0.539793046	0.000404575242	0.099855613	0.302150603	0.0679867893	0.0571942352	14.651243
1.51	0.309249827	0.000361330022	-0.22192348	-0.0118889056	0.5396451	0.214630949	0.206065279	0.301760541	0.0570861682	0.0569604422	18.280447
1.52	0.313401464	0.000403005445	-0.225034822	-0.0121412706	0.539975605	0.388148143	0.31677818	0.301682313	0.0737652356	0.0568360867	16.602682
1.53	0.31746115	0.0003023784	-0.228148876	-0.0124454111	0.540627469	0.55962432	0.440176646	0.302299117	0.0238161219	0.0567634562	17.256091
1.54	0.321344624	0.000255689418	-0.231258196	-0.0128076876	0.541441249	0.726692481	0.555512621	0.303151469	0.0517326049	0.0693802941	14.933809
1.55	0.324714268	0.000279989051	-0.234315554	-0.0131619214	0.542164185	0.791887224	0.624917033	0.302633886	0.0797516015	0.0583314174	14.6172
1.56	0.328460694	0.000289436578	-0.237335874	-0.0135620088	0.543139879	0.851270126	0.610585754	0.301768236	0.061712781	0.0574631261	16.15558
1.57	0.333231183	0.000296457729	-0.240300916	-0.013982531	0.54425112	0.873627779	0.539460244	0.301714835	0.0907108898	0.0693252871	15.402258
1.58	0.338289506	0.000442516947	-0.243207266	-0.0144065448	0.54532101	0.877858439	0.43141308	0.302231952	0.0510647793	0.0596339357	16.634671
1.59	0.343406064	0.000663351167	-0.246058085	-0.0148299329	0.546377222	0.847573523	0.277462763	0.302374826	0.0272321661	0.045808493	14.265947
1.6	0.348299975	0.00071300067	-0.248887347	-0.0152437146	0.54736648	0.785103164	0.112722619	0.30215168	0.114538904	0.0533914934	15.770169
1.61	0.353136394	0.000644031693	-0.251719482	-0.015651306	0.548262671	0.693455842	-0.0370656932	0.301941335	0.0667877339	0.0401115316	14.017828
1.62	0.357783017	0.000680947892	-0.254520333	-0.0161304832	0.54856932	0.705086542	-0.0949068738	0.302346349	0.0964415007	0.0248462143	15.791442
1.63	0.362824092	0.000875975989	-0.257310453	-0.0165824924	0.548872378	0.638314101	-0.170190551	0.302749673	0.0949361982	0.0180505733	15.518349
1.64	0.367880602	0.00109122441	-0.260092599	-0.0170095176	0.549128935	0.542350787	-0.249755624	0.303016418	0.0678282853	0.0167094781	16.218545
1.65	0.372424111	0.00108407218	-0.262855856	-0.017414491	0.549261631	0.440497546	-0.319918935	0.303084142	0.0661982197	0.0408218322	16.248436
1.66	0.376462259	0.000967741856	-0.265627448	-0.0178055797	0.549255105	0.358948841	-0.359803027	0.303197959	0.084761999	0.0200755213	15.892709
1.67	0.380239366	0.00102191913	-0.268414525	-0.0182095093	0.549001322	0.307317453	-0.351627032	0.303567628	0.0764628653	0.0266037783	15.175412
1.68	0.383706673	0.00109156467	-0.271201015	-0.0185605446	0.548168376	0.146418287	-0.430951013	0.302930813	0.120087923	0.0159175007	15.441465
1.69	0.387406192	0.00122090795	-0.274021292	-0.0189318408	0.547136226	0.0526623158	-0.442472197	0.302762304	0.14327472	0.00608928451	16.298546
1.7	0.390997576	0.00121912867	-0.276866863	-0.0193191315	0.54587859	-0.00461910898	-0.399983861	0.302747191	0.082051916	0.0202096147	16.821495
1.71	0.394573804	0.00121658307	-0.279777227	-0.0197285666	0.544451537	-0.0182766983	-0.290492223	0.302911021	0.10984884	0.0055697271	16.374377
1.72	0.398416694	0.00135678609	-0.28275893	-0.0201549918	0.542802313	-0.0215289827	-0.127599312	0.303205824	0.11273417	0.020842603	17.059161
1.73	0.402442597	0.00151028079	-0.285811068	-0.0206014539	0.54078585	-0.0321587648	0.0751111496	0.303436824	0.148266809	0.00600502417	15.771516
1.74	0.406542669	0.00155284628	-0.288961152	-0.0210671146	0.538454483	-0.0543177389	0.33125544	0.303550807	0.109075403	0.0136603638	17.497384
1.75	0.411356025	0.00177997624	-0.292208185	-0.0215712377	0.536974271	-0.0948341412	0.645258746	0.303607105	0.06144061	0.0206847602	15.74483
1.76	0.417117753	0.0021972625	-0.295460148	-0.0221028608	0.536057358	-0.14447514	0.967898555	0.303616971	0.0473786172	0.0105049577	16.215565
1.77	0.423327584	0.00244654542	-0.298654591	-0.0226338518	0.535597492	-0.238073981	1.25413034	0.30333975	0.0772404507	0.036022366	14.699584
1.78	0.430282216	0.00286153132	-0.301791328	-0.0232056618	0.535264531	-0.301491187	1.51495336	0.303216408	0.0588897394	0.00825169241	14.000548
1.79	0.437969011	0.00347965588	-0.304873919	-0.0237886638	0.53530974	-0.417411861	1.71204895	0.303073965	0.0416405274	0.00584297826	14.282874
1.8	0.445733246	0.00406465031	-0.307914443	-0.0243842621	0.535688255	-0.54223929	1.84355107	0.302900944	0.0319899345	0.0211616356	15.094882
1.81	0.453175006	0.00462437236	-0.310915583	-0.0249901225	0.536382032	-0.674240762	1.9192986	0.302796956	0.0510131311	0.0126876341	16.162955
1.82	0.460003453	0.00518837802	-0.313883399	-0.0255937865	0.537355377	-0.820112526	1.92682622	0.302771962	0.0602833866	0.00754757067	15.337811
1.83	0.465816879	0.00570846933	-0.316833923	-0.0261961271	0.538565243	-0.950421039	1.8722875	0.302813307	0.0521512186	0.0048492088	17.029226
1.84	0.469731489	0.00597894057	-0.319806218	-0.0266579847	0.53943466	-1.2282084	1.87913967	0.303010591	0.0569815886	0.00361823109	13.711613
1.85	0.47230456	0.00605017459	-0.322803193	-0.0271345659	0.540566889	-1.42045948	1.83062711	0.303068848	0.121871707	0.00330976423	16.924739
1.86	0.473509736	0.00588164053	-0.325807206	-0.0276506537	0.541686981	-1.51677203	1.7647868	0.303100859	0.152239005	0.00328096358	16.145724
1.87	0.473608102	0.00550048411	-0.328833958	-0.028216242	0.542724512	-1.54620427	1.69682572	0.303104607	0.115415551	0.00335027719	13.570377
1.88	0.472967179	0.00496699111	-0.331892466	-0.0288311232	0.543646247	-1.51630794	1.63727989	0.303058841	0.0640537595	0.00357296192	14.200876
1.89	0.472006741	0.00435840744	-0.334987815	-0.0294820724	0.544413116	-1.44319448	1.59093525	0.302921857	0.0856419813	0.00397470417	13.859518
1.9	0.471263613	0.00377767941	-0.338131197	-0.0301843318	0.545076295	-1.29072901	1.54741869	0.302715608	0.113815809	0.00452073617	15.967465
1.91	0.471152264	0.00330416998	-0.341295819	-0.0309330854	0.545579353	-1.07150142	1.4956511	0.302484662	0.0716662972	0.0051252893	13.776289
1.92	0.471854869	0.00296583596	-0.344481247	-0.0317108178	0.545889345	-0.794646517	1.44390048	0.302251016	0.0746666684	0.00567960078	17.597756
1.93	0.473610348	0.00280046248	-0.347678324	-0.0325241042	0.545968832	-0.466767139	1.37663189	0.30207697	0.122868633	0.00623749062	18.806173
1.94	0.476438695	0.00281621603	-0.350867238	-0.0333634883	0.545821421	-0.115251951	1.29498634	0.301996344	0.0982411733	0.00669522752	16.224564
1.95	0.480254198	0.00299824505	-0.354036384	-0.0342287424	0.54544093	0.236240647	1.19303888	0.301942394	0.0818855756	0.00704757927	15.026226
1.96	0.48496473	0.00332871721	-0.357181891	-0.0351344152	0.544796975	0.601471145	1.05494483	0.301827474	0.0980322952	0.00726531646	16.669961
1.97	0.490362738	0.00378542217	-0.360267189	-0.0360523351	0.54370398	0.949034024	0.900545228	0.301729027	0.146275734	0.00731376629	16.761083
1.98	0.496362575	0.00436733151	-0.363279577	-0.0369882834	0.542225777	1.27545004	0.726523895	0.301666233	0.144716809	0.00737647911	16.03751
1.99	0.503375451	0.00513534731	-0.366257344	-0.0378100665	0.540831679	1.39559795	0.473204647	0.301436351	0.0841486676	0.00741722382	14.235549
2	0.510990094	0.00604144627	-0.369195231	-0.0384775713	0.539414019	1.3460232	0.170842828	0.301237602	0.0740462935	0.00669745781	17.071883
2.01	0.518075694	0.00693417407	-0.372220214	-0.0391287913	0.538616112	1.28534143	0.0142921616	0.301321321	0.0583756043	0.0057902136	17.469839
2.02	0.525526217	0.00834844952	-0.375243184	-0.0397821017	0.537856876	1.2756194	-0.126107488	0.301584769	0.057936359	0.0579791705	16.895458
2.03	0.532392058	0.0103202294	-0.378324081	-0.0403692012	0.537401867	1.18846613	-0.169176688	0.302031198	0.0475466447	0.0567264652	15.967984
2.04	0.537772007	0.0124809331	-0.381442619	-0.0409179754	0.537255006	1.10586189	-0.148651847	0.302443831	0.0692492004	0.0693542571	13.928002
2.05	0.541103409	0.0142680032	-0.384605485	-0.0414174352	0.537306696	0.994521518	-0.106603452	0.302333946	0.0701266459	0.0693359949	15.133189
2.06	0.542307426	0.0154492571	-0.387789422	-0.0418564778	0.537518069	0.864476394	-0.062705952	0.301593351	0.0443372636	0.0598182844	16.86698
2.07	0.54015005	0.0146356369	-0.390938365	-0.0422355226	0.537800953	0.763980045	0.00262404872	0.301081145	0.0388997896	0.0638430632	15.55476
2.08	0.534791882	0.0120420467	-0.394041716	-0.0425636606	0.538143166	0.703580773	0.0875548663	0.300772868	0.0393796834	0.0602493874	15.110015
2.09	0.527323471	0.00853898744	-0.397089488	-0.0428361656	0.538484166	0.646737872	0.205404757	0.300735585	0.0478113054	0.0584053796	16.693869
2.1	0.52008556	0.00572838945	-0.400033195	-0.0430822724	0.538763752	0.633553618	0.305255084	0.301162454	0.102537017	0.0418109706	13.921298
2.11	0.513923509	0.00400958741	-0.40292389	-0.0433104659	0.538898923	0.647627898	0.410087729	0.302087523	0.0993860024	0.0640999801	16.103184
2.12	0.508651102	0.00291813272	-0.405769995	-0.0435154883	0.538858268	0.692022631	0.505055784	0.30316599	0.0754559752	0.0692820759	14.912883
2.13	0.503791142	0.00172581508	-0.408584358	-0.0436263312	0.538375223	0.626411818	0.46780276	0.302755666	0.104632321	0.0508129397	14.607271
2.14	0.499842184	0.000517906301	-0.41145495	-0.0437300497	0.537847825	0.623840969	0.488318816	0.302458582	0.112618984	0.0599086663	17.818187
2.15	0.498565222	3.39290708e-05	-0.414361463	-0.043823198	0.537251767	0.648102526	0.539919456	0.30261778	0.12321667	0.0599922008	17.725511
2.16	0.500631967	8.48263223e-05	-0.417281372	-0.0439059969	0.536706424	0.688575743	0.608773421	0.304305879	0.101043245	0.0674783635	13.538486
2.17	0.505237069	0.000209163025	-0.420244332	-0.0439706155	0.536191078	0.718524123	0.680399343	0.307940259	0.0586827119	0.0579579852	16.274285
2.18	0.511182379	0.000459226928	-0.423295975	-0.0440047648	0.535829861	0.700392967	0.713365631	0.310866748	0.129659403	0.0556849388	14.195778
2.19	0.518208426	0.00126558835	-0.426347501	-0.0440867823	0.535029598	0.783399199	0.787870323	0.312702981	0.127040288	0.0619130853	15.450791
2.2	0.526463848	0.00224351763	-0.429476879	-0.0441209656	0.534453645	0.781094408	0.803992296	0.313812677	0.124871312	0.0652674915	14.362723
2.21	0.535296866	0.00295969411	-0.432655689	-0.044115737	0.533953244	0.738801418	0.791495249	0.315012003	0.107169979	0.0504855038	19.904806
2.22	0.544005173	0.00302298122	-0.435868914	-0.044063046	0.5333412	0.677899378	0.749625099	0.317558785	0.18488202	0.0615726102	16.674461
2.23	0.553410316	0.00360421931	-0.43910867	-0.0439723486	0.53257056	0.596749983	0.6561794	0.319229572	0.0958821073	0.0633122494	15.707343
2.24	0.56371975	0.00511124281	-0.442372997	-0.0438546799	0.531565569	0.496043486	0.509272919	0.319464757	0.0995709053	0.0543619447	15.018621
2.25	0.572973387	0.00627294614	-0.445763072	-0.0435582784	0.53096426	0.249698463	0.552068584	0.319924154	0.0425628247	0.0586165775	17.020768
2.26	0.580095104	0.00634710735	-0.449184063	-0.0432489504	0.531125165	0.0669919515	0.578036208	0.321027541	0.0673929983	0.0572643558	15.495047
2.27	0.585514206	0.00546293798	-0.452588876	-0.0428692104	0.531661088	-0.160911085	0.56007086	0.322219912	0.0476496441	0.0573585511	16.1696
2.28	0.590869324	0.00531306712	-0.455976744	-0.0424128598	0.532627703	-0.3840907	0.511552101	0.322350064	0.0801740721	0.0589890833	16.382621
2.29	0.596199441	0.00610447236	-0.459343248	-0.041899482	0.533950998	-0.59595455	0.478700743	0.321293973	0.0832851883	0.0517137118	17.614142
2.3	0.601303308	0.00768353517	-0.46266599	-0.0413322575	0.535479857	-0.782899355	0.465146071	0.319330435	0.0411208786	0.0462964132	18.670113
2.31	0.60595645	0.00975349414	-0.465930359	-0.0407098896	0.53719919	-0.977365837	0.434219413	0.31669875	0.0494015937	0.0433351807	16.404557
2.32	0.607516166	0.00993874153	-0.469074783	-0.0400410269	0.538927594	-1.1307941	0.38051887	0.315348057	0.0795859858	0.0694511995	17.144421
2.33	0.605785947	0.00792430723	-0.472129999	-0.0393348826	0.540643971	-1.24624213	0.32926897	0.315770332	0.0711756784	0.0693982168	15.588456
2.34	0.602571295	0.00511050288	-0.475126838	-0.0386146236	0.542345191	-1.3204008	0.247603402	0.316558238	0.0640341115	0.0453327137	16.914216
2.35	0.59969291	0.0027062402	-0.478091459	-0.0378751297	0.54402033	-1.38040816	0.161599063	0.316877063	0.107010602	0.0626714974	16.858297
2.36	0.598341571	0.00173092159	-0.481032376	-0.0371128972	0.545646006	-1.4464893	0.0450392835	0.315540292	0.101748303	0.0610001486	13.484231
2.37	0.597910444	0.00162601639	-0.483957105	-0.0363309088	0.547213595	-1.52613199	-0.100115172	0.312606164	0.0746372825	0.0524760796	15.446907
2.38	0.598057979	0.00208455952	-0.486850433	-0.0354414961	0.548202908	-1.71612417	-0.17393714	0.308911195	0.131899698	0.0465298738	15.681369
2.39	0.598841086	0.00293353655	-0.48970063	-0.0345697567	0.549086143	-1.84805765	-0.294804304	0.304705077	0.103930337	0.0433239637	15.061919
2.4	0.600207173	0.00401357026	-0.49254103	-0.0337304482	0.549772304	-1.93215947	-0.443153684	0.300547756	0.0827718805	0.0416695661	15.243826
2.41	0.60054923	0.00388913599	-0.495398838	-0.0329360469	0.550159106	-1.98656741	-0.575618589	0.298382401	0.0797492909	0.0692951126	17.278004
2.42	0.600026275	0.00254309895	-0.498264886	-0.0322003423	0.55022549	-1.9843983	-0.706711987	0.29848416	0.058598595	0.0693062447	16.403674
2.43	0.600695312	0.0016673517	-0.501174396	-0.0315396018	0.550019305	-1.92399047	-0.830585196	0.298742358	0.129960426	0.0579062623	14.608644
2.44	0.602128282	0.00109814019	-0.50416815	-0.0309621525	0.549592068	-1.85281897	-0.934616794	0.299025384	0.104756729	0.0462644742	15.856437
2.45	0.604076106	0.00055138193	-0.507230956	-0.0304640558	0.548880685	-1.75883338	-0.985255717	0.299869583	0.090096553	0.0501211882	19.316151
2.46	0.606819815	0.000437784878	-0.510345777	-0.0300387405	0.547815308	-1.6580404	-1.00868797	0.300332206	0.116912049	0.0481047085	15.396151
2.47	0.609879993	0.00079733875	-0.513497597	-0.0296729809	0.546359068	-1.5836632	-1.06785569	0.298709862	0.118644441	0.044284846	16.467005
2.48	0.613365265	0.00102466924	-0.51664148	-0.0293695271	0.544401629	-1.47512259	-1.09063013	0.298466541	0.123930836	0.057845329	17.410857
2.49	0.617055075	0.00115523227	-0.519780739	-0.0291434512	0.541968405	-1.36383394	-1.12923786	0.298727366	0.110203361	0.0503850242	17.515787
2.5	0.620025834	0.00104799813	-0.522989157	-0.0291963444	0.539716293	-1.09588539	-0.993938045	0.300306975	0.0867348637	0.0530397609	18.361134
2.51	0.623188234	0.00122692765	-0.526328234	-0.0294073265	0.538166444	-0.915712049	-0.837946307	0.300938399	0.064452559	0.0537782884	15.420048
2.52	0.626373629	0.00149613537	-0.529765415	-0.0297476554	0.537135056	-0.737524018	-0.679095258	0.300900558	0.0469380371	0.0266994753	15.196401
2.53	0.629258535	0.00149496301	-0.533218508	-0.0302160632	0.536662193	-0.595942929	-0.5134827	0.301503981	0.0685310386	0.0469860727	14.09742
2.54	0.631689522	0.00109991423	-0.53662226	-0.0307327138	0.536272617	-0.51483939	-0.30208045	0.303005015	0.0664370309	0.0568442422	17.392398
2.55	0.634248073	0.0010190403	-0.539979609	-0.0313428277	0.536122558	-0.403990435	-0.127199992	0.303569996	0.0591300991	0.0559835073	15.387539
2.56	0.636932964	0.00133346884	-0.543305331	-0.0320239187	0.536177608	-0.274864812	0.0223656288	0.302955895	0.037180832	0.0485482479	15.973724
2.57	0.639848417	0.00202068762	-0.546556986	-0.0327201624	0.536471013	-0.223674186	0.147130644	0.301429532	0.0481927708	0.0349211047	15.181932
2.58	0.642212897	0.00219736509	-0.549711286	-0.0334238204	0.536994822	-0.209048464	0.255167699	0.300826922	0.0485336528	0.057700988	14.313963
2.59	0.643867028	0.00159426489	-0.552780868	-0.0341316099	0.537646567	-0.210358614	0.314532547	0.301530596	0.056540914	0.0573597307	14.367024
2.6	0.645430063	0.000693749673	-0.555704229	-0.0348259866	0.53835568	-0.228239706	0.310877909	0.30321234	0.114079486	0.05622615	16.831471
2.61	0.647039514	0.000339737263	-0.558485229	-0.0355930945	0.538554349	-0.111787752	0.355346619	0.304091944	0.103318299	0.0592495387	16.246895
2.62	0.648682848	0.000303483959	-0.561139164	-0.0363269106	0.538772118	-0.0427692024	0.323045782	0.302944609	0.112253398	0.0536468856	16.010129
2.63	0.650402151	0.000508286061	-0.563721819	-0.0370260249	0.53900408	0.0170657205	0.245873027	0.300452567	0.0576898726	0.0471817797	16.243301
2.64	0.652301974	0.000496734821	-0.566237077	-0.0376952085	0.539123565	0.137489387	0.209576705	0.299618576	0.116868804	0.0589094887	15.060745
2.65	0.654408283	0.000501423468	-0.568725796	-0.0383375412	0.539186522	0.255953421	0.173783833	0.299261785	0.101925091	0.0477369163	16.212297
2.66	0.656726066	0.000497897545	-0.571204252	-0.0389432739	0.539169191	0.370797681	0.161863059	0.299494744	0.0761710992	0.0280512707	17.035555
2.67	0.659049864	0.000357547934	-0.573722002	-0.0395290014	0.539106514	0.463002619	0.178009604	0.300210519	0.0789637759	0.0587239657	13.837665
2.68	0.661629351	0.00027610985	-0.576292233	-0.0400815297	0.539069274	0.506537811	0.189519904	0.301046954	0.118378554	0.0453086139	18.108045
2.69	0.664359297	0.000121381587	-0.578888117	-0.0405880567	0.538855689	0.525885185	0.211449898	0.302190506	0.112452899	0.0693251394	16.098186
2.7	0.667322859	0.000125598374	-0.581506114	-0.0410344641	0.538477916	0.516501955	0.223136129	0.302820104	0.0790369503	0.0536505774	15.921703
2.71	0.670362444	0.000386448425	-0.584133899	-0.0414059799	0.537873747	0.448888256	0.169284165	0.301502612	0.106463352	0.0472372584	15.999365
2.72	0.673935791	0.000598086683	-0.586702331	-0.041680049	0.536862127	0.370212711	0.0890574802	0.30115777	0.127397924	0.0583556108	15.890977
2.73	0.678054112	0.00103063595	-0.589199334	-0.0418757487	0.535506009	0.288723508	-0.052067855	0.300853603	0.162768762	0.0610187113	15.472721
2.74	0.682297698	0.00115161739	-0.591609564	-0.0419855166	0.533733916	0.203151624	-0.250250144	0.301521902	0.0896414921	0.0577208048	17.246499
2.75	0.685859942	0.000821751538	-0.594073576	-0.0418480583	0.532394591	-0.0847684196	-0.267575234	0.303628469	0.0421535472	0.0570631776	17.522043
2.76	0.689106459	0.000444814065	-0.596676941	-0.0416035279	0.53187928	-0.370415941	-0.195497862	0.305623857	0.109732919	0.0644077408	15.196628
2.77	0.692016239	0.000434841552	-0.59935715	-0.041269729	0.531631813	-0.685520968	-0.0228368129	0.306433894	0.0580906654	0.0619645452	16.466531
2.78	0.694715667	0.000795869246	-0.602070565	-0.0408091035	0.531925414	-0.972466684	0.17759479	0.305785383	0.0480533755	0.0519814555	17.229452
2.79	0.697799371	0.00170983178	-0.604786124	-0.0402579972	0.532545663	-1.19595568	0.370697206	0.304278457	0.0817523318	0.0441322106	15.057748
2.8	0.700740548	0.00228894018	-0.607447848	-0.0396422456	0.533335961	-1.3234618	0.538542253	0.303891149	0.0710920916	0.0596645997	14.587496
2.81	0.702942805	0.0019822891	-0.610076198	-0.0389825284	0.534302625	-1.38590934	0.673074998	0.305053286	0.0468812638	0.0585297129	17.460082
2.82	0.704827807	0.00107488154	-0.612689939	-0.0382880062	0.535404677	-1.42521713	0.782593983	0.307733875	0.0435865593	0.0693139851	15.446763
2.83	0.707044526	0.000660342996	-0.615260653	-0.0375922378	0.536755106	-1.39464895	0.874451002	0.309496429	0.0532346144	0.056816779	13.954164
2.84	0.709304458	0.000612824731	-0.617776343	-0.0368967076	0.538205136	-1.31794706	0.938412887	0.309800619	0.0410705549	0.0439996515	17.645516
2.85	0.711622596	0.000790115588	-0.620211906	-0.0362093327	0.539518201	-1.17449786	0.979980675	0.309221247	0.138914914	0.0307509783	15.103714
2.86	0.714191631	0.00113282226	-0.622560519	-0.035537427	0.540628657	-0.982934467	1.01612202	0.308476497	0.118971735	0.0233198583	15.842718
2.87	0.71713303	0.00155831543	-0.624811518	-0.0348843666	0.541458999	-0.757340725	1.05121551	0.308104072	0.0841520042	0.0203156931	14.877933
2.88	0.720720117	0.00230303644	-0.626970919	-0.0342644718	0.542043297	-0.512799659	1.05643435	0.308268205	0.078454965	0.0693059839	15.523681
2.89	0.72408248	0.00244571496	-0.629016031	-0.0336696211	0.542351976	-0.266885598	1.04333675	0.309930493	0.140046486	0.0692829718	15.81701
2.9	0.727133312	0.00182572612	-0.630959093	-0.0330956682	0.542337051	-0.0345158845	1.02425005	0.313195834	0.114719631	0.0692840427	14.814876
2.91	0.730624422	0.00141738651	-0.632843368	-0.0325498117	0.54214326	0.182176077	0.981619296	0.316155874	0.0519567875	0.0213964971	17.055503
2.92	0.734465766	0.00125557329	-0.634718037	-0.0320501664	0.541861819	0.384205722	0.922718444	0.318104282	0.0492678856	0.0522031082	16.297817
2.93	0.738800588	0.00133751307	-0.63659459	-0.0315930547	0.541522939	0.573945522	0.865500197	0.319343254	0.149015476	0.0431467982	14.806283
2.94	0.743947848	0.00164608957	-0.638440595	-0.0312027079	0.541043827	0.7559117	0.802162072	0.320325808	0.130664591	0.0336987947	18.336802
2.95	0.750142912	0.00216360994	-0.640246695	-0.0308693499	0.54038107	0.921421799	0.749130662	0.321523631	0.10377054	0.0274001258	18.229811
2.96	0.757567795	0.00287032377	-0.64197045	-0.0305874928	0.539435353	1.07676441	0.695937414	0.323168883	0.102956543	0.0238585644	16.246573
2.97	0.766323485	0.00375564521	-0.643573297	-0.0303402071	0.53811751	1.22476071	0.644407202	0.325373994	0.111098929	0.0219322515	18.549015
2.98	0.776480918	0.00482617953	-0.645095974	-0.0301277594	0.536473311	1.35210207	0.618873349	0.328169561	0.129101171	0.0211958445	17.544305
2.99	0.788104604	0.00610010036	-0.646585343	-0.0299482361	0.534510901	1.46090125	0.642400278	0.33155536	0.0779527974	0.0222355635	17.589013
3	0.801406059	0.00747783988	-0.648105718	-0.0296839342	0.532739256	1.35638007	0.602103149	0.334840258	0.0620889774	0.0257314565	16.493497
3.01	0.815873026	0.00898367698	-0.649664024	-0.0294455908	0.5316357	1.24226235	0.638772818	0.338490719	0.057092996	0.0235232704	14.454923
3.02	0.831648249	0.0106468884	-0.651194483	-0.0292738878	0.53075327	1.21385752	0.675090619	0.34237606	0.0565774506	0.0244641135	16.774469
3.03	0.848614273	0.0124458072	-0.652668928	-0.0291598145	0.530307232	1.16195417	0.709928468	0.346315988	0.0645325199	0.0254474489	17.438227
3.04	0.866772244	0.0144355497	-0.654082586	-0.0290263765	0.530037645	1.04681854	0.791071679	0.350410022	0.031229222	0.0249768129	17.302853
3.05	0.885941417	0.0165701597	-0.655407213	-0.0289079608	0.530076317	0.957111594	0.841176622	0.354463237	0.058695154	0.0260391512	15.806528
3.06	0.905990948	0.0188337486	-0.656656592	-0.0288098341	0.53043267	0.89388186	0.856195869	0.358442315	0.0522305616	0.0246449525	16.377133
3.07	0.926855551	0.0212709334	-0.657877899	-0.0287364248	0.531046934	0.838709858	0.844737049	0.362314789	0.0548283464	0.021308135	15.380012
3.08	0.948452712	0.0239724946	-0.659104422	-0.028706072	0.531826122	0.811416134	0.828414753	0.366103144	0.0507491869	0.0171582479	16.753591
3.09	0.970650863	0.0270152557	-0.660372038	-0.0287076682	0.532713755	0.786727133	0.832770602	0.369782397	0.0826812696	0.0140201585	15.610934
3.1	0.993206544	0.0303855454	-0.661642915	-0.028737017	0.533625001	0.772467563	0.837618135	0.373272007	0.136265077	0.012375544	16.424402
3.11	1.01589697	0.0341184158	-0.662892207	-0.0287869097	0.534428724	0.758005057	0.836308892	0.376518922	0.104210142	0.00753403173	15.311592
3.12	1.03857508	0.0383432289	-0.664025156	-0.0289192594	0.534629697	0.847108475	0.875827428	0.379775492	0.112558851	0.0045377751	15.461786
3.13	1.06069378	0.0429361252	-0.66516713	-0.0290606966	0.534770316	0.906090638	0.890441592	0.38255559	0.109790848	0.00348555984	15.546591
3.14	1.08159301	0.0475944798	-0.666356579	-0.0291963187	0.53477311	0.934075725	0.883060015	0.385018605	0.0844951206	0.00540617456	14.095884
3.15	1.10067833	0.0520054683	-0.6676203	-0.0293257944	0.534640719	0.938789901	0.847364973	0.387158024	0.115826346	0.00710979558	15.137122
3.16	1.11747502	0.0559022402	-0.668950582	-0.0294392889	0.534345503	0.90171264	0.779132658	0.388942448	0.0931294978	0.008272611	16.193222
3.17	1.13161797	0.0590399387	-0.670366509	-0.0295112796	0.533930802	0.783896781	0.660506727	0.390277129	0.0679004426	0.00886063889	14.798528
3.18	1.14293667	0.0613056353	-0.671894294	-0.0295590076	0.533435393	0.605457831	0.520224153	0.391223098	0.102471783	0.00874112106	14.832212
3.19	1.15194491	0.0636399576	-0.673581628	-0.0296042253	0.532822589	0.377622231	0.373888498	0.391546913	0.124219971	0.0294719457	17.536691
3.2	1.15943514	0.0674751164	-0.675426311	-0.0296486736	0.53207672	0.108779561	0.207551838	0.390865299	0.118351576	0.0661213121	14.129661
3.21	1.16430563	0.0721027229	-0.677443673	-0.0296942058	0.53120917	-0.216286219	0.0246613955	0.389477487	0.113138279	0.0720459247	15.189897
3.22	1.16601913	0.0769310215	-0.679647716	-0.029766629	0.530203777	-0.552995875	-0.164759256	0.387239969	0.13195097	0.0606733357	19.30475
3.23	1.16322188	0.0803720012	-0.682046448	-0.0298838726	0.52915927	-0.863262144	-0.342545353	0.384474677	0.171536278	0.0623374879	14.531294
3.24	1.15272393	0.0776089772	-0.684788542	-0.0300367194	0.529321262	-1.09544904	-0.394342239	0.38228659	0.0466479532	0.0692922545	15.265091
3.25	1.13525273	0.0688378342	-0.687721814	-0.0301371875	0.529959582	-1.38049523	-0.443667194	0.380770535	0.0808019873	0.0693349949	16.380887
3.26	1.11244232	0.0570800582	-0.690829564	-0.0302855195	0.531016472	-1.53626069	-0.45768824	0.379684502	0.0812014685	0.0694114378	17.025776
3.27	1.08894567	0.0481200704	-0.694063318	-0.0304812455	0.532419367	-1.65105813	-0.478821433	0.377683182	0.071750283	0.0693759894	14.833918
3.28	1.06498871	0.0402874305	-0.697349787	-0.0306949586	0.534052506	-1.7023472	-0.499807678	0.374653056	0.0532605778	0.0589076646	13.981782
3.29	1.04172238	0.0335108711	-0.700609169	-0.030920569	0.535814504	-1.67987559	-0.52305419	0.370951739	0.043741078	0.0569144896	18.044145
3.3	1.0201161	0.0278715783	-0.703785728	-0.0311374896	0.537631165	-1.61672238	-0.538099065	0.367034677	0.0507883514	0.0402982676	18.401292
3.31	1.0007918	0.0233326861	-0.70685527	-0.0313342713	0.539450658	-1.52737985	-0.544303489	0.363207309	0.0520721319	0.0266129281	15.896814
3.32	0.984134142	0.0198105175	-0.709790078	-0.031483101	0.541099252	-1.43810946	-0.520539232	0.359693118	0.0844401991	0.0174244405	14.285023
3.33	0.970288081	0.0171929059	-0.712587144	-0.0315888934	0.542507873	-1.36194424	-0.468919059	0.356560131	0.0942675791	0.0120539951	16.788271
3.34	0.959241776	0.0153725428	-0.715236121	-0.0316544934	0.543619831	-1.27582885	-0.4008092	0.353828472	0.0400007632	0.011087055	16.394295
3.35	0.950872771	0.0142613209	-0.717738697	-0.0316824398	0.544427009	-1.18077721	-0.317943933	0.351488682	0.0854461701	0.0133300035	15.481938
3.36	0.944969393	0.0137890989	-0.720076216	-0.0316682084	0.544969999	-1.08460295	-0.220272418	0.34951102	0.102307058	0.0166664739	16.340322
3.37	0.941332866	0.0138946441	-0.722199972	-0.0316067495	0.54522496	-0.99231059	-0.140430658	0.347783228	0.125965536	0.0200499289	14.549467
3.38	0.939728749	0.0145213624	-0.72412652	-0.0315046268	0.545225348	-0.899363789	-0.075699928	0.346310125	0.061225488	0.0220485994	16.227061
3.39	0.939928356	0.0156158649	-0.725874294	-0.0313715289	0.544998981	-0.809870604	-0.0245480674	0.345086422	0.0641510395	0.0230739505	17.298574
3.4	0.941762253	0.0171436924	-0.727415143	-0.0311962098	0.544392244	-0.740285181	0.0123881379	0.344119277	0.087730594	0.0233846256	15.562796
3.41	0.945001623	0.0190490482	-0.728790355	-0.0309927582	0.543458093	-0.676939114	0.0262252444	0.343388742	0.0743980607	0.0231706144	15.969671
3.42	0.949406534	0.0212805836	-0.730041831	-0.03077557	0.54221964	-0.611764445	0.0344638041	0.342939405	0.0844056379	0.0223713328	15.355424
3.43	0.955204831	0.0244860618	-0.731170231	-0.0305434646	0.540767822	-0.566837233	0.0295557705	0.342362549	0.121875344	0.0523681694	16.407797
3.44	0.959322865	0.0259973329	-0.732185531	-0.0303022014	0.539171047	-0.53351467	0.00438208311	0.342574334	0.108331271	0.064250425	16.767547
3.45	0.960691292	0.0246654384	-0.733132486	-0.0300723884	0.537550754	-0.482460079	-0.0429700494	0.344426307	0.149259585	0.0692907971	15.665144
3.46	0.960030407	0.0211047267	-0.733988128	-0.0298393494	0.535827272	-0.418008697	-0.109183	0.347785767	0.103228753	0.0699120557	14.289519
3.47	0.961371312	0.0195979691	-0.734789085	-0.0296067574	0.533977146	-0.32896207	-0.216840154	0.349915809	0.108214854	0.0627969282	16.477621
3.48	0.96537869	0.0208753506	-0.735600835	-0.0293140592	0.531579612	-0.343774631	-0.260030023	0.350591347	0.151434573	0.0516843261	14.691113
3.49	0.970723213	0.0240791496	-0.736638409	-0.0290935715	0.530371246	-0.291599036	-0.295026951	0.34985756	0.0482768554	0.0399641402	15.337752
3.5	0.976215775	0.0283160905	-0.737781414	-0.0289955629	0.529851798	-0.105697609	-0.383546655	0.348929692	0.0722106781	0.0751674148	17.131399
3.51	0.978211929	0.0294469691	-0.738946475	-0.028965148	0.529952227	0.0503544899	-0.457599398	0.349253106	0.0565518347	0.0694391663	16.267852
3.52	0.976268405	0.0267709425	-0.740080154	-0.0289873605	0.530541868	0.203498814	-0.52270823	0.351106954	0.0662017217	0.0692894372	14.704485
3.53	0.971764072	0.0217473864	-0.741191616	-0.0290797682	0.53154984	0.37695874	-0.576800952	0.354014496	0.0341857729	0.0677636794	16.186442
3.54	0.967991245	0.0183218935	-0.742317732	-0.0292230917	0.532912672	0.522532328	-0.62033074	0.356481666	0.0516367548	0.0693422162	15.99657
3.55	0.965707886	0.0173289159	-0.743499774	-0.0294153157	0.534589936	0.654176114	-0.671141117	0.356846315	0.0490329699	0.0586878128	17.057227
3.56	0.964538346	0.0182210325	-0.744763583	-0.0296358858	0.536531307	0.751495684	-0.710670467	0.355266706	0.0346449819	0.0495068869	15.484123
3.57	0.964184927	0.020282901	-0.74610121	-0.0298856097	0.538671877	0.829020182	-0.726731226	0.352440457	0.0537022559	0.0445552511	15.960693
3.58	0.962510702	0.0203991207	-0.747389832	-0.0300495403	0.54038719	0.777103578	-0.78642705	0.350704193	0.0625937027	0.0692894735	17.068908
3.59	0.960426486	0.0203070061	-0.748706782	-0.0302154633	0.542271634	0.735953504	-0.824632305	0.349863459	0.0763773188	0.0693247206	14.86552
3.6	0.956279185	0.0179841979	-0.75000422	-0.0303874506	0.544155228	0.701275891	-0.848629058	0.350362303	0.137150006	0.0693042786	15.776497
3.61	0.9529756	0.0168631816	-0.751249133	-0.0306300122	0.545472683	0.763658411	-0.794655211	0.350234312	0.0997735679	0.0693040709	14.55773
3.62	0.948886012	0.0147715285	-0.752462297	-0.0308515686	0.546736826	0.784937264	-0.767199476	0.350482253	0.0843045911	0.0693134555	16.023548
3.63	0.945492229	0.0134780419	-0.753662804	-0.0310462175	0.547870674	0.76150813	-0.783512502	0.350566441	0.104754416	0.0696173227	16.470064
3.64	0.942632531	0.0130656034	-0.754873552	-0.0312149602	0.548823529	0.701594815	-0.854857917	0.350081995	0.106186815	0.0695674502	15.484195
3.65	0.938401122	0.0112363127	-0.756107727	-0.0313590563	0.549560362	0.644832921	-0.949812549	0.350058684	0.0921061449	0.0692868734	18.047085
3.66	0.934323341	0.0097461942	-0.757392684	-0.0314784816	0.550093536	0.588390226	-1.07720929	0.349756778	0.0418152767	0.0695460113	15.775339
3.67	0.930459391	0.00887504571	-0.758806113	-0.0315792842	0.550461991	0.525007129	-1.21875555	0.348801845	0.0575396805	0.0694909044	16.337583
3.68	0.925479524	0.00688325519	-0.760345041	-0.0316651637	0.550671279	0.465991403	-1.33143253	0.348256894	0.0987878005	0.0692866425	18.222171
3.69	0.91952625	0.00488990833	-0.762066509	-0.0317461212	0.550813114	0.403943866	-1.42588428	0.346507475	0.0814435995	0.0595289581	17.57091
3.7	0.914300339	0.00375428223	-0.763948835	-0.0318278308	0.550861962	0.331458192	-1.5071467	0.344125405	0.105476056	0.06955304	16.161292
3.71	0.909772468	0.00317198989	-0.765978804	-0.0319072566	0.550836714	0.241189578	-1.58737669	0.341226585	0.114859345	0.0694593474	15.203114
3.72	0.90579929	0.00280612814	-0.768147203	-0.0319877647	0.550580471	0.138534633	-1.66578981	0.337897137	0.121662759	0.0694780009	17.504918
3.73	0.901595225	0.00268609252	-0.770498287	-0.0320714856	0.550081281	0.0183737495	-1.74948021	0.33302749	0.102793386	0.0692842084	16.656292
3.74	0.897456279	0.00185465437	-0.772941384	-0.032158933	0.549163333	-0.108024863	-1.82526573	0.328410769	0.100087623	0.0573439827	18.046
3.75	0.893593101	0.000753895676	-0.775488972	-0.0322447253	0.547837766	-0.255147428	-1.9057752	0.323462399	0.0566863595	0.0600592326	17.268894
3.76	0.890902356	0.000198305915	-0.778215583	-0.0321937538	0.546540397	-0.524094045	-1.86184218	0.317925433	0.0698031968	0.0523056252	15.794034
3.77	0.889455634	7.17527577e-06	-0.781062227	-0.0320793689	0.54551101	-0.748276903	-1.81923761	0.311715731	0.0817044934	0.058847269	18.42449
3.78	0.889944182	0.000131464655	-0.783969297	-0.0318943291	0.544585985	-0.980799844	-1.79367369	0.304905889	0.0654985884	0.057707219	15.712763
3.79	0.892271786	0.00042905775	-0.786845389	-0.0316283711	0.543695814	-1.15646721	-1.78392057	0.298335924	0.0820024431	0.0486289745	16.178102
3.8	0.897980454	0.000919901809	-0.789598281	-0.0313061771	0.542791163	-1.21591495	-1.74723631	0.294547482	0.0540738507	0.0588726799	15.820726
3.81	0.905160845	0.00156046542	-0.792280374	-0.0309201563	0.54182973	-1.16749092	-1.65148257	0.293185619	0.0448478052	0.0576465483	15.035565
3.82	0.912633219	0.00203768213	-0.794887388	-0.0304779316	0.540880263	-1.06279338	-1.51794917	0.293250459	0.042130708	0.057117132	14.803294
3.83	0.920016483	0.00259621952	-0.797461798	-0.0299782352	0.540043159	-0.955506056	-1.35461459	0.294307258	0.0490405588	0.0406014546	15.564802
3.84	0.92691879	0.0032990655	-0.800004573	-0.0294391325	0.539348526	-0.855911393	-1.19257396	0.29579377	0.0283348517	0.0410258982	15.297195
3.85	0.93255196	0.00353732506	-0.802407384	-0.0288540433	0.538581611	-0.795632338	-1.07972692	0.29712808	0.117786607	0.0566308587	16.077745
3.86	0.936966342	0.00377008812	-0.80470649	-0.0282319773	0.537687437	-0.711102436	-0.994202564	0.298424039	0.111879689	0.0438828563	14.739409
3.87	0.940194913	0.00401055774	-0.806944848	-0.0275680373	0.536841106	-0.642188316	-0.955272093	0.299474919	0.0974612605	0.0419230257	15.369288
3.88	0.942289751	0.00446728386	-0.809190767	-0.0268691112	0.536115366	-0.583384921	-0.921979535	0.300370828	0.0936269405	0.0420520879	15.350344
3.89	0.942655871	0.00495539095	-0.811425677	-0.0260305292	0.534949864	-0.695172379	-0.768368	0.301208087	0.100214594	0.0674115849	13.873244
3.9	0.940444958	0.00411361482	-0.813630963	-0.0252692044	0.533483213	-0.6625766	-0.804729089	0.299842588	0.0669794629	0.0494704152	16.141447
3.91	0.938088749	0.00358496689	-0.815848258	-0.0244436043	0.532257818	-0.664458456	-0.77196006	0.299498129	0.0887448144	0.0443006672	14.716555
3.92	0.935439765	0.00325549533	-0.818098999	-0.0235770978	0.531146569	-0.683655338	-0.686860017	0.299786792	0.047723059	0.0582562278	15.159774
3.93	0.931762786	0.00222791534	-0.820378743	-0.0227091345	0.530018167	-0.681443584	-0.585134768	0.300020897	0.121381117	0.0467166924	15.44271
3.94	0.927700778	0.000913414467	-0.822713576	-0.0218609809	0.528870596	-0.645082156	-0.472080393	0.300188816	0.119949021	0.0438552542	17.789195
3.95	0.924508704	0.000257722907	-0.825074533	-0.0210545635	0.527585947	-0.555023917	-0.366236031	0.300789505	0.137151893	0.0698293549	15.341113
3.96	0.92220021	7.39858029e-05	-0.827436777	-0.0202920868	0.526056925	-0.417805679	-0.27243996	0.301698478	0.0879071152	0.0695237748	15.313373
3.97	0.920914311	0.000161709834	-0.829796896	-0.0195896481	0.524223646	-0.225587154	-0.201271339	0.302689113	0.139852296	0.0694810437	16.679206
3.98	0.921292689	0.000398769027	-0.832182872	-0.019021725	0.52324994	-0.0851598625	-0.0824000115	0.304382824	0.109927402	0.0695391219	17.875567
3.99	0.923489504	0.00117375647	-0.834520909	-0.0185715984	0.522991587	0.0497369813	0.0489685585	0.305851246	0.0744638972	0.0648755407	15.487178
4	0.927735376	0.00202797541	-0.8367578	-0.0182436538	0.523271482	0.182691334	0.189316566	0.308994048	0.0413799557	0.0695394727	15.278854
4.01	0.933124775	0.00239149168	-0.838912788	-0.0179981843	0.523706151	0.315253035	0.40328413	0.314321491	0.0652081115	0.0695107216	15.169861
4.02	0.940327755	0.00286688101	-0.840959463	-0.0178434058	0.524694893	0.38530443	0.569792834	0.320473426	0.0721446553	0.0713400569	17.747455
4.03	0.948397478	0.00288883867	-0.842936277	-0.017802733	0.526095143	0.474136214	0.699239857	0.32717132	0.0304519707	0.0800000001	13.678055
4.04	0.957229196	0.0036979214	-0.844911604	-0.017881237	0.527916078	0.573096038	0.779658487	0.331786686	0.0386634927	0.0693602822	15.159702
4.05	0.966809876	0.0052258797	-0.846857835	-0.0180476972	0.530027912	0.62237296	0.827943623	0.334712116	0.0557875952	0.0504211202	17.425423
4.06	0.97808814	0.00838270679	-0.848822349	-0.01830655	0.532313137	0.658405728	0.84505021	0.335816467	0.0391787525	0.0700639406	16.859896
4.07	0.991313334	0.0132179138	-0.850756326	-0.0187503521	0.53421634	0.804422519	0.919081044	0.337111587	0.0639225897	0.08	15.823113
4.08	1.00397592	0.0166105173	-0.852645525	-0.0191883184	0.535807206	0.798531917	0.85761878	0.339262023	0.0380578209	0.0723251612	14.924188
4.09	1.01527934	0.0189310296	-0.854535115	-0.0196842163	0.537583906	0.755963645	0.763480452	0.341849909	0.0568043886	0.0708884737	14.080232
4.1	1.0250844	0.0207659861	-0.856462398	-0.0202078562	0.539411931	0.655354857	0.653695518	0.344188401	0.117689611	0.0686120592	14.010263
4.11	1.03337636	0.0226794586	-0.858402061	-0.0207602585	0.541170978	0.521838461	0.500676659	0.345736935	0.0893990606	0.0693484724	15.918017
4.12	1.0398948	0.0248450625	-0.86038141	-0.0213495595	0.542806304	0.383414274	0.300653807	0.346020111	0.0978231415	0.0654358489	18.086215
4.13	1.04477644	0.0276421465	-0.86247832	-0.0220035131	0.544321287	0.286702151	0.0975494092	0.344525453	0.0904619667	0.0724806132	17.041439
4.14	1.04838691	0.0313321181	-0.864696304	-0.0227350798	0.545785515	0.268468797	-0.0987165891	0.34125743	0.0950547202	0.067371291	15.905931
4.15	1.05107525	0.035734254	-0.867047069	-0.0235546381	0.547168586	0.344323551	-0.271268327	0.336695847	0.0524238917	0.0624148959	15.960439
4.16	1.05007138	0.0370674096	-0.869488343	-0.0244218726	0.548300942	0.485713009	-0.407475365	0.33229425	0.115021895	0.08	16.127503
4.17	1.04708229	0.0365285745	-0.87200149	-0.0252933662	0.549269277	0.624071085	-0.502935591	0.32835848	0.0848710984	0.0624327679	16.139653
4.18	1.04340431	0.0352850472	-0.874598615	-0.026135298	0.550034147	0.721868036	-0.54102179	0.32475204	0.112782394	0.0589182026	17.58935
4.19	1.04012392	0.034453525	-0.877231523	-0.0269348463	0.550506948	0.766526803	-0.541080388	0.321898606	0.122010786	0.0781603497	16.371994
4.2	1.03699313	0.0333304276	-0.879875932	-0.0276746091	0.550592036	0.767560365	-0.511148435	0.320334864	0.117935416	0.08	17.296274
4.21	1.03404797	0.0316546391	-0.882506948	-0.0283196019	0.550223462	0.710972783	-0.472214842	0.319802641	0.095324745	0.08	17.649093
4.22	1.02967654	0.0284747897	-0.88514399	-0.0288546187	0.549306645	0.601982762	-0.448927925	0.318640418	0.130648312	0.0673320569	17.422968
4.23	1.02481141	0.0247274559	-0.88776255	-0.0292561988	0.547788654	0.45262111	-0.454226655	0.316831316	0.0972468569	0.0549484075	16.553616
4.24	1.01990549	0.0201279826	-0.890338038	-0.02952249	0.545665561	0.285425011	-0.46511197	0.316108921	0.0804828146	0.0695482976	16.318969
4.25	1.01532314	0.0151049698	-0.892955272	-0.0295089674	0.543578208	-0.0316258889	-0.336499421	0.317024698	0.0590393972	0.0771385242	17.338652
4.26	1.01356943	0.0126850076	-0.895625629	-0.0293734004	0.542196024	-0.30103464	-0.228621613	0.316475431	0.0662641439	0.0728013356	15.886639
4.27	1.01441753	0.0126986837	-0.898344175	-0.0291121171	0.541412859	-0.54171977	-0.154788085	0.314194373	0.0543131268	0.0694453143	17.858929
4.28	1.0172307	0.0147440583	-0.901083542	-0.0287750702	0.540702698	-0.746606202	-0.0335713322	0.310642378	0.0960422735	0.06941052	17.584764
4.29	1.01967676	0.0159924583	-0.903826	-0.0283139415	0.540559888	-0.899976481	0.0521618136	0.307023853	0.0532368794	0.0707374394	16.382285
4.3	1.02117509	0.0151391387	-0.906525917	-0.0277798717	0.540758114	-0.989931631	0.103361661	0.305350225	0.0699502249	0.0725861563	17.574623
4.31	1.02199534	0.0125721801	-0.909169662	-0.0272418195	0.541126373	-0.969652811	0.117567074	0.305836399	0.0604148294	0.0753454492	16.049978
4.32	1.02448253	0.0114885031	-0.911810093	-0.026754469	0.541621585	-0.873197824	0.0998507597	0.305969661	0.0550796205	0.0763244893	17.732654
4.33	1.0288055	0.0123895085	-0.914482797	-0.0263346375	0.542249136	-0.730092814	0.0632786825	0.305187863	0.0327371625	0.0789172434	14.215177
4.34	1.03473432	0.0151855584	-0.917212784	-0.0259856261	0.542950968	-0.572815462	0.0142845675	0.303380713	0.0541969572	0.0800000001	15.737829
4.35	1.03977541	0.0172385543	-0.919952776	-0.0257179219	0.543555261	-0.350989362	-0.00330824965	0.302513	0.111408779	0.0732441104	13.604322
4.36	1.04320983	0.0172227014	-0.922639993	-0.0255448323	0.543881928	-0.0875586206	0.0170283115	0.30421644	0.104898113	0.0702787165	15.261361
4.37	1.0453344	0.0153037743	-0.925276385	-0.0254716428	0.543884596	0.191939039	0.0839526541	0.308473524	0.079881009	0.0705878755	16.283891
4.38	1.04703979	0.0134116624	-0.927866378	-0.0254772652	0.543587128	0.446399019	0.174320651	0.312303079	0.101923906	0.0766284935	15.965992
4.39	1.05084261	0.014012346	-0.930395959	-0.0255601356	0.543074719	0.663452806	0.273064501	0.314505642	0.0847500063	0.0693095007	19.553218
4.4	1.05724636	0.0174389588	-0.932848278	-0.0257174411	0.542359954	0.819035387	0.364102553	0.314948602	0.0606214153	0.0715252789	17.707776
4.41	1.06348132	0.0201251025	-0.935216101	-0.0259437659	0.541443347	0.919465693	0.479630309	0.316665995	0.0973199113	0.0709648318	15.185747
4.42	1.06863291	0.0217723572	-0.93762119	-0.0262476277	0.540463727	0.961251685	0.625336151	0.3182589	0.0654775074	0.0746777339	16.874815
4.43	1.07322141	0.0222409646	-0.940012028	-0.026671497	0.538918168	1.08381758	0.722310866	0.320054187	0.0932285336	0.079633321	15.144958
4.44	1.07784207	0.0221528884	-0.942390201	-0.0271041954	0.537376071	1.05477682	0.887387281	0.322191918	0.188837047	0.0699259926	14.706852
4.45	1.08306702	0.022007818	-0.944734628	-0.0275204045	0.535736993	0.920443877	1.09267717	0.324700455	0.10447066	0.0649452391	17.22779
4.46	1.08921929	0.0220550248	-0.947023687	-0.0279344637	0.533900443	0.732325422	1.29435548	0.327532645	0.0929696657	0.0581107202	15.702932
4.47	1.09647978	0.0223789473	-0.949295812	-0.0283865361	0.531840256	0.543101017	1.47653607	0.330676316	0.111319215	0.0482917573	17.720208
4.48	1.10506913	0.0231603904	-0.951534136	-0.0288749038	0.529559728	0.347723012	1.62658692	0.334728575	0.124829856	0.0699891483	14.26389
4.49	1.11298006	0.0227295354	-0.953771049	-0.0293830152	0.528341243	0.186515612	1.79526186	0.339581972	0.0624109668	0.08	17.133523
4.5	1.12221229	0.0236563485	-0.955973989	-0.0297908548	0.527541812	-0.0942141793	2.02363026	0.344183738	0.0731244235	0.08	15.295829
4.51	1.13261944	0.0262402468	-0.958175286	-0.0302012072	0.527596828	-0.335252305	2.12752184	0.347378488	0.0706795314	0.08	16.652903
4.52	1.14330224	0.0300551898	-0.960407405	-0.0306347433	0.52844299	-0.550287547	2.14066639	0.349247842	0.0717138796	0.08	16.940973
4.53	1.15337036	0.0344681729	-0.962675784	-0.031122653	0.529819172	-0.676412324	2.07755215	0.350082087	0.0818673399	0.08	14.67561
4.54	1.16288083	0.0398917221	-0.96501706	-0.0316882012	0.531672539	-0.732001579	1.93684865	0.34887811	0.0459892773	0.0799999999	15.737686
4.55	1.16806733	0.0422190998	-0.967441694	-0.0323265324	0.533879373	-0.720930282	1.71484135	0.347215682	0.0638494752	0.0784908483	15.246009
4.56	1.1678664	0.0397139005	-0.969930951	-0.0330081578	0.536254108	-0.702585339	1.43878809	0.346414589	0.0459064501	0.08	16.772115
4.57	1.1633713	0.0340157932	-0.972552868	-0.0337239791	0.538804657	-0.707107692	1.15555466	0.345857838	0.0738180184	0.08	18.519329
4.58	1.15909201	0.0302748075	-0.975238435	-0.0345209779	0.541135035	-0.653175451	0.903101335	0.343901827	0.0670448088	0.0705200448	17.4244
4.59	1.15354239	0.0269121979	-0.978041828	-0.0353519087	0.543519959	-0.629308615	0.631785749	0.339911628	0.0590283116	0.077292186	17.831997
4.6	1.1466284	0.0234576629	-0.980909035	-0.0362433451	0.545758939	-0.581904616	0.354687397	0.334518912	0.121245778	0.0773000567	16.650629
4.61	1.13865317	0.0197641653	-0.983800889	-0.0372199635	0.547739129	-0.457388518	0.0816455585	0.32849807	0.102292976	0.0733205046	14.16125
4.62	1.13049721	0.0156974109	-0.986650115	-0.0381987768	0.548956644	-0.354675826	-0.268409408	0.32246948	0.109904644	0.0710610187	15.911618
4.63	1.12219365	0.0112454754	-0.989490248	-0.0392937895	0.54995312	-0.141987779	-0.531929819	0.318075848	0.0920659587	0.0694867994	16.750425
4.64	1.11444854	0.0066907306	-0.992260572	-0.0404919689	0.550611951	0.134822729	-0.732500058	0.316035446	0.130699535	0.0792635574	16.470123
4.65	1.10844087	0.00285615111	-0.995017658	-0.041798991	0.551034593	0.440586147	-0.851665606	0.316026692	0.0982524156	0.0778893478	16.795901
4.66	1.10504972	0.00118424374	-0.99783838	-0.0432180597	0.551201698	0.748498126	-0.922351257	0.314881789	0.121047149	0.0693185397	17.513854
4.67	1.10297668	0.000728739673	-1.00069886	-0.0447374345	0.551123824	1.047155	-0.985081235	0.311908845	0.0761820637	0.0704578844	15.275297
4.68	1.10176885	0.000834847279	-1.0036232	-0.0463324374	0.550821783	1.30741106	-1.05624062	0.307435615	0.132925826	0.069080316	18.112754
4.69	1.10162377	0.00137286204	-1.00656375	-0.0479784062	0.550275297	1.52063976	-1.13302175	0.301988514	0.103625318	0.061956742	13.711243
4.7	1.10303374	0.00203637024	-1.00945714	-0.0496348502	0.54943378	1.68707859	-1.18802242	0.298044753	0.128055567	0.08	16.526306
4.71	1.10488201	0.00187027232	-1.01235088	-0.0512759472	0.548322022	1.79680669	-1.19559928	0.29659416	0.113649579	0.0760917694	15.899709
4.72	1.1071893	0.00108758118	-1.01523454	-0.0528643639	0.546921881	1.80257038	-1.17663843	0.297127667	0.132944767	0.08	18.957864
4.73	1.11052727	0.000510349704	-1.01808379	-0.0543838897	0.545179921	1.72334938	-1.14858625	0.298658852	0.123996259	0.0741073613	17.223172
4.74	1.11457509	0.00049927132	-1.02090268	-0.0558169486	0.542930659	1.57724094	-1.10589952	0.299834761	0.0696503041	0.0699154572	14.77408
4.75	1.11795872	0.000476407927	-1.02376738	-0.0570222994	0.540732646	1.24230458	-0.913318752	0.300483381	0.0577823623	0.0697233356	16.497334
4.76	1.12082325	0.000344707833	-1.02668928	-0.058087683	0.538982501	0.94289476	-0.698312882	0.300593179	0.0635690731	0.0644095466	16.508468
4.77	1.12354436	0.000240604081	-1.02964775	-0.0590033825	0.537464486	0.610969011	-0.481598148	0.300871122	0.0413220537	0.08	16.40588
4.78	1.12605397	0.000172659916	-1.03267712	-0.0597853245	0.536403983	0.319135987	-0.274009831	0.301083549	0.0966618836	0.08	16.343576
4.79	1.12766597	6.25374912e-05	-1.03572448	-0.060477076	0.535496302	0.127461249	-0.0530453878	0.29996072	0.0452259215	0.0729689103	16.21413
4.8	1.12973881	9.68363268e-05	-1.03878021	-0.061006429	0.53509706	-0.110872211	0.106295305	0.298113335	0.0501105096	0.08	16.861368
4.81	1.13327913	0.000444187267	-1.04178659	-0.0613816919	0.535071866	-0.337223952	0.222261289	0.297166065	0.0354697511	0.08	15.200773
4.82	1.13784718	0.000655413959	-1.0446916	-0.061591803	0.535286639	-0.564469415	0.299514704	0.297617384	0.0856405409	0.0799999999	15.093865
4.83	1.14341217	0.000594377637	-1.04752952	-0.0616567478	0.535714459	-0.784567614	0.362146843	0.299473276	0.0375493163	0.08	14.34562
4.84	1.15027642	0.000593689892	-1.05028966	-0.0616040773	0.536392893	-0.925055368	0.43468727	0.302672282	0.0372826753	0.08	14.232945
4.85	1.15857005	0.00102319011	-1.05291862	-0.0613965439	0.536689985	-1.07781591	0.61537142	0.307318201	0.104683786	0.08	16.171817
4.86	1.16796895	0.00183059042	-1.05539949	-0.0612899513	0.536567394	-0.932866872	0.654172034	0.312523548	0.0528399198	0.0725417858	16.92033
4.87	1.1779977	0.00292685615	-1.05775912	-0.0611837223	0.536511169	-0.727970509	0.727008844	0.318586935	0.119710771	0.08	17.171858
4.88	1.18838593	0.00414607479	-1.05999311	-0.0610792363	0.53634942	-0.447894943	0.84693543	0.325513621	0.0974363318	0.0800000001	15.784719
4.89	1.19901872	0.00535463249	-1.06212423	-0.0609975308	0.53597873	-0.0971407099	1.00009888	0.333133515	0.0561270562	0.08	15.367599
4.9	1.20984294	0.00647314488	-1.06416641	-0.060953044	0.535418911	0.318051674	1.17419052	0.341262661	0.0688077496	0.08	17.797942
4.91	1.22086606	0.00746296395	-1.06609048	-0.0609449116	0.53454534	0.786884701	1.36394363	0.34974895	0.120767773	0.08	17.023574
4.92	1.23210476	0.00832097466	-1.06792804	-0.0609799884	0.533387656	1.29048782	1.58109473	0.358434585	0.0465227873	0.08	17.776807
4.93	1.24359834	0.00906852782	-1.06970068	-0.0610638568	0.531961002	1.80694203	1.82669821	0.367121075	0.135699944	0.08	19.335207
4.94	1.25556333	0.009803019	-1.07138181	-0.0611930548	0.530459112	2.20616556	2.04686873	0.375298739	0.0931170774	0.08	18.555951
4.95	1.26810061	0.0106264501	-1.07303323	-0.0613444037	0.529073757	2.5333856	2.21338386	0.382877816	0.100289172	0.08	19.938892
4.96	1.28139285	0.0116732542	-1.07467397	-0.061488443	0.527902011	2.77159572	2.29148719	0.389724802	0.0976728846	0.08	19.898437
4.97	1.29539896	0.0129849662	-1.07629541	-0.0616893845	0.5265582	3.02424722	2.37664979	0.396287743	0.0973022719	0.0799999999	20.948113
4.98	1.31032385	0.0147628522	-1.07799495	-0.0618258203	0.525685491	3.1049386	2.35745456	0.401879436	0.108450406	0.0783034089	18.957563
4.99	1.32483095	0.0154214455	-1.07980443	-0.0618500488	0.525018544	2.98266199	2.26449725	0.406712599	0.0940996139	0.08	22.08609
5	1.33914291	0.0164141373	-1.08180516	-0.0617972233	0.524701234	2.80821314	2.04879726	0.410336656	0.0872258893	0.07214461	22.325407
5.01	1.35430723	0.0180907397	-1.0839193	-0.061933693	0.525209002	2.81887962	1.88936419	0.413746471	0.0385404147	0.08	21.997337
5.02	1.36951643	0.0188599242	-1.08615158	-0.062193532	0.526578141	2.80442997	1.79212742	0.416990337	0.0886965842	0.08	23.646472
5.03	1.38651476	0.0205510883	-1.08841897	-0.0625587549	0.528514619	2.81277949	1.70493969	0.41989047	0.0781992501	0.0751632849	23.13518
5.04	1.40521523	0.0235703547	-1.09071249	-0.0630055276	0.530828725	2.83313168	1.61568181	0.422165643	0.0423556555	0.08	24.969664
5.05	1.4263087	0.0274250652	-1.09294882	-0.0634904699	0.533447396	2.81087165	1.52835701	0.42429999	0.0682838649	0.08	22.801963
5.06	1.45031196	0.0321513591	-1.09506962	-0.0639768642	0.536238611	2.73417196	1.44653007	0.426565293	0.0573953939	0.08	23.226418
5.07	1.47630235	0.0374129077	-1.09697989	-0.0644424711	0.53855261	2.59379194	1.44987971	0.429261769	0.0659960526	0.08	20.594575
5.08	1.50353286	0.0430691281	-1.09874031	-0.0647765333	0.540944373	2.28585618	1.41165001	0.432151556	0.0357893064	0.08	21.99918
5.09	1.52753347	0.0468051645	-1.10052751	-0.0650168071	0.543217978	1.89357633	1.33259515	0.434587736	0.0376570077	0.08	24.497989
5.1	1.54778871	0.0498003203	-1.10238622	-0.0651995097	0.545257536	1.47505366	1.2178141	0.436236979	0.0842280336	0.0719494837	24.755036
5.11	1.56556103	0.0520465493	-1.10423353	-0.0653003766	0.547076564	1.04806344	1.09432035	0.437638921	0.0623094172	0.08	20.718012
5.12	1.57848209	0.0519514349	-1.10612273	-0.0653611897	0.548567507	0.664831148	0.945951615	0.438509685	0.115344113	0.08	21.523923
5.13	1.58575629	0.0493366669	-1.10810637	-0.065400266	0.549635923	0.346554724	0.766477897	0.438664166	0.118541565	0.08	22.228797
5.14	1.58760825	0.0447572128	-1.11025887	-0.0654363955	0.550324305	0.0961703211	0.565209036	0.438024813	0.103441904	0.08	23.476878
5.15	1.58486624	0.0390956853	-1.11256983	-0.0654846871	0.550690521	-0.0810749099	0.354022574	0.436577365	0.0932975502	0.08	25.736334
5.16	1.57856489	0.0331400929	-1.11503494	-0.0655323194	0.550712823	-0.219208518	0.138805453	0.434371133	0.0557241866	0.08	22.046879
5.17	1.57189814	0.0284831857	-1.11746346	-0.0654908868	0.550455171	-0.381456331	-0.0508398383	0.432245425	0.0415536678	0.08	21.446481
5.18	1.56602271	0.0251920933	-1.11977907	-0.0653268423	0.550039925	-0.591116891	-0.185033175	0.430819622	0.104133035	0.0799999999	22.672494
5.19	1.56006991	0.0229014189	-1.12201772	-0.0650578819	0.549300069	-0.805654769	-0.281605627	0.429931002	0.142825616	0.08	22.802323
5.2	1.55359953	0.0216612419	-1.12417688	-0.0646884774	0.548195261	-1.01611359	-0.375094386	0.429329695	0.134611109	0.0778610875	23.646346
5.21	1.54543493	0.0204844172	-1.12636259	-0.0642763071	0.546834202	-1.18953962	-0.447359846	0.428847617	0.13043822	0.08	24.348944
5.22	1.53439313	0.018969825	-1.12862693	-0.0638421391	0.545135911	-1.32792294	-0.517419608	0.427863289	0.104321299	0.08	21.843092
5.23	1.52304563	0.0182869571	-1.13085107	-0.0633388437	0.543061659	-1.46462775	-0.572436322	0.426799105	0.111574286	0.08	22.963053
5.24	1.51365852	0.0193143993	-1.13290754	-0.0627484799	0.540609891	-1.59171941	-0.595480716	0.425985833	0.0770130118	0.08	22.954282
5.25	1.50785347	0.022938612	-1.13484251	-0.0622124262	0.538332526	-1.64255684	-0.698414725	0.425137348	0.0662710738	0.0693759464	22.792979
5.26	1.50596661	0.0291932236	-1.13681269	-0.061572098	0.536586633	-1.70592573	-0.67322089	0.424385742	0.0770522187	0.08	24.434744
5.27	1.50661277	0.0373957102	-1.13886372	-0.0608103094	0.534958036	-1.88352693	-0.617145711	0.423045405	0.063237032	0.0799999999	24.231743
5.28	1.51018496	0.0468986286	-1.1409592	-0.0599367548	0.533645226	-2.0290189	-0.511397519	0.421522904	0.0868755005	0.0702863374	25.814632
5.29	1.51577383	0.0549850279	-1.14303854	-0.0589686213	0.532551864	-2.14719542	-0.334286787	0.420372106	0.0935564249	0.0785170769	24.669352
5.3	1.52523576	0.0647154421	-1.14511342	-0.0578940427	0.531825219	-2.28013547	-0.169936833	0.418891755	0.0513961999	0.08	22.782839
5.31	1.53892817	0.0769461073	-1.14721147	-0.0567298911	0.531482727	-2.35354699	-0.00792646293	0.416984768	0.0602303845	0.08	22.403521
5.32	1.55607991	0.0906974234	-1.14923529	-0.0554664466	0.531421296	-2.33697695	0.155448456	0.415003746	0.0766600417	0.08	22.214845
5.33	1.57515248	0.104571692	-1.15121502	-0.0542196518	0.531644412	-2.17871124	0.305878202	0.413667559	0.0440372011	0.08	21.766124
5.34	1.59157808	0.114478961	-1.15324137	-0.052962755	0.532180656	-1.90531213	0.406171828	0.412816079	0.0679326256	0.08	23.497009
5.35	1.60377653	0.119019473	-1.15531415	-0.051658325	0.53241648	-1.68540657	0.590455189	0.412434315	0.125639893	0.0697900899	22.123187
5.36	1.61440934	0.122922022	-1.15739112	-0.0504314497	0.532836222	-1.46439896	0.72646989	0.411835901	0.0986592358	0.08	22.458488
5.37	1.62073185	0.123163289	-1.15945103	-0.0493560106	0.532754078	-1.14840404	0.696406735	0.410891484	0.0912085667	0.08	19.652028
5.38	1.62260833	0.119911072	-1.16161061	-0.0483364639	0.532814838	-0.928091721	0.670451722	0.409371667	0.110784219	0.08	23.302693
5.39	1.62030499	0.113789186	-1.16393289	-0.0473741298	0.532994755	-0.819167861	0.669009712	0.407065713	0.119482897	0.08	23.818016
5.4	1.61432543	0.105614743	-1.16641454	-0.0464707983	0.533182589	-0.816964841	0.674913398	0.403761548	0.0840592251	0.08	21.921832
5.41	1.60522656	0.0961102875	-1.16904929	-0.0456234264	0.53328089	-0.903855649	0.686907641	0.399374596	0.107091773	0.08	22.508935
5.42	1.59341357	0.0856967058	-1.17180401	-0.0448541785	0.533209216	-1.01001494	0.65935051	0.393906242	0.0817459925	0.08	24.790508
5.43	1.57991839	0.0749083056	-1.17464611	-0.0441876502	0.532944762	-1.10620014	0.591657839	0.387911872	0.135098882	0.08	20.773131
5.44	1.56803373	0.0666529507	-1.1774678	-0.0436927602	0.532423839	-1.04919012	0.501899178	0.382890856	0.11903765	0.08	21.560201
5.45	1.55979334	0.0613207205	-1.18020418	-0.0434584697	0.531690558	-0.787238395	0.426905096	0.38109866	0.125866515	0.08	21.815746
5.46	1.55473484	0.0589584889	-1.18286519	-0.0434832786	0.530761928	-0.415771341	0.333133453	0.381895791	0.139564323	0.08	21.244585
5.47	1.55192939	0.0591473009	-1.18539733	-0.0437321784	0.529426758	-0.0260916855	0.172104763	0.384179968	0.154719775	0.08	20.555799
5.48	1.55065716	0.0616156888	-1.18785317	-0.0441784483	0.527659578	0.309810239	-0.0611382346	0.386908311	0.130331887	0.08	22.685815
5.49	1.55188959	0.0667179972	-1.1903426	-0.0446919771	0.526123435	0.429734601	-0.441862164	0.389373439	0.056365013	0.0785332391	21.036609
5.5	1.55628081	0.0750119409	-1.19292213	-0.0454816262	0.525506666	0.5394595	-0.604838467	0.392929615	0.0734025615	0.0704944809	23.074454
5.51	1.55874282	0.0827673276	-1.19571228	-0.0464718598	0.525620563	0.654521745	-0.739975737	0.395396373	0.0566036624	0.08	25.546073
5.52	1.55912284	0.0910771298	-1.19871054	-0.0476173125	0.526244479	0.63418655	-0.87698771	0.395753533	0.0448374974	0.0744840949	23.016382
5.53	1.55943663	0.0998406717	-1.2017451	-0.0489075804	0.527300913	0.615554324	-1.00448972	0.395636604	0.0700641322	0.08	23.052378
5.54	1.5602971	0.109479567	-1.20477796	-0.0503231043	0.528711342	0.621111759	-1.12336678	0.395035729	0.0487672988	0.08	22.564332
5.55	1.56171804	0.119251779	-1.20779689	-0.0518767328	0.530397585	0.699014131	-1.18116607	0.394404253	0.0485275118	0.08	22.096946
5.56	1.56394676	0.128220421	-1.21073923	-0.053575426	0.532215028	0.867555268	-1.16529598	0.394157956	0.07072114	0.08	22.24129
5.57	1.56711789	0.136023517	-1.21359928	-0.0553999369	0.534121604	1.15369991	-1.0517679	0.394354262	0.0602077314	0.08	21.469265
5.58	1.57206374	0.142893908	-1.21630247	-0.0573744151	0.536207461	1.47406098	-0.916762353	0.394700212	0.0651401438	0.08	21.525555
5.59	1.57706231	0.145092467	-1.21885147	-0.0594814221	0.5384285	1.87413916	-0.734786486	0.395767526	0.0515659644	0.08	21.895381
5.6	1.58654056	0.14794639	-1.22117874	-0.0616009114	0.540154691	2.21092226	-0.631794002	0.396647168	0.119842302	0.08	24.105913
5.61	1.60053368	0.153257934	-1.22332432	-0.0637461404	0.541834338	2.46744248	-0.422956375	0.39742887	0.0944492581	0.08	22.479841
5.62	1.61698982	0.159735066	-1.22531358	-0.0658243645	0.543389405	2.55665564	-0.154424211	0.398136354	0.132477783	0.08	19.64712
5.63	1.6342551	0.165732089	-1.22714673	-0.0677987165	0.544680937	2.50108442	0.14573792	0.398986508	0.069453619	0.08	22.490198
5.64	1.65271599	0.170552321	-1.22874958	-0.069626057	0.545614202	2.30775893	0.46786705	0.400814111	0.10685806	0.08	21.429169
5.65	1.66988188	0.170774022	-1.2301385	-0.071309599	0.546128834	2.03168475	0.818772641	0.404092442	0.129346863	0.08	23.048936
5.66	1.68480626	0.167368952	-1.23138386	-0.0728618817	0.546261747	1.72625809	1.14007499	0.407879233	0.0871747572	0.08	20.125215
5.67	1.69718023	0.161866134	-1.23254337	-0.0743117238	0.546149833	1.43195314	1.38832215	0.41139522	0.0682307185	0.08	21.414724
5.68	1.7085359	0.15927556	-1.23366082	-0.0756881594	0.545748525	1.17568935	1.53899525	0.413407098	0.116952906	0.08	23.614469
5.69	1.71551077	0.155107834	-1.23481212	-0.0770207631	0.545034398	0.971106043	1.58022005	0.414103687	0.125988212	0.08	24.622795
5.7	1.71704601	0.14802098	-1.23602125	-0.0783347676	0.543990673	0.839588861	1.5095359	0.413497685	0.115186872	0.08	21.71568
5.71	1.7134953	0.138388026	-1.23730865	-0.0796692166	0.542396896	0.83977014	1.40273144	0.411719662	0.117973501	0.08	24.079139
5.72	1.70559834	0.127092085	-1.23866997	-0.0809835236	0.540501273	0.881697946	1.17542444	0.408688251	0.120812589	0.08	22.636249
5.73	1.69449905	0.115249277	-1.24007574	-0.0822777802	0.538196788	0.965777869	0.870844898	0.404630031	0.147575249	0.08	22.43414
5.74	1.68123616	0.103761803	-1.24145911	-0.0835351361	0.53543211	1.07624475	0.492844697	0.399765052	0.0733165107	0.08	22.463872
5.75	1.67007467	0.0968785042	-1.24298292	-0.0846210636	0.533792852	1.10288604	0.248130588	0.395836141	0.0721216041	0.08	23.353381
5.76	1.66194238	0.0947072651	-1.24452448	-0.0855133994	0.532939889	1.05083413	0.0835281983	0.393250382	0.0417597064	0.08	22.482535
5.77	1.65715605	0.0967493991	-1.24603239	-0.0861634896	0.532585298	0.847301758	-0.0501588635	0.392315774	0.0715926074	0.08	21.481787
5.78	1.65688459	0.103779218	-1.24747958	-0.0865830872	0.532842151	0.642492558	-0.129115471	0.392932566	0.0505130535	0.08	20.291527
5.79	1.66128118	0.116474646	-1.24886909	-0.0868184275	0.533584987	0.472957411	-0.191878077	0.394258117	0.0651855366	0.08	22.802299
5.8	1.66758924	0.131615579	-1.25022779	-0.0869024599	0.534685093	0.354193585	-0.278947653	0.395761881	0.0580111726	0.08	20.867601
5.81	1.67288179	0.146362725	-1.2516352	-0.0869014569	0.536078481	0.309164538	-0.416559267	0.396540571	0.0768370228	0.08	20.415551
5.82	1.67530473	0.158951472	-1.25318377	-0.0868250673	0.537654047	0.253507903	-0.600232545	0.396182416	0.0531777577	0.08	21.99409
5.83	1.67797016	0.173731145	-1.25481326	-0.0866732489	0.53953837	0.236497938	-0.795119017	0.394415168	0.0307328026	0.0739178929	21.807993
5.84	1.67732807	0.186713065	-1.25660978	-0.0864658298	0.541569731	0.23017169	-1.01358408	0.39098612	0.0864669213	0.08	20.309273
5.85	1.67347746	0.194613712	-1.25845065	-0.0860836501	0.543140658	0.0749896669	-1.12434527	0.387463684	0.0998819484	0.0799999999	21.532554
5.86	1.67233752	0.203554859	-1.26019963	-0.0856529716	0.544153431	-0.0432608528	-1.31228283	0.383447277	0.0827904102	0.08	19.805553
5.87	1.67495999	0.215991771	-1.26188267	-0.0850920284	0.545117789	-0.219335598	-1.40088568	0.379254149	0.0932302325	0.08	19.725386
5.88	1.67639037	0.224906677	-1.26355034	-0.0844307784	0.545862355	-0.433536072	-1.39303207	0.375155628	0.111002065	0.08	21.039518
5.89	1.67467703	0.227494303	-1.26517949	-0.0836796914	0.546351613	-0.643603054	-1.32590369	0.371067578	0.112816297	0.08	22.613221
5.9	1.67368244	0.229542159	-1.26673623	-0.0828469116	0.54661643	-0.821199021	-1.20950604	0.366644038	0.0596296056	0.08	21.68262
5.91	1.6707818	0.226863937	-1.26819194	-0.0819192713	0.54667587	-0.988081375	-1.05766441	0.362014091	0.104553954	0.08	18.165084
5.92	1.66946866	0.224433922	-1.2695178	-0.0809043536	0.546527948	-1.10559502	-0.872803142	0.356970918	0.0706403254	0.08	20.76982
5.93	1.666928	0.217622704	-1.27074444	-0.0798244466	0.546128225	-1.16573207	-0.652127129	0.351880082	0.122810564	0.08	20.591645
5.94	1.66217131	0.205672535	-1.27185606	-0.0787538242	0.545389664	-1.09029262	-0.412234406	0.34740701	0.130902799	0.08	22.534311
5.95	1.65884959	0.194888912	-1.27285037	-0.0777618542	0.544267768	-0.838128768	-0.141696746	0.344191067	0.0975253636	0.08	21.518526
5.96	1.65969747	0.187011763	-1.27364159	-0.0768948271	0.542661683	-0.41261257	0.159322918	0.343403367	0.121488001	0.08	20.400856
5.97	1.66317386	0.178539851	-1.2742274	-0.0761825049	0.540584644	0.149609367	0.480334966	0.345985444	0.173568967	0.08	20.602692
5.98	1.66923357	0.170002309	-1.27460935	-0.0756388896	0.53799135	0.812748573	0.808911865	0.351690816	0.13294555	0.0800000001	22.681287
5.99	1.67837951	0.162180953	-1.27496672	-0.0751583993	0.535627144	1.28952679	1.02772796	0.358621586	0.10518816	0.08	21.430524
6	1.68824908	0.154720598	-1.27533092	-0.074682287	0.533352016	1.65571522	1.10481811	0.36545616	0.0506633146	0.08	20.941315
6.01	1.70095864	0.150827851	-1.27573769	-0.0743485566	0.531596948	2.00528267	1.28916609	0.373124502	0.072366498	0.08	22.750824
6.02	1.71666477	0.15021473	-1.27612804	-0.0741656733	0.530413083	2.35128514	1.44347575	0.381539539	0.0515585598	0.08	22.403153
6.03	1.73465942	0.151856183	-1.27653162	-0.0741587497	0.529496925	2.72891007	1.52963974	0.390701721	0.0375029945	0.08	21.655727
6.04	1.74996453	0.151010515	-1.27709723	-0.0742009488	0.529160957	2.90017571	1.55241604	0.398404492	0.0436068409	0.08	21.025163
6.05	1.75999582	0.145670283	-1.27795763	-0.0742481313	0.529417416	2.83302434	1.53344926	0.403733838	0.0658248458	0.08	20.749202
6.06	1.76425737	0.135925416	-1.27918537	-0.0742778012	0.530282818	2.53307633	1.47963586	0.406612804	0.0654565088	0.08	21.492257
6.07	1.76327481	0.123140211	-1.28079851	-0.0742746104	0.531651777	2.04205931	1.39413366	0.407098047	0.0483802176	0.0799999999	19.903606
6.08	1.7577904	0.108591539	-1.28265505	-0.0743231434	0.532720693	1.52610434	1.39109427	0.405982868	0.0427415554	0.08	20.462113
6.09	1.74920806	0.0938942921	-1.28479759	-0.0743152984	0.534217363	0.884015351	1.29914504	0.402672308	0.0460223707	0.0800000001	24.554844
6.1	1.73873272	0.0802025516	-1.28714732	-0.0742895448	0.535857791	0.242836768	1.16458863	0.397975524	0.119634918	0.08	21.445593
6.11	1.72721584	0.0682783339	-1.28965393	-0.0742718538	0.537603337	-0.338338702	1.0053507	0.392472268	0.0967994556	0.08	21.854772
6.12	1.71525381	0.0582365578	-1.29225111	-0.0742105444	0.538903153	-0.936866456	0.715936504	0.386248831	0.123103828	0.08	19.328217
6.13	1.70270334	0.0500026219	-1.29497698	-0.0742119671	0.540163076	-1.3691237	0.466267964	0.38054145	0.0808003243	0.08	23.510722
6.14	1.69002921	0.0431060036	-1.29776202	-0.0742816155	0.541250138	-1.583446	0.25037313	0.376375689	0.0936213567	0.08	22.157035
6.15	1.6777584	0.0372055305	-1.30054406	-0.0744548889	0.542083053	-1.55104177	0.075478151	0.375130786	0.098218046	0.0799999999	20.134282
6.16	1.66604285	0.0320187469	-1.30327226	-0.0747101903	0.54259876	-1.3140132	-0.0870245887	0.376729259	0.117446524	0.08	23.65737
6.17	1.65495661	0.0272927081	-1.30599653	-0.0750542144	0.542857481	-0.901764661	-0.219050161	0.380724268	0.0368523077	0.08	22.762026
6.18	1.64446598	0.0228651853	-1.30876766	-0.0754716336	0.542932266	-0.372790881	-0.330826361	0.385771347	0.0962820051	0.08	23.744281
6.19	1.63491554	0.0189341333	-1.31158986	-0.0759639499	0.542823423	0.250893303	-0.427525017	0.391056486	0.0972274731	0.0698305556	24.703949
6.2	1.62662188	0.0160474702	-1.31448241	-0.0764958144	0.542503247	0.916266599	-0.517216615	0.395298914	0.0950634131	0.08	22.427213
6.21	1.6201867	0.0141568198	-1.317407	-0.0770581778	0.541813416	1.62201375	-0.589628446	0.398733319	0.123234953	0.08	20.613372
6.22	1.6151169	0.0119325201	-1.3203372	-0.0776409408	0.540757138	2.33796384	-0.646107226	0.401614835	0.0987380479	0.08	21.543172
6.23	1.61305074	0.0102237771	-1.32319295	-0.0782389267	0.539383889	3.0425465	-0.69207026	0.404234938	0.131857856	0.08	25.051219
6.24	1.61458394	0.00934641627	-1.32592422	-0.0788396907	0.537708488	3.71175215	-0.72736509	0.406601524	0.0877696941	0.08	24.188773
6.25	1.6185196	0.00807636135	-1.32852581	-0.0794287897	0.535702351	4.30823776	-0.755411852	0.408740825	0.0874338261	0.08	20.323361
6.26	1.62560956	0.00732300353	-1.33103176	-0.0799454833	0.533811228	4.58262279	-0.645948825	0.410805238	0.0612185412	0.08	21.153183
6.27	1.63483336	0.00617955464	-1.33343817	-0.0803467914	0.531968071	4.62858119	-0.442728931	0.412906434	0.0553273599	0.08	20.900979
6.28	1.64689251	0.00540271155	-1.33569894	-0.0805652872	0.530177234	4.38205077	-0.1483223	0.415070389	0.0388613306	0.08	22.541451
6.29	1.66175435	0.0050047715	-1.33777654	-0.0806501041	0.528578704	3.94557624	0.082602758	0.41711508	0.0390109039	0.08	25.041106
6.3	1.67831747	0.00424147582	-1.33972572	-0.0806153397	0.527447977	3.42157468	0.305938416	0.419244003	0.0527255721	0.08	22.076649
6.31	1.69663138	0.00345971301	-1.3415498	-0.0805398693	0.526312298	2.90509449	0.607731621	0.421570576	0.0323635781	0.0799999999	22.477907
6.32	1.71756965	0.00329452058	-1.34325299	-0.0803482675	0.525656903	2.33210725	0.861894147	0.42381723	0.0764304991	0.08	21.0431
6.33	1.74122196	0.00349461509	-1.34482144	-0.080034885	0.525485029	1.73360717	1.07736074	0.426306482	0.0304282623	0.08	23.556365
6.34	1.76717739	0.00364823958	-1.34625633	-0.0795964321	0.52586435	1.11832971	1.27174304	0.429442298	0.0561685127	0.08	22.04928
6.35	1.79486138	0.00343376505	-1.34749329	-0.079017812	0.526585999	0.477777035	1.41981859	0.433130015	0.141963762	0.08	21.963457
6.36	1.82377189	0.0028290057	-1.34854899	-0.078329322	0.52752672	-0.154598488	1.53218359	0.437090508	0.0932655557	0.08	22.112761
6.37	1.8536549	0.00203468449	-1.34944314	-0.0775795787	0.528521511	-0.757567723	1.58918239	0.44081949	0.125715892	0.0799999999	23.187829
6.38	1.88543194	0.00203817895	-1.35024403	-0.0766433967	0.528939143	-1.40665429	1.68717336	0.443135184	0.0839584748	0.08	20.738676
6.39	1.91885796	0.00304306097	-1.35101203	-0.0756938545	0.529312277	-1.91007469	1.73982182	0.44410509	0.133238236	0.0799999999	19.726198
6.4	1.95413732	0.00638901833	-1.35188312	-0.0747631548	0.529544402	-2.29549088	1.73876458	0.444007756	0.105727552	0.08	20.471603
6.41	1.99149963	0.0129784251	-1.35288895	-0.0738884503	0.529617526	-2.47454546	1.71378207	0.44324605	0.0939923004	0.08	22.73909
6.42	2.02660548	0.0202419979	-1.3541042	-0.0730865968	0.5295261	-2.33096946	1.66187192	0.442059348	0.142900074	0.08	20.936396
6.43	2.05859206	0.0279210883	-1.35560771	-0.072352907	0.52926255	-1.99315296	1.56799352	0.440923008	0.0874266214	0.08	21.929173
6.44	2.08447045	0.0337583903	-1.35740449	-0.0716869216	0.528963439	-1.57583298	1.43251434	0.43995638	0.0811887453	0.08	22.982549
6.45	2.10303302	0.0361412393	-1.35947065	-0.071069483	0.528678863	-1.14795998	1.27088843	0.439171207	0.078721751	0.08	21.366017
6.46	2.11427869	0.0347461573	-1.36178703	-0.0704927615	0.528501325	-0.755780898	1.08684877	0.438619767	0.100337067	0.08	22.29642
6.47	2.1189158	0.0303278197	-1.36430131	-0.0699332412	0.528403105	-0.417970031	0.871782226	0.438339194	0.141879424	0.08	23.190534
6.48	2.11968991	0.0263278698	-1.36700798	-0.0693691007	0.528289651	-0.167955586	0.632726571	0.438328612	0.157896868	0.08	20.271976
6.49	2.11630932	0.0221122661	-1.36987728	-0.0690244568	0.528381512	0.144541082	0.47699069	0.438428126	0.0515284178	0.08	21.851982
6.5	2.10857952	0.0176222745	-1.37284522	-0.0688135267	0.529027747	0.445942707	0.447403913	0.438612912	0.160605732	0.08	21.218502
6.51	2.09841896	0.0143266565	-1.3759471	-0.0686887238	0.530327206	0.566445075	0.454620497	0.43883938	0.0420598998	0.08	22.738329
6.52	2.08642379	0.011880605	-1.37905311	-0.0685906702	0.532056939	0.562226549	0.477700109	0.438954464	0.0394298032	0.08	19.471968
6.53	2.07393578	0.0102268106	-1.38212076	-0.0684487255	0.533904995	0.413519911	0.540068643	0.439219668	0.0630901556	0.08	22.344375
6.54	2.06113874	0.00808676249	-1.38503396	-0.068292059	0.535856463	0.332463388	0.597046001	0.439865039	0.0809961954	0.08	22.23886
6.55	2.04945821	0.00655031737	-1.38786614	-0.0682061625	0.538005284	0.378572207	0.660512868	0.440679388	0.0912675958	0.0703043678	26.90817
6.56	2.03894445	0.00585706338	-1.39064435	-0.068216247	0.540209696	0.539692388	0.727217295	0.441646811	0.0679108879	0.08	26.197934
6.57	2.03054629	0.00615169394	-1.39327601	-0.0682872566	0.542403232	0.695468631	0.795832436	0.442380554	0.0742230496	0.08	26.843996
6.58	2.02234353	0.00595764218	-1.39569886	-0.0684520903	0.54460005	0.885162619	0.826286323	0.442952915	0.0524471885	0.08	21.473034
6.59	2.01540048	0.00583122557	-1.39786142	-0.0686801809	0.546736578	1.02727767	0.829667619	0.443218771	0.0322810755	0.08	24.096081
6.6	2.01017721	0.00502644352	-1.39972411	-0.0689164971	0.548575551	1.07785443	0.854736922	0.443384313	0.125852564	0.08	25.323912
6.61	2.00853639	0.00479592533	-1.40131284	-0.0691208239	0.550048145	1.01193365	0.905409952	0.443449894	0.153191888	0.08	20.509966
6.62	2.01124021	0.00561224829	-1.40266776	-0.0692897391	0.551082691	0.865548139	0.992848789	0.443397056	0.129934405	0.07711606	19.996174
6.63	2.01847928	0.00778937963	-1.40377921	-0.0694214103	0.5516503	0.687399851	1.11189501	0.443217525	0.0750446105	0.08	22.117899
6.64	2.02939271	0.0109333266	-1.40468198	-0.0695666153	0.551767446	0.637790008	1.24577837	0.44286369	0.114196832	0.08	20.706597
6.65	2.04328046	0.0145838366	-1.4053901	-0.0697586599	0.551397575	0.767040462	1.37096957	0.442271163	0.0885662887	0.08	21.038691
6.66	2.06069376	0.0192524271	-1.40591179	-0.0699873596	0.550584909	0.944395732	1.49032023	0.441361063	0.0823337085	0.08	20.651261
6.67	2.08022598	0.0234527585	-1.40623456	-0.0702508348	0.549404925	1.09611146	1.61373748	0.439938777	0.0589197733	0.08	20.570897
6.68	2.10207456	0.0281467415	-1.40647897	-0.0705699281	0.547886622	1.25664392	1.71374758	0.438221669	0.0907661018	0.08	21.424194
6.69	2.12618602	0.0343825432	-1.40672807	-0.0709609588	0.546029007	1.41471394	1.7854363	0.436552423	0.0878465321	0.08	22.160019
6.7	2.15080182	0.0400767825	-1.40692211	-0.0714410536	0.543997157	1.58894742	1.85953372	0.434520716	0.132367212	0.0800000001	22.125311
6.71	2.17475377	0.0442648896	-1.40700125	-0.0719716518	0.54179393	1.67957412	1.91768124	0.431650962	0.129172672	0.0707513469	22.027899
6.72	2.19707796	0.0462380035	-1.40698218	-0.0725329167	0.539463736	1.66701667	1.94758199	0.4275181	0.096856668	0.08	23.040107
6.73	2.21769733	0.0462268133	-1.40683635	-0.073071996	0.536884648	1.48391259	1.91739014	0.421969068	0.137304488	0.08	21.643833
6.74	2.23665716	0.0443552803	-1.40668274	-0.0737232746	0.53460823	1.2508449	1.76373403	0.414970358	0.0908679775	0.08	20.667119
6.75	2.2570628	0.0446537528	-1.40663338	-0.0745558354	0.532254937	1.08867467	1.56085073	0.408124263	0.0933835586	0.08	20.74372
6.76	2.27975372	0.0484222444	-1.40692134	-0.0754637214	0.53078223	0.872464291	1.44703935	0.402560625	0.0278714123	0.08	21.717184
6.77	2.30446441	0.0560738327	-1.40748856	-0.0764577326	0.530017109	0.643845627	1.39472122	0.39749721	0.0504870404	0.08	22.475821
6.78	2.32995687	0.0664489623	-1.40830639	-0.077508392	0.529648544	0.418662382	1.31853485	0.392759193	0.0442779773	0.08	20.82884
6.79	2.35230329	0.0743592829	-1.40933098	-0.0786110967	0.52997558	0.240566436	1.26718036	0.387765827	0.04006911	0.08	24.771353
6.8	2.3740722	0.0819274371	-1.41053257	-0.0797572626	0.530868028	0.0882124336	1.25706179	0.382910958	0.0547144777	0.08	22.899999
6.81	2.39733782	0.0910821682	-1.41188514	-0.0809530199	0.532281945	0.00129511235	1.27411436	0.378468987	0.0712051065	0.08	20.75426
6.82	2.42063771	0.098955323	-1.4132688	-0.0821835009	0.534008825	0.0132531494	1.274415	0.37468424	0.0864520339	0.08	20.910099
6.83	2.44393773	0.105224519	-1.41465016	-0.0833915434	0.535914513	0.0603880188	1.25531097	0.371167466	0.0487140605	0.08	23.401982
6.84	2.46715619	0.110904183	-1.41602538	-0.0844440078	0.537435082	0.0155576668	1.26623558	0.368613687	0.0360283114	0.0799999999	19.958011
6.85	2.4881863	0.115940721	-1.41744628	-0.0855152561	0.539067478	0.0438487216	1.24143225	0.365617729	0.108514506	0.08	20.092241
6.86	2.50487238	0.118845319	-1.41894454	-0.086642948	0.540726156	0.161995163	1.14358951	0.362201425	0.101327324	0.08	20.17565
6.87	2.51643933	0.118926691	-1.42057818	-0.0878447099	0.542270753	0.35365423	0.978716795	0.359210499	0.102529931	0.08	20.19799
6.88	2.52586822	0.120775344	-1.42239243	-0.0891166258	0.54363031	0.588113351	0.785293893	0.356904956	0.0701081618	0.08	21.364088
6.89	2.53359602	0.124872547	-1.4243886	-0.0904469848	0.54481135	0.833373454	0.587208755	0.355044503	0.0796708832	0.08	22.269137
6.9	2.53909682	0.129531763	-1.42653022	-0.0917386037	0.545765802	0.927049446	0.414139631	0.353397536	0.10122695	0.08	23.156172
6.91	2.54163027	0.132920761	-1.42874647	-0.0929297901	0.54648884	0.814655527	0.263366857	0.351765046	0.078113077	0.08	19.893464
6.92	2.54067415	0.133995238	-1.4310463	-0.0939913766	0.547018727	0.507807264	0.162708812	0.349742986	0.0567392373	0.08	21.369332
6.93	2.53619872	0.132605253	-1.43341711	-0.0949308338	0.547349448	0.0990841924	0.0924289931	0.346925998	0.0974534557	0.08	22.73524
6.94	2.5280242	0.129297217	-1.43593987	-0.0957548377	0.547534065	-0.387482991	0.0655272215	0.344135831	0.102484301	0.08	24.333596
6.95	2.51513656	0.120770924	-1.43863311	-0.0965138877	0.547525596	-0.861909527	0.0544115558	0.343443118	0.108101561	0.08	23.60693
6.96	2.5007346	0.112843236	-1.44148022	-0.0972158482	0.547394201	-1.28162037	0.0758664024	0.343178575	0.109578064	0.08	20.913416
6.97	2.48282394	0.102573387	-1.44446062	-0.0979335838	0.547028019	-1.50594835	0.0844261636	0.344041285	0.109812361	0.08	21.997818
6.98	2.46491617	0.094128396	-1.44754872	-0.0986365536	0.546294326	-1.64321444	0.0821954113	0.347579974	0.108976289	0.08	20.701454
6.99	2.44657703	0.0849965664	-1.45068993	-0.0993733501	0.545259102	-1.62824403	0.0774490714	0.353047727	0.0817568353	0.08	22.373083
7	2.43132348	0.0794537875	-1.45382083	-0.100146765	0.544377652	-1.52396053	0.213758018	0.358680591	0.0594501208	0.08	21.771068
7.01	2.41651417	0.0736606138	-1.45689133	-0.100802422	0.544048336	-1.45649531	0.32485006	0.363326955	0.0569429081	0.08	22.568472
7.02	2.40052267	0.0663436201	-1.45988314	-0.101435611	0.543885235	-1.3095068	0.367732311	0.367175574	0.0562695342	0.08	22.942757
7.03	2.38702126	0.0610487687	-1.46284729	-0.101976841	0.543824221	-1.22335633	0.464985864	0.370140749	0.0931745379	0.08	20.54811
7.04	2.37668833	0.0582096841	-1.46566221	-0.102470321	0.543857281	-1.07292174	0.533037223	0.37154733	0.073902368	0.08	22.931835
7.05	2.36860998	0.0542870279	-1.46829505	-0.102898572	0.543906898	-0.919089146	0.59073852	0.37232254	0.0424620323	0.08	22.393366
7.06	2.36486575	0.0526567689	-1.4707205	-0.103240856	0.543935357	-0.774000733	0.664007146	0.371233152	0.0671181917	0.08	20.95256
7.07	2.36565161	0.0532663905	-1.47287192	-0.103542673	0.543828188	-0.582018274	0.724303599	0.36819069	0.0540397886	0.08	20.570673
7.08	2.36781439	0.0524990668	-1.47483745	-0.103849657	0.543729144	-0.338995802	0.774276503	0.3641205	0.0817823418	0.08	22.546215
7.09	2.3730766	0.0530518811	-1.47661822	-0.104183709	0.543651812	-0.0474823143	0.809357116	0.358422962	0.0272407579	0.08	22.052424
7.1	2.38195375	0.0556662462	-1.47819752	-0.104544147	0.543494938	0.291575461	0.848622651	0.35097431	0.107680116	0.08	22.380817
7.11	2.39525178	0.0604806221	-1.47961563	-0.10492591	0.54321909	0.650004789	0.88077103	0.342589193	0.135994017	0.08	21.720682
7.12	2.41321602	0.0680938417	-1.48089641	-0.105333763	0.542879244	1.0226471	0.904144089	0.333145149	0.0739531772	0.08	19.005491
7.13	2.43572966	0.0787245155	-1.48205979	-0.105782708	0.54247934	1.41014875	0.926084464	0.322587213	0.070659232	0.08	20.719219
7.14	2.46255463	0.092517325	-1.48315022	-0.106293517	0.542014657	1.82911389	0.965490935	0.310884459	0.0914731905	0.08	22.373266
7.15	2.48981912	0.104556548	-1.48422899	-0.106818628	0.541501933	2.16847427	1.02795798	0.299569173	0.118551235	0.08	21.047655
7.16	2.51650362	0.113576002	-1.48534894	-0.107237432	0.540453383	2.25431037	0.981511792	0.291073461	0.0758610615	0.08	21.142886
7.17	2.54688268	0.126187607	-1.48645746	-0.107702964	0.539108246	2.28370352	1.13383551	0.283467956	0.0442949416	0.08	21.39949
7.18	2.58004385	0.143830972	-1.48768891	-0.108170796	0.538172458	2.22067409	1.29330686	0.275627005	0.109984055	0.08	21.766702
7.19	2.61032462	0.159381035	-1.48911789	-0.108606188	0.5375981	1.99651851	1.42871346	0.268062634	0.156632142	0.08	22.849296
7.2	2.63768826	0.175206266	-1.49079563	-0.108995327	0.537242029	1.58924457	1.53944153	0.260913115	0.0898911441	0.08	22.600409
7.21	2.66020456	0.185711252	-1.49269598	-0.109409647	0.536973292	1.18726644	1.63465429	0.254056279	0.102996144	0.08	21.369128
7.22	2.67988973	0.196114315	-1.49477797	-0.109805849	0.536676697	0.737575539	1.6982353	0.246494191	0.145632183	0.08	21.941342
7.23	2.69555069	0.201570314	-1.49701282	-0.110243246	0.536213737	0.382120274	1.75850493	0.238639871	0.128856728	0.08	21.587446
7.24	2.7116129	0.208286051	-1.49931818	-0.110858181	0.536080848	0.320319895	1.69617884	0.231015454	0.0728729122	0.0754533213	22.605721
7.25	2.72721436	0.212859973	-1.50160207	-0.111662024	0.53604404	0.487742664	1.51764495	0.224155064	0.0603563867	0.08	22.669725
7.26	2.74309357	0.216465487	-1.50388224	-0.112585897	0.536459764	0.816315546	1.39430353	0.217117337	0.0873770595	0.08	23.690452
7.27	2.75794429	0.219953829	-1.50617606	-0.113573732	0.537065087	1.10584856	1.28674983	0.210235584	0.0714601099	0.08	24.1252
7.28	2.77181612	0.22235184	-1.50846017	-0.114579347	0.537551991	1.36085363	1.15593834	0.203884455	0.0480430482	0.08	19.306762
7.29	2.78862975	0.230119152	-1.51072465	-0.115598471	0.53818462	1.49870881	1.08906174	0.199223797	0.0345041083	0.08	23.412085
7.3	2.80804322	0.242098495	-1.51291798	-0.116646314	0.538944939	1.62938296	1.06551584	0.195758835	0.0415034927	0.0706250947	21.050606
7.31	2.82741088	0.253157104	-1.51502051	-0.117729733	0.539819771	1.80018097	1.06143204	0.192959754	0.0324984213	0.08	22.535958
7.32	2.84374552	0.261792316	-1.51707295	-0.118849845	0.540813027	2.0149808	1.02995277	0.188487684	0.0475908069	0.08	21.39824
7.33	2.85494503	0.266215645	-1.51914613	-0.120026602	0.541943475	2.26447368	0.976884376	0.181062224	0.0426154574	0.08	21.660711
7.34	2.86579838	0.272807389	-1.52119189	-0.121263071	0.543029266	2.51216371	0.905155581	0.173917145	0.0343302202	0.08	21.901061
7.35	2.87870276	0.28409602	-1.52315754	-0.122542927	0.543853478	2.74096931	0.808577189	0.169594559	0.1222602	0.08	23.087523
7.36	2.89097669	0.294109287	-1.5250631	-0.12386909	0.544374326	2.99274582	0.688002017	0.167827674	0.106608064	0.08	21.711045
7.37	2.89971846	0.301471658	-1.52697439	-0.125222285	0.544699766	3.2495246	0.535520545	0.165982458	0.0881487781	0.08	22.176433
7.38	2.90587547	0.305015559	-1.52889635	-0.1265451	0.54478531	3.36993111	0.38259317	0.165605513	0.0588054088	0.08	23.470032
7.39	2.90809571	0.305482831	-1.5309268	-0.127827918	0.544613157	3.34236127	0.227233851	0.165863909	0.0720527042	0.08	22.286985
7.4	2.90895314	0.308719763	-1.5330947	-0.129085126	0.544181112	3.23541815	0.0924571084	0.1659633	0.0852340297	0.08	19.95462
7.41	2.90603544	0.307820572	-1.53545545	-0.1302838	0.543662069	2.94736469	-0.0012761066	0.166510757	0.0943474631	0.08	20.787085
7.42	2.90223342	0.307487143	-1.53799057	-0.131400138	0.54309332	2.52243749	-0.0614728603	0.166598391	0.0716480812	0.08	20.346928
7.43	2.89709445	0.303230577	-1.5406189	-0.132535558	0.542003425	2.11223028	-0.204769527	0.169219239	0.109972063	0.08	20.257584
7.44	2.89240891	0.300964135	-1.54344322	-0.133576256	0.541028385	1.59342615	-0.269110038	0.171014492	0.107096638	0.08	23.52915
7.45	2.88813765	0.300572194	-1.54641462	-0.134504048	0.540009867	1.0432812	-0.293544127	0.171302926	0.126298296	0.0799999999	21.323442
7.46	2.88392399	0.300732138	-1.54952806	-0.135322789	0.538904966	0.503722279	-0.286896154	0.169897795	0.12451257	0.08	19.914426
7.47	2.8797715	0.300670229	-1.55279647	-0.136050484	0.537719987	0.0137387711	-0.244119806	0.166671533	0.1488707	0.08	20.770138
7.48	2.875949	0.300226239	-1.55615938	-0.136672321	0.536263368	-0.424322624	-0.169475533	0.161685744	0.130971537	0.08	21.300483
7.49	2.87336163	0.299924807	-1.5596153	-0.137191945	0.535859896	-0.683860087	-0.0272150608	0.153975794	0.0670829822	0.076559439	23.215134
7.5	2.87259561	0.300135365	-1.56306084	-0.137591061	0.536101227	-0.873199209	0.115194494	0.144545199	0.0977662135	0.0729387439	24.856463
7.51	2.87396531	0.301162587	-1.56645214	-0.137827784	0.536666436	-1.08738495	0.271959931	0.13406584	0.0685258198	0.0710973247	23.391711
7.52	2.87795729	0.303755663	-1.56978304	-0.137905408	0.537468856	-1.24588299	0.403389789	0.122963691	0.0749384011	0.070177393	24.633714
7.53	2.88444655	0.307950117	-1.57302755	-0.137832015	0.53858498	-1.40625535	0.535036793	0.111573988	0.0690011606	0.0697221958	24.183806
7.54	2.89319988	0.313821906	-1.57621726	-0.137626452	0.540001428	-1.56260334	0.674929796	0.100356164	0.0617054743	0.0694980607	22.470847
7.55	2.9007207	0.314384288	-1.57935536	-0.137297164	0.541610032	-1.75283004	0.823409453	0.0906141067	0.0710372881	0.08	22.436387
7.56	2.90540526	0.309016887	-1.58253641	-0.13688197	0.543201324	-2.08659456	0.945779358	0.0873255908	0.0563415525	0.0710681209	20.715128
7.57	2.91043949	0.305979055	-1.58577893	-0.136469041	0.544776378	-2.32197415	1.065923	0.0879324573	0.0508602377	0.0701628971	21.112101
7.58	2.91744239	0.307597532	-1.58909877	-0.136127623	0.546367513	-2.35494117	1.18909183	0.0894526223	0.0497469998	0.08	22.85692
7.59	2.92387787	0.307041231	-1.5924749	-0.135872256	0.547948227	-2.22789981	1.31005228	0.0913037266	0.0431887578	0.0651968897	21.292319
7.6	2.92971011	0.303823849	-1.59586558	-0.135703098	0.549511578	-1.9784517	1.42190336	0.0932965292	0.137018763	0.0706490408	23.216545
7.61	2.93533569	0.298898523	-1.59926639	-0.135566085	0.550587056	-1.74690332	1.41997778	0.0960410142	0.10129248	0.0699552043	21.226453
7.62	2.94145653	0.294665087	-1.60258539	-0.135598886	0.551275761	-1.28833009	1.52041253	0.098184115	0.0561761684	0.0696127	21.341781
7.63	2.94805666	0.29096303	-1.6058574	-0.13572761	0.551996361	-0.824553789	1.58075086	0.0998985286	0.0941880219	0.0694442562	21.162298
7.64	2.95527986	0.288124807	-1.60906648	-0.135960152	0.552656381	-0.348804272	1.59748163	0.101170231	0.0457828257	0.0693615694	21.744947
7.65	2.96319287	0.286371452	-1.61221817	-0.13630716	0.553224302	0.145504441	1.58406416	0.101933793	0.0658648525	0.0693210169	21.379467
7.66	2.97176888	0.285824996	-1.61531637	-0.136772301	0.553582792	0.658092047	1.54303336	0.102254223	0.0803560202	0.0693011375	22.243997
7.67	2.98425313	0.293145784	-1.61836132	-0.137373645	0.553671402	1.18710725	1.48767139	0.102970276	0.0713062062	0.08	21.739862
7.68	2.9954162	0.301203798	-1.62144216	-0.138098053	0.553575146	1.70287486	1.39511851	0.102466581	0.102479055	0.0705169035	22.322615
7.69	3.0075962	0.313025881	-1.62453332	-0.138934996	0.553212473	2.16817699	1.24251678	0.103166939	0.129073627	0.08	21.917522
7.7	3.0161703	0.321969503	-1.62772581	-0.139876464	0.552724778	2.58634134	1.04024428	0.103703149	0.143475834	0.0724522321	22.238242
7.71	3.01909227	0.32532231	-1.63108088	-0.14092313	0.552047466	2.90971848	0.794329759	0.104482205	0.138964188	0.08	21.837905
7.72	3.0164868	0.322895995	-1.63455863	-0.142068108	0.551117451	3.14931963	0.501944727	0.106706836	0.116607122	0.08	21.914042
7.73	3.00942113	0.315575801	-1.63811462	-0.143251238	0.549783298	3.20060401	0.153297914	0.111205362	0.130805678	0.08	23.456706
7.74	2.99910892	0.304286131	-1.64171397	-0.144402641	0.547996897	3.00287654	-0.2125403	0.117642958	0.0591373434	0.08	22.606456
7.75	2.98869231	0.295373182	-1.64541794	-0.145360322	0.546392609	2.40582421	-0.286835928	0.123206542	0.0493144408	0.08	22.66564
7.76	2.97888169	0.289574017	-1.64920103	-0.146175993	0.545583099	1.70877935	-0.283398786	0.126957966	0.0626966201	0.08	22.563049
7.77	2.9687527	0.284977926	-1.65302104	-0.146802193	0.545109341	0.897252545	-0.259299234	0.128873855	0.0364760003	0.0794254324	20.314221
7.78	2.95768215	0.280381293	-1.65687156	-0.147271467	0.545122934	0.144759197	-0.180486182	0.128460054	0.052368276	0.0744252354	22.885126
7.79	2.94510915	0.274515423	-1.66071315	-0.147577016	0.545502297	-0.551424773	-0.0736178171	0.12594181	0.0446483295	0.0718482197	23.067897
7.8	2.93103696	0.266759567	-1.66451896	-0.14770403	0.5461006	-1.20346597	0.0276033844	0.121815332	0.0471534858	0.0705511281	21.343339
7.81	2.91649615	0.256842586	-1.66822717	-0.14768546	0.546713985	-1.85971423	0.0981573553	0.118833257	0.0745435262	0.069906768	20.007095
7.82	2.90243294	0.246265905	-1.67185156	-0.147530835	0.547357804	-2.44824277	0.149186702	0.115859621	0.032760467	0.0695888536	20.845668
7.83	2.88958339	0.23589724	-1.67540061	-0.147246074	0.548046873	-2.94942186	0.186950982	0.112332951	0.0641870185	0.0694325441	23.672993
7.84	2.87856762	0.226380193	-1.67887448	-0.146859822	0.548732759	-3.33846982	0.202653803	0.108191026	0.0440754813	0.0693558239	24.059538
7.85	2.86831335	0.212216333	-1.68221728	-0.146414362	0.549274778	-3.64754083	0.189433686	0.105355938	0.0948695794	0.08	21.622299
7.86	2.85822561	0.195472615	-1.68548135	-0.145899192	0.549617952	-3.92224709	0.138009393	0.104297942	0.117901552	0.08	21.684339
7.87	2.85036887	0.182955457	-1.68865425	-0.145200692	0.549354315	-4.25507913	0.123003075	0.104763425	0.143135986	0.0740842897	22.393854
7.88	2.84185396	0.170238649	-1.69189129	-0.14452746	0.54915641	-4.44347448	0.0486513683	0.107496113	0.142987675	0.08	23.926185
7.89	2.83157862	0.156456934	-1.69520887	-0.143891987	0.549005741	-4.50166491	-0.0766865762	0.110434921	0.0699632779	0.0756450287	20.534627
7.9	2.82202871	0.146729477	-1.6986417	-0.143303938	0.548813407	-4.42874246	-0.220868896	0.111574945	0.0870420137	0.0724697418	21.476914
7.91	2.81358959	0.140827619	-1.70219975	-0.142787119	0.548605967	-4.23376501	-0.370746102	0.111016557	0.0803723808	0.0708619299	21.922091
7.92	2.8028702	0.132643672	-1.70590758	-0.142440175	0.548344886	-3.86667129	-0.506067993	0.110046906	0.0900933635	0.08	22.623463
7.93	2.78876643	0.121091204	-1.70972177	-0.142248908	0.548020951	-3.38109755	-0.657605264	0.109877684	0.155377639	0.08	21.652234
7.94	2.77095431	0.106681247	-1.71365993	-0.142218934	0.547544415	-2.82933461	-0.841085759	0.111561346	0.141724261	0.08	22.403039
7.95	2.74936752	0.0902064849	-1.71769187	-0.142343619	0.546832818	-2.25000262	-1.06852639	0.115915624	0.135027812	0.08	22.744819
7.96	2.72416713	0.0725032297	-1.72182961	-0.142615847	0.545877314	-1.6728528	-1.34028044	0.123457722	0.0981899038	0.0796125088	23.39373
7.97	2.69587801	0.054638845	-1.72609476	-0.1430173	0.544639405	-1.15438812	-1.62357849	0.134428891	0.122017706	0.0750179767	23.036348
7.98	2.66692512	0.0385238542	-1.73043056	-0.143489284	0.54322219	-0.732743818	-1.87794068	0.146534992	0.117757867	0.08	21.590069
7.99	2.63866936	0.0253496479	-1.73483508	-0.14400547	0.541633381	-0.441678867	-2.09074052	0.160069406	0.0445885053	0.08	23.799117
8	2.61583533	0.0183531405	-1.7391441	-0.144673267	0.54048265	-0.162551935	-2.05295314	0.171910204	0.0702176798	0.08	24.260168
8.01	2.59764145	0.0158160705	-1.74327505	-0.145404728	0.539146073	0.101783676	-1.8705672	0.183206935	0.0783681101	0.08	21.762579
8.02	2.58260294	0.0156535854	-1.74719737	-0.146171984	0.537958188	0.261426006	-1.56366439	0.194849015	0.0740057	0.08	20.987743
8.03	2.57080637	0.0158554897	-1.75088485	-0.14689445	0.537273825	0.269834375	-1.21058889	0.204167471	0.0555106884	0.08	21.667029
8.04	2.56284472	0.0155805372	-1.75420997	-0.14758246	0.536823815	0.276803294	-0.8455853	0.209096278	0.0864448423	0.08	21.924509
8.05	2.55857179	0.0144846294	-1.75710339	-0.148246391	0.536549069	0.318867695	-0.509195505	0.208354925	0.0614559473	0.08	23.615674
8.06	2.55775136	0.0126440614	-1.75952092	-0.148871081	0.536305597	0.385387139	-0.227085006	0.201745163	0.0618917593	0.08	22.058903
8.07	2.56005395	0.010613409	-1.76151093	-0.14941967	0.535968213	0.414651589	0.0435604437	0.189841114	0.0523370955	0.08	22.067349
8.08	2.56586194	0.00943293038	-1.76310145	-0.1499053	0.535771623	0.41769114	0.223089233	0.17403644	0.0629357826	0.0773592849	21.386737
8.09	2.57524654	0.0104048424	-1.76442151	-0.150357604	0.535841204	0.385082363	0.3183064	0.155590195	0.102357774	0.0733511069	21.302179
8.1	2.5873536	0.0131739741	-1.76547063	-0.150815273	0.536008467	0.327811918	0.322406776	0.136219018	0.0775999037	0.0713048988	21.843705
8.11	2.60140018	0.0181455361	-1.76632629	-0.151281629	0.536181449	0.23380792	0.262514701	0.118309872	0.101787458	0.0702805123	20.023913
8.12	2.61464846	0.0231025027	-1.76701872	-0.151823965	0.535816865	0.222206848	0.244785435	0.104755516	0.102083047	0.08	20.858549
8.13	2.62575749	0.0264732085	-1.76766818	-0.15235531	0.535371544	0.124096508	0.167040294	0.0979561875	0.0989129457	0.08	21.731415
8.14	2.63544841	0.029981747	-1.76836144	-0.152933285	0.534834116	0.0236696495	0.0596153454	0.098618604	0.0822534765	0.08	23.896312
8.15	2.64398662	0.0339318791	-1.76909843	-0.153596322	0.534194175	-0.0294811475	-0.055649543	0.105966335	0.0995862164	0.08	22.937824
8.16	2.65208772	0.0366579871	-1.76986009	-0.154335737	0.533526973	-0.0216958542	-0.158374633	0.115321115	0.11742501	0.08	22.182111
8.17	2.66283409	0.0412010252	-1.77062707	-0.155161131	0.532869679	0.0674289103	-0.221162389	0.123915471	0.0568383249	0.08	21.903402
8.18	2.67690871	0.0472426086	-1.77140603	-0.156071933	0.532299812	0.245326177	-0.224607033	0.129856898	0.104183253	0.0664967883	25.084623
8.19	2.69617998	0.0570374664	-1.77222617	-0.156985331	0.531377542	0.406513115	-0.261580289	0.133743777	0.157052728	0.0609275658	21.691228
8.2	2.71911177	0.0683433666	-1.77307862	-0.157954887	0.530597675	0.687066097	-0.200206624	0.134157092	0.0870826016	0.0710628216	22.145043
8.21	2.74697914	0.0839572773	-1.77392108	-0.158970992	0.529752098	1.04123691	-0.0784497501	0.132645834	0.140508238	0.0693228239	25.175517
8.22	2.7775819	0.103661596	-1.77474102	-0.159942996	0.528689399	1.31945415	0.0510431321	0.13125287	0.116326198	0.08	25.362135
8.23	2.80757372	0.121829899	-1.77555305	-0.160900813	0.527443897	1.54280271	0.193109983	0.129451308	0.100214661	0.0727987293	22.292456
8.24	2.83547588	0.136935617	-1.77652781	-0.161963773	0.527153623	1.71576373	0.39523599	0.125655933	0.087084628	0.0710269734	21.609859
8.25	2.86080188	0.149272931	-1.77760699	-0.163144554	0.527544751	1.87608072	0.616469311	0.120373704	0.0655360947	0.0701424776	22.605539
8.26	2.88614222	0.16457106	-1.7787786	-0.164452646	0.528294701	2.09316569	0.847383074	0.114586766	0.0565292893	0.0697049777	22.257079
8.27	2.90716954	0.177098734	-1.78004187	-0.165805074	0.529345843	2.14471484	1.02786553	0.108772162	0.0925999572	0.08	23.077235
8.28	2.92217839	0.184419984	-1.78140723	-0.167197114	0.530587041	2.06795462	1.14114981	0.104121076	0.0612952224	0.08	23.617567
8.29	2.93456122	0.191576913	-1.7828503	-0.168561145	0.531991781	1.85661757	1.19183772	0.0997890186	0.0336843844	0.0752490369	21.542335
8.3	2.94375484	0.198073419	-1.78441376	-0.169851275	0.533384475	1.38951346	1.17876962	0.0986504896	0.0493586467	0.0722674519	24.434823
8.31	2.94751954	0.198191083	-1.78608242	-0.171048384	0.534941308	0.860675316	1.11736315	0.0976756892	0.0689143441	0.08	23.394646
8.32	2.94539043	0.191161913	-1.78790196	-0.172146372	0.53664644	0.270064968	1.03354267	0.0967406993	0.0451193247	0.08	24.079954
8.33	2.94116598	0.184039866	-1.78983188	-0.173125251	0.538476287	-0.32910447	0.895909965	0.095652826	0.067622053	0.0792071779	23.370342
8.34	2.93236091	0.173510431	-1.79184031	-0.17393997	0.539899936	-0.89326103	0.794355361	0.0946731717	0.059341135	0.0743111751	20.714034
8.35	2.92174206	0.164210954	-1.79398152	-0.174727622	0.54141238	-1.29627822	0.617558682	0.0942540493	0.107273577	0.0717903466	19.796275
8.36	2.90661445	0.151334663	-1.79624456	-0.175473804	0.542924007	-1.62267351	0.385178839	0.0944103685	0.0899201315	0.08	19.864597
8.37	2.88686697	0.134725223	-1.79866862	-0.176194586	0.544407352	-1.87973066	0.130346484	0.0941697416	0.132918522	0.0737116901	22.664619
8.38	2.86584003	0.120445353	-1.80129567	-0.176973238	0.545866043	-1.97370695	-0.106673187	0.0933946286	0.103350066	0.0714868694	22.227163
8.39	2.8434153	0.108288977	-1.80410424	-0.177775019	0.547141461	-1.99379223	-0.31845695	0.0936161079	0.100721032	0.0579897891	23.335564
8.4	2.82099562	0.0973862043	-1.80700282	-0.178583145	0.548216188	-1.96030092	-0.489798072	0.0942112644	0.0691637863	0.0574214054	21.759429
8.41	2.79717244	0.0838199282	-1.80995784	-0.179383329	0.549121847	-1.90595371	-0.599334216	0.0950828179	0.0645987797	0.0695450574	20.969052
8.42	2.77421766	0.068672454	-1.81288312	-0.180154408	0.549770955	-1.83964855	-0.635346091	0.0966709168	0.0847922853	0.0694110392	21.289848
8.43	2.7544909	0.0574784125	-1.81581787	-0.180901558	0.550133418	-1.75774386	-0.627650109	0.100093422	0.119564423	0.08	21.814163
8.44	2.73592626	0.0472110204	-1.81875607	-0.181621758	0.550191171	-1.66214759	-0.587040129	0.105673838	0.0773024928	0.08	22.862367
8.45	2.72149222	0.0405603737	-1.82160839	-0.182290657	0.549859859	-1.54493009	-0.499161768	0.111970092	0.114398737	0.074343077	21.73301
8.46	2.71189168	0.0378542114	-1.82429981	-0.182884042	0.549088274	-1.40364146	-0.378695749	0.117459467	0.120828296	0.0597782785	21.244516
8.47	2.70543002	0.035569185	-1.82677596	-0.183454873	0.547867033	-1.19287134	-0.224691692	0.120747382	0.126604341	0.070530327	22.370306
8.48	2.70305896	0.0355639653	-1.82904395	-0.183978974	0.546248994	-0.969543647	-0.0373977602	0.121735055	0.160322104	0.0698964824	24.278305
8.49	2.70452798	0.0374818037	-1.83106419	-0.184487269	0.544135357	-0.704328638	0.166564418	0.120689448	0.0842074345	0.0695837908	21.444475
8.5	2.71016286	0.0414937335	-1.83290671	-0.184828307	0.542146261	-0.568759222	0.224575872	0.11826434	0.0776682498	0.0694300578	21.921615
8.51	2.71923243	0.0477917616	-1.83466177	-0.185120935	0.540850569	-0.445639018	0.332047506	0.113758044	0.0487149709	0.0693546043	22.361914
8.52	2.73148269	0.0564399669	-1.8362837	-0.185298174	0.539907081	-0.380597361	0.410266777	0.108567454	0.0552565713	0.0693176021	22.303317
8.53	2.74667559	0.067500487	-1.83777551	-0.185359142	0.538948708	-0.389979609	0.429264715	0.103710682	0.0881208165	0.0692994638	20.168445
8.54	2.76358747	0.0805102419	-1.83919735	-0.185295471	0.53832028	-0.444576965	0.416460933	0.100630987	0.0728446104	0.08	22.06945
8.55	2.77899077	0.0905774234	-1.84057731	-0.185188251	0.538036932	-0.473504484	0.380517177	0.0999048382	0.0311500663	0.08	23.65687
8.56	2.79343483	0.0969520132	-1.84188256	-0.185072445	0.538051692	-0.433449115	0.309593284	0.100247716	0.05489822	0.0736845053	20.595286
8.57	2.81048746	0.105342423	-1.84315437	-0.184909367	0.538306392	-0.379633889	0.248098357	0.101548168	0.0551013085	0.0714731355	21.587799
8.58	2.82902855	0.112987649	-1.844404	-0.184743774	0.538753222	-0.280758698	0.217557878	0.10276239	0.0504758302	0.0703641987	22.139283
8.59	2.85152209	0.124428465	-1.84565754	-0.184536221	0.53935935	-0.158906018	0.216199455	0.104205264	0.0512219252	0.0698143898	23.745732
8.6	2.87609939	0.136734591	-1.84690456	-0.184249569	0.539962942	-0.0906147536	0.232479421	0.105314613	0.138641031	0.0586530271	21.896211
8.61	2.90044736	0.149470236	-1.84811124	-0.183947729	0.540194359	-0.00359803097	0.356006328	0.105388399	0.115356556	0.0577425088	20.771118
8.62	2.92282398	0.161742532	-1.84938658	-0.183479846	0.540091836	-0.128539677	0.338928504	0.104540307	0.0940156721	0.057217443	21.506081
8.63	2.94111199	0.172367514	-1.85084338	-0.182979755	0.540375105	-0.300255708	0.371786594	0.101134095	0.100693391	0.0570262609	23.491986
8.64	2.95471139	0.180567455	-1.85249785	-0.182443171	0.540841974	-0.526184546	0.430324759	0.0957628189	0.0548537962	0.0569366044	21.105128
8.65	2.96385823	0.185342077	-1.85431652	-0.181956976	0.541385725	-0.680151553	0.496960406	0.0892190474	0.0413447426	0.0692894288	21.853448
8.66	2.9664512	0.184235004	-1.85631631	-0.181614697	0.541659558	-0.609509015	0.513194168	0.0885827028	0.0657657621	0.08	21.675961
8.67	2.96416632	0.177965155	-1.85846437	-0.181439656	0.541862164	-0.357412644	0.521973181	0.0896750715	0.0359008165	0.08	24.992612
8.68	2.95755753	0.167369408	-1.86075363	-0.181429766	0.542013951	0.0244262026	0.510402445	0.0920522715	0.104154112	0.08	23.125121
8.69	2.94735486	0.153480023	-1.86317262	-0.181592158	0.542133577	0.490133866	0.489604847	0.09446659	0.117519999	0.0784061648	23.54831
8.7	2.93403437	0.137764834	-1.86571371	-0.181888768	0.542157479	0.951977634	0.46117685	0.0961623814	0.122051828	0.0683277287	22.429425
8.71	2.91801778	0.121832438	-1.86836415	-0.18223103	0.542025212	1.29878944	0.407675808	0.0968218925	0.110497745	0.0681555378	21.924832
8.72	2.89960481	0.106663767	-1.87107281	-0.182572706	0.541653112	1.50424244	0.339021975	0.0964900696	0.138375774	0.0636360382	21.214764
8.73	2.8792361	0.092833156	-1.87381879	-0.182880022	0.541024119	1.57559564	0.243472571	0.0954517976	0.0768126245	0.0610217852	21.452452
8.74	2.85790793	0.0806892637	-1.87654325	-0.183147311	0.539969957	1.5625554	0.122800748	0.0944207541	0.0940607935	0.0595941246	22.763782
8.75	2.83967929	0.0730634866	-1.87921624	-0.183302447	0.538949348	1.42275281	0.160952502	0.0932960165	0.077561692	0.0694165074	23.302856
8.76	2.8254036	0.0683222005	-1.88175359	-0.183479122	0.538268363	1.37094278	0.214021948	0.093638674	0.0675163658	0.0693479577	25.247559
8.77	2.81291927	0.0626883612	-1.88411617	-0.183711879	0.537813771	1.4175144	0.275871423	0.0959777877	0.0440907375	0.08	22.457488
8.78	2.80340152	0.0578064061	-1.88634308	-0.183983037	0.537399433	1.47314876	0.338495009	0.0991406341	0.0753455267	0.0706763359	22.734389
8.79	2.79601051	0.0543186467	-1.88843754	-0.184261199	0.537168386	1.52337444	0.416463174	0.103575371	0.02900583	0.08	19.904235
8.8	2.79102695	0.0517000187	-1.89039092	-0.184562791	0.537122615	1.55710399	0.519267088	0.107850083	0.0434007448	0.0726685719	21.796646
8.81	2.78791128	0.0506113237	-1.89227523	-0.184845878	0.537100642	1.54759966	0.642180459	0.11294683	0.065783833	0.08	21.21639
8.82	2.78795263	0.0520673675	-1.89411115	-0.185051049	0.537340076	1.40435461	0.746740676	0.117224899	0.0634758705	0.074484223	19.26826
8.83	2.7904349	0.055995649	-1.89594118	-0.185157752	0.537769191	1.15291594	0.833598683	0.121809833	0.0661707587	0.08	20.387762
8.84	2.7948379	0.0622536184	-1.89781888	-0.18517374	0.538275716	0.806340085	0.8991483	0.127557305	0.0582304227	0.08	22.812662
8.85	2.8005583	0.0705551768	-1.89971837	-0.18513185	0.538805991	0.425306398	0.960205608	0.134887231	0.11528026	0.08	25.28202
8.86	2.80733975	0.0806309591	-1.90164086	-0.185057372	0.539274418	0.0442918931	0.988357645	0.144148413	0.0807595221	0.08	20.495144
8.87	2.81490119	0.0921439283	-1.90363697	-0.184981957	0.539647659	-0.290349131	0.999319395	0.15528612	0.099627197	0.08	21.068688
8.88	2.82272086	0.101091651	-1.90554651	-0.184860027	0.539415724	-0.616707461	1.10468813	0.165236681	0.0968282477	0.08	22.184992
8.89	2.8310596	0.105876961	-1.90739773	-0.184825354	0.539326498	-0.795023608	1.18978876	0.172883765	0.0920788256	0.08	20.807824
8.9	2.83993375	0.107116171	-1.90920427	-0.184881576	0.539281255	-0.835382491	1.25362729	0.1796169	0.0799213304	0.08	22.799896
8.91	2.84975888	0.106334283	-1.9109989	-0.185016687	0.539084378	-0.770445809	1.30588544	0.186406364	0.0873112475	0.08	22.320145
8.92	2.86424147	0.109272311	-1.91279069	-0.185181229	0.538697438	-0.698742627	1.36734349	0.191822438	0.080961794	0.0718361841	23.144526
8.93	2.88464468	0.116566232	-1.91447686	-0.185365269	0.538075938	-0.602020039	1.42265021	0.195122847	0.121327252	0.08	23.429985
8.94	2.9114698	0.128230831	-1.91602077	-0.185581507	0.537250377	-0.462879081	1.46060681	0.195897389	0.0944891868	0.08	22.218013
8.95	2.94117282	0.141879783	-1.91751328	-0.185797429	0.536332946	-0.370261113	1.47679986	0.19255131	0.113747039	0.08	21.599621
8.96	2.97024344	0.155599098	-1.91903353	-0.18598842	0.535390408	-0.370322119	1.45171688	0.18425661	0.121082956	0.0759599431	21.024336
8.97	2.99622863	0.167761309	-1.92065692	-0.186186065	0.534204663	-0.448340783	1.33858098	0.171599256	0.0861058365	0.0726309669	21.795867
8.98	3.02081148	0.182786174	-1.92239789	-0.186312096	0.532927162	-0.646359892	1.1779752	0.156596784	0.117663875	0.08	23.308264
8.99	3.04241273	0.194935871	-1.92435175	-0.186472346	0.532559301	-0.836467784	1.08940948	0.14089421	0.0696498526	0.08	22.399163
9	3.06467919	0.208526523	-1.92645145	-0.186696133	0.532841614	-0.92082983	1.04472259	0.125701256	0.0822125655	0.0796327161	22.225637
9.01	3.08783896	0.224856221	-1.92861503	-0.186986101	0.533385874	-0.888122548	1.0479502	0.111058181	0.0484499245	0.0745336907	23.163394
9.02	3.10759551	0.236110221	-1.93089543	-0.187431218	0.534325153	-0.639830536	1.03297409	0.0983859427	0.0387325583	0.08	22.718075
9.03	3.12495309	0.247133185	-1.93329236	-0.187995868	0.53555433	-0.323313937	0.975205464	0.0868786315	0.0543972173	0.0759985769	22.041744
9.04	3.13971765	0.255810905	-1.93577773	-0.188703161	0.536593603	0.199563525	0.864234641	0.0852251023	0.0602505059	0.0726507674	22.17572
9.05	3.15016609	0.257742408	-1.93831196	-0.189556314	0.537669302	0.755867314	0.740217827	0.0861431845	0.0364138745	0.0595809408	21.307092
9.06	3.15609728	0.252946289	-1.94094024	-0.190603467	0.538932656	1.31677084	0.63567276	0.0875310757	0.0726193235	0.0579316624	22.066681
9.07	3.15791805	0.242993486	-1.9436536	-0.191831899	0.540375849	1.85925036	0.529756249	0.0888444241	0.0591253558	0.0571937112	21.593612
9.08	3.15609582	0.229465317	-1.94644077	-0.193222482	0.541907919	2.36704795	0.418455599	0.0899659548	0.0246960223	0.0568308386	22.158255
9.09	3.15478126	0.220022025	-1.94933779	-0.194679202	0.543475097	2.70728761	0.324544541	0.0913882154	0.039354874	0.0692931425	24.131863
9.1	3.15275756	0.210763475	-1.95223267	-0.196174032	0.544497502	2.87753867	0.31559387	0.0932437762	0.119211814	0.08	20.37275
9.11	3.15188836	0.206482246	-1.95524809	-0.19756487	0.54505796	2.77558383	0.172040125	0.0961306075	0.0759069887	0.08	25.771598
9.12	3.15148637	0.205796671	-1.95836877	-0.198987693	0.545703152	2.62549936	0.0602093017	0.0983024885	0.115518216	0.0747439054	23.404199
9.13	3.15071584	0.206496557	-1.96155268	-0.200470938	0.546359765	2.49276318	-0.0168571002	0.0994946381	0.0876319025	0.0720101325	21.763233
9.14	3.14594266	0.20223107	-1.96487688	-0.201974266	0.547009413	2.30144955	-0.0424523828	0.0993551783	0.0735269506	0.0706319687	21.994943
9.15	3.13811358	0.192033177	-1.96826103	-0.203491465	0.54739622	2.11157354	-0.0442331896	0.100021003	0.0889565251	0.08	22.267694
9.16	3.13214668	0.183776647	-1.97166871	-0.20503481	0.547440149	1.96345799	-0.0305949202	0.102619324	0.0463279709	0.0732655793	24.031329
9.17	3.13010524	0.179456431	-1.97509869	-0.206609157	0.547135497	1.8883218	0.0157569406	0.107575595	0.0535864416	0.0713756197	23.23086
9.18	3.13252309	0.179326601	-1.97854273	-0.20822667	0.546523089	1.89777455	0.103774159	0.114491035	0.107021971	0.0699158572	21.509057
9.19	3.13928172	0.183045243	-1.98197865	-0.209879128	0.545559558	1.977596	0.209953391	0.122662281	0.132602617	0.0692823269	18.80552
9.2	3.14623447	0.185151452	-1.9854319	-0.211490247	0.544299736	2.00469284	0.313979204	0.13161423	0.115809873	0.08	23.165452
9.21	3.15421718	0.189901418	-1.98895223	-0.213080904	0.54285761	2.02304564	0.414206399	0.138780666	0.147906211	0.08	23.324528
9.22	3.15874223	0.190759548	-1.99255926	-0.214659496	0.541201681	2.04173011	0.474841316	0.144182677	0.11016276	0.0799044465	21.337885
9.23	3.15776538	0.186393812	-1.99625755	-0.216172421	0.539233975	1.94680495	0.481869453	0.148077995	0.0929530919	0.08	23.818799
9.24	3.15166206	0.177259414	-2.00000963	-0.217560046	0.536924729	1.70341716	0.440470383	0.149774074	0.0793834456	0.08	21.467233
9.25	3.14160578	0.165015054	-2.00389512	-0.218774789	0.535770741	1.31502962	0.446963228	0.147486048	0.140597367	0.08	23.272503
9.26	3.12796247	0.150985636	-2.00784465	-0.219883543	0.535085884	0.915413621	0.502029611	0.143299487	0.0464534706	0.08	24.085804
9.27	3.11423302	0.140818225	-2.01191222	-0.220798434	0.534982779	0.388057426	0.519507779	0.137542415	0.0249481442	0.08	21.64236
9.28	3.10135832	0.134055586	-2.01607002	-0.221533357	0.535226476	-0.116850955	0.512770173	0.132666757	0.0644331442	0.08	22.07236
9.29	3.08754405	0.126303545	-2.02024787	-0.222043316	0.535758359	-0.633365992	0.504768922	0.128132355	0.0772471036	0.08	23.38309
9.3	3.0729631	0.117568006	-2.02442673	-0.222350728	0.53654672	-1.10142645	0.504013168	0.123285153	0.0510943428	0.0784469378	22.965622
9.31	3.05822705	0.108797543	-2.02861277	-0.222488066	0.537568995	-1.49239994	0.498482709	0.117944197	0.0498046448	0.0739149633	26.446146
9.32	3.04381974	0.100728319	-2.03277657	-0.222479182	0.538717837	-1.78641521	0.478157214	0.112276683	0.0460390183	0.0715896409	20.86226
9.33	3.03008714	0.0938150531	-2.03693255	-0.222375907	0.539963544	-2.02637446	0.481650339	0.106348046	0.100192393	0.0704222094	24.762401
9.34	3.01990991	0.0894965253	-2.04100199	-0.222265503	0.541196443	-2.12035581	0.518243118	0.1014116	0.0316407732	0.0698430448	21.489489
9.35	3.0107316	0.0842902685	-2.04493533	-0.222114293	0.54183576	-2.10136004	0.637107639	0.0988823376	0.206223421	0.08	21.745756
9.36	3.00056827	0.0765372961	-2.04876543	-0.222059613	0.542438906	-1.88811593	0.719733042	0.0996530922	0.0746745352	0.08	23.415263
9.37	2.99217216	0.0693273447	-2.05247857	-0.222091353	0.542900375	-1.56302479	0.796836334	0.102438343	0.0933409394	0.0703116599	21.404713
9.38	2.9866416	0.0646567325	-2.05608939	-0.222137298	0.543189088	-1.25090384	0.870778474	0.10632937	0.0938856483	0.0694324254	21.745679
9.39	2.98456475	0.0632986616	-2.05964833	-0.222167513	0.543346866	-0.999758054	0.931331233	0.110092011	0.0898942498	0.072044484	21.908938
9.4	2.98620039	0.0654185564	-2.06312329	-0.222140693	0.543293453	-0.830101084	0.965029648	0.113084969	0.096717477	0.0666285383	22.019793
9.41	2.98922647	0.0679869899	-2.06654558	-0.222050238	0.543043619	-0.743035327	0.972563125	0.116382433	0.0989212419	0.08	22.519546
9.42	2.99314129	0.0713935586	-2.06989799	-0.221966778	0.542535187	-0.626183994	0.933231832	0.120648507	0.103312623	0.08	20.991725
9.43	2.99714172	0.076194077	-2.07322185	-0.22188677	0.541726652	-0.492915972	0.830153882	0.12621485	0.141196988	0.08	22.158878
9.44	2.99985848	0.0802779853	-2.07649498	-0.221862626	0.540599919	-0.288695603	0.663904041	0.133381407	0.135758299	0.08	23.03888
9.45	3.00114117	0.0816174688	-2.07962171	-0.221905719	0.539001567	-7.21345068e-07	0.428770809	0.142973824	0.126874596	0.0761291621	21.708233
9.46	3.00109587	0.0822618382	-2.08263062	-0.221981913	0.536974227	0.302515584	0.101247188	0.154355337	0.103827014	0.08	20.961045
9.47	3.00004092	0.0791976233	-2.08545342	-0.222081564	0.534582133	0.57936202	-0.273171173	0.164929949	0.165457231	0.08	21.286714
9.48	3.00022959	0.0762346238	-2.08815033	-0.222178646	0.53199763	0.770188965	-0.622218169	0.17207985	0.123756371	0.08	21.876658
9.49	3.0027383	0.0752629796	-2.0907794	-0.222368036	0.52995858	0.927722918	-0.715222194	0.174295105	0.0878563195	0.0753303382	21.779553
9.5	3.00977475	0.0779097644	-2.09338309	-0.222494384	0.529005647	0.911579027	-0.724146002	0.17212794	0.0741468474	0.0754442344	23.841629
9.51	3.01766258	0.081236846	-2.09598109	-0.222576532	0.528669781	0.848955775	-0.715910041	0.167946384	0.0597229527	0.08	20.829621
9.52	3.02573942	0.0850018084	-2.09853376	-0.222593584	0.529062219	0.679297117	-0.675190134	0.160623675	0.0672252446	0.08	21.200051
9.53	3.03581253	0.0906310206	-2.10099332	-0.222602324	0.529924105	0.47288011	-0.569460699	0.150942762	0.03236357	0.0799252636	21.670449
9.54	3.04439138	0.0939305582	-2.10332381	-0.222648552	0.531215676	0.363340587	-0.517502192	0.141484988	0.0940397599	0.08	22.472643
9.55	3.05160691	0.0979417932	-2.10559187	-0.222730393	0.532756904	0.29839225	-0.528989271	0.134157786	0.0582925351	0.08	20.11718
9.56	3.05423085	0.0977596738	-2.10778854	-0.222903664	0.534470244	0.325661107	-0.601386056	0.130012526	0.0431033431	0.08	22.804408
9.57	3.05077061	0.0919547209	-2.10998868	-0.2232046	0.536264813	0.466236854	-0.736806405	0.129838466	0.0473997919	0.08	21.643792
9.58	3.04409899	0.0847313706	-2.11220029	-0.22364633	0.538322951	0.621694617	-0.896401219	0.131559625	0.0426813094	0.08	22.202994
9.59	3.03704585	0.0784252821	-2.11441327	-0.224146181	0.540496707	0.701689397	-1.03732656	0.134120198	0.0559239972	0.08	24.360504
9.6	3.02693273	0.0698423105	-2.11659029	-0.224769208	0.542367959	0.850230678	-1.09451882	0.138383259	0.149372068	0.08	23.288873
9.61	3.01891823	0.0636805207	-2.1188192	-0.225301406	0.543823518	0.776443536	-1.26249223	0.143611976	0.131194797	0.08	21.560247
9.62	3.01476279	0.0614733843	-2.12108318	-0.225791939	0.5454895	0.620328628	-1.31943872	0.147275737	0.114962619	0.08	21.501108
9.63	3.01547714	0.0640494856	-2.12339089	-0.226224095	0.547240999	0.400731513	-1.25709442	0.1481022	0.0842298214	0.0799476624	22.836247
9.64	3.02113377	0.0713119411	-2.12569664	-0.226577915	0.548865003	0.12972913	-1.10509586	0.145828636	0.104686087	0.0746987154	21.85399
9.65	3.03119662	0.0828842319	-2.12803959	-0.226858932	0.550281398	-0.172017231	-0.863952222	0.140679447	0.07756692	0.071987152	20.825007
9.66	3.04483704	0.0982814912	-2.13038979	-0.227069422	0.551372417	-0.48737837	-0.554809464	0.133437762	0.0632715897	0.0706204894	20.447439
9.67	3.05793235	0.111306667	-2.13274789	-0.227276577	0.552035607	-0.739148396	-0.209070772	0.126362856	0.0587629254	0.08	22.088433
9.68	3.06934334	0.121222939	-2.13512323	-0.227474474	0.552236861	-0.923683347	0.138193663	0.121729488	0.115283694	0.08	23.64429
9.69	3.08084348	0.13198208	-2.13752643	-0.227646726	0.551884346	-1.05561055	0.452770427	0.121933294	0.115682448	0.08	21.737207
9.7	3.09016551	0.139259155	-2.13990993	-0.227844036	0.551011002	-1.07895572	0.719918595	0.126072992	0.114685924	0.08	22.333548
9.71	3.09560835	0.141345137	-2.14230112	-0.228129847	0.549699239	-0.964297004	0.926565983	0.132824234	0.140276113	0.08	21.998584
9.72	3.09613275	0.137575118	-2.14473156	-0.228522182	0.547958161	-0.73211141	1.03856369	0.141533214	0.126838347	0.08	23.167927
9.73	3.09162115	0.127847267	-2.14718171	-0.229019276	0.545725867	-0.41281064	1.03013356	0.152453885	0.102786631	0.08	26.689662
9.74	3.08568672	0.117520103	-2.1496308	-0.229590057	0.543018119	-0.0987693308	0.919500642	0.163644749	0.0948357889	0.08	21.3117
9.75	3.08058388	0.110113909	-2.15222225	-0.230203528	0.541270653	0.0262350735	0.802385545	0.17128558	0.0569576909	0.08	21.089894
9.76	3.07450104	0.102733557	-2.15491315	-0.230826251	0.539890327	0.0313377926	0.701405484	0.17733925	0.0544738485	0.08	22.035147
9.77	3.06771736	0.0944208137	-2.15770735	-0.231445396	0.539004787	-0.0533312022	0.561324544	0.183376625	0.0469673943	0.08	21.592839
9.78	3.062774	0.0899738317	-2.16061996	-0.232038563	0.53837284	-0.231922693	0.394667553	0.190943983	0.0397252259	0.08	23.285581
9.79	3.06015533	0.0900213864	-2.16365378	-0.232611974	0.537975407	-0.448165659	0.251313468	0.200484065	0.0596039244	0.08	23.042826
9.8	3.05974006	0.094284526	-2.16678736	-0.2331778	0.537763652	-0.676896283	0.136625171	0.211809699	0.0556489381	0.08	22.269582
9.81	3.06112056	0.101842596	-2.17000976	-0.233761124	0.537729075	-0.868174894	0.0346412616	0.224683696	0.0474479314	0.08	21.34856
9.82	3.06450092	0.112021486	-2.17328285	-0.234373859	0.537857811	-1.01347731	-0.0654711765	0.23812807	0.0731230755	0.0715758877	22.691832
9.83	3.07033034	0.124377271	-2.1765884	-0.23502177	0.538205832	-1.13213786	-0.133823941	0.250865171	0.0496894936	0.0694137509	22.167907
9.84	3.0789016	0.138528069	-2.1799301	-0.235713372	0.538865628	-1.23634078	-0.156311821	0.261847683	0.0599439213	0.0710340004	22.693949
9.85	3.09042599	0.15414758	-2.18324207	-0.23648657	0.539271346	-1.26002254	-0.263597156	0.27131209	0.092764917	0.0715285135	21.379597
9.86	3.10568106	0.172344276	-2.18648354	-0.237124977	0.539462095	-1.5067053	-0.165759061	0.276421189	0.0836350606	0.0750097149	20.581501
9.87	3.12349172	0.192204355	-2.18971005	-0.237730023	0.540062873	-1.80212576	-0.0368991384	0.278768219	0.0905810583	0.0704061336	21.974238
9.88	3.1434616	0.213979528	-2.19291232	-0.238302333	0.540889407	-2.13111562	0.0837715112	0.279310982	0.0897221626	0.0692871646	21.716396
9.89	3.16519166	0.238097435	-2.19608402	-0.238816128	0.541710258	-2.50387995	0.197122718	0.27881884	0.114173069	0.0696938751	22.412981
9.9	3.18813438	0.264763825	-2.19924134	-0.239264274	0.542464883	-2.90775719	0.295231296	0.278053931	0.0480962953	0.0700331888	24.132889
9.91	3.21229406	0.294375428	-2.2023871	-0.239622541	0.543137857	-3.37463727	0.378024736	0.276633323	0.0700695557	0.08	23.174127
9.92	3.2371708	0.32708926	-2.20556605	-0.239881359	0.543770914	-3.889057	0.443380983	0.274737599	0.0676051361	0.0731391011	22.99136
9.93	3.26334512	0.360122299	-2.20872113	-0.240052159	0.5442825	-4.39630404	0.522348375	0.271461271	0.129214646	0.08	24.312492
9.94	3.29070213	0.395936647	-2.21181808	-0.240098422	0.544545085	-4.93169199	0.575409267	0.267095855	0.0945358963	0.08	24.548809
9.95	3.31693841	0.425942769	-2.21482885	-0.240090789	0.544637796	-5.30953392	0.578734771	0.261062019	0.113551737	0.08	24.657739
9.96	3.34063032	0.449473679	-2.21781166	-0.240028504	0.544484688	-5.51919957	0.519421113	0.254663614	0.118763782	0.08	25.452738
9.97	3.36095593	0.467919157	-2.22078677	-0.239914466	0.543920502	-5.57650468	0.384434154	0.249174472	0.127525323	0.08	22.248894
9.98	3.37841938	0.480144223	-2.22368528	-0.2397905	0.543019392	-5.46461911	0.186411055	0.243174147	0.133947435	0.08	22.931094
9.99	3.39530871	0.493144851	-2.22650362	-0.239683479	0.541505076	-5.16529027	-0.00452739741	0.238042447	0.0858498252	0.08	22.293204
10	3.41192242	0.505525627	-2.22921382	-0.239800695	0.540236103	-4.47308207	-0.0638811444	0.2340838	0.0561229779	0.08	22.676894
