time_s	ee_error_m	orientation_error	base_x_m	base_y_m	base_z_m	roll_deg	pitch_deg	clearance_m	leg_action_delta_l2	arm_action_delta_l2	update_ms
0.01	0.649879244	0.0199687967	2.38891229e-05	1.99606749e-05	0.542789527	-0.0204257438	0.018050551	0.306174847	0	0	22.614027
0.02	0.648547566	0.0203092605	4.43367284e-05	4.6533412e-05	0.541371212	-0.0424408718	0.0715735153	0.30706308	0.0936659859	0.0569290052	22.543689
0.03	0.645202145	0.020853344	4.06125093e-05	0.000101752158	0.539380441	-0.0714215376	0.164601882	0.30981892	0.0920131778	0.0569427628	19.706397
0.04	0.639281471	0.0214039985	1.64851302e-05	0.000207642769	0.536806511	-0.124687126	0.294638172	0.315039368	0.0845365526	0.0570173473	20.718476
0.05	0.630510797	0.0217982227	-4.92784949e-05	0.000366500026	0.533811986	-0.185901607	0.488801676	0.322984465	0.0739788049	0.0572779469	18.700165
0.06	0.618915287	0.0219266636	-0.000159173474	0.000561288898	0.530494362	-0.26894766	0.741888357	0.333600668	0.0897996736	0.0580444868	17.291368
0.07	0.604692053	0.0217131563	-0.000290861611	0.000779701137	0.527012109	-0.358883553	1.05060189	0.34659135	0.069652699	0.0600530889	19.103972
0.08	0.58802318	0.0210603254	-0.000400096874	0.00101480198	0.523545479	-0.437576238	1.44618461	0.360594913	0.103497187	0.0632751217	17.379127
0.09	0.569706553	0.0199803133	-0.000381232283	0.00127070553	0.519378932	-0.495535305	1.68658984	0.375897797	0.0587774898	0.0632653635	18.677305
0.1	0.550085291	0.0185769066	-0.000274812854	0.00153024878	0.515748605	-0.523987117	2.05222782	0.390461809	0.0551979878	0.0631244282	17.362647
0.11	0.529710359	0.017023156	2.64941829e-05	0.00178513513	0.512556296	-0.542102833	2.43653615	0.404283966	0.0769806267	0.0630264042	17.764387
0.12	0.508783514	0.0153469165	0.000533189842	0.00207467703	0.509683967	-0.598972399	2.91832648	0.417012118	0.0805516624	0.0630044665	19.674737
0.13	0.487724676	0.0137451985	0.00136350137	0.00234642635	0.507228474	-0.619281389	3.36814066	0.427416425	0.0608707779	0.0630707653	18.699414
0.14	0.466571034	0.0121728179	0.00251381888	0.00253420844	0.504958041	-0.556039909	3.87262035	0.435154569	0.108051676	0.0632270195	19.047106
0.15	0.445460587	0.0107853107	0.00397898219	0.00272186819	0.503114883	-0.501467012	4.37010254	0.438345138	0.0652612076	0.0632150758	19.17637
0.16	0.424370101	0.00962972883	0.00574818727	0.00288039608	0.501621362	-0.421734692	4.87791009	0.440681742	0.0556985317	0.0623812483	18.871838
0.17	0.403267439	0.00874957758	0.00781954117	0.002982084	0.500512798	-0.296147935	5.36715172	0.442031517	0.0590883226	0.0617783924	19.620696
0.18	0.382117529	0.00815685811	0.0101247064	0.0029925208	0.499902587	-0.133087754	5.82281319	0.442306988	0.0920207237	0.0613168432	22.213031
0.19	0.361108933	0.0078075963	0.0126159433	0.0030322847	0.4992627	-0.0618203055	6.12371889	0.441905246	0.0622963333	0.0609450036	18.630435
0.2	0.340129115	0.00769092055	0.0153009457	0.00298951734	0.49931239	0.0503174472	6.43054091	0.440418316	0.042217787	0.0606785973	18.50931
0.21	0.319145213	0.00772481052	0.0182250857	0.00292747665	0.499646023	0.144494015	6.74951452	0.438650505	0.0662848086	0.0604631532	18.216056
0.22	0.298249886	0.0079312434	0.0211345383	0.00268886165	0.500499687	0.339363508	7.00759452	0.435893717	0.0982578354	0.0591207001	18.531117
0.23	0.277541412	0.00824022906	0.0240792362	0.00228333323	0.501709373	0.573890298	7.30997233	0.433072873	0.0711994982	0.0570922481	18.439805
0.24	0.257252508	0.00871296491	0.0270550216	0.0018233802	0.503612887	0.691236936	7.54649714	0.429999203	0.0513010544	0.0555042246	19.943744
0.25	0.237694362	0.0092862869	0.0301133657	0.00132893943	0.50601846	0.732384845	7.68246631	0.426655326	0.0690340695	0.0532403267	17.536734
0.26	0.219138687	0.00987483873	0.0331755983	0.00080894559	0.508914244	0.70298918	7.74338779	0.423117054	0.0882426303	0.0509902828	17.858696
0.27	0.201770948	0.0103652352	0.036190817	0.000260363886	0.51209387	0.625169894	7.74396462	0.41945572	0.0711140129	0.0502787343	18.117885
0.28	0.185609469	0.0106852605	0.0392008147	-0.000315054428	0.51552753	0.519469571	7.69669746	0.415728949	0.068107914	0.0505147634	15.925859
0.29	0.170508855	0.010693795	0.0423260446	-0.000797014983	0.518692841	0.365647485	7.66329182	0.412147984	0.0685041974	0.0509715457	15.958774
0.3	0.156355313	0.0104279283	0.0454244152	-0.00129635239	0.522057658	0.226853237	7.58093304	0.408481383	0.048174966	0.0507300125	15.663716
0.31	0.143153424	0.0098962336	0.0484949154	-0.00182111445	0.525519017	0.102916768	7.44976654	0.404742106	0.0503583069	0.0499471652	18.639094
0.32	0.130891999	0.00913932686	0.0514490387	-0.00236170605	0.529109836	-0.00208837321	7.33327397	0.401085582	0.0899323391	0.0485553067	15.591946
0.33	0.119763761	0.00823065006	0.0543076269	-0.002916254	0.532604151	-0.0879732126	7.1661437	0.397398112	0.100562111	0.0464082981	17.952946
0.34	0.109927871	0.00722854339	0.0570756959	-0.00357842961	0.535640376	-0.106266239	6.98122854	0.393858083	0.0821551456	0.0443844828	17.501434
0.35	0.101483316	0.00625147598	0.0596447568	-0.00429000988	0.538554297	-0.164968391	6.75317774	0.390362107	0.0580344062	0.0424836189	15.145014
0.36	0.0944328441	0.00534674466	0.0620141572	-0.00504602308	0.541223109	-0.246516396	6.50340579	0.387009844	0.0894779544	0.0414980264	16.890702
0.37	0.0886582222	0.00452581784	0.0641207853	-0.00586022337	0.54362729	-0.3456442	6.25977531	0.38385584	0.0902062567	0.0412382901	17.295455
0.38	0.0839678963	0.00377592378	0.0659177804	-0.0067444413	0.545724322	-0.456530222	6.0461294	0.380915119	0.0943096488	0.0415326975	17.811502
0.39	0.0801417159	0.00307153431	0.0674528197	-0.00770137005	0.547289046	-0.579061041	5.87569722	0.378192399	0.124551916	0.0421798027	19.92444
0.4	0.0769832047	0.00241007164	0.0687942461	-0.00874271216	0.548268184	-0.695555836	5.72487037	0.375550579	0.114785272	0.0428248098	16.520601
0.41	0.0743067294	0.00180028429	0.0699513932	-0.00986261757	0.548664444	-0.804626753	5.59189842	0.37291393	0.0791979512	0.043602638	19.695309
0.42	0.0719473016	0.0012644257	0.0710100265	-0.0110561065	0.54846112	-0.879245762	5.44364179	0.370148267	0.0758204925	0.0445103183	16.799087
0.43	0.0697263132	0.000825697919	0.0719963874	-0.0123327528	0.547738435	-0.895231261	5.25520565	0.367141311	0.0977290324	0.0457353649	19.18963
0.44	0.0674349363	0.000494085023	0.0729612063	-0.013676095	0.546427089	-0.844894412	5.0238145	0.363892137	0.119247065	0.047524915	19.522337
0.45	0.0648700018	0.00027230627	0.0739342722	-0.0150803628	0.544507826	-0.742335216	4.7325888	0.360338434	0.110687804	0.0496577537	18.028801
0.46	0.0618591268	0.000156634495	0.0748979869	-0.0165389622	0.541974307	-0.588914577	4.39234241	0.356489291	0.10729964	0.0522972915	16.968158
0.47	0.0581595627	0.000133810043	0.0757192756	-0.0179636488	0.539482909	-0.577334064	3.9139606	0.351915342	0.129814334	0.0553323296	18.489831
0.48	0.0537928926	0.000184243112	0.0764055228	-0.0193215991	0.537076035	-0.638586805	3.28323575	0.346574173	0.11291638	0.0609705963	18.959109
0.49	0.0489164834	0.000293172594	0.0769814741	-0.0206012638	0.534718961	-0.76688325	2.49377319	0.340400577	0.070665558	0.0692327705	19.808814
0.5	0.0434522863	0.0004740739	0.0772456959	-0.0217679592	0.533352366	-0.909694252	1.96430516	0.334345811	0.0467487917	0.0801800618	16.293968
0.51	0.0376586593	0.000755237721	0.0772258323	-0.0228697268	0.533047807	-1.00110611	1.54665137	0.327676753	0.0818898415	0.0855724853	18.358215
0.52	0.0305850162	0.000975311845	0.0770106982	-0.0238987634	0.533673896	-1.0981458	1.19301817	0.32128106	0.0784854838	0.0355778273	19.302143
0.53	0.0220641041	0.000998887079	0.076635462	-0.0248469823	0.535070055	-1.1861931	0.869711477	0.315441807	0.0544888721	0.0371165032	19.801301
0.54	0.0135427536	0.000811710028	0.0760729087	-0.0257352111	0.537065824	-1.21893685	0.596767098	0.310314366	0.0659639503	0.0334973558	18.926932
0.55	0.0118925614	0.000507577344	0.0753182844	-0.0265805678	0.539426298	-1.16963962	0.375741415	0.305878688	0.0584913155	0.0300029202	18.263316
0.56	0.0205479655	0.000175424459	0.0744995764	-0.0274854216	0.541400884	-0.936966672	0.309827359	0.30352193	0.0808607755	0.027272533	17.136584
0.57	0.0311367249	3.94048788e-05	0.073527984	-0.0283406922	0.543572708	-0.714879271	0.289522984	0.302489204	0.0593559061	0.0235854484	18.295121
0.58	0.0395033412	0.000164987672	0.0724422314	-0.0291464965	0.545676651	-0.467313079	0.330329264	0.302438922	0.0732735308	0.020519529	17.82192
0.59	0.0446131995	0.000423233137	0.071265759	-0.029851346	0.547379998	-0.292593182	0.349647995	0.302832919	0.07403767	0.0179170836	17.589477
0.6	0.046228487	0.000637352075	0.070018942	-0.0305207226	0.548906585	-0.080064011	0.432180767	0.303537967	0.100598612	0.015982939	19.616964
0.61	0.0446211518	0.00071263099	0.0687431566	-0.0311607113	0.550093401	0.13965312	0.560005358	0.304371012	0.0979172806	0.014106243	17.840598
0.62	0.0401612165	0.0006315764	0.0674618208	-0.0317961484	0.55095443	0.374214999	0.740837581	0.305227324	0.0871277804	0.0126614075	17.540463
0.63	0.0334974269	0.000440146522	0.0662072202	-0.032412625	0.551387966	0.583776524	0.935113845	0.305981495	0.0651915138	0.0116665909	18.395554
0.64	0.025918517	0.000221978954	0.0649737941	-0.0330123852	0.551518445	0.769559908	1.15328469	0.306606695	0.126740139	0.0111790564	19.329656
0.65	0.0209493709	8.59571853e-05	0.0638138533	-0.0336201554	0.551398245	0.947571082	1.33316584	0.305634666	0.118568554	0.0109872942	17.623903
0.66	0.023074457	0.000232790779	0.0627869542	-0.0342273125	0.550892978	1.07972023	1.47444805	0.30492628	0.0953195741	0.0112944158	17.571261
0.67	0.0292702233	0.000570433302	0.0619253873	-0.0348408109	0.549999531	1.16666003	1.56067085	0.304456088	0.0779885276	0.0107083964	17.645008
0.68	0.0357030141	0.000945137506	0.0612415623	-0.0354698952	0.548698927	1.22941638	1.59318012	0.304376721	0.0969888884	0.00968880276	17.630813
0.69	0.0410087945	0.00126147339	0.0607339601	-0.0361246262	0.54698919	1.2850681	1.58157671	0.304606625	0.136188692	0.00842570254	18.041686
0.7	0.0449746124	0.00149554433	0.0603991507	-0.0367967532	0.544952365	1.32741813	1.52354349	0.304934178	0.0933040171	0.0071366309	18.836247
0.71	0.0476883756	0.00166973377	0.0602149465	-0.037493914	0.542655428	1.3890123	1.44093151	0.305257714	0.0860256006	0.00593859893	17.486368
0.72	0.0492973618	0.00181149087	0.0601875361	-0.0382327836	0.540056806	1.47858448	1.34266093	0.305510568	0.114456565	0.0049047765	20.009067
0.73	0.0499415864	0.00193313715	0.0603097935	-0.0390051345	0.537046204	1.5747019	1.21652793	0.30563164	0.134706372	0.0040692886	19.856351
0.74	0.0497175534	0.00202700461	0.0605692312	-0.0398083311	0.533628994	1.66560585	1.06181698	0.305666111	0.086264423	0.00345286529	17.996347
0.75	0.0484581163	0.00207154749	0.0606741806	-0.0405710789	0.531362058	1.69823632	1.05649804	0.305767856	0.0539183268	0.00307352105	18.484878
0.76	0.0462186595	0.00205392381	0.0607019374	-0.0413053661	0.530065736	1.67697803	1.13912776	0.3058196	0.0630925171	0.00279196152	19.555774
0.77	0.0431948478	0.00199692874	0.0606708217	-0.0419937697	0.528991263	1.57012639	1.29528449	0.305904305	0.08945129	0.00254897661	19.145565
0.78	0.0393590278	0.00185918131	0.0606638764	-0.0426167058	0.528783549	1.40393207	1.46222575	0.305830054	0.0586788173	0.00234666796	18.20765
0.79	0.0350016398	0.00164137466	0.060731482	-0.0431753132	0.529202179	1.19940076	1.59618471	0.305650582	0.0913328409	0.00220827396	19.339424
0.8	0.0305441047	0.00137852516	0.0608534094	-0.0436763704	0.53027736	0.979323862	1.71986401	0.305477373	0.0492104995	0.0021024713	17.90406
0.81	0.0265156723	0.00110994951	0.0610230658	-0.0440904049	0.531826135	0.720292107	1.83308561	0.305361473	0.067497499	0.00207197539	20.168257
0.82	0.0234017507	0.000875205176	0.0612395836	-0.0444056264	0.533715442	0.457599404	1.92796234	0.305308501	0.0503092548	0.00217142157	19.132686
0.83	0.0213989142	0.000698811413	0.0615050445	-0.0446348008	0.535869269	0.22225561	2.02099585	0.305344366	0.0585866464	0.00231198694	19.068294
0.84	0.0204195921	0.000581379998	0.0618218048	-0.0447839361	0.538109763	0.027460997	2.09384929	0.305429595	0.0579858458	0.00251052261	19.338839
0.85	0.0199429084	0.000518055253	0.0621976364	-0.0447838822	0.539881045	-0.23276662	2.2118422	0.305704501	0.126929526	0.00274268405	18.704921
0.86	0.0199370908	0.000500689687	0.0626544078	-0.0447238648	0.541355229	-0.400441993	2.30590021	0.305914042	0.120123478	0.00302563938	16.88137
0.87	0.0203189604	0.000516190929	0.0632036521	-0.0446270434	0.542413474	-0.512099119	2.37853441	0.306080233	0.100297682	0.00307107443	18.284266
0.88	0.0211699363	0.000557899929	0.063864185	-0.0445180952	0.543058931	-0.550719266	2.40720165	0.3061623	0.0976015877	0.00293285355	19.168678
0.89	0.0224714089	0.000619583641	0.0646335961	-0.0444028891	0.543352141	-0.53134892	2.38711709	0.306167492	0.0661456354	0.00271706903	17.740318
0.9	0.0240741182	0.000695122299	0.0654910941	-0.044276852	0.543390691	-0.482922775	2.33294105	0.30612972	0.0699542391	0.00252377617	17.596878
0.91	0.0257717122	0.000780781299	0.0664092081	-0.0441373898	0.543198097	-0.41538873	2.26933054	0.306090095	0.0884088487	0.00241662	18.390087
0.92	0.0273293581	0.000869072885	0.0673768425	-0.0439902669	0.542815081	-0.335647219	2.20143546	0.306045216	0.0682760985	0.00242383819	19.652256
0.93	0.0285111755	0.000947580088	0.0683426874	-0.0438525121	0.542339592	-0.236800762	2.13078372	0.305983996	0.124136815	0.00253920944	16.273282
0.94	0.029090934	0.00100779143	0.0692433482	-0.0437224764	0.541811097	-0.162430268	2.08602864	0.305948327	0.0800261024	0.00272773783	19.001211
0.95	0.0288849425	0.00103532809	0.0701031695	-0.0435999773	0.541289711	-0.114950669	2.05240956	0.30589808	0.114458036	0.00287427781	17.221771
0.96	0.0278053916	0.00102306043	0.0708834436	-0.0435010296	0.540734629	-0.0643461955	2.02090696	0.305831252	0.102127293	0.00305724691	19.057847
0.97	0.0258545555	0.000965922285	0.0716555795	-0.0434417224	0.539953882	0.0176477819	1.94961078	0.305721602	0.127932961	0.00320681963	19.825828
0.98	0.0231389611	0.000870504145	0.0724355649	-0.043408648	0.538972922	0.115100334	1.85048634	0.305620745	0.122047088	0.00337917128	17.437492
0.99	0.0198933843	0.000751956098	0.0732412996	-0.0434097104	0.537774799	0.250962097	1.71479347	0.305532028	0.0736724133	0.0036028799	20.18937
1	0.0164248769	0.000592149289	0.0739782435	-0.0433876962	0.536751677	0.246248512	1.49324051	0.30533876	0.0415165807	0.00388649958	19.479456
1.01	0.0133967619	0.000454172448	0.0746553915	-0.0433582624	0.535811528	0.210086842	1.37868441	0.305457964	0.0664794928	0.00402135187	17.323631
1.02	0.0113020703	0.000342479429	0.0752266471	-0.0433913419	0.535308298	0.234391209	1.26426132	0.305522944	0.0693788691	0.00404436558	18.379943
1.03	0.0105914296	0.000261498688	0.0757168551	-0.0435231493	0.534900883	0.341156292	1.1184838	0.305550019	0.0649725643	0.00411718439	19.112748
1.04	0.0112566955	0.000201150545	0.0761285154	-0.0436861357	0.534823678	0.365515548	1.02371683	0.305662083	0.0611258992	0.00407298039	19.149764
1.05	0.0126878128	0.000162635405	0.0763711267	-0.0439154757	0.535323738	0.385500291	1.00664518	0.305825152	0.125935599	0.00406336183	16.774178
1.06	0.0143866399	0.000139813384	0.0765317661	-0.0442181018	0.536202787	0.417587455	1.02469301	0.30595675	0.056619953	0.00407094051	19.037007
1.07	0.0161059051	0.000125544028	0.0766347225	-0.0445825082	0.537443773	0.440347666	1.06769336	0.306040114	0.0730951839	0.00411411893	19.544819
1.08	0.0177022163	0.000117440731	0.0766967859	-0.0450337221	0.538946315	0.472924962	1.10772976	0.306054634	0.046168878	0.00421856855	16.06977
1.09	0.0191199927	0.000112618594	0.0767287377	-0.0455687137	0.540649811	0.512551083	1.13282968	0.306014212	0.0483528814	0.0043369314	19.734199
1.1	0.0204864318	0.000101050008	0.0767527085	-0.0461221139	0.542096797	0.462647562	1.06968842	0.305886579	0.0903577145	0.00442713142	18.764925
1.11	0.0215634359	0.00010278581	0.0767918943	-0.0467886611	0.543144873	0.4895292	1.07267956	0.30597783	0.126926586	0.00411318955	19.091858
1.12	0.0225460318	9.97604571e-05	0.0768741133	-0.0474770668	0.544163283	0.429022163	1.04213723	0.305964429	0.132238151	0.00401694829	18.021293
1.13	0.0233125297	9.79590506e-05	0.0770172004	-0.0481859043	0.545021372	0.344002998	1.01344604	0.305962477	0.129667075	0.00379394485	17.347828
1.14	0.0238105566	9.8175489e-05	0.0772035669	-0.0489053101	0.545757264	0.2407386	0.991902361	0.305967077	0.0712002498	0.00358027417	19.179257
1.15	0.0239717309	0.000101284312	0.0774374891	-0.0496390039	0.546407919	0.131624568	0.980085855	0.305973817	0.118324219	0.00339224661	19.0305
1.16	0.0237144775	0.000108858222	0.0777335227	-0.0503973236	0.546956768	0.0424933405	0.984375312	0.305990287	0.114199411	0.00329151181	16.56186
1.17	0.0229683227	0.000121078427	0.0780429152	-0.0511807221	0.547517392	-0.0130990602	1.02560325	0.306022486	0.0646351786	0.00337209238	19.098688
1.18	0.0216679444	0.000136452806	0.0783533142	-0.0519885929	0.548156185	-0.0435583955	1.09654536	0.306037661	0.0627995104	0.00364309559	17.059202
1.19	0.0197443665	0.000154520928	0.0786708677	-0.0528142574	0.548892262	-0.0417964629	1.18081871	0.306014491	0.0861402221	0.00409222066	17.205401
1.2	0.0172505125	0.000174826129	0.07903329	-0.0536290447	0.549540674	-0.0467945755	1.23409469	0.305928163	0.105826115	0.00467738384	19.426276
1.21	0.0143450661	0.000203821934	0.0794435384	-0.05442482	0.550122588	-0.0564904652	1.25643509	0.305811348	0.102431898	0.00515113821	20.992794
1.22	0.0114639297	0.000252516257	0.0799119299	-0.0552049873	0.550562805	-0.0624760146	1.25685931	0.305713258	0.133433779	0.0055456328	16.560194
1.23	0.00957668539	0.000330731105	0.0804337655	-0.0559555561	0.550790244	-0.0760464726	1.2307949	0.305639163	0.142806984	0.0061438804	20.008193
1.24	0.0100088657	0.000446279237	0.0810216375	-0.0566429418	0.550730471	-0.137553251	1.14697993	0.305556311	0.0950451844	0.00711093915	17.108887
1.25	0.0126918074	0.000606108853	0.0816698607	-0.0572677876	0.550389071	-0.231062656	1.01462616	0.305500175	0.0857304171	0.00726093212	20.435121
1.26	0.0163450255	0.000805347934	0.082391402	-0.0578237182	0.549627003	-0.336263277	0.832530907	0.305488732	0.0782968189	0.00675193479	17.72392
1.27	0.0200932219	0.00101960474	0.0830183443	-0.0582857032	0.549259776	-0.448522801	0.748904369	0.30564785	0.0816218612	0.00583674245	20.147724
1.28	0.0236049354	0.00123171429	0.0835692881	-0.0586687628	0.549178087	-0.544397794	0.713044788	0.305823005	0.0837069753	0.00652731809	18.38115
1.29	0.0268257329	0.00142999725	0.0840495567	-0.0589889615	0.549175769	-0.597382795	0.699318594	0.305972795	0.0832286761	0.00746144742	19.378362
1.3	0.0297999089	0.00162040585	0.0844650305	-0.0592082096	0.54917346	-0.669187672	0.651704265	0.306017292	0.0456336746	0.00807231921	16.626762
1.31	0.0325628292	0.00177042879	0.0847722798	-0.0594166076	0.548873769	-0.64629521	0.687329732	0.30620552	0.085020217	0.00744697407	17.650101
1.32	0.0353335939	0.00192185017	0.0849213055	-0.0595252352	0.548968026	-0.643527927	0.692390245	0.306192473	0.0711911961	0.00785134985	18.241418
1.33	0.0381744598	0.0020882751	0.0848993651	-0.0595051253	0.549522146	-0.671780205	0.71055982	0.306132212	0.10493816	0.00685021118	19.536808
1.34	0.0410465524	0.00228347219	0.0847489365	-0.0593486199	0.550420445	-0.729753589	0.716605898	0.306037732	0.0554166858	0.00579588912	19.406809
1.35	0.0437922005	0.00250863907	0.0845161359	-0.0590618848	0.55150976	-0.818392567	0.694792834	0.305935128	0.126230944	0.00469938367	19.118843
1.36	0.0461530004	0.00273424524	0.0842500568	-0.0586570858	0.552511346	-0.908642261	0.654512769	0.305884493	0.095451602	0.00411199327	18.677669
1.37	0.0478479731	0.00290358172	0.0839914068	-0.0581569426	0.553166372	-0.975053716	0.624293693	0.305938465	0.115033158	0.00462506958	17.657646
1.38	0.0486884483	0.00296765022	0.0837448135	-0.0575885706	0.553474049	-1.04217476	0.629298847	0.306079099	0.110116935	0.00534856251	17.866585
1.39	0.0486761045	0.00291124563	0.0835433433	-0.0569728361	0.553311519	-1.0854914	0.650454774	0.306233651	0.128747149	0.00542471752	18.703709
1.4	0.0479559953	0.00276217349	0.0834585916	-0.0563398577	0.552709292	-1.09162827	0.648811472	0.306306951	0.107822818	0.0050710229	17.839856
1.41	0.0466825467	0.00255613152	0.0835406541	-0.0557011276	0.551661149	-1.07035027	0.597175092	0.306261927	0.115500612	0.00469779217	18.07958
1.42	0.0450087864	0.00232976195	0.0837606326	-0.0550755712	0.550299442	-1.01061278	0.503116477	0.306155875	0.061933257	0.00449567393	19.562334
1.43	0.0430008733	0.00209603247	0.0840216871	-0.0544711328	0.548831759	-0.938394823	0.416338779	0.306096341	0.112903685	0.00442727446	17.765883
1.44	0.0407759562	0.00187010656	0.0842649244	-0.0539159234	0.547436079	-0.832178859	0.340211077	0.30604695	0.120337659	0.00408513379	17.92337
1.45	0.0384034839	0.00166438603	0.0845094303	-0.0534064609	0.54619313	-0.71792572	0.268477199	0.305995004	0.0990126077	0.00364857052	18.640419
1.46	0.0359213453	0.00148190501	0.0847496217	-0.0529439503	0.545043008	-0.61560614	0.194452847	0.30594769	0.0951076738	0.00319673315	18.73076
1.47	0.0333736863	0.00131803334	0.084946371	-0.0525310835	0.544006825	-0.519204951	0.132997613	0.305916382	0.114943125	0.00287951863	18.293287
1.48	0.030815106	0.00117291588	0.0851281494	-0.0521759036	0.543068679	-0.440087885	0.0766712683	0.305886938	0.110827941	0.0025766557	17.835578
1.49	0.0281525198	0.00100652248	0.0853759497	-0.0517666229	0.541653867	-0.477975541	0.0804881948	0.305995593	0.0756086474	0.00231524673	17.998
1.5	0.0260788017	0.000880725747	0.0854733013	-0.0515578987	0.540400836	-0.194462436	0.114583169	0.306074937	0.0554458164	0.00131937809	19.994474
1.51	0.0246898535	0.000784219736	0.0855158012	-0.0514840224	0.539682168	0.137405922	0.246518763	0.306157989	0.0635515944	0.00164675541	19.638685
1.52	0.0244106867	0.000728006651	0.0854784423	-0.0514786217	0.539640431	0.349663778	0.361376313	0.306005125	0.0556133086	0.00426306014	20.97512
1.53	0.0256720009	0.000728802532	0.0853695251	-0.0515428797	0.540177807	0.531924732	0.46899736	0.305778158	0.057449243	0.00541898582	17.747664
1.54	0.0285380659	0.000798598918	0.0852075032	-0.0516914364	0.541154478	0.702443847	0.558743024	0.305540084	0.0465892592	0.00583566687	18.572863
1.55	0.0327333296	0.000960719742	0.0850255182	-0.051931652	0.542496024	0.874590747	0.596965316	0.305294279	0.0615919336	0.00564256235	18.488242
1.56	0.0377076199	0.00122474318	0.0847991715	-0.0522470753	0.544229499	1.04075503	0.610467067	0.305121422	0.0738021877	0.00451223344	16.838591
1.57	0.042793618	0.00158896231	0.0845462459	-0.0526332573	0.546179121	1.17964563	0.570519847	0.3050022	0.0973220933	0.00327422426	18.581723
1.58	0.0472665252	0.00202699429	0.0843145047	-0.0530892498	0.548208582	1.29764383	0.470795973	0.304953556	0.0452706148	0.00211191907	17.152816
1.59	0.0503627924	0.00241395052	0.0840861982	-0.0535465604	0.549901482	1.35462403	0.393505498	0.305123948	0.0552342508	0.00350239299	18.218204
1.6	0.0516518283	0.00268894379	0.0838287411	-0.0540792818	0.551534664	1.40481994	0.308878549	0.305330236	0.121445315	0.00494441371	17.462472
1.61	0.0508826951	0.00276464907	0.0835704789	-0.0546665096	0.552913315	1.42040926	0.243236191	0.305588597	0.0669614901	0.00655361996	17.961749
1.62	0.0480839755	0.00260992308	0.0833631739	-0.0552872683	0.553924305	1.39355465	0.196818092	0.305858614	0.118802074	0.00755283864	19.665608
1.63	0.0435655059	0.00224821104	0.083210014	-0.0559302278	0.554537492	1.32219847	0.175339146	0.306096088	0.125171469	0.00651254712	19.699057
1.64	0.0380811056	0.0016146927	0.08312638	-0.0565799959	0.554782297	1.18812682	0.11020179	0.305081119	0.10542513	0.00550953272	17.997183
1.65	0.0330500756	0.0011283436	0.0831879009	-0.0572271729	0.554614904	1.03264421	0.0300623985	0.304499994	0.0771931823	0.00510486551	19.228765
1.66	0.0286975285	0.000789034148	0.0833825372	-0.0578789059	0.554076122	0.885490033	-0.0546371133	0.304296057	0.105800067	0.00454338745	19.87627
1.67	0.0250344083	0.000555011659	0.0837259483	-0.05854661	0.55317602	0.766677477	-0.139926354	0.304345611	0.0927348078	0.00373977541	20.972309
1.68	0.0221170844	0.000396362901	0.0842003169	-0.0592151086	0.552003004	0.65223993	-0.24643531	0.304497951	0.107102492	0.00274408351	21.794837
1.69	0.0199222848	0.000291123656	0.0847829206	-0.0598942184	0.550563917	0.54952993	-0.356795417	0.304716634	0.144859516	0.00183832178	20.160028
1.7	0.0183676309	0.000230018742	0.0854541637	-0.0605951501	0.548973658	0.482155204	-0.457909564	0.304953402	0.0801295904	0.000991815217	17.067762
1.71	0.0172104902	0.000208300922	0.0861239281	-0.0613393326	0.547391455	0.494237298	-0.495674817	0.305228019	0.127422218	0.000407427607	20.219561
1.72	0.0161446851	0.00022056726	0.0867469595	-0.0621195652	0.545903159	0.54972072	-0.470008749	0.305465341	0.119478357	0.00120091394	18.943412
1.73	0.0146830451	0.000259800139	0.0873083011	-0.0629324517	0.544416845	0.62591822	-0.396002751	0.305739676	0.123804078	0.00238280907	20.839276
1.74	0.0124647272	0.000299261823	0.0878576437	-0.0637011299	0.542379243	0.598583169	-0.39113597	0.305867106	0.095169877	0.00356478734	22.19848
1.75	0.00907905037	0.000350581432	0.0883795955	-0.0645120287	0.540403093	0.635306852	-0.317266051	0.306161773	0.0520076536	0.00367325313	25.26374
1.76	0.00497484865	0.000384972998	0.0887866934	-0.0652529108	0.53904319	0.528871272	-0.0495940375	0.306809516	0.0684611168	0.00597236435	24.987982
1.77	0.00431546958	0.000430632909	0.0891603303	-0.0659629009	0.538400527	0.402097686	0.231774448	0.307306345	0.09466581	0.0122826264	24.308471
1.78	0.011227289	0.000515728067	0.0895516896	-0.0666276432	0.538299866	0.21650694	0.474876591	0.307669634	0.0700680391	0.0168018364	21.818063
1.79	0.0205939021	0.00070482862	0.0899340221	-0.0673241062	0.538203484	0.0725258509	0.772266058	0.308374954	0.0756662748	0.0190792684	21.371964
1.8	0.0313350934	0.00104926473	0.0903100634	-0.0679619162	0.53861754	-0.159331057	0.977333779	0.308763583	0.0651233407	0.0215576913	20.240126
1.81	0.0430585147	0.00162478167	0.0906507351	-0.0685285861	0.53946982	-0.441597412	1.0963873	0.308907599	0.064657277	0.0210725404	19.240212
1.82	0.0552672296	0.00247599397	0.0909678038	-0.0690039731	0.540722989	-0.768309088	1.10759611	0.308710366	0.0857616327	0.0187484705	21.762627
1.83	0.0674194654	0.0035946948	0.0912204272	-0.0693793356	0.542351652	-1.10470842	1.02627609	0.30817362	0.0524633665	0.0149561197	21.664234
1.84	0.0789607196	0.00490574224	0.0913859436	-0.0696511725	0.544273596	-1.43315227	0.874925769	0.307325567	0.0320694195	0.0104615779	21.57585
1.85	0.0892729801	0.00624371863	0.0914950586	-0.0697424536	0.545921359	-1.86269529	0.742855673	0.306499479	0.132261053	0.00620180284	19.116033
1.86	0.0981187536	0.00747119068	0.0915111101	-0.0697790833	0.547544619	-2.18051641	0.594892945	0.305476055	0.122754078	0.00441922882	19.032392
1.87	0.105136627	0.00866698987	0.0914569581	-0.0698150704	0.548958446	-2.40389433	0.482646277	0.30508654	0.13012302	0.00470184883	18.245508
1.88	0.109696536	0.00963587108	0.0913522312	-0.0698661218	0.55010445	-2.53309044	0.406781391	0.305138695	0.0780445039	0.00565294503	18.696188
1.89	0.111392318	0.0101717353	0.0912015692	-0.0699290303	0.550975678	-2.58320606	0.373890121	0.305445407	0.0950215587	0.00605305563	19.457339
1.9	0.110192582	0.0101826858	0.0910123011	-0.0700278159	0.551650041	-2.53291199	0.364792809	0.305821832	0.108779436	0.00576996388	20.490091
1.91	0.106359981	0.00969260428	0.0908185691	-0.0701630356	0.552155993	-2.40521868	0.369644751	0.306163484	0.122003685	0.00523001534	18.037674
1.92	0.100569887	0.00861157757	0.0906316341	-0.0703210657	0.552479742	-2.19771086	0.35678921	0.305723531	0.0740316394	0.00459079505	19.902938
1.93	0.0938313318	0.00751011792	0.0904661103	-0.0705185049	0.552609313	-1.92522948	0.336607647	0.305518838	0.119424491	0.00418131293	19.457808
1.94	0.0866042201	0.00649582863	0.0903348332	-0.0707495522	0.552576566	-1.60892049	0.3008554	0.305471051	0.084473197	0.00423672214	18.380639
1.95	0.0791963561	0.00560184754	0.0902317203	-0.071027042	0.552425702	-1.25289232	0.239604562	0.305498755	0.0969296578	0.00443317165	20.815981
1.96	0.0718207694	0.00484349011	0.0901864646	-0.071363959	0.55216673	-0.855008428	0.129304373	0.305524137	0.0873277113	0.00490212633	18.708415
1.97	0.064562096	0.00418715942	0.0902020842	-0.0717430385	0.551656118	-0.443829747	-0.0105578298	0.30556444	0.14514011	0.00591744162	20.545919
1.98	0.0575214279	0.00363418057	0.0902884051	-0.0721709473	0.55105317	-0.0353552807	-0.18540134	0.305574146	0.141131725	0.00697618531	19.557433
1.99	0.0507035994	0.00314439558	0.0904514271	-0.0726094625	0.550248827	0.326403762	-0.363177223	0.305607022	0.106011176	0.00818239325	19.551652
2	0.0441666907	0.00269412196	0.090697572	-0.0730459963	0.549208011	0.618384208	-0.532486092	0.305660639	0.074635626	0.00884112457	20.369855
2.01	0.0380795323	0.00228398005	0.0909265897	-0.0734260725	0.548304302	0.690930408	-0.737723305	0.305576921	0.0577120359	0.00886013299	20.451601
2.02	0.0326438556	0.0019244589	0.0910589457	-0.0738377388	0.548003284	0.783487399	-0.83093764	0.305636312	0.0646914519	0.00999041091	19.951607
2.03	0.0280516427	0.00164155542	0.091127406	-0.0743606655	0.547847386	0.968320532	-0.953023289	0.305606717	0.0704279353	0.00882104805	18.635674
2.04	0.0245543083	0.00135313139	0.0911382057	-0.0748346194	0.547998853	1.01254307	-0.95807017	0.305676065	0.0812586414	0.00859394166	20.686208
2.05	0.0226183775	0.00111468147	0.0910936095	-0.0753286888	0.548719144	0.999931314	-0.953287864	0.305599676	0.0692276415	0.00635179073	21.319834
2.06	0.0222926846	0.000927535225	0.0910473123	-0.0757977472	0.54975278	0.926752286	-0.951394705	0.305457018	0.0905435289	0.00479871469	16.536099
2.07	0.0231720231	0.000784563456	0.0909979339	-0.0762362347	0.550916908	0.820145179	-0.937209686	0.305332708	0.0582787048	0.00370876049	19.915605
2.08	0.0246761155	0.000680541403	0.0909335426	-0.0766587976	0.552213231	0.724639549	-0.886837245	0.305268729	0.0624269655	0.00292789945	22.54108
2.09	0.0264127839	0.000606696637	0.0909062131	-0.0770470596	0.5535534	0.606085147	-0.816693424	0.305228304	0.0539335342	0.00245053605	19.933879
2.1	0.0280474007	0.000559179237	0.0909312429	-0.0774106257	0.554691293	0.494831156	-0.732651677	0.305225295	0.119499054	0.00247002281	17.242371
2.11	0.0294045964	0.000538938843	0.09100288	-0.0777816942	0.555471526	0.401465628	-0.663483365	0.305220248	0.0995533473	0.00294754874	20.696755
2.12	0.0304170002	0.000549381084	0.0911532663	-0.0781510356	0.555830537	0.340087411	-0.626235829	0.30520159	0.0915518774	0.00358430303	21.297029
2.13	0.0311465836	0.000592188119	0.0913901296	-0.0785151565	0.555779386	0.287967206	-0.62767625	0.305170806	0.127513514	0.00409692831	19.688425
2.14	0.0316895115	0.000665698645	0.09166728	-0.0788773047	0.55533719	0.242887164	-0.65048157	0.305164018	0.158180099	0.00419460336	20.218693
2.15	0.0321759492	0.000776034133	0.092010166	-0.0792446688	0.554556606	0.198907485	-0.716878251	0.305151757	0.158878014	0.00404541822	18.837182
2.16	0.0326627904	0.000923556951	0.0923919706	-0.0796367229	0.553637977	0.188745858	-0.796662082	0.305179303	0.119608378	0.0034454392	16.920051
2.17	0.0331920693	0.00109740884	0.0927685007	-0.0800468274	0.55260669	0.193051875	-0.880502613	0.305250297	0.0799707077	0.00295521965	18.500292
2.18	0.0337337828	0.00129147029	0.0931548739	-0.0804599097	0.551558782	0.197897561	-0.982118773	0.305324335	0.0935932277	0.00251827323	20.905639
2.19	0.0341469054	0.0015046392	0.0935576901	-0.0808749323	0.550654302	0.221405619	-1.10970729	0.305389291	0.117824049	0.00207047725	16.998165
2.2	0.0342002429	0.00171056697	0.0939145981	-0.0813007578	0.549932165	0.269177216	-1.22751897	0.305495204	0.134675017	0.00185199704	18.597306
2.21	0.0337080696	0.00188685619	0.0942448743	-0.0817337533	0.549405027	0.324208524	-1.33838888	0.305612643	0.105581187	0.00201632533	18.834559
2.22	0.0323536025	0.00197723876	0.0945629967	-0.08225365	0.54856348	0.530884234	-1.33441422	0.305951647	0.174622998	0.00228089017	19.548331
2.23	0.0306396632	0.00200426181	0.0948269076	-0.0826733061	0.547549109	0.540225514	-1.44743008	0.305995507	0.0774940057	0.00180763346	18.458009
2.24	0.0284868614	0.00200615151	0.0950448246	-0.0831290972	0.546967423	0.615436312	-1.51309967	0.306057953	0.0908089513	0.0017702188	17.588701
2.25	0.0260710977	0.00198690219	0.0952143803	-0.0836112254	0.54667249	0.732325399	-1.541485	0.306121774	0.0454900939	0.00178959977	17.707839
2.26	0.0236962961	0.00191995697	0.0952286294	-0.0840550552	0.546949571	0.744520135	-1.45271827	0.306259802	0.0649742117	0.00139337804	21.096935
2.27	0.0217964561	0.00182763846	0.0951519167	-0.0844361361	0.547674952	0.661143671	-1.30806803	0.306288848	0.0692320237	0.0014690349	16.337571
2.28	0.0209193137	0.00170796198	0.0950125957	-0.084728522	0.548775534	0.462906839	-1.15571711	0.305839741	0.0631997883	0.00344194852	18.651943
2.29	0.0216648102	0.00167671066	0.0948500534	-0.0849281292	0.550216744	0.298439275	-0.983848802	0.305505388	0.0957936315	0.0046707146	19.013384
2.3	0.0239665548	0.00173482898	0.0947041833	-0.0850636457	0.551933018	0.13687721	-0.808332238	0.305281162	0.0573086233	0.0059989006	17.910132
2.31	0.0275553478	0.00188788197	0.0945907094	-0.0851381308	0.553834889	-0.0178829339	-0.652546669	0.305135285	0.064756329	0.00718837158	18.58003
2.32	0.0321100417	0.00215048843	0.0946222848	-0.0851525252	0.555615649	-0.133612822	-0.561183561	0.305036226	0.121602196	0.00785219927	17.457388
2.33	0.03727654	0.00250528577	0.0947876749	-0.0851354145	0.557071878	-0.183605823	-0.475339678	0.30509582	0.0839902296	0.00779105981	17.124839
2.34	0.0427259896	0.00295414337	0.0950290428	-0.0850733557	0.558418398	-0.202723009	-0.434994487	0.30516771	0.0769297051	0.00826493135	17.57091
2.35	0.0481036655	0.00346153956	0.0953424526	-0.0849609408	0.559421904	-0.202152325	-0.412056117	0.305319802	0.136256241	0.00809174478	17.438235
2.36	0.053120592	0.00398998653	0.0957497176	-0.0848132549	0.560062665	-0.197475847	-0.409575115	0.305508186	0.109407388	0.00793731179	18.076858
2.37	0.0575850378	0.00450700189	0.0962303136	-0.0846445616	0.560481362	-0.19008913	-0.418706928	0.305701589	0.112685946	0.00780615209	19.81594
2.38	0.0613656961	0.00497579083	0.0967949849	-0.0844650917	0.560646955	-0.188978775	-0.438042638	0.305884901	0.145580857	0.00774353761	17.921064
2.39	0.0644336438	0.00539680279	0.0974822943	-0.084296783	0.560537188	-0.159727338	-0.501452936	0.30600336	0.126539142	0.00778759164	18.289317
2.4	0.0667592884	0.00575877492	0.098233141	-0.0841491821	0.560265176	-0.12417009	-0.591083452	0.30609508	0.103435857	0.00750520141	18.883304
2.41	0.0683370057	0.00603190887	0.0990190667	-0.0840313938	0.559778823	-0.102542879	-0.68809948	0.306184176	0.133257252	0.00705990677	17.751881
2.42	0.0692595074	0.00622730089	0.0998503936	-0.0839576388	0.559090574	-0.0581625913	-0.814699448	0.306210659	0.0647531509	0.0066797704	19.483292
2.43	0.0696224313	0.00635151981	0.100679823	-0.083945765	0.558267807	0.000806385987	-0.957311364	0.306203222	0.0874245887	0.00605975243	18.508211
2.44	0.0695405673	0.00640880108	0.101428394	-0.0840136871	0.557447424	0.0546507484	-1.08890806	0.306197158	0.112352371	0.00532514712	19.345636
2.45	0.0691653224	0.00639309137	0.102117298	-0.0841439058	0.556642297	0.0860712236	-1.20767917	0.306132854	0.0888545549	0.00462899835	20.204702
2.46	0.0686562807	0.00634345697	0.102762118	-0.0843241608	0.555759727	0.0777897775	-1.31582767	0.306116881	0.102526736	0.00405089415	20.135786
2.47	0.0681063678	0.00628185881	0.103390252	-0.0845554333	0.554659779	0.0570601795	-1.43642044	0.306139842	0.123623707	0.00362592351	18.482207
2.48	0.0675699259	0.00622060513	0.104026276	-0.0848311651	0.553407006	0.0342226499	-1.58478946	0.306143548	0.13475534	0.00312721156	19.642907
2.49	0.067045144	0.00614894951	0.104637485	-0.0851505174	0.552021046	-0.00930057692	-1.73964938	0.306178432	0.112774857	0.00260864951	18.455457
2.5	0.0665134508	0.00605670799	0.105248307	-0.0855225051	0.55044846	-0.0392828951	-1.90932514	0.306207279	0.0812292992	0.00243526808	20.676745
2.51	0.0659494194	0.00592750833	0.105832366	-0.0859599654	0.548661064	-0.0570852132	-2.08544897	0.306236751	0.0597811272	0.00267566942	21.469026
2.52	0.0655286128	0.00579252319	0.106091122	-0.0864606249	0.547888324	-0.0448345055	-2.14381886	0.306316129	0.0652350331	0.00323001345	20.558905
2.53	0.0652488081	0.00567488897	0.106180526	-0.0870897029	0.547577364	0.0800440229	-2.20073792	0.306242029	0.0565572896	0.00330451732	22.727855
2.54	0.0651807903	0.00553877247	0.106169565	-0.087698281	0.547467622	0.100991138	-2.14300436	0.306452698	0.0452714745	0.00353736539	24.123096
2.55	0.0653614764	0.0054278422	0.106074467	-0.0883818617	0.547915646	0.143748088	-2.04668023	0.306600439	0.0827054195	0.0030113	19.427806
2.56	0.0658513282	0.0053680099	0.105894638	-0.0891288648	0.548842507	0.206743686	-1.90613254	0.306776941	0.0564854111	0.00311746731	22.643402
2.57	0.0666775804	0.00536813145	0.105656709	-0.0898988456	0.550097008	0.248520362	-1.73207519	0.307012348	0.0581115478	0.00372732636	19.730845
2.58	0.0678282912	0.00544477878	0.105380495	-0.0906865519	0.551691898	0.282882549	-1.53001958	0.307308626	0.0619158037	0.00453995266	16.039618
2.59	0.0692499551	0.0056062463	0.105112889	-0.0914730315	0.553517802	0.287321361	-1.36282782	0.307506133	0.0792186206	0.00543176545	16.208551
2.6	0.0707856588	0.00585894478	0.104944952	-0.0922571307	0.555246505	0.321369786	-1.27420287	0.307584427	0.135509371	0.00551331528	16.42108
2.61	0.0722819251	0.0061726245	0.104868094	-0.0930104144	0.55674986	0.373826084	-1.22867507	0.307672412	0.107424101	0.00468015659	15.951228
2.62	0.0735455522	0.00650774287	0.104928766	-0.0937457785	0.557928458	0.467674344	-1.22310335	0.307755208	0.142202143	0.00377428572	18.134638
2.63	0.0744570426	0.00681931851	0.105046119	-0.0944654751	0.558856739	0.579104802	-1.23624201	0.307822068	0.0855870985	0.00307136517	20.373373
2.64	0.0749564033	0.00708440214	0.105172179	-0.0951711249	0.559618445	0.712442403	-1.25488779	0.307865033	0.128794745	0.00256772224	20.915186
2.65	0.0750548396	0.00728740934	0.105283117	-0.0958574667	0.560217116	0.832772714	-1.27884459	0.307872151	0.130688161	0.00222750491	18.62896
2.66	0.0748030083	0.00742718343	0.105370123	-0.096519882	0.560690258	0.911836259	-1.30775207	0.30784119	0.0921065189	0.00196958418	18.438414
2.67	0.0742433954	0.00750385061	0.105396068	-0.0971630953	0.561004602	0.947822972	-1.32163601	0.307852266	0.072709414	0.00183950784	15.946577
2.68	0.0734409351	0.00752435349	0.105394097	-0.0977696987	0.561173368	0.929962559	-1.34728667	0.307817765	0.100616524	0.00178540339	18.283724
2.69	0.0724450997	0.00749633007	0.105377551	-0.0983341559	0.56112324	0.854285625	-1.40083613	0.307719584	0.0961191903	0.00194311245	16.99083
2.7	0.0712875166	0.00743221719	0.105365105	-0.0988504513	0.560869615	0.739319346	-1.49761283	0.307516819	0.0697950632	0.00253428322	17.81905
2.71	0.069971048	0.00732794575	0.105365837	-0.0993030991	0.560373351	0.573029478	-1.6583157	0.307153879	0.0995288356	0.00370841305	15.75377
2.72	0.0684493352	0.00717562853	0.105394632	-0.0996844025	0.559573628	0.373646424	-1.88013308	0.306650752	0.126794984	0.00562764306	18.892164
2.73	0.0666496282	0.00696467964	0.105465355	-0.100004725	0.558485851	0.188488841	-2.15483138	0.306002765	0.145796175	0.0080088685	18.434415
2.74	0.0643914032	0.00679022257	0.105570195	-0.100262067	0.557091122	0.0269153961	-2.45570137	0.305683153	0.0927309818	0.0105678749	18.891416
2.75	0.061215649	0.00655983597	0.105679034	-0.100480229	0.555430275	-0.0697985394	-2.75005427	0.305632311	0.0578479513	0.01279726	16.309706
2.76	0.0568648811	0.00610661937	0.105534325	-0.100515792	0.55425634	-0.312290056	-2.83339535	0.30594593	0.0929214362	0.0143195288	17.220407
2.77	0.0514309121	0.00544773474	0.105255199	-0.100342212	0.553433757	-0.660492916	-2.78426558	0.306292358	0.0684516436	0.0123638498	19.594241
2.78	0.0453548525	0.00468196918	0.104908896	-0.0999054377	0.552686147	-1.18620726	-2.70173754	0.306465975	0.0658723178	0.00896208811	16.463458
2.79	0.0394588146	0.00391229144	0.104433808	-0.0992964249	0.552486368	-1.55039229	-2.57111618	0.306131975	0.0643160882	0.00622078916	18.361656
2.8	0.0347087012	0.00335191418	0.103876298	-0.0985961114	0.552870398	-1.76825796	-2.40842178	0.305870065	0.110079622	0.00410101999	18.425531
2.81	0.0314650386	0.00298832241	0.103224109	-0.0978066121	0.553750747	-1.90279415	-2.22758158	0.305674756	0.0605828009	0.0026096369	19.741507
2.82	0.0298328398	0.00278374072	0.102501812	-0.0970089206	0.554857261	-1.90425387	-1.97643269	0.305785331	0.0869836863	0.00204455045	18.981141
2.83	0.0297282748	0.00271377673	0.101718757	-0.0961350532	0.556536912	-1.89130437	-1.7376931	0.305844028	0.057461002	0.00264365228	18.203267
2.84	0.0309373233	0.00275485704	0.100934146	-0.095189443	0.558483387	-1.8519817	-1.5084645	0.305942264	0.0594507819	0.00335422045	18.120091
2.85	0.0331634074	0.00287564264	0.100246516	-0.0942003045	0.560128832	-1.75029396	-1.31265471	0.306080872	0.176168775	0.00377245429	16.606207
2.86	0.0361277566	0.00304809264	0.0996847342	-0.0931719213	0.561313082	-1.61582166	-1.1563476	0.306200047	0.129098333	0.00391320449	17.275962
2.87	0.0396302593	0.00325380646	0.0992542643	-0.0921091186	0.562051799	-1.46397588	-1.04693465	0.306219751	0.0978146572	0.00385977079	17.065554
2.88	0.0434943847	0.00350203347	0.0989752848	-0.0910418795	0.562321344	-1.28337997	-1.00813391	0.30616038	0.10523961	0.00354422697	16.931021
2.89	0.0474479824	0.00379340276	0.098879938	-0.0899769743	0.562127154	-1.07840361	-1.04892955	0.306063169	0.173282401	0.0027453569	17.191742
2.9	0.0511094835	0.00409523131	0.0989356395	-0.0889183856	0.56145299	-0.869401933	-1.14718074	0.305999475	0.140493467	0.00178431672	17.984202
2.91	0.0540907297	0.00436094238	0.0990966889	-0.0878636668	0.560385304	-0.684142454	-1.28060407	0.305995304	0.0654482348	0.00163045026	18.522132
2.92	0.0560636003	0.00454368774	0.0993094824	-0.086824672	0.559012824	-0.524442253	-1.43771189	0.306037054	0.0755739221	0.00232200918	18.292504
2.93	0.0568077454	0.0046054304	0.0995354525	-0.0857967796	0.55751506	-0.38832702	-1.59844607	0.306103776	0.146068175	0.00324767993	16.829689
2.94	0.0562026209	0.00452027624	0.0997682827	-0.0847911127	0.555925579	-0.296430643	-1.75500048	0.306182441	0.108937831	0.00401297974	20.141324
2.95	0.054257021	0.00428454777	0.0999864003	-0.0837970784	0.554300585	-0.267011873	-1.89747833	0.306264079	0.109257198	0.00454156272	20.800953
2.96	0.0511107254	0.00391974767	0.100216775	-0.0828096031	0.552615835	-0.289150741	-2.04625134	0.306261146	0.104005552	0.0048019372	19.109216
2.97	0.0469937039	0.00346713276	0.10048422	-0.0818018421	0.550838983	-0.361812408	-2.19296589	0.306219273	0.098243014	0.00515100812	17.560499
2.98	0.0421840824	0.00297313166	0.100753406	-0.0807681401	0.548995358	-0.483344644	-2.32062575	0.306193302	0.125272989	0.00527193358	18.342331
2.99	0.0370041534	0.00248025695	0.100956486	-0.0797115563	0.547156604	-0.634234615	-2.41717888	0.306184611	0.101637792	0.0050107613	19.620864
3	0.0317957031	0.00203246089	0.101173553	-0.07862228	0.545217879	-0.799015871	-2.51997488	0.306145819	0.0619704721	0.0044998775	21.448687
3.01	0.0269075946	0.00165904375	0.101328229	-0.0777174076	0.543256988	-0.689443206	-2.56794989	0.306200896	0.0660851816	0.0041948542	21.238037
3.02	0.0226988963	0.00134159046	0.101405593	-0.0768887905	0.541748455	-0.555445178	-2.48191594	0.306314714	0.0442455996	0.00313278799	21.136389
3.03	0.0197918173	0.001107881	0.101415483	-0.0761224317	0.540839382	-0.471309592	-2.35461703	0.306275322	0.0535359649	0.00108795834	21.311445
3.04	0.0186332963	0.000969829523	0.101464311	-0.0753815653	0.540362819	-0.426971932	-2.22430137	0.306247193	0.0635013372	0.00323013674	20.322173
3.05	0.0192747175	0.000893382101	0.101552143	-0.0745706231	0.539924166	-0.514091387	-2.03596448	0.306560759	0.0528976517	0.00536639257	19.06327
3.06	0.0216490225	0.000895987671	0.101643682	-0.0737943432	0.540082698	-0.559712587	-1.8957846	0.306722851	0.0569948227	0.00830692675	20.866535
3.07	0.0255148885	0.000982142435	0.101686885	-0.0730652314	0.540807522	-0.594611384	-1.79088431	0.306800264	0.0623191352	0.00942228298	18.652656
3.08	0.03054743	0.0011610554	0.101649116	-0.0723880599	0.54195506	-0.6134584	-1.7028827	0.306838034	0.0500279055	0.00930242961	17.546535
3.09	0.0364116225	0.00143509996	0.101547133	-0.0717531991	0.543427084	-0.627345282	-1.61448777	0.306837912	0.0764369885	0.0085481501	16.502365
3.1	0.0427477536	0.00179549591	0.101490017	-0.071167412	0.544876715	-0.626971991	-1.569773	0.306681161	0.134069227	0.00775033976	19.617519
3.11	0.0492461493	0.00222260227	0.101551726	-0.0706529363	0.546094525	-0.600045403	-1.56513712	0.306400676	0.108707337	0.00652589443	16.459802
3.12	0.0556136595	0.00268636529	0.101832343	-0.0702505543	0.546782465	-0.481047829	-1.59335776	0.306077408	0.121926579	0.00541172042	19.538174
3.13	0.0616014587	0.0032033915	0.102326532	-0.0699112505	0.54697937	-0.339746428	-1.66247453	0.305909528	0.096686291	0.00495224339	18.265102
3.14	0.0668434182	0.00370704294	0.10298528	-0.0696174093	0.546639306	-0.170404148	-1.72856994	0.305927452	0.104755287	0.00479616876	20.171713
3.15	0.0711135017	0.00414923181	0.10377446	-0.0693466482	0.545830102	0.0197230373	-1.80627519	0.306029718	0.129338146	0.00529187239	20.096046
3.16	0.0743474038	0.00448903802	0.104692656	-0.0690855249	0.544631362	0.217261256	-1.8910884	0.306160028	0.130982506	0.00586100068	18.319279
3.17	0.0766274837	0.00471485419	0.105715033	-0.0688124102	0.543146141	0.388590645	-1.99075072	0.306258741	0.0565277687	0.00655307467	16.570483
3.18	0.0781967876	0.00479338703	0.106789701	-0.0685244982	0.541498242	0.527049813	-2.09914191	0.30613482	0.0979619293	0.00711210009	17.175078
3.19	0.079410644	0.00483645871	0.10786287	-0.0682105095	0.53982679	0.621570753	-2.20417266	0.306076945	0.121477579	0.007454232	19.87849
3.2	0.0804568023	0.00489135849	0.108948965	-0.0678813797	0.538183297	0.699280897	-2.30411535	0.306129111	0.0956882775	0.00774398819	17.828416
3.21	0.0814113847	0.00498118011	0.110020402	-0.0675329598	0.536578596	0.759883271	-2.3946578	0.306343798	0.106362956	0.00808585575	17.293734
3.22	0.0822805121	0.00510567648	0.111040607	-0.0671673892	0.535078552	0.800401401	-2.46441447	0.306731187	0.126252466	0.00845174407	16.805726
3.23	0.0830928656	0.00531882425	0.111919509	-0.0669346583	0.534299677	0.945674487	-2.58736049	0.306898085	0.108566199	0.00888605553	19.236601
3.24	0.0838302775	0.00554168176	0.112519736	-0.0667060896	0.53398922	0.933346493	-2.54719145	0.307603448	0.0630722731	0.00794481498	17.771314
3.25	0.0845104255	0.00578152572	0.112871077	-0.0664055931	0.534857	0.819827645	-2.43229389	0.308269622	0.0614320248	0.00855510189	19.135743
3.26	0.0851152645	0.00605494675	0.113003613	-0.0660488716	0.536535038	0.65971687	-2.28932716	0.30887849	0.0809904759	0.00924088067	17.916143
3.27	0.0856271943	0.00636755401	0.113001373	-0.0656428956	0.538722605	0.463959106	-2.13000183	0.309502471	0.111700937	0.00935699437	19.827757
3.28	0.0860144377	0.0067194372	0.112900356	-0.0652208883	0.541308998	0.270037581	-1.94989144	0.310184773	0.0631882061	0.00918504743	18.517993
3.29	0.0862040596	0.00709379513	0.112755103	-0.064813886	0.544112044	0.086870706	-1.77741215	0.310857935	0.0542768113	0.00897456221	18.239808
3.3	0.0861210822	0.00747540654	0.112625049	-0.0643757658	0.547063668	-0.126307417	-1.65030645	0.311405912	0.0693531349	0.00849801617	17.707999
3.31	0.0856935946	0.00784311337	0.112514188	-0.0639476083	0.549935956	-0.335497965	-1.53705186	0.311989954	0.121628653	0.00748928117	18.572961
3.32	0.0848207442	0.00814669581	0.11243256	-0.0635031995	0.552485569	-0.536696178	-1.41706341	0.312684818	0.13153295	0.00657530954	17.101924
3.33	0.0834579761	0.00834917705	0.112357606	-0.0630459225	0.554676214	-0.737544535	-1.28430865	0.313462123	0.0763592538	0.00606774013	19.893079
3.34	0.0816504394	0.00844443294	0.112236015	-0.0625904089	0.55656556	-0.902641084	-1.14520134	0.314260869	0.111482028	0.00585158423	19.219055
3.35	0.0794956476	0.00844871289	0.11206143	-0.0621371021	0.558210538	-1.044071	-0.994937954	0.315089353	0.122576414	0.0056348729	17.423439
3.36	0.0771130791	0.0083877408	0.11185993	-0.0616860305	0.559639992	-1.15696748	-0.835722129	0.315946919	0.12108326	0.00547889186	17.974265
3.37	0.0746015762	0.00828928689	0.111717535	-0.0612387014	0.560800803	-1.24017512	-0.709167042	0.316729363	0.153081454	0.00543744828	19.067
3.38	0.0720524887	0.00817977156	0.111638306	-0.0607954992	0.561747152	-1.29476885	-0.614764886	0.317448886	0.0890209668	0.00516125716	19.94154
3.39	0.0695190316	0.00807276184	0.111633442	-0.0603623567	0.562493051	-1.31909926	-0.55964765	0.318086388	0.0823443203	0.00473207101	17.853678
3.4	0.0670037037	0.00796191871	0.111728857	-0.0599290564	0.562901976	-1.32555705	-0.542165568	0.31867533	0.0842341947	0.0041311431	17.755465
3.41	0.0645143728	0.00784060532	0.111905994	-0.0595007995	0.562975857	-1.28929843	-0.577673355	0.319151849	0.100180666	0.00352600431	17.552285
3.42	0.0620491692	0.00770012014	0.112143064	-0.0590713801	0.562722963	-1.22876526	-0.642579858	0.319577321	0.0597040244	0.00269261281	18.232616
3.43	0.05962789	0.00753717076	0.112440196	-0.0586376058	0.562255909	-1.15881137	-0.722430378	0.319948779	0.124915836	0.00199786355	16.762204
3.44	0.0572864162	0.00735262792	0.112768208	-0.058197498	0.561677507	-1.0833755	-0.808591288	0.320253301	0.1045571	0.00159352926	17.286641
3.45	0.05509486	0.00716206187	0.113113777	-0.0577645577	0.561121384	-0.982669888	-0.911446047	0.320430581	0.134484054	0.00139629854	17.540102
3.46	0.053108168	0.00698417438	0.113482402	-0.0573528452	0.560607136	-0.848751079	-1.05299376	0.320429046	0.120531349	0.00132804079	16.834025
3.47	0.0513548056	0.00683352071	0.113896824	-0.0569798839	0.560092862	-0.663035149	-1.24536915	0.320251947	0.112129819	0.00163360365	17.501519
3.48	0.0497261819	0.00665094811	0.114339475	-0.056553678	0.559014504	-0.570625267	-1.38169286	0.32034066	0.173287981	0.00256050878	17.540802
3.49	0.0483051131	0.0064681009	0.114807726	-0.0561857905	0.558009565	-0.41398671	-1.58732131	0.320108285	0.0426640995	0.00245004996	18.768103
3.5	0.0471075418	0.00629892406	0.115311214	-0.0558722839	0.556901059	-0.22768707	-1.84365647	0.319714392	0.101070035	0.00325636631	19.605278
3.51	0.0462682569	0.00618588918	0.115668991	-0.055712256	0.556641186	-0.00486779421	-2.01583386	0.319358371	0.0614643431	0.00451943258	19.299461
3.52	0.0457676059	0.00612491506	0.115958067	-0.0556961639	0.557061213	0.2481301	-2.14212144	0.318939595	0.0662093825	0.00484048926	18.714711
3.53	0.045542847	0.00611038904	0.116148109	-0.0558500892	0.557868757	0.574752564	-2.24907345	0.318451392	0.151090622	0.0047779611	19.525105
3.54	0.0456555347	0.00613226118	0.116204247	-0.0561422566	0.559155028	0.848372876	-2.26411745	0.318103123	0.049813428	0.00477549257	17.053273
3.55	0.0461122476	0.00618937802	0.116123209	-0.0565548293	0.560890517	1.08434511	-2.21763748	0.317786971	0.0669445043	0.00407936698	18.294149
3.56	0.0469705751	0.00628590921	0.11588351	-0.0570454641	0.563074478	1.24702557	-2.10156731	0.317545435	0.107906139	0.00337141065	16.281484
3.57	0.0482197722	0.00643333857	0.115505502	-0.0576183099	0.565533314	1.37315268	-1.94883508	0.31733336	0.0791520826	0.00290405416	17.808982
3.58	0.0498316927	0.00662716634	0.115068283	-0.0582395752	0.567947151	1.44441421	-1.78693434	0.317163296	0.0942739789	0.0028168272	20.8297
3.59	0.0517545919	0.0068627757	0.11464332	-0.0588721766	0.57016339	1.45367434	-1.64031572	0.317002585	0.0957967519	0.00285789596	15.070427
3.6	0.053918049	0.00714032244	0.114267167	-0.0595134766	0.572207505	1.41721857	-1.51260814	0.31683495	0.165392127	0.00283921945	15.688623
3.61	0.0562300127	0.00744759209	0.114006432	-0.0601538134	0.574003039	1.32020251	-1.43513946	0.316571264	0.133176188	0.00272348383	15.57693
3.62	0.0585701812	0.00778059111	0.113901255	-0.0608059101	0.575536309	1.20220353	-1.39658161	0.31626405	0.0987377807	0.00243776574	16.222349
3.63	0.0608278074	0.00811697114	0.113935966	-0.0614688091	0.576812939	1.05561815	-1.40346511	0.315872995	0.124263797	0.00224063017	15.939654
3.64	0.0628798941	0.00843904729	0.114154853	-0.0621310202	0.577698058	0.901323076	-1.47439622	0.315379213	0.123249648	0.00217172228	15.261184
3.65	0.0646252841	0.00873256509	0.114501524	-0.0627974229	0.578242475	0.775806303	-1.59364063	0.314823086	0.101785204	0.0024255731	17.621724
3.66	0.0660033633	0.00897217134	0.114885197	-0.0634745612	0.578488247	0.684537844	-1.70934859	0.314351142	0.137479715	0.00295740843	16.380601
3.67	0.0669952925	0.00913607559	0.115270164	-0.0641766681	0.578484927	0.630549551	-1.79193382	0.314018919	0.0608410722	0.00326740032	15.719228
3.68	0.0676460879	0.00922230061	0.115653607	-0.0649132468	0.578316292	0.62105645	-1.82982943	0.313824103	0.0901940004	0.00313794807	17.986405
3.69	0.0680588333	0.00924536203	0.11598403	-0.0656871258	0.578088732	0.649206379	-1.82144674	0.313738968	0.187805105	0.00280057131	17.450461
3.7	0.0683642588	0.0092382496	0.11626998	-0.0665004138	0.577807981	0.723835515	-1.76712329	0.313789007	0.093720941	0.00276849836	21.325083
3.71	0.0686733012	0.00923057058	0.116590881	-0.0673646534	0.577305003	0.859414491	-1.67990101	0.314007236	0.0741508974	0.00334475671	21.010668
3.72	0.0690753189	0.00923251395	0.11697009	-0.0682766038	0.576415903	1.03673278	-1.56524715	0.314427184	0.116703256	0.00451591946	18.045095
3.73	0.0696753132	0.00925908891	0.117394429	-0.0692226523	0.575270514	1.21083224	-1.43477483	0.314980137	0.106835732	0.00605493872	18.093362
3.74	0.0705143108	0.00931709293	0.117894529	-0.070179511	0.573780157	1.34180903	-1.33006069	0.315572456	0.0812991255	0.00755680943	17.59554
3.75	0.0716116139	0.00942219678	0.118462919	-0.0711385364	0.57204005	1.42377636	-1.25607239	0.316191904	0.0413039978	0.00849107127	19.065574
3.76	0.0729213767	0.00957298998	0.11910512	-0.072082239	0.570073829	1.44651388	-1.23289925	0.316778958	0.06415832	0.00889541332	19.085662
3.77	0.0743523406	0.00976242358	0.119852856	-0.0729921442	0.56791081	1.40390905	-1.29013905	0.317239089	0.0657192443	0.00864802632	20.229177
3.78	0.075779467	0.00997700368	0.120707041	-0.0738620676	0.565602193	1.30169591	-1.43245388	0.317547793	0.0450907027	0.00761386204	19.564345
3.79	0.0770138243	0.0101767498	0.121705265	-0.0747774811	0.562628163	1.29328477	-1.53352035	0.318217967	0.0675345182	0.00598578758	18.784952
3.8	0.0780237448	0.010305244	0.122698664	-0.0756470761	0.56004186	1.19626379	-1.65600383	0.318661633	0.0657527016	0.00589888279	18.063219
3.81	0.0787973649	0.0103902925	0.123668406	-0.0764682232	0.557804119	1.06765492	-1.78022204	0.318998462	0.0336358612	0.00540481125	18.08784
3.82	0.079339638	0.0104498865	0.124607248	-0.0772302419	0.555944078	0.918420182	-1.89390101	0.319286961	0.0558948122	0.00491195876	18.001876
3.83	0.079641034	0.0104865526	0.125465672	-0.0779107143	0.554469108	0.732357211	-1.99662889	0.319535403	0.052655243	0.00460979985	16.944931
3.84	0.0795810217	0.0104589014	0.12626356	-0.0784224436	0.552852864	0.428312862	-2.1827049	0.319574909	0.0577906044	0.00435227178	19.831288
3.85	0.07925194	0.0104487767	0.127062198	-0.0788857007	0.551484778	0.200941764	-2.3478217	0.319705022	0.126012796	0.00318792755	16.681609
3.86	0.0785673408	0.0104069738	0.12788589	-0.0792950122	0.550077501	0.0537222038	-2.48303521	0.319971751	0.122844102	0.00294182008	20.294677
3.87	0.0774983137	0.0103215711	0.128745729	-0.0796455404	0.548683774	0.0200998666	-2.64597606	0.320130584	0.112739566	0.00317105989	18.08871
3.88	0.0760870178	0.0101916791	0.129611404	-0.0799461717	0.547294682	0.0513086513	-2.81075261	0.320286219	0.066622646	0.0031656399	20.332726
3.89	0.0743592317	0.0100022854	0.130481305	-0.0801709446	0.545750521	0.0898118412	-2.96300584	0.320521343	0.138961406	0.0031082995	20.000497
3.9	0.0723726393	0.00975790382	0.131382315	-0.080320717	0.544026191	0.133316312	-3.10340147	0.320828875	0.0822257537	0.00301933009	20.639406
3.91	0.0701947137	0.00946204216	0.132261819	-0.0804324349	0.542139796	0.16138599	-3.22553213	0.321208827	0.148969283	0.00291879513	17.879132
3.92	0.0679220626	0.00912608221	0.133066295	-0.0805212217	0.540078301	0.186127372	-3.29871093	0.321755822	0.0336610527	0.00285113299	18.810336
3.93	0.0656596184	0.0087680639	0.133824333	-0.0805903465	0.537902355	0.190826705	-3.35938548	0.322326597	0.0884119208	0.00310409624	19.959212
3.94	0.0635378592	0.00842306351	0.134483331	-0.0806156969	0.535867288	0.146507118	-3.41817236	0.322843078	0.102902418	0.00344376954	20.13184
3.95	0.0615562581	0.00811715541	0.135088374	-0.0806536014	0.533611244	0.136507504	-3.60075629	0.323015112	0.106026588	0.00351385316	20.409313
3.96	0.0599608894	0.00791001677	0.13550647	-0.0807462606	0.531817769	0.240684065	-3.60103918	0.323733953	0.0486310573	0.00195431805	18.540065
3.97	0.0587253207	0.00775864266	0.135708444	-0.0808775268	0.530960343	0.328313206	-3.53160919	0.324372499	0.104471316	0.00264592758	20.903078
3.98	0.0579231935	0.00768029932	0.135730392	-0.0810380764	0.531016841	0.40340115	-3.40731466	0.324917665	0.101085644	0.00344197726	18.20068
3.99	0.0575909346	0.00765892934	0.1356768	-0.0811874048	0.53154022	0.446138123	-3.16838337	0.325707165	0.076196678	0.00418969937	20.288842
4	0.0578377936	0.00774363083	0.135543839	-0.0813996036	0.532958015	0.525318681	-2.89765704	0.326340407	0.0602059627	0.00603379181	17.629883
4.01	0.058701034	0.00796345047	0.135369067	-0.0816746793	0.535104419	0.637611355	-2.61211376	0.326873241	0.064862303	0.00743408459	17.783503
4.02	0.0600017562	0.00828043514	0.135227957	-0.0818851695	0.537466671	0.626068394	-2.43792652	0.32706355	0.0617697094	0.00838460902	18.94847
4.03	0.0618286903	0.0087820872	0.135096258	-0.0821221593	0.540472	0.668852933	-2.24476688	0.327314676	0.0376067302	0.00758486225	17.44203
4.04	0.0639233067	0.00942345903	0.134993609	-0.0825020422	0.543360395	0.911173429	-2.01265231	0.327812425	0.0641713895	0.00723481941	17.723929
4.05	0.0661286964	0.0101307054	0.134930496	-0.0829008504	0.54669144	1.09022348	-1.81848365	0.328095799	0.0550490873	0.00752820963	20.014423
4.06	0.0683135029	0.0108938588	0.134894386	-0.0833208857	0.550218104	1.25627565	-1.65559655	0.32826932	0.0490480733	0.00724203993	18.794938
4.07	0.0703228178	0.0116755614	0.134851293	-0.0837624314	0.553707335	1.41406543	-1.52499602	0.328382647	0.0912016415	0.0066586908	18.822447
4.08	0.0720496561	0.0124493333	0.134845872	-0.0842385764	0.557068238	1.56938281	-1.42278562	0.328471913	0.0557802995	0.00582507829	18.035048
4.09	0.0733645004	0.0131458662	0.134921583	-0.0847014162	0.559998059	1.68577024	-1.32993601	0.32865349	0.0494642708	0.00500918994	16.310881
4.1	0.0741954047	0.0137333059	0.135062474	-0.0851799179	0.562597229	1.77012595	-1.26682252	0.328797902	0.127243744	0.00455065588	16.665006
4.11	0.0745109904	0.0141904989	0.135310938	-0.0856489457	0.564779749	1.81200874	-1.2400114	0.328910467	0.0931163379	0.00407256119	19.30233
4.12	0.0743032971	0.0145069288	0.135641011	-0.0860980992	0.566544982	1.80565115	-1.24803946	0.328995613	0.115566133	0.00364734745	18.446734
4.13	0.0735981621	0.0146849026	0.136017794	-0.0865310576	0.567917274	1.75692796	-1.26565708	0.329132442	0.0981548813	0.00325233676	19.152948
4.14	0.0724480892	0.0147430185	0.136426567	-0.0869590214	0.568983892	1.69985435	-1.27695284	0.329346137	0.103158125	0.00300609164	16.565301
4.15	0.0709168556	0.0146960014	0.136831582	-0.0873898031	0.56978478	1.6592037	-1.26720247	0.329663501	0.081697802	0.002905243	18.646351
4.16	0.0690855179	0.0145608292	0.137236621	-0.0878125921	0.570327214	1.63572642	-1.25476171	0.330016787	0.102654888	0.00293735267	18.185236
4.17	0.0670834086	0.0143751938	0.137634396	-0.0882286509	0.570773461	1.60802905	-1.24461746	0.330363569	0.0571852152	0.00299340215	18.315877
4.18	0.065001154	0.0141590432	0.13798889	-0.0886266456	0.571056468	1.56938369	-1.22317744	0.330776981	0.110866043	0.0030207338	17.866495
4.19	0.0629021559	0.0139208818	0.138322332	-0.0890021921	0.571066135	1.51414055	-1.20777239	0.331226939	0.0939388927	0.00307368269	18.677099
4.2	0.0608470175	0.0136653903	0.138638616	-0.0893346688	0.570775014	1.42408288	-1.21090492	0.331676444	0.0807180591	0.00303831931	16.782396
4.21	0.0588852188	0.0134061471	0.138931161	-0.0896191247	0.570229603	1.30360415	-1.24380804	0.332076531	0.0961203955	0.00282478982	18.490722
4.22	0.0570147763	0.0131435028	0.139276637	-0.0898319589	0.569245515	1.16220828	-1.33662373	0.332382526	0.125899755	0.00235709195	19.100054
4.23	0.0552277023	0.0128774847	0.139674768	-0.0899762109	0.56782393	1.02261482	-1.4791835	0.332624413	0.0963336276	0.00166076785	19.78075
4.24	0.0535165806	0.0125977417	0.140083303	-0.0900759137	0.566074481	0.89650466	-1.63924109	0.332855073	0.0914580907	0.00125639176	20.725278
4.25	0.0518735264	0.0122884334	0.140500262	-0.0901210588	0.564096209	0.76432639	-1.83036101	0.332972631	0.0776177814	0.00145748602	19.877785
4.26	0.0503172985	0.0119683127	0.140895974	-0.0901397683	0.56206669	0.670384696	-2.01931413	0.333037435	0.0676063252	0.00206115412	18.541151
4.27	0.048866411	0.0116420621	0.141278061	-0.0901483881	0.560052358	0.621270583	-2.20079736	0.333037519	0.0495107971	0.00258614211	20.094318
4.28	0.0475554581	0.0113197278	0.141620195	-0.0901661576	0.558106256	0.641201856	-2.34179263	0.333060472	0.0814235105	0.00292664738	17.736334
4.29	0.0464658315	0.011046787	0.141896478	-0.0902327705	0.556517262	0.773638444	-2.49177545	0.332873085	0.0671750208	0.00280518516	20.578148
4.3	0.045662236	0.0107534698	0.142051695	-0.0902077513	0.555080526	0.706166287	-2.67566869	0.332457467	0.0699366895	0.00308482517	18.154366
4.31	0.0451675335	0.01054364	0.142108483	-0.0902854198	0.553678401	0.818513746	-2.70091836	0.33254595	0.0682440738	0.00405892024	21.17073
4.32	0.0450816378	0.0103752518	0.142022749	-0.0904191897	0.552897485	0.921081427	-2.696899	0.332451214	0.0940560129	0.00302199627	20.80295
4.33	0.0454957224	0.0102835229	0.141781699	-0.0906026369	0.552679131	1.03534248	-2.65108644	0.332287918	0.0503790184	0.00256226578	18.313918
4.34	0.0464569609	0.0102799755	0.14140662	-0.0908265656	0.552930815	1.14407418	-2.56645877	0.332105169	0.0704295729	0.00240613371	17.164201
4.35	0.0479256376	0.0103572859	0.140960896	-0.0910597757	0.553397406	1.22968974	-2.49130419	0.331831918	0.142081709	0.00253011393	18.141744
4.36	0.0498107563	0.0105037157	0.140513719	-0.0912781848	0.553745349	1.31032779	-2.4452304	0.3315157	0.115599198	0.00280192795	17.79018
4.37	0.0519999997	0.0106885098	0.140059077	-0.091487634	0.553861995	1.37519574	-2.40835425	0.331242507	0.0870547356	0.00305812549	19.738525
4.38	0.0543381928	0.0108529011	0.139646129	-0.091678808	0.553520444	1.38709027	-2.36812745	0.331076414	0.132914856	0.00328367425	17.842422
4.39	0.0567298649	0.0109727634	0.139271373	-0.0918529874	0.552810079	1.36147672	-2.33325375	0.330927445	0.117252898	0.0033714628	19.592808
4.4	0.0591043415	0.0110347015	0.138988776	-0.092009953	0.551771372	1.27734387	-2.32697983	0.330704338	0.0759354795	0.00337982578	18.920712
4.41	0.0614295706	0.0110484177	0.138804118	-0.092126998	0.550537579	1.12971609	-2.34448125	0.330409116	0.14223938	0.00337305346	18.570956
4.42	0.0636711614	0.0110242898	0.13867835	-0.0922101719	0.549192514	0.932917081	-2.37756284	0.330062521	0.0465897572	0.00329400152	18.533808
4.43	0.0657934337	0.0109616941	0.138586431	-0.0922462257	0.547815744	0.666978038	-2.39845091	0.32974765	0.096128295	0.00319159936	17.383123
4.44	0.0677731525	0.0108717192	0.138553936	-0.0922476525	0.546377842	0.372974208	-2.42525045	0.329420587	0.158252835	0.00297541599	17.644104
4.45	0.0695873347	0.0107583148	0.138563712	-0.0922194439	0.544860699	0.0682950687	-2.4583367	0.329097351	0.116005455	0.00274025745	18.825089
4.46	0.0712263101	0.0106312024	0.13858616	-0.0921845487	0.543312793	-0.22634552	-2.50914494	0.328741797	0.0897238307	0.00251730127	18.315919
4.47	0.0726743694	0.0104964813	0.138593203	-0.0921629036	0.541728032	-0.491716361	-2.58241649	0.328359791	0.0861955091	0.00243901799	19.136904
4.48	0.0739010421	0.0103521699	0.138577664	-0.0921552141	0.540122094	-0.743222108	-2.68054761	0.32795349	0.105253813	0.00262160171	19.248311
4.49	0.0751107897	0.0102644887	0.13834709	-0.0923009647	0.539228094	-0.726749474	-2.59514814	0.32803948	0.099750556	0.00313543852	18.548599
4.5	0.0761394537	0.0101272482	0.138016964	-0.0924744426	0.538505699	-0.649072416	-2.43609582	0.328257985	0.0652364797	0.00244203139	18.178278
4.51	0.0771767781	0.0100225518	0.137596961	-0.0926919055	0.538741473	-0.578568204	-2.27866899	0.328213383	0.0778437945	0.00255590669	19.496881
4.52	0.0783222283	0.0100096029	0.137156083	-0.0929882987	0.53968773	-0.466798888	-2.12336248	0.328082898	0.0750953771	0.00297908939	19.241441
4.53	0.0795620967	0.0101060614	0.136742095	-0.0933815314	0.541135516	-0.313144665	-1.9788914	0.327947024	0.087293904	0.00318892004	19.277264
4.54	0.0808048483	0.010305146	0.136398879	-0.0938941702	0.542916526	-0.116125782	-1.87531671	0.327765023	0.0505882589	0.00323629932	20.072123
4.55	0.0819174332	0.010590632	0.136164388	-0.0945388513	0.544913989	0.119936413	-1.84706923	0.327458536	0.06774041	0.00299241757	15.93003
4.56	0.0827466624	0.0109312633	0.136041596	-0.0953095716	0.547021352	0.376834773	-1.88914121	0.32706819	0.0360191916	0.00254002588	17.974369
4.57	0.0831408194	0.0112762404	0.135932907	-0.0962233775	0.549213106	0.659373122	-1.93603114	0.326772999	0.0953411226	0.00270253815	17.685232
4.58	0.0829506074	0.011555966	0.135862301	-0.0972570034	0.551354163	0.932993477	-1.99411667	0.326516329	0.0834503536	0.00336256095	18.91608
4.59	0.0820977117	0.0117222741	0.135861011	-0.0983755654	0.553378629	1.16660694	-2.06937071	0.326251763	0.0978330873	0.00402491061	16.661429
4.6	0.0805128781	0.0117388336	0.135980856	-0.0996018926	0.554822748	1.42675382	-2.0941323	0.326298043	0.129840297	0.00461647168	15.797666
4.61	0.0782662231	0.0115746781	0.136220979	-0.100872745	0.555936693	1.6151362	-2.13723702	0.326284382	0.135410126	0.00422024259	17.824835
4.62	0.0755016892	0.0112864429	0.136582985	-0.102195199	0.556738546	1.77995529	-2.17243234	0.326334197	0.115480164	0.0038661067	15.789878
4.63	0.0723825587	0.0109124644	0.137040562	-0.103583972	0.55724434	1.91258645	-2.1890788	0.326490607	0.0780199805	0.00334690265	18.151103
4.64	0.0690809141	0.0104973456	0.137596902	-0.105036769	0.557467296	2.02034027	-2.18601819	0.326770284	0.136526461	0.00279344532	16.806161
4.65	0.0657813071	0.0100811301	0.138195499	-0.106557634	0.557540108	2.1000263	-2.14629115	0.32720248	0.104719086	0.0025329769	19.278831
4.66	0.0626157614	0.00968145363	0.138809352	-0.108133992	0.557362857	2.14271775	-2.08767508	0.327752785	0.136662448	0.00294214806	18.485463
4.67	0.0597093811	0.00932841334	0.139465324	-0.109753512	0.556944931	2.15003698	-2.03360255	0.328358747	0.0446762053	0.00375544634	16.517704
4.68	0.0571490226	0.00903388315	0.140170092	-0.111387504	0.556294942	2.09271746	-2.01950972	0.32891383	0.117584335	0.00450135606	18.77259
4.69	0.0549616062	0.00881345719	0.140947228	-0.113028957	0.555384576	1.98309288	-2.04716407	0.32944236	0.0756749599	0.00469150051	18.172131
4.7	0.0531259019	0.00866752021	0.141782063	-0.114681217	0.554265486	1.84005574	-2.10883094	0.329947222	0.15409432	0.00449874568	19.059197
4.71	0.0515851797	0.0085894661	0.142663201	-0.116353835	0.552965685	1.69908284	-2.19089506	0.3304416	0.117555002	0.00408894735	18.73901
4.72	0.0503076201	0.00855319397	0.14357456	-0.118039857	0.551551437	1.54291202	-2.29410647	0.330867393	0.11569187	0.00366881662	17.683269
4.73	0.0492521752	0.00854576	0.144495979	-0.119731968	0.550040269	1.38414288	-2.4178294	0.331199893	0.10507429	0.00318940773	20.421578
4.74	0.0483870434	0.00855477842	0.145401675	-0.121434827	0.548386512	1.24135324	-2.54133294	0.331502319	0.0777072538	0.00265346049	17.74766
4.75	0.0477126663	0.00857333538	0.146315615	-0.12314628	0.546607944	1.11859589	-2.67649782	0.331716802	0.0549738326	0.00227098732	17.484818
4.76	0.0474419677	0.0085728962	0.147024016	-0.124759283	0.54533997	0.886805114	-2.63259256	0.332282091	0.064721251	0.00195326454	19.209151
4.77	0.047496834	0.00856392262	0.14756915	-0.126194081	0.544277741	0.64218135	-2.59349176	0.332613113	0.0498861746	0.00316304242	18.636906
4.78	0.0480776219	0.00864697364	0.147910343	-0.127552677	0.543975083	0.472256147	-2.51082695	0.332836645	0.113774399	0.00369715526	18.800704
4.79	0.0492065833	0.00883464231	0.148167556	-0.128890779	0.543793595	0.446168068	-2.3408746	0.333305667	0.0767127935	0.00411171273	17.13038
4.8	0.0509612513	0.0091057796	0.148314826	-0.130109621	0.544343744	0.383382966	-2.2285377	0.333365372	0.0666062295	0.0053006301	19.99685
4.81	0.053300437	0.00950641005	0.148412011	-0.131211483	0.545527184	0.306071592	-2.16901168	0.333175659	0.0610880313	0.00508739516	18.830467
4.82	0.0560664421	0.0100381398	0.148514938	-0.132180238	0.547172337	0.222491489	-2.15530685	0.332848664	0.0657246721	0.00412757269	19.735257
4.83	0.0590357406	0.010669213	0.148601273	-0.133024485	0.549175717	0.146199101	-2.16048776	0.332480713	0.0411343068	0.0029999686	19.508229
4.84	0.061968852	0.011337178	0.14866377	-0.133731873	0.551419585	0.0642818614	-2.15305151	0.332155868	0.0494288058	0.00227019905	16.624291
4.85	0.064582002	0.011930573	0.148756851	-0.134255903	0.553349606	-0.0633112767	-2.11267486	0.332011813	0.125986749	0.00218758224	18.312861
4.86	0.0667766733	0.0124447445	0.148860155	-0.13465176	0.555120504	-0.122958143	-2.0891837	0.331792835	0.0738536966	0.00230196045	17.861351
4.87	0.0684879099	0.012853733	0.149048441	-0.134943922	0.556502054	-0.132729812	-2.08524061	0.331569208	0.109496125	0.00228877714	17.875643
4.88	0.069705603	0.0131523519	0.1493426	-0.135137936	0.557469879	-0.101335971	-2.09872306	0.33136846	0.100714958	0.00223269714	16.816126
4.89	0.0704447777	0.0133434967	0.149749034	-0.135239166	0.558012327	-0.0359209265	-2.12548586	0.331220598	0.0720099272	0.00220383335	17.360841
4.9	0.0707329039	0.0134357464	0.150247006	-0.135268645	0.558161772	0.0514255985	-2.17449579	0.331097145	0.107506267	0.00225961607	16.901
4.91	0.0706169062	0.013440165	0.150818704	-0.135241949	0.557898694	0.158838228	-2.22948305	0.331072648	0.119491831	0.0023585979	19.420602
4.92	0.0701631488	0.0133642701	0.151415752	-0.135173404	0.557321624	0.267730467	-2.26413724	0.3312052	0.0522172049	0.0025367235	16.915234
4.93	0.069449088	0.013221288	0.152007524	-0.135086248	0.556501179	0.378093095	-2.28209873	0.331452441	0.108819919	0.00289907489	17.24122
4.94	0.0685694851	0.013023686	0.152574902	-0.134979842	0.555466471	0.478678729	-2.27193451	0.331843671	0.0756362542	0.00337421828	21.293931
4.95	0.0676378698	0.012811257	0.153084477	-0.134887396	0.554351038	0.608487287	-2.25472732	0.332271888	0.103517376	0.00402904732	16.937852
4.96	0.0667406128	0.0126121819	0.153559572	-0.13481849	0.553148538	0.769920701	-2.25132231	0.332692775	0.118297573	0.00452235162	15.856747
4.97	0.0659608602	0.012425335	0.153948652	-0.134757601	0.551928902	0.916272316	-2.21123568	0.333263301	0.12472493	0.00469579257	17.051563
4.98	0.0653633405	0.0122379026	0.154231821	-0.134695318	0.55072415	1.02493524	-2.11287778	0.334015116	0.1182958	0.00509552934	18.563876
4.99	0.0650226208	0.012027528	0.15431861	-0.134578035	0.550066739	0.946422619	-2.06691523	0.334422415	0.111492187	0.00586854755	17.253254
5	0.065034984	0.0119601813	0.154210559	-0.134586058	0.550014537	0.995115312	-2.01352819	0.33476075	0.0778910765	0.00530472911	18.346831
5.01	0.0654572606	0.0119229677	0.153885635	-0.134587079	0.550556066	0.910801485	-1.79509948	0.335532195	0.0638663606	0.00455960116	19.689439
5.02	0.0661978469	0.011955447	0.15340281	-0.134637623	0.551880796	0.827995684	-1.56224865	0.336103268	0.0709051573	0.00521183099	18.004335
5.03	0.0671778196	0.0120598334	0.152816622	-0.134736526	0.553703566	0.750739852	-1.3390047	0.336509447	0.0597560783	0.00538467033	16.830197
5.04	0.0683195295	0.0122435979	0.152182509	-0.134869916	0.555912209	0.67731768	-1.14780767	0.33674577	0.0681380256	0.00509021558	18.549787
5.05	0.0694681115	0.0124964365	0.151580838	-0.13504611	0.558160696	0.632034778	-1.00571068	0.33687029	0.0806278019	0.00432885734	15.439105
5.06	0.0705009913	0.0127939854	0.151035387	-0.135257723	0.560400028	0.601192917	-0.905988251	0.336917557	0.0681523743	0.00331329831	18.230851
5.07	0.0712733634	0.0130962022	0.150599438	-0.13548427	0.562478796	0.568611888	-0.870864804	0.336838089	0.0555291271	0.00238030822	17.898025
5.08	0.0716561512	0.0133823661	0.150298576	-0.135721162	0.564369208	0.557584288	-0.897148027	0.336642971	0.0764711646	0.00186238531	16.026116
5.09	0.0714873869	0.0136074172	0.150133981	-0.136015364	0.565695482	0.64929056	-0.875885457	0.336756325	0.0752446974	0.00240331699	17.583016
5.1	0.0708082007	0.0137181896	0.150049355	-0.136325288	0.566895007	0.744762724	-0.864995517	0.336780619	0.0993950545	0.00251356724	16.582165
5.11	0.0696561724	0.0137257092	0.150058625	-0.136644805	0.567881876	0.851318714	-0.87067593	0.336734851	0.0976367488	0.00255282448	15.954188
5.12	0.0681174938	0.0136611129	0.15016227	-0.136978979	0.568662341	0.976867084	-0.893350038	0.336644421	0.117846571	0.00257770652	19.706573
5.13	0.0662676302	0.0135365909	0.15035514	-0.137306851	0.569083549	1.10705067	-0.950077381	0.336513488	0.158956677	0.00259656746	19.908199
5.14	0.0641941178	0.0133697762	0.150568654	-0.137623274	0.569148844	1.24186723	-1.01874946	0.33642742	0.120653187	0.00271951464	17.712785
5.15	0.0620093849	0.0131841329	0.150805602	-0.137933455	0.569000516	1.37090337	-1.09921692	0.336357741	0.0758425964	0.0028478619	16.827799
5.16	0.0597803224	0.0129769477	0.151031802	-0.138238734	0.56857127	1.48736647	-1.16407261	0.336401322	0.141643694	0.00300228123	19.068464
5.17	0.0575930608	0.012756825	0.151246219	-0.138546698	0.567969812	1.6002994	-1.19376353	0.336572741	0.0980060038	0.00299958381	18.263985
5.18	0.0555487809	0.0125297421	0.151420898	-0.138860538	0.567379236	1.69435175	-1.20478326	0.336749308	0.0924756132	0.00281753366	19.709979
5.19	0.0537198435	0.0123063866	0.15152344	-0.139182888	0.566773309	1.77437607	-1.20242901	0.336923213	0.102465152	0.00269404187	17.472272
5.2	0.052176633	0.0120958852	0.151617373	-0.139489984	0.566117076	1.81762791	-1.22887034	0.33699008	0.132736909	0.00261255825	18.368461
5.21	0.0509666729	0.0119260024	0.151685919	-0.139790108	0.565498605	1.84244847	-1.27192749	0.336995112	0.100394792	0.00253763366	16.84664
5.22	0.0500896491	0.0118091977	0.151747781	-0.14008017	0.564909835	1.87071196	-1.32509388	0.336968355	0.0788494013	0.00247273083	18.984381
5.23	0.0495046757	0.0117292347	0.151832104	-0.140342494	0.564293535	1.89039035	-1.41217538	0.336838038	0.101662318	0.00247077644	20.137738
5.24	0.0491717637	0.0116885866	0.151953576	-0.140596787	0.563686811	1.92298068	-1.51298973	0.336660707	0.0736655808	0.00268913647	19.122486
5.25	0.0489500957	0.0116700442	0.152166058	-0.140896163	0.56254716	2.0518163	-1.5613335	0.336739431	0.0629121489	0.00296998758	18.178816
5.26	0.048885192	0.0116025655	0.152405431	-0.141160632	0.561511847	2.11305032	-1.67670337	0.336487587	0.0517351344	0.00261927793	16.684056
5.27	0.0489832317	0.0115181984	0.152670443	-0.141398805	0.560506351	2.12749373	-1.8382095	0.336058969	0.0603403326	0.00280475539	18.772618
5.28	0.0492205706	0.0114421823	0.152902077	-0.141634606	0.559549351	2.13534565	-2.00670515	0.33559597	0.0932114656	0.00332068327	19.2768
5.29	0.0495476135	0.011366946	0.153106332	-0.141871941	0.558585386	2.1374691	-2.17073666	0.335140525	0.0859854804	0.00385778468	19.948049
5.3	0.0499910699	0.0112590976	0.15322124	-0.142087236	0.557964064	2.04253001	-2.28708445	0.334739405	0.112193241	0.00426055238	19.103559
5.31	0.05044038	0.0110485774	0.153246505	-0.142177877	0.557214675	1.78298319	-2.4482531	0.334178089	0.0927186724	0.00419695159	19.193161
5.32	0.0509946335	0.0108704971	0.153194585	-0.142232083	0.55690214	1.52750921	-2.52569003	0.333774149	0.0776204956	0.00480557474	19.405236
5.33	0.0516364731	0.0107061642	0.153078076	-0.142249679	0.556942155	1.26077085	-2.53169057	0.333468334	0.0779900023	0.00449205674	17.397311
5.34	0.0523860125	0.0105438616	0.152904076	-0.1422086	0.55728649	0.953626765	-2.49284609	0.33317814	0.0755293868	0.00367571035	18.244215
5.35	0.0532550429	0.0104228761	0.152688227	-0.142082405	0.557735866	0.68994533	-2.4359077	0.332875504	0.183876425	0.00297500068	16.988827
5.36	0.0542528544	0.0103328883	0.152476463	-0.14187077	0.55798131	0.448863752	-2.37295492	0.332632045	0.148663517	0.00260538818	20.399353
5.37	0.0553997843	0.0102743758	0.152313451	-0.14158502	0.55791534	0.23088411	-2.30453281	0.332492649	0.121169266	0.00237760786	16.703563
5.38	0.0566926084	0.0102496518	0.152229547	-0.141237437	0.557482194	0.0633912902	-2.25455533	0.332394103	0.138166209	0.00225834063	17.277093
5.39	0.0581344859	0.0102522075	0.15222761	-0.140833834	0.55672906	-0.0691123062	-2.22033368	0.332342857	0.116808898	0.00226332328	17.293798
5.4	0.0597042576	0.0102792989	0.152286062	-0.140398961	0.555723423	-0.163873966	-2.2077168	0.332300036	0.0877526108	0.00236194859	17.666317
5.41	0.0613631665	0.0103235731	0.152394796	-0.139941321	0.554472411	-0.221764247	-2.21402876	0.332274596	0.112249795	0.00240889628	17.670795
5.42	0.0630592092	0.0103881097	0.15256262	-0.139485255	0.553020624	-0.215662058	-2.26374174	0.332173552	0.0670764663	0.00239415291	18.191932
5.43	0.0647145617	0.0104576811	0.152787201	-0.139036239	0.551324484	-0.162307306	-2.36351942	0.331998498	0.109986196	0.00210364211	21.032035
5.44	0.0662603975	0.0105241631	0.153022872	-0.138602716	0.549509195	-0.0708047538	-2.50252539	0.331755128	0.064194298	0.00170898001	17.638728
5.45	0.067623131	0.0105739736	0.153180713	-0.138200992	0.547696911	0.0530149577	-2.64928532	0.331501071	0.0979089533	0.00169223868	18.73074
5.46	0.0687384701	0.0106025023	0.15326864	-0.137840705	0.545993999	0.214274438	-2.81995816	0.331142399	0.135142107	0.00225809669	19.372256
5.47	0.0694656273	0.0105041014	0.153353097	-0.137420781	0.543801951	0.282725359	-2.91594525	0.331161975	0.110276692	0.00330050286	18.016025
5.48	0.0698299849	0.0103560183	0.153406905	-0.137055924	0.541720632	0.438564885	-3.0825813	0.330819294	0.100780571	0.00318077708	19.28324
5.49	0.0698690108	0.0101626811	0.153376304	-0.136732163	0.539755873	0.61395423	-3.26087906	0.330384915	0.076875795	0.00406748186	19.677499
5.5	0.0697670632	0.0100022694	0.15309987	-0.136629761	0.538559789	0.90564086	-3.23640212	0.330395894	0.0839123653	0.00518147086	16.08664
5.51	0.0694892526	0.00983998389	0.152670904	-0.136720315	0.537892476	1.25916572	-3.2280144	0.330128122	0.0473569978	0.00453370433	19.698804
5.52	0.0692118535	0.00966959644	0.152055401	-0.136921764	0.538048646	1.5151695	-3.13708043	0.329943987	0.0436457081	0.00466943665	17.904986
5.53	0.0690253672	0.00952738332	0.151351233	-0.137221392	0.538921409	1.72949063	-3.00431902	0.329750684	0.0675068023	0.0044204647	16.957112
5.54	0.0689894441	0.00941380755	0.150596804	-0.137602587	0.540443799	1.87503853	-2.84940843	0.329532196	0.0651989592	0.00411118578	18.425946
5.55	0.0691352509	0.0093376087	0.149778804	-0.138065171	0.542507218	1.97150263	-2.63889638	0.329437589	0.0647583496	0.00382352604	16.370268
5.56	0.0694464166	0.00926677153	0.148922472	-0.138571049	0.544865986	1.98941474	-2.3781764	0.329497659	0.0916622631	0.00343609969	17.695584
5.57	0.0699326854	0.00921283987	0.148055812	-0.13909656	0.547557296	1.94876596	-2.10786033	0.329554792	0.0634871323	0.00317473994	15.533476
5.58	0.0705658545	0.00914150483	0.147229798	-0.139577912	0.550198209	1.80003548	-1.82557802	0.32973645	0.0700608247	0.00318349552	18.663317
5.59	0.0712282253	0.00907507099	0.146500599	-0.139990897	0.552595202	1.59407816	-1.69460286	0.329540343	0.0994493442	0.00340369202	17.82438
5.6	0.0719050621	0.00907350767	0.145870355	-0.140423309	0.554899374	1.40653296	-1.58397985	0.329438078	0.131100978	0.00268756743	17.764505
5.61	0.072367655	0.0091049946	0.145388882	-0.140918405	0.556517799	1.3169263	-1.43377014	0.329691876	0.0974051763	0.00233746568	18.239662
5.62	0.0726022166	0.00909938614	0.145029003	-0.141395065	0.557974392	1.18829675	-1.34623756	0.329762935	0.153611325	0.0022835793	18.361408
5.63	0.072567054	0.00908006534	0.144820035	-0.141850634	0.559251708	1.05396953	-1.31895769	0.329691568	0.10399156	0.00206939563	17.948216
5.64	0.0722089592	0.00908460649	0.14464882	-0.142357635	0.56045021	1.02953768	-1.24449874	0.329795646	0.181967488	0.00193483419	18.061958
5.65	0.0715152898	0.00908526506	0.14451546	-0.142907358	0.561459622	1.09025328	-1.13542929	0.330015704	0.120395012	0.00182856831	18.269309
5.66	0.0705503572	0.00908028067	0.144441258	-0.143485153	0.562300563	1.2171654	-1.01504954	0.330262552	0.124845241	0.00187950185	18.651369
5.67	0.0694371235	0.00908355151	0.144419403	-0.144084554	0.563097875	1.37325744	-0.90415413	0.330460218	0.0609776666	0.00223657935	18.078571
5.68	0.0682891994	0.00910484085	0.144472003	-0.144691833	0.563839574	1.51355498	-0.822981242	0.330590423	0.11006711	0.00259694778	16.807373
5.69	0.0671540729	0.00913695733	0.144601748	-0.145276169	0.564364088	1.6078222	-0.782920571	0.33068905	0.145437273	0.00272921583	17.375814
5.7	0.0660460034	0.0091725096	0.144796151	-0.145817539	0.564662311	1.63819245	-0.801361094	0.330712921	0.112724334	0.00260372783	18.807603
5.71	0.0649423878	0.00921337333	0.1450377	-0.146319005	0.564743806	1.62746913	-0.87221925	0.330682886	0.129245467	0.00218119942	16.319726
5.72	0.0637854927	0.00924115309	0.14528943	-0.146764415	0.564551014	1.58304923	-0.992462442	0.330603027	0.116403001	0.00182936514	19.487785
5.73	0.0624924521	0.00924464231	0.145580151	-0.147158869	0.563904583	1.54699686	-1.14984966	0.330525861	0.132715521	0.00202862934	18.196049
5.74	0.0610109027	0.0092056273	0.14594577	-0.147502412	0.562787783	1.53007899	-1.35815337	0.330373554	0.0863140938	0.00272630456	17.046009
5.75	0.0593085248	0.0090957045	0.146379773	-0.147772005	0.561203547	1.49718786	-1.63414729	0.330072937	0.0678652036	0.00372136508	16.705312
5.76	0.0574978094	0.00888640517	0.146671978	-0.147868308	0.559816255	1.33984459	-1.79151104	0.330060237	0.087502252	0.00508475277	19.007776
5.77	0.0555931354	0.0085854255	0.146894728	-0.14776839	0.558569068	1.09088992	-1.90492259	0.330036641	0.0861933946	0.00477420476	19.554997
5.78	0.0537165345	0.00823179658	0.147036767	-0.14748637	0.557544803	0.782922329	-1.9551066	0.330057207	0.0823522992	0.0040544666	20.001021
5.79	0.0520217539	0.00787433723	0.147105995	-0.147059116	0.556730134	0.474953371	-1.93864029	0.330153274	0.0582907278	0.00290169937	19.851179
5.8	0.0505708627	0.00748724388	0.147174976	-0.146411698	0.555706159	0.0571540645	-1.95753763	0.330149608	0.0789729649	0.00165130222	18.024714
5.81	0.0496107817	0.00723356395	0.14728824	-0.14568018	0.555022925	-0.149227163	-2.00187236	0.329969826	0.100099396	0.0013594593	18.751436
5.82	0.0491841659	0.00709213469	0.147439486	-0.144898551	0.554640905	-0.236007777	-2.03802788	0.329802735	0.0838824888	0.00145280867	19.450082
5.83	0.0492291546	0.00705308916	0.147696964	-0.144152864	0.554185905	-0.15309401	-2.01993645	0.329866078	0.0527149069	0.00158911981	20.123768
5.84	0.0496807984	0.00706410284	0.147993884	-0.143361923	0.55408738	-0.0546000362	-2.04730096	0.329712418	0.070716959	0.00211126434	20.137477
5.85	0.0504510242	0.00712077773	0.148340014	-0.142540331	0.554006142	0.0756612971	-2.08860563	0.329560292	0.113318411	0.00228338429	19.776746
5.86	0.0514127964	0.00719524279	0.148778101	-0.141666061	0.553749383	0.197096798	-2.17401301	0.32935404	0.095332642	0.00237592427	19.59814
5.87	0.0524522371	0.00727758989	0.149279415	-0.140773439	0.553154023	0.339600597	-2.28265995	0.329173025	0.13855437	0.00229130987	19.167802
5.88	0.0534649094	0.0073406269	0.149794412	-0.139873867	0.552215859	0.478296944	-2.41953551	0.328971878	0.130664126	0.00220449667	18.457154
5.89	0.0543930669	0.00737975792	0.150332697	-0.138984835	0.550949759	0.628119304	-2.59022214	0.32871557	0.131218428	0.00207706674	18.201012
5.9	0.0552133526	0.00738285417	0.150863613	-0.138097673	0.54951939	0.756526202	-2.77348815	0.328434729	0.0918361604	0.00210572632	18.013833
5.91	0.0559214519	0.00734283527	0.151394433	-0.137201768	0.548083095	0.829579314	-2.96583108	0.328100303	0.13279039	0.00237059613	16.65718
5.92	0.056512444	0.00726579775	0.151869322	-0.136308838	0.546718542	0.866738917	-3.15616569	0.327715838	0.080313876	0.00278879107	17.087812
5.93	0.056989351	0.00715515433	0.152285458	-0.135427383	0.545416734	0.881792232	-3.33833233	0.327307912	0.0961933052	0.00328126423	17.242277
5.94	0.0573599574	0.00701345458	0.152654038	-0.134558053	0.544141852	0.88322242	-3.51179008	0.326888428	0.118311472	0.00375266368	18.085933
5.95	0.0576366127	0.0068367251	0.152984529	-0.133693738	0.54283189	0.862848494	-3.67611976	0.32647771	0.0571750312	0.00417958832	18.840354
5.96	0.0577248951	0.00663846565	0.153376683	-0.132914193	0.540929868	0.918348378	-3.92134428	0.325900742	0.100134185	0.00453006102	20.115383
5.97	0.0577821461	0.0063876938	0.153718937	-0.132107544	0.539087166	0.864586925	-4.12917501	0.325452202	0.149971176	0.00553662596	19.617223
5.98	0.057822417	0.0060851989	0.154020748	-0.131249788	0.537160343	0.721739724	-4.29186678	0.325144377	0.114731293	0.00597259006	19.434502
5.99	0.0579414228	0.0058210016	0.15398734	-0.130554565	0.535846553	0.740356541	-4.17964685	0.325446256	0.120280485	0.00586534635	17.692941
6	0.0582227496	0.00558235306	0.153838833	-0.130031922	0.534828445	0.884974637	-3.94708307	0.325859047	0.0772234853	0.00443244727	17.162903
6.01	0.0589833748	0.00537506434	0.15361957	-0.129625969	0.534547413	0.992171199	-3.71111241	0.32601869	0.0839537729	0.00491056705	19.177867
6.02	0.0603428804	0.00525999651	0.153371003	-0.129323783	0.534913374	1.10234998	-3.49117363	0.32602491	0.079326413	0.00603992493	18.906228
6.03	0.0623204974	0.00521097488	0.153144817	-0.129028633	0.53548371	1.12724443	-3.2336214	0.326289498	0.0629773624	0.00668087358	18.613997
6.04	0.0647683907	0.00528387581	0.152934955	-0.12880971	0.53665902	1.17860209	-3.03446363	0.326333659	0.0573232074	0.00756063688	16.51752
6.05	0.0675414036	0.00548359286	0.152743164	-0.128693565	0.538329826	1.25264294	-2.86753447	0.326316696	0.0510310505	0.00744297982	17.210086
6.06	0.0703782364	0.00580724165	0.152564936	-0.128718741	0.540265975	1.39783483	-2.74773239	0.326212145	0.0240856183	0.00690242574	16.494112
6.07	0.0731944979	0.00620482883	0.152361992	-0.128831626	0.542653657	1.50033314	-2.63584303	0.32610264	0.0648281223	0.00587822699	18.777138
6.08	0.0757727948	0.00665893382	0.152127629	-0.129043426	0.545406636	1.59845621	-2.52489234	0.3259626	0.0651035947	0.00502414644	17.836063
6.09	0.0779295916	0.00706115321	0.151918185	-0.129233235	0.54792681	1.55191202	-2.51464141	0.32561322	0.0717934696	0.00435908197	20.120429
6.1	0.0794090709	0.00747011611	0.151777403	-0.129530959	0.550014659	1.64060116	-2.40389061	0.325685754	0.139034263	0.00342851998	18.882492
6.11	0.0802511684	0.00779337328	0.151689656	-0.129858909	0.551997115	1.70332519	-2.30727155	0.32566292	0.13674629	0.00342665902	17.230937
6.12	0.0804644446	0.00802991145	0.151620656	-0.130206169	0.553804393	1.7532482	-2.21389217	0.325618629	0.15782723	0.00335721124	19.151334
6.13	0.0801076028	0.00819893667	0.15159041	-0.130573689	0.555389658	1.81476781	-2.10980253	0.32563192	0.105375275	0.00325979348	17.892577
6.14	0.0792723799	0.00831207545	0.151619125	-0.130968117	0.556710006	1.88631684	-1.9949128	0.325736572	0.151049956	0.00328677544	17.675709
6.15	0.0780546378	0.0083906983	0.151695881	-0.131393093	0.557771909	1.98662311	-1.86721739	0.325942387	0.117956013	0.00348112022	17.376997
6.16	0.076564611	0.00843643271	0.151879978	-0.131808919	0.558514553	2.07857194	-1.7745724	0.326135122	0.137964776	0.00384781373	17.595491
6.17	0.0749048488	0.00847276449	0.152115723	-0.132214152	0.559066235	2.16973387	-1.70189036	0.326354176	0.0498326589	0.00404633667	19.116629
6.18	0.0731457725	0.00850592817	0.152373524	-0.132598984	0.559450197	2.25298898	-1.64894408	0.326602769	0.0905728787	0.00411902085	18.722189
6.19	0.07133367	0.00852482919	0.152613183	-0.132960191	0.55969613	2.30117363	-1.62178216	0.326862222	0.109136051	0.00403746816	23.610634
6.2	0.0694963604	0.00852567288	0.152848481	-0.133287219	0.559851741	2.30383306	-1.63387398	0.32708514	0.0952863143	0.00372586938	17.04338
6.21	0.0676052288	0.00850493381	0.153086165	-0.133566897	0.559804781	2.27659252	-1.69328471	0.327260465	0.112666845	0.00318779781	20.740375
6.22	0.0656317128	0.00845940276	0.153328486	-0.133806027	0.55951824	2.23683928	-1.78779299	0.327416598	0.0952151069	0.00253530858	17.975413
6.23	0.0635615183	0.00838367341	0.153569077	-0.134009468	0.55908844	2.18950992	-1.91808044	0.327504583	0.123609248	0.00213930544	16.715079
6.24	0.0613425172	0.00825515961	0.153835048	-0.13415481	0.558343383	2.11718045	-2.10846736	0.327474921	0.10066157	0.00228169334	19.139451
6.25	0.0589711558	0.00807700542	0.15411407	-0.134250179	0.557372983	2.02701417	-2.33787236	0.327366423	0.0923086177	0.00312936556	16.821918
6.26	0.0564236013	0.00784090355	0.154442186	-0.134286134	0.556088956	1.9119996	-2.62083691	0.327146401	0.0998500386	0.00428339183	16.947498
6.27	0.0537161516	0.00755289467	0.154766617	-0.134274785	0.554650289	1.77066123	-2.95109372	0.326790911	0.0896048014	0.00562183451	17.51216
6.28	0.0508155324	0.00725928307	0.155137174	-0.134289145	0.55252766	1.73903585	-3.2232103	0.326681297	0.0725640648	0.00714964445	19.74383
6.29	0.0478747097	0.00685426804	0.155365451	-0.134205285	0.550887323	1.48540523	-3.46101856	0.326528952	0.0679297247	0.00737253135	19.539184
6.3	0.0450473668	0.00641864236	0.155504777	-0.13400427	0.54967071	1.11974649	-3.671767	0.326296723	0.0940353953	0.00721712959	19.6972
6.31	0.0424731899	0.00600100529	0.155571165	-0.133700528	0.54875961	0.703677126	-3.84916811	0.326041394	0.0765305757	0.00692820367	17.892906
6.32	0.0401911576	0.00558574191	0.155562987	-0.133225021	0.547783221	0.168435703	-4.04347994	0.325725337	0.088575767	0.00652806166	19.305667
6.33	0.0384479337	0.00525546266	0.155320234	-0.132647969	0.547317076	-0.308659266	-4.08741169	0.325705646	0.0840558774	0.00654545419	20.231005
6.34	0.0374176277	0.00503572048	0.154829621	-0.132007931	0.54758992	-0.615132473	-4.04456339	0.325618723	0.063886767	0.00556419137	18.895399
6.35	0.0371549633	0.00489778791	0.154134105	-0.131308358	0.548361074	-0.837839637	-3.9362319	0.325526826	0.143275154	0.00489988868	18.870613
6.36	0.0376739918	0.00483111673	0.15326993	-0.130552327	0.549355314	-0.968438764	-3.76609297	0.325502257	0.126498022	0.00444926088	16.549397
6.37	0.0388729632	0.00483419685	0.152410922	-0.129839918	0.549817748	-0.892262731	-3.66227864	0.325276899	0.168303113	0.00408619006	17.729577
6.38	0.0407310513	0.00488624951	0.151556295	-0.129093761	0.550369125	-0.791095309	-3.53926542	0.325092692	0.116454172	0.00395167307	19.538812
6.39	0.0430785788	0.00496101929	0.150793038	-0.128304169	0.550705838	-0.697926166	-3.41271372	0.324957288	0.1870979	0.00369143512	18.046222
6.4	0.0457865989	0.00505186117	0.150133953	-0.127496004	0.550832586	-0.580110773	-3.32082464	0.324696715	0.113519347	0.00332961664	18.72372
6.41	0.0487108402	0.00514234013	0.149601408	-0.126670923	0.550607069	-0.454898532	-3.27239941	0.324336853	0.10536099	0.00304653959	17.821586
6.42	0.0517252668	0.00520920759	0.149174219	-0.125802792	0.550017018	-0.371322013	-3.24259794	0.32398827	0.118002828	0.00288263292	17.898449
6.43	0.054753134	0.00524542074	0.148813618	-0.124894493	0.549165834	-0.334185195	-3.23855487	0.323587555	0.0963534175	0.00275106551	18.555347
6.44	0.0577492597	0.00524954006	0.148486032	-0.123959005	0.548145747	-0.346893809	-3.25403779	0.323143824	0.0613334233	0.00271262811	17.677259
6.45	0.0606828927	0.00522717374	0.148150883	-0.123014931	0.547048705	-0.397199543	-3.29472031	0.322622284	0.0800800539	0.00277301914	17.955656
6.46	0.0635398912	0.00518795586	0.147802504	-0.12206737	0.546048819	-0.486774196	-3.36325437	0.321997428	0.103381873	0.00305116766	17.561407
6.47	0.0662819363	0.00513983482	0.147454693	-0.121112556	0.545201263	-0.607287516	-3.46363739	0.321265835	0.117429845	0.00359669721	16.969941
6.48	0.0688324414	0.00508254047	0.147130971	-0.120146874	0.544475874	-0.760617645	-3.60017786	0.320438594	0.131024526	0.00440762245	17.578207
6.49	0.0710399948	0.0049639061	0.146883471	-0.119067346	0.543412178	-1.08283406	-3.66508302	0.320045082	0.0770798375	0.0054269283	20.952553
6.5	0.0730861568	0.00487394004	0.146545719	-0.118128303	0.543160052	-1.17035275	-3.6508226	0.319565529	0.0811554817	0.00477990061	18.640086
6.51	0.0748634531	0.00480513368	0.146201958	-0.117422291	0.543070832	-0.972252864	-3.65075674	0.318893382	0.0420336168	0.00397135674	19.807882
6.52	0.0764562169	0.00475549124	0.145890956	-0.116841382	0.543640903	-0.744982698	-3.58872027	0.318330509	0.0628350028	0.00399079931	18.18119
6.53	0.0778566913	0.00472601039	0.145670369	-0.116357169	0.544661219	-0.491174563	-3.48479556	0.317872434	0.0922536344	0.00345867432	17.381109
6.54	0.0790498857	0.00472269069	0.145549921	-0.115994977	0.546028938	-0.183445366	-3.35337327	0.317496694	0.087977287	0.00282850514	17.766756
6.55	0.0800291469	0.00474891943	0.145498035	-0.115769642	0.547709326	0.172014669	-3.2001745	0.317210111	0.0867971847	0.00276218113	19.558854
6.56	0.0807933315	0.00481223125	0.145485594	-0.115694218	0.549671107	0.575444435	-3.02700632	0.317024763	0.092602514	0.00336259539	18.746177
6.57	0.0813571236	0.00487158477	0.145515764	-0.115746608	0.55186156	0.843109812	-2.86055404	0.316931138	0.0857565806	0.00423685434	18.649568
6.58	0.081713885	0.00494977205	0.14562276	-0.115940204	0.554227622	1.07923621	-2.7061316	0.316906883	0.0807816686	0.00501997215	18.278868
6.59	0.0818216103	0.00505134583	0.145839572	-0.116290124	0.556654315	1.31124422	-2.58038131	0.316915674	0.0359974274	0.005611049	18.002625
6.6	0.0816147404	0.00512544113	0.146231749	-0.116749036	0.558610684	1.4714632	-2.44907962	0.317238434	0.143090564	0.00593214784	15.415689
6.61	0.0810469196	0.00515531334	0.146770387	-0.117296432	0.56016755	1.56177007	-2.34458072	0.317665595	0.179327662	0.00653359126	16.238229
6.62	0.0800994893	0.00514278996	0.147390656	-0.11791998	0.561262082	1.62119151	-2.25575691	0.318210709	0.159876812	0.00702133309	17.970494
6.63	0.078807518	0.00509499209	0.14814555	-0.118605052	0.561878175	1.65832889	-2.19293513	0.318832368	0.112668007	0.00739407571	17.09969
6.64	0.0772258725	0.00502052795	0.149010503	-0.11934172	0.56211035	1.6697457	-2.15542654	0.319499868	0.1420828	0.00771372427	19.680216
6.65	0.0754104974	0.00492437005	0.149959079	-0.120112586	0.561997528	1.64117837	-2.14326716	0.320201587	0.104433446	0.00794640769	20.019953
6.66	0.0734073366	0.00481646353	0.150971195	-0.1209175	0.561563888	1.57947217	-2.15202678	0.32094174	0.0779036842	0.00806678562	17.307306
6.67	0.0712467247	0.00471024881	0.152025713	-0.121759296	0.560805961	1.51493471	-2.16699063	0.32175002	0.058341304	0.00809884803	17.763823
6.68	0.0689868984	0.00459871963	0.153106324	-0.122620496	0.559805406	1.40710559	-2.21433402	0.322515774	0.0640095785	0.0081562397	18.470126
6.69	0.0666734428	0.00449184356	0.154183397	-0.123504172	0.558593377	1.26827059	-2.27204682	0.323300199	0.0818894194	0.00792188316	18.708926
6.7	0.0643447953	0.00440671888	0.155228628	-0.124424546	0.557271588	1.14649709	-2.31580457	0.324130505	0.12632193	0.00765801092	19.015998
6.71	0.062048546	0.00433520686	0.156273785	-0.125364943	0.555765704	1.01825782	-2.36182746	0.324957377	0.138375121	0.00752824003	19.341702
6.72	0.0598386813	0.00427833483	0.1572484	-0.126323252	0.554167865	0.886888795	-2.40203968	0.325767225	0.124268592	0.00741250369	19.82336
6.73	0.0577565405	0.00423701164	0.158224052	-0.127282124	0.5523553	0.753120477	-2.47079993	0.326483452	0.130903308	0.00722817795	16.341004
6.74	0.0558489821	0.00421679822	0.159164123	-0.128252006	0.550385061	0.636073224	-2.55203972	0.327151911	0.108590611	0.00676802277	18.729284
6.75	0.0541505773	0.00421473687	0.160030475	-0.129229405	0.54825979	0.535557396	-2.64206956	0.327777671	0.0889695624	0.00620225136	17.545652
6.76	0.0529640391	0.00419719233	0.160647671	-0.130078705	0.546778111	0.273150127	-2.54243018	0.328849122	0.0436742492	0.00553212911	19.233571
6.77	0.0522485175	0.00419213795	0.161032437	-0.130814016	0.545805965	-0.0374315438	-2.42882401	0.329675134	0.0608668408	0.00703692754	18.951077
6.78	0.0521194895	0.00425057431	0.161182361	-0.13149217	0.545592361	-0.253955613	-2.2767444	0.330321709	0.0656288313	0.00776624404	17.945003
6.79	0.0525697885	0.00438659763	0.161249507	-0.132181226	0.545462498	-0.289193246	-2.05933035	0.331054887	0.055759588	0.0080213954	17.28224
6.8	0.0536785042	0.00457543004	0.161173977	-0.132840169	0.546075907	-0.281676791	-1.89436174	0.331390526	0.0805661321	0.00851871736	19.179479
6.81	0.055385653	0.00482376517	0.160984478	-0.133450448	0.547356656	-0.242616313	-1.78233773	0.331444615	0.0662978593	0.00775240683	19.282028
6.82	0.0575003267	0.00511845217	0.160804223	-0.133989179	0.548971875	-0.208428621	-1.74313372	0.331290776	0.0939230271	0.00622826662	17.941147
6.83	0.0597534637	0.00544381114	0.16066416	-0.134454797	0.550632394	-0.159730646	-1.77658644	0.330979195	0.0844169985	0.00439734909	16.496887
6.84	0.0618827429	0.00577633428	0.160572918	-0.134860706	0.552216425	-0.0872276171	-1.88032901	0.33050802	0.0482927705	0.00281562244	19.370476
6.85	0.0636409471	0.0060561284	0.160580909	-0.13515266	0.553369082	-0.0476993622	-1.95040478	0.33029638	0.127520908	0.00277148414	17.537781
6.86	0.0648791147	0.00628296107	0.160649456	-0.135407825	0.554325924	0.0399404049	-2.03378931	0.329961941	0.0987675954	0.00318871575	16.988964
6.87	0.0655194476	0.00643099078	0.1607463	-0.135640378	0.555052895	0.137367521	-2.12221217	0.329556543	0.115154408	0.00361107676	16.259261
6.88	0.06557725	0.00648940077	0.160844114	-0.135847009	0.555577574	0.217217227	-2.18038497	0.329223415	0.0835920152	0.00392511395	16.855033
6.89	0.0651232944	0.00646461995	0.160946591	-0.136033772	0.5559294	0.274157749	-2.21336181	0.328950388	0.0893694106	0.00376620641	18.884899
6.9	0.0642657236	0.0063670799	0.161093176	-0.136190139	0.556070551	0.297451174	-2.21988015	0.328787044	0.112296983	0.00332670412	18.071575
6.91	0.0631392246	0.0062210084	0.161330311	-0.13633015	0.556035143	0.298143256	-2.22830738	0.328653701	0.102440084	0.00265566971	19.360344
6.92	0.0618764675	0.00603573999	0.161629579	-0.136445895	0.555860763	0.24841453	-2.21281875	0.328672301	0.05445355	0.00221657981	18.004413
6.93	0.0606104406	0.00583545952	0.161973852	-0.136546967	0.555600566	0.17861502	-2.18256366	0.328790869	0.0974846046	0.00210073275	18.037648
6.94	0.0594750009	0.00563405589	0.162315335	-0.136632651	0.55539215	0.0818881149	-2.11587321	0.329052621	0.0746383969	0.00257911555	19.654998
6.95	0.0585774386	0.00546146793	0.162612742	-0.136737247	0.55533112	0.0227680138	-2.03442209	0.329326468	0.121544244	0.00351952513	18.436162
6.96	0.0578499252	0.00534430239	0.162924914	-0.136926968	0.55487388	0.125277024	-2.05502799	0.329337021	0.0895749461	0.00430428023	17.185117
6.97	0.0574197594	0.00524422019	0.163205435	-0.137130593	0.554648045	0.17343684	-2.0274108	0.329573548	0.130029963	0.00365777695	18.709608
6.98	0.057261106	0.00515687847	0.163459228	-0.137348356	0.554518073	0.195783289	-1.96158929	0.329946508	0.13984012	0.00374439467	17.489534
6.99	0.0573371089	0.00508418037	0.163678693	-0.137593441	0.554473933	0.231205303	-1.88417464	0.330296824	0.0969176261	0.00414349668	20.31601
7	0.057629258	0.00502081622	0.163878447	-0.137870811	0.55446959	0.272706284	-1.80169463	0.33060678	0.050551322	0.00449188154	19.727433
7.01	0.0581761492	0.00493730406	0.163983598	-0.138100546	0.554939196	0.188548976	-1.8237649	0.330487072	0.0732999763	0.00481032347	18.801706
7.02	0.0590121329	0.0048584882	0.163957178	-0.138274552	0.555722243	0.059083281	-1.72790149	0.330772867	0.0469828421	0.00409503593	20.318254
7.03	0.0599932394	0.00481478633	0.163776054	-0.13846773	0.556851081	0.0057374977	-1.63346356	0.330881844	0.107679401	0.00427045933	19.156894
7.04	0.0610304658	0.00479482817	0.163521307	-0.138690608	0.558065248	-0.000742693619	-1.56387934	0.3308573	0.0737348846	0.00408774917	17.768746
7.05	0.062052571	0.00478605363	0.163192315	-0.138927804	0.559272857	0.00412383025	-1.51454243	0.330769373	0.0601054039	0.00370079288	17.144703
7.06	0.062993571	0.00478272498	0.162785748	-0.139165526	0.560444955	0.0144864956	-1.44961131	0.330735224	0.0765325388	0.00339036659	17.853545
7.07	0.0637725103	0.00478286203	0.162335664	-0.139417511	0.561520031	0.0495815386	-1.3689589	0.330726985	0.051827637	0.00330751709	19.120822
7.08	0.0643479774	0.00478299555	0.161790269	-0.139695709	0.562572049	0.115973428	-1.26300351	0.330724275	0.094578828	0.00332082587	17.973471
7.09	0.0647043947	0.00478164561	0.161230263	-0.140002412	0.563496938	0.209978345	-1.15985595	0.330666157	0.065008501	0.00336346895	17.195198
7.1	0.0648389272	0.004774402	0.160736102	-0.140328322	0.56412711	0.31374618	-1.07877833	0.330558647	0.14575596	0.00344224052	18.115117
7.11	0.0647839372	0.00475858251	0.160311134	-0.140658689	0.564534999	0.394617658	-1.03426391	0.330360265	0.130783785	0.00351362068	16.944497
7.12	0.0645579687	0.00474243835	0.159950119	-0.140999126	0.564795732	0.457041531	-1.01696501	0.330102434	0.0908792208	0.00364466696	17.985991
7.13	0.0641500696	0.00473352462	0.159676451	-0.141355487	0.564844525	0.518452447	-1.01606606	0.329834419	0.120856072	0.00379208768	15.936819
7.14	0.063559162	0.00473525795	0.159493052	-0.141737866	0.564687272	0.591341755	-1.03117356	0.329545416	0.0879524084	0.00387029013	15.793402
7.15	0.0627935146	0.00475520111	0.159411682	-0.142156658	0.564329836	0.699147817	-1.05320866	0.32925248	0.116067056	0.00389775681	17.562588
7.16	0.061897859	0.00479328475	0.159403834	-0.14261163	0.563854495	0.834535904	-1.07847991	0.328943257	0.0918078121	0.00381740721	18.889717
7.17	0.0609279852	0.00485247131	0.159464607	-0.143108812	0.5632998	0.995089698	-1.09661872	0.328645252	0.0549333703	0.00368127843	19.666203
7.18	0.0599765485	0.00491854834	0.159550252	-0.14362985	0.562814129	1.12675789	-1.13103741	0.328269825	0.103023618	0.00342713027	18.025295
7.19	0.059101925	0.00497823738	0.159607553	-0.144153915	0.56244263	1.19228546	-1.2021428	0.327785765	0.147763353	0.0033433186	18.945876
7.2	0.0582987178	0.00503965258	0.159636291	-0.144683559	0.562072415	1.22091049	-1.28467258	0.327322224	0.0963157453	0.00360919189	19.206911
7.21	0.0574783591	0.00512655671	0.159703861	-0.145276816	0.56120993	1.30386266	-1.30021827	0.327181898	0.0827132441	0.0039063925	18.416197
7.22	0.0567474228	0.00517477145	0.159765737	-0.145848792	0.560383875	1.29112832	-1.38167818	0.3268175	0.135496647	0.003308406	21.165958
7.23	0.0561007374	0.00520176264	0.159786614	-0.146400559	0.559461902	1.22498309	-1.49156082	0.326417374	0.129475217	0.00348964425	19.811048
7.24	0.0555253831	0.00521027794	0.15979909	-0.146925844	0.558375688	1.11415207	-1.6385936	0.325979767	0.0634374658	0.00391812068	19.306898
7.25	0.0549787963	0.00520044619	0.159837885	-0.147419861	0.557013623	0.968522897	-1.83755813	0.325486254	0.108837123	0.00458044645	17.897614
7.26	0.054416224	0.00518977454	0.159954777	-0.147904788	0.555304998	0.838554148	-2.06530445	0.325001216	0.104030294	0.00552734562	19.51497
7.27	0.0538001304	0.0051852396	0.160114553	-0.148387108	0.553283652	0.756496433	-2.29665701	0.324544217	0.0824874178	0.00636175413	19.115473
7.28	0.0531983141	0.00516469537	0.160177701	-0.148778063	0.551456704	0.644127975	-2.4149797	0.32435893	0.0667631703	0.00694721471	18.632227
7.29	0.0526694216	0.00512773083	0.16016156	-0.149081127	0.549850866	0.50523913	-2.45267984	0.324279944	0.0692206476	0.00611159759	20.706361
7.3	0.0522594873	0.00507242023	0.160052102	-0.149243283	0.548312555	0.34391163	-2.5459363	0.323898011	0.0502417405	0.0047500615	19.519708
7.31	0.0521925108	0.00505118113	0.159834674	-0.14935276	0.547432271	0.261587427	-2.58036669	0.323507911	0.0491503302	0.00472430533	17.844817
7.32	0.0525056334	0.00505481892	0.159563298	-0.149422254	0.547114986	0.236168598	-2.59169529	0.323063685	0.0764344172	0.00450790095	18.54499
7.33	0.0531724953	0.00507386868	0.159236121	-0.149455802	0.547294537	0.250278833	-2.57804707	0.32262173	0.0361954004	0.00436115072	15.814608
7.34	0.0540989181	0.00511305044	0.158950698	-0.149496574	0.547506836	0.319399357	-2.49220728	0.322431486	0.0563327738	0.00419618109	17.326366
7.35	0.0552113623	0.00514436926	0.158727665	-0.149482798	0.54789491	0.392036801	-2.42903375	0.322130331	0.12552291	0.00335728991	17.6868
7.36	0.0564191641	0.00516874162	0.158638023	-0.149411606	0.548106956	0.477114421	-2.41255777	0.321752242	0.116398895	0.00299272668	17.350409
7.37	0.0576449144	0.005188607	0.158731106	-0.149290029	0.548011508	0.582970589	-2.44233857	0.32134323	0.0998500164	0.0028418902	18.427695
7.38	0.0588092966	0.00519254585	0.158985341	-0.149109931	0.54764538	0.680690803	-2.51461169	0.320914282	0.102153213	0.00273322761	20.99268
7.39	0.0598388428	0.00517550545	0.15937782	-0.148872583	0.546982753	0.765939049	-2.61865436	0.320501712	0.0843419377	0.00268233361	17.836534
7.4	0.0606898618	0.00513079642	0.159864719	-0.148583373	0.546105548	0.8214825	-2.72943205	0.320157083	0.109724949	0.00265685445	19.046585
7.41	0.0613700645	0.00506750467	0.160360954	-0.148257437	0.545269635	0.866716398	-2.83982824	0.31979485	0.113581334	0.00255703749	22.491544
7.42	0.061890933	0.00498541328	0.160807645	-0.147905217	0.544536589	0.898721635	-2.9358629	0.319453992	0.0564421624	0.00253268743	19.521021
7.43	0.0622830103	0.00488790204	0.16115754	-0.147531931	0.54397064	0.920976761	-3.00359909	0.319162677	0.0896216642	0.00255175102	18.960802
7.44	0.0625897486	0.00478029312	0.161397032	-0.147148168	0.543630649	0.943931707	-3.04538098	0.318897928	0.113258179	0.00260361413	18.890181
7.45	0.0627268257	0.00470660991	0.161619263	-0.146835127	0.542939829	1.11680504	-3.17674958	0.318373332	0.106545118	0.00274519899	19.378944
7.46	0.0627529813	0.00455846444	0.161712217	-0.14642981	0.5419674	1.10023069	-3.14816732	0.318595762	0.110125065	0.00344462903	19.391855
7.47	0.0627747146	0.00441374836	0.161627841	-0.146029871	0.541340127	1.10530114	-3.09524695	0.318655102	0.140198782	0.00295588674	18.883688
7.48	0.0628596204	0.00426148214	0.161406415	-0.145629099	0.540735867	1.09000854	-3.01116592	0.318738076	0.146620848	0.00323869315	18.984676
7.49	0.0632594841	0.00411839868	0.160886562	-0.145256591	0.541244934	1.10641699	-2.85861018	0.318736776	0.0820322169	0.00376904877	19.398532
7.5	0.063987607	0.00397587924	0.160219916	-0.144884248	0.542394775	1.11361997	-2.72800185	0.318548749	0.137589961	0.00421605538	18.234119
7.51	0.064997101	0.00383672851	0.159455933	-0.144502292	0.544021887	1.10639509	-2.63078229	0.318230569	0.064515374	0.00437628857	16.726274
7.52	0.066172345	0.00369283524	0.158643809	-0.144085119	0.545875834	1.05068516	-2.56873371	0.317868446	0.0858049608	0.00452196789	19.407278
7.53	0.0673633579	0.00356724792	0.157765642	-0.143681906	0.548022369	1.00787846	-2.52527611	0.317439227	0.102574692	0.00483929776	20.451876
7.54	0.0684410002	0.00345447228	0.156817153	-0.143290843	0.550495295	0.951313838	-2.51018581	0.316882282	0.0563380977	0.00543832084	17.301458
7.55	0.0692521909	0.00336606255	0.155827725	-0.142940725	0.553193808	0.909414864	-2.5043265	0.316251041	0.079980378	0.00640701947	16.823201
7.56	0.0696790083	0.00328428495	0.154811804	-0.142605494	0.555892647	0.829344217	-2.48993565	0.315660803	0.0509969057	0.00745930529	16.945803
7.57	0.0696423481	0.00321485492	0.153799246	-0.142281452	0.558641942	0.73156088	-2.49316664	0.314958367	0.0869283749	0.00809419139	15.976119
7.58	0.0690905644	0.00316495092	0.152699021	-0.141975034	0.56143816	0.650598947	-2.47734619	0.314246931	0.117461777	0.00879364174	19.573031
7.59	0.0680213483	0.0031377067	0.151520277	-0.141699326	0.564196484	0.597916072	-2.43465176	0.313560672	0.0714216023	0.0093469768	17.165351
7.6	0.0664697656	0.00313895742	0.15032027	-0.141459577	0.566822669	0.594878648	-2.35915559	0.312928699	0.140680069	0.00969288755	16.001624
7.61	0.0645007997	0.00313285655	0.149193219	-0.141173693	0.568690143	0.507304469	-2.35312516	0.312227502	0.100761202	0.00968996409	18.374288
7.62	0.0621991019	0.00317323254	0.148180538	-0.140938043	0.570437292	0.522969158	-2.30929842	0.311581776	0.108074976	0.0102082702	15.311168
7.63	0.0596978396	0.00325183876	0.147315139	-0.140755942	0.571960489	0.603414438	-2.24675174	0.310957069	0.0884412683	0.010005125	15.548636
7.64	0.0571420683	0.00336125244	0.146618982	-0.140617662	0.573251558	0.715692925	-2.19004614	0.310290028	0.0714608864	0.00934129049	15.973248
7.65	0.0546616228	0.0035013872	0.146098086	-0.140529331	0.574303418	0.863873051	-2.12723029	0.309646594	0.127729325	0.00856890548	18.443723
7.66	0.052382719	0.00366600475	0.145765547	-0.140488395	0.575081166	1.0294403	-2.06717132	0.309025641	0.0947268121	0.00752092554	16.724546
7.67	0.0504180327	0.00385617488	0.145579053	-0.140510712	0.575666496	1.2229811	-1.98264087	0.30849988	0.0592195755	0.00633559623	19.480625
7.68	0.0488751027	0.00405615424	0.14549834	-0.140580575	0.576090186	1.40845703	-1.88361369	0.308050282	0.0929637521	0.00488262989	19.934066
7.69	0.0478293225	0.00425124824	0.145520718	-0.140681491	0.576384111	1.56794197	-1.79465386	0.307624799	0.0900228615	0.00355430705	18.79734
7.7	0.0473043451	0.00443050074	0.14561696	-0.140798811	0.576557867	1.6899939	-1.71909677	0.30723841	0.131960789	0.00279453415	19.641952
7.71	0.0472741447	0.00459033151	0.145791739	-0.140930548	0.576568546	1.78293528	-1.65893157	0.306906612	0.120845423	0.00265197448	17.382304
7.72	0.047681863	0.00472799481	0.146035705	-0.141066292	0.57641642	1.86059468	-1.62547992	0.306592236	0.097586321	0.00287658929	19.838807
7.73	0.0484505376	0.00483228543	0.146358909	-0.141194192	0.576070998	1.90582211	-1.63501949	0.306270857	0.140989075	0.00312205915	17.758433
7.74	0.0494873561	0.00490714185	0.146749327	-0.141306738	0.575483083	1.93044902	-1.67660221	0.305978888	0.0583876921	0.00317374997	18.780689
7.75	0.0507096686	0.00496592233	0.147135015	-0.14141066	0.574674819	1.963866	-1.70996056	0.305800094	0.0812646226	0.00309970743	18.215919
7.76	0.0520598927	0.00499510536	0.147548366	-0.141490157	0.573679556	1.9746853	-1.76641229	0.305626336	0.0998034919	0.00307585194	19.657679
7.77	0.0534919612	0.00499918182	0.14802687	-0.141545921	0.572462644	1.97013355	-1.85715959	0.305432096	0.070773484	0.00301027596	20.942546
7.78	0.0549935472	0.00497659594	0.148549144	-0.141584559	0.571229301	1.94216772	-1.9745946	0.305213416	0.092715739	0.00292269808	19.36245
7.79	0.0566002945	0.00488809833	0.149045927	-0.141521947	0.570347901	1.75020962	-2.03717065	0.30521141	0.0915747484	0.00295687049	19.008283
7.8	0.0582421958	0.00479308668	0.149575974	-0.141401376	0.569156221	1.4962925	-1.99599456	0.305603374	0.112078074	0.00378259672	18.704421
7.81	0.0599552386	0.00465967431	0.150202981	-0.141128901	0.567986006	1.12537874	-1.97920001	0.305917549	0.142746329	0.00577858883	20.195239
7.82	0.06178331	0.00450585607	0.150914762	-0.140695898	0.566742918	0.646560877	-1.97125505	0.306288603	0.0589190088	0.00776819365	17.545421
7.83	0.0637655775	0.00439115212	0.151628327	-0.140150998	0.565868782	0.292100484	-2.02613998	0.306304605	0.079120385	0.00965557875	17.878645
7.84	0.0658548224	0.0042951942	0.152316193	-0.139531262	0.565313548	-0.0120737293	-2.12659515	0.30617833	0.0813597629	0.00985585736	18.194212
7.85	0.06791605	0.00421905241	0.153005729	-0.138877117	0.564721295	-0.272821592	-2.24633413	0.306103203	0.157717718	0.00919171428	17.369076
7.86	0.0698030725	0.00415975324	0.153687523	-0.138199554	0.564011463	-0.488622695	-2.37620569	0.306078606	0.144751505	0.00831172095	18.755013
7.87	0.0714071287	0.00411238001	0.154345792	-0.137510344	0.563264312	-0.668534137	-2.51123801	0.306053794	0.152005784	0.00738544554	16.416936
7.88	0.0726544785	0.00407292902	0.154935953	-0.136810389	0.562539875	-0.822115684	-2.63131145	0.306047923	0.149780463	0.00650528997	19.073551
7.89	0.0734993379	0.00403958091	0.155434635	-0.136121282	0.561875767	-0.932164843	-2.74571063	0.305997247	0.101025435	0.00578618636	20.725055
7.9	0.0739223032	0.00400972865	0.155839298	-0.135455116	0.561230516	-0.985948009	-2.85235857	0.305931115	0.121141527	0.00504610966	18.329722
7.91	0.0739385532	0.00398191137	0.156119889	-0.134818466	0.560716701	-0.986672144	-2.95157197	0.305825304	0.0859864693	0.00434500059	17.448818
7.92	0.0735752038	0.00395367566	0.15624824	-0.13422344	0.560347305	-0.965771572	-3.02118542	0.305779249	0.10461252	0.0037224019	18.502374
7.93	0.072758928	0.00393975643	0.156332434	-0.133736673	0.559619417	-0.791543275	-3.1770473	0.305475104	0.14531021	0.00332480699	17.659778
7.94	0.0716021092	0.00392114504	0.156297573	-0.133280078	0.559178233	-0.684194243	-3.31387219	0.305236477	0.126318383	0.00359124485	18.821984
7.95	0.0700754742	0.00388576612	0.156249823	-0.132773757	0.558348699	-0.731697386	-3.37332233	0.305468397	0.115597003	0.00450380869	20.152994
7.96	0.0682555091	0.00386753507	0.156112907	-0.132325519	0.557731827	-0.732106578	-3.47974545	0.305329994	0.136294915	0.00393141134	17.217373
7.97	0.0662171859	0.00385959148	0.155887547	-0.131920052	0.557202815	-0.743992833	-3.59837243	0.305098454	0.109813991	0.00457231192	20.585131
7.98	0.0640324231	0.0038580825	0.155608156	-0.131520156	0.556708194	-0.808652398	-3.70775677	0.304896381	0.163999945	0.00550525178	17.77212
7.99	0.061772871	0.00386504597	0.155229226	-0.131122214	0.556344602	-0.923215129	-3.7908674	0.304719059	0.0731530972	0.00613194812	18.924442
8	0.0595999159	0.00389327996	0.154724136	-0.130840904	0.556547979	-0.905788992	-3.72016507	0.30478362	0.0894799644	0.00645876909	17.881185
8.01	0.0575889888	0.00393773099	0.154179742	-0.130681645	0.557074042	-0.807659734	-3.5445949	0.304985245	0.0804753321	0.00533851722	19.746286
8.02	0.0558370005	0.0039956742	0.153693767	-0.130653887	0.557816489	-0.647156731	-3.34889613	0.305086957	0.0679937452	0.00368409723	19.30491
8.03	0.0543604799	0.0040780779	0.153273386	-0.130818691	0.558379944	-0.342143487	-3.17676878	0.305061736	0.0620627898	0.00284300283	18.740334
8.04	0.0532550056	0.00416820376	0.152950819	-0.131121228	0.558971	-0.028028048	-2.98839507	0.305104871	0.106637167	0.00288738633	18.354807
8.05	0.0525350495	0.00426544717	0.152750774	-0.13155032	0.559499749	0.309635551	-2.81396852	0.305106876	0.0809473524	0.00303935044	17.637254
8.06	0.0521815493	0.00436737506	0.152680781	-0.132091427	0.559856269	0.651330575	-2.65299775	0.30510016	0.0620297736	0.00334379298	19.383124
8.07	0.0521948927	0.00443983411	0.152762511	-0.132712576	0.560064804	0.863320093	-2.54010341	0.305029272	0.08882678	0.00371239624	18.368564
8.08	0.0525532165	0.00448327312	0.152952065	-0.133396891	0.56021641	0.997219321	-2.48105465	0.304821315	0.0830817778	0.00404176982	17.81494
8.09	0.0532190661	0.00450000624	0.15317436	-0.134144675	0.56038471	1.08577748	-2.45821079	0.304521549	0.111394376	0.00421500591	18.231633
8.1	0.0541182538	0.0044912639	0.153489686	-0.134923457	0.560260484	1.10141736	-2.44694916	0.304328689	0.101030903	0.00424678069	17.460724
8.11	0.0551955313	0.00446356481	0.153870758	-0.135719145	0.559934091	1.05333974	-2.45416338	0.304154488	0.125429705	0.00424599486	15.775408
8.12	0.0564004785	0.00442781528	0.154332096	-0.136530121	0.559430728	0.969968095	-2.48610644	0.303954519	0.122323947	0.00418467676	17.65683
8.13	0.0576837737	0.00439386176	0.154845404	-0.137354591	0.558803188	0.874307403	-2.53157279	0.30374444	0.0988785326	0.00407316518	19.707112
8.14	0.0590139724	0.00435953805	0.155376548	-0.13818007	0.55818822	0.759300723	-2.59636497	0.303484721	0.0922769153	0.00395020471	17.653225
8.15	0.0603381798	0.00433261255	0.155962878	-0.139018263	0.557579237	0.64567009	-2.67745346	0.303196269	0.109292935	0.00377418885	18.006184
8.16	0.0615924187	0.0043156239	0.156571257	-0.139858949	0.556991464	0.531499563	-2.77378741	0.302881681	0.107921808	0.00362112835	18.154529
8.17	0.0627099968	0.00432084062	0.157195799	-0.140723965	0.556457035	0.451993703	-2.86449369	0.302581113	0.0708548749	0.0034678893	19.403029
8.18	0.0636545267	0.00435043724	0.157789912	-0.141604832	0.556083782	0.407192837	-2.9394325	0.302282305	0.115521459	0.00340135047	21.041401
8.19	0.0643003797	0.0044610787	0.158368988	-0.142567135	0.555376944	0.542040808	-2.89503512	0.302324274	0.106447698	0.00341979638	18.010041
8.2	0.0647598107	0.00456050198	0.158943517	-0.143436623	0.554437323	0.494835286	-2.97966507	0.302039486	0.0777865539	0.00385697858	21.903837
8.21	0.0650706262	0.00468748693	0.15947397	-0.144305525	0.553769323	0.512401829	-3.04154453	0.301760891	0.132291709	0.00361468164	19.566318
8.22	0.0652619846	0.00483289389	0.159995793	-0.145172661	0.553212526	0.551669991	-3.09655256	0.301503942	0.106014748	0.00358177971	18.445677
8.23	0.0653312345	0.00499804682	0.160478184	-0.146034428	0.552687565	0.600164579	-3.13705404	0.301306989	0.101616273	0.00359859043	18.598489
8.24	0.0652664914	0.00519331599	0.160907232	-0.146895172	0.552071336	0.674873757	-3.15233199	0.301208067	0.107183491	0.00362348435	22.32086
8.25	0.0652344078	0.00539357429	0.161180411	-0.14765711	0.551790294	0.604693022	-3.01413596	0.301556101	0.0805899435	0.00367196875	17.548619
8.26	0.0653176069	0.00559135534	0.161369009	-0.148281433	0.551698836	0.388592295	-2.80940695	0.302051664	0.100990088	0.00503612495	19.365507
8.27	0.065572183	0.00580542317	0.16145754	-0.148814798	0.551984014	0.220546036	-2.62241597	0.302272154	0.0718377949	0.00728944375	18.409005
8.28	0.0660570117	0.00601142681	0.161471339	-0.149259063	0.55247864	0.0389594549	-2.44031524	0.302467645	0.0714302427	0.00837553692	17.680632
8.29	0.0667769464	0.00619357257	0.161431376	-0.1495976	0.553188189	-0.155945961	-2.28836107	0.302589747	0.0479704692	0.00891761241	17.72875
8.3	0.0676985507	0.00635130571	0.161306355	-0.149823186	0.554098117	-0.347179117	-2.12963456	0.302762106	0.0580157964	0.00882880542	17.246588
8.31	0.0687418828	0.00651327703	0.161142969	-0.15000934	0.554990415	-0.432915074	-1.93323958	0.303033957	0.0841722125	0.00860002015	18.423214
8.32	0.0698631135	0.00663141568	0.160867719	-0.150085356	0.556212708	-0.603191653	-1.76941974	0.30317647	0.0750863109	0.00846107026	16.058687
8.33	0.0709804096	0.0067243341	0.160544829	-0.150087505	0.557562988	-0.710360064	-1.64213609	0.303168217	0.100546397	0.00793014853	15.556956
8.34	0.072007553	0.00679352878	0.160187574	-0.150039566	0.558972559	-0.768402363	-1.53796191	0.303093929	0.0562321634	0.0069040355	18.458073
8.35	0.0728413398	0.00684973082	0.1598259	-0.149982663	0.560280668	-0.752632759	-1.46211055	0.302952193	0.156857628	0.00576731155	17.89333
8.36	0.0734025252	0.00689395996	0.159473302	-0.149914598	0.561484122	-0.699319522	-1.4070199	0.302778596	0.119344833	0.00457399058	16.096112
8.37	0.0736342846	0.0069288414	0.159087513	-0.149836657	0.562593939	-0.628631246	-1.3444055	0.302665687	0.14358783	0.00363566859	15.872299
8.38	0.0735229655	0.00695768328	0.158647379	-0.149745128	0.563684201	-0.547260567	-1.25656587	0.30263282	0.141816333	0.0031012936	17.947407
8.39	0.0730701602	0.00698301312	0.158169971	-0.149645135	0.564697876	-0.454452675	-1.15801897	0.302640086	0.119761863	0.00285680485	18.247695
8.4	0.0722973778	0.00700285069	0.157698898	-0.149548608	0.565564494	-0.371080143	-1.07217787	0.302658738	0.0945101159	0.00277539284	15.576802
8.41	0.0712495381	0.00701904984	0.157232427	-0.149454816	0.566283782	-0.305813334	-0.991594231	0.302726579	0.0813459134	0.00284043495	15.989142
8.42	0.0699847859	0.00703088242	0.156800319	-0.149354913	0.566862827	-0.273578129	-0.921572386	0.302831993	0.0688208276	0.00294210976	17.802272
8.43	0.0685612221	0.00703889586	0.156400253	-0.149255592	0.567349706	-0.246796459	-0.886234363	0.302862416	0.133084013	0.0030274059	17.748475
8.44	0.0670232291	0.00704209999	0.156036593	-0.149157489	0.567744561	-0.223894983	-0.886137363	0.302832592	0.0774746961	0.00329753434	18.563392
8.45	0.0654030648	0.00703966066	0.155743623	-0.14905826	0.568026319	-0.206998697	-0.924270681	0.302748873	0.129764235	0.00371333192	18.792511
8.46	0.0637104245	0.00703541281	0.155550087	-0.148948415	0.568133259	-0.202506437	-1.00258472	0.302610938	0.116030619	0.00421303574	18.892939
8.47	0.0619525835	0.00703633434	0.155421389	-0.148812925	0.568079652	-0.23231675	-1.08732333	0.302512707	0.129389995	0.00472486172	17.388244
8.48	0.0601463844	0.00704890473	0.155347869	-0.148663213	0.567885504	-0.273008575	-1.19142411	0.302360808	0.145789825	0.00490156893	20.52576
8.49	0.0582907292	0.00707865925	0.155414035	-0.148495764	0.56734607	-0.311168299	-1.33955081	0.302129977	0.104263936	0.00511345833	16.040322
8.5	0.0563811821	0.00713031054	0.155623255	-0.148317803	0.566372668	-0.340000166	-1.54203446	0.301806498	0.0796153854	0.00543105999	17.023504
8.51	0.054437046	0.00720355597	0.155936398	-0.148136672	0.565070151	-0.346558321	-1.79439329	0.301363496	0.0632300201	0.00596961215	18.970101
8.52	0.0524495682	0.00726767566	0.156322491	-0.148021826	0.563759437	-0.25507562	-1.98780321	0.301219941	0.0851321326	0.00680177448	16.122862
8.53	0.0502853768	0.00735483827	0.156833122	-0.147984099	0.562381816	-0.0997069172	-2.15004324	0.301205147	0.0978429786	0.00648548626	16.942652
8.54	0.0479865707	0.00745025346	0.157353209	-0.147975132	0.561366102	-0.0230877804	-2.28138527	0.301228962	0.0778253239	0.00576588465	18.919886
8.55	0.0456304952	0.00755954951	0.157852792	-0.147987619	0.560770428	0.0186286013	-2.37571522	0.301250257	0.0450871876	0.00485366403	16.022287
8.56	0.0431903974	0.00764729036	0.158373486	-0.148068464	0.560176285	0.104657578	-2.53556445	0.301168081	0.094509815	0.00396135349	17.881706
8.57	0.0407615912	0.00782697389	0.158841034	-0.148100332	0.559734526	0.102838388	-2.58159726	0.30127267	0.058389764	0.00419117858	19.340507
8.58	0.0386546115	0.00801424135	0.159201546	-0.148153112	0.559749626	0.136836922	-2.58541896	0.301265208	0.077201997	0.00318340477	18.912109
8.59	0.0370076788	0.00821696645	0.159439273	-0.148214327	0.560038142	0.181889172	-2.5347068	0.301211234	0.0625009944	0.00289847786	19.115176
8.6	0.0359009204	0.00841402225	0.15964478	-0.148289245	0.560139112	0.231204323	-2.46278627	0.301206841	0.165269477	0.00317131427	18.391781
8.61	0.0353526664	0.00860016059	0.159829844	-0.148389769	0.560058399	0.310722037	-2.3618783	0.301275588	0.136290643	0.00361002669	20.272326
8.62	0.0353504188	0.00877287159	0.160001214	-0.148516805	0.559774436	0.414051247	-2.24345353	0.301371141	0.136291126	0.00410757556	18.229594
8.63	0.0358635175	0.00890582803	0.160132131	-0.148579208	0.558938164	0.400609109	-2.20350412	0.301339369	0.121659773	0.00459789802	17.140395
8.64	0.0368802354	0.00902272144	0.160178064	-0.14866893	0.558190463	0.428191955	-2.10710199	0.301368589	0.0665566149	0.0043500525	20.251894
8.65	0.0384192616	0.00911381853	0.160180595	-0.148780006	0.557481763	0.468833251	-1.97695567	0.301381622	0.0934975354	0.00444269549	16.975172
8.66	0.0404862711	0.00916702465	0.160190658	-0.14889729	0.556782698	0.490281748	-1.85291964	0.301273233	0.111158372	0.00474026804	19.611398
8.67	0.0430631943	0.00918075059	0.160181731	-0.149016237	0.556160126	0.488611596	-1.73270206	0.301054522	0.0351037745	0.00496938475	16.231473
8.68	0.0461210078	0.00914789389	0.160147851	-0.149121087	0.555682285	0.452828157	-1.62828753	0.300708002	0.0948096745	0.00510525345	19.039807
8.69	0.0495923765	0.00907203399	0.160074332	-0.149203849	0.555346393	0.37530083	-1.54157068	0.300257771	0.0855082857	0.00505939032	19.258944
8.7	0.0532741138	0.00905834569	0.160016317	-0.149344568	0.554577607	0.424593972	-1.36302254	0.300071573	0.111022869	0.00485538734	18.266569
8.71	0.0571503828	0.00897163656	0.159960173	-0.149451793	0.554013626	0.42092855	-1.21799724	0.299875158	0.0941072026	0.00537414317	18.240814
8.72	0.0609470149	0.00888218987	0.159949015	-0.149547433	0.55352409	0.431622893	-1.07962094	0.299722978	0.105240313	0.00542419481	21.168577
8.73	0.0644738808	0.00881610853	0.159977135	-0.149634973	0.553122971	0.480075293	-0.940847574	0.299624452	0.0724072243	0.00547351709	22.171348
8.74	0.0675788103	0.00879810185	0.160052417	-0.149713991	0.552724151	0.56307775	-0.805201974	0.29956988	0.0504874556	0.00557403136	19.83493
8.75	0.0701721104	0.00883033559	0.160207143	-0.149776977	0.552301054	0.661665584	-0.686398539	0.29953806	0.076157999	0.00569826804	18.511516
8.76	0.0721928158	0.00891004513	0.160447914	-0.149812017	0.551807228	0.750282433	-0.59895764	0.299519383	0.0740747246	0.00578898725	17.674602
8.77	0.0736150906	0.00903785789	0.160770537	-0.149818481	0.551250218	0.829749764	-0.541494138	0.299519522	0.0338127855	0.00577803779	18.262751
8.78	0.074491201	0.00918670403	0.161121405	-0.149778268	0.551021045	0.863792667	-0.498387576	0.299498277	0.0556633326	0.00572011842	20.133231
8.79	0.0748327025	0.00936973341	0.161491461	-0.149698525	0.551007804	0.879005607	-0.461087877	0.299478566	0.0371312838	0.00571630575	25.770348
8.8	0.0746826791	0.00958465389	0.161880099	-0.14957013	0.551134188	0.864721424	-0.434499593	0.299450194	0.0648103271	0.00578545453	23.295338
8.81	0.0740346671	0.00990887404	0.162248344	-0.149415591	0.550680983	0.837731366	-0.40282172	0.299494482	0.0797829515	0.00585808082	18.74808
8.82	0.073176987	0.0102272609	0.162531873	-0.149191377	0.550705598	0.775052534	-0.404359088	0.29932162	0.0697062305	0.00586998916	18.475355
8.83	0.0721991886	0.010486811	0.162703938	-0.148900937	0.551132919	0.667548878	-0.404630675	0.299232008	0.0849189533	0.00565638208	16.677742
8.84	0.0711060396	0.0107120536	0.162750469	-0.148553879	0.551925389	0.536349586	-0.37997276	0.29924139	0.0850230325	0.00544765074	18.401605
8.85	0.0698704653	0.0109101501	0.162722799	-0.148133795	0.552752504	0.376028265	-0.364649094	0.299307258	0.0971453683	0.00534156342	17.912085
8.86	0.0684613867	0.0111025114	0.162672239	-0.147656124	0.553404837	0.210186152	-0.371786499	0.299397356	0.121759177	0.0050849291	19.483437
8.87	0.0668690131	0.0113199191	0.162579156	-0.147153773	0.553802904	0.0755107682	-0.374238586	0.299548932	0.128219969	0.00465162403	19.548824
8.88	0.0651161511	0.01156304	0.162491228	-0.146651514	0.553913282	-0.0223665196	-0.393364292	0.299666983	0.120691977	0.00412785787	17.095088
8.89	0.0632482324	0.011817731	0.162399692	-0.146163872	0.553838586	-0.0777318169	-0.433514787	0.299707368	0.125259116	0.00354476907	18.533161
8.9	0.0613143264	0.0120644836	0.162292202	-0.145699039	0.55367604	-0.0833643615	-0.496272011	0.299648609	0.119993054	0.00305571395	18.605368
8.91	0.0593318899	0.0122939329	0.162180634	-0.145258621	0.553312843	-0.0516900473	-0.583331231	0.299551613	0.109972748	0.00291743105	20.172196
8.92	0.0573057115	0.012487597	0.162100987	-0.144824521	0.552700125	-0.0160880228	-0.685388917	0.29953088	0.0700679056	0.0032382241	17.729694
8.93	0.0552119192	0.0126303551	0.16208138	-0.144395568	0.551906972	0.0236839023	-0.816127182	0.299542573	0.0821327759	0.00358173133	17.240304
8.94	0.0529850625	0.0127192739	0.162108307	-0.143983479	0.550996963	0.0774843039	-0.98145086	0.299569368	0.0796097123	0.00397599309	18.049946
8.95	0.0505536846	0.012786717	0.162145656	-0.14358996	0.550004211	0.134082837	-1.16413994	0.299636214	0.0871647095	0.00457066124	18.184266
8.96	0.0478877455	0.0128311927	0.162166286	-0.143230367	0.548976217	0.21414184	-1.37185354	0.299701399	0.122422498	0.00525273295	17.026638
8.97	0.0449639708	0.0128693938	0.162159267	-0.142899059	0.547953579	0.300465075	-1.59793938	0.299760397	0.0915007539	0.0062197213	18.064494
8.98	0.0418310271	0.0130615827	0.162192763	-0.142484982	0.546523135	0.268236877	-1.75049381	0.30003182	0.109019639	0.00732021954	19.581771
8.99	0.0388933108	0.0132635787	0.162126148	-0.142074845	0.54535391	0.243210855	-1.87918425	0.300137598	0.0943641533	0.00681132798	18.716481
9	0.0364123561	0.0135290822	0.161813579	-0.141791836	0.544986798	0.392313254	-1.8122723	0.300335085	0.0763162015	0.00659704162	17.329606
9.01	0.0346304422	0.0137369808	0.16129867	-0.141677421	0.545007354	0.590235914	-1.74456765	0.300274442	0.072593833	0.00541621575	19.490038
9.02	0.0337144689	0.0138156125	0.16063189	-0.141625264	0.545810426	0.70672942	-1.63088209	0.300180754	0.0742717729	0.00551682312	20.039767
9.03	0.0336685138	0.0137441353	0.159876392	-0.14162988	0.547185459	0.763676461	-1.51212994	0.299974686	0.0636323842	0.00536096936	20.415774
9.04	0.0343457753	0.013446674	0.159135333	-0.141698894	0.549023407	0.774391615	-1.42224887	0.299766241	0.0789854726	0.00528951139	18.97486
9.05	0.0353793007	0.0129923878	0.158431431	-0.141855851	0.55111208	0.76612503	-1.36409513	0.299604415	0.0632092452	0.00506860961	16.566374
9.06	0.0364134366	0.0124772639	0.157713788	-0.142117426	0.553385569	0.76078704	-1.3122837	0.299519001	0.0606068911	0.00494200789	20.057918
9.07	0.0371783593	0.011931194	0.156990313	-0.142489048	0.555794338	0.740493858	-1.28998904	0.299475484	0.0919486083	0.00513802802	18.717372
9.08	0.0374414161	0.0114532158	0.156333038	-0.142901538	0.558003706	0.641249111	-1.28061558	0.29956097	0.0487649039	0.00586439168	18.752279
9.09	0.0371140359	0.0110133895	0.155691301	-0.143392678	0.560176447	0.525810485	-1.32379644	0.299587555	0.0582544404	0.00626956409	18.204397
9.1	0.0360840573	0.0107333388	0.155083853	-0.143921025	0.561871374	0.360580277	-1.36693579	0.299701346	0.16083759	0.00720242475	17.715761
9.11	0.0344898889	0.0106032091	0.154494628	-0.144483367	0.563207877	0.174886169	-1.39603768	0.299833549	0.102490126	0.0075890563	15.839943
9.12	0.0325215391	0.0106015948	0.153953624	-0.145068188	0.564120787	-0.0147810545	-1.42146974	0.299923113	0.16292909	0.00748302571	17.954586
9.13	0.0303994229	0.0107084512	0.153495419	-0.145693012	0.564698598	-0.171602906	-1.42978887	0.2999459	0.137231824	0.00713325189	15.82171
9.14	0.0283733068	0.0109128257	0.153051221	-0.146357716	0.565022823	-0.278970817	-1.39347168	0.299904961	0.102900754	0.00648340968	21.225744
9.15	0.026736527	0.0111789041	0.152663594	-0.147048867	0.565004575	-0.353711648	-1.34456699	0.299718614	0.123277308	0.00557440555	17.668961
9.16	0.0257336076	0.0114179259	0.152358375	-0.147769265	0.564671726	-0.3876765	-1.29220541	0.299500722	0.0625583693	0.0048084478	19.200899
9.17	0.0254724854	0.0115929042	0.152149129	-0.148502101	0.564078389	-0.399531819	-1.25570404	0.299248029	0.0555580315	0.00425758306	19.323782
9.18	0.0259555154	0.0117148271	0.152017997	-0.149253802	0.563302467	-0.357763638	-1.21255762	0.298988896	0.102035139	0.00387051897	18.614742
9.19	0.0271346925	0.0117870622	0.151968051	-0.150021804	0.562317174	-0.270446116	-1.16903298	0.298724808	0.110353228	0.00343752257	19.420294
9.2	0.0288946955	0.0118156669	0.152001858	-0.150804351	0.561159793	-0.128411698	-1.12515448	0.298468224	0.0987152197	0.00303598694	19.406257
9.21	0.031062697	0.0118191861	0.152091815	-0.151585525	0.559812949	0.0700317893	-1.08010126	0.298233491	0.136707175	0.00269489183	19.04381
9.22	0.0334548831	0.0117958225	0.152246538	-0.152359388	0.558277357	0.298308633	-1.05409451	0.29801896	0.108383774	0.00253683634	18.682667
9.23	0.0358652509	0.0117753856	0.152474385	-0.153132828	0.556481216	0.546754496	-1.0491082	0.297840009	0.0953025058	0.0025869767	20.095646
9.24	0.0381355015	0.0117778189	0.152785715	-0.153910741	0.554398361	0.821506768	-1.063391	0.297707272	0.0739625534	0.0027477941	17.078933
9.25	0.0401501557	0.0117453696	0.153218069	-0.154676831	0.552126888	1.04731344	-1.14612827	0.297603018	0.155714666	0.00292547966	18.96821
9.26	0.0417249974	0.0117135838	0.15373344	-0.155418234	0.549625508	1.23200143	-1.27939305	0.29756883	0.0691027186	0.0031824819	18.914537
9.27	0.0429336934	0.0117359705	0.154141361	-0.156012547	0.547647958	1.1505423	-1.29369725	0.297817021	0.0488363897	0.0035462689	18.533023
9.28	0.0440325749	0.0119232996	0.154442658	-0.156601068	0.545891003	1.15312438	-1.17163405	0.298009526	0.0411557247	0.00265901049	16.745493
9.29	0.0454183239	0.0120842752	0.154655856	-0.1570304	0.544547001	0.978658435	-1.11843488	0.297750326	0.055844279	0.00273609745	18.371856
9.3	0.0473075263	0.0121167423	0.154795972	-0.157373713	0.543900124	0.817673834	-1.04129465	0.297544713	0.0572057943	0.00308272165	16.938967
9.31	0.049558539	0.0120257377	0.154840447	-0.157659677	0.543864272	0.679476355	-0.951982047	0.29740849	0.088973722	0.00390022303	17.595771
9.32	0.0519540803	0.0118311808	0.154807242	-0.157898342	0.544334319	0.556032127	-0.865959365	0.29734372	0.0635053807	0.00427541384	19.18363
9.33	0.0542878377	0.0115832314	0.154681625	-0.158081316	0.545321455	0.41198137	-0.761345685	0.297363967	0.0772050134	0.00418807905	18.899671
9.34	0.0564060228	0.0113175896	0.154472738	-0.158217262	0.546784552	0.271573401	-0.63144868	0.297447564	0.0554088074	0.00417314166	17.217048
9.35	0.0580927528	0.0110421516	0.154283072	-0.158327927	0.548228089	0.157975133	-0.553534165	0.297502867	0.188945868	0.00430505869	17.927295
9.36	0.0591505571	0.0108134747	0.154162636	-0.158405669	0.5494377	0.0648773889	-0.518167063	0.297575986	0.0967244394	0.00378212992	17.631324
9.37	0.0595173041	0.0107444786	0.154145857	-0.15841488	0.549935832	-0.0400270514	-0.457547674	0.297835502	0.126674604	0.00312675588	17.284106
9.38	0.0593665653	0.0107600397	0.154231002	-0.158442074	0.550026976	-0.098686127	-0.438760099	0.297975137	0.0916948558	0.00324844643	19.097109
9.39	0.0587683673	0.0108518708	0.154402677	-0.158500656	0.54970703	-0.115049298	-0.458858628	0.298029754	0.0800054505	0.00284944413	17.022447
9.4	0.0578097851	0.0110155877	0.15466862	-0.158593979	0.54893829	-0.103482662	-0.515282948	0.298030384	0.110438738	0.0021592836	17.254062
9.41	0.0566046167	0.0112324845	0.155028274	-0.158726317	0.547783561	-0.0857828279	-0.605302013	0.297985039	0.0935010276	0.00149088691	17.735443
9.42	0.0552416134	0.011475195	0.155484779	-0.158901568	0.546300643	-0.0625072034	-0.735593985	0.297880425	0.0775648151	0.00122646262	18.652412
9.43	0.0537596143	0.0117346179	0.156001205	-0.15912641	0.544510934	-0.039150198	-0.897896529	0.297752978	0.134432756	0.00153203415	18.649861
9.44	0.0522034877	0.0120168599	0.156559516	-0.159378604	0.542458715	-0.0516514507	-1.0729834	0.297640542	0.12886484	0.00217163086	19.888081
9.45	0.0506065828	0.0122917493	0.157241648	-0.159658944	0.540050356	-0.105616395	-1.29812784	0.297495565	0.136488476	0.00277055276	17.828186
9.46	0.0489403592	0.0125441142	0.158028191	-0.159982087	0.537375346	-0.175426766	-1.57794777	0.297297317	0.0837907882	0.00339594231	18.860746
9.47	0.0471562422	0.0127880352	0.158861355	-0.16034945	0.534553091	-0.268181697	-1.88938984	0.297074532	0.12154041	0.00425559825	19.881694
9.48	0.045357875	0.0131551876	0.159456769	-0.160860606	0.532452363	-0.178428778	-1.98217666	0.297002946	0.096949751	0.00524934975	18.185012
9.49	0.0438452303	0.0136012075	0.159859392	-0.16152539	0.530883597	0.0305262197	-1.90161514	0.296997219	0.0872650586	0.00504102235	18.041053
9.5	0.0429405185	0.0139576507	0.16001517	-0.162254098	0.530138415	0.31214086	-1.84121566	0.296550562	0.0501637874	0.004659783	19.903777
9.51	0.0427731835	0.0142057801	0.159931629	-0.162921038	0.53005556	0.401451843	-1.63536176	0.296651423	0.0633577429	0.00525496032	18.623806
9.52	0.0433853938	0.0143122096	0.159696391	-0.16363903	0.530923131	0.514096377	-1.42938411	0.296441191	0.0691187685	0.00470592151	16.797758
9.53	0.0446936758	0.0142680905	0.159368698	-0.164441062	0.532571925	0.648777089	-1.25229452	0.295958227	0.0570616122	0.00474212298	18.033099
9.54	0.0464815577	0.0139569619	0.159042968	-0.165278882	0.53475255	0.734265162	-1.15439919	0.295501426	0.122166251	0.00470737776	17.595302
9.55	0.0482720295	0.013452376	0.158748896	-0.166151672	0.537259516	0.755213737	-1.13471453	0.295173586	0.0711932525	0.00393221051	16.36535
9.56	0.0495890855	0.012881484	0.158539909	-0.167043929	0.539886237	0.699004579	-1.17279425	0.295008494	0.0730838784	0.00315865778	17.770752
9.57	0.0500675482	0.0123419223	0.15838874	-0.16795306	0.54258767	0.589962823	-1.2442552	0.29497953	0.0305551842	0.00342962654	16.869319
9.58	0.0494950804	0.0119166924	0.158255974	-0.168859628	0.545370123	0.441056091	-1.31477534	0.29505415	0.0457737587	0.00445483474	18.461263
9.59	0.0477758397	0.0117354998	0.15821569	-0.169834421	0.547719508	0.332728585	-1.34412306	0.295185984	0.0693543287	0.00526338841	17.208534
9.6	0.0451837875	0.0116861991	0.15822086	-0.17079117	0.549911421	0.180112718	-1.39792913	0.29529086	0.164993915	0.00535136311	17.989472
9.61	0.0419278519	0.0117896438	0.158166943	-0.171717279	0.551880927	-0.00792153542	-1.44249851	0.295385724	0.158466269	0.00501167339	19.849888
9.62	0.0383095866	0.0120217903	0.158109396	-0.172634445	0.553571954	-0.192186574	-1.4805732	0.295429171	0.118224742	0.00428028879	19.66818
9.63	0.0346777962	0.0123932214	0.158002811	-0.173547721	0.555059476	-0.33567056	-1.49721238	0.2952702	0.0942145988	0.00343109533	16.512245
9.64	0.0313879324	0.0127747926	0.157879039	-0.174459653	0.556289425	-0.444056372	-1.49385092	0.29514087	0.106282582	0.00272424016	16.649948
9.65	0.0285950911	0.0131470769	0.157705964	-0.175369348	0.557237079	-0.521160532	-1.46362393	0.295065589	0.0958994119	0.00253463477	15.940247
9.66	0.0264151661	0.0134954077	0.157550822	-0.176293163	0.557829739	-0.552959718	-1.42193141	0.295003249	0.0911770795	0.0024293446	18.157985
9.67	0.0249572819	0.013817348	0.157422972	-0.177232572	0.558067406	-0.561853036	-1.37354062	0.294927734	0.060255958	0.0022887232	16.035756
9.68	0.0243431429	0.0140984908	0.157333778	-0.178192191	0.558059988	-0.558919269	-1.33697499	0.294751807	0.112460672	0.00208968215	17.967918
9.69	0.0246170302	0.0142878789	0.157297871	-0.179158213	0.557819388	-0.557349189	-1.33392552	0.294529617	0.100045347	0.00206330994	17.036681
9.7	0.0256582574	0.0143833428	0.157317353	-0.180119783	0.557362879	-0.569436111	-1.36412225	0.294325105	0.101496165	0.0020544971	17.767276
9.71	0.0272498342	0.014414451	0.157359899	-0.181070722	0.556680416	-0.597258387	-1.41394771	0.294188641	0.155720129	0.00209772747	18.840384
9.72	0.0291506458	0.0143849728	0.157449129	-0.181994812	0.55571064	-0.650875674	-1.50750572	0.29411309	0.130101819	0.00234773387	17.284553
9.73	0.0311022111	0.0143147008	0.157597	-0.182891074	0.55444982	-0.729105128	-1.6518802	0.294108941	0.108080616	0.00299891909	17.423398
9.74	0.0328685001	0.0142308486	0.157801927	-0.183751482	0.552866396	-0.840021451	-1.85058996	0.294185025	0.0905463984	0.00397276296	18.680704
9.75	0.0344027746	0.0142385714	0.157917627	-0.184447145	0.551667134	-1.10991606	-1.93304279	0.294520293	0.0734896444	0.0051381897	21.228055
9.76	0.0358897838	0.0143076256	0.157994096	-0.184991892	0.550648075	-1.47472992	-1.95875866	0.294895883	0.0752863624	0.0047168542	18.124568
9.77	0.037516022	0.0143172831	0.157922318	-0.185411909	0.550222156	-1.74510888	-1.99625769	0.295013087	0.0714261277	0.0043496453	18.366545
9.78	0.0391604571	0.0143787726	0.157818826	-0.185763616	0.549619539	-1.9453198	-1.9993816	0.295152729	0.0591756901	0.00442321572	17.831158
9.79	0.0408983215	0.0143790014	0.157650372	-0.185997808	0.549502823	-2.10156324	-2.00423974	0.295203251	0.0764289434	0.00435797224	19.449183
9.8	0.0426602698	0.0143271563	0.157425323	-0.186127651	0.549748568	-2.22150556	-1.98991541	0.295264384	0.0798094103	0.00427683874	18.842037
9.81	0.044333996	0.01419776	0.15718612	-0.18617626	0.550210735	-2.27140965	-1.99211401	0.295295833	0.0898830762	0.00415679721	18.475412
9.82	0.0457244429	0.0140129354	0.1569634	-0.186169574	0.550739608	-2.23525501	-2.01578478	0.295322931	0.0833847491	0.00392689043	16.772597
9.83	0.0466559714	0.0138275261	0.156707396	-0.18613314	0.551315571	-2.13519059	-2.02461818	0.295402452	0.102399953	0.00378707973	18.727848
9.84	0.0470457977	0.0136478634	0.15640592	-0.186075221	0.552003563	-2.00354467	-2.01982973	0.295510015	0.0699408034	0.00378643093	18.613067
9.85	0.0468584873	0.0134865806	0.156019783	-0.186002565	0.552817835	-1.87423634	-1.99111159	0.295656496	0.107495646	0.003860837	18.64083
9.86	0.0461266266	0.0133227386	0.155581853	-0.185920083	0.553735665	-1.74047561	-1.96122686	0.295795758	0.117519257	0.00387660492	17.31906
9.87	0.0447937946	0.013122327	0.155153541	-0.185877919	0.554110279	-1.47674375	-2.0330049	0.295832852	0.108434573	0.00402687773	19.127832
9.88	0.0428498292	0.012953018	0.154660485	-0.185831422	0.554712472	-1.23969644	-2.0609679	0.295984205	0.110661839	0.00587753623	16.789538
9.89	0.0404362563	0.0128110505	0.154120494	-0.185778341	0.555375902	-1.04688037	-2.04408411	0.296227684	0.139188204	0.00685245581	20.627077
9.9	0.037770733	0.0126816665	0.153541992	-0.185719307	0.556136318	-0.891067108	-1.98756159	0.296494511	0.0672356193	0.0069656455	19.181064
9.91	0.0350840749	0.0125504761	0.152956558	-0.185656213	0.556909352	-0.751004607	-1.91708744	0.296717541	0.0983149494	0.00650837921	18.024688
9.92	0.0326150795	0.0124078965	0.152330311	-0.185583806	0.557778595	-0.619805455	-1.82078046	0.2969205	0.0607551146	0.00596564046	19.518633
9.93	0.0305892839	0.01224938	0.151672537	-0.185497428	0.558654825	-0.503141782	-1.70255208	0.297124336	0.118967743	0.00535011658	18.497881
9.94	0.0292094627	0.0120681345	0.151028471	-0.18540309	0.559397608	-0.397118813	-1.57899121	0.297329196	0.0768345756	0.00470450728	16.515081
9.95	0.0286196485	0.0118538064	0.150401154	-0.185305421	0.560034651	-0.325699575	-1.45751744	0.297530009	0.0903370941	0.0041382955	19.306547
9.96	0.0288511489	0.0115980258	0.149841433	-0.185207314	0.560502372	-0.260616555	-1.35891785	0.297698373	0.11428508	0.0036543742	18.99718
9.97	0.029785894	0.0113117609	0.149405121	-0.185108717	0.560710418	-0.214937802	-1.29009932	0.297856927	0.107958373	0.003362019	17.632386
9.98	0.0312231833	0.0110031873	0.149126098	-0.185018767	0.560601197	-0.18507557	-1.26466451	0.297993705	0.0883337582	0.00304989086	19.072113
9.99	0.0329091622	0.01068236	0.149010002	-0.184943785	0.560199137	-0.163977379	-1.28879975	0.298099226	0.069967527	0.00283022915	20.322972
10	0.0345759929	0.0103710275	0.149050016	-0.18489115	0.559534563	-0.141268157	-1.35875635	0.298174207	0.0765677168	0.00286768734	19.022109
